label,source,dataset,sample_number,filename,filepath,file_size,filename_length,extension_count,has_double_extension,has_uppercase_extension,has_unicode_control_char,special_char_ratio,extension_category,is_executable_extension,is_script_extension,is_macro_document,is_archive_extension,is_unknown_extension,magic_bytes_known,magic_bytes_valid,extension_mime_mismatch,has_content_type,claimed_mime_mismatch,embedded_file_signature_count,byte_entropy,header_entropy,printable_ratio,null_byte_ratio,unique_byte_count,url_count,ip_address_count,base64_candidate_count,suspicious_command_count,execution_api_count,network_api_count,obfuscation_pattern_count,suspicious_string_count,archive_entry_count,executable_entry_count,script_entry_count,archive_depth,compression_ratio,archive_bomb_suspected
0,benign,image_anomaly_benign,1,aditbendoth-balinese-temple-10392196_1920.jpg,data/raw/image_anomaly/benign/aditbendoth-balinese-temple-10392196_1920.jpg,545260,45,1,0,0,0,0.1111111111111111,image,0,0,0,0,0,1,1,0,0,0,7,7.987425253585972,7.91767938338286,0.3754942596192642,0.007770604849062833,256,0,0,0,0,0,0,0,0,0,0,0,0,0.0,0
0,anigif_60030,image_anomaly_benign,2,foreversolo-20230708-160738-000.gif,data/raw/image_anomaly/benign/anigif_60030/foreversolo-20230708-160738-000.gif,360818,35,1,0,0,0,0.11428571428571428,image,0,0,0,0,0,1,1,0,0,0,5,7.7023531740644495,5.277114648336088,0.355708418094441,0.07967451734669556,256,0,0,0,0,0,0,0,0,0,0,0,0,0.0,0
0,anigif_60030,image_anomaly_benign,3,latale-20230627-163555-000.gif,data/raw/image_anomaly/benign/anigif_60030/latale-20230627-163555-000.gif,5193290,30,1,0,0,0,0.13333333333333333,image,0,0,0,0,0,1,1,0,0,0,70,7.912188184145245,5.726409765557392,0.3683414559941771,0.02007243962882874,256,0,0,0,3,0,0,0,3,0,0,0,0,0.0,0
0,anigif_60030,image_anomaly_benign,4,latale-20230712-171319-000.gif,data/raw/image_anomaly/benign/anigif_60030/latale-20230712-171319-000.gif,6105522,30,1,0,0,0,0.13333333333333333,image,0,0,0,0,0,1,1,0,0,0,102,7.987820689287891,5.75,0.3745630594730475,0.005099645861565973,256,0,0,0,0,0,0,0,0,0,0,0,0,0.0,0
0,anigif_60030,image_anomaly_benign,5,mi$stback-20230708-162455-000.gif,data/raw/image_anomaly/benign/anigif_60030/mi$stback-20230708-162455-000.gif,14537054,33,1,0,0,0,0.15151515151515152,image,0,0,0,0,0,1,1,0,0,0,242,7.967577154659759,4.845714015923012,0.3723757922341074,0.007615298120238117,256,0,0,0,2,0,0,0,2,0,0,0,0,0.0,0
0,anigif_60030,image_anomaly_benign,6,singlebungle1472-20230608-122728-000.gif,data/raw/image_anomaly/benign/anigif_60030/singlebungle1472-20230608-122728-000.gif,4916990,40,1,0,0,0,0.1,image,0,0,0,0,0,1,1,0,0,0,96,7.971489114756827,3.0846858395523435,0.38015310179601747,0.007515166799200324,256,0,0,0,0,0,0,0,0,0,0,0,0,0.0,0
0,anigif_60030,image_anomaly_benign,7,singlebungle1472-20230611-232114-008.gif,data/raw/image_anomaly/benign/anigif_60030/singlebungle1472-20230611-232114-008.gif,9296405,40,1,0,0,0,0.1,image,0,0,0,0,0,1,1,0,0,0,128,7.929668378403069,4.762107315396907,0.37559680328040784,0.008605261926518906,256,0,0,0,1,0,0,0,1,0,0,0,0,0.0,0
0,anigif_60030,image_anomaly_benign,8,singlebungle1472-20230613-134504-000.gif,data/raw/image_anomaly/benign/anigif_60030/singlebungle1472-20230613-134504-000.gif,4026415,40,1,0,0,0,0.1,image,0,0,0,0,0,1,1,0,0,0,55,7.978647882303689,5.589614648336088,0.36838179869685567,0.007506926136525917,256,0,0,0,1,0,0,0,1,0,0,0,0,0.0,0
0,anigif_60030,image_anomaly_benign,9,singlebungle1472-20230617-172450-000.gif,data/raw/image_anomaly/benign/anigif_60030/singlebungle1472-20230617-172450-000.gif,4567129,40,1,0,0,0,0.1,image,0,0,0,0,0,1,1,0,0,0,72,7.975698370485544,5.061595993578595,0.3693131943503238,0.0073521023820435115,256,0,0,0,0,0,0,0,0,0,0,0,0,0.0,0
0,anigif_60030,image_anomaly_benign,10,singlebungle1472-20230626-074011-000.gif,data/raw/image_anomaly/benign/anigif_60030/singlebungle1472-20230626-074011-000.gif,1336778,40,1,0,0,0,0.1,image,0,0,0,0,0,1,1,0,0,0,149,7.97500421699932,4.289609031522994,0.3588733506984705,0.009103979868010993,256,0,0,0,0,0,0,0,0,0,0,0,0,0.0,0
0,anigif_60030,image_anomaly_benign,11,singlebungle1472-20230629-064354-000.gif,data/raw/image_anomaly/benign/anigif_60030/singlebungle1472-20230629-064354-000.gif,5059287,40,1,0,0,0,0.1,image,0,0,0,0,0,1,1,0,0,0,82,7.963477530667507,5.382659765557392,0.37773069604471937,0.007036169325835834,256,0,0,0,2,0,0,0,2,0,0,0,0,0.0,0
0,anigif_60030,image_anomaly_benign,12,singlebungle1472-20230629-064458-000.gif,data/raw/image_anomaly/benign/anigif_60030/singlebungle1472-20230629-064458-000.gif,8558818,40,1,0,0,0,0.1,image,0,0,0,0,0,1,1,0,0,0,122,7.948134984747283,5.6875,0.3779746221966631,0.010782914182776174,256,0,0,0,2,0,0,0,2,0,0,0,0,0.0,0
0,anigif_60030,image_anomaly_benign,13,singlebungle1472-20230629-081950-000.gif,data/raw/image_anomaly/benign/anigif_60030/singlebungle1472-20230629-081950-000.gif,3998056,40,1,0,0,0,0.1,image,0,0,0,0,0,1,1,0,0,0,40,7.8919470013036355,5.063810203736037,0.3660739119211937,0.0202503416660497,256,0,0,0,1,0,0,0,1,0,0,0,0,0.0,0
0,anigif_60030,image_anomaly_benign,14,singlebungle1472-20230702-061727-004.gif,data/raw/image_anomaly/benign/anigif_60030/singlebungle1472-20230702-061727-004.gif,9775477,40,1,0,0,0,0.1,image,0,0,0,0,0,1,1,0,0,0,99,7.837917194668197,5.275554250365621,0.36298770893737464,0.02437466734359868,256,0,0,0,1,0,0,0,1,0,0,0,0,0.0,0
0,anigif_60030,image_anomaly_benign,15,singlebungle1472-20230702-183629-000.gif,data/raw/image_anomaly/benign/anigif_60030/singlebungle1472-20230702-183629-000.gif,13500854,40,1,0,0,0,0.1,image,0,0,0,0,0,1,1,0,0,0,172,7.9337413347352195,4.742652432618211,0.37296966547449517,0.015351843668556077,256,0,0,0,1,0,0,0,1,0,0,0,0,0.0,0
0,anigif_60030,image_anomaly_benign,16,singlebungle1472-20230705-165150-000.gif,data/raw/image_anomaly/benign/anigif_60030/singlebungle1472-20230705-165150-000.gif,9753447,40,1,0,0,0,0.1,image,0,0,0,0,0,1,1,0,0,0,86,7.8928508083730575,5.644454882778696,0.3640275074032801,0.010125548434312506,256,0,0,0,1,0,0,0,1,0,0,0,0,0.0,0
0,anigif_60030,image_anomaly_benign,17,singlebungle1472-20230709-114347-000.gif,data/raw/image_anomaly/benign/anigif_60030/singlebungle1472-20230709-114347-000.gif,3022862,40,1,0,0,0,0.1,image,0,0,0,0,0,1,1,0,0,0,24,7.942423558561479,5.644454882778696,0.37357543943454913,0.013121339975162611,256,0,0,0,1,0,0,0,1,0,0,0,0,0.0,0
0,anigif_60030,image_anomaly_benign,18,singlebungle1472-20230710-172435-001.gif,data/raw/image_anomaly/benign/anigif_60030/singlebungle1472-20230710-172435-001.gif,6401399,40,1,0,0,0,0.1,image,0,0,0,0,0,1,1,0,0,0,111,7.963767443548728,3.9132988277869583,0.37632101982707217,0.011156779947633323,256,0,0,0,0,0,0,0,0,0,0,0,0,0.0,0
0,anigif_60030,image_anomaly_benign,19,singlebungle1472-20230712-024843-000.gif,data/raw/image_anomaly/benign/anigif_60030/singlebungle1472-20230712-024843-000.gif,13155692,40,1,0,0,0,0.1,image,0,0,0,0,0,1,1,0,0,0,210,7.961254153198726,4.965018266288633,0.37592792534212566,0.00826205113345615,256,0,0,0,2,0,0,0,2,0,0,0,0,0.0,0
0,anigif_60030,image_anomaly_benign,20,singlebungle1472-20230713-115518-000.gif,data/raw/image_anomaly/benign/anigif_60030/singlebungle1472-20230713-115518-000.gif,11620878,40,1,0,0,0,0.1,image,0,0,0,0,0,1,1,0,0,0,189,7.962830023853165,3.0491309795353643,0.3816417313734814,0.007352542553153041,256,0,0,0,2,0,0,0,2,0,0,0,0,0.0,0
0,anigif_60030,image_anomaly_benign,21,singlebungle1472-20230713-134805-002.gif,data/raw/image_anomaly/benign/anigif_60030/singlebungle1472-20230713-134805-002.gif,2259244,40,1,0,0,0,0.1,image,0,0,0,0,0,1,1,0,0,0,36,7.931284866888688,5.538909765557392,0.3746076121038719,0.012078376660511215,256,0,0,0,0,0,0,0,0,0,0,0,0,0.0,0
0,anigif_60030,image_anomaly_benign,22,singlebungle1472-20230716-055224-000.gif,data/raw/image_anomaly/benign/anigif_60030/singlebungle1472-20230716-055224-000.gif,11087035,40,1,0,0,0,0.1,image,0,0,0,0,0,1,1,0,0,0,181,7.940962349952638,5.115168898701708,0.36794544258225936,0.015114320465300236,256,0,0,0,1,0,0,0,1,0,0,0,0,0.0,0
0,anigif_60030,image_anomaly_benign,23,singlebungle1472-20230718-191744-000.gif,data/raw/image_anomaly/benign/anigif_60030/singlebungle1472-20230718-191744-000.gif,17800701,40,1,0,0,0,0.1,image,0,0,0,0,0,1,1,0,0,0,286,7.968748702778722,5.52555425036562,0.3821026486541176,0.005527647478602107,256,0,0,0,2,0,0,0,2,0,0,0,0,0.0,0
0,anigif_60030,image_anomaly_benign,24,singlebungle1472-20230726-221035-000.gif,data/raw/image_anomaly/benign/anigif_60030/singlebungle1472-20230726-221035-000.gif,10044720,40,1,0,0,0,0.1,image,0,0,0,0,0,1,1,0,0,0,209,7.995817757496518,5.06602441389348,0.3759180942823692,0.0036450991167498946,256,0,0,0,1,0,0,0,1,0,0,0,0,0.0,0
0,anigif_60030,image_anomaly_benign,25,singlebungle1472-20230728-031325-000.gif,data/raw/image_anomaly/benign/anigif_60030/singlebungle1472-20230728-031325-000.gif,20185748,40,1,0,0,0,0.1,image,0,0,0,0,0,1,1,0,0,0,264,7.922693177643053,5.208918898701708,0.37589139624650025,0.0073486996865313094,256,0,0,0,2,0,0,0,2,0,0,0,0,0.0,0
0,anigif_60030,image_anomaly_benign,26,singlebungle1472-20230802-081058-000.gif,data/raw/image_anomaly/benign/anigif_60030/singlebungle1472-20230802-081058-000.gif,8069354,40,1,0,0,0,0.1,image,0,0,0,0,0,1,1,0,0,0,149,7.996502081512119,5.120864648336088,0.36720808134083593,0.003745652997749262,256,1,0,0,1,0,0,0,1,0,0,0,0,0.0,0
0,anigif_60030,image_anomaly_benign,27,singlebungle1472-20230805-053838-000.gif,data/raw/image_anomaly/benign/anigif_60030/singlebungle1472-20230805-053838-000.gif,3143277,40,1,0,0,0,0.1,image,0,0,0,0,0,1,1,0,0,0,50,7.981864794257114,5.695159765557392,0.3748909179814569,0.007902898790020733,256,0,0,0,0,0,0,0,0,0,0,0,0,0.0,0
0,anigif_60030,image_anomaly_benign,28,singlebungle1472-20230813-165337-000.gif,data/raw/image_anomaly/benign/anigif_60030/singlebungle1472-20230813-165337-000.gif,6542755,40,1,0,0,0,0.1,image,0,0,0,0,0,1,1,0,0,0,101,7.996344597864068,5.394454882778696,0.36973094667307577,0.005126128060732826,256,0,0,0,0,0,0,0,0,0,0,0,0,0.0,0
0,anigif_60030,image_anomaly_benign,29,singlebungle1472-20230903-195857-000.gif,data/raw/image_anomaly/benign/anigif_60030/singlebungle1472-20230903-195857-000.gif,14978530,40,1,0,0,0,0.1,image,0,0,0,0,0,1,1,0,0,0,204,7.903200210282476,5.6875,0.37285341084872814,0.018053974588961668,256,0,0,0,2,0,0,0,2,0,0,0,0,0.0,0
0,anigif_60030,image_anomaly_benign,30,singlebungle1472-20230925-191302-000.gif,data/raw/image_anomaly/benign/anigif_60030/singlebungle1472-20230925-191302-000.gif,20120824,40,1,0,0,0,0.1,image,0,0,0,0,0,1,1,0,0,0,184,7.7767210908858875,5.28477441389348,0.35932693412556066,0.02960654096472391,256,0,0,0,2,0,0,0,2,0,0,0,0,0.0,0
0,anigif_60030,image_anomaly_benign,31,singlebungle1472-20231007-170257-000.gif,data/raw/image_anomaly/benign/anigif_60030/singlebungle1472-20231007-170257-000.gif,15105270,40,1,0,0,0,0.1,image,0,0,0,0,0,1,1,0,0,0,251,7.976416109330637,5.103373781480404,0.3766627806057091,0.005593478302605647,256,0,0,4,5,0,0,4,9,0,0,0,0,0.0,0
0,anigif_60030,image_anomaly_benign,32,singlebungle1472-20231018-015144-000.gif,data/raw/image_anomaly/benign/anigif_60030/singlebungle1472-20231018-015144-000.gif,6469748,40,1,0,0,0,0.1,image,0,0,0,0,0,1,1,0,0,0,107,7.9936409435769855,3.6337169487584817,0.37204462986811854,0.0033260955449887692,256,0,0,1,0,0,0,1,1,0,0,0,0,0.0,0
0,anigif_60030,image_anomaly_benign,33,singlebungle1472-20231018-054923-000.gif,data/raw/image_anomaly/benign/anigif_60030/singlebungle1472-20231018-054923-000.gif,14328142,40,1,0,0,0,0.1,image,0,0,0,0,0,1,1,0,0,0,221,7.950649008851901,3.607389912208212,0.37974414268088635,0.006993858659413063,256,0,0,52,3,0,0,52,55,0,0,0,0,0.0,0
0,anigif_60030,image_anomaly_benign,34,singlebungle1472-20231019-060833-000.gif,data/raw/image_anomaly/benign/anigif_60030/singlebungle1472-20231019-060833-000.gif,7249966,40,1,0,0,0,0.1,image,0,0,0,0,0,1,1,0,0,0,128,7.984335166110335,1.3683927290103626,0.3785806719645306,0.0026280123244715905,256,0,0,0,0,0,0,0,0,0,0,0,0,0.0,0
0,anigif_60030,image_anomaly_benign,35,singlebungle1472-20231019-180050-000.gif,data/raw/image_anomaly/benign/anigif_60030/singlebungle1472-20231019-180050-000.gif,8995173,40,1,0,0,0,0.1,image,0,0,0,0,0,1,1,0,0,0,142,7.961266055432335,4.713457868318166,0.3688328173343637,0.009527554389448653,256,0,0,7,0,0,0,7,7,0,0,0,0,0.0,0
0,anigif_60030,image_anomaly_benign,36,singlebungle1472-20231021-132252-000.gif,data/raw/image_anomaly/benign/anigif_60030/singlebungle1472-20231021-132252-000.gif,2080251,40,1,0,0,0,0.1,image,0,0,0,0,0,1,1,0,0,0,41,7.986941747935387,5.34727441389348,0.3751859751539598,0.005526256206582763,256,0,0,0,0,0,0,0,0,0,0,0,0,0.0,0
0,anigif_60030,image_anomaly_benign,37,singlebungle1472-20231023-153700-000.gif,data/raw/image_anomaly/benign/anigif_60030/singlebungle1472-20231023-153700-000.gif,17803785,40,1,0,0,0,0.1,image,0,0,0,0,0,1,1,0,0,0,276,7.9401328426422735,4.896822516654254,0.3744792469691136,0.010764396447159971,256,0,0,0,1,0,0,0,1,0,0,0,0,0.0,0
0,anigif_60030,image_anomaly_benign,38,singlebungle1472-20231028-230103-000.gif,data/raw/image_anomaly/benign/anigif_60030/singlebungle1472-20231028-230103-000.gif,18220218,40,1,0,0,0,0.1,image,0,0,0,0,0,1,1,0,0,0,271,7.921634477504738,5.550704882778696,0.37560823915498703,0.01417551645101063,256,0,0,0,0,0,0,0,0,0,0,0,0,0.0,0
0,anigif_60030,image_anomaly_benign,39,singlebungle1472-20231128-171225-000.gif,data/raw/image_anomaly/benign/anigif_60030/singlebungle1472-20231128-171225-000.gif,4085205,40,1,0,0,0,0.1,image,0,0,0,0,0,1,1,0,0,0,45,7.859542083530277,5.03775298553947,0.3653919448350817,0.01454419056081641,256,0,0,0,3,0,0,0,3,0,0,0,0,0.0,0
0,anigif_60030,image_anomaly_benign,40,singlebungle1472-20231128-171229-001.gif,data/raw/image_anomaly/benign/anigif_60030/singlebungle1472-20231128-171229-001.gif,2614625,40,1,0,0,0,0.1,image,0,0,0,0,0,1,1,0,0,0,30,7.94513469943671,5.338054250365621,0.37002399961753596,0.006176411531290338,256,0,0,0,0,0,0,0,0,0,0,0,0,0.0,0
0,anigif_60030,image_anomaly_benign,41,singlebungle1472-20231205-181750-000.gif,data/raw/image_anomaly/benign/anigif_60030/singlebungle1472-20231205-181750-000.gif,15160987,40,1,0,0,0,0.1,image,0,0,0,0,0,1,1,0,0,0,231,7.914698557543883,5.613204882778696,0.37043966860468913,0.01668130181761913,256,0,0,0,2,0,0,0,2,0,0,0,0,0.0,0
0,anigif_60030,image_anomaly_benign,42,singlebungle1472-20231212-193427-000.gif,data/raw/image_anomaly/benign/anigif_60030/singlebungle1472-20231212-193427-000.gif,10251780,40,1,0,0,0,0.1,image,0,0,0,0,0,1,1,0,0,0,121,7.941995901998109,4.771418898701708,0.3635365760872746,0.012604932997001496,256,1,0,0,3,0,0,0,3,0,0,0,0,0.0,0
0,anigif_60030,image_anomaly_benign,43,singlebungle1472-20231230-081710-000-resize.gif,data/raw/image_anomaly/benign/anigif_60030/singlebungle1472-20231230-081710-000-resize.gif,10446726,47,1,0,0,0,0.10638297872340426,image,0,0,0,0,0,1,1,0,0,0,130,7.880554131519704,5.102719969293429,0.3724003099152787,0.018047281033311297,256,1,0,0,0,0,0,0,0,0,0,0,0,0.0,0
0,anigif_60030,image_anomaly_benign,44,singlebungle1472-20240103-145350-000-resize.gif,data/raw/image_anomaly/benign/anigif_60030/singlebungle1472-20240103-145350-000-resize.gif,14854846,47,1,0,0,0,0.10638297872340426,image,0,0,0,0,0,1,1,0,0,0,308,7.995088644044769,5.183364648336088,0.37119253878498637,0.005493560821835514,256,0,0,0,1,0,0,0,1,0,0,0,0,0.0,0
0,anigif_60030,image_anomaly_benign,45,singlebungle1472-20240105-052129-000-resize.gif,data/raw/image_anomaly/benign/anigif_60030/singlebungle1472-20240105-052129-000-resize.gif,16043815,47,1,0,0,0,0.10638297872340426,image,0,0,0,0,0,1,1,0,0,0,284,7.977195765240289,5.132659765557392,0.37259255357905835,0.005701823412947607,256,0,0,0,2,0,0,0,2,0,0,0,0,0.0,0
0,anigif_60030,image_anomaly_benign,46,singlebungle1472-20240215-112016-000.gif,data/raw/image_anomaly/benign/anigif_60030/singlebungle1472-20240215-112016-000.gif,4833677,40,1,0,0,0,0.1,image,0,0,0,0,0,1,1,0,0,0,52,7.95309960935977,5.263759133144316,0.36730112500276707,0.010672827332070388,256,0,0,0,1,0,0,0,1,0,0,0,0,0.0,0
0,anigif_60030,image_anomaly_benign,47,singlebungle1472-20240603-050730-000.gif,data/raw/image_anomaly/benign/anigif_60030/singlebungle1472-20240603-050730-000.gif,2248491,40,1,0,0,0,0.1,image,0,0,0,0,0,1,1,0,0,0,32,7.967546522568332,5.366729296672176,0.37222474984333936,0.006470117069625807,256,0,0,0,0,0,0,0,0,0,0,0,0,0.0,0
0,anigif_60030,image_anomaly_benign,48,singlebungle1472-20240603-054006-000.gif,data/raw/image_anomaly/benign/anigif_60030/singlebungle1472-20240603-054006-000.gif,5784786,40,1,0,0,0,0.1,image,0,0,0,0,0,1,1,0,0,0,72,7.958744506048748,5.197123781480403,0.3668763200574749,0.009706149890419456,256,0,0,0,2,0,0,0,2,0,0,0,0,0.0,0
0,anigif_60030,image_anomaly_benign,49,singlebungle1472-20240603-055606-000.gif,data/raw/image_anomaly/benign/anigif_60030/singlebungle1472-20240603-055606-000.gif,7474516,40,1,0,0,0,0.1,image,0,0,0,0,0,1,1,0,0,0,100,7.940785195327799,5.706954882778696,0.3667334446805653,0.00899242171667035,256,0,0,0,0,0,0,0,0,0,0,0,0,0.0,0
0,anigif_60030,image_anomaly_benign,50,singlebungle1472-20240603-060324-000.gif,data/raw/image_anomaly/benign/anigif_60030/singlebungle1472-20240603-060324-000.gif,4175165,40,1,0,0,0,0.1,image,0,0,0,0,0,1,1,0,0,0,80,7.976829387675277,5.1540786642591,0.3677483404847473,0.0062835840020693794,256,0,0,0,0,0,0,0,0,0,0,0,0,0.0,0
0,anigif_60031,image_anomaly_benign,51,dcbest-20230112-232910-000-resize.gif,data/raw/image_anomaly/benign/anigif_60031/dcbest-20230112-232910-000-resize.gif,13298732,37,1,0,0,0,0.13513513513513514,image,0,0,0,0,0,1,1,0,0,0,238,7.992994913635041,5.164313383509937,0.3770635425993997,0.004535545193331214,256,0,0,0,2,0,0,0,2,0,0,0,0,0.0,0
0,anigif_60031,image_anomaly_benign,52,dcbest-20230128-183722-000-resize.gif,data/raw/image_anomaly/benign/anigif_60031/dcbest-20230128-183722-000-resize.gif,18243349,37,1,0,0,0,0.13513513513513514,image,0,0,0,0,0,1,1,0,0,0,262,7.970199312016422,5.382659765557392,0.3828524028126634,0.0066085453937212955,256,0,0,0,4,0,0,0,4,0,0,0,0,0.0,0
0,anigif_60031,image_anomaly_benign,53,dcbest-20230218-093503-000-resize.gif,data/raw/image_anomaly/benign/anigif_60031/dcbest-20230218-093503-000-resize.gif,17031108,37,1,0,0,0,0.13513513513513514,image,0,0,0,0,0,1,1,0,0,0,281,7.968948671553851,5.145765086514733,0.3739050330724225,0.0065900586150942145,256,0,0,0,2,0,0,0,2,0,0,0,0,0.0,0
0,anigif_60031,image_anomaly_benign,54,dcbest-20230303-195940-000-resize.gif,data/raw/image_anomaly/benign/anigif_60031/dcbest-20230303-195940-000-resize.gif,1931891,37,1,0,0,0,0.13513513513513514,image,0,0,0,0,0,1,1,0,0,0,20,7.913924098953338,5.02555425036562,0.3665827937497509,0.009753655873959762,256,0,0,0,0,0,0,0,0,0,0,0,0,0.0,0
0,anigif_60031,image_anomaly_benign,55,dcbest-20230415-155449-000-resize.gif,data/raw/image_anomaly/benign/anigif_60031/dcbest-20230415-155449-000-resize.gif,5856153,37,1,0,0,0,0.13513513513513514,image,0,0,0,0,0,1,1,0,0,0,81,7.924894891861181,4.970714015923012,0.36682750604364334,0.014713242635566386,256,0,0,0,2,0,0,0,2,0,0,0,0,0.0,0
0,anigif_60031,image_anomaly_benign,56,ghostsoul-20230110-211345-000-resize.gif,data/raw/image_anomaly/benign/anigif_60031/ghostsoul-20230110-211345-000-resize.gif,13391243,40,1,0,0,0,0.125,image,0,0,0,0,0,1,1,0,0,0,215,7.931573877211266,4.933364648336088,0.3723631181959733,0.010210851972441991,256,0,0,0,5,0,0,0,5,0,0,0,0,0.0,0
0,anigif_60031,image_anomaly_benign,57,latale-20230112-050627-000-resize.gif,data/raw/image_anomaly/benign/anigif_60031/latale-20230112-050627-000-resize.gif,7695385,37,1,0,0,0,0.13513513513513514,image,0,0,0,0,0,1,1,0,0,0,107,7.93889045118619,5.495864648336088,0.3684434242081455,0.009906716817936985,256,0,0,0,1,0,0,0,1,0,0,0,0,0.0,0
0,anigif_60031,image_anomaly_benign,58,pokipoki-20230305-095117-000-resize.gif,data/raw/image_anomaly/benign/anigif_60031/pokipoki-20230305-095117-000-resize.gif,383726,39,1,0,0,0,0.1282051282051282,image,0,0,0,0,0,1,1,0,0,0,2,7.988195178049098,5.331954882778696,0.3566060157508222,0.007283843158920688,256,0,0,0,0,0,0,0,0,0,0,0,0,0.0,0
0,anigif_60031,image_anomaly_benign,59,singlebungle1472-20221218-091113-000-resize.gif,data/raw/image_anomaly/benign/anigif_60031/singlebungle1472-20221218-091113-000-resize.gif,2262583,47,1,0,0,0,0.10638297872340426,image,0,0,0,0,0,1,1,0,0,0,26,7.894891061355397,5.558364648336088,0.37190149488438656,0.01412279682115529,256,0,0,0,0,0,0,0,0,0,0,0,0,0.0,0
0,anigif_60031,image_anomaly_benign,60,singlebungle1472-20221218-091909-000-resize.gif,data/raw/image_anomaly/benign/anigif_60031/singlebungle1472-20221218-091909-000-resize.gif,7426152,47,1,0,0,0,0.10638297872340426,image,0,0,0,0,0,1,1,0,0,0,141,7.997252405265277,4.708307960931275,0.3697371128412131,0.004702704711673017,256,0,0,0,0,0,0,0,0,0,0,0,0,0.0,0
0,anigif_60031,image_anomaly_benign,61,singlebungle1472-20221218-111855-000-resize.gif,data/raw/image_anomaly/benign/anigif_60031/singlebungle1472-20221218-111855-000-resize.gif,4879480,47,1,0,0,0,0.10638297872340426,image,0,0,0,0,0,1,1,0,0,0,64,7.913525370400519,3.02586902790331,0.3712088173329945,0.012343528408764869,256,0,0,27,1,0,0,27,28,0,0,0,0,0.0,0
0,anigif_60031,image_anomaly_benign,62,singlebungle1472-20221218-225042-000-resize.gif,data/raw/image_anomaly/benign/anigif_60031/singlebungle1472-20221218-225042-000-resize.gif,19443666,47,1,0,0,0,0.10638297872340426,image,0,0,0,0,0,1,1,0,0,0,371,7.995081257039312,5.167434179450872,0.3754722489061476,0.0026855532284909647,256,1,0,0,3,0,0,0,3,0,0,0,0,0.0,0
0,anigif_60031,image_anomaly_benign,63,singlebungle1472-20221219-180348-000-resize.gif,data/raw/image_anomaly/benign/anigif_60031/singlebungle1472-20221219-180348-000-resize.gif,2096584,47,1,0,0,0,0.10638297872340426,image,0,0,0,0,0,1,1,0,0,0,32,7.966691118502501,5.675704882778696,0.3730520694615622,0.011120470250655351,256,0,0,0,0,0,0,0,0,0,0,0,0,0.0,0
0,anigif_60031,image_anomaly_benign,64,singlebungle1472-20221222-135545-000-resize.gif,data/raw/image_anomaly/benign/anigif_60031/singlebungle1472-20221222-135545-000-resize.gif,11738778,47,1,0,0,0,0.10638297872340426,image,0,0,0,0,0,1,1,0,0,0,189,7.949929386407861,5.37852441389348,0.376780359931843,0.011935399067943869,256,0,0,0,1,0,0,0,1,0,0,0,0,0.0,0
0,anigif_60031,image_anomaly_benign,65,singlebungle1472-20221222-163851-000-resize.gif,data/raw/image_anomaly/benign/anigif_60031/singlebungle1472-20221222-163851-000-resize.gif,905319,47,1,0,0,0,0.10638297872340426,image,0,0,0,0,0,1,1,0,0,0,11,7.908133518387921,5.59375,0.36531653483468257,0.014604796762246236,256,0,0,0,0,0,0,0,0,0,0,0,0,0.0,0
0,anigif_60031,image_anomaly_benign,66,singlebungle1472-20221222-164041-000-resize.gif,data/raw/image_anomaly/benign/anigif_60031/singlebungle1472-20221222-164041-000-resize.gif,15671789,47,1,0,0,0,0.10638297872340426,image,0,0,0,0,0,1,1,0,0,0,267,7.974130746189705,5.519454882778696,0.37895903269243864,0.009597691750444063,256,0,0,0,2,0,0,0,2,0,0,0,0,0.0,0
0,anigif_60031,image_anomaly_benign,67,singlebungle1472-20221222-164432-000-resize.gif,data/raw/image_anomaly/benign/anigif_60031/singlebungle1472-20221222-164432-000-resize.gif,7451852,47,1,0,0,0,0.10638297872340426,image,0,0,0,0,0,1,1,0,0,0,80,7.8874024809855605,4.670958593344349,0.3719900770976128,0.011070670754062211,256,0,0,0,0,0,0,0,0,0,0,0,0,0.0,0
0,anigif_60031,image_anomaly_benign,68,singlebungle1472-20221223-160453-000-resize.gif,data/raw/image_anomaly/benign/anigif_60031/singlebungle1472-20221223-160453-000-resize.gif,5500863,47,1,0,0,0,0.10638297872340426,image,0,0,0,0,0,1,1,0,0,0,89,7.9216197522775,4.320356063692049,0.37580339666703205,0.007187963052342878,256,0,0,0,1,0,0,0,1,0,0,0,0,0.0,0
0,anigif_60031,image_anomaly_benign,69,singlebungle1472-20221228-103744-000-resize.gif,data/raw/image_anomaly/benign/anigif_60031/singlebungle1472-20221228-103744-000-resize.gif,11888667,47,1,0,0,0,0.10638297872340426,image,0,0,0,0,0,1,1,0,0,0,203,7.966033690262429,3.0491309795353643,0.38452872807355104,0.006773930163911564,256,0,0,0,4,0,0,0,4,0,0,0,0,0.0,0
0,anigif_60031,image_anomaly_benign,70,singlebungle1472-20221228-105311-000-resize.gif,data/raw/image_anomaly/benign/anigif_60031/singlebungle1472-20221228-105311-000-resize.gif,5967107,47,1,0,0,0,0.10638297872340426,image,0,0,0,0,0,1,1,0,0,0,110,7.9214751822770815,5.245864648336088,0.3704649506033661,0.014148062034081171,256,0,0,0,0,0,0,0,0,0,0,0,0,0.0,0
0,anigif_60031,image_anomaly_benign,71,singlebungle1472-20230103-203401-000-resize.gif,data/raw/image_anomaly/benign/anigif_60031/singlebungle1472-20230103-203401-000-resize.gif,7355622,47,1,0,0,0,0.10638297872340426,image,0,0,0,0,0,1,1,0,0,0,124,7.987291504486706,5.220714015923013,0.3698864623549171,0.0060962893416763395,256,0,0,0,0,0,0,0,0,0,0,0,0,0.0,0
0,anigif_60031,image_anomaly_benign,72,singlebungle1472-20230104-021640-000-resize.gif,data/raw/image_anomaly/benign/anigif_60031/singlebungle1472-20230104-021640-000-resize.gif,9642800,47,1,0,0,0,0.10638297872340426,image,0,0,0,0,0,1,1,0,0,0,132,7.949409902506142,5.706954882778696,0.3723952586385697,0.007759675612892521,256,1,0,0,0,0,0,0,0,0,0,0,0,0.0,0
0,anigif_60031,image_anomaly_benign,73,singlebungle1472-20230104-021641-001-resize.gif,data/raw/image_anomaly/benign/anigif_60031/singlebungle1472-20230104-021641-001-resize.gif,2982200,47,1,0,0,0,0.10638297872340426,image,0,0,0,0,0,1,1,0,0,0,62,7.994869577856097,5.507659765557392,0.371470726309436,0.0032261417745288712,256,0,0,0,2,0,0,0,2,0,0,0,0,0.0,0
0,anigif_60031,image_anomaly_benign,74,singlebungle1472-20230104-185918-000-resize.gif,data/raw/image_anomaly/benign/anigif_60031/singlebungle1472-20230104-185918-000-resize.gif,5805525,47,1,0,0,0,0.10638297872340426,image,0,0,0,0,0,1,1,0,0,0,59,7.932724208347236,5.515319531114784,0.36090086598541904,0.010584744704397965,256,0,0,0,0,0,0,0,0,0,0,0,0,0.0,0
0,anigif_60031,image_anomaly_benign,75,singlebungle1472-20230108-225712-000-resize.gif,data/raw/image_anomaly/benign/anigif_60031/singlebungle1472-20230108-225712-000-resize.gif,16701627,47,1,0,0,0,0.10638297872340426,image,0,0,0,0,0,1,1,0,0,0,311,7.941599805881209,5.425704882778696,0.37588517573766916,0.014419313759072693,256,0,0,0,4,0,0,0,4,0,0,0,0,0.0,0
0,anigif_60031,image_anomaly_benign,76,singlebungle1472-20230109-182200-000-resize.gif,data/raw/image_anomaly/benign/anigif_60031/singlebungle1472-20230109-182200-000-resize.gif,3149185,47,1,0,0,0,0.10638297872340426,image,0,0,0,0,0,1,1,0,0,0,36,7.923079877185695,5.706954882778696,0.37552350846330085,0.016022558217443562,256,0,0,0,1,0,0,0,1,0,0,0,0,0.0,0
0,anigif_60031,image_anomaly_benign,77,singlebungle1472-20230116-052028-000-resize.gif,data/raw/image_anomaly/benign/anigif_60031/singlebungle1472-20230116-052028-000-resize.gif,2993777,47,1,0,0,0,0.10638297872340426,image,0,0,0,0,0,1,1,0,0,0,46,7.965363035206941,4.722678031846025,0.36425258127108334,0.010919650996049472,256,0,0,0,1,0,0,0,1,0,0,0,0,0.0,0
0,anigif_60031,image_anomaly_benign,78,singlebungle1472-20230116-052110-000-resize.gif,data/raw/image_anomaly/benign/anigif_60031/singlebungle1472-20230116-052110-000-resize.gif,13936543,47,1,0,0,0,0.10638297872340426,image,0,0,0,0,0,1,1,0,0,0,218,7.9605523983210995,5.06602441389348,0.37289319166166246,0.010131996148542719,256,0,0,0,0,0,0,0,0,0,0,0,0,0.0,0
0,anigif_60031,image_anomaly_benign,79,singlebungle1472-20230123-183820-000-resize.gif,data/raw/image_anomaly/benign/anigif_60031/singlebungle1472-20230123-183820-000-resize.gif,1743807,47,1,0,0,0,0.10638297872340426,image,0,0,0,0,0,1,1,0,0,0,19,7.7463677569745135,3.6650126494755404,0.3620675911955853,0.0239533388729372,256,0,0,4,1,0,0,4,5,0,0,0,0,0.0,0
0,anigif_60031,image_anomaly_benign,80,singlebungle1472-20230129-231429-000-resize.gif,data/raw/image_anomaly/benign/anigif_60031/singlebungle1472-20230129-231429-000-resize.gif,9176756,47,1,0,0,0,0.10638297872340426,image,0,0,0,0,0,1,1,0,0,0,117,7.918222757394476,5.6875,0.3712077557690321,0.013959617102165514,256,0,0,0,2,0,0,0,2,0,0,0,0,0.0,0
0,anigif_60031,image_anomaly_benign,81,singlebungle1472-20230208-044706-000-resize.gif,data/raw/image_anomaly/benign/anigif_60031/singlebungle1472-20230208-044706-000-resize.gif,5196216,47,1,0,0,0,0.10638297872340426,image,0,0,0,0,0,1,1,0,0,0,66,7.961792624717098,4.991729296672175,0.3772880111219395,0.008610304113608826,256,0,0,0,2,0,0,0,2,0,0,0,0,0.0,0
0,anigif_60031,image_anomaly_benign,82,singlebungle1472-20230218-211650-001-resize.gif,data/raw/image_anomaly/benign/anigif_60031/singlebungle1472-20230218-211650-001-resize.gif,5645331,47,1,0,0,0,0.10638297872340426,image,0,0,0,0,0,1,1,0,0,0,90,7.957796030921226,5.675704882778696,0.3724226267689175,0.007245456466591596,256,0,0,0,2,0,0,0,2,0,0,0,0,0.0,0
0,anigif_60031,image_anomaly_benign,83,singlebungle1472-20230218-211650-002-resize.gif,data/raw/image_anomaly/benign/anigif_60031/singlebungle1472-20230218-211650-002-resize.gif,9891823,47,1,0,0,0,0.10638297872340426,image,0,0,0,0,0,1,1,0,0,0,193,7.994870520429103,5.12852441389348,0.37088067588754875,0.0063409949814104034,256,0,0,47,0,0,0,47,47,0,0,0,0,0.0,0
0,anigif_60031,image_anomaly_benign,84,singlebungle1472-20230218-211650-003-resize.gif,data/raw/image_anomaly/benign/anigif_60031/singlebungle1472-20230218-211650-003-resize.gif,7573041,47,1,0,0,0,0.10638297872340426,image,0,0,0,0,0,1,1,0,0,0,106,7.924000364463842,5.421569531114784,0.36599049179847304,0.01778321284672828,256,0,0,0,3,0,0,0,3,0,0,0,0,0.0,0
0,anigif_60031,image_anomaly_benign,85,singlebungle1472-20230227-191900-000-resize.gif,data/raw/image_anomaly/benign/anigif_60031/singlebungle1472-20230227-191900-000-resize.gif,3570422,47,1,0,0,0,0.10638297872340426,image,0,0,0,0,0,1,1,0,0,0,53,7.986835476414067,5.363204882778696,0.3624159833207391,0.005554245408525939,256,0,0,0,1,0,0,0,1,0,0,0,0,0.0,0
0,anigif_60031,image_anomaly_benign,86,singlebungle1472-20230308-151038-001-resize.gif,data/raw/image_anomaly/benign/anigif_60031/singlebungle1472-20230308-151038-001-resize.gif,6922779,47,1,0,0,0,0.10638297872340426,image,0,0,0,0,0,1,1,0,0,0,90,7.894987892524423,5.015319531114784,0.3575409528456708,0.014616817899285822,256,0,0,0,0,0,0,0,0,0,0,0,0,0.0,0
0,anigif_60031,image_anomaly_benign,87,singlebungle1472-20230311-052139-000-resize.gif,data/raw/image_anomaly/benign/anigif_60031/singlebungle1472-20230311-052139-000-resize.gif,4037057,47,1,0,0,0,0.10638297872340426,image,0,0,0,0,0,1,1,0,0,0,51,7.9725256257866475,3.04951552921258,0.37660107350478333,0.007404403752535572,256,0,0,0,3,0,0,0,3,0,0,0,0,0.0,0
0,anigif_60031,image_anomaly_benign,88,singlebungle1472-20230315-003256-000-resize.gif,data/raw/image_anomaly/benign/anigif_60031/singlebungle1472-20230315-003256-000-resize.gif,6667308,47,1,0,0,0,0.10638297872340426,image,0,0,0,0,0,1,1,0,0,0,88,7.905847886994424,5.570159765557392,0.3650263344666243,0.013148035159017702,256,0,0,0,1,0,0,0,1,0,0,0,0,0.0,0
0,anigif_60031,image_anomaly_benign,89,singlebungle1472-20230325-045357-000-resize.gif,data/raw/image_anomaly/benign/anigif_60031/singlebungle1472-20230325-045357-000-resize.gif,12956131,47,1,0,0,0,0.10638297872340426,image,0,0,0,0,0,1,1,0,0,0,194,7.932359192516826,4.951259133144317,0.37460164612414,0.015305417952319253,256,0,0,0,3,0,0,0,3,0,0,0,0,0.0,0
0,anigif_60031,image_anomaly_benign,90,singlebungle1472-20230331-165203-000-resize.gif,data/raw/image_anomaly/benign/anigif_60031/singlebungle1472-20230331-165203-000-resize.gif,4391263,47,1,0,0,0,0.10638297872340426,image,0,0,0,0,0,1,1,0,0,0,57,7.987057327994898,5.402114648336088,0.3479151670032061,0.006404535551616927,256,0,0,0,0,0,0,0,0,0,0,0,0,0.0,0
0,anigif_60031,image_anomaly_benign,91,singlebungle1472-20230402-225036-000-resize.gif,data/raw/image_anomaly/benign/anigif_60031/singlebungle1472-20230402-225036-000-resize.gif,7854280,47,1,0,0,0,0.10638297872340426,image,0,0,0,0,0,1,1,0,0,0,98,7.941909245978353,5.84375,0.3698903018481643,0.007370376406239655,256,0,0,0,1,0,0,0,1,0,0,0,0,0.0,0
0,anigif_60031,image_anomaly_benign,92,singlebungle1472-20230408-092130-000-resize.gif,data/raw/image_anomaly/benign/anigif_60031/singlebungle1472-20230408-092130-000-resize.gif,3665976,47,1,0,0,0,0.10638297872340426,image,0,0,0,0,0,1,1,0,0,0,53,7.982310987295811,5.550704882778696,0.3587857640093661,0.006648161362758512,256,0,0,0,0,0,0,0,0,0,0,0,0,0.0,0
0,anigif_60031,image_anomaly_benign,93,singlebungle1472-20230418-205808-000-resize.gif,data/raw/image_anomaly/benign/anigif_60031/singlebungle1472-20230418-205808-000-resize.gif,13582602,47,1,0,0,0,0.10638297872340426,image,0,0,0,0,0,1,1,0,0,0,179,7.864776805018011,5.331954882778696,0.36783018452576316,0.012316049605222916,256,0,0,3,0,0,0,3,3,0,0,0,0,0.0,0
0,anigif_60031,image_anomaly_benign,94,singlebungle1472-20230423-232512-000-resize.gif,data/raw/image_anomaly/benign/anigif_60031/singlebungle1472-20230423-232512-000-resize.gif,10091284,47,1,0,0,0,0.10638297872340426,image,0,0,0,0,0,1,1,0,0,0,186,7.995802605739215,5.083918898701709,0.369197220096075,0.004827631449080216,256,0,0,0,1,0,0,0,1,0,0,0,0,0.0,0
0,anigif_60031,image_anomaly_benign,95,singlebungle1472-20230425-121720-000-resize.gif,data/raw/image_anomaly/benign/anigif_60031/singlebungle1472-20230425-121720-000-resize.gif,8090763,47,1,0,0,0,0.10638297872340426,image,0,0,0,0,0,1,1,0,0,0,112,7.922263923410064,5.272979296672176,0.3630496901219329,0.01207104941771252,256,0,0,0,0,0,0,0,0,0,0,0,0,0.0,0
0,anigif_60031,image_anomaly_benign,96,singlebungle1472-20230426-134318-000-resize.gif,data/raw/image_anomaly/benign/anigif_60031/singlebungle1472-20230426-134318-000-resize.gif,19670900,47,1,0,0,0,0.10638297872340426,image,0,0,0,0,0,1,1,0,0,0,265,7.932598269158164,4.921569531114784,0.37407546172264616,0.007417098353405284,256,0,0,2,1,0,0,2,3,0,0,0,0,0.0,0
0,anigif_60031,image_anomaly_benign,97,singlebungle1472-20230501-040502-000-resize.gif,data/raw/image_anomaly/benign/anigif_60031/singlebungle1472-20230501-040502-000-resize.gif,2790466,47,1,0,0,0,0.10638297872340426,image,0,0,0,0,0,1,1,0,0,0,33,7.9448150599308525,3.52924863813976,0.3818720600788542,0.008469194750984245,256,0,0,1,0,0,0,1,1,0,0,0,0,0.0,0
0,anigif_60031,image_anomaly_benign,98,singlebungle1472-20230511-104542-000-resize.gif,data/raw/image_anomaly/benign/anigif_60031/singlebungle1472-20230511-104542-000-resize.gif,2085633,47,1,0,0,0,0.10638297872340426,image,0,0,0,0,0,1,1,0,0,0,39,7.975468997026258,5.537349367586925,0.37969383875303087,0.00825744510179883,256,0,0,0,1,0,0,0,1,0,0,0,0,0.0,0
0,anigif_60031,image_anomaly_benign,99,singlebungle1472-20230517-120335-000-resize.gif,data/raw/image_anomaly/benign/anigif_60031/singlebungle1472-20230517-120335-000-resize.gif,11391943,47,1,0,0,0,0.10638297872340426,image,0,0,0,0,0,1,1,0,0,0,121,7.831529231419942,5.359069531114784,0.36112592908865504,0.023580876414146384,256,0,0,0,4,0,0,0,4,0,0,0,0,0.0,0
0,anigif_60031,image_anomaly_benign,100,singlebungle1472-20230524-185534-000.gif,data/raw/image_anomaly/benign/anigif_60031/singlebungle1472-20230524-185534-000.gif,10448585,40,1,0,0,0,0.1,image,0,0,0,0,0,1,1,0,0,0,207,7.995340745243283,5.445159765557392,0.36386706908160293,0.006197107072393056,256,0,0,2,0,0,0,2,2,0,0,0,0,0.0,0
0,dcbest_80629,image_anomaly_benign,101,singlebungle1472-20220927-214340-000-resize.gif,data/raw/image_anomaly/benign/dcbest_80629/singlebungle1472-20220927-214340-000-resize.gif,8207586,47,1,0,0,0,0.10638297872340426,image,0,0,0,0,0,1,1,0,0,0,115,7.921689474446488,5.75,0.3842964301561994,0.013649445768828983,256,0,0,0,1,0,0,0,1,0,0,0,0,0.0,0
0,dcbest_80629,image_anomaly_benign,102,singlebungle1472-20220927-214340-001-resize.gif,data/raw/image_anomaly/benign/dcbest_80629/singlebungle1472-20220927-214340-001-resize.gif,6851646,47,1,0,0,0,0.10638297872340426,image,0,0,0,0,0,1,1,0,0,0,51,7.776227656743265,5.8125,0.36248238744383465,0.018722508430820857,256,4,0,0,2,0,0,0,2,0,0,0,0,0.0,0
0,dcbest_80629,image_anomaly_benign,103,singlebungle1472-20220927-214340-002-resize.gif,data/raw/image_anomaly/benign/dcbest_80629/singlebungle1472-20220927-214340-002-resize.gif,8274840,47,1,0,0,0,0.10638297872340426,image,0,0,0,0,0,1,1,0,0,0,113,7.914614187742727,5.675704882778696,0.37169528353418313,0.013261041905341976,256,0,0,0,1,0,0,0,1,0,0,0,0,0.0,0
0,dcbest_80629,image_anomaly_benign,104,singlebungle1472-20220927-214340-003-resize.gif,data/raw/image_anomaly/benign/dcbest_80629/singlebungle1472-20220927-214340-003-resize.gif,9287617,47,1,0,0,0,0.10638297872340426,image,0,0,0,0,0,1,1,0,0,0,95,7.801715830236212,5.119304250365621,0.36009452155488325,0.02352411818876683,256,0,0,0,0,0,0,0,0,0,0,0,0,0.0,0
0,dcbest_80629,image_anomaly_benign,105,singlebungle1472-20220927-214340-004-resize.gif,data/raw/image_anomaly/benign/dcbest_80629/singlebungle1472-20220927-214340-004-resize.gif,4848756,47,1,0,0,0,0.10638297872340426,image,0,0,0,0,0,1,1,0,0,0,48,7.845675864989505,5.025554250365621,0.36309354399355215,0.021589661348189102,256,0,0,0,0,0,0,0,0,0,0,0,0,0.0,0
0,dcbest_80629,image_anomaly_benign,106,singlebungle1472-20220927-214340-005-resize.gif,data/raw/image_anomaly/benign/dcbest_80629/singlebungle1472-20220927-214340-005-resize.gif,4614397,47,1,0,0,0,0.10638297872340426,image,0,0,0,0,0,1,1,0,0,0,64,7.952473439106795,5.245864648336088,0.37327087374580037,0.008625829117000553,256,0,0,0,1,0,0,0,1,0,0,0,0,0.0,0
0,dcbest_80629,image_anomaly_benign,107,singlebungle1472-20220927-214340-006-resize.gif,data/raw/image_anomaly/benign/dcbest_80629/singlebungle1472-20220927-214340-006-resize.gif,9319872,47,1,0,0,0,0.10638297872340426,image,0,0,0,0,0,1,1,0,0,0,200,7.995580645189654,4.902518266288633,0.37716033009895417,0.003582130741709757,256,0,0,0,0,0,0,0,0,0,0,0,0,0.0,0
0,dcbest_80629,image_anomaly_benign,108,singlebungle1472-20220927-214340-007-resize.gif,data/raw/image_anomaly/benign/dcbest_80629/singlebungle1472-20220927-214340-007-resize.gif,4049124,47,1,0,0,0,0.10638297872340426,image,0,0,0,0,0,1,1,0,0,0,66,7.981467224477321,5.214614648336088,0.3718853757010158,0.006228507696973469,256,0,0,0,0,0,0,0,0,0,0,0,0,0.0,0
0,dcbest_80629,image_anomaly_benign,109,singlebungle1472-20220927-214340-008-resize.gif,data/raw/image_anomaly/benign/dcbest_80629/singlebungle1472-20220927-214340-008-resize.gif,9706287,47,1,0,0,0,0.10638297872340426,image,0,0,0,0,0,1,1,0,0,0,119,7.909676904603986,5.5,0.3730345084582807,0.009037338376662466,256,0,0,0,1,0,0,0,1,0,0,0,0,0.0,0
0,dcbest_80629,image_anomaly_benign,110,singlebungle1472-20220927-214340-009-resize.gif,data/raw/image_anomaly/benign/dcbest_80629/singlebungle1472-20220927-214340-009-resize.gif,3837940,47,1,0,0,0,0.10638297872340426,image,0,0,0,0,0,1,1,0,0,0,58,7.9643892432514845,5.327819531114784,0.375871691584548,0.007190576194521019,256,0,0,91,0,0,0,91,91,0,0,0,0,0.0,0
0,dcbest_80629,image_anomaly_benign,111,singlebungle1472-20220927-214340-010-resize.gif,data/raw/image_anomaly/benign/dcbest_80629/singlebungle1472-20220927-214340-010-resize.gif,6715527,47,1,0,0,0,0.10638297872340426,image,0,0,0,0,0,1,1,0,0,0,150,7.9970991400124705,5.183364648336088,0.37642153772890796,0.00485635751296957,256,0,1,1,0,0,0,1,1,0,0,0,0,0.0,0
0,dcbest_80629,image_anomaly_benign,112,singlebungle1472-20220927-214340-011-resize.gif,data/raw/image_anomaly/benign/dcbest_80629/singlebungle1472-20220927-214340-011-resize.gif,2286628,47,1,0,0,0,0.10638297872340426,image,0,0,0,0,0,1,1,0,0,0,38,7.973767119057618,5.65625,0.3536504407363157,0.008589503845837626,256,0,0,0,0,0,0,0,0,0,0,0,0,0.0,0
0,dcbest_80629,image_anomaly_benign,113,singlebungle1472-20220927-214340-012-resize.gif,data/raw/image_anomaly/benign/dcbest_80629/singlebungle1472-20220927-214340-012-resize.gif,8663542,47,1,0,0,0,0.10638297872340426,image,0,0,0,0,0,1,1,0,0,0,81,7.856617196673716,5.78125,0.3603336833826165,0.014143176082022804,256,4,0,0,0,0,0,0,0,0,0,0,0,0.0,0
0,dcbest_80629,image_anomaly_benign,114,singlebungle1472-20220927-214340-013-resize.gif,data/raw/image_anomaly/benign/dcbest_80629/singlebungle1472-20220927-214340-013-resize.gif,4589452,47,1,0,0,0,0.10638297872340426,image,0,0,0,0,0,1,1,0,0,0,44,7.941960226207297,5.456954882778696,0.3671915514096236,0.010324544193947339,256,0,0,0,0,0,0,0,0,0,0,0,0,0.0,0
0,dcbest_80629,image_anomaly_benign,115,singlebungle1472-20220927-214340-014-resize.gif,data/raw/image_anomaly/benign/dcbest_80629/singlebungle1472-20220927-214340-014-resize.gif,2029131,47,1,0,0,0,0.10638297872340426,image,0,0,0,0,0,1,1,0,0,0,22,7.9192177310594305,4.181303861896761,0.3714309228926077,0.013210581278389616,256,0,0,0,0,0,0,0,0,0,0,0,0,0.0,0
0,dcbest_80629,image_anomaly_benign,116,singlebungle1472-20220927-214340-015-resize.gif,data/raw/image_anomaly/benign/dcbest_80629/singlebungle1472-20220927-214340-015-resize.gif,5749807,47,1,0,0,0,0.10638297872340426,image,0,0,0,0,0,1,1,0,0,0,72,7.758409849332134,4.935328664259101,0.3625302553633539,0.015290078432197811,256,0,1,3,0,0,0,3,3,0,0,0,0,0.0,0
0,dcbest_80629,image_anomaly_benign,117,singlebungle1472-20220927-214340-016-resize.gif,data/raw/image_anomaly/benign/dcbest_80629/singlebungle1472-20220927-214340-016-resize.gif,7845817,47,1,0,0,0,0.10638297872340426,image,0,0,0,0,0,1,1,0,0,0,98,7.903937282621677,5.53669555539995,0.3699788052665516,0.011590889769669621,256,0,0,0,1,0,0,0,1,0,0,0,0,0.0,0
0,dcbest_80629,image_anomaly_benign,118,singlebungle1472-20220927-214340-017-resize.gif,data/raw/image_anomaly/benign/dcbest_80629/singlebungle1472-20220927-214340-017-resize.gif,8201973,47,1,0,0,0,0.10638297872340426,image,0,0,0,0,0,1,1,0,0,0,109,7.931096578346093,5.026864454101657,0.37629970252279543,0.009303127430436554,256,4,0,0,2,0,0,0,2,0,0,0,0,0.0,0
0,dcbest_80629,image_anomaly_benign,119,singlebungle1472-20220927-214340-018-resize.gif,data/raw/image_anomaly/benign/dcbest_80629/singlebungle1472-20220927-214340-018-resize.gif,9213458,47,1,0,0,0,0.10638297872340426,image,0,0,0,0,0,1,1,0,0,0,156,7.989454605421,5.363204882778696,0.3788219363457238,0.005331548697568274,256,0,0,0,1,0,0,0,1,0,0,0,0,0.0,0
0,dcbest_80629,image_anomaly_benign,120,singlebungle1472-20220927-214340-019-resize.gif,data/raw/image_anomaly/benign/dcbest_80629/singlebungle1472-20220927-214340-019-resize.gif,7275071,47,1,0,0,0,0.10638297872340426,image,0,0,0,0,0,1,1,0,0,0,126,7.996095770298893,5.22227441389348,0.3646202215758444,0.004199409187896586,256,0,0,0,1,0,0,0,1,0,0,0,0,0.0,0
0,dcbest_80629,image_anomaly_benign,121,singlebungle1472-20220927-214340-020-resize.gif,data/raw/image_anomaly/benign/dcbest_80629/singlebungle1472-20220927-214340-020-resize.gif,4466247,47,1,0,0,0,0.10638297872340426,image,0,0,0,0,0,1,1,0,0,0,63,7.914995055615664,5.234069531114783,0.37582337027038587,0.009769947788378027,256,0,0,0,1,0,0,0,1,0,0,0,0,0.0,0
0,met,image_anomaly_benign,122,met_110407_primary_000.jpg,data/raw/image_anomaly/benign/met/jpg/met_110407_primary_000.jpg,292738,26,1,0,0,0,0.15384615384615385,image,0,0,0,0,0,1,1,0,0,0,1,7.83071421118951,3.4813263972749766,0.36463322151548483,0.026634738230089706,256,6,0,1,0,0,0,1,1,0,0,0,0,0.0,0
0,met,image_anomaly_benign,123,met_118912_primary_000.jpg,data/raw/image_anomaly/benign/met/jpg/met_118912_primary_000.jpg,113295,26,1,0,0,0,0.15384615384615385,image,0,0,0,0,0,1,1,0,0,0,2,7.9247757472064935,3.486897966696828,0.3876693587536961,0.01506686084999338,256,6,0,1,0,0,0,1,1,0,0,0,0,0.0,0
0,met,image_anomaly_benign,124,met_124281_primary_000.jpg,data/raw/image_anomaly/benign/met/jpg/met_124281_primary_000.jpg,26825,26,1,0,0,0,0.15384615384615385,image,0,0,0,0,0,1,1,0,0,0,0,7.482928220181126,3.487124768134792,0.4354520037278658,0.033066169617893756,256,6,0,1,0,0,0,1,1,0,0,0,0,0.0,0
0,met,image_anomaly_benign,125,met_13726_primary_000.jpg,data/raw/image_anomaly/benign/met/jpg/met_13726_primary_000.jpg,93973,25,1,0,0,0,0.16,image,0,0,0,0,0,1,1,0,0,0,1,7.844366985675618,3.4648626113540826,0.3901759015887542,0.02390048205335575,256,6,0,1,0,0,0,1,1,0,0,0,0,0.0,0
0,met,image_anomaly_benign,126,met_13997_primary_000.jpg,data/raw/image_anomaly/benign/met/jpg/met_13997_primary_000.jpg,545176,25,1,0,0,0,0.16,image,0,0,0,0,0,1,1,0,0,0,14,7.964865361755107,7.369471982405399,0.3753375056862371,0.00962258059782529,256,0,0,0,0,0,0,0,0,0,0,0,0,0.0,0
0,met,image_anomaly_benign,127,met_168368_primary_000.jpg,data/raw/image_anomaly/benign/met/jpg/met_168368_primary_000.jpg,1907608,26,1,0,0,0,0.15384615384615385,image,0,0,0,0,0,1,1,0,0,0,43,7.967878553732814,5.223957382371821,0.3761344049720907,0.010048186000478085,256,18,0,0,0,0,0,0,0,0,0,0,0,0.0,0
0,met,image_anomaly_benign,128,met_1730_primary_000.jpg,data/raw/image_anomaly/benign/met/jpg/met_1730_primary_000.jpg,361361,24,1,0,0,0,0.16666666666666666,image,0,0,0,0,0,1,1,0,0,0,3,7.8370153861445635,4.925509018050759,0.3769333159914877,0.02675440902587717,256,15,0,0,0,0,0,0,0,0,0,0,0,0.0,0
0,met,image_anomaly_benign,129,met_189541_primary_000.jpg,data/raw/image_anomaly/benign/met/jpg/met_189541_primary_000.jpg,2631606,26,1,0,0,0,0.15384615384615385,image,0,0,0,0,0,1,1,0,0,0,20,7.969505605722203,5.136173867453954,0.38249038799881135,0.008746750083409142,256,18,0,0,0,0,0,0,0,0,0,0,0,0.0,0
0,met,image_anomaly_benign,130,met_189966_primary_000.jpg,data/raw/image_anomaly/benign/met/jpg/met_189966_primary_000.jpg,136703,26,1,0,0,0,0.15384615384615385,image,0,0,0,0,0,1,1,0,0,0,3,7.93882712828003,3.5947462113874513,0.3829469726341046,0.009985150289313328,256,6,0,0,0,0,0,0,0,0,0,0,0,0.0,0
0,met,image_anomaly_benign,131,met_192653_primary_000.jpg,data/raw/image_anomaly/benign/met/jpg/met_192653_primary_000.jpg,1224047,26,1,0,0,0,0.15384615384615385,image,0,0,0,0,0,1,1,0,0,0,36,7.940298385518478,6.40482290034854,0.37820361473048014,0.013725780137527399,256,13,0,0,0,0,0,0,0,0,0,0,0,0.0,0
0,met,image_anomaly_benign,132,met_195310_primary_000.jpg,data/raw/image_anomaly/benign/met/jpg/met_195310_primary_000.jpg,72095,26,1,0,0,0,0.15384615384615385,image,0,0,0,0,0,1,1,0,0,0,0,7.846840835146079,3.5729826515788763,0.39468756501837854,0.01327415216034399,256,6,0,0,0,0,0,0,0,0,0,0,0,0.0,0
0,met,image_anomaly_benign,133,met_197647_primary_000.jpg,data/raw/image_anomaly/benign/met/jpg/met_197647_primary_000.jpg,33932,26,1,0,0,0,0.15384615384615385,image,0,0,0,0,0,1,1,0,0,0,1,7.614351177410124,3.6141693059238715,0.42555699634563243,0.014971118708004244,256,6,0,0,0,0,0,0,0,0,0,0,0,0.0,0
0,met,image_anomaly_benign,134,met_199017_primary_000.jpg,data/raw/image_anomaly/benign/met/jpg/met_199017_primary_000.jpg,566217,26,1,0,0,0,0.15384615384615385,image,0,0,0,0,0,1,1,0,0,0,9,7.911105083391749,4.916973113799022,0.3723254511962728,0.01896092840730674,256,15,0,0,0,0,0,0,0,0,0,0,0,0.0,0
0,met,image_anomaly_benign,135,met_202688_additional_001.jpg,data/raw/image_anomaly/benign/met/jpg/met_202688_additional_001.jpg,1662222,29,1,0,0,0,0.13793103448275862,image,0,0,0,0,0,1,1,0,0,0,42,7.944813290397543,6.4204050850451075,0.3767372829862678,0.011539974804809465,256,13,0,0,0,0,0,0,0,0,0,0,0,0.0,0
0,met,image_anomaly_benign,136,met_202688_primary_000.jpg,data/raw/image_anomaly/benign/met/jpg/met_202688_primary_000.jpg,3847071,26,1,0,0,0,0.15384615384615385,image,0,0,0,0,0,1,1,0,0,0,75,7.982548085946585,6.444811999621993,0.3758173425964844,0.00970166654059673,256,13,0,0,0,0,0,0,0,0,0,0,0,0.0,0
0,met,image_anomaly_benign,137,met_207647_primary_000.jpg,data/raw/image_anomaly/benign/met/jpg/met_207647_primary_000.jpg,454149,26,1,0,0,0,0.15384615384615385,image,0,0,0,0,0,1,1,0,0,0,4,7.94838165478568,4.9245163042581686,0.37424061266236414,0.015629231815989908,256,15,0,0,0,0,0,0,0,0,0,0,0,0.0,0
0,met,image_anomaly_benign,138,met_209214_primary_000.jpg,data/raw/image_anomaly/benign/met/jpg/met_209214_primary_000.jpg,361486,26,1,0,0,0,0.15384615384615385,image,0,0,0,0,0,1,1,0,0,0,1,7.929147322316922,3.0350604670583157,0.3744543357142462,0.01743635991435353,256,9,0,0,0,0,0,0,0,0,0,0,0,0.0,0
0,met,image_anomaly_benign,139,met_212718_primary_000.jpg,data/raw/image_anomaly/benign/met/jpg/met_212718_primary_000.jpg,3695139,26,1,0,0,0,0.15384615384615385,image,0,0,0,0,0,1,1,0,0,0,25,7.953369842134069,4.96327564066117,0.356986300109414,0.01667136202454089,256,17,0,0,0,0,0,0,0,0,0,0,0,0.0,0
0,met,image_anomaly_benign,140,met_215496_primary_000.jpg,data/raw/image_anomaly/benign/met/jpg/met_215496_primary_000.jpg,467366,26,1,0,0,0,0.15384615384615385,image,0,0,0,0,0,1,1,0,0,0,4,7.9655361572019645,3.0819346400335745,0.36520842337696796,0.008952298626772166,256,11,0,0,0,0,0,0,0,0,0,0,0,0.0,0
0,met,image_anomaly_benign,141,met_215628_primary_000.jpg,data/raw/image_anomaly/benign/met/jpg/met_215628_primary_000.jpg,2109232,26,1,0,0,0,0.15384615384615385,image,0,0,0,0,0,1,1,0,0,0,38,7.9634401869736084,3.375448490983969,0.36103852018175336,0.011570088069970492,256,9,0,0,0,0,0,0,0,0,0,0,0,0.0,0
0,met,image_anomaly_benign,142,met_22020_primary_000.jpg,data/raw/image_anomaly/benign/met/jpg/met_22020_primary_000.jpg,1549607,25,1,0,0,0,0.16,image,0,0,0,0,0,1,1,0,0,0,36,7.911841730456955,5.035988200309349,0.3559076591677761,0.009676647046638277,256,15,0,0,0,0,0,0,0,0,0,0,0,0.0,0
0,met,image_anomaly_benign,143,met_223480_primary_000.jpg,data/raw/image_anomaly/benign/met/jpg/met_223480_primary_000.jpg,2887717,26,1,0,0,0,0.15384615384615385,image,0,0,0,0,0,1,1,0,0,0,31,7.95954220882269,3.3862958636229292,0.3568434857016806,0.011317591024328215,256,9,0,0,1,0,0,0,1,0,0,0,0,0.0,0
0,met,image_anomaly_benign,144,met_227373_primary_000.jpg,data/raw/image_anomaly/benign/met/jpg/met_227373_primary_000.jpg,121863,26,1,0,0,0,0.15384615384615385,image,0,0,0,0,0,1,1,0,0,0,1,7.899134919866567,3.4629751152735966,0.3939013482353134,0.013654677793916119,256,6,0,1,0,0,0,1,1,0,0,0,0,0.0,0
0,met,image_anomaly_benign,145,met_227964_primary_000.jpg,data/raw/image_anomaly/benign/met/jpg/met_227964_primary_000.jpg,155509,26,1,0,0,0,0.15384615384615385,image,0,0,0,0,0,1,1,0,0,0,3,7.89132121556697,3.5235857555341856,0.38636349021600036,0.015851172600942712,256,6,0,1,0,0,0,1,1,0,0,0,0,0.0,0
0,met,image_anomaly_benign,146,met_229414_primary_000.jpg,data/raw/image_anomaly/benign/met/jpg/met_229414_primary_000.jpg,324655,26,1,0,0,0,0.15384615384615385,image,0,0,0,0,0,1,1,0,0,0,3,7.9482507851418625,4.970254972538387,0.3920777440667786,0.014538510110732933,256,17,0,0,0,0,0,0,0,0,0,0,0,0.0,0
0,met,image_anomaly_benign,147,met_236995_primary_000.jpg,data/raw/image_anomaly/benign/met/jpg/met_236995_primary_000.jpg,1922731,26,1,0,0,0,0.15384615384615385,image,0,0,0,0,0,1,1,0,0,0,60,7.963353336156713,4.748002824607996,0.38195514609167897,0.009959271473752699,256,23,0,0,0,0,0,0,0,0,0,0,0,0.0,0
0,met,image_anomaly_benign,148,met_239662_primary_000.jpg,data/raw/image_anomaly/benign/met/jpg/met_239662_primary_000.jpg,1792616,26,1,0,0,0,0.15384615384615385,image,0,0,0,0,0,1,1,0,0,0,13,7.901532665183036,4.9624445177979695,0.3683728138095387,0.01598055579108967,256,18,0,0,0,0,0,0,0,0,0,0,0,0.0,0
0,met,image_anomaly_benign,149,met_239826_primary_000.jpg,data/raw/image_anomaly/benign/met/jpg/met_239826_primary_000.jpg,1390916,26,1,0,0,0,0.15384615384615385,image,0,0,0,0,0,1,1,0,0,0,11,7.8366221102549485,4.9199564277073655,0.3651111929117215,0.023204133103652557,256,13,0,0,0,0,0,0,0,0,0,0,0,0.0,0
0,met,image_anomaly_benign,150,met_239961_primary_000.jpg,data/raw/image_anomaly/benign/met/jpg/met_239961_primary_000.jpg,1697462,26,1,0,0,0,0.15384615384615385,image,0,0,0,0,0,1,1,0,0,0,33,7.97115754421874,6.316235584879275,0.3723311626416379,0.011021748940477019,256,13,0,0,0,0,0,0,0,0,0,0,0,0.0,0
0,met,image_anomaly_benign,151,met_241703_primary_000.jpg,data/raw/image_anomaly/benign/met/jpg/met_241703_primary_000.jpg,1467019,26,1,0,0,0,0.15384615384615385,image,0,0,0,0,0,1,1,0,0,0,16,7.93580145059543,6.348580566834237,0.3708997633977474,0.00846410305524332,256,14,0,0,0,0,0,0,0,0,0,0,0,0.0,0
0,met,image_anomaly_benign,152,met_242124_primary_000.jpg,data/raw/image_anomaly/benign/met/jpg/met_242124_primary_000.jpg,1734571,26,1,0,0,0,0.15384615384615385,image,0,0,0,0,0,1,1,0,0,0,40,7.895784627316082,4.932959716715815,0.36828299331650305,0.011873829321486408,256,17,0,0,0,0,0,0,0,0,0,0,0,0.0,0
0,met,image_anomaly_benign,153,met_246449_primary_000.jpg,data/raw/image_anomaly/benign/met/jpg/met_246449_primary_000.jpg,873430,26,1,0,0,0,0.15384615384615385,image,0,0,0,0,0,1,1,0,0,0,10,7.9319849870463095,3.49156700320296,0.3767823408859325,0.011958600002289823,256,6,0,0,0,0,0,0,0,0,0,0,0,0.0,0
0,met,image_anomaly_benign,154,met_253281_primary_000.jpg,data/raw/image_anomaly/benign/met/jpg/met_253281_primary_000.jpg,787427,26,1,0,0,0,0.15384615384615385,image,0,0,0,0,0,1,1,0,0,0,25,7.964848463226193,6.886391301583334,0.3840902077271925,0.013555542291539406,256,19,0,0,0,0,0,0,0,0,0,0,0,0.0,0
0,met,image_anomaly_benign,155,met_255372_primary_000.jpg,data/raw/image_anomaly/benign/met/jpg/met_255372_primary_000.jpg,370845,26,1,0,0,0,0.15384615384615385,image,0,0,0,0,0,1,1,0,0,0,4,7.869030800561141,3.0381362746762717,0.3678517979209643,0.019126589275843008,256,11,0,0,0,0,0,0,0,0,0,0,0,0.0,0
0,met,image_anomaly_benign,156,met_25538_primary_000.jpg,data/raw/image_anomaly/benign/met/jpg/met_25538_primary_000.jpg,2055566,25,1,0,0,0,0.16,image,0,0,0,0,0,1,1,0,0,0,30,7.944288245041519,5.4951464162462536,0.3676583481143393,0.01314187917099232,256,17,0,0,0,0,0,0,0,0,0,0,0,0.0,0
0,met,image_anomaly_benign,157,met_261508_primary_000.jpg,data/raw/image_anomaly/benign/met/jpg/met_261508_primary_000.jpg,1561421,26,1,0,0,0,0.15384615384615385,image,0,0,0,0,0,1,1,0,0,0,30,7.968776663487092,3.538875312204719,0.37047343413467604,0.010453939072165675,256,6,0,0,0,0,0,0,0,0,0,0,0,0.0,0
0,met,image_anomaly_benign,158,met_26579_primary_000.jpg,data/raw/image_anomaly/benign/met/jpg/met_26579_primary_000.jpg,1105411,25,1,0,0,0,0.16,image,0,0,0,0,0,1,1,0,0,0,14,7.971958838035699,3.4795016866352944,0.369138718539982,0.008514480134538194,256,6,0,0,1,0,0,0,1,0,0,0,0,0.0,0
0,met,image_anomaly_benign,159,met_265904_primary_000.jpg,data/raw/image_anomaly/benign/met/jpg/met_265904_primary_000.jpg,2525973,26,1,0,0,0,0.15384615384615385,image,0,0,0,0,0,1,1,0,0,0,56,7.983029755605219,3.220503723318183,0.37605429670071694,0.007024619819768462,256,6,0,0,0,0,0,0,0,0,0,0,0,0.0,0
0,met,image_anomaly_benign,160,met_268573_primary_000.jpg,data/raw/image_anomaly/benign/met/jpg/met_268573_primary_000.jpg,2161871,26,1,0,0,0,0.15384615384615385,image,0,0,0,0,0,1,1,0,0,0,36,7.976008024461905,3.47506680078642,0.3794995168536883,0.007215509158502057,256,6,1,0,0,0,0,0,0,0,0,0,0,0.0,0
0,met,image_anomaly_benign,161,met_282180_primary_000.jpg,data/raw/image_anomaly/benign/met/jpg/met_282180_primary_000.jpg,1779943,26,1,0,0,0,0.15384615384615385,image,0,0,0,0,0,1,1,0,0,0,51,7.951058521958973,3.469795298248201,0.38345441398966146,0.008883430536820561,256,6,0,0,1,0,0,0,1,0,0,0,0,0.0,0
0,met,image_anomaly_benign,162,met_286965_primary_000.jpg,data/raw/image_anomaly/benign/met/jpg/met_286965_primary_000.jpg,1799464,26,1,0,0,0,0.15384615384615385,image,0,0,0,0,0,1,1,0,0,0,24,7.969559004925697,3.499653371593608,0.37266875025007445,0.008494196049490293,256,6,0,0,0,0,0,0,0,0,0,0,0,0.0,0
0,met,image_anomaly_benign,163,met_287019_primary_000.jpg,data/raw/image_anomaly/benign/met/jpg/met_287019_primary_000.jpg,2021173,26,1,0,0,0,0.15384615384615385,image,0,0,0,0,0,1,1,0,0,0,42,7.961067674104392,3.5012892572073717,0.37933219966821247,0.008622220858877493,256,6,0,0,0,0,0,0,0,0,0,0,0,0.0,0
0,met,image_anomaly_benign,164,met_288502_primary_000.jpg,data/raw/image_anomaly/benign/met/jpg/met_288502_primary_000.jpg,970610,26,1,0,0,0,0.15384615384615385,image,0,0,0,0,0,1,1,0,0,0,19,7.969350527152902,3.5075202876039957,0.3751671629181649,0.009309609420879652,256,6,0,0,0,0,0,0,0,0,0,0,0,0.0,0
0,met,image_anomaly_benign,165,met_29006_primary_000.jpg,data/raw/image_anomaly/benign/met/jpg/met_29006_primary_000.jpg,953197,25,1,0,0,0,0.16,image,0,0,0,0,0,1,1,0,0,0,6,7.886999577855595,7.376125582846034,0.3780477697684739,0.016116290756265493,256,15,0,2,0,0,0,2,2,0,0,0,0,0.0,0
0,met,image_anomaly_benign,166,met_2951_additional_001.jpg,data/raw/image_anomaly/benign/met/jpg/met_2951_additional_001.jpg,995050,27,1,0,0,0,0.14814814814814814,image,0,0,0,0,0,1,1,0,0,0,8,7.889544877182108,4.841545633020036,0.37017938797045374,0.022855132907894076,256,17,0,0,0,0,0,0,0,0,0,0,0,0.0,0
0,met,image_anomaly_benign,167,met_2951_primary_000.jpg,data/raw/image_anomaly/benign/met/jpg/met_2951_primary_000.jpg,1569340,24,1,0,0,0,0.16666666666666666,image,0,0,0,0,0,1,1,0,0,0,21,7.916132068380416,4.842020377036639,0.36687206086635143,0.021721233129850765,256,17,0,0,0,0,0,0,0,0,0,0,0,0.0,0
0,met,image_anomaly_benign,168,met_306808_primary_000.jpg,data/raw/image_anomaly/benign/met/jpg/met_306808_primary_000.jpg,1562429,26,1,0,0,0,0.15384615384615385,image,0,0,0,0,0,1,1,0,0,0,23,7.977408411840902,4.775672276842607,0.3817114249671505,0.009771324008962967,256,24,0,0,0,0,0,0,0,0,0,0,0,0.0,0
0,met,image_anomaly_benign,169,met_308346_primary_000.jpg,data/raw/image_anomaly/benign/met/jpg/met_308346_primary_000.jpg,475785,26,1,0,0,0,0.15384615384615385,image,0,0,0,0,0,1,1,0,0,0,2,7.345118609174527,3.470816917720641,0.3503199974778524,0.0657313702617779,256,6,0,1,0,0,0,1,1,0,0,0,0,0.0,0
0,met,image_anomaly_benign,170,met_311214_primary_000.jpg,data/raw/image_anomaly/benign/met/jpg/met_311214_primary_000.jpg,154598,26,1,0,0,0,0.15384615384615385,image,0,0,0,0,0,1,1,0,0,0,0,7.201453400152886,3.487723342663202,0.3310456797629982,0.08886272784900193,256,6,0,1,0,0,0,1,1,0,0,0,0,0.0,0
0,met,image_anomaly_benign,171,met_312694_additional_001.jpg,data/raw/image_anomaly/benign/met/jpg/met_312694_additional_001.jpg,3255061,29,1,0,0,0,0.13793103448275862,image,0,0,0,0,0,1,1,0,0,0,73,7.966841816068714,6.3865090534596956,0.37635669500510127,0.012359829815785326,256,17,0,0,1,0,0,0,1,0,0,0,0,0.0,0
0,met,image_anomaly_benign,172,met_312694_additional_002.jpg,data/raw/image_anomaly/benign/met/jpg/met_312694_additional_002.jpg,1296653,29,1,0,0,0,0.13793103448275862,image,0,0,0,0,0,1,1,0,0,0,15,7.938223704111875,6.398778262569425,0.36450846911239937,0.010293424686481272,256,17,0,0,0,0,0,0,0,0,0,0,0,0.0,0
0,met,image_anomaly_benign,173,met_312694_additional_003.jpg,data/raw/image_anomaly/benign/met/jpg/met_312694_additional_003.jpg,1804004,29,1,0,0,0,0.13793103448275862,image,0,0,0,0,0,1,1,0,0,0,30,7.96255782083515,6.369396757852288,0.37125804599102885,0.014170700286695596,256,17,0,0,0,0,0,0,0,0,0,0,0,0.0,0
0,met,image_anomaly_benign,174,met_312694_primary_000.jpg,data/raw/image_anomaly/benign/met/jpg/met_312694_primary_000.jpg,3310271,26,1,0,0,0,0.15384615384615385,image,0,0,0,0,0,1,1,0,0,0,73,7.966650756443318,6.376034052548006,0.3739908303579979,0.012605010284656453,256,17,0,0,0,0,0,0,0,0,0,0,0,0.0,0
0,met,image_anomaly_benign,175,met_313118_additional_001.jpg,data/raw/image_anomaly/benign/met/jpg/met_313118_additional_001.jpg,329821,29,1,0,0,0,0.13793103448275862,image,0,0,0,0,0,1,1,0,0,0,5,7.75438702572712,3.4831433110326158,0.37699236858780977,0.025243995985701335,256,6,0,1,0,0,0,1,1,0,0,0,0,0.0,0
0,met,image_anomaly_benign,176,met_313118_primary_000.jpg,data/raw/image_anomaly/benign/met/jpg/met_313118_primary_000.jpg,261603,26,1,0,0,0,0.15384615384615385,image,0,0,0,0,0,1,1,0,0,0,3,7.585895076965488,3.4860188887532955,0.36537042770916234,0.046046872551155756,256,6,0,1,0,0,0,1,1,0,0,0,0,0.0,0
0,met,image_anomaly_benign,177,met_313404_primary_000.jpg,data/raw/image_anomaly/benign/met/jpg/met_313404_primary_000.jpg,456333,26,1,0,0,0,0.15384615384615385,image,0,0,0,0,0,1,1,0,0,0,18,7.944536184579909,3.489935592159036,0.3803757343869499,0.007628201335428295,256,6,0,1,0,0,0,1,1,0,0,0,0,0.0,0
0,met,image_anomaly_benign,178,met_313414_primary_000.jpg,data/raw/image_anomaly/benign/met/jpg/met_313414_primary_000.jpg,2013468,26,1,0,0,0,0.15384615384615385,image,0,0,0,0,0,1,1,0,0,0,33,7.9522855125708904,6.422968168783815,0.36802670814733585,0.012256464964926187,256,15,0,0,0,0,0,0,0,0,0,0,0,0.0,0
0,met,image_anomaly_benign,179,met_317062_primary_000.jpg,data/raw/image_anomaly/benign/met/jpg/met_317062_primary_000.jpg,88639,26,1,0,0,0,0.15384615384615385,image,0,0,0,0,0,1,1,0,0,0,0,7.765697717954872,3.490872461235609,0.3939800764900326,0.01697898216360744,256,6,0,1,0,0,0,1,1,0,0,0,0,0.0,0
0,met,image_anomaly_benign,180,met_317077_primary_000.jpg,data/raw/image_anomaly/benign/met/jpg/met_317077_primary_000.jpg,85132,26,1,0,0,0,0.15384615384615385,image,0,0,0,0,0,1,1,0,0,0,2,7.791253769901534,3.483601777681407,0.4014824037964573,0.013203025889207349,256,6,0,1,0,0,0,1,1,0,0,0,0,0.0,0
0,met,image_anomaly_benign,181,met_317488_primary_000.jpg,data/raw/image_anomaly/benign/met/jpg/met_317488_primary_000.jpg,505007,26,1,0,0,0,0.15384615384615385,image,0,0,0,0,0,1,1,0,0,0,18,7.944627089330981,3.4943187635052864,0.3943767116099381,0.005829622163653177,256,6,0,1,0,0,0,1,1,0,0,0,0,0.0,0
0,met,image_anomaly_benign,182,met_323434_primary_000.jpg,data/raw/image_anomaly/benign/met/jpg/met_323434_primary_000.jpg,48165,26,1,0,0,0,0.15384615384615385,image,0,0,0,0,0,1,1,0,0,0,0,7.321091491722508,3.477121281635769,0.35752102148863285,0.07210630125609882,256,6,0,1,0,0,0,1,1,0,0,0,0,0.0,0
0,met,image_anomaly_benign,183,met_329923_primary_000.jpg,data/raw/image_anomaly/benign/met/jpg/met_329923_primary_000.jpg,1407985,26,1,0,0,0,0.15384615384615385,image,0,0,0,0,0,1,1,0,0,0,30,7.962266005676086,6.387354205837507,0.37338679034222666,0.007730195989303863,256,16,0,2,0,0,0,2,2,0,0,0,0,0.0,0
0,met,image_anomaly_benign,184,met_334871_primary_000.jpg,data/raw/image_anomaly/benign/met/jpg/met_334871_primary_000.jpg,2422950,26,1,0,0,0,0.15384615384615385,image,0,0,0,0,0,1,1,0,0,0,49,7.981460625056546,7.848869956895822,0.3731798014816649,0.008208588703852741,256,0,0,0,0,0,0,0,0,0,0,0,0,0.0,0
0,met,image_anomaly_benign,185,met_335146_primary_000.jpg,data/raw/image_anomaly/benign/met/jpg/met_335146_primary_000.jpg,2065756,26,1,0,0,0,0.15384615384615385,image,0,0,0,0,0,1,1,0,0,0,32,7.964260979517123,3.4576490897455763,0.3809530263980838,0.008890691833885512,256,6,0,0,0,0,0,0,0,0,0,0,0,0.0,0
0,met,image_anomaly_benign,186,met_336371_primary_000.jpg,data/raw/image_anomaly/benign/met/jpg/met_336371_primary_000.jpg,2246909,26,1,0,0,0,0.15384615384615385,image,0,0,0,0,0,1,1,0,0,0,50,7.98323897253268,3.474888414748149,0.37195498349065315,0.008302071868509139,256,6,0,0,0,0,0,0,0,0,0,0,0,0.0,0
0,met,image_anomaly_benign,187,met_339401_primary_000.jpg,data/raw/image_anomaly/benign/met/jpg/met_339401_primary_000.jpg,1923005,26,1,0,0,0,0.15384615384615385,image,0,0,0,0,0,1,1,0,0,0,24,7.972258933137593,3.4909233282329413,0.37325175961580964,0.010918328345480122,256,6,0,0,1,0,0,0,1,0,0,0,0,0.0,0
0,met,image_anomaly_benign,188,met_33955_primary_000.jpg,data/raw/image_anomaly/benign/met/jpg/met_33955_primary_000.jpg,1313786,25,1,0,0,0,0.16,image,0,0,0,0,0,1,1,0,0,0,28,7.868625907496923,5.357670513814543,0.37200731321539426,0.016007934321114702,256,17,0,0,0,0,0,0,0,0,0,0,0,0.0,0
0,met,image_anomaly_benign,189,met_340582_primary_000.jpg,data/raw/image_anomaly/benign/met/jpg/met_340582_primary_000.jpg,1730290,26,1,0,0,0,0.15384615384615385,image,0,0,0,0,0,1,1,0,0,0,19,7.977293820886844,3.52256572393008,0.3716654433649851,0.00921059475579238,256,6,0,0,0,0,0,0,0,0,0,0,0,0.0,0
0,met,image_anomaly_benign,190,met_345446_primary_000.jpg,data/raw/image_anomaly/benign/met/jpg/met_345446_primary_000.jpg,1833805,26,1,0,0,0,0.15384615384615385,image,0,0,0,0,0,1,1,0,0,0,42,7.9820349379227595,3.5598803107203048,0.3756806203494919,0.008016119489258672,256,6,0,0,0,0,0,0,0,0,0,0,0,0.0,0
0,met,image_anomaly_benign,191,met_348607_primary_000.jpg,data/raw/image_anomaly/benign/met/jpg/met_348607_primary_000.jpg,2045500,26,1,0,0,0,0.15384615384615385,image,0,0,0,0,0,1,1,0,0,0,54,7.9709762949523935,3.4972910355133253,0.37839745783427037,0.00733512588609142,256,6,0,0,2,0,0,0,2,0,0,0,0,0.0,0
0,met,image_anomaly_benign,192,met_35080_primary_000.jpg,data/raw/image_anomaly/benign/met/jpg/met_35080_primary_000.jpg,1634389,25,1,0,0,0,0.16,image,0,0,0,0,0,1,1,0,0,0,25,7.940082442045962,5.492629944284283,0.3720821664854573,0.013716440822839605,256,17,0,0,0,0,0,0,0,0,0,0,0,0.0,0
0,met,image_anomaly_benign,193,met_358544_primary_000.jpg,data/raw/image_anomaly/benign/met/jpg/met_358544_primary_000.jpg,2168008,26,1,0,0,0,0.15384615384615385,image,0,0,0,0,0,1,1,0,0,0,27,7.981473780450609,3.541759779881938,0.3741199294467548,0.00805116955287988,256,6,0,0,0,0,0,0,0,0,0,0,0,0.0,0
0,met,image_anomaly_benign,194,met_359079_primary_000.jpg,data/raw/image_anomaly/benign/met/jpg/met_359079_primary_000.jpg,3873280,26,1,0,0,0,0.15384615384615385,image,0,0,0,0,0,1,1,0,0,0,52,7.9863245520819675,5.143375732203316,0.37705820389953737,0.008271026107072043,256,17,0,2,0,0,0,2,2,0,0,0,0,0.0,0
0,met,image_anomaly_benign,195,met_362317_primary_000.jpg,data/raw/image_anomaly/benign/met/jpg/met_362317_primary_000.jpg,3457210,26,1,0,0,0,0.15384615384615385,image,0,0,0,0,0,1,1,0,0,0,37,7.971394591604378,3.491453240609631,0.38537057338142605,0.006839040729374264,256,6,0,0,1,0,0,0,1,0,0,0,0,0.0,0
0,met,image_anomaly_benign,196,met_363514_primary_000.jpg,data/raw/image_anomaly/benign/met/jpg/met_363514_primary_000.jpg,1285624,26,1,0,0,0,0.15384615384615385,image,0,0,0,0,0,1,1,0,0,0,32,7.948487413216351,3.506750348242968,0.37490043745294116,0.010991549628818379,256,6,0,0,0,0,0,0,0,0,0,0,0,0.0,0
0,met,image_anomaly_benign,197,met_363787_primary_000.jpg,data/raw/image_anomaly/benign/met/jpg/met_363787_primary_000.jpg,837163,26,1,0,0,0,0.15384615384615385,image,0,0,0,0,0,1,1,0,0,0,17,7.978679917539056,3.494135190944173,0.3759948779389438,0.008304237048221195,256,6,0,0,0,0,0,0,0,0,0,0,0,0.0,0
0,met,image_anomaly_benign,198,met_364781_primary_000.jpg,data/raw/image_anomaly/benign/met/jpg/met_364781_primary_000.jpg,2007009,26,1,0,0,0,0.15384615384615385,image,0,0,0,0,0,1,1,0,0,0,63,7.95810064861832,3.4775176213387495,0.38164103897889845,0.006520648387725217,256,6,0,0,0,0,0,0,0,0,0,0,0,0.0,0
0,met,image_anomaly_benign,199,met_368134_primary_000.jpg,data/raw/image_anomaly/benign/met/jpg/met_368134_primary_000.jpg,2967476,26,1,0,0,0,0.15384615384615385,image,0,0,0,0,0,1,1,0,0,0,51,7.961504793496419,4.88883237999794,0.3882575629929273,0.007492562703118745,256,25,0,0,0,0,0,0,0,0,0,0,0,0.0,0
0,met,image_anomaly_benign,200,met_371937_primary_000.jpg,data/raw/image_anomaly/benign/met/jpg/met_371937_primary_000.jpg,1911567,26,1,0,0,0,0.15384615384615385,image,0,0,0,0,0,1,1,0,0,0,35,7.981146844434127,3.4866903774183293,0.3729013945103677,0.009280867476787368,256,6,0,0,0,0,0,0,0,0,0,0,0,0.0,0
0,met,image_anomaly_benign,201,met_378094_additional_001.jpg,data/raw/image_anomaly/benign/met/jpg/met_378094_additional_001.jpg,2190321,29,1,0,0,0,0.13793103448275862,image,0,0,0,0,0,1,1,0,0,0,49,7.976000698098806,6.399058181625094,0.37202035683354173,0.011805118975711779,256,13,0,0,1,0,0,0,1,0,0,0,0,0.0,0
0,met,image_anomaly_benign,202,met_378094_primary_000.jpg,data/raw/image_anomaly/benign/met/jpg/met_378094_primary_000.jpg,2152227,26,1,0,0,0,0.15384615384615385,image,0,0,0,0,0,1,1,0,0,0,53,7.976157764215061,6.3969951341376055,0.3742012343493507,0.011029970351640416,256,13,0,0,0,0,0,0,0,0,0,0,0,0.0,0
0,met,image_anomaly_benign,203,met_379929_primary_000.jpg,data/raw/image_anomaly/benign/met/jpg/met_379929_primary_000.jpg,2105517,26,1,0,0,0,0.15384615384615385,image,0,0,0,0,0,1,1,0,0,0,31,7.977879017462677,6.3939710577005355,0.37794945374461475,0.009859336210536414,256,15,0,2,0,0,0,2,2,0,0,0,0,0.0,0
0,met,image_anomaly_benign,204,met_38143_primary_000.jpg,data/raw/image_anomaly/benign/met/jpg/met_38143_primary_000.jpg,85084,25,1,0,0,0,0.16,image,0,0,0,0,0,1,1,0,0,0,1,7.918027173571762,3.47891432683586,0.39995768887217337,0.009425979032485543,256,6,0,1,0,0,0,1,1,0,0,0,0,0.0,0
0,met,image_anomaly_benign,205,met_38149_primary_000.jpg,data/raw/image_anomaly/benign/met/jpg/met_38149_primary_000.jpg,69722,25,1,0,0,0,0.16,image,0,0,0,0,0,1,1,0,0,0,1,7.840438624904905,3.4883389989229197,0.390536702905826,0.014859011502825507,256,6,0,1,0,0,0,1,1,0,0,0,0,0.0,0
0,met,image_anomaly_benign,206,met_381673_primary_000.jpg,data/raw/image_anomaly/benign/met/jpg/met_381673_primary_000.jpg,2014572,26,1,0,0,0,0.15384615384615385,image,0,0,0,0,0,1,1,0,0,0,38,7.980431626899957,3.211739232903859,0.3749679832738666,0.0081233135375653,256,6,0,0,1,0,0,0,1,0,0,0,0,0.0,0
0,met,image_anomaly_benign,207,met_382071_additional_001.jpg,data/raw/image_anomaly/benign/met/jpg/met_382071_additional_001.jpg,3373024,29,1,0,0,0,0.13793103448275862,image,0,0,0,0,0,1,1,0,0,0,76,7.9778559111428775,6.397693563218636,0.38141590454144414,0.008565311127344483,256,17,0,2,0,0,0,2,2,0,0,0,0,0.0,0
0,met,image_anomaly_benign,208,met_382071_primary_000.jpg,data/raw/image_anomaly/benign/met/jpg/met_382071_primary_000.jpg,1454079,26,1,0,0,0,0.15384615384615385,image,0,0,0,0,0,1,1,0,0,0,25,7.983457263406063,3.4672331476569873,0.37856952751535505,0.007425318706892817,256,6,0,0,0,0,0,0,0,0,0,0,0,0.0,0
0,met,image_anomaly_benign,209,met_383579_primary_000.jpg,data/raw/image_anomaly/benign/met/jpg/met_383579_primary_000.jpg,2179755,26,1,0,0,0,0.15384615384615385,image,0,0,0,0,0,1,1,0,0,0,46,7.955012518358578,3.3199129843453585,0.38295817649231223,0.009176260634796112,256,6,0,0,0,0,0,0,0,0,0,0,0,0.0,0
0,met,image_anomaly_benign,210,met_386675_primary_000.jpg,data/raw/image_anomaly/benign/met/jpg/met_386675_primary_000.jpg,1145590,26,1,0,0,0,0.15384615384615385,image,0,0,0,0,0,1,1,0,0,0,18,7.977284275134704,3.546233165328276,0.3787367208163479,0.008476854721148055,256,6,0,0,0,0,0,0,0,0,0,0,0,0.0,0
0,met,image_anomaly_benign,211,met_389149_primary_000.jpg,data/raw/image_anomaly/benign/met/jpg/met_389149_primary_000.jpg,2361912,26,1,0,0,0,0.15384615384615385,image,0,0,0,0,0,1,1,0,0,0,35,7.960970276151776,3.547588220304303,0.3834579781126477,0.007505360064219158,256,6,0,0,0,0,0,0,0,0,0,0,0,0.0,0
0,met,image_anomaly_benign,212,met_390540_primary_000.jpg,data/raw/image_anomaly/benign/met/jpg/met_390540_primary_000.jpg,2538475,26,1,0,0,0,0.15384615384615385,image,0,0,0,0,0,1,1,0,0,0,82,7.95359252655517,4.918776877701125,0.3865821014585529,0.005172002875742325,256,17,0,0,0,0,0,0,0,0,0,0,0,0.0,0
0,met,image_anomaly_benign,213,met_39115_primary_000.jpg,data/raw/image_anomaly/benign/met/jpg/met_39115_primary_000.jpg,75653,25,1,0,0,0,0.16,image,0,0,0,0,0,1,1,0,0,0,1,7.892217801606055,3.4747145630929137,0.40089619711049135,0.012253314475301707,256,6,0,1,0,0,0,1,1,0,0,0,0,0.0,0
0,met,image_anomaly_benign,214,met_391598_primary_000.jpg,data/raw/image_anomaly/benign/met/jpg/met_391598_primary_000.jpg,3868060,26,1,0,0,0,0.15384615384615385,image,0,0,0,0,0,1,1,0,0,0,74,7.978439780794214,3.5385689371755653,0.3778335909991055,0.007645176134806596,256,6,0,0,1,0,0,0,1,0,0,0,0,0.0,0
0,met,image_anomaly_benign,215,met_392193_primary_000.jpg,data/raw/image_anomaly/benign/met/jpg/met_392193_primary_000.jpg,4382590,26,1,0,0,0,0.15384615384615385,image,0,0,0,0,0,1,1,0,0,0,88,7.972609524903896,5.1446745838601435,0.3810554945819709,0.008144955380266007,256,17,0,2,0,0,0,2,2,0,0,0,0,0.0,0
0,met,image_anomaly_benign,216,met_392224_primary_000.jpg,data/raw/image_anomaly/benign/met/jpg/met_392224_primary_000.jpg,3598028,26,1,0,0,0,0.15384615384615385,image,0,0,0,0,0,1,1,0,0,0,102,7.959007294919107,6.392695926237086,0.39127405345372523,0.006571377432304584,256,17,0,2,3,0,0,2,5,0,0,0,0,0.0,0
0,met,image_anomaly_benign,217,met_392298_primary_000.jpg,data/raw/image_anomaly/benign/met/jpg/met_392298_primary_000.jpg,1319159,26,1,0,0,0,0.15384615384615385,image,0,0,0,0,0,1,1,0,0,0,26,7.97272311675948,3.5573256708693846,0.3688766858278646,0.00933928358901391,256,6,0,0,0,0,0,0,0,0,0,0,0,0.0,0
0,met,image_anomaly_benign,218,met_394404_primary_000.jpg,data/raw/image_anomaly/benign/met/jpg/met_394404_primary_000.jpg,4376725,26,1,0,0,0,0.15384615384615385,image,0,0,0,0,0,1,1,0,0,0,33,7.9845247530832735,3.5621916707584673,0.37506171852241116,0.007924646853526325,256,6,0,0,1,0,0,0,1,0,0,0,0,0.0,0
0,met,image_anomaly_benign,219,met_396235_primary_000.jpg,data/raw/image_anomaly/benign/met/jpg/met_396235_primary_000.jpg,3392844,26,1,0,0,0,0.15384615384615385,image,0,0,0,0,0,1,1,0,0,0,69,7.975613873216709,3.5469960190012775,0.378643698325063,0.007712114084820876,256,6,0,0,1,0,0,0,1,0,0,0,0,0.0,0
0,met,image_anomaly_benign,220,met_398846_primary_000.jpg,data/raw/image_anomaly/benign/met/jpg/met_398846_primary_000.jpg,3936974,26,1,0,0,0,0.15384615384615385,image,0,0,0,0,0,1,1,0,0,0,92,7.9667444065083055,3.5594133632581677,0.3798846525275503,0.006232959628384643,256,6,0,0,0,0,0,0,0,0,0,0,0,0.0,0
0,met,image_anomaly_benign,221,met_402272_primary_000.jpg,data/raw/image_anomaly/benign/met/jpg/met_402272_primary_000.jpg,978352,26,1,0,0,0,0.15384615384615385,image,0,0,0,0,0,1,1,0,0,0,21,7.983611561915948,3.5215667178590158,0.3740392006149116,0.009400502068785059,256,6,0,0,1,0,0,0,1,0,0,0,0,0.0,0
0,met,image_anomaly_benign,222,met_402837_primary_000.jpg,data/raw/image_anomaly/benign/met/jpg/met_402837_primary_000.jpg,5911142,26,1,0,0,0,0.15384615384615385,image,0,0,0,0,0,1,1,0,0,0,177,7.9505942882291825,5.139034413124731,0.39263969635647394,0.006263595088732431,256,17,0,0,0,0,0,0,0,0,0,0,0,0.0,0
0,met,image_anomaly_benign,223,met_407359_primary_000.jpg,data/raw/image_anomaly/benign/met/jpg/met_407359_primary_000.jpg,4464463,26,1,0,0,0,0.15384615384615385,image,0,0,0,0,0,1,1,0,0,0,43,7.982475408605076,3.562306786411461,0.3724618167963314,0.008363827855668195,256,6,0,0,0,0,0,0,0,0,0,0,0,0.0,0
0,met,image_anomaly_benign,224,met_40781_primary_000.jpg,data/raw/image_anomaly/benign/met/jpg/met_40781_primary_000.jpg,2030000,25,1,0,0,0,0.16,image,0,0,0,0,0,1,1,0,0,0,46,7.963004834305719,6.429112754246932,0.3631665024630542,0.014126600985221675,256,13,0,0,0,0,0,0,0,0,0,0,0,0.0,0
0,met,image_anomaly_benign,225,met_408596_primary_000.jpg,data/raw/image_anomaly/benign/met/jpg/met_408596_primary_000.jpg,1311844,26,1,0,0,0,0.15384615384615385,image,0,0,0,0,0,1,1,0,0,0,26,7.975394730938363,4.745830978117906,0.3836889142306555,0.009201551403977912,256,25,0,0,0,0,0,0,0,0,0,0,0,0.0,0
0,met,image_anomaly_benign,226,met_409055_primary_000.jpg,data/raw/image_anomaly/benign/met/jpg/met_409055_primary_000.jpg,1418138,26,1,0,0,0,0.15384615384615385,image,0,0,0,0,0,1,1,0,0,0,23,7.974704298893825,5.094846148948273,0.3861732779179459,0.009232528851211941,256,29,0,0,2,0,0,0,2,0,0,0,0,0.0,0
0,met,image_anomaly_benign,227,met_410060_primary_000.jpg,data/raw/image_anomaly/benign/met/jpg/met_410060_primary_000.jpg,2348780,26,1,0,0,0,0.15384615384615385,image,0,0,0,0,0,1,1,0,0,0,29,7.983696496369325,7.84662476896398,0.37483502073416836,0.007489420039339572,256,0,0,0,0,0,0,0,0,0,0,0,0,0.0,0
0,met,image_anomaly_benign,228,met_415296_primary_000.jpg,data/raw/image_anomaly/benign/met/jpg/met_415296_primary_000.jpg,4270484,26,1,0,0,0,0.15384615384615385,image,0,0,0,0,0,1,1,0,0,0,57,7.9831887528196654,3.4941497773913035,0.37635944778156294,0.007618106050742726,256,6,0,0,2,0,0,0,2,0,0,0,0,0.0,0
0,met,image_anomaly_benign,229,met_417671_primary_000.jpg,data/raw/image_anomaly/benign/met/jpg/met_417671_primary_000.jpg,558157,26,1,0,0,0,0.15384615384615385,image,0,0,0,0,0,1,1,0,0,0,14,7.971286425527178,6.443157994150342,0.39154395627036837,0.009461495600700162,256,13,0,0,0,0,0,0,0,0,0,0,0,0.0,0
0,met,image_anomaly_benign,230,met_418615_primary_000.jpg,data/raw/image_anomaly/benign/met/jpg/met_418615_primary_000.jpg,689972,26,1,0,0,0,0.15384615384615385,image,0,0,0,0,0,1,1,0,0,0,14,7.974949813919963,3.4259376715958734,0.38534317334616475,0.006555338477503435,256,6,0,0,0,0,0,0,0,0,0,0,0,0.0,0
0,met,image_anomaly_benign,231,met_432109_primary_000.jpg,data/raw/image_anomaly/benign/met/jpg/met_432109_primary_000.jpg,1940508,26,1,0,0,0,0.15384615384615385,image,0,0,0,0,0,1,1,0,0,0,36,7.959187227365319,7.798721237641088,0.3838443335456489,0.007442381067225695,256,0,0,0,0,0,0,0,0,0,0,0,0,0.0,0
0,met,image_anomaly_benign,232,met_43374_additional_001.jpg,data/raw/image_anomaly/benign/met/jpg/met_43374_additional_001.jpg,3228627,28,1,0,0,0,0.14285714285714285,image,0,0,0,0,0,1,1,0,0,0,55,7.968033427086681,6.398885573360393,0.3648681002791589,0.012305230675454302,256,13,0,0,0,0,0,0,0,0,0,0,0,0.0,0
0,met,image_anomaly_benign,233,met_43374_primary_000.jpg,data/raw/image_anomaly/benign/met/jpg/met_43374_primary_000.jpg,3014764,25,1,0,0,0,0.16,image,0,0,0,0,0,1,1,0,0,0,46,7.964777145901226,6.396433701689231,0.3616687740731945,0.013219276865452817,256,13,0,0,0,0,0,0,0,0,0,0,0,0.0,0
0,met,image_anomaly_benign,234,met_435941_primary_000.jpg,data/raw/image_anomaly/benign/met/jpg/met_435941_primary_000.jpg,3767931,26,1,0,0,0,0.15384615384615385,image,0,0,0,0,0,1,1,0,0,0,55,7.982036608823536,4.740744881159931,0.3781305974021286,0.00855031580992327,256,23,0,0,0,0,0,0,0,0,0,0,0,0.0,0
0,met,image_anomaly_benign,235,met_436102_primary_000.jpg,data/raw/image_anomaly/benign/met/jpg/met_436102_primary_000.jpg,3582011,26,1,0,0,0,0.15384615384615385,image,0,0,0,0,0,1,1,0,0,0,61,7.980563093256586,6.345960781163647,0.37157619002286707,0.01025262066476066,256,14,0,0,0,0,0,0,0,0,0,0,0,0.0,0
0,met,image_anomaly_benign,236,met_443334_primary_000.jpg,data/raw/image_anomaly/benign/met/jpg/met_443334_primary_000.jpg,948486,26,1,0,0,0,0.15384615384615385,image,0,0,0,0,0,1,1,0,0,0,27,7.959959390340842,3.480877333088124,0.3845402040725957,0.00881088387177038,256,6,0,1,1,0,0,1,2,0,0,0,0,0.0,0
0,met,image_anomaly_benign,237,met_443877_primary_000.jpg,data/raw/image_anomaly/benign/met/jpg/met_443877_primary_000.jpg,2631391,26,1,0,0,0,0.15384615384615385,image,0,0,0,0,0,1,1,0,0,0,28,7.964244977584489,3.385795423450077,0.3624007226596124,0.011325948899270386,256,9,0,0,1,0,0,0,1,0,0,0,0,0.0,0
0,met,image_anomaly_benign,238,met_444554_primary_000.jpg,data/raw/image_anomaly/benign/met/jpg/met_444554_primary_000.jpg,1392885,26,1,0,0,0,0.15384615384615385,image,0,0,0,0,0,1,1,0,0,0,20,7.941808759380949,4.950789948183014,0.3705797678918217,0.01543917839591926,256,18,0,0,0,0,0,0,0,0,0,0,0,0.0,0
0,met,image_anomaly_benign,239,met_444817_primary_000.jpg,data/raw/image_anomaly/benign/met/jpg/met_444817_primary_000.jpg,210209,26,1,0,0,0,0.15384615384615385,image,0,0,0,0,0,1,1,0,0,0,4,7.980926365547695,7.782547192479922,0.3628388889153176,0.008239418864082889,256,0,0,1,0,0,0,1,1,0,0,0,0,0.0,0
0,met,image_anomaly_benign,240,met_445164_additional_001.jpg,data/raw/image_anomaly/benign/met/jpg/met_445164_additional_001.jpg,3375895,29,1,0,0,0,0.13793103448275862,image,0,0,0,0,0,1,1,0,0,0,22,7.960505909540767,4.956033627604795,0.36640446459383363,0.014188533707357604,256,18,0,0,0,0,0,0,0,0,0,0,0,0.0,0
0,met,image_anomaly_benign,241,met_445164_additional_002.jpg,data/raw/image_anomaly/benign/met/jpg/met_445164_additional_002.jpg,1570057,29,1,0,0,0,0.13793103448275862,image,0,0,0,0,0,1,1,0,0,0,10,7.948442233293816,4.966832184318839,0.3677675396498344,0.016156101338995973,256,18,0,0,0,0,0,0,0,0,0,0,0,0.0,0
0,met,image_anomaly_benign,242,met_445164_additional_003.jpg,data/raw/image_anomaly/benign/met/jpg/met_445164_additional_003.jpg,208102,29,1,0,0,0,0.13793103448275862,image,0,0,0,0,0,1,1,0,0,0,3,7.938704584447006,3.4781501321874893,0.40209128215971013,0.005651074953628509,256,6,0,1,0,0,0,1,1,0,0,0,0,0.0,0
0,met,image_anomaly_benign,243,met_445164_additional_004.jpg,data/raw/image_anomaly/benign/met/jpg/met_445164_additional_004.jpg,161078,29,1,0,0,0,0.13793103448275862,image,0,0,0,0,0,1,1,0,0,0,1,7.912265468268833,3.4765983462253818,0.39212679571387776,0.012677088118799588,256,6,0,1,0,0,0,1,1,0,0,0,0,0.0,0
0,met,image_anomaly_benign,244,met_445164_primary_000.jpg,data/raw/image_anomaly/benign/met/jpg/met_445164_primary_000.jpg,169939,26,1,0,0,0,0.15384615384615385,image,0,0,0,0,0,1,1,0,0,0,8,7.933281950987298,3.4750267538187902,0.395082941526077,0.011910155997151919,256,6,0,1,0,0,0,1,1,0,0,0,0,0.0,0
0,met,image_anomaly_benign,245,met_445318_primary_000.jpg,data/raw/image_anomaly/benign/met/jpg/met_445318_primary_000.jpg,177288,26,1,0,0,0,0.15384615384615385,image,0,0,0,0,0,1,1,0,0,0,1,7.8962947460920185,3.479375680910155,0.38268805559315916,0.017237489282974593,256,6,0,1,0,0,0,1,1,0,0,0,0,0.0,0
0,met,image_anomaly_benign,246,met_445509_primary_000.jpg,data/raw/image_anomaly/benign/met/jpg/met_445509_primary_000.jpg,105318,26,1,0,0,0,0.15384615384615385,image,0,0,0,0,0,1,1,0,0,0,4,7.954939264293831,7.668591204118024,0.37544389373136594,0.011071231888186255,256,0,0,1,0,0,0,1,1,0,0,0,0,0.0,0
0,met,image_anomaly_benign,247,met_448895_additional_001.jpg,data/raw/image_anomaly/benign/met/jpg/met_448895_additional_001.jpg,189967,29,1,0,0,0,0.13793103448275862,image,0,0,0,0,0,1,1,0,0,0,3,7.911380870068536,3.484345256386974,0.39534761300646953,0.01020177188669611,256,6,0,1,0,0,0,1,1,0,0,0,0,0.0,0
0,met,image_anomaly_benign,248,met_448895_primary_000.jpg,data/raw/image_anomaly/benign/met/jpg/met_448895_primary_000.jpg,216315,26,1,0,0,0,0.15384615384615385,image,0,0,0,0,0,1,1,0,0,0,5,7.939146124879586,3.4928709289580415,0.3973695767746111,0.008788109932274692,256,6,0,1,0,0,0,1,1,0,0,0,0,0.0,0
0,met,image_anomaly_benign,249,met_449740_primary_000.jpg,data/raw/image_anomaly/benign/met/jpg/met_449740_primary_000.jpg,2290184,26,1,0,0,0,0.15384615384615385,image,0,0,0,0,0,1,1,0,0,0,37,7.957479016799013,0.3116886771733481,0.37230851320243263,0.013785791883970895,256,8,0,0,2,0,0,0,2,0,0,0,0,0.0,0
0,met,image_anomaly_benign,250,met_451618_primary_000.jpg,data/raw/image_anomaly/benign/met/jpg/met_451618_primary_000.jpg,55422,26,1,0,0,0,0.15384615384615385,image,0,0,0,0,0,1,1,0,0,0,2,7.8237930746645254,6.529079207586505,0.34504348453682654,0.05391360831438779,256,0,0,1,0,0,0,1,1,0,0,0,0,0.0,0
0,met,image_anomaly_benign,251,met_45636_primary_000.jpg,data/raw/image_anomaly/benign/met/jpg/met_45636_primary_000.jpg,2398891,25,1,0,0,0,0.16,image,0,0,0,0,0,1,1,0,0,0,26,7.981508297089586,7.812486322700033,0.36934191674402883,0.009663215210695275,256,0,0,0,0,0,0,0,0,0,0,0,0,0.0,0
0,met,image_anomaly_benign,252,met_45709_additional_001.jpg,data/raw/image_anomaly/benign/met/jpg/met_45709_additional_001.jpg,1981685,28,1,0,0,0,0.14285714285714285,image,0,0,0,0,0,1,1,0,0,0,26,7.953482623891744,5.246019764071648,0.3836603698367803,0.00962211451365883,256,24,0,0,0,0,0,0,0,0,0,0,0,0.0,0
0,met,image_anomaly_benign,253,met_45709_primary_000.jpg,data/raw/image_anomaly/benign/met/jpg/met_45709_primary_000.jpg,2282657,25,1,0,0,0,0.16,image,0,0,0,0,0,1,1,0,0,0,23,7.966523184615431,5.24984145337619,0.37813346464230063,0.00953494107962782,256,24,0,0,0,0,0,0,0,0,0,0,0,0.0,0
0,met,image_anomaly_benign,254,met_460184_primary_000.jpg,data/raw/image_anomaly/benign/met/jpg/met_460184_primary_000.jpg,1709574,26,1,0,0,0,0.15384615384615385,image,0,0,0,0,0,1,1,0,0,0,26,7.939267513010346,4.96443703018508,0.3735802018514554,0.012122318191549474,256,20,0,0,0,0,0,0,0,0,0,0,0,0.0,0
0,met,image_anomaly_benign,255,met_460672_additional_001.jpg,data/raw/image_anomaly/benign/met/jpg/met_460672_additional_001.jpg,297796,29,1,0,0,0,0.13793103448275862,image,0,0,0,0,0,1,1,0,0,0,11,7.943837198891222,2.885564336937789,0.3947064433370495,0.005654877835833926,256,6,0,0,0,0,0,0,0,0,0,0,0,0.0,0
0,met,image_anomaly_benign,256,met_460672_primary_000.jpg,data/raw/image_anomaly/benign/met/jpg/met_460672_primary_000.jpg,1403328,26,1,0,0,0,0.15384615384615385,image,0,0,0,0,0,1,1,0,0,0,19,7.880302126977427,5.232532949983701,0.362444845396087,0.015330699594107721,256,14,0,0,0,0,0,0,0,0,0,0,0,0.0,0
0,met,image_anomaly_benign,257,met_461203_primary_000.jpg,data/raw/image_anomaly/benign/met/jpg/met_461203_primary_000.jpg,269954,26,1,0,0,0,0.15384615384615385,image,0,0,0,0,0,1,1,0,0,0,2,7.867401640889162,0.1757402266528623,0.36303222030419996,0.031509071915956054,256,7,0,1,0,0,0,1,1,0,0,0,0,0.0,0
0,met,image_anomaly_benign,258,met_46803_primary_000.jpg,data/raw/image_anomaly/benign/met/jpg/met_46803_primary_000.jpg,1576790,25,1,0,0,0,0.16,image,0,0,0,0,0,1,1,0,0,0,39,7.931970624124689,3.039955513051061,0.3678397250109399,0.013552216845616728,256,11,0,0,0,0,0,0,0,0,0,0,0,0.0,0
0,met,image_anomaly_benign,259,met_46879_additional_001.jpg,data/raw/image_anomaly/benign/met/jpg/met_46879_additional_001.jpg,1222446,28,1,0,0,0,0.14285714285714285,image,0,0,0,0,0,1,1,0,0,0,18,7.895257805796753,3.0386943819715864,0.36429748226097514,0.014585511343650354,256,11,0,0,0,0,0,0,0,0,0,0,0,0.0,0
0,met,image_anomaly_benign,260,met_46879_additional_002.jpg,data/raw/image_anomaly/benign/met/jpg/met_46879_additional_002.jpg,1396680,28,1,0,0,0,0.14285714285714285,image,0,0,0,0,0,1,1,0,0,0,27,7.929373975991689,3.035875146555769,0.37536729959618526,0.012746656356502564,256,11,0,0,0,0,0,0,0,0,0,0,0,0.0,0
0,met,image_anomaly_benign,261,met_46879_primary_000.jpg,data/raw/image_anomaly/benign/met/jpg/met_46879_primary_000.jpg,1482136,25,1,0,0,0,0.16,image,0,0,0,0,0,1,1,0,0,0,33,7.923685288570037,3.0350676316740386,0.3720306368646332,0.013406327084693982,256,11,0,0,0,0,0,0,0,0,0,0,0,0.0,0
0,met,image_anomaly_benign,262,met_471147_additional_001.jpg,data/raw/image_anomaly/benign/met/jpg/met_471147_additional_001.jpg,1418247,29,1,0,0,0,0.13793103448275862,image,0,0,0,0,0,1,1,0,0,0,29,7.956319682735725,5.145151644918094,0.3794162793927997,0.012282063702584951,256,24,0,0,0,0,0,0,0,0,0,0,0,0.0,0
0,met,image_anomaly_benign,263,met_471147_additional_002.jpg,data/raw/image_anomaly/benign/met/jpg/met_471147_additional_002.jpg,2072353,29,1,0,0,0,0.13793103448275862,image,0,0,0,0,0,1,1,0,0,0,28,7.970151833503498,5.146925462864538,0.37759541931321544,0.011288134791707783,256,24,0,0,1,0,0,0,1,0,0,0,0,0.0,0
0,met,image_anomaly_benign,264,met_471147_additional_003.jpg,data/raw/image_anomaly/benign/met/jpg/met_471147_additional_003.jpg,1430376,29,1,0,0,0,0.13793103448275862,image,0,0,0,0,0,1,1,0,0,0,32,7.945554026406694,5.151834400680241,0.3762591094928886,0.016522229120175393,256,24,0,0,0,0,0,0,0,0,0,0,0,0.0,0
0,met,image_anomaly_benign,265,met_471147_additional_004.jpg,data/raw/image_anomaly/benign/met/jpg/met_471147_additional_004.jpg,220245,29,1,0,0,0,0.13793103448275862,image,0,0,0,0,0,1,1,0,0,0,0,7.790473438789924,3.4791100544290456,0.3570659946877341,0.03042974868896002,256,6,0,1,0,0,0,1,1,0,0,0,0,0.0,0
0,met,image_anomaly_benign,266,met_471147_primary_000.jpg,data/raw/image_anomaly/benign/met/jpg/met_471147_primary_000.jpg,2111029,26,1,0,0,0,0.15384615384615385,image,0,0,0,0,0,1,1,0,0,0,33,7.971585061600515,5.154500412268045,0.37841592891428777,0.010624202699252355,256,24,0,0,0,0,0,0,0,0,0,0,0,0.0,0
0,met,image_anomaly_benign,267,met_478503_primary_000.jpg,data/raw/image_anomaly/benign/met/jpg/met_478503_primary_000.jpg,499588,26,1,0,0,0,0.15384615384615385,image,0,0,0,0,0,1,1,0,0,0,6,7.879328044206307,3.5394649503158395,0.3816644915410298,0.010004243496641233,256,6,1,1,0,0,0,1,1,0,0,0,0,0.0,0
0,met,image_anomaly_benign,268,met_49546_primary_000.jpg,data/raw/image_anomaly/benign/met/jpg/met_49546_primary_000.jpg,2100813,25,1,0,0,0,0.16,image,0,0,0,0,0,1,1,0,0,0,21,7.951062763969135,5.0083915802359416,0.3781431283983867,0.014506764762023084,256,15,0,0,0,0,0,0,0,0,0,0,0,0.0,0
0,met,image_anomaly_benign,269,met_505155_primary_000.jpg,data/raw/image_anomaly/benign/met/jpg/met_505155_primary_000.jpg,109023,26,1,0,0,0,0.15384615384615385,image,0,0,0,0,0,1,1,0,0,0,0,7.878091517207639,3.497582891355946,0.3858268438769801,0.014556561459508545,256,6,0,0,0,0,0,0,0,0,0,0,0,0.0,0
0,met,image_anomaly_benign,270,met_52357_primary_000.jpg,data/raw/image_anomaly/benign/met/jpg/met_52357_primary_000.jpg,317521,25,1,0,0,0,0.16,image,0,0,0,0,0,1,1,0,0,0,6,7.770545808241619,3.4811883177849308,0.3728666765347804,0.036643245643595224,256,6,0,1,0,0,0,1,1,0,0,0,0,0.0,0
0,met,image_anomaly_benign,271,met_543898_additional_001.jpg,data/raw/image_anomaly/benign/met/jpg/met_543898_additional_001.jpg,1149696,29,1,0,0,0,0.13793103448275862,image,0,0,0,0,0,1,1,0,0,0,35,7.913996840780237,4.9748900395001385,0.38403978095079044,0.014070676074370965,256,22,0,0,0,0,0,0,0,0,0,0,0,0.0,0
0,met,image_anomaly_benign,272,met_543898_additional_002.jpg,data/raw/image_anomaly/benign/met/jpg/met_543898_additional_002.jpg,1113171,29,1,0,0,0,0.13793103448275862,image,0,0,0,0,0,1,1,0,0,0,25,7.908966613136716,4.976336868682777,0.38359066127306585,0.014366166563807358,256,22,0,0,0,0,0,0,0,0,0,0,0,0.0,0
0,met,image_anomaly_benign,273,met_543898_additional_003.jpg,data/raw/image_anomaly/benign/met/jpg/met_543898_additional_003.jpg,937249,29,1,0,0,0,0.13793103448275862,image,0,0,0,0,0,1,1,0,0,0,25,7.917587630910866,4.972701585060071,0.38908337058775205,0.013443599299652494,256,22,0,0,0,0,0,0,0,0,0,0,0,0.0,0
0,met,image_anomaly_benign,274,met_543898_additional_004.jpg,data/raw/image_anomaly/benign/met/jpg/met_543898_additional_004.jpg,1132687,29,1,0,0,0,0.13793103448275862,image,0,0,0,0,0,1,1,0,0,0,24,7.906081105303314,4.974273171444798,0.3827129648349456,0.014537996816419717,256,22,0,0,0,0,0,0,0,0,0,0,0,0.0,0
0,met,image_anomaly_benign,275,met_543898_additional_005.jpg,data/raw/image_anomaly/benign/met/jpg/met_543898_additional_005.jpg,1431856,29,1,0,0,0,0.13793103448275862,image,0,0,0,0,0,1,1,0,0,0,41,7.900840701503629,4.975225473011613,0.3662588975427697,0.0116331530544971,256,22,0,0,0,0,0,0,0,0,0,0,0,0.0,0
0,met,image_anomaly_benign,276,met_543898_primary_000.jpg,data/raw/image_anomaly/benign/met/jpg/met_543898_primary_000.jpg,1387456,26,1,0,0,0,0.15384615384615385,image,0,0,0,0,0,1,1,0,0,0,30,7.951645682246467,3.5373045929141873,0.36931045020526776,0.006937156926057475,256,6,0,0,1,0,0,0,1,0,0,0,0,0.0,0
0,met,image_anomaly_benign,277,met_54480_primary_000.jpg,data/raw/image_anomaly/benign/met/jpg/met_54480_primary_000.jpg,2202799,25,1,0,0,0,0.16,image,0,0,0,0,0,1,1,0,0,0,54,7.979970753694178,3.48464479803749,0.3793564460488678,0.008009809338028572,256,6,0,0,0,0,0,0,0,0,0,0,0,0.0,0
0,met,image_anomaly_benign,278,met_54702_primary_000.jpg,data/raw/image_anomaly/benign/met/jpg/met_54702_primary_000.jpg,3759774,25,1,0,0,0,0.16,image,0,0,0,0,0,1,1,0,0,0,67,7.979856102906623,3.4909542678267518,0.38277912448992946,0.006880732724892507,256,6,0,0,1,0,0,0,1,0,0,0,0,0.0,0
0,met,image_anomaly_benign,279,met_547431_primary_000.jpg,data/raw/image_anomaly/benign/met/jpg/met_547431_primary_000.jpg,2393352,26,1,0,0,0,0.15384615384615385,image,0,0,0,0,0,1,1,0,0,0,29,7.978663602089864,4.862024797045987,0.3817541255945636,0.007674174129004008,256,16,0,0,0,0,0,0,0,0,0,0,0,0.0,0
0,met,image_anomaly_benign,280,met_547635_primary_000.jpg,data/raw/image_anomaly/benign/met/jpg/met_547635_primary_000.jpg,1341669,26,1,0,0,0,0.15384615384615385,image,0,0,0,0,0,1,1,0,0,0,5,7.936992746580978,5.20599917572372,0.3837600779327837,0.011337371587179849,256,10,0,0,0,0,0,0,0,0,0,0,0,0.0,0
0,met,image_anomaly_benign,281,met_549684_primary_000.jpg,data/raw/image_anomaly/benign/met/jpg/met_549684_primary_000.jpg,209671,26,1,0,0,0,0.15384615384615385,image,0,0,0,0,0,1,1,0,0,0,1,7.892465761605921,4.9568960540327875,0.4204301023985196,0.017083907645787925,256,19,0,0,0,0,0,0,0,0,0,0,0,0.0,0
0,met,image_anomaly_benign,282,met_549816_primary_000.jpg,data/raw/image_anomaly/benign/met/jpg/met_549816_primary_000.jpg,1085336,26,1,0,0,0,0.15384615384615385,image,0,0,0,0,0,1,1,0,0,0,20,7.9617514530931,4.9611017485056115,0.38387927793789206,0.007891565376989245,256,19,0,0,0,0,0,0,0,0,0,0,0,0.0,0
0,met,image_anomaly_benign,283,met_551350_additional_001.jpg,data/raw/image_anomaly/benign/met/jpg/met_551350_additional_001.jpg,2787499,29,1,0,0,0,0.13793103448275862,image,0,0,0,0,0,1,1,0,0,0,43,7.94793893638723,6.324921466144964,0.37392623279864856,0.012778479920530912,256,16,0,0,0,0,0,0,0,0,0,0,0,0.0,0
0,met,image_anomaly_benign,284,met_551350_additional_002.jpg,data/raw/image_anomaly/benign/met/jpg/met_551350_additional_002.jpg,3085698,29,1,0,0,0,0.13793103448275862,image,0,0,0,0,0,1,1,0,0,0,60,7.95030097849238,6.321483489100105,0.3745334118893035,0.012325574310901456,256,17,0,0,0,0,0,0,0,0,0,0,0,0.0,0
0,met,image_anomaly_benign,285,met_551350_additional_003.jpg,data/raw/image_anomaly/benign/met/jpg/met_551350_additional_003.jpg,2638339,29,1,0,0,0,0.13793103448275862,image,0,0,0,0,0,1,1,0,0,0,47,7.930584803469203,6.365675765979199,0.37295321033422923,0.014302938325969483,256,16,0,0,0,0,0,0,0,0,0,0,0,0.0,0
0,met,image_anomaly_benign,286,met_551350_additional_004.jpg,data/raw/image_anomaly/benign/met/jpg/met_551350_additional_004.jpg,2790572,29,1,0,0,0,0.13793103448275862,image,0,0,0,0,0,1,1,0,0,0,50,7.93815717807393,6.356011241758025,0.3698689730994219,0.013681066104010218,256,16,0,0,0,0,0,0,0,0,0,0,0,0.0,0
0,met,image_anomaly_benign,287,met_551350_additional_005.jpg,data/raw/image_anomaly/benign/met/jpg/met_551350_additional_005.jpg,2462821,29,1,0,0,0,0.13793103448275862,image,0,0,0,0,0,1,1,0,0,0,46,7.949162010831494,6.325393852084277,0.3719567926373861,0.01256770183460349,256,15,0,0,0,0,0,0,0,0,0,0,0,0.0,0
0,met,image_anomaly_benign,288,met_551350_additional_006.jpg,data/raw/image_anomaly/benign/met/jpg/met_551350_additional_006.jpg,1046470,29,1,0,0,0,0.13793103448275862,image,0,0,0,0,0,1,1,0,0,0,11,7.90953526462903,4.889998060770651,0.38151690922816706,0.017706193201907364,256,17,0,0,0,0,0,0,0,0,0,0,0,0.0,0
0,met,image_anomaly_benign,289,met_551350_primary_000.jpg,data/raw/image_anomaly/benign/met/jpg/met_551350_primary_000.jpg,2623764,26,1,0,0,0,0.15384615384615385,image,0,0,0,0,0,1,1,0,0,0,48,7.950539946543171,6.321920699677467,0.3723391280618226,0.012467203605202298,256,17,0,0,1,0,0,0,1,0,0,0,0,0.0,0
0,met,image_anomaly_benign,290,met_551422_primary_000.jpg,data/raw/image_anomaly/benign/met/jpg/met_551422_primary_000.jpg,183208,26,1,0,0,0,0.15384615384615385,image,0,0,0,0,0,1,1,0,0,0,3,7.750414068244656,5.206518230220605,0.4372789397842889,0.030533601152788088,256,19,0,0,0,0,0,0,0,0,0,0,0,0.0,0
0,met,image_anomaly_benign,291,met_552299_primary_000.jpg,data/raw/image_anomaly/benign/met/jpg/met_552299_primary_000.jpg,564881,26,1,0,0,0,0.15384615384615385,image,0,0,0,0,0,1,1,0,0,0,7,7.920666738882562,7.22713220970735,0.37759634330062436,0.009586089813606759,256,15,0,0,0,0,0,0,0,0,0,0,0,0.0,0
0,met,image_anomaly_benign,292,met_55516_primary_000.jpg,data/raw/image_anomaly/benign/met/jpg/met_55516_primary_000.jpg,2128541,25,1,0,0,0,0.16,image,0,0,0,0,0,1,1,0,0,0,45,7.989229148098334,3.4166477975996146,0.3762934329195444,0.00794534848048499,256,6,0,0,0,0,0,0,0,0,0,0,0,0.0,0
0,met,image_anomaly_benign,293,met_558330_primary_000.jpg,data/raw/image_anomaly/benign/met/jpg/met_558330_primary_000.jpg,207379,26,1,0,0,0,0.15384615384615385,image,0,0,0,0,0,1,1,0,0,0,2,7.912018699853222,7.348353642617586,0.36834973647283475,0.008361502370056756,256,6,0,0,0,0,0,0,0,0,0,0,0,0.0,0
0,met,image_anomaly_benign,294,met_558514_primary_000.jpg,data/raw/image_anomaly/benign/met/jpg/met_558514_primary_000.jpg,842946,26,1,0,0,0,0.15384615384615385,image,0,0,0,0,0,1,1,0,0,0,25,7.535268045667843,6.322738824793774,0.34486906634588693,0.11444505341979201,256,18,0,2,0,0,0,2,2,0,0,0,0,0.0,0
0,met,image_anomaly_benign,295,met_56066_primary_000.jpg,data/raw/image_anomaly/benign/met/jpg/met_56066_primary_000.jpg,1724933,25,1,0,0,0,0.16,image,0,0,0,0,0,1,1,0,0,0,30,7.9824426060206735,3.4717151260966204,0.37531370783676815,0.008393369481597256,256,6,0,0,1,0,0,0,1,0,0,0,0,0.0,0
0,met,image_anomaly_benign,296,met_56572_primary_000.jpg,data/raw/image_anomaly/benign/met/jpg/met_56572_primary_000.jpg,1228351,25,1,0,0,0,0.16,image,0,0,0,0,0,1,1,0,0,0,9,7.917780794299752,4.873370120581353,0.3776534557304875,0.017473832805118408,256,18,0,0,0,0,0,0,0,0,0,0,0,0.0,0
0,met,image_anomaly_benign,297,met_56754_primary_000.jpg,data/raw/image_anomaly/benign/met/jpg/met_56754_primary_000.jpg,2010254,25,1,0,0,0,0.16,image,0,0,0,0,0,1,1,0,0,0,41,7.982622186748134,3.402785699541339,0.37534958268955065,0.008986924040444641,256,6,0,0,0,0,0,0,0,0,0,0,0,0.0,0
0,met,image_anomaly_benign,298,met_57035_primary_000.jpg,data/raw/image_anomaly/benign/met/jpg/met_57035_primary_000.jpg,2938361,25,1,0,0,0,0.16,image,0,0,0,0,0,1,1,0,0,0,59,7.982434152072635,3.4852180133465667,0.3757111532585683,0.00840842905279508,256,6,0,0,0,0,0,0,0,0,0,0,0,0.0,0
0,met,image_anomaly_benign,299,met_57139_additional_001.jpg,data/raw/image_anomaly/benign/met/jpg/met_57139_additional_001.jpg,241486,28,1,0,0,0,0.14285714285714285,image,0,0,0,0,0,1,1,0,0,0,1,7.450193229569284,3.485015720633768,0.3352244022427801,0.0665877110888416,256,6,0,1,0,0,0,1,1,0,0,0,0,0.0,0
0,met,image_anomaly_benign,300,met_57139_additional_002.jpg,data/raw/image_anomaly/benign/met/jpg/met_57139_additional_002.jpg,2346807,28,1,0,0,0,0.14285714285714285,image,0,0,0,0,0,1,1,0,0,0,9,7.929083462595115,4.963572782774719,0.36693345468971245,0.01662642049388808,256,18,0,0,0,0,0,0,0,0,0,0,0,0.0,0
0,met,image_anomaly_benign,301,met_57139_primary_000.jpg,data/raw/image_anomaly/benign/met/jpg/met_57139_primary_000.jpg,275672,25,1,0,0,0,0.16,image,0,0,0,0,0,1,1,0,0,0,1,7.51857003058448,3.484808191689697,0.33760410923126033,0.05928059432949302,256,6,0,1,0,0,0,1,1,0,0,0,0,0.0,0
0,met,image_anomaly_benign,302,met_573269_primary_000.jpg,data/raw/image_anomaly/benign/met/jpg/met_573269_primary_000.jpg,2869372,26,1,0,0,0,0.15384615384615385,image,0,0,0,0,0,1,1,0,0,0,68,7.9661381587698195,5.06368269286672,0.3659943708937008,0.010856382511573962,256,16,0,0,0,0,0,0,0,0,0,0,0,0.0,0
0,met,image_anomaly_benign,303,met_5790_additional_001.jpg,data/raw/image_anomaly/benign/met/jpg/met_5790_additional_001.jpg,1328117,27,1,0,0,0,0.14814814814814814,image,0,0,0,0,0,1,1,0,0,0,17,7.929748927548937,4.940248601442579,0.36879808028961303,0.012559134473845301,256,16,0,0,0,0,0,0,0,0,0,0,0,0.0,0
0,met,image_anomaly_benign,304,met_5790_primary_000.jpg,data/raw/image_anomaly/benign/met/jpg/met_5790_primary_000.jpg,1156294,24,1,0,0,0,0.16666666666666666,image,0,0,0,0,0,1,1,0,0,0,5,7.716691478500741,4.934836225745756,0.3436807593916426,0.01878242038789443,256,15,0,0,0,0,0,0,0,0,0,0,0,0.0,0
0,met,image_anomaly_benign,305,met_581221_primary_000.jpg,data/raw/image_anomaly/benign/met/jpg/met_581221_primary_000.jpg,3133673,26,1,0,0,0,0.15384615384615385,image,0,0,0,0,0,1,1,0,0,0,48,7.97080322798308,6.424415748336015,0.36827071618512847,0.013448754863701477,256,8,0,0,1,0,0,0,1,0,0,0,0,0.0,0
0,met,image_anomaly_benign,306,met_58132_primary_000.jpg,data/raw/image_anomaly/benign/met/jpg/met_58132_primary_000.jpg,1327325,25,1,0,0,0,0.16,image,0,0,0,0,0,1,1,0,0,0,12,7.944324761596834,5.313429463319996,0.38167517375171867,0.014038762172037745,256,26,0,0,1,0,0,0,1,0,0,0,0,0.0,0
0,met,image_anomaly_benign,307,met_62636_primary_000.jpg,data/raw/image_anomaly/benign/met/jpg/met_62636_primary_000.jpg,124665,25,1,0,0,0,0.16,image,0,0,0,0,0,1,1,0,0,0,0,7.85633843327074,3.488819395173774,0.3926122006978703,0.012208719367905988,256,6,0,1,0,0,0,1,1,0,0,0,0,0.0,0
0,met,image_anomaly_benign,308,met_62867_primary_000.jpg,data/raw/image_anomaly/benign/met/jpg/met_62867_primary_000.jpg,96948,25,1,0,0,0,0.16,image,0,0,0,0,0,1,1,0,0,0,2,7.918367422656134,3.56601079119195,0.39545942154557084,0.008406568469695095,256,6,0,0,0,0,0,0,0,0,0,0,0,0.0,0
0,met,image_anomaly_benign,309,met_633460_primary_000.jpg,data/raw/image_anomaly/benign/met/jpg/met_633460_primary_000.jpg,2482038,26,1,0,0,0,0.15384615384615385,image,0,0,0,0,0,1,1,0,0,0,41,7.981866770628398,4.7933705779953195,0.37695192418488355,0.009368107982230731,256,28,0,0,0,0,0,0,0,0,0,0,0,0.0,0
0,met,image_anomaly_benign,310,met_633652_primary_000.jpg,data/raw/image_anomaly/benign/met/jpg/met_633652_primary_000.jpg,5405366,26,1,0,0,0,0.15384615384615385,image,0,0,0,0,0,1,1,0,0,0,95,7.967767005136624,5.136422886124314,0.3857551921553508,0.007175277307771574,256,13,0,0,0,0,0,0,0,0,0,0,0,0.0,0
0,met,image_anomaly_benign,311,met_651966_primary_000.jpg,data/raw/image_anomaly/benign/met/jpg/met_651966_primary_000.jpg,2525303,26,1,0,0,0,0.15384615384615385,image,0,0,0,0,0,1,1,0,0,0,47,7.980843041921691,6.469281362080157,0.3755224620570284,0.009071782673207927,256,13,0,0,0,0,0,0,0,0,0,0,0,0.0,0
0,met,image_anomaly_benign,312,met_657206_primary_000.jpg,data/raw/image_anomaly/benign/met/jpg/met_657206_primary_000.jpg,2355154,26,1,0,0,0,0.15384615384615385,image,0,0,0,0,0,1,1,0,0,0,53,7.979465376258007,4.837323799390518,0.38251596286272577,0.008117940482872883,256,24,0,0,2,0,0,0,2,0,0,0,0,0.0,0
0,met,image_anomaly_benign,313,met_665360_primary_000.jpg,data/raw/image_anomaly/benign/met/jpg/met_665360_primary_000.jpg,2124656,26,1,0,0,0,0.15384615384615385,image,0,0,0,0,0,1,1,0,0,0,29,7.9796656502796175,4.8028127578369455,0.37589190909022446,0.008751063701606283,256,22,0,0,0,0,0,0,0,0,0,0,0,0.0,0
0,met,image_anomaly_benign,314,met_666467_primary_000.jpg,data/raw/image_anomaly/benign/met/jpg/met_666467_primary_000.jpg,740949,26,1,0,0,0,0.15384615384615385,image,0,0,0,0,0,1,1,0,0,0,17,7.829700693198688,6.446289467450733,0.3612232420854877,0.03779342437873592,256,13,0,0,0,0,0,0,0,0,0,0,0,0.0,0
0,met,image_anomaly_benign,315,met_667526_primary_000.jpg,data/raw/image_anomaly/benign/met/jpg/met_667526_primary_000.jpg,1246463,26,1,0,0,0,0.15384615384615385,image,0,0,0,0,0,1,1,0,0,0,10,7.92371693175113,5.205261120731332,0.3774961631432301,0.01560896713340067,256,26,0,0,0,0,0,0,0,0,0,0,0,0.0,0
0,met,image_anomaly_benign,316,met_669563_primary_000.jpg,data/raw/image_anomaly/benign/met/jpg/met_669563_primary_000.jpg,1065054,26,1,0,0,0,0.15384615384615385,image,0,0,0,0,0,1,1,0,0,0,8,7.9097197906034244,5.2086802247815545,0.3753377763005444,0.016640470811808604,256,26,0,0,0,0,0,0,0,0,0,0,0,0.0,0
0,met,image_anomaly_benign,317,met_669597_additional_001.jpg,data/raw/image_anomaly/benign/met/jpg/met_669597_additional_001.jpg,1239090,29,1,0,0,0,0.13793103448275862,image,0,0,0,0,0,1,1,0,0,0,10,7.905009391997833,5.210751730533947,0.37420284240854174,0.016772792936751973,256,26,0,0,0,0,0,0,0,0,0,0,0,0.0,0
0,met,image_anomaly_benign,318,met_669597_primary_000.jpg,data/raw/image_anomaly/benign/met/jpg/met_669597_primary_000.jpg,1242708,26,1,0,0,0,0.15384615384615385,image,0,0,0,0,0,1,1,0,0,0,10,7.909832308519057,5.209492105328368,0.3738456660776305,0.01668774965639555,256,26,0,0,0,0,0,0,0,0,0,0,0,0.0,0
0,met,image_anomaly_benign,319,met_671050_primary_000.jpg,data/raw/image_anomaly/benign/met/jpg/met_671050_primary_000.jpg,3045989,26,1,0,0,0,0.15384615384615385,image,0,0,0,0,0,1,1,0,0,0,52,7.984578482583695,6.4310744405257525,0.36781846552958664,0.009953417428624989,256,13,0,0,0,0,0,0,0,0,0,0,0,0.0,0
0,met,image_anomaly_benign,320,met_6804_primary_000.jpg,data/raw/image_anomaly/benign/met/jpg/met_6804_primary_000.jpg,423180,24,1,0,0,0,0.16666666666666666,image,0,0,0,0,0,1,1,0,0,0,3,7.869664464388753,4.922074776927042,0.37840635190698996,0.02301857365660003,256,15,0,0,0,0,0,0,0,0,0,0,0,0.0,0
0,met,image_anomaly_benign,321,met_68363_primary_000.jpg,data/raw/image_anomaly/benign/met/jpg/met_68363_primary_000.jpg,80442,25,1,0,0,0,0.16,image,0,0,0,0,0,1,1,0,0,0,0,7.867789388023459,3.534857335905623,0.4005867581611596,0.011623281370428383,256,6,0,0,0,0,0,0,0,0,0,0,0,0.0,0
0,met,image_anomaly_benign,322,met_689238_additional_001.jpg,data/raw/image_anomaly/benign/met/jpg/met_689238_additional_001.jpg,1541785,29,1,0,0,0,0.13793103448275862,image,0,0,0,0,0,1,1,0,0,0,13,7.938509375245166,5.18681002542578,0.3796521564290741,0.013555716263940821,256,26,0,0,0,0,0,0,0,0,0,0,0,0.0,0
0,met,image_anomaly_benign,323,met_689238_primary_000.jpg,data/raw/image_anomaly/benign/met/jpg/met_689238_primary_000.jpg,1537554,26,1,0,0,0,0.15384615384615385,image,0,0,0,0,0,1,1,0,0,0,9,7.938501092050483,5.181657792749251,0.37876588399496863,0.013364083472840628,256,26,0,0,0,0,0,0,0,0,0,0,0,0.0,0
0,met,image_anomaly_benign,324,met_691015_primary_000.jpg,data/raw/image_anomaly/benign/met/jpg/met_691015_primary_000.jpg,2832984,26,1,0,0,0,0.15384615384615385,image,0,0,0,0,0,1,1,0,0,0,80,7.958790750160471,6.4063164120827745,0.38899019549704483,0.006872965043219446,256,13,0,0,0,0,0,0,0,0,0,0,0,0.0,0
0,met,image_anomaly_benign,325,met_69420_primary_000.jpg,data/raw/image_anomaly/benign/met/jpg/met_69420_primary_000.jpg,2290277,25,1,0,0,0,0.16,image,0,0,0,0,0,1,1,0,0,0,74,7.970648276371096,3.039792198597443,0.37806038308903245,0.007664138442642528,256,9,0,0,1,0,0,0,1,0,0,0,0,0.0,0
0,met,image_anomaly_benign,326,met_699366_primary_000.jpg,data/raw/image_anomaly/benign/met/jpg/met_699366_primary_000.jpg,232492,26,1,0,0,0,0.15384615384615385,image,0,0,0,0,0,1,1,0,0,0,7,7.916855268216049,6.42979766951925,0.4081129673279081,0.021514718786022746,256,17,0,0,0,0,0,0,0,0,0,0,0,0.0,0
0,met,image_anomaly_benign,327,met_703714_primary_000.jpg,data/raw/image_anomaly/benign/met/jpg/met_703714_primary_000.jpg,213310,26,1,0,0,0,0.15384615384615385,image,0,0,0,0,0,1,1,0,0,0,4,7.8989896984918975,6.4010484749184196,0.4096901223571328,0.023275983310674604,256,17,0,0,0,0,0,0,0,0,0,0,0,0.0,0
0,met,image_anomaly_benign,328,met_703767_primary_000.jpg,data/raw/image_anomaly/benign/met/jpg/met_703767_primary_000.jpg,195021,26,1,0,0,0,0.15384615384615385,image,0,0,0,0,0,1,1,0,0,0,2,7.898200843850667,6.426403563778851,0.41739094764153606,0.018208295516893052,256,17,0,0,0,0,0,0,0,0,0,0,0,0.0,0
0,met,image_anomaly_benign,329,met_704540_primary_000.jpg,data/raw/image_anomaly/benign/met/jpg/met_704540_primary_000.jpg,3263836,26,1,0,0,0,0.15384615384615385,image,0,0,0,0,0,1,1,0,0,0,50,7.983240409567576,6.376388531685527,0.3754401262808548,0.008623595058085026,256,14,0,0,1,0,0,0,1,0,0,0,0,0.0,0
0,met,image_anomaly_benign,330,met_707908_primary_000.jpg,data/raw/image_anomaly/benign/met/jpg/met_707908_primary_000.jpg,4402807,26,1,0,0,0,0.15384615384615385,image,0,0,0,0,0,1,1,0,0,0,97,7.9706546528072515,4.898251476951157,0.3796196381081433,0.0093388149878021,256,26,0,0,0,0,0,0,0,0,0,0,0,0.0,0
0,met,image_anomaly_benign,331,met_712912_primary_000.jpg,data/raw/image_anomaly/benign/met/jpg/met_712912_primary_000.jpg,146795,26,1,0,0,0,0.15384615384615385,image,0,0,0,0,0,1,1,0,0,0,3,7.89521970635707,6.4229382765657705,0.4317449504410913,0.01940120576313907,256,15,0,0,0,0,0,0,0,0,0,0,0,0.0,0
0,met,image_anomaly_benign,332,met_713471_primary_000.jpg,data/raw/image_anomaly/benign/met/jpg/met_713471_primary_000.jpg,280672,26,1,0,0,0,0.15384615384615385,image,0,0,0,0,0,1,1,0,0,0,5,7.9224778386971675,6.43618346305324,0.411843717934101,0.019952114924181964,256,24,1,0,0,0,0,0,0,0,0,0,0,0.0,0
0,met,image_anomaly_benign,333,met_715362_primary_000.jpg,data/raw/image_anomaly/benign/met/jpg/met_715362_primary_000.jpg,154165,26,1,0,0,0,0.15384615384615385,image,0,0,0,0,0,1,1,0,0,0,3,7.893789946533166,6.38381409642328,0.4274575941361528,0.020140758278467875,256,15,0,0,0,0,0,0,0,0,0,0,0,0.0,0
0,met,image_anomaly_benign,334,met_71997_primary_000.jpg,data/raw/image_anomaly/benign/met/jpg/met_71997_primary_000.jpg,90474,25,1,0,0,0,0.16,image,0,0,0,0,0,1,1,0,0,0,2,7.86246204484407,3.486129139354755,0.39031102858279726,0.01668987775493512,256,6,0,1,0,0,0,1,1,0,0,0,0,0.0,0
0,met,image_anomaly_benign,335,met_721371_primary_000.jpg,data/raw/image_anomaly/benign/met/jpg/met_721371_primary_000.jpg,220303,26,1,0,0,0,0.15384615384615385,image,0,0,0,0,0,1,1,0,0,0,4,7.918192187988309,6.424592742538165,0.40380294412695245,0.017289823561186184,256,17,0,0,0,0,0,0,0,0,0,0,0,0.0,0
0,met,image_anomaly_benign,336,met_721395_primary_000.jpg,data/raw/image_anomaly/benign/met/jpg/met_721395_primary_000.jpg,209356,26,1,0,0,0,0.15384615384615385,image,0,0,0,0,0,1,1,0,0,0,4,7.913568306478705,6.407458189847872,0.41482450944802157,0.020582166262251858,256,17,0,0,0,0,0,0,0,0,0,0,0,0.0,0
0,met,image_anomaly_benign,337,met_726554_primary_000.jpg,data/raw/image_anomaly/benign/met/jpg/met_726554_primary_000.jpg,280881,26,1,0,0,0,0.15384615384615385,image,0,0,0,0,0,1,1,0,0,0,4,7.950750951644352,6.395037240742477,0.404306450062482,0.01441891761991733,256,15,0,2,0,0,0,2,2,0,0,0,0,0.0,0
0,met,image_anomaly_benign,338,met_729060_primary_000.jpg,data/raw/image_anomaly/benign/met/jpg/met_729060_primary_000.jpg,358642,26,1,0,0,0,0.15384615384615385,image,0,0,0,0,0,1,1,0,0,0,8,7.9492832800218105,6.434855033037059,0.39956837180252175,0.01676602294209825,256,17,0,0,0,0,0,0,0,0,0,0,0,0.0,0
0,met,image_anomaly_benign,339,met_733332_primary_000.jpg,data/raw/image_anomaly/benign/met/jpg/met_733332_primary_000.jpg,352936,26,1,0,0,0,0.15384615384615385,image,0,0,0,0,0,1,1,0,0,0,11,7.937323716087064,6.401299658268454,0.39815717297187025,0.019145114128340548,256,17,0,0,0,0,0,0,0,0,0,0,0,0.0,0
0,met,image_anomaly_benign,340,met_737236_primary_000.jpg,data/raw/image_anomaly/benign/met/jpg/met_737236_primary_000.jpg,194774,26,1,0,0,0,0.15384615384615385,image,0,0,0,0,0,1,1,0,0,0,4,7.905797662055273,6.401087981326552,0.4151580806473143,0.021773953402404837,256,17,0,0,0,0,0,0,0,0,0,0,0,0.0,0
0,met,image_anomaly_benign,341,met_738940_primary_000.jpg,data/raw/image_anomaly/benign/met/jpg/met_738940_primary_000.jpg,1511692,26,1,0,0,0,0.15384615384615385,image,0,0,0,0,0,1,1,0,0,0,39,7.957995722111254,5.136572261523975,0.39428666686070973,0.0075306345472490425,256,17,0,0,0,0,0,0,0,0,0,0,0,0.0,0
0,met,image_anomaly_benign,342,met_739936_additional_001.jpg,data/raw/image_anomaly/benign/met/jpg/met_739936_additional_001.jpg,354271,29,1,0,0,0,0.13793103448275862,image,0,0,0,0,0,1,1,0,0,0,6,7.939845497884083,6.4076240274651655,0.4013791701832778,0.017322896878378416,256,17,0,0,0,0,0,0,0,0,0,0,0,0.0,0
0,met,image_anomaly_benign,343,met_739936_primary_000.jpg,data/raw/image_anomaly/benign/met/jpg/met_739936_primary_000.jpg,361407,26,1,0,0,0,0.15384615384615385,image,0,0,0,0,0,1,1,0,0,0,8,7.942045135089661,6.421842317193549,0.3972806282114071,0.017611723071218874,256,17,0,0,0,0,0,0,0,0,0,0,0,0.0,0
0,met,image_anomaly_benign,344,met_741768_additional_001.jpg,data/raw/image_anomaly/benign/met/jpg/met_741768_additional_001.jpg,3124565,29,1,0,0,0,0.13793103448275862,image,0,0,0,0,0,1,1,0,0,0,106,7.957886545586522,2.4162686347695637,0.37720962758015913,0.013956502745182129,256,8,0,0,2,0,0,0,2,0,0,0,0,0.0,0
0,met,image_anomaly_benign,345,met_741768_primary_000.jpg,data/raw/image_anomaly/benign/met/jpg/met_741768_primary_000.jpg,3201495,26,1,0,0,0,0.15384615384615385,image,0,0,0,0,0,1,1,0,0,0,84,7.959916001915038,2.420390858206687,0.3774561572015574,0.013642064098179132,256,8,0,0,1,0,0,0,1,0,0,0,0,0.0,0
0,met,image_anomaly_benign,346,met_754439_primary_000.jpg,data/raw/image_anomaly/benign/met/jpg/met_754439_primary_000.jpg,4621090,26,1,0,0,0,0.15384615384615385,image,0,0,0,0,0,1,1,0,0,0,79,7.973374369537528,5.142613629527363,0.37797034898692733,0.008135093668376942,256,17,0,2,0,0,0,2,2,0,0,0,0,0.0,0
0,met,image_anomaly_benign,347,met_755312_primary_000.jpg,data/raw/image_anomaly/benign/met/jpg/met_755312_primary_000.jpg,4639050,26,1,0,0,0,0.15384615384615385,image,0,0,0,0,0,1,1,0,0,0,61,7.9785921834070335,6.390271250722547,0.3800002155613757,0.00823832465698796,256,17,0,2,0,0,0,2,2,0,0,0,0,0.0,0
0,met,image_anomaly_benign,348,met_759863_primary_000.jpg,data/raw/image_anomaly/benign/met/jpg/met_759863_primary_000.jpg,215032,26,1,0,0,0,0.15384615384615385,image,0,0,0,0,0,1,1,0,0,0,6,7.908317164833877,6.425343020389497,0.4172355742401131,0.021150340414449943,256,17,0,0,0,0,0,0,0,0,0,0,0,0.0,0
0,met,image_anomaly_benign,349,met_760199_primary_000.jpg,data/raw/image_anomaly/benign/met/jpg/met_760199_primary_000.jpg,5539435,26,1,0,0,0,0.15384615384615385,image,0,0,0,0,0,1,1,0,0,0,129,7.961684772633118,5.13757771449732,0.3829318333006886,0.007769564946605565,256,17,0,2,1,0,0,2,3,0,0,0,0,0.0,0
0,met,image_anomaly_benign,350,met_764753_primary_000.jpg,data/raw/image_anomaly/benign/met/jpg/met_764753_primary_000.jpg,2010138,26,1,0,0,0,0.15384615384615385,image,0,0,0,0,0,1,1,0,0,0,30,7.982479552495143,6.351178553542187,0.37720494811798994,0.009377465626738064,256,13,0,0,0,0,0,0,0,0,0,0,0,0.0,0
0,met,image_anomaly_benign,351,met_77299_primary_000.jpg,data/raw/image_anomaly/benign/met/jpg/met_77299_primary_000.jpg,107851,25,1,0,0,0,0.16,image,0,0,0,0,0,1,1,0,0,0,1,7.949235971681176,7.739151536861826,0.3641690851267026,0.007584537927325662,256,0,0,0,0,0,0,0,0,0,0,0,0,0.0,0
0,met,image_anomaly_benign,352,met_773855_additional_001.jpg,data/raw/image_anomaly/benign/met/jpg/met_773855_additional_001.jpg,1701403,29,1,0,0,0,0.13793103448275862,image,0,0,0,0,0,1,1,0,0,0,33,7.955001541954264,6.382108389587502,0.38594266026332386,0.013621699268192192,256,17,0,0,0,0,0,0,0,0,0,0,0,0.0,0
0,met,image_anomaly_benign,353,met_773855_primary_000.jpg,data/raw/image_anomaly/benign/met/jpg/met_773855_primary_000.jpg,1646210,26,1,0,0,0,0.15384615384615385,image,0,0,0,0,0,1,1,0,0,0,33,7.966597282133363,6.426486212817394,0.3750791211327838,0.0117688508756477,256,17,0,0,0,0,0,0,0,0,0,0,0,0.0,0
0,met,image_anomaly_benign,354,met_8068_primary_000.jpg,data/raw/image_anomaly/benign/met/jpg/met_8068_primary_000.jpg,323675,24,1,0,0,0,0.16666666666666666,image,0,0,0,0,0,1,1,0,0,0,2,7.892379618978326,4.922199015106412,0.38665636827064187,0.02129605313972349,256,15,0,0,0,0,0,0,0,0,0,0,0,0.0,0
0,met,image_anomaly_benign,355,met_813191_primary_000.jpg,data/raw/image_anomaly/benign/met/jpg/met_813191_primary_000.jpg,2513077,26,1,0,0,0,0.15384615384615385,image,0,0,0,0,0,1,1,0,0,0,17,7.986668547191234,6.446212057391627,0.37155964580472467,0.009575910328254963,256,13,0,0,1,0,0,0,1,0,0,0,0,0.0,0
0,met,image_anomaly_benign,356,met_813301_primary_000.jpg,data/raw/image_anomaly/benign/met/jpg/met_813301_primary_000.jpg,2627680,26,1,0,0,0,0.15384615384615385,image,0,0,0,0,0,1,1,0,0,0,32,7.983181030488663,6.399558227286328,0.3800009894659928,0.00757702612190221,256,13,0,0,0,0,0,0,0,0,0,0,0,0.0,0
0,met,image_anomaly_benign,357,met_8181_primary_000.jpg,data/raw/image_anomaly/benign/met/jpg/met_8181_primary_000.jpg,743683,24,1,0,0,0,0.16666666666666666,image,0,0,0,0,0,1,1,0,0,0,8,7.943285963777773,3.029384672762495,0.36573513176985356,0.01877412822398791,256,9,0,0,0,0,0,0,0,0,0,0,0,0.0,0
0,met,image_anomaly_benign,358,met_82115_additional_001.jpg,data/raw/image_anomaly/benign/met/jpg/met_82115_additional_001.jpg,535587,28,1,0,0,0,0.14285714285714285,image,0,0,0,0,0,1,1,0,0,0,7,7.971214244990991,3.5401364589386053,0.3733977859806157,0.008999471607787343,256,6,0,1,0,0,0,1,1,0,0,0,0,0.0,0
0,met,image_anomaly_benign,359,met_82115_additional_002.jpg,data/raw/image_anomaly/benign/met/jpg/met_82115_additional_002.jpg,672725,28,1,0,0,0,0.14285714285714285,image,0,0,0,0,0,1,1,0,0,0,7,7.967323937440051,3.5363707679546996,0.3617228436582556,0.01166747184956706,256,6,0,1,0,0,0,1,1,0,0,0,0,0.0,0
0,met,image_anomaly_benign,360,met_82115_additional_003.jpg,data/raw/image_anomaly/benign/met/jpg/met_82115_additional_003.jpg,295720,28,1,0,0,0,0.14285714285714285,image,0,0,0,0,0,1,1,0,0,0,3,7.969041592223977,3.54130924786459,0.37474976328959825,0.010087244690923846,256,6,0,1,0,0,0,1,1,0,0,0,0,0.0,0
0,met,image_anomaly_benign,361,met_82115_additional_004.jpg,data/raw/image_anomaly/benign/met/jpg/met_82115_additional_004.jpg,370439,28,1,0,0,0,0.14285714285714285,image,0,0,0,0,0,1,1,0,0,0,18,7.688119793735795,3.624137886603024,0.3744611123558805,0.008384646325035971,256,6,0,0,0,0,0,0,0,0,0,0,0,0.0,0
0,met,image_anomaly_benign,362,met_82115_primary_000.jpg,data/raw/image_anomaly/benign/met/jpg/met_82115_primary_000.jpg,645699,25,1,0,0,0,0.16,image,0,0,0,0,0,1,1,0,0,0,4,7.97212874327622,3.5346553989731953,0.3703118635773015,0.010320598297349074,256,6,0,1,0,0,0,1,1,0,0,0,0,0.0,0
0,met,image_anomaly_benign,363,met_821168_additional_001.jpg,data/raw/image_anomaly/benign/met/jpg/met_821168_additional_001.jpg,3475293,29,1,0,0,0,0.13793103448275862,image,0,0,0,0,0,1,1,0,0,0,83,7.969249711460619,6.391988599777972,0.37856376426390526,0.01076743745059769,256,12,0,0,0,0,0,0,0,0,0,0,0,0.0,0
0,met,image_anomaly_benign,364,met_821168_additional_002.jpg,data/raw/image_anomaly/benign/met/jpg/met_821168_additional_002.jpg,3714162,29,1,0,0,0,0.13793103448275862,image,0,0,0,0,0,1,1,0,0,0,77,7.970037319938707,6.434204764311032,0.3830971831600237,0.008580670417714683,256,12,0,0,0,0,0,0,0,0,0,0,0,0.0,0
0,met,image_anomaly_benign,365,met_821168_additional_003.jpg,data/raw/image_anomaly/benign/met/jpg/met_821168_additional_003.jpg,4300965,29,1,0,0,0,0.13793103448275862,image,0,0,0,0,0,1,1,0,0,0,71,7.974648028825413,6.430970490261103,0.3816306340553806,0.008130268439757124,256,12,0,0,0,0,0,0,0,0,0,0,0,0.0,0
0,met,image_anomaly_benign,366,met_821168_primary_000.jpg,data/raw/image_anomaly/benign/met/jpg/met_821168_primary_000.jpg,6221700,26,1,0,0,0,0.15384615384615385,image,0,0,0,0,0,1,1,0,0,0,161,7.961298622166545,6.393847368223722,0.3844793223716991,0.00705514569972837,256,13,0,0,1,0,0,0,1,0,0,0,0,0.0,0
0,met,image_anomaly_benign,367,met_821348_primary_000.jpg,data/raw/image_anomaly/benign/met/jpg/met_821348_primary_000.jpg,3752350,26,1,0,0,0,0.15384615384615385,image,0,0,0,0,0,1,1,0,0,0,49,7.986021573422562,6.454464963454321,0.37886337894919186,0.007634682265780111,256,13,0,0,0,0,0,0,0,0,0,0,0,0.0,0
0,met,image_anomaly_benign,368,met_911851_primary_000.jpg,data/raw/image_anomaly/benign/met/jpg/met_911851_primary_000.jpg,3209568,26,1,0,0,0,0.15384615384615385,image,0,0,0,0,0,1,1,0,0,0,59,7.9842688236789225,6.354355215238762,0.38255927277440455,0.007282911594332944,256,15,0,0,0,0,0,0,0,0,0,0,0,0.0,0
0,met,image_anomaly_benign,369,met_912370_primary_000.jpg,data/raw/image_anomaly/benign/met/jpg/met_912370_primary_000.jpg,2681599,26,1,0,0,0,0.15384615384615385,image,0,0,0,0,0,1,1,0,0,0,45,7.982064412746308,7.682332837415175,0.38112111467821996,0.007980686150315539,256,15,0,2,0,0,0,2,2,0,0,0,0,0.0,0
0,wikimedia,image_anomaly_benign,370,commons_10438010.gif,data/raw/image_anomaly/benign/wikimedia/gif/commons_10438010.gif,51088,20,1,0,0,0,0.1,image,0,0,0,0,0,1,1,0,0,0,0,7.918761100291681,4.623778124459135,0.3084677419354839,0.023273567178202316,256,0,0,0,0,0,0,0,0,0,0,0,0,0.0,0
0,wikimedia,image_anomaly_benign,371,commons_10525849.gif,data/raw/image_anomaly/benign/wikimedia/gif/commons_10525849.gif,1445348,20,1,0,0,0,0.1,image,0,0,0,0,0,1,1,0,0,0,11,7.971324083634123,4.117135493986806,0.35293092044268926,0.005583430426444012,256,0,0,0,0,0,0,0,0,0,0,0,0,0.0,0
0,wikimedia,image_anomaly_benign,372,commons_1228779.gif,data/raw/image_anomaly/benign/wikimedia/gif/commons_1228779.gif,568203,19,1,0,0,0,0.10526315789473684,image,0,0,0,0,0,1,1,0,0,0,6,7.910632909264275,4.705733007237831,0.3769726664589944,0.008118577339436786,256,0,0,0,0,0,0,0,0,0,0,0,0,0.0,0
0,wikimedia,image_anomaly_benign,373,commons_1236079.gif,data/raw/image_anomaly/benign/wikimedia/gif/commons_1236079.gif,508851,19,1,0,0,0,0.10526315789473684,image,0,0,0,0,0,1,1,0,0,0,2,7.922692885056258,3.5799773615828188,0.34665550426352704,0.024826520926558068,256,0,0,0,0,0,0,0,0,0,0,0,0,0.0,0
0,wikimedia,image_anomaly_benign,374,commons_1325234.gif,data/raw/image_anomaly/benign/wikimedia/gif/commons_1325234.gif,407552,19,1,0,0,0,0.10526315789473684,image,0,0,0,0,0,1,1,0,0,0,4,7.969261329409697,4.9886085007312415,0.341902383008794,0.009353407663316583,256,0,0,0,0,0,0,0,0,0,0,0,0,0.0,0
0,wikimedia,image_anomaly_benign,375,commons_15288272.gif,data/raw/image_anomaly/benign/wikimedia/gif/commons_15288272.gif,27253,20,1,0,0,0,0.1,image,0,0,0,0,0,1,1,0,0,0,1,7.957522442183199,2.575375780033049,0.3791509191648626,0.010090632223975342,256,0,0,0,0,0,0,0,0,0,0,0,0,0.0,0
0,wikimedia,image_anomaly_benign,376,commons_1702289.gif,data/raw/image_anomaly/benign/wikimedia/gif/commons_1702289.gif,3638957,19,1,0,0,0,0.10526315789473684,image,0,0,0,0,0,1,1,0,0,0,43,7.8107457512692,3.337596736313303,0.35225285706866005,0.013634950893896245,256,0,0,0,2,0,0,0,2,0,0,0,0,0.0,0
0,wikimedia,image_anomaly_benign,377,commons_1711901.gif,data/raw/image_anomaly/benign/wikimedia/gif/commons_1711901.gif,60846,19,1,0,0,0,0.10526315789473684,image,0,0,0,0,0,1,1,0,0,0,1,7.950675919731142,4.579172609267364,0.3461197120599546,0.010616967425960622,256,0,0,2,0,0,0,2,2,0,0,0,0,0.0,0
0,wikimedia,image_anomaly_benign,378,commons_1976022.gif,data/raw/image_anomaly/benign/wikimedia/gif/commons_1976022.gif,3105318,19,1,0,0,0,0.10526315789473684,image,0,0,0,0,0,1,1,0,0,0,32,7.8448363659890585,4.5986274920460595,0.36677628506967724,0.014458422615654823,256,0,0,0,2,0,0,0,2,0,0,0,0,0.0,0
0,wikimedia,image_anomaly_benign,379,commons_284196.gif,data/raw/image_anomaly/benign/wikimedia/gif/commons_284196.gif,1148870,18,1,0,0,0,0.1111111111111111,image,0,0,0,0,0,1,1,0,0,0,9,7.957841561095805,5.632659765557392,0.37713057177922654,0.007899936459303489,256,0,0,0,0,0,0,0,0,0,0,0,0,0.0,0
0,wikimedia,image_anomaly_benign,380,commons_3056838.gif,data/raw/image_anomaly/benign/wikimedia/gif/commons_3056838.gif,205362,19,1,0,0,0,0.10526315789473684,image,0,0,0,0,0,1,1,0,0,0,2,7.592819493414434,4.584868358901743,0.35116038994555954,0.0137610658252257,256,0,0,2,0,0,0,2,2,0,0,0,0,0.0,0
0,wikimedia,image_anomaly_benign,381,commons_3270145.gif,data/raw/image_anomaly/benign/wikimedia/gif/commons_3270145.gif,1199783,19,1,0,0,0,0.10526315789473684,image,0,0,0,0,0,1,1,0,0,0,37,7.930571829593262,3.924198558647944,0.3393988746298289,0.018680044641405987,256,0,0,0,0,0,0,0,0,0,0,0,0,0.0,0
0,wikimedia,image_anomaly_benign,382,commons_34825915.gif,data/raw/image_anomaly/benign/wikimedia/gif/commons_34825915.gif,18749,20,1,0,0,0,0.1,image,0,0,0,0,0,1,1,0,0,0,2,7.845662516896716,4.934674852072125,0.39063416715558164,0.009440503493519655,256,0,0,0,0,0,0,0,0,0,0,0,0,0.0,0
0,wikimedia,image_anomaly_benign,383,commons_34825916.gif,data/raw/image_anomaly/benign/wikimedia/gif/commons_34825916.gif,21805,20,1,0,0,0,0.1,image,0,0,0,0,0,1,1,0,0,0,0,7.843210875389348,4.530388867995137,0.36574180233891307,0.01187800963081862,256,0,0,0,0,0,0,0,0,0,0,0,0,0.0,0
0,wikimedia,image_anomaly_benign,384,commons_34825938.gif,data/raw/image_anomaly/benign/wikimedia/gif/commons_34825938.gif,26277,20,1,0,0,0,0.1,image,0,0,0,0,0,1,1,0,0,0,0,7.8637462399485925,4.633719775058999,0.3772881226928493,0.008981238345321003,256,0,0,0,0,0,0,0,0,0,0,0,0,0.0,0
0,wikimedia,image_anomaly_benign,385,commons_34825940.gif,data/raw/image_anomaly/benign/wikimedia/gif/commons_34825940.gif,27036,20,1,0,0,0,0.1,image,0,0,0,0,0,1,1,0,0,0,1,7.881084708183544,4.839364454101657,0.374167776298269,0.009986684420772303,256,0,0,0,0,0,0,0,0,0,0,0,0,0.0,0
0,wikimedia,image_anomaly_benign,386,commons_34825941.gif,data/raw/image_anomaly/benign/wikimedia/gif/commons_34825941.gif,27505,20,1,0,0,0,0.1,image,0,0,0,0,0,1,1,0,0,0,0,7.867110791527998,4.670665524693379,0.36582439556444285,0.010943464824577349,256,0,0,0,0,0,0,0,0,0,0,0,0,0.0,0
0,wikimedia,image_anomaly_benign,387,commons_3996880.gif,data/raw/image_anomaly/benign/wikimedia/gif/commons_3996880.gif,2671301,19,1,0,0,0,0.10526315789473684,image,0,0,0,0,0,1,1,0,0,0,36,7.928989426746918,5.191024413893479,0.36913099646951053,0.005250250720529061,256,0,0,0,1,0,0,0,1,0,0,0,0,0.0,0
0,wikimedia,image_anomaly_benign,388,commons_526484.gif,data/raw/image_anomaly/benign/wikimedia/gif/commons_526484.gif,297201,18,1,0,0,0,0.1111111111111111,image,0,0,0,0,0,1,1,0,0,0,2,7.847006850435746,4.537687890016526,0.36368652864559675,0.012600899727793649,256,0,0,0,0,0,0,0,0,0,0,0,0,0.0,0
0,wikimedia,image_anomaly_benign,389,commons_540978.gif,data/raw/image_anomaly/benign/wikimedia/gif/commons_540978.gif,38733,18,1,0,0,0,0.1111111111111111,image,0,0,0,0,0,1,1,0,0,0,0,7.952042670335971,4.478123587245975,0.33599256447990083,0.008184235664678697,256,0,0,0,0,0,0,0,0,0,0,0,0,0.0,0
0,wikimedia,image_anomaly_benign,390,commons_5530212.gif,data/raw/image_anomaly/benign/wikimedia/gif/commons_5530212.gif,49211,19,1,0,0,0,0.10526315789473684,image,0,0,0,0,0,1,1,0,0,0,3,7.965343768188515,2.6405403095134434,0.3818455223425657,0.006868383085082604,256,0,0,0,0,0,0,0,0,0,0,0,0,0.0,0
0,wikimedia,image_anomaly_benign,391,commons_5530229.gif,data/raw/image_anomaly/benign/wikimedia/gif/commons_5530229.gif,54431,19,1,0,0,0,0.10526315789473684,image,0,0,0,0,0,1,1,0,0,0,1,7.973728982093751,2.6405403095134434,0.3711120501184986,0.006650621888262203,256,0,0,0,0,0,0,0,0,0,0,0,0,0.0,0
0,wikimedia,image_anomaly_benign,392,commons_566137.gif,data/raw/image_anomaly/benign/wikimedia/gif/commons_566137.gif,1622193,18,1,0,0,0,0.1111111111111111,image,0,0,0,0,0,1,1,0,0,0,27,7.933707349599988,5.28477441389348,0.37108284895816956,0.0092005082009354,256,0,0,0,0,0,0,0,0,0,0,0,0,0.0,0
0,wikimedia,image_anomaly_benign,393,commons_6359878.gif,data/raw/image_anomaly/benign/wikimedia/gif/commons_6359878.gif,347000,19,1,0,0,0,0.10526315789473684,image,0,0,0,0,0,1,1,0,0,0,3,7.989260372512275,4.2472177264886675,0.3758040345821326,0.007636887608069165,256,0,0,0,0,0,0,0,0,0,0,0,0,0.0,0
0,wikimedia,image_anomaly_benign,394,commons_149291488.jpg,data/raw/image_anomaly/benign/wikimedia/jpg/commons_149291488.jpg,2647680,21,1,0,0,0,0.09523809523809523,image,0,0,0,0,0,1,1,0,0,0,39,7.950871179361889,5.886589581213882,0.36314018310369833,0.009580462895818227,256,6,0,0,0,0,0,0,0,0,0,0,0,0.0,0
0,wikimedia,image_anomaly_benign,395,commons_149301474.jpg,data/raw/image_anomaly/benign/wikimedia/jpg/commons_149301474.jpg,4437214,21,1,0,0,0,0.09523809523809523,image,0,0,0,0,0,1,1,0,0,0,108,7.975053900601198,2.4431789767635053,0.37982977607120144,0.006867372184438254,256,3,0,0,0,0,0,0,0,0,0,0,0,0.0,0
0,wikimedia,image_anomaly_benign,396,commons_601236.jpg,data/raw/image_anomaly/benign/wikimedia/jpg/commons_601236.jpg,956016,18,1,0,0,0,0.1111111111111111,image,0,0,0,0,0,1,1,0,0,0,10,7.891110160455282,7.658609202863424,0.36072618031497383,0.014856445917223142,256,9,0,0,0,0,0,0,0,0,0,0,0,0.0,0
0,wikimedia,image_anomaly_benign,397,commons_88681811.jpg,data/raw/image_anomaly/benign/wikimedia/jpg/commons_88681811.jpg,15636863,20,1,0,0,0,0.1,image,0,0,0,0,0,1,1,0,0,0,316,7.955952420951705,1.4708467066215645,0.3681531903170092,0.011084959943692031,256,18,0,2,2,0,0,2,4,0,0,0,0,0.0,0
0,wikimedia,image_anomaly_benign,398,commons_16116361.png,data/raw/image_anomaly/benign/wikimedia/png/commons_16116361.png,247450,20,1,0,0,0,0.1,image,0,0,0,0,0,1,1,0,0,0,9,7.988873181820853,4.293852353126395,0.378819963629016,0.003491614467569206,256,0,0,0,0,0,0,0,0,0,0,0,0,0.0,0
0,wikimedia,image_anomaly_benign,399,commons_922761.png,data/raw/image_anomaly/benign/wikimedia/png/commons_922761.png,863718,18,1,0,0,0,0.1111111111111111,image,0,0,0,0,0,1,1,0,0,0,11,7.9921394327539765,5.029598182252591,0.3795034953538076,0.0017783582141393372,256,0,0,0,0,0,0,0,0,0,0,0,0,0.0,0
0,worldoftanks_2981839,image_anomaly_benign,400,Honeycam 2017-12-28 13-45-19.gif,data/raw/image_anomaly/benign/worldoftanks_2981839/Honeycam 2017-12-28 13-45-19.gif,1942130,32,1,0,0,0,0.21875,image,0,0,0,0,0,1,1,0,0,0,15,7.665621198429282,5.370864648336088,0.36804281896680446,0.03290922852744152,256,0,0,0,0,0,0,0,0,0,0,0,0,0.0,0
0,worldoftanks_2981839,image_anomaly_benign,401,Honeycam 2017-12-28 13-52-08.gif,data/raw/image_anomaly/benign/worldoftanks_2981839/Honeycam 2017-12-28 13-52-08.gif,5011940,32,1,0,0,0,0.21875,image,0,0,0,0,0,1,1,0,0,0,48,7.72881096758875,5.277114648336088,0.3728466422183825,0.027768887895705058,256,0,0,0,1,0,0,0,1,0,0,0,0,0.0,0
0,worldoftanks_2981839,image_anomaly_benign,402,Honeycam 2017-12-28 13-57-26.gif,data/raw/image_anomaly/benign/worldoftanks_2981839/Honeycam 2017-12-28 13-57-26.gif,2486826,32,1,0,0,0,0.21875,image,0,0,0,0,0,1,1,0,0,0,23,7.7613058814111735,5.644454882778696,0.37659208967575536,0.025129220942679543,256,0,0,0,0,0,0,0,0,0,0,0,0,0.0,0
0,worldoftanks_2981839,image_anomaly_benign,403,Honeycam 2017-12-28 13-59-56.gif,data/raw/image_anomaly/benign/worldoftanks_2981839/Honeycam 2017-12-28 13-59-56.gif,6044006,32,1,0,0,0,0.21875,image,0,0,0,0,0,1,1,0,0,0,48,7.658847576363717,5.351409765557392,0.37651352430821544,0.025375719349054252,256,0,0,0,0,0,0,0,0,0,0,0,0,0.0,0
0,worldoftanks_2981839,image_anomaly_benign,404,Honeycam 2017-12-28 14-05-02.gif,data/raw/image_anomaly/benign/worldoftanks_2981839/Honeycam 2017-12-28 14-05-02.gif,7861976,32,1,0,0,0,0.21875,image,0,0,0,0,0,1,1,0,0,0,67,7.68060011805629,5.381099367586925,0.3755534232106534,0.0272547257839505,256,0,0,0,0,0,0,0,0,0,0,0,0,0.0,0
0,worldoftanks_2981839,image_anomaly_benign,405,Honeycam 2017-12-28 14-08-46.gif,data/raw/image_anomaly/benign/worldoftanks_2981839/Honeycam 2017-12-28 14-08-46.gif,5021072,32,1,0,0,0,0.21875,image,0,0,0,0,0,1,1,0,0,0,33,7.706892834106269,5.550704882778696,0.37402650270699167,0.029825702559134783,256,0,0,0,1,0,0,0,1,0,0,0,0,0.0,0
0,"짤방,움짤 모음집",image_anomaly_benign,406,%A4%BC%A4%BB%A4%BA%A4%BB%A4%BC%A4%BA%A4%BB%A4%BC.jpg,"data/raw/image_anomaly/benign/짤방,움짤 모음집/%A4%BC%A4%BB%A4%BA%A4%BB%A4%BC%A4%BA%A4%BB%A4%BC.jpg",80706,52,1,0,0,0,0.3269230769230769,image,0,0,0,0,0,1,1,0,0,0,3,7.730105994725979,7.594450672016665,0.31872475404554806,0.026131886105122296,256,0,0,0,0,0,0,0,0,0,0,0,0,0.0,0
0,"짤방,움짤 모음집",image_anomaly_benign,407,%B1%B34%A4%A7%B1%B4%A4%B5%B1%B3.jpg,"data/raw/image_anomaly/benign/짤방,움짤 모음집/%B1%B34%A4%A7%B1%B4%A4%B5%B1%B3.jpg",76491,35,1,0,0,0,0.3142857142857143,image,0,0,0,0,0,1,1,0,0,0,4,7.961889487590363,7.800424410279817,0.373390333503288,0.0133610490123021,256,0,0,0,0,0,0,0,0,0,0,0,0,0.0,0
0,"짤방,움짤 모음집",image_anomaly_benign,408,122501819259071.jpg,"data/raw/image_anomaly/benign/짤방,움짤 모음집/122501819259071.jpg",92632,19,1,0,0,0,0.05263157894736842,image,0,0,0,0,0,1,1,0,0,0,0,7.975455227915904,7.867374137420943,0.36372959668365146,0.009057345193885482,256,0,0,0,0,0,0,0,0,0,0,0,0,0.0,0
0,"짤방,움짤 모음집",image_anomaly_benign,409,123755303427100.jpg,"data/raw/image_anomaly/benign/짤방,움짤 모음집/123755303427100.jpg",33371,19,1,0,0,0,0.05263157894736842,image,0,0,0,0,0,1,1,0,0,0,1,7.940221947689654,7.818351256499058,0.34374157202361333,0.012346048964669922,256,0,0,0,0,0,0,0,0,0,0,0,0,0.0,0
0,"짤방,움짤 모음집",image_anomaly_benign,410,1초뒤adf.jpg,"data/raw/image_anomaly/benign/짤방,움짤 모음집/1초뒤adf.jpg",63851,10,1,0,0,0,0.1,image,0,0,0,0,0,1,1,0,0,0,2,7.962332640370017,7.254247084033077,0.3707224632347183,0.017446868490704922,256,0,0,0,0,0,0,0,0,0,0,0,0,0.0,0
0,"짤방,움짤 모음집",image_anomaly_benign,411,1초뒤dd.jpg,"data/raw/image_anomaly/benign/짤방,움짤 모음집/1초뒤dd.jpg",42476,9,1,0,0,0,0.1111111111111111,image,0,0,0,0,0,1,1,0,0,0,1,7.981050013470651,7.889063818636295,0.3683021000094171,0.007980977493172616,256,0,0,0,0,0,0,0,0,0,0,0,0,0.0,0
0,"짤방,움짤 모음집",image_anomaly_benign,412,5(8116).jpg,"data/raw/image_anomaly/benign/짤방,움짤 모음집/5(8116).jpg",29692,11,1,0,0,0,0.2727272727272727,image,0,0,0,0,0,1,1,0,0,0,1,7.956365753070925,7.845123189801923,0.3581772868112623,0.012798060083524182,256,0,0,0,0,0,0,0,0,0,0,0,0,0.0,0
0,"짤방,움짤 모음집",image_anomaly_benign,413,65416rt3.jpg,"data/raw/image_anomaly/benign/짤방,움짤 모음집/65416rt3.jpg",62405,12,1,0,0,0,0.08333333333333333,image,0,0,0,0,0,1,1,0,0,0,3,7.960356618053574,7.642276732267432,0.36412146462623185,0.02099190769970355,256,2,0,0,0,0,0,0,0,0,0,0,0,0.0,0
0,"짤방,움짤 모음집",image_anomaly_benign,414,;;;.JPG,"data/raw/image_anomaly/benign/짤방,움짤 모음집/;;;.JPG",20200,7,1,0,1,0,0.5714285714285714,image,0,0,0,0,0,1,1,0,0,0,0,7.936460408661155,7.83426487956488,0.3571287128712871,0.016732673267326734,256,0,0,1,0,0,0,1,1,0,0,0,0,0.0,0
0,"짤방,움짤 모음집",image_anomaly_benign,415,__1201358979__23m8075m0.jpg,"data/raw/image_anomaly/benign/짤방,움짤 모음집/__1201358979__23m8075m0.jpg",40989,27,1,0,0,0,0.18518518518518517,image,0,0,0,0,0,1,1,0,0,0,0,7.96867540895843,7.89261572106123,0.3828832125692259,0.004635389982678279,256,0,0,0,0,0,0,0,0,0,0,0,0,0.0,0
0,"짤방,움짤 모음집",image_anomaly_benign,416,__125749782222781.jpg,"data/raw/image_anomaly/benign/짤방,움짤 모음집/__125749782222781.jpg",59081,21,1,0,0,0,0.14285714285714285,image,0,0,0,0,0,1,1,0,0,0,0,7.980376251641381,7.849815360602903,0.3738426905434911,0.008039809752712379,256,0,0,0,0,0,0,0,0,0,0,0,0,0.0,0
0,"짤방,움짤 모음집",image_anomaly_benign,417,af%5B0%5D.gif,"data/raw/image_anomaly/benign/짤방,움짤 모음집/af%5B0%5D.gif",262883,13,1,0,0,0,0.23076923076923078,image,0,0,0,0,0,1,1,0,0,0,0,7.79983246940935,5.527114648336088,0.34973353164715865,0.017836832355078113,256,0,0,0,0,0,0,0,0,0,0,0,0,0.0,0
0,"짤방,움짤 모음집",image_anomaly_benign,418,bbu.jpg,"data/raw/image_anomaly/benign/짤방,움짤 모음집/bbu.jpg",5558,7,1,0,0,0,0.14285714285714285,image,0,0,0,0,0,1,1,0,0,0,0,7.916331159718361,7.8843464009423805,0.3519251529327096,0.016012954300107952,256,0,0,1,0,0,0,1,1,0,0,0,0,0.0,0
0,"짤방,움짤 모음집",image_anomaly_benign,419,file_down.jpg,"data/raw/image_anomaly/benign/짤방,움짤 모음집/file_down.jpg",27754,13,1,0,0,0,0.15384615384615385,image,0,0,0,0,0,1,1,0,0,0,1,7.962676991169718,7.893740238400377,0.3754413778194134,0.010701160193125316,256,0,0,0,0,0,0,0,0,0,0,0,0,0.0,0
0,"짤방,움짤 모음집",image_anomaly_benign,420,fun_1201_631281_1%5B0%5D.jpg,"data/raw/image_anomaly/benign/짤방,움짤 모음집/fun_1201_631281_1%5B0%5D.jpg",74484,28,1,0,0,0,0.21428571428571427,image,0,0,0,0,0,1,1,0,0,0,2,7.707627755438522,7.673990100012933,0.311717952848934,0.022702862359701412,256,0,0,0,0,0,0,0,0,0,0,0,0,0.0,0
0,"짤방,움짤 모음집",image_anomaly_benign,421,hu_1228545233_1148606235.jpg,"data/raw/image_anomaly/benign/짤방,움짤 모음집/hu_1228545233_1148606235.jpg",226069,28,1,0,0,0,0.10714285714285714,image,0,0,0,0,0,1,1,0,0,0,7,7.961644072474504,7.813559160471947,0.37992825199386027,0.007515404588864461,256,0,0,0,0,0,0,0,0,0,0,0,0,0.0,0
0,"짤방,움짤 모음집",image_anomaly_benign,422,hu_1228891134_1321288904.jpg,"data/raw/image_anomaly/benign/짤방,움짤 모음집/hu_1228891134_1321288904.jpg",349268,28,1,0,0,0,0.10714285714285714,image,0,0,0,0,0,1,1,0,0,0,5,7.964041519073736,7.666352029472279,0.38848964119243673,0.008368931594076754,256,10,0,0,0,0,0,0,0,0,0,0,0,0.0,0
0,"짤방,움짤 모음집",image_anomaly_benign,423,ieh1z5RwhMNebQmnk2n7lBgJWQSE5y.jpg,"data/raw/image_anomaly/benign/짤방,움짤 모음집/ieh1z5RwhMNebQmnk2n7lBgJWQSE5y.jpg",34050,34,1,0,0,0,0.029411764705882353,image,0,0,0,0,0,1,1,0,0,0,0,7.97751135005832,7.853340953393653,0.37148311306901616,0.009162995594713657,256,0,0,0,0,0,0,0,0,0,0,0,0,0.0,0
0,"짤방,움짤 모음집",image_anomaly_benign,424,jo%5B1%5D%5B0%5D.jpg,"data/raw/image_anomaly/benign/짤방,움짤 모음집/jo%5B1%5D%5B0%5D.jpg",220699,20,1,0,0,0,0.25,image,0,0,0,0,0,1,1,0,0,0,5,7.82258321419308,7.669781568014549,0.413513427790792,0.012184015333100739,256,9,0,0,0,0,0,0,0,0,0,0,0,0.0,0
0,"짤방,움짤 모음집",image_anomaly_benign,425,kdA1yaImM9NglesK.jpg,"data/raw/image_anomaly/benign/짤방,움짤 모음집/kdA1yaImM9NglesK.jpg",184773,20,1,0,0,0,0.05,image,0,0,0,0,0,1,1,0,0,0,1,7.885118748125862,7.780851979242825,0.34131068933231584,0.011278704139674087,256,0,0,0,0,0,0,0,0,0,0,0,0,0.0,0
0,"짤방,움짤 모음집",image_anomaly_benign,426,kFu8iq35DvhCC6rHFtwbjMB7tqr7U.gif,"data/raw/image_anomaly/benign/짤방,움짤 모음집/kFu8iq35DvhCC6rHFtwbjMB7tqr7U.gif",94572,33,1,0,0,0,0.030303030303030304,image,0,0,0,0,0,1,1,0,0,0,2,7.836382740377388,2.8181847279511483,0.37245696400625977,0.012942519984773505,256,0,0,0,0,0,0,0,0,0,0,0,0,0.0,0
0,"짤방,움짤 모음집",image_anomaly_benign,427,st6-cdj83_1.jpg,"data/raw/image_anomaly/benign/짤방,움짤 모음집/st6-cdj83_1.jpg",130139,15,1,0,0,0,0.2,image,0,0,0,0,0,1,1,0,0,0,1,7.681102277028841,7.493440485054453,0.30188490767563914,0.026379486548997612,256,0,0,0,0,0,0,0,0,0,0,0,0,0.0,0
0,"짤방,움짤 모음집",image_anomaly_benign,428,갓오브워 - 복사본.jpg,"data/raw/image_anomaly/benign/짤방,움짤 모음집/갓오브워 - 복사본.jpg",239215,14,1,0,0,0,0.2857142857142857,image,0,0,0,0,0,1,1,0,0,0,3,7.95442200730712,7.785387404550233,0.37829567543841314,0.0051250966703593,256,0,0,0,0,0,0,0,0,0,0,0,0,0.0,0
0,"짤방,움짤 모음집",image_anomaly_benign,429,개와 오리...jpg,"data/raw/image_anomaly/benign/짤방,움짤 모음집/개와 오리...jpg",410357,11,1,0,0,0,0.36363636363636365,image,0,0,0,0,0,1,1,0,0,0,3,7.6661006176631,7.692251343223328,0.3214932363771058,0.02842890458795634,256,9,0,0,0,0,0,0,0,0,0,0,0,0.0,0
0,"짤방,움짤 모음집",image_anomaly_benign,430,게이 - 복사본 (2).jpg,"data/raw/image_anomaly/benign/짤방,움짤 모음집/게이 - 복사본 (2).jpg",173523,16,1,0,0,0,0.4375,image,0,0,0,0,0,1,1,0,0,0,5,7.9665361781948665,7.784532104136383,0.3656460526846585,0.008615572575393464,256,0,0,0,0,0,0,0,0,0,0,0,0,0.0,0
0,"짤방,움짤 모음집",image_anomaly_benign,431,그이름 김막자 - 복사본.jpg,"data/raw/image_anomaly/benign/짤방,움짤 모음집/그이름 김막자 - 복사본.jpg",46635,17,1,0,0,0,0.29411764705882354,image,0,0,0,0,0,1,1,0,0,0,0,7.957766760120682,7.858915253105459,0.36629141202959153,0.012415567706658089,256,0,0,1,0,0,0,1,1,0,0,0,0,0.0,0
0,"짤방,움짤 모음집",image_anomaly_benign,432,꿇어.jpg,"data/raw/image_anomaly/benign/짤방,움짤 모음집/꿇어.jpg",66388,6,1,0,0,0,0.16666666666666666,image,0,0,0,0,0,1,1,0,0,0,1,7.9679542942346275,7.8707296621348535,0.3793607278423812,0.00795324456227029,256,0,0,0,0,0,0,0,0,0,0,0,0,0.0,0
0,"짤방,움짤 모음집",image_anomaly_benign,433,넌 날 농락했어.jpg,"data/raw/image_anomaly/benign/짤방,움짤 모음집/넌 날 농락했어.jpg",218595,12,1,0,0,0,0.25,image,0,0,0,0,0,1,1,0,0,0,6,7.95324745885542,7.672798175991014,0.3890848372561129,0.011496145840481255,256,4,0,0,0,0,0,0,0,0,0,0,0,0.0,0
0,"짤방,움짤 모음집",image_anomaly_benign,434,대박3.jpg,"data/raw/image_anomaly/benign/짤방,움짤 모음집/대박3.jpg",28896,7,1,0,0,0,0.14285714285714285,image,0,0,0,0,0,1,1,0,0,0,1,7.781379587102931,7.704039591685616,0.3274501661129568,0.018756921373200442,256,0,0,0,0,0,0,0,0,0,0,0,0,0.0,0
0,"짤방,움짤 모음집",image_anomaly_benign,435,"동작그만,_밑장빼기냐_내가_빙신_핫바지로_보이냐_이새끼야 - 복사본.jpg","data/raw/image_anomaly/benign/짤방,움짤 모음집/동작그만,_밑장빼기냐_내가_빙신_핫바지로_보이냐_이새끼야 - 복사본.jpg",78736,41,1,0,0,0,0.2682926829268293,image,0,0,0,0,0,1,1,0,0,0,2,7.97020277397588,7.481897110207789,0.3723582605161552,0.01427555374923796,256,0,0,0,0,0,0,0,0,0,0,0,0,0.0,0
0,"짤방,움짤 모음집",image_anomaly_benign,436,변기(6066).jpg,"data/raw/image_anomaly/benign/짤방,움짤 모음집/변기(6066).jpg",40004,12,1,0,0,0,0.25,image,0,0,0,0,0,1,1,0,0,0,1,7.974716329932782,7.862075096215368,0.365013498650135,0.007674232576742325,256,0,0,0,0,0,0,0,0,0,0,0,0,0.0,0
0,"짤방,움짤 모음집",image_anomaly_benign,437,부담화장실.jpg,"data/raw/image_anomaly/benign/짤방,움짤 모음집/부담화장실.jpg",38369,9,1,0,0,0,0.1111111111111111,image,0,0,0,0,0,1,1,0,0,0,0,7.9703194617534,7.8996100210331,0.3798639526701243,0.006437488597565743,256,0,0,0,0,0,0,0,0,0,0,0,0,0.0,0
0,"짤방,움짤 모음집",image_anomaly_benign,438,슈퍼 울트라 파워 스펙타글 밀레니엄 그레이트 슛.gif,"data/raw/image_anomaly/benign/짤방,움짤 모음집/슈퍼 울트라 파워 스펙타글 밀레니엄 그레이트 슛.gif",1038246,30,1,0,0,0,0.23333333333333334,image,0,0,0,0,0,1,1,0,0,0,19,7.8966487757352635,5.433364648336088,0.3542965732591313,0.016597222623540086,256,0,0,0,0,0,0,0,0,0,0,0,0,0.0,0
0,"짤방,움짤 모음집",image_anomaly_benign,439,올드보이.jpg,"data/raw/image_anomaly/benign/짤방,움짤 모음집/올드보이.jpg",59548,8,1,0,0,0,0.125,image,0,0,0,0,0,1,1,0,0,0,3,7.965558367975514,7.911949664113306,0.37515953516490896,0.006331027070598509,256,0,0,0,0,0,0,0,0,0,0,0,0,0.0,0
0,"짤방,움짤 모음집",image_anomaly_benign,440,이따위_물대포로_내_걸음을_방해하지마_멍청한녀석같으니 - 복사본.jpg,"data/raw/image_anomaly/benign/짤방,움짤 모음집/이따위_물대포로_내_걸음을_방해하지마_멍청한녀석같으니 - 복사본.jpg",27539,39,1,0,0,0,0.23076923076923078,image,0,0,0,0,0,1,1,0,0,0,2,7.975555477221037,7.884331467883894,0.3722720505464977,0.01016739896147282,256,0,0,0,0,0,0,0,0,0,0,0,0,0.0,0
0,"짤방,움짤 모음집",image_anomaly_benign,441,제목%20없음.JPG,"data/raw/image_anomaly/benign/짤방,움짤 모음집/제목%20없음.JPG",108595,11,1,0,1,0,0.18181818181818182,image,0,0,0,0,0,1,1,0,0,0,3,7.971226585629639,7.885781494367524,0.37296376444587687,0.009374280583820617,256,0,0,1,0,0,0,1,1,0,0,0,0,0.0,0
0,"짤방,움짤 모음집",image_anomaly_benign,442,조선시대 락그룹.jpg,"data/raw/image_anomaly/benign/짤방,움짤 모음집/조선시대 락그룹.jpg",205161,12,1,0,0,0,0.16666666666666666,image,0,0,0,0,0,1,1,0,0,0,1,7.933845566628262,7.8471948801558975,0.3502907472667807,0.012063696316551391,256,0,0,0,0,0,0,0,0,0,0,0,0,0.0,0
0,"짤방,움짤 모음집",image_anomaly_benign,443,파도가 나에게 준 선물 - 복사본.JPG,"data/raw/image_anomaly/benign/짤방,움짤 모음집/파도가 나에게 준 선물 - 복사본.JPG",35913,22,1,0,1,0,0.3181818181818182,image,0,0,0,0,0,1,1,0,0,0,0,7.897529310044946,7.840055728873678,0.37131400885473226,0.01581599977723944,256,0,0,1,0,0,0,1,1,0,0,0,0,0.0,0
0,"짤방,움짤 모음집",image_anomaly_benign,444,할매.jpg,"data/raw/image_anomaly/benign/짤방,움짤 모음집/할매.jpg",213627,6,1,0,0,0,0.16666666666666666,image,0,0,0,0,0,1,1,0,0,0,3,7.967925134999032,7.589521353349583,0.37533176986055133,0.008655272975794258,256,2,0,0,0,0,0,0,0,0,0,0,0,0.0,0
1,mitra,image_anomaly_mitra,445,001_marker_zip_002.e6d053e0..zip..gif,data/raw/image_anomaly/anomalous/mitra/files/gif/21044e69362f_kFu8iq35DvhCC6rHFtwbjMB7tqr7U/8e506a3dfb11b739aea1/001_marker_zip_002.e6d053e0..zip..gif,127663,37,2,1,0,0,0.21621621621621623,image,0,0,0,1,0,1,1,0,0,0,4,7.907688197376226,2.8181847279511483,0.37252767050750807,0.01131102982069981,256,0,0,0,0,0,0,0,0,2,0,0,0,0.2574512583912332,0
1,mitra,image_anomaly_mitra,446,001_marker_zip_002.1902673c..zip..gif,data/raw/image_anomaly/anomalous/mitra/files/gif/a1ef90b204c8_file/5bd6fbbd32a90266d3d8/001_marker_zip_002.1902673c..zip..gif,1071337,37,2,1,0,0,0.21621621621621623,image,0,0,0,1,0,1,1,0,0,0,21,7.902279062344491,5.433364648336088,0.35486592920808296,0.016289925578972818,256,0,0,0,0,0,0,0,0,2,0,0,0,0.030678488654830367,0
1,mitra,image_anomaly_mitra,447,001_marker_zip_001.eebdc27d..zip..gif,data/raw/image_anomaly/anomalous/mitra/files/gif/a1ef90b204c8_file/e1ba0ac71adf19e8027f/001_marker_zip_001.eebdc27d..zip..gif,1038851,37,2,1,0,0,0.21621621621621623,image,0,0,0,1,0,1,1,0,0,0,21,7.89656533619968,5.433364648336088,0.3542866108806749,0.016672265801351685,256,0,0,0,0,0,0,0,0,2,0,0,0,0.002066706390040535,0
1,mitra,image_anomaly_mitra,448,af_5B0_5D__marker_zip_002__001.fc001477..zip..gif,data/raw/image_anomaly/anomalous/mitra/files/gif/af%5B0%5D/2dd36c1e6a5e4568b729/af_5B0_5D__marker_zip_002__001.fc001477..zip..gif,295974,49,2,1,0,0,0.2653061224489796,image,0,0,0,1,0,1,1,0,0,0,2,7.839113453916246,5.527114648336088,0.3523045943224743,0.01658591633048849,256,0,0,0,0,0,0,0,0,2,0,0,0,0.11104691628318704,0
1,mitra,image_anomaly_mitra,449,af_5B0_5D__marker_zip_001__001.ba92fe87..zip..gif,data/raw/image_anomaly/anomalous/mitra/files/gif/af%5B0%5D/d4fadd0b4e1ca0336f25/af_5B0_5D__marker_zip_001__001.ba92fe87..zip..gif,263488,49,2,1,0,0,0.2653061224489796,image,0,0,0,1,0,1,1,0,0,0,2,7.799858453024455,5.527114648336088,0.34970473038620353,0.01812985790624241,256,0,0,0,0,0,0,0,0,2,0,0,0,0.008148378673791595,0
1,mitra,image_anomaly_mitra,450,commons_10438010__marker_zip_002__001.8f3681d8..zip..gif,data/raw/image_anomaly/anomalous/mitra/files/gif/commons_10438010/8e7fa690e04fbf483a52/commons_10438010__marker_zip_002__001.8f3681d8..zip..gif,84179,56,2,1,0,0,0.21428571428571427,image,0,0,0,1,0,1,1,0,0,0,2,7.965388121722217,4.623778124459135,0.33372931491227026,0.016738141341664785,256,0,0,0,0,0,0,0,0,2,0,0,0,0.39044179664761997,0
1,mitra,image_anomaly_mitra,451,commons_10438010__marker_zip_001__001.a7626471..zip..gif,data/raw/image_anomaly/anomalous/mitra/files/gif/commons_10438010/9fae06ebda31eef4e83f/commons_10438010__marker_zip_001__001.a7626471..zip..gif,51693,56,2,1,0,0,0.21428571428571427,image,0,0,0,1,0,1,1,0,0,0,2,7.9159174092587925,4.623778124459135,0.3088038999477686,0.024703538196661056,256,0,0,0,0,0,0,0,0,2,0,0,0,0.04153366993596812,0
1,mitra,image_anomaly_mitra,452,commons_10525849__marker_zip_001__001.e5cd325c..zip..gif,data/raw/image_anomaly/anomalous/mitra/files/gif/commons_10525849/102f031d693493e6d081/commons_10525849__marker_zip_001__001.e5cd325c..zip..gif,1445953,56,2,1,0,0,0.21428571428571427,image,0,0,0,1,0,1,1,0,0,0,13,7.971308475936539,4.117135493986806,0.35292433433175213,0.005641953784113315,256,0,0,0,0,0,0,0,0,2,0,0,0,0.0014848338777263162,0
1,mitra,image_anomaly_mitra,453,commons_10525849__marker_zip_002__001.63555195..zip..gif,data/raw/image_anomaly/anomalous/mitra/files/gif/commons_10525849/c2015be261da56edb104/commons_10525849__marker_zip_002__001.63555195..zip..gif,1478439,56,2,1,0,0,0.21428571428571427,image,0,0,0,1,0,1,1,0,0,0,13,7.972568328454081,4.117135493986806,0.35337406548393274,0.00560726550097772,256,0,0,0,0,0,0,0,0,2,0,0,0,0.02223088000248911,0
1,mitra,image_anomaly_mitra,454,commons_1228779__marker_zip_002__001.750da3ee..zip..gif,data/raw/image_anomaly/anomalous/mitra/files/gif/commons_1228779/2852ba3c665707556676/commons_1228779__marker_zip_002__001.750da3ee..zip..gif,601294,55,2,1,0,0,0.21818181818181817,image,0,0,0,1,0,1,1,0,0,0,8,7.919993267440536,4.705733007237831,0.3767391658656165,0.008037665434878778,256,0,0,0,0,0,0,0,0,2,0,0,0,0.05466044896506534,0
1,mitra,image_anomaly_mitra,455,commons_1228779__marker_zip_001__001.b11b3aeb..zip..gif,data/raw/image_anomaly/anomalous/mitra/files/gif/commons_1228779/63792fd81a3672464be2/commons_1228779__marker_zip_001__001.b11b3aeb..zip..gif,568808,55,2,1,0,0,0.21818181818181817,image,0,0,0,1,0,1,1,0,0,0,8,7.910644063432705,4.705733007237831,0.3769303525970099,0.00826465169266255,256,0,0,0,0,0,0,0,0,2,0,0,0,0.003774560132768878,0
1,mitra,image_anomaly_mitra,456,commons_1236079__marker_zip_001__001.a483db3b..zip..gif,data/raw/image_anomaly/anomalous/mitra/files/gif/commons_1236079/661279fa07908ea46a0e/commons_1236079__marker_zip_001__001.a483db3b..zip..gif,509456,55,2,1,0,0,0.21818181818181817,image,0,0,0,1,0,1,1,0,0,0,4,7.922383622405634,3.5799773615828188,0.34664426368518575,0.024969771678025186,256,0,0,0,0,0,0,0,0,2,0,0,0,0.004214299174020916,0
1,mitra,image_anomaly_mitra,457,commons_1236079__marker_zip_002__001.b8b7ab76..zip..gif,data/raw/image_anomaly/anomalous/mitra/files/gif/commons_1236079/d3fb0af9a13aed042a15/commons_1236079__marker_zip_002__001.b8b7ab76..zip..gif,541942,55,2,1,0,0,0.21818181818181817,image,0,0,0,1,0,1,1,0,0,0,4,7.9303598063850735,3.5799773615828188,0.34824759845149483,0.02371656007469434,256,0,0,0,0,0,0,0,0,2,0,0,0,0.0606467112716859,0
1,mitra,image_anomaly_mitra,458,commons_1325234__marker_zip_001__001.019b7408..zip..gif,data/raw/image_anomaly/anomalous/mitra/files/gif/commons_1325234/41c65575375efab2c19e/commons_1325234__marker_zip_001__001.019b7408..zip..gif,408157,55,2,1,0,0,0.21818181818181817,image,0,0,0,1,0,1,1,0,0,0,6,7.9690592824976285,4.9886085007312415,0.34189539809436076,0.009555146671501407,256,0,0,0,0,0,0,0,0,2,0,0,0,0.005260230744541928,0
1,mitra,image_anomaly_mitra,459,commons_1325234__marker_zip_002__001.18c3a281..zip..gif,data/raw/image_anomaly/anomalous/mitra/files/gif/commons_1325234/7d030193831d7d623e57/commons_1325234__marker_zip_002__001.18c3a281..zip..gif,440643,55,2,1,0,0,0.21818181818181817,image,0,0,0,1,0,1,1,0,0,0,6,7.973484551028278,4.9886085007312415,0.34421742771359126,0.009150264499833199,256,0,0,0,0,0,0,0,0,2,0,0,0,0.07458872602083773,0
1,mitra,image_anomaly_mitra,460,commons_15288272__marker_zip_002__001.3917dc06..zip..gif,data/raw/image_anomaly/anomalous/mitra/files/gif/commons_15288272/6d5e1fa49b3fb0b6cf9b/commons_15288272__marker_zip_002__001.3917dc06..zip..gif,60344,56,2,1,0,0,0.21428571428571427,image,0,0,0,1,0,1,1,0,0,0,3,7.989279436608437,2.575375780033049,0.3756297229219144,0.0082029696407265,256,0,0,0,0,0,0,0,0,2,0,0,0,0.5446606124883998,0
1,mitra,image_anomaly_mitra,461,commons_15288272__marker_zip_001__001.7a5b5a4c..zip..gif,data/raw/image_anomaly/anomalous/mitra/files/gif/commons_15288272/d97798bb95b58bfdca37/commons_15288272__marker_zip_001__001.7a5b5a4c..zip..gif,27858,56,2,1,0,0,0.21428571428571427,image,0,0,0,1,0,1,1,0,0,0,3,7.954020698688669,2.575375780033049,0.37823964390839254,0.013030368296360112,256,0,0,0,0,0,0,0,0,2,0,0,0,0.0770694235049178,0
1,mitra,image_anomaly_mitra,462,commons_1702289__marker_zip_001__001.fde99c57..zip..gif,data/raw/image_anomaly/anomalous/mitra/files/gif/commons_1702289/69f0aaf8443a330d8bc2/commons_1702289__marker_zip_001__001.fde99c57..zip..gif,3639562,55,2,1,0,0,0.21818181818181817,image,0,0,0,1,0,1,1,0,0,0,45,7.81075781180173,3.337596736313303,0.35225035320184134,0.01365686310605507,256,0,0,0,2,0,0,0,2,2,0,0,0,0.0005899061480474848,0
1,mitra,image_anomaly_mitra,463,commons_1702289__marker_zip_002__001.325817af..zip..gif,data/raw/image_anomaly/anomalous/mitra/files/gif/commons_1702289/d03364294f726a9ecf3c/commons_1702289__marker_zip_002__001.325817af..zip..gif,3672048,55,2,1,0,0,0.21818181818181817,image,0,0,0,1,0,1,1,0,0,0,45,7.813952512963646,3.337596736313303,0.35243738643939293,0.013571990344352797,256,0,0,0,2,0,0,0,2,2,0,0,0,0.008950591059811854,0
1,mitra,image_anomaly_mitra,464,commons_1711901__marker_zip_001__001.d9ec639f..zip..gif,data/raw/image_anomaly/anomalous/mitra/files/gif/commons_1711901/8362a2acdbf5c9d8dcec/commons_1711901__marker_zip_001__001.d9ec639f..zip..gif,61451,55,2,1,0,0,0.21818181818181817,image,0,0,0,1,0,1,1,0,0,0,3,7.949514727970381,4.579172609267364,0.34603179769247044,0.011944476086638135,256,0,0,2,0,0,0,2,2,2,0,0,0,0.03493840620982572,0
1,mitra,image_anomaly_mitra,465,commons_1711901__marker_zip_002__001.21597e4d..zip..gif,data/raw/image_anomaly/anomalous/mitra/files/gif/commons_1711901/fe67d3a032d26c8308d7/commons_1711901__marker_zip_002__001.21597e4d..zip..gif,93937,55,2,1,0,0,0.21818181818181817,image,0,0,0,1,0,1,1,0,0,0,3,7.978008396987937,4.579172609267364,0.35549357548143967,0.0092189446118143,256,0,0,2,0,0,0,2,2,2,0,0,0,0.3498834325132802,0
1,mitra,image_anomaly_mitra,466,commons_1976022__marker_zip_001__001.595b9fb5..zip..gif,data/raw/image_anomaly/anomalous/mitra/files/gif/commons_1976022/956507640c160c5e7816/commons_1976022__marker_zip_001__001.595b9fb5..zip..gif,3105923,55,2,1,0,0,0.21818181818181817,image,0,0,0,1,0,1,1,0,0,0,34,7.844836388822693,4.5986274920460595,0.3667705219994185,0.014483939234810393,256,0,0,0,2,0,0,0,2,2,0,0,0,0.0006912598927919333,0
1,mitra,image_anomaly_mitra,467,commons_1976022__marker_zip_002__001.22aa11dc..zip..gif,data/raw/image_anomaly/anomalous/mitra/files/gif/commons_1976022/e912934ca88b8f7fb2e0/commons_1976022__marker_zip_002__001.22aa11dc..zip..gif,3138409,55,2,1,0,0,0.21818181818181817,image,0,0,0,1,0,1,1,0,0,0,34,7.847910949799414,4.5986274920460595,0.36683905762442054,0.014376073991630791,256,0,0,0,2,0,0,0,2,2,0,0,0,0.010472503743138642,0
1,mitra,image_anomaly_mitra,468,commons_284196__marker_zip_002__001.8d9bcf9a..zip..gif,data/raw/image_anomaly/anomalous/mitra/files/gif/commons_284196/0a4e4b4465ccbc5d9172/commons_284196__marker_zip_002__001.8d9bcf9a..zip..gif,1181961,54,2,1,0,0,0.2222222222222222,image,0,0,0,1,0,1,1,0,0,0,11,7.960044050459422,5.632659765557392,0.37700736318711026,0.007864895711449025,256,0,0,0,0,0,0,0,0,2,0,0,0,0.027807178071019265,0
1,mitra,image_anomaly_mitra,469,commons_284196__marker_zip_001__001.e0015ca2..zip..gif,data/raw/image_anomaly/anomalous/mitra/files/gif/commons_284196/446a812b7e2ab81e0e91/commons_284196__marker_zip_001__001.e0015ca2..zip..gif,1149475,54,2,1,0,0,0.2222222222222222,image,0,0,0,1,0,1,1,0,0,0,11,7.957802144744895,5.632659765557392,0.377109550011962,0.007972335196502752,256,0,0,0,0,0,0,0,0,2,0,0,0,0.0018678092172513538,0
1,mitra,image_anomaly_mitra,470,commons_3056838__marker_zip_001__001.faf8832f..zip..gif,data/raw/image_anomaly/anomalous/mitra/files/gif/commons_3056838/812cb907adbd210b5ce3/commons_3056838__marker_zip_001__001.faf8832f..zip..gif,205967,55,2,1,0,0,0.21818181818181817,image,0,0,0,1,0,1,1,0,0,0,4,7.594332035144251,4.584868358901743,0.35111935407128325,0.01414789747872232,256,0,0,2,0,0,0,2,2,2,0,0,0,0.010423999961158826,0
1,mitra,image_anomaly_mitra,471,commons_3056838__marker_zip_002__001.2e72e17a..zip..gif,data/raw/image_anomaly/anomalous/mitra/files/gif/commons_3056838/8a5f268660795f907fa8/commons_3056838__marker_zip_002__001.2e72e17a..zip..gif,238453,55,2,1,0,0,0.21818181818181817,image,0,0,0,1,0,1,1,0,0,0,4,7.696840032034199,4.584868358901743,0.35415364872742217,0.0127740057789166,256,0,0,2,0,0,0,2,2,2,0,0,0,0.13783429019555216,0
1,mitra,image_anomaly_mitra,472,commons_3270145__marker_zip_001__001.baf3faec..zip..gif,data/raw/image_anomaly/anomalous/mitra/files/gif/commons_3270145/9f1654e8d1ea6cde2f18/commons_3270145__marker_zip_001__001.baf3faec..zip..gif,1200388,55,2,1,0,0,0.21818181818181817,image,0,0,0,1,0,1,1,0,0,0,39,7.930462046320603,3.924198558647944,0.3393977613904837,0.018743939459574737,256,0,0,0,0,0,0,0,0,2,0,0,0,0.0017885883564314204,0
1,mitra,image_anomaly_mitra,473,commons_3270145__marker_zip_002__001.e9a105ea..zip..gif,data/raw/image_anomaly/anomalous/mitra/files/gif/commons_3270145/a1fae5c0e5e3314752a8/commons_3270145__marker_zip_002__001.e9a105ea..zip..gif,1232874,55,2,1,0,0,0.21818181818181817,image,0,0,0,1,0,1,1,0,0,0,39,7.933767163738317,3.924198558647944,0.34029349309012924,0.01835710705230218,256,0,0,0,0,0,0,0,0,2,0,0,0,0.026658847538353472,0
1,mitra,image_anomaly_mitra,474,commons_34825915__marker_zip_001__001.09c2c243..zip..gif,data/raw/image_anomaly/anomalous/mitra/files/gif/commons_34825915/1ce7ff4e2a31a4f731c9/commons_34825915__marker_zip_001__001.09c2c243..zip..gif,19354,56,2,1,0,0,0.21428571428571427,image,0,0,0,1,0,1,1,0,0,0,4,7.84682505351251,4.934674852072125,0.3889635217526093,0.013692259997933243,256,0,0,0,0,0,0,0,0,2,0,0,0,0.11093314043608557,0
1,mitra,image_anomaly_mitra,475,commons_34825915__marker_zip_002__001.5c93de6d..zip..gif,data/raw/image_anomaly/anomalous/mitra/files/gif/commons_34825915/67fb343e1c9a8ea1794c/commons_34825915__marker_zip_002__001.5c93de6d..zip..gif,51840,56,2,1,0,0,0.21428571428571427,image,0,0,0,1,0,1,1,0,0,0,4,7.977027228707189,4.934674852072125,0.37920524691358026,0.007658179012345679,256,0,0,0,0,0,0,0,0,2,0,0,0,0.6340084876543209,0
1,mitra,image_anomaly_mitra,476,commons_34825916__marker_zip_002__001.6217f6f4..zip..gif,data/raw/image_anomaly/anomalous/mitra/files/gif/commons_34825916/d39967e3aba534f234b4/commons_34825916__marker_zip_002__001.6217f6f4..zip..gif,54896,56,2,1,0,0,0.21428571428571427,image,0,0,0,1,0,1,1,0,0,0,2,7.971816958710681,4.530388867995137,0.3699540950160303,0.008725590206936753,256,0,0,0,0,0,0,0,0,2,0,0,0,0.5987139317983096,0
1,mitra,image_anomaly_mitra,477,commons_34825916__marker_zip_001__001.5ba23688..zip..gif,data/raw/image_anomaly/anomalous/mitra/files/gif/commons_34825916/e555ac78442ca36bb930/commons_34825916__marker_zip_001__001.5ba23688..zip..gif,22410,56,2,1,0,0,0.21428571428571427,image,0,0,0,1,0,1,1,0,0,0,2,7.843520285935475,4.530388867995137,0.364970995091477,0.015484158857652834,256,0,0,0,0,0,0,0,0,2,0,0,0,0.09580544399821508,0
1,mitra,image_anomaly_mitra,478,commons_34825938__marker_zip_001__001.3c9f411c..zip..gif,data/raw/image_anomaly/anomalous/mitra/files/gif/commons_34825938/116cf598d416d449a3b6/commons_34825938__marker_zip_001__001.3c9f411c..zip..gif,26882,56,2,1,0,0,0.21428571428571427,image,0,0,0,1,0,1,1,0,0,0,2,7.864438201618103,4.633719775058999,0.37638568558886987,0.012052674652183617,256,0,0,0,0,0,0,0,0,2,0,0,0,0.07986756937727847,0
1,mitra,image_anomaly_mitra,479,commons_34825938__marker_zip_002__001.5e177286..zip..gif,data/raw/image_anomaly/anomalous/mitra/files/gif/commons_34825938/8ce384cb0f0b26e50a73/commons_34825938__marker_zip_002__001.5e177286..zip..gif,59368,56,2,1,0,0,0.21428571428571427,image,0,0,0,1,0,1,1,0,0,0,2,7.971161104706053,4.633719775058999,0.3747473386336073,0.007680905538337151,256,0,0,0,0,0,0,0,0,2,0,0,0,0.5536147419485244,0
1,mitra,image_anomaly_mitra,480,commons_34825940__marker_zip_002__001.e7c73cfa..zip..gif,data/raw/image_anomaly/anomalous/mitra/files/gif/commons_34825940/0fba0dff129fd64e31b0/commons_34825940__marker_zip_002__001.e7c73cfa..zip..gif,60127,56,2,1,0,0,0.21428571428571427,image,0,0,0,1,0,1,1,0,0,0,3,7.973733114892436,4.839364454101657,0.37337635338533437,0.008149417067207744,256,0,0,0,0,0,0,0,0,2,0,0,0,0.54662630764881,0
1,mitra,image_anomaly_mitra,481,commons_34825940__marker_zip_001__001.38aad772..zip..gif,data/raw/image_anomaly/anomalous/mitra/files/gif/commons_34825940/3167437b7fbe566e943e/commons_34825940__marker_zip_001__001.38aad772..zip..gif,27641,56,2,1,0,0,0.21428571428571427,image,0,0,0,1,0,1,1,0,0,0,3,7.8808130331861115,4.839364454101657,0.3733584168445425,0.012951774537824246,256,0,0,0,0,0,0,0,0,2,0,0,0,0.07767446908577837,0
1,mitra,image_anomaly_mitra,482,commons_34825941__marker_zip_001__001.fd0c32db..zip..gif,data/raw/image_anomaly/anomalous/mitra/files/gif/commons_34825941/76156b1bdf3f61ff9360/commons_34825941__marker_zip_001__001.fd0c32db..zip..gif,28110,56,2,1,0,0,0.21428571428571427,image,0,0,0,1,0,1,1,0,0,0,2,7.866890521616652,4.670665524693379,0.36520811099252937,0.01383849163998577,256,0,0,0,0,0,0,0,0,2,0,0,0,0.07637851298470295,0
1,mitra,image_anomaly_mitra,483,commons_34825941__marker_zip_002__001.4999a167..zip..gif,data/raw/image_anomaly/anomalous/mitra/files/gif/commons_34825941/965ed64c41bbffc72e15/commons_34825941__marker_zip_002__001.4999a167..zip..gif,60596,56,2,1,0,0,0.21428571428571427,image,0,0,0,1,0,1,1,0,0,0,2,7.969771421065122,4.670665524693379,0.36959535282856953,0.008597927255924483,256,0,0,0,0,0,0,0,0,2,0,0,0,0.5423955376592514,0
1,mitra,image_anomaly_mitra,484,commons_3996880__marker_zip_001__001.1e2d0396..zip..gif,data/raw/image_anomaly/anomalous/mitra/files/gif/commons_3996880/49f1276f647eff13c574/commons_3996880__marker_zip_001__001.1e2d0396..zip..gif,2671906,55,2,1,0,0,0.21818181818181817,image,0,0,0,1,0,1,1,0,0,0,38,7.929005703878656,5.191024413893479,0.36912376408451497,0.005281997196009141,256,0,0,0,1,0,0,0,1,2,0,0,0,0.0008035462325396178,0
1,mitra,image_anomaly_mitra,485,commons_3996880__marker_zip_002__001.cd9f5087..zip..gif,data/raw/image_anomaly/anomalous/mitra/files/gif/commons_3996880/c1c7e649d2d787afcb61/commons_3996880__marker_zip_002__001.cd9f5087..zip..gif,2704392,55,2,1,0,0,0.21818181818181817,image,0,0,0,1,0,1,1,0,0,0,38,7.9306512614053375,5.191024413893479,0.36917503083872455,0.005267357690748974,256,0,0,0,1,0,0,0,1,2,0,0,0,0.012153193767767394,0
1,mitra,image_anomaly_mitra,486,commons_526484__marker_zip_001__001.1322c318..zip..gif,data/raw/image_anomaly/anomalous/mitra/files/gif/commons_526484/1c4377faa5fa0c61def7/commons_526484__marker_zip_001__001.1322c318..zip..gif,297806,54,2,1,0,0,0.2222222222222222,image,0,0,0,1,0,1,1,0,0,0,4,7.8470469802418945,4.537687890016526,0.36363270048286467,0.012870795081361693,256,0,0,0,0,0,0,0,0,2,0,0,0,0.007209391348730381,0
1,mitra,image_anomaly_mitra,487,commons_526484__marker_zip_002__001.30689773..zip..gif,data/raw/image_anomaly/anomalous/mitra/files/gif/commons_526484/ea8777ff2cdbe64f96a9/commons_526484__marker_zip_002__001.30689773..zip..gif,330292,54,2,1,0,0,0.2222222222222222,image,0,0,0,1,0,1,1,0,0,0,4,7.874681295783122,4.537687890016526,0.3645925423564603,0.012004529325566468,256,0,0,0,0,0,0,0,0,2,0,0,0,0.09950891938042701,0
1,mitra,image_anomaly_mitra,488,commons_540978__marker_zip_001__001.604774f7..zip..gif,data/raw/image_anomaly/anomalous/mitra/files/gif/commons_540978/1cccaf21ac8dab268986/commons_540978__marker_zip_001__001.604774f7..zip..gif,39338,54,2,1,0,0,0.2222222222222222,image,0,0,0,1,0,1,1,0,0,0,2,7.950995315779956,4.478123587245975,0.3360109817479282,0.010295388682698662,256,0,0,0,0,0,0,0,0,2,0,0,0,0.05457827037470131,0
1,mitra,image_anomaly_mitra,489,commons_540978__marker_zip_002__001.9b06e7e6..zip..gif,data/raw/image_anomaly/anomalous/mitra/files/gif/commons_540978/b7959ebe6ed90585f01a/commons_540978__marker_zip_002__001.9b06e7e6..zip..gif,71824,54,2,1,0,0,0.2222222222222222,image,0,0,0,1,0,1,1,0,0,0,2,7.984787200183064,4.478123587245975,0.352918244597906,0.007476609489864112,256,0,0,0,0,0,0,0,0,2,0,0,0,0.4576047003787035,0
1,mitra,image_anomaly_mitra,490,commons_5530212__marker_zip_001__001.e0fa2f79..zip..gif,data/raw/image_anomaly/anomalous/mitra/files/gif/commons_5530212/5c6b32cabd5a66793246/commons_5530212__marker_zip_001__001.e0fa2f79..zip..gif,49816,55,2,1,0,0,0.21818181818181817,image,0,0,0,1,0,1,1,0,0,0,5,7.964462080055875,2.6405403095134434,0.3813031957603983,0.008551469407419302,256,0,0,0,0,0,0,0,0,2,0,0,0,0.04309860285851935,0
1,mitra,image_anomaly_mitra,491,commons_5530212__marker_zip_002__001.aee505bf..zip..gif,data/raw/image_anomaly/anomalous/mitra/files/gif/commons_5530212/79c8045f75aa92f63839/commons_5530212__marker_zip_002__001.aee505bf..zip..gif,82302,55,2,1,0,0,0.21818181818181817,image,0,0,0,1,0,1,1,0,0,0,5,7.986705584649278,2.6405403095134434,0.3781803601370562,0.006779908143179996,256,0,0,0,0,0,0,0,0,2,0,0,0,0.3993463099317149,0
1,mitra,image_anomaly_mitra,492,commons_5530229__marker_zip_001__001.5e9d5882..zip..gif,data/raw/image_anomaly/anomalous/mitra/files/gif/commons_5530229/5bea1d221d6b1b1bf44a/commons_5530229__marker_zip_001__001.5e9d5882..zip..gif,55036,55,2,1,0,0,0.21818181818181817,image,0,0,0,1,0,1,1,0,0,0,3,7.972806844334407,2.6405403095134434,0.3707391525546915,0.008176466312958791,256,0,0,0,0,0,0,0,0,2,0,0,0,0.03901082927538339,0
1,mitra,image_anomaly_mitra,493,commons_5530229__marker_zip_002__001.dadd40b3..zip..gif,data/raw/image_anomaly/anomalous/mitra/files/gif/commons_5530229/75e55b7f0eac098985c2/commons_5530229__marker_zip_002__001.dadd40b3..zip..gif,87522,55,2,1,0,0,0.21818181818181817,image,0,0,0,1,0,1,1,0,0,0,3,7.988999960508329,2.6405403095134434,0.3717236809030872,0.006649756632618084,256,0,0,0,0,0,0,0,0,2,0,0,0,0.3755284385640182,0
1,mitra,image_anomaly_mitra,494,commons_566137__marker_zip_001__001.8751e33e..zip..gif,data/raw/image_anomaly/anomalous/mitra/files/gif/commons_566137/621fff0ac99a83aec262/commons_566137__marker_zip_001__001.8751e33e..zip..gif,1622798,54,2,1,0,0,0.2222222222222222,image,0,0,0,1,0,1,1,0,0,0,29,7.933684009139892,5.28477441389348,0.37107021329826634,0.009251305461308186,256,0,0,0,0,0,0,0,0,2,0,0,0,0.0013230235679363668,0
1,mitra,image_anomaly_mitra,495,commons_566137__marker_zip_002__001.d431d9bf..zip..gif,data/raw/image_anomaly/anomalous/mitra/files/gif/commons_566137/f6c803d87bc73f67a8c4/commons_566137__marker_zip_002__001.d431d9bf..zip..gif,1655284,54,2,1,0,0,0.2222222222222222,image,0,0,0,1,0,1,1,0,0,0,29,7.936174620629038,5.28477441389348,0.37111577227835224,0.009149487338728581,256,0,0,0,0,0,0,0,0,2,0,0,0,0.01985580722099652,0
1,mitra,image_anomaly_mitra,496,commons_6359878__marker_zip_002__001.e9b78855..zip..gif,data/raw/image_anomaly/anomalous/mitra/files/gif/commons_6359878/2d1f50f7de17d1b2b112/commons_6359878__marker_zip_002__001.e9b78855..zip..gif,380091,55,2,1,0,0,0.21818181818181817,image,0,0,0,1,0,1,1,0,0,0,5,7.99078862100473,4.2472177264886675,0.3755363847078726,0.007550823355459614,256,0,0,0,0,0,0,0,0,2,0,0,0,0.08647139763898645,0
1,mitra,image_anomaly_mitra,497,commons_6359878__marker_zip_001__001.55f5453b..zip..gif,data/raw/image_anomaly/anomalous/mitra/files/gif/commons_6359878/afc7f0d2566ebec779a1/commons_6359878__marker_zip_001__001.55f5453b..zip..gif,347605,55,2,1,0,0,0.21818181818181817,image,0,0,0,1,0,1,1,0,0,0,5,7.9890489979938275,4.2472177264886675,0.3757368277211202,0.007876756663454209,256,0,0,0,0,0,0,0,0,2,0,0,0,0.00617655097021044,0
1,mitra,image_anomaly_mitra,498,dcbest-20230303-195940-000-resize__marker_zip_001__001.e3d6508a..zip..gif,data/raw/image_anomaly/anomalous/mitra/files/gif/dcbest-20230303-195940-000-resize/3b9bb29d74d918804f7d/dcbest-20230303-195940-000-resize__marker_zip_001__001.e3d6508a..zip..gif,1932496,73,2,1,0,0,0.2054794520547945,image,0,0,0,1,0,1,1,0,0,0,22,7.9139102275242,5.02555425036562,0.3665735918728939,0.009796139293431915,256,0,0,0,0,0,0,0,0,2,0,0,0,0.0011109984186254461,0
1,mitra,image_anomaly_mitra,499,dcbest-20230303-195940-000-resize__marker_zip_002__001.5269a601..zip..gif,data/raw/image_anomaly/anomalous/mitra/files/gif/dcbest-20230303-195940-000-resize/5b3bb48ca1a893ab7c9e/dcbest-20230303-195940-000-resize__marker_zip_002__001.5269a601..zip..gif,1964982,73,2,1,0,0,0.2054794520547945,image,0,0,0,1,0,1,1,0,0,0,22,7.9166455844313575,5.02555425036562,0.3666863106125145,0.00970136113206126,256,0,0,0,0,0,0,0,0,2,0,0,0,0.016726361869981506,0
1,mitra,image_anomaly_mitra,500,foreversolo-20230708-160738-000__marker_zip_001__001.3f3787ab..zip..gif,data/raw/image_anomaly/anomalous/mitra/files/gif/foreversolo-20230708-160738-000/7e23e66eba8777836168/foreversolo-20230708-160738-000__marker_zip_001__001.3f3787ab..zip..gif,361423,71,2,1,0,0,0.19718309859154928,image,0,0,0,1,0,1,1,0,0,0,7,7.702043808646146,5.277114648336088,0.3556774195333446,0.07978462909112037,256,0,0,0,0,0,0,0,0,2,0,0,0,0.005940407777036879,0
1,mitra,image_anomaly_mitra,501,foreversolo-20230708-160738-000__marker_zip_002__001.79dae210..zip..gif,data/raw/image_anomaly/anomalous/mitra/files/gif/foreversolo-20230708-160738-000/812a51dffb831d6c6150/foreversolo-20230708-160738-000__marker_zip_002__001.79dae210..zip..gif,393909,71,2,1,0,0,0.19718309859154928,image,0,0,0,1,0,1,1,0,0,0,7,7.738396730510772,5.277114648336088,0.35713832382606137,0.07353982772670846,256,0,0,0,0,0,0,0,0,2,0,0,0,0.08343805295131616,0
1,mitra,image_anomaly_mitra,502,foreversolo-20230708-160738-000__marker_zip_001__001.3f3787ab..zip..gif,data/raw/image_anomaly/anomalous/mitra/files/gif/foreversolo-20230708-160738-000/a0677ce0cfd9f24b9298/foreversolo-20230708-160738-000__marker_zip_001__001.3f3787ab..zip..gif,361423,71,2,1,0,0,0.19718309859154928,image,0,0,0,1,0,1,1,0,0,0,7,7.702043808646146,5.277114648336088,0.3556774195333446,0.07978462909112037,256,0,0,0,0,0,0,0,0,2,0,0,0,0.005940407777036879,0
1,mitra,image_anomaly_mitra,503,foreversolo-20230708-160738-000__marker_zip_002__001.79dae210..zip..gif,data/raw/image_anomaly/anomalous/mitra/files/gif/foreversolo-20230708-160738-000/ac62e15c798425751839/foreversolo-20230708-160738-000__marker_zip_002__001.79dae210..zip..gif,393909,71,2,1,0,0,0.19718309859154928,image,0,0,0,1,0,1,1,0,0,0,7,7.738396730510772,5.277114648336088,0.35713832382606137,0.07353982772670846,256,0,0,0,0,0,0,0,0,2,0,0,0,0.08343805295131616,0
1,mitra,image_anomaly_mitra,504,Honeycam_2017-12-28_13-45-19__marker_zip_002__001.ae3997e1..zip..gif,data/raw/image_anomaly/anomalous/mitra/files/gif/Honeycam 2017-12-28 13-45-19/59b25f5aa58a6e965c8a/Honeycam_2017-12-28_13-45-19__marker_zip_002__001.ae3997e1..zip..gif,1975221,68,2,1,0,0,0.25,image,0,0,0,1,0,1,1,0,0,0,17,7.675693458687555,5.370864648336088,0.3681213393336746,0.03246927812128365,256,0,0,0,0,0,0,0,0,2,0,0,0,0.016639657030782885,0
1,mitra,image_anomaly_mitra,505,Honeycam_2017-12-28_13-45-19__marker_zip_001__001.e6505867..zip..gif,data/raw/image_anomaly/anomalous/mitra/files/gif/Honeycam 2017-12-28 13-45-19/f4af140098581e05c5f2/Honeycam_2017-12-28_13-45-19__marker_zip_001__001.e6505867..zip..gif,1942735,68,2,1,0,0,0.25,image,0,0,0,1,0,1,1,0,0,0,17,7.665652494392594,5.370864648336088,0.36803321091142127,0.03294427701153271,256,0,0,0,0,0,0,0,0,2,0,0,0,0.001105143007152288,0
1,mitra,image_anomaly_mitra,506,Honeycam_2017-12-28_13-57-26__marker_zip_002__001.10d1a569..zip..gif,data/raw/image_anomaly/anomalous/mitra/files/gif/Honeycam 2017-12-28 13-57-26/23cd61e710b27a136667/Honeycam_2017-12-28_13-57-26__marker_zip_002__001.10d1a569..zip..gif,2519917,68,2,1,0,0,0.25,image,0,0,0,1,0,1,1,0,0,0,25,7.767022152369738,5.644454882778696,0.3765413702117967,0.024886533961237613,256,0,0,0,0,0,0,0,0,2,0,0,0,0.01304288990470718,0
1,mitra,image_anomaly_mitra,507,Honeycam_2017-12-28_13-57-26__marker_zip_001__001.43f9c0c5..zip..gif,data/raw/image_anomaly/anomalous/mitra/files/gif/Honeycam 2017-12-28 13-57-26/278932c49748d4040127/Honeycam_2017-12-28_13-57-26__marker_zip_001__001.43f9c0c5..zip..gif,2487431,68,2,1,0,0,0.25,image,0,0,0,1,0,1,1,0,0,0,25,7.761306309142096,5.644454882778696,0.37658250620821243,0.025158486808277297,256,0,0,0,0,0,0,0,0,2,0,0,0,0.0008631395202520191,0
1,mitra,image_anomaly_mitra,508,kFu8iq35DvhCC6rHFtwbjMB7tqr7U__marker_zip_002__001.e6d053e0..zip..gif,data/raw/image_anomaly/anomalous/mitra/files/gif/kFu8iq35DvhCC6rHFtwbjMB7tqr7U/8e506a3dfb11b739aea1/kFu8iq35DvhCC6rHFtwbjMB7tqr7U__marker_zip_002__001.e6d053e0..zip..gif,127663,69,2,1,0,0,0.15942028985507245,image,0,0,0,1,0,1,1,0,0,0,4,7.907688197376226,2.8181847279511483,0.37252767050750807,0.01131102982069981,256,0,0,0,0,0,0,0,0,2,0,0,0,0.2574512583912332,0
1,mitra,image_anomaly_mitra,509,kFu8iq35DvhCC6rHFtwbjMB7tqr7U__marker_zip_001__001.08dd9951..zip..gif,data/raw/image_anomaly/anomalous/mitra/files/gif/kFu8iq35DvhCC6rHFtwbjMB7tqr7U/f42d8fdf7a375ae59ed2/kFu8iq35DvhCC6rHFtwbjMB7tqr7U__marker_zip_001__001.08dd9951..zip..gif,95177,69,2,1,0,0,0.15942028985507245,image,0,0,0,1,0,1,1,0,0,0,4,7.836669014815539,2.8181847279511483,0.3722327873330742,0.013784842976769598,256,0,0,0,0,0,0,0,0,2,0,0,0,0.022557970938356955,0
1,mitra,image_anomaly_mitra,510,pokipoki-20230305-095117-000-resize__marker_zip_001__001.542e4ff2..zip..gif,data/raw/image_anomaly/anomalous/mitra/files/gif/pokipoki-20230305-095117-000-resize/0a3219aff9728043f6cf/pokipoki-20230305-095117-000-resize__marker_zip_001__001.542e4ff2..zip..gif,384331,75,2,1,0,0,0.2,image,0,0,0,1,0,1,1,0,0,0,4,7.988010988350798,5.331954882778696,0.3565754518891268,0.007501346495598846,256,0,0,0,0,0,0,0,0,2,0,0,0,0.005586330532795949,0
1,mitra,image_anomaly_mitra,511,pokipoki-20230305-095117-000-resize__marker_zip_002__001.07b92072..zip..gif,data/raw/image_anomaly/anomalous/mitra/files/gif/pokipoki-20230305-095117-000-resize/ea167b5627ab6d9aece7/pokipoki-20230305-095117-000-resize__marker_zip_002__001.07b92072..zip..gif,416817,75,2,1,0,0,0.2,image,0,0,0,1,0,1,1,0,0,0,4,7.989774661741947,5.331954882778696,0.3578860747042467,0.0072333901928184315,256,0,0,0,0,0,0,0,0,2,0,0,0,0.07885235007209399,0
1,mitra,image_anomaly_mitra,512,singlebungle1472-20220927-214340-007-resize__marker_zip_002__001.a1bb1e1a..zip..gif,data/raw/image_anomaly/anomalous/mitra/files/gif/singlebungle1472-20220927-214340-007-resize/322c13c089bc9bd7f4b3/singlebungle1472-20220927-214340-007-resize__marker_zip_002__001.a1bb1e1a..zip..gif,4082215,83,2,1,0,0,0.18072289156626506,image,0,0,0,1,0,1,1,0,0,0,68,7.981748922500425,5.214614648336088,0.37189222027747193,0.006231910862117747,256,0,0,0,0,0,0,0,0,2,0,0,0,0.008051266285582705,0
1,mitra,image_anomaly_mitra,513,singlebungle1472-20220927-214340-007-resize__marker_zip_001__001.37055e1b..zip..gif,data/raw/image_anomaly/anomalous/mitra/files/gif/singlebungle1472-20220927-214340-007-resize/f7fa5726b407860cab4e/singlebungle1472-20220927-214340-007-resize__marker_zip_001__001.37055e1b..zip..gif,4049729,83,2,1,0,0,0.18072289156626506,image,0,0,0,1,0,1,1,0,0,0,68,7.98145779510685,5.214614648336088,0.3718801924770769,0.006249307052397827,256,0,0,0,0,0,0,0,0,2,0,0,0,0.0005301589316223382,0
1,mitra,image_anomaly_mitra,514,singlebungle1472-20220927-214340-009-resize__marker_zip_001__001.aaced160..zip..gif,data/raw/image_anomaly/anomalous/mitra/files/gif/singlebungle1472-20220927-214340-009-resize/10a4ff2cec1785f2a6c4/singlebungle1472-20220927-214340-009-resize__marker_zip_001__001.aaced160..zip..gif,3838545,83,2,1,0,0,0.18072289156626506,image,0,0,0,1,0,1,1,0,0,0,60,7.964378980678367,5.327819531114784,0.3758655949064033,0.007212368228065582,256,0,0,91,0,0,0,91,91,2,0,0,0,0.0005593265156459022,0
1,mitra,image_anomaly_mitra,515,singlebungle1472-20220927-214340-009-resize__marker_zip_002__001.2ea72d80..zip..gif,data/raw/image_anomaly/anomalous/mitra/files/gif/singlebungle1472-20220927-214340-009-resize/f4b59600b0472daaef71/singlebungle1472-20220927-214340-009-resize__marker_zip_002__001.2ea72d80..zip..gif,3871031,83,2,1,0,0,0.18072289156626506,image,0,0,0,1,0,1,1,0,0,0,60,7.964957089477295,5.327819531114784,0.3758448330690196,0.007185940903082408,256,0,0,91,0,0,0,91,91,2,0,0,0,0.008490502917698154,0
1,mitra,image_anomaly_mitra,516,singlebungle1472-20220927-214340-011-resize__marker_zip_001__001.45078db6..zip..gif,data/raw/image_anomaly/anomalous/mitra/files/gif/singlebungle1472-20220927-214340-011-resize/7eb4296694a3a095ce47/singlebungle1472-20220927-214340-011-resize__marker_zip_001__001.45078db6..zip..gif,2287233,83,2,1,0,0,0.18072289156626506,image,0,0,0,1,0,1,1,0,0,0,40,7.973734950228975,5.65625,0.3536460867782163,0.008625706257298665,256,0,0,0,0,0,0,0,0,2,0,0,0,0.0009386887999604762,0
1,mitra,image_anomaly_mitra,517,singlebungle1472-20220927-214340-011-resize__marker_zip_002__001.8a07270c..zip..gif,data/raw/image_anomaly/anomalous/mitra/files/gif/singlebungle1472-20220927-214340-011-resize/a00d8acc50dd92b9fc60/singlebungle1472-20220927-214340-011-resize__marker_zip_002__001.8a07270c..zip..gif,2319719,83,2,1,0,0,0.18072289156626506,image,0,0,0,1,0,1,1,0,0,0,40,7.974442388811717,5.65625,0.3539226087297643,0.008561812874749053,256,0,0,0,0,0,0,0,0,2,0,0,0,0.014168526446522186,0
1,mitra,image_anomaly_mitra,518,singlebungle1472-20220927-214340-014-resize__marker_zip_001__001.8b127985..zip..gif,data/raw/image_anomaly/anomalous/mitra/files/gif/singlebungle1472-20220927-214340-014-resize/20b65f1c7b7a28b98029/singlebungle1472-20220927-214340-014-resize__marker_zip_001__001.8b127985..zip..gif,2029736,83,2,1,0,0,0.18072289156626506,image,0,0,0,1,0,1,1,0,0,0,24,7.919181939194353,4.181303861896761,0.37142071678287225,0.01324999901465018,256,0,0,0,0,0,0,0,0,2,0,0,0,0.001057773030581317,0
1,mitra,image_anomaly_mitra,519,singlebungle1472-20220927-214340-014-resize__marker_zip_002__001.d94a0fc0..zip..gif,data/raw/image_anomaly/anomalous/mitra/files/gif/singlebungle1472-20220927-214340-014-resize/57d1f068c58bb0035e62/singlebungle1472-20220927-214340-014-resize__marker_zip_002__001.d94a0fc0..zip..gif,2062222,83,2,1,0,0,0.18072289156626506,image,0,0,0,1,0,1,1,0,0,0,24,7.921591284786357,4.181303861896761,0.3714517641650608,0.01310528158462086,256,0,0,0,0,0,0,0,0,2,0,0,0,0.015937663355351656,0
1,mitra,image_anomaly_mitra,520,singlebungle1472-20221218-091113-000-resize__marker_zip_001__001.545bdbf7..zip..gif,data/raw/image_anomaly/anomalous/mitra/files/gif/singlebungle1472-20221218-091113-000-resize/bddb55f8723cc1ddfd6e/singlebungle1472-20221218-091113-000-resize__marker_zip_001__001.545bdbf7..zip..gif,2263188,83,2,1,0,0,0.18072289156626506,image,0,0,0,1,0,1,1,0,0,0,28,7.894871248054996,5.558364648336088,0.37189221575936243,0.014157904690198075,256,0,0,0,0,0,0,0,0,2,0,0,0,0.0009486617991965316,0
1,mitra,image_anomaly_mitra,521,singlebungle1472-20221218-091113-000-resize__marker_zip_002__001.e584ee35..zip..gif,data/raw/image_anomaly/anomalous/mitra/files/gif/singlebungle1472-20221218-091113-000-resize/e6e0c3c129fd834e5116/singlebungle1472-20221218-091113-000-resize__marker_zip_002__001.e584ee35..zip..gif,2295674,83,2,1,0,0,0.18072289156626506,image,0,0,0,1,0,1,1,0,0,0,28,7.89771201389419,5.558364648336088,0.3719134337018235,0.014015056144731352,256,0,0,0,0,0,0,0,0,2,0,0,0,0.014316928274659206,0
1,mitra,image_anomaly_mitra,522,singlebungle1472-20221219-180348-000-resize__marker_zip_001__001.6a3f0fa1..zip..gif,data/raw/image_anomaly/anomalous/mitra/files/gif/singlebungle1472-20221219-180348-000-resize/94d21e23a0b242091134/singlebungle1472-20221219-180348-000-resize__marker_zip_001__001.6a3f0fa1..zip..gif,2097189,83,2,1,0,0,0.18072289156626506,image,0,0,0,1,0,1,1,0,0,0,34,7.966645231227833,5.675704882778696,0.3730417239457197,0.01115922313153464,256,0,0,0,0,0,0,0,0,2,0,0,0,0.0010237513166433737,0
1,mitra,image_anomaly_mitra,523,singlebungle1472-20221219-180348-000-resize__marker_zip_002__001.d0003881..zip..gif,data/raw/image_anomaly/anomalous/mitra/files/gif/singlebungle1472-20221219-180348-000-resize/96b2cb9e7f10832f691d/singlebungle1472-20221219-180348-000-resize__marker_zip_002__001.d0003881..zip..gif,2129675,83,2,1,0,0,0.18072289156626506,image,0,0,0,1,0,1,1,0,0,0,34,7.9676330762304515,5.675704882778696,0.3730470611713055,0.01105098195734091,256,0,0,0,0,0,0,0,0,2,0,0,0,0.015432871212743728,0
1,mitra,image_anomaly_mitra,524,singlebungle1472-20221222-163851-000-resize__marker_zip_001__001.18181baf..zip..gif,data/raw/image_anomaly/anomalous/mitra/files/gif/singlebungle1472-20221222-163851-000-resize/183fdfc1226c9465f407/singlebungle1472-20221222-163851-000-resize__marker_zip_001__001.18181baf..zip..gif,905924,83,2,1,0,0,0.18072289156626506,image,0,0,0,1,0,1,1,0,0,0,13,7.908050177495036,5.59375,0.3652977512462414,0.014692181684114783,256,0,0,0,0,0,0,0,0,2,0,0,0,0.0023699559786472153,0
1,mitra,image_anomaly_mitra,525,singlebungle1472-20221222-163851-000-resize__marker_zip_002__001.63b5187e..zip..gif,data/raw/image_anomaly/anomalous/mitra/files/gif/singlebungle1472-20221222-163851-000-resize/53ba6238c1c128caa361/singlebungle1472-20221222-163851-000-resize__marker_zip_002__001.63b5187e..zip..gif,938410,83,2,1,0,0,0.18072289156626506,image,0,0,0,1,0,1,1,0,0,0,13,7.9139304554233805,5.59375,0.3655779456740657,0.014324229281444145,256,0,0,0,0,0,0,0,0,2,0,0,0,0.03502413657143466,0
1,mitra,image_anomaly_mitra,526,singlebungle1472-20230104-021641-001-resize__marker_zip_001__001.e3f97884..zip..gif,data/raw/image_anomaly/anomalous/mitra/files/gif/singlebungle1472-20230104-021641-001-resize/4f63caa3fa87eca52d71/singlebungle1472-20230104-021641-001-resize__marker_zip_001__001.e3f97884..zip..gif,2982805,83,2,1,0,0,0.18072289156626506,image,0,0,0,1,0,1,1,0,0,0,64,7.994878828589123,5.507659765557392,0.3714637731933532,0.003254989850157821,256,0,0,0,2,0,0,0,2,2,0,0,0,0.0007197922760622971,0
1,mitra,image_anomaly_mitra,527,singlebungle1472-20230104-021641-001-resize__marker_zip_002__001.a12f0906..zip..gif,data/raw/image_anomaly/anomalous/mitra/files/gif/singlebungle1472-20230104-021641-001-resize/6a758dc3799e7cd00e7d/singlebungle1472-20230104-021641-001-resize__marker_zip_002__001.a12f0906..zip..gif,3015291,83,2,1,0,0,0.18072289156626506,image,0,0,0,1,0,1,1,0,0,0,64,7.994990422148413,5.507659765557392,0.3714845432828871,0.0032636982632853677,256,0,0,0,2,0,0,0,2,2,0,0,0,0.01090010881205164,0
1,mitra,image_anomaly_mitra,528,singlebungle1472-20230109-182200-000-resize__marker_zip_001__001.1269fa38..zip..gif,data/raw/image_anomaly/anomalous/mitra/files/gif/singlebungle1472-20230109-182200-000-resize/2565e4d4f60f1c136be8/singlebungle1472-20230109-182200-000-resize__marker_zip_001__001.1269fa38..zip..gif,3149790,83,2,1,0,0,0.18072289156626506,image,0,0,0,1,0,1,1,0,0,0,38,7.923046329180321,5.706954882778696,0.37551614552081247,0.016047419034284825,256,0,0,0,1,0,0,0,1,2,0,0,0,0.0006816327437702196,0
1,mitra,image_anomaly_mitra,529,singlebungle1472-20230109-182200-000-resize__marker_zip_002__001.10cbc987..zip..gif,data/raw/image_anomaly/anomalous/mitra/files/gif/singlebungle1472-20230109-182200-000-resize/d6c354378d05e954193c/singlebungle1472-20230109-182200-000-resize__marker_zip_002__001.10cbc987..zip..gif,3182276,83,2,1,0,0,0.18072289156626506,image,0,0,0,1,0,1,1,0,0,0,38,7.924511965043996,5.706954882778696,0.37549445742606863,0.01592508003705524,256,0,0,0,1,0,0,0,1,2,0,0,0,0.01032814249926782,0
1,mitra,image_anomaly_mitra,530,singlebungle1472-20230116-052028-000-resize__marker_zip_002__001.87923118..zip..gif,data/raw/image_anomaly/anomalous/mitra/files/gif/singlebungle1472-20230116-052028-000-resize/5bdf886ce823fa7b8bd0/singlebungle1472-20230116-052028-000-resize__marker_zip_002__001.87923118..zip..gif,3026868,83,2,1,0,0,0.18072289156626506,image,0,0,0,1,0,1,1,0,0,0,48,7.966023967936695,4.722678031846025,0.3643452572097627,0.010872955147036475,256,0,0,0,1,0,0,0,1,2,0,0,0,0.010858418669066507,0
1,mitra,image_anomaly_mitra,531,singlebungle1472-20230116-052028-000-resize__marker_zip_001__001.647e15e8..zip..gif,data/raw/image_anomaly/anomalous/mitra/files/gif/singlebungle1472-20230116-052028-000-resize/ab0017cef08c145eb299/singlebungle1472-20230116-052028-000-resize__marker_zip_001__001.647e15e8..zip..gif,2994382,83,2,1,0,0,0.18072289156626506,image,0,0,0,1,0,1,1,0,0,0,48,7.96532957543456,4.722678031846025,0.3642471134277457,0.010946833102790493,256,0,0,0,1,0,0,0,1,2,0,0,0,0.0007170093862439729,0
1,mitra,image_anomaly_mitra,532,singlebungle1472-20230123-183820-000-resize__marker_zip_001__001.98ce796f..zip..gif,data/raw/image_anomaly/anomalous/mitra/files/gif/singlebungle1472-20230123-183820-000-resize/9ff3caba78e557ab681b/singlebungle1472-20230123-183820-000-resize__marker_zip_001__001.98ce796f..zip..gif,1744412,83,2,1,0,0,0.18072289156626506,image,0,0,0,1,0,1,1,0,0,0,21,7.746391775739435,3.6650126494755404,0.36205896313485575,0.023995478132459534,256,0,0,4,1,0,0,4,5,2,0,0,0,0.0012307872222846437,0
1,mitra,image_anomaly_mitra,533,singlebungle1472-20230123-183820-000-resize__marker_zip_002__001.69011bb3..zip..gif,data/raw/image_anomaly/anomalous/mitra/files/gif/singlebungle1472-20230123-183820-000-resize/f99fa6c054c85d4ff30b/singlebungle1472-20230123-183820-000-resize__marker_zip_002__001.69011bb3..zip..gif,1776898,83,2,1,0,0,0.18072289156626506,image,0,0,0,1,0,1,1,0,0,0,21,7.755178808496673,3.6650126494755404,0.3622661514617046,0.023631069425481935,256,0,0,4,1,0,0,4,5,2,0,0,0,0.018496841124251363,0
1,mitra,image_anomaly_mitra,534,singlebungle1472-20230227-191900-000-resize__marker_zip_001__001.428a5bee..zip..gif,data/raw/image_anomaly/anomalous/mitra/files/gif/singlebungle1472-20230227-191900-000-resize/1166aba4f8255f6d8095/singlebungle1472-20230227-191900-000-resize__marker_zip_001__001.428a5bee..zip..gif,3571027,83,2,1,0,0,0.18072289156626506,image,0,0,0,1,0,1,1,0,0,0,55,7.986827452739578,5.363204882778696,0.36241170957262436,0.005577947184381412,256,0,0,0,1,0,0,0,1,2,0,0,0,0.0006012276020315725,0
1,mitra,image_anomaly_mitra,535,singlebungle1472-20230227-191900-000-resize__marker_zip_002__001.c8f32d67..zip..gif,data/raw/image_anomaly/anomalous/mitra/files/gif/singlebungle1472-20230227-191900-000-resize/db8344e97b61d9e43341/singlebungle1472-20230227-191900-000-resize__marker_zip_002__001.c8f32d67..zip..gif,3603513,83,2,1,0,0,0.18072289156626506,image,0,0,0,1,0,1,1,0,0,0,55,7.98706437103775,5.363204882778696,0.36251069442513456,0.005564292400221673,256,0,0,0,1,0,0,0,1,2,0,0,0,0.009120821820262616,0
1,mitra,image_anomaly_mitra,536,singlebungle1472-20230311-052139-000-resize__marker_zip_002__001.f47265a0..zip..gif,data/raw/image_anomaly/anomalous/mitra/files/gif/singlebungle1472-20230311-052139-000-resize/a49b6f61d5af0237e5ea/singlebungle1472-20230311-052139-000-resize__marker_zip_002__001.f47265a0..zip..gif,4070148,83,2,1,0,0,0.18072289156626506,image,0,0,0,1,0,1,1,0,0,0,53,7.972936981621796,3.04951552921258,0.3765695989433308,0.007398256771006853,256,0,0,0,3,0,0,0,3,2,0,0,0,0.008075136334108736,0
1,mitra,image_anomaly_mitra,537,singlebungle1472-20230311-052139-000-resize__marker_zip_001__001.72aac06b..zip..gif,data/raw/image_anomaly/anomalous/mitra/files/gif/singlebungle1472-20230311-052139-000-resize/bb817fda15b3c5c53c37/singlebungle1472-20230311-052139-000-resize__marker_zip_001__001.72aac06b..zip..gif,4037662,83,2,1,0,0,0.18072289156626506,image,0,0,0,1,0,1,1,0,0,0,53,7.972512455619374,3.04951552921258,0.3765951681938706,0.007425089073825397,256,0,0,0,3,0,0,0,3,2,0,0,0,0.0005317433702969689,0
1,mitra,image_anomaly_mitra,538,singlebungle1472-20230408-092130-000-resize__marker_zip_001__001.05960195..zip..gif,data/raw/image_anomaly/anomalous/mitra/files/gif/singlebungle1472-20230408-092130-000-resize/20c58c2bc3ff979546e1/singlebungle1472-20230408-092130-000-resize__marker_zip_001__001.05960195..zip..gif,3666581,83,2,1,0,0,0.18072289156626506,image,0,0,0,1,0,1,1,0,0,0,55,7.982296942044942,5.550704882778696,0.35878220063868765,0.00667106495124477,256,0,0,0,0,0,0,0,0,2,0,0,0,0.0005855591353361619,0
1,mitra,image_anomaly_mitra,539,singlebungle1472-20230408-092130-000-resize__marker_zip_002__001.1c019891..zip..gif,data/raw/image_anomaly/anomalous/mitra/files/gif/singlebungle1472-20230408-092130-000-resize/b16e707133a2af2b3146/singlebungle1472-20230408-092130-000-resize__marker_zip_002__001.1c019891..zip..gif,3699067,83,2,1,0,0,0.18072289156626506,image,0,0,0,1,0,1,1,0,0,0,55,7.98260282535779,5.550704882778696,0.35891050364862276,0.006648162901618165,256,0,0,0,0,0,0,0,0,2,0,0,0,0.008885213487617283,0
1,mitra,image_anomaly_mitra,540,singlebungle1472-20230501-040502-000-resize__marker_zip_001__001.4a0bed35..zip..gif,data/raw/image_anomaly/anomalous/mitra/files/gif/singlebungle1472-20230501-040502-000-resize/91473a85c42172ed47aa/singlebungle1472-20230501-040502-000-resize__marker_zip_001__001.4a0bed35..zip..gif,2791071,83,2,1,0,0,0.18072289156626506,image,0,0,0,1,0,1,1,0,0,0,35,7.944800807169195,3.52924863813976,0.3818623746941586,0.008498888061249606,256,0,0,1,0,0,0,1,1,2,0,0,0,0.0007692387617513134,0
1,mitra,image_anomaly_mitra,541,singlebungle1472-20230501-040502-000-resize__marker_zip_002__001.c8ee185f..zip..gif,data/raw/image_anomaly/anomalous/mitra/files/gif/singlebungle1472-20230501-040502-000-resize/c27253bc28b55e767f07/singlebungle1472-20230501-040502-000-resize__marker_zip_002__001.c8ee185f..zip..gif,2823557,83,2,1,0,0,0.18072289156626506,image,0,0,0,1,0,1,1,0,0,0,35,7.946048886499086,3.52924863813976,0.3817649156719698,0.008447854957417187,256,0,0,1,0,0,0,1,1,2,0,0,0,0.011640282098077,0
1,mitra,image_anomaly_mitra,542,singlebungle1472-20230511-104542-000-resize__marker_zip_001__001.73e48691..zip..gif,data/raw/image_anomaly/anomalous/mitra/files/gif/singlebungle1472-20230511-104542-000-resize/420986d35e07b84b5b4a/singlebungle1472-20230511-104542-000-resize__marker_zip_001__001.73e48691..zip..gif,2086238,83,2,1,0,0,0.18072289156626506,image,0,0,0,1,0,1,1,0,0,0,41,7.975435248543745,5.537349367586925,0.37968151284752744,0.008297231667719599,256,0,0,0,1,0,0,0,1,2,0,0,0,0.0010291251525473123,0
1,mitra,image_anomaly_mitra,543,singlebungle1472-20230511-104542-000-resize__marker_zip_002__001.4c2caabc..zip..gif,data/raw/image_anomaly/anomalous/mitra/files/gif/singlebungle1472-20230511-104542-000-resize/d41d9e8b22c08f1cb2c8/singlebungle1472-20230511-104542-000-resize__marker_zip_002__001.4c2caabc..zip..gif,2118724,83,2,1,0,0,0.18072289156626506,image,0,0,0,1,0,1,1,0,0,0,41,7.976169310020216,5.537349367586925,0.3795850710144408,0.00823231341127962,256,0,0,0,1,0,0,0,1,2,0,0,0,0.01551263873916565,0
1,mitra,image_anomaly_mitra,544,singlebungle1472-20230613-134504-000__marker_zip_002__001.85be04d5..zip..gif,data/raw/image_anomaly/anomalous/mitra/files/gif/singlebungle1472-20230613-134504-000/29577e0fca6c1565fae2/singlebungle1472-20230613-134504-000__marker_zip_002__001.85be04d5..zip..gif,4059506,76,2,1,0,0,0.18421052631578946,image,0,0,0,1,0,1,1,0,0,0,57,7.978969689704584,5.589614648336088,0.36841724091552025,0.007499927331059493,256,0,0,0,1,0,0,0,1,2,0,0,0,0.008096305313996334,0
1,mitra,image_anomaly_mitra,545,singlebungle1472-20230613-134504-000__marker_zip_001__001.d081f5d4..zip..gif,data/raw/image_anomaly/anomalous/mitra/files/gif/singlebungle1472-20230613-134504-000/7f6199e271f77be817e9/singlebungle1472-20230613-134504-000__marker_zip_001__001.d081f5d4..zip..gif,4027020,76,2,1,0,0,0.18421052631578946,image,0,0,0,1,0,1,1,0,0,0,57,7.978633906737644,5.589614648336088,0.36837711260435757,0.007527650719390517,256,0,0,0,1,0,0,0,1,2,0,0,0,0.0005331485813330949,0
1,mitra,image_anomaly_mitra,546,singlebungle1472-20230626-074011-000__marker_zip_001__001.9e28ce03..zip..gif,data/raw/image_anomaly/anomalous/mitra/files/gif/singlebungle1472-20230626-074011-000/1abb8ff05c61a335b303/singlebungle1472-20230626-074011-000__marker_zip_001__001.9e28ce03..zip..gif,1337383,76,2,1,0,0,0.18421052631578946,image,0,0,0,1,0,1,1,0,0,0,151,7.974952662003216,4.289609031522994,0.35886354170794754,0.009165661594322643,256,0,0,0,0,0,0,0,0,2,0,0,0,0.0016053740775828615,0
1,mitra,image_anomaly_mitra,547,singlebungle1472-20230626-074011-000__marker_zip_002__001.3cbe1b21..zip..gif,data/raw/image_anomaly/anomalous/mitra/files/gif/singlebungle1472-20230626-074011-000/dc6d7dbaa6b93d2b3361/singlebungle1472-20230626-074011-000__marker_zip_002__001.3cbe1b21..zip..gif,1369869,76,2,1,0,0,0.18421052631578946,image,0,0,0,1,0,1,1,0,0,0,151,7.97611792097054,4.289609031522994,0.359208070260733,0.009044660474833726,256,0,0,0,0,0,0,0,0,2,0,0,0,0.023992805151441487,0
1,mitra,image_anomaly_mitra,548,singlebungle1472-20230629-081950-000__marker_zip_001__001.26ded9ed..zip..gif,data/raw/image_anomaly/anomalous/mitra/files/gif/singlebungle1472-20230629-081950-000/77dbb4fe8989477156d0/singlebungle1472-20230629-081950-000__marker_zip_001__001.26ded9ed..zip..gif,3998661,76,2,1,0,0,0.18421052631578946,image,0,0,0,1,0,1,1,0,0,0,42,7.89192320738374,5.063810203736037,0.36606954177911055,0.020269285143201688,256,0,0,0,1,0,0,0,1,2,0,0,0,0.0005369297372295376,0
1,mitra,image_anomaly_mitra,549,singlebungle1472-20230629-081950-000__marker_zip_002__001.af6a1679..zip..gif,data/raw/image_anomaly/anomalous/mitra/files/gif/singlebungle1472-20230629-081950-000/a5fda45cf8e675eb2676/singlebungle1472-20230629-081950-000__marker_zip_002__001.af6a1679..zip..gif,4031147,76,2,1,0,0,0.18421052631578946,image,0,0,0,1,0,1,1,0,0,0,42,7.893546905250373,5.063810203736037,0.3661285485247747,0.020138685093845497,256,0,0,0,1,0,0,0,1,2,0,0,0,0.008153262582585056,0
1,mitra,image_anomaly_mitra,550,singlebungle1472-20230709-114347-000__marker_zip_002__001.53c22a35..zip..gif,data/raw/image_anomaly/anomalous/mitra/files/gif/singlebungle1472-20230709-114347-000/8c3ca645fed7e65d9781/singlebungle1472-20230709-114347-000__marker_zip_002__001.53c22a35..zip..gif,3055953,76,2,1,0,0,0.18421052631578946,image,0,0,0,1,0,1,1,0,0,0,26,7.943553108639222,5.644454882778696,0.3735662819421634,0.013051247843144185,256,0,0,0,1,0,0,0,1,2,0,0,0,0.01075507378549343,0
1,mitra,image_anomaly_mitra,551,singlebungle1472-20230709-114347-000__marker_zip_001__001.e84f4068..zip..gif,data/raw/image_anomaly/anomalous/mitra/files/gif/singlebungle1472-20230709-114347-000/b7db9d93ccd21459e5ca/singlebungle1472-20230709-114347-000__marker_zip_001__001.e84f4068..zip..gif,3023467,76,2,1,0,0,0.18421052631578946,image,0,0,0,1,0,1,1,0,0,0,26,7.942390400463001,5.644454882778696,0.3735681586734699,0.013147820035740427,256,0,0,0,1,0,0,0,1,2,0,0,0,0.00071011193441172,0
1,mitra,image_anomaly_mitra,552,singlebungle1472-20230713-134805-002__marker_zip_001__001.6d3147b9..zip..gif,data/raw/image_anomaly/anomalous/mitra/files/gif/singlebungle1472-20230713-134805-002/0b0c13af61dd45e4ae57/singlebungle1472-20230713-134805-002__marker_zip_001__001.6d3147b9..zip..gif,2259849,76,2,1,0,0,0.18421052631578946,image,0,0,0,1,0,1,1,0,0,0,38,7.9312540193322665,5.538909765557392,0.37459759479505045,0.012114083728603106,256,0,0,0,0,0,0,0,0,2,0,0,0,0.000950063477692536,0
1,mitra,image_anomaly_mitra,553,singlebungle1472-20230713-134805-002__marker_zip_002__001.52149f52..zip..gif,data/raw/image_anomaly/anomalous/mitra/files/gif/singlebungle1472-20230713-134805-002/ad005cafc9c4d72d4a64/singlebungle1472-20230713-134805-002__marker_zip_002__001.52149f52..zip..gif,2292335,76,2,1,0,0,0.18421052631578946,image,0,0,0,1,0,1,1,0,0,0,38,7.933139506694668,5.538909765557392,0.3745805041584236,0.01199999127527172,256,0,0,0,0,0,0,0,0,2,0,0,0,0.014337782217695058,0
1,mitra,image_anomaly_mitra,554,singlebungle1472-20230805-053838-000__marker_zip_001__001.94caeba5..zip..gif,data/raw/image_anomaly/anomalous/mitra/files/gif/singlebungle1472-20230805-053838-000/51f346ed9f35d88cf515/singlebungle1472-20230805-053838-000__marker_zip_001__001.94caeba5..zip..gif,3143882,76,2,1,0,0,0.18421052631578946,image,0,0,0,1,0,1,1,0,0,0,52,7.981843958354855,5.695159765557392,0.3748836629364588,0.007929368850357615,256,0,0,0,0,0,0,0,0,2,0,0,0,0.0006829136716963296,0
1,mitra,image_anomaly_mitra,555,singlebungle1472-20230805-053838-000__marker_zip_002__001.c56db348..zip..gif,data/raw/image_anomaly/anomalous/mitra/files/gif/singlebungle1472-20230805-053838-000/7f71573a93bc809eec74/singlebungle1472-20230805-053838-000__marker_zip_002__001.c56db348..zip..gif,3176368,76,2,1,0,0,0.18421052631578946,image,0,0,0,1,0,1,1,0,0,0,52,7.982213246054008,5.695159765557392,0.3748684031573168,0.007889828886325514,256,0,0,0,0,0,0,0,0,2,0,0,0,0.01034735269968719,0
1,mitra,image_anomaly_mitra,556,singlebungle1472-20231021-132252-000__marker_zip_002__001.b0db910e..zip..gif,data/raw/image_anomaly/anomalous/mitra/files/gif/singlebungle1472-20231021-132252-000/7281d3173d6d2510cef8/singlebungle1472-20231021-132252-000__marker_zip_002__001.b0db910e..zip..gif,2113342,76,2,1,0,0,0.18421052631578946,image,0,0,0,1,0,1,1,0,0,0,43,7.987321943391124,5.34727441389348,0.3751475151679189,0.005543825845509151,256,0,0,0,0,0,0,0,0,2,0,0,0,0.015552144423382491,0
1,mitra,image_anomaly_mitra,557,singlebungle1472-20231021-132252-000__marker_zip_001__001.2561b58e..zip..gif,data/raw/image_anomaly/anomalous/mitra/files/gif/singlebungle1472-20231021-132252-000/ea17acf669374b6a66a1/singlebungle1472-20231021-132252-000__marker_zip_001__001.2561b58e..zip..gif,2080856,76,2,1,0,0,0.18421052631578946,image,0,0,0,1,0,1,1,0,0,0,43,7.986926807663642,5.34727441389348,0.3751749280103957,0.005566939759406706,256,0,0,0,0,0,0,0,0,2,0,0,0,0.0010317869184604798,0
1,mitra,image_anomaly_mitra,558,singlebungle1472-20231128-171225-000__marker_zip_001__001.1c5e9414..zip..gif,data/raw/image_anomaly/anomalous/mitra/files/gif/singlebungle1472-20231128-171225-000/7747d52b511893ceba88/singlebungle1472-20231128-171225-000__marker_zip_001__001.1c5e9414..zip..gif,4085810,76,2,1,0,0,0.18421052631578946,image,0,0,0,1,0,1,1,0,0,0,47,7.859537875954152,5.03775298553947,0.3653877688879316,0.014563574909259119,256,0,0,0,3,0,0,0,3,2,0,0,0,0.0005254772003592923,0
1,mitra,image_anomaly_mitra,559,singlebungle1472-20231128-171225-000__marker_zip_002__001.f4a8b962..zip..gif,data/raw/image_anomaly/anomalous/mitra/files/gif/singlebungle1472-20231128-171225-000/f025c847d7dda91848d2/singlebungle1472-20231128-171225-000__marker_zip_002__001.f4a8b962..zip..gif,4118296,76,2,1,0,0,0.18421052631578946,image,0,0,0,1,0,1,1,0,0,0,47,7.861665134478199,5.03775298553947,0.36545090493738186,0.014480746405795018,256,0,0,0,3,0,0,0,3,2,0,0,0,0.007980727951560549,0
1,mitra,image_anomaly_mitra,560,singlebungle1472-20231128-171229-001__marker_zip_002__001.4eb49f0d..zip..gif,data/raw/image_anomaly/anomalous/mitra/files/gif/singlebungle1472-20231128-171229-001/85be1f90b9371b126710/singlebungle1472-20231128-171229-001__marker_zip_002__001.4eb49f0d..zip..gif,2647716,76,2,1,0,0,0.18421052631578946,image,0,0,0,1,0,1,1,0,0,0,32,7.946435828535679,5.338054250365621,0.37005781586846925,0.006182309583051959,256,0,0,0,0,0,0,0,0,2,0,0,0,0.012413340403578027,0
1,mitra,image_anomaly_mitra,561,singlebungle1472-20231128-171229-001__marker_zip_001__001.1aa0b73c..zip..gif,data/raw/image_anomaly/anomalous/mitra/files/gif/singlebungle1472-20231128-171229-001/e0bc78f7dcbe9ea545e3/singlebungle1472-20231128-171229-001__marker_zip_001__001.1aa0b73c..zip..gif,2615230,76,2,1,0,0,0.18421052631578946,image,0,0,0,1,0,1,1,0,0,0,32,7.9451356512121,5.338054250365621,0.3700164039109371,0.006208631745582606,256,0,0,0,0,0,0,0,0,2,0,0,0,0.0008209602979470257,0
1,mitra,image_anomaly_mitra,562,singlebungle1472-20240603-050730-000__marker_zip_002__001.9e36acf5..zip..gif,data/raw/image_anomaly/anomalous/mitra/files/gif/singlebungle1472-20240603-050730-000/4b16ff612eaac1c720a6/singlebungle1472-20240603-050730-000__marker_zip_002__001.9e36acf5..zip..gif,2281582,76,2,1,0,0,0.18421052631578946,image,0,0,0,1,0,1,1,0,0,0,34,7.968436134305626,5.366729296672176,0.3722320740608928,0.0064727018358314535,256,0,0,0,0,0,0,0,0,2,0,0,0,0.014405355582223212,0
1,mitra,image_anomaly_mitra,563,singlebungle1472-20240603-050730-000__marker_zip_001__001.26e22911..zip..gif,data/raw/image_anomaly/anomalous/mitra/files/gif/singlebungle1472-20240603-050730-000/96e1eeb112ed981aee93/singlebungle1472-20240603-050730-000__marker_zip_001__001.26e22911..zip..gif,2249096,76,2,1,0,0,0.18421052631578946,image,0,0,0,1,0,1,1,0,0,0,34,7.967533194955006,5.366729296672176,0.3722153256241619,0.006507503459167594,256,0,0,0,0,0,0,0,0,2,0,0,0,0.0009546057616037733,0
1,mitra,image_anomaly_mitra,564,singlebungle1472-20240603-060324-000__marker_zip_002__001.883b9140..zip..gif,data/raw/image_anomaly/anomalous/mitra/files/gif/singlebungle1472-20240603-060324-000/1e40d105489129d11cef/singlebungle1472-20240603-060324-000__marker_zip_002__001.883b9140..zip..gif,4208256,76,2,1,0,0,0.18421052631578946,image,0,0,0,1,0,1,1,0,0,0,82,7.977170261788611,5.1540786642591,0.3677875110259452,0.006286452155001977,256,0,0,0,0,0,0,0,0,2,0,0,0,0.007810123718709128,0
1,mitra,image_anomaly_mitra,565,singlebungle1472-20240603-060324-000__marker_zip_001__001.79faf35a..zip..gif,data/raw/image_anomaly/anomalous/mitra/files/gif/singlebungle1472-20240603-060324-000/ef98036773b1ccc658e9/singlebungle1472-20240603-060324-000__marker_zip_001__001.79faf35a..zip..gif,4175770,76,2,1,0,0,0.18421052631578946,image,0,0,0,1,0,1,1,0,0,0,82,7.976820609633121,5.1540786642591,0.36774391309866206,0.00630374757230403,256,0,0,0,0,0,0,0,0,2,0,0,0,0.0005141566705062779,0
1,mitra,image_anomaly_mitra,566,A4_BC_A4_BB_A4_BA_A4_BB_A4_BC_A4_BA_A4_BB_A4_BC__marker_pdf_001__001.eb2fe41e..jpg..pdf,data/raw/image_anomaly/anomalous/mitra/files/jpg/%A4%BC%A4%BB%A4%BA%A4%BB%A4%BC%A4%BA%A4%BB%A4%BC/4f75559066328f2143e0/A4_BC_A4_BB_A4_BA_A4_BB_A4_BC_A4_BA_A4_BB_A4_BC__marker_pdf_001__001.eb2fe41e..jpg..pdf,82810,87,2,1,0,0,0.2988505747126437,document,0,0,0,0,0,1,0,1,0,0,4,7.746304156029609,5.250824256483538,0.3349836976210603,0.025467938654751842,256,0,0,0,0,0,0,0,0,0,0,0,0,0.0,0
1,mitra,image_anomaly_mitra,567,A4_BC_A4_BB_A4_BA_A4_BB_A4_BC_A4_BA_A4_BB_A4_BC__marker_pdf_002__001.4eb33ace..jpg..pdf,data/raw/image_anomaly/anomalous/mitra/files/jpg/%A4%BC%A4%BB%A4%BA%A4%BB%A4%BC%A4%BA%A4%BB%A4%BC/b7c29cda72b5beb677e3/A4_BC_A4_BB_A4_BA_A4_BB_A4_BC_A4_BA_A4_BB_A4_BC__marker_pdf_002__001.4eb33ace..jpg..pdf,84601,87,2,1,0,0,0.2988505747126437,document,0,0,0,0,0,1,0,1,0,0,4,7.755673938056734,5.072845754531357,0.348612900556731,0.024928783347714565,256,0,0,0,0,0,0,0,0,0,0,0,0,0.0,0
1,mitra,image_anomaly_mitra,568,A4_BC_A4_BB_A4_BA_A4_BB_A4_BC_A4_BA_A4_BB_A4_BC__marker_zip_001__001.7fff1c34..jpg..zip,data/raw/image_anomaly/anomalous/mitra/files/jpg/%A4%BC%A4%BB%A4%BA%A4%BB%A4%BC%A4%BA%A4%BB%A4%BC/d34eed257f347c840564/A4_BC_A4_BB_A4_BA_A4_BB_A4_BC_A4_BA_A4_BB_A4_BC__marker_zip_001__001.7fff1c34..jpg..zip,81315,87,2,1,0,0,0.2988505747126437,archive,0,0,0,1,0,1,0,1,0,0,5,7.730546186700147,7.574101918762296,0.31885875914652895,0.027018385291766586,256,0,0,0,0,0,0,0,0,0,0,0,0,0.0,0
1,mitra,image_anomaly_mitra,569,A4_BC_A4_BB_A4_BA_A4_BB_A4_BC_A4_BA_A4_BB_A4_BC__marker_zip_001__002.7b13a3da..zip..jpg,data/raw/image_anomaly/anomalous/mitra/files/jpg/%A4%BC%A4%BB%A4%BA%A4%BB%A4%BC%A4%BA%A4%BB%A4%BC/d34eed257f347c840564/A4_BC_A4_BB_A4_BA_A4_BB_A4_BC_A4_BA_A4_BB_A4_BC__marker_zip_001__002.7b13a3da..zip..jpg,81311,87,2,1,0,0,0.2988505747126437,image,0,0,0,1,0,1,1,0,0,0,5,7.730581720319169,7.594450672016665,0.3188621465730344,0.02701971442978195,256,0,0,0,0,0,0,0,0,2,0,0,0,0.026404791479627602,0
1,mitra,image_anomaly_mitra,570,A4_BC_A4_BB_A4_BA_A4_BB_A4_BC_A4_BA_A4_BB_A4_BC__marker_zip_002__001.a977db40..jpg..zip,data/raw/image_anomaly/anomalous/mitra/files/jpg/%A4%BC%A4%BB%A4%BA%A4%BB%A4%BC%A4%BA%A4%BB%A4%BC/f5c1b8942a51c676735f/A4_BC_A4_BB_A4_BA_A4_BB_A4_BC_A4_BA_A4_BB_A4_BC__marker_zip_002__001.a977db40..jpg..zip,113801,87,2,1,0,0,0.2988505747126437,archive,0,0,0,1,0,1,0,1,0,0,5,7.857597111522078,7.988340858219542,0.33442588377958016,0.020465549511867208,256,0,0,0,0,0,0,0,0,0,0,0,0,0.0,0
1,mitra,image_anomaly_mitra,571,A4_BC_A4_BB_A4_BA_A4_BB_A4_BC_A4_BA_A4_BB_A4_BC__marker_zip_002__002.4b35f5ac..zip..jpg,data/raw/image_anomaly/anomalous/mitra/files/jpg/%A4%BC%A4%BB%A4%BA%A4%BB%A4%BC%A4%BA%A4%BB%A4%BC/f5c1b8942a51c676735f/A4_BC_A4_BB_A4_BA_A4_BB_A4_BC_A4_BA_A4_BB_A4_BC__marker_zip_002__002.4b35f5ac..zip..jpg,113797,87,2,1,0,0,0.2988505747126437,image,0,0,0,1,0,1,1,0,0,0,5,7.85761212974637,7.594450672016665,0.33442885137569534,0.02046626888230797,256,0,0,0,0,0,0,0,0,2,0,0,0,0.28882132217896783,0
1,mitra,image_anomaly_mitra,572,B1_B34_A4_A7_B1_B4_A4_B5_B1_B3__marker_pdf_002__001.ec241fa6..jpg..pdf,data/raw/image_anomaly/anomalous/mitra/files/jpg/%B1%B34%A4%A7%B1%B4%A4%B5%B1%B3/1eab807f9b3fbec6e69f/B1_B34_A4_A7_B1_B4_A4_B5_B1_B3__marker_pdf_002__001.ec241fa6..jpg..pdf,80386,70,2,1,0,0,0.2857142857142857,document,0,0,0,0,0,1,0,1,0,0,5,7.957420972329669,5.072845754531357,0.4021968999577041,0.012713656606871843,256,0,0,0,0,0,0,0,0,0,0,0,0,0.0,0
1,mitra,image_anomaly_mitra,573,B1_B34_A4_A7_B1_B4_A4_B5_B1_B3__marker_zip_001__001.e0fda1b5..jpg..zip,data/raw/image_anomaly/anomalous/mitra/files/jpg/%B1%B34%A4%A7%B1%B4%A4%B5%B1%B3/668581eaf64501391301/B1_B34_A4_A7_B1_B4_A4_B5_B1_B3__marker_zip_001__001.e0fda1b5..jpg..zip,77100,70,2,1,0,0,0.2857142857142857,archive,0,0,0,1,0,1,0,1,0,0,6,7.960204640940369,7.730781052972365,0.3730998702983139,0.014396887159533073,256,0,0,0,0,0,0,0,0,0,0,0,0,0.0,0
1,mitra,image_anomaly_mitra,574,B1_B34_A4_A7_B1_B4_A4_B5_B1_B3__marker_zip_001__002.32792287..zip..jpg,data/raw/image_anomaly/anomalous/mitra/files/jpg/%B1%B34%A4%A7%B1%B4%A4%B5%B1%B3/668581eaf64501391301/B1_B34_A4_A7_B1_B4_A4_B5_B1_B3__marker_zip_001__002.32792287..zip..jpg,77096,70,2,1,0,0,0.2857142857142857,image,0,0,0,1,0,1,1,0,0,0,6,7.960196162687185,7.800424410279817,0.37310625713396284,0.014397634118501609,256,0,0,0,0,0,0,0,0,2,0,0,0,0.027848396803984644,0
1,mitra,image_anomaly_mitra,575,B1_B34_A4_A7_B1_B4_A4_B5_B1_B3__marker_pdf_001__001.9b77a505..jpg..pdf,data/raw/image_anomaly/anomalous/mitra/files/jpg/%B1%B34%A4%A7%B1%B4%A4%B5%B1%B3/9a1e3d6942d964f3f60f/B1_B34_A4_A7_B1_B4_A4_B5_B1_B3__marker_pdf_001__001.9b77a505..jpg..pdf,78595,70,2,1,0,0,0.2857142857142857,document,0,0,0,0,0,1,0,1,0,0,5,7.9605898253422085,5.250824256483538,0.3890578281061136,0.013003371715758,256,0,0,0,0,0,0,0,0,0,0,0,0,0.0,0
1,mitra,image_anomaly_mitra,576,B1_B34_A4_A7_B1_B4_A4_B5_B1_B3__marker_zip_002__001.017f73e2..jpg..zip,data/raw/image_anomaly/anomalous/mitra/files/jpg/%B1%B34%A4%A7%B1%B4%A4%B5%B1%B3/a8cfce59eb893478e796/B1_B34_A4_A7_B1_B4_A4_B5_B1_B3__marker_zip_002__001.017f73e2..jpg..zip,109586,70,2,1,0,0,0.2857142857142857,archive,0,0,0,1,0,1,0,1,0,0,6,7.979592099490846,7.988340858219542,0.37318635592137683,0.011333564506415053,256,0,0,0,0,0,0,0,0,0,0,0,0,0.0,0
1,mitra,image_anomaly_mitra,577,B1_B34_A4_A7_B1_B4_A4_B5_B1_B3__marker_zip_002__002.c7615c4d..zip..jpg,data/raw/image_anomaly/anomalous/mitra/files/jpg/%B1%B34%A4%A7%B1%B4%A4%B5%B1%B3/a8cfce59eb893478e796/B1_B34_A4_A7_B1_B4_A4_B5_B1_B3__marker_zip_002__002.c7615c4d..zip..jpg,109582,70,2,1,0,0,0.2857142857142857,image,0,0,0,1,0,1,1,0,0,0,6,7.979586229420876,7.800424410279817,0.3731908525122739,0.01133397820809987,256,0,0,0,0,0,0,0,0,2,0,0,0,0.2999306455439762,0
1,mitra,image_anomaly_mitra,578,001_marker_zip_001.b35b8bc0..jpg..zip,data/raw/image_anomaly/anomalous/mitra/files/jpg/0a395878d8e8_file/30994d21c581de29afc0/001_marker_zip_001.b35b8bc0..jpg..zip,38978,37,2,1,0,0,0.21621621621621623,archive,0,0,0,1,0,1,0,1,0,0,2,7.969431159194594,7.844516611310479,0.3791882600441275,0.008594591821027247,256,0,0,0,0,0,0,0,0,2,0,0,0,0.05508235414849402,0
1,mitra,image_anomaly_mitra,579,002_marker_zip_001.d91463f2..zip..jpg,data/raw/image_anomaly/anomalous/mitra/files/jpg/0a395878d8e8_file/30994d21c581de29afc0/002_marker_zip_001.d91463f2..zip..jpg,38974,37,2,1,0,0,0.21621621621621623,image,0,0,0,1,0,1,1,0,0,0,2,7.969368737471622,7.8996100210331,0.37920151896135884,0.00859547390568071,256,0,0,0,0,0,0,0,0,2,0,0,0,0.05508800738954175,0
1,mitra,image_anomaly_mitra,580,001_marker_zip_002.e64f616c..jpg..zip,data/raw/image_anomaly/anomalous/mitra/files/jpg/0a395878d8e8_file/85d68660ea5593805aae/001_marker_zip_002.e64f616c..jpg..zip,71464,37,2,1,0,0,0.21621621621621623,archive,0,0,0,1,0,1,0,1,0,0,2,7.990734452255569,7.988340858219542,0.3765532295981193,0.006534758759655211,256,0,0,0,0,0,0,0,0,2,0,0,0,0.4599098846971902,0
1,mitra,image_anomaly_mitra,581,002_marker_zip_002.462469dd..zip..jpg,data/raw/image_anomaly/anomalous/mitra/files/jpg/0a395878d8e8_file/85d68660ea5593805aae/002_marker_zip_002.462469dd..zip..jpg,71460,37,2,1,0,0,0.21621621621621623,image,0,0,0,1,0,1,1,0,0,0,2,7.990722514997797,7.8996100210331,0.3765603134620767,0.006535124545200112,256,0,0,0,0,0,0,0,0,2,0,0,0,0.4599356283235376,0
1,mitra,image_anomaly_mitra,582,001_marker_pdf_001.8c6a9e1e..jpg..pdf,data/raw/image_anomaly/anomalous/mitra/files/jpg/0a395878d8e8_file/ef65969b5a7b8fc259fd/001_marker_pdf_001.8c6a9e1e..jpg..pdf,40473,37,2,1,0,0,0.21621621621621623,document,0,0,0,0,0,1,0,1,0,0,1,7.962625735019637,5.250824256483538,0.4099523138882712,0.006102833988090826,256,0,0,0,0,0,0,0,0,0,0,0,0,0.0,0
1,mitra,image_anomaly_mitra,583,001_marker_pdf_002.382001f3..jpg..pdf,data/raw/image_anomaly/anomalous/mitra/files/jpg/0a395878d8e8_file/f21a70e87fc59ac7e01b/001_marker_pdf_002.382001f3..jpg..pdf,42264,37,2,1,0,0,0.21621621621621623,document,0,0,0,0,0,1,0,1,0,0,1,7.950156420400318,5.072845754531357,0.4340573537762635,0.005844217300776074,256,0,0,0,0,0,0,0,0,0,0,0,0,0.0,0
1,mitra,image_anomaly_mitra,584,001_marker_pdf_001.00266f0e..jpg..pdf,data/raw/image_anomaly/anomalous/mitra/files/jpg/0b83d8659ab8_file/1054a6c14559986e33a2/001_marker_pdf_001.00266f0e..jpg..pdf,215731,37,2,1,0,0,0.21621621621621623,document,0,0,0,0,0,1,0,1,0,0,4,7.968626971618603,5.250824256483538,0.38102080832147445,0.008570859079130955,256,2,0,0,0,0,0,0,0,0,0,0,0,0.0,0
1,mitra,image_anomaly_mitra,585,001_marker_pdf_002.fe8328ee..jpg..pdf,data/raw/image_anomaly/anomalous/mitra/files/jpg/0b83d8659ab8_file/29223a85515dfc9115d1/001_marker_pdf_002.fe8328ee..jpg..pdf,217522,37,2,1,0,0,0.21621621621621623,document,0,0,0,0,0,1,0,1,0,0,4,7.968586675145059,5.072845754531357,0.38594257132611876,0.008500289625876923,256,2,0,0,0,0,0,0,0,0,0,0,0,0.0,0
1,mitra,image_anomaly_mitra,586,001_marker_zip_002.48c48e3a..jpg..zip,data/raw/image_anomaly/anomalous/mitra/files/jpg/0b83d8659ab8_file/a2a5ac57d6e23cc7c8c5/001_marker_zip_002.48c48e3a..jpg..zip,246722,37,2,1,0,0,0.21621621621621623,archive,0,0,0,1,0,1,0,1,0,0,5,7.9755177840097335,7.988340858219542,0.37498074756203337,0.008385956663775423,256,2,0,0,0,0,0,0,0,0,0,0,0,0.0,0
1,mitra,image_anomaly_mitra,587,002_marker_zip_002.daff7e63..zip..jpg,data/raw/image_anomaly/anomalous/mitra/files/jpg/0b83d8659ab8_file/a2a5ac57d6e23cc7c8c5/002_marker_zip_002.daff7e63..zip..jpg,246718,37,2,1,0,0,0.21621621621621623,image,0,0,0,1,0,1,1,0,0,0,5,7.97551640265084,7.589521353349583,0.3749827738551707,0.008386092623967445,256,2,0,0,0,0,0,0,0,2,0,0,0,0.13321687108358532,0
1,mitra,image_anomaly_mitra,588,001_marker_zip_001.6ca8aa49..jpg..zip,data/raw/image_anomaly/anomalous/mitra/files/jpg/0b83d8659ab8_file/ec7b46ed916232119212/001_marker_zip_001.6ca8aa49..jpg..zip,214236,37,2,1,0,0,0.21621621621621623,archive,0,0,0,1,0,1,0,1,0,0,5,7.967631191200218,7.502361564262814,0.3752217181052671,0.009041430945312645,256,2,0,0,0,0,0,0,0,0,0,0,0,0.0,0
1,mitra,image_anomaly_mitra,589,002_marker_zip_001.ac821eec..zip..jpg,data/raw/image_anomaly/anomalous/mitra/files/jpg/0b83d8659ab8_file/ec7b46ed916232119212/002_marker_zip_001.ac821eec..zip..jpg,214232,37,2,1,0,0,0.21621621621621623,image,0,0,0,1,0,1,1,0,0,0,5,7.9676270605103285,7.589521353349583,0.37522405616341165,0.009041599761006758,256,2,0,0,0,0,0,0,0,2,0,0,0,0.010021845475932633,0
1,mitra,image_anomaly_mitra,590,001_marker_pdf_002.1f178fa3..jpg..pdf,data/raw/image_anomaly/anomalous/mitra/files/jpg/0ed53c98ded3_st6-cdj83_1/7e56783ab54ea52ef965/001_marker_pdf_002.1f178fa3..jpg..pdf,134034,37,2,1,0,0,0.21621621621621623,document,0,0,0,0,0,1,0,1,0,0,2,7.704473991783173,5.072845754531357,0.3212393870212036,0.025612904188489487,256,0,0,0,0,0,0,0,0,0,0,0,0,0.0,0
1,mitra,image_anomaly_mitra,591,001_marker_zip_001.bcc4bab6..jpg..zip,data/raw/image_anomaly/anomalous/mitra/files/jpg/0ed53c98ded3_st6-cdj83_1/cd05a0b5dc304a43a6df/001_marker_zip_001.bcc4bab6..jpg..zip,130748,37,2,1,0,0,0.21621621621621623,archive,0,0,0,1,0,1,0,1,0,0,3,7.681754849281022,7.496521510393354,0.30204668522654265,0.026929666228164104,256,0,0,0,0,0,0,0,0,0,0,0,0,0.0,0
1,mitra,image_anomaly_mitra,592,002_marker_zip_001.50f4ebe2..zip..jpg,data/raw/image_anomaly/anomalous/mitra/files/jpg/0ed53c98ded3_st6-cdj83_1/cd05a0b5dc304a43a6df/002_marker_zip_001.50f4ebe2..zip..jpg,130744,37,2,1,0,0,0.21621621621621623,image,0,0,0,1,0,1,1,0,0,0,3,7.681771497998986,7.493440485054453,0.3020482775500214,0.026930490118093373,256,0,0,0,0,0,0,0,0,2,0,0,0,0.016421403659058923,0
1,mitra,image_anomaly_mitra,593,001_marker_zip_002.2322017b..jpg..zip,data/raw/image_anomaly/anomalous/mitra/files/jpg/0ed53c98ded3_st6-cdj83_1/d13b847e3fcc88982059/001_marker_zip_002.2322017b..jpg..zip,163234,37,2,1,0,0,0.21621621621621623,archive,0,0,0,1,0,1,0,1,0,0,3,7.791240793238517,7.988340858219542,0.31624539005354274,0.022378916157173138,256,0,0,0,0,0,0,0,0,0,0,0,0,0.0,0
1,mitra,image_anomaly_mitra,594,002_marker_zip_002.466f4b43..zip..jpg,data/raw/image_anomaly/anomalous/mitra/files/jpg/0ed53c98ded3_st6-cdj83_1/d13b847e3fcc88982059/002_marker_zip_002.466f4b43..zip..jpg,163230,37,2,1,0,0,0.21621621621621623,image,0,0,0,1,0,1,1,0,0,0,3,7.791249782970895,7.493440485054453,0.31624701341665135,0.02237946455921093,256,0,0,0,0,0,0,0,0,2,0,0,0,0.20135391778472095,0
1,mitra,image_anomaly_mitra,595,001_marker_pdf_001.f959a7cf..jpg..pdf,data/raw/image_anomaly/anomalous/mitra/files/jpg/0ed53c98ded3_st6-cdj83_1/da79fe21b74291e9f8a0/001_marker_pdf_001.f959a7cf..jpg..pdf,132243,37,2,1,0,0,0.21621621621621623,document,0,0,0,0,0,1,0,1,0,0,2,7.694999612625966,5.250824256483538,0.31233411220253626,0.025959786151251864,256,0,0,0,0,0,0,0,0,0,0,0,0,0.0,0
1,mitra,image_anomaly_mitra,596,122501819259071__marker_zip_001__001.ca19ec11..jpg..zip,data/raw/image_anomaly/anomalous/mitra/files/jpg/122501819259071/64ca24611213aae54c53/122501819259071__marker_zip_001__001.ca19ec11..jpg..zip,93241,55,2,1,0,0,0.2,archive,0,0,0,1,0,1,0,1,0,0,2,7.974515290123188,7.794120497067552,0.363552514451797,0.009941978314260894,256,0,0,0,0,0,0,0,0,0,0,0,0,0.0,0
1,mitra,image_anomaly_mitra,597,122501819259071__marker_zip_001__002.8b7bbbc2..zip..jpg,data/raw/image_anomaly/anomalous/mitra/files/jpg/122501819259071/64ca24611213aae54c53/122501819259071__marker_zip_001__002.8b7bbbc2..zip..jpg,93237,55,2,1,0,0,0.2,image,0,0,0,1,0,1,1,0,0,0,2,7.97451769939607,7.867374137420943,0.36355738601628107,0.009942404839280543,256,0,0,0,0,0,0,0,0,2,0,0,0,0.02302733893196907,0
1,mitra,image_anomaly_mitra,598,122501819259071__marker_pdf_002__001.1ae4d8ac..jpg..pdf,data/raw/image_anomaly/anomalous/mitra/files/jpg/122501819259071/73f39a83b138b2752dea/122501819259071__marker_pdf_002__001.1ae4d8ac..jpg..pdf,96527,55,2,1,0,0,0.2,document,0,0,0,0,0,1,0,1,0,0,1,7.974456411443853,5.072845754531357,0.3881090264899976,0.00869186859635128,256,0,0,0,0,0,0,0,0,0,0,0,0,0.0,0
1,mitra,image_anomaly_mitra,599,122501819259071__marker_zip_002__001.d2349fd6..jpg..zip,data/raw/image_anomaly/anomalous/mitra/files/jpg/122501819259071/88570e364ed85d030214/122501819259071__marker_zip_002__001.d2349fd6..jpg..zip,125727,55,2,1,0,0,0.2,archive,0,0,0,1,0,1,0,1,0,0,2,7.985859863348917,7.988340858219542,0.36609479268573974,0.008423011763583002,256,0,0,0,0,0,0,0,0,0,0,0,0,0.0,0
1,mitra,image_anomaly_mitra,600,122501819259071__marker_zip_002__002.be4190be..zip..jpg,data/raw/image_anomaly/anomalous/mitra/files/jpg/122501819259071/88570e364ed85d030214/122501819259071__marker_zip_002__002.be4190be..zip..jpg,125723,55,2,1,0,0,0.2,image,0,0,0,1,0,1,1,0,0,0,2,7.98586138954226,7.867374137420943,0.36609848635492315,0.008423279749926425,256,0,0,0,0,0,0,0,0,2,0,0,0,0.2614239240234484,0
1,mitra,image_anomaly_mitra,601,122501819259071__marker_pdf_001__001.1d674d98..jpg..pdf,data/raw/image_anomaly/anomalous/mitra/files/jpg/122501819259071/e3a189f609c0597ef393/122501819259071__marker_pdf_001__001.1d674d98..jpg..pdf,94736,55,2,1,0,0,0.2,document,0,0,0,0,0,1,0,1,0,0,1,7.975879953317225,5.250824256483538,0.37694223948657324,0.008856189832798515,256,0,0,0,0,0,0,0,0,0,0,0,0,0.0,0
1,mitra,image_anomaly_mitra,602,123755303427100__marker_pdf_001__001.f8e560b0..jpg..pdf,data/raw/image_anomaly/anomalous/mitra/files/jpg/123755303427100/07268592fcaeddef2dc6/123755303427100__marker_pdf_001__001.f8e560b0..jpg..pdf,35475,55,2,1,0,0,0.2,document,0,0,0,0,0,1,0,1,0,0,2,7.938460378590097,5.250824256483538,0.38021141649048623,0.011613812544045102,256,0,0,0,0,0,0,0,0,0,0,0,0,0.0,0
1,mitra,image_anomaly_mitra,603,123755303427100__marker_pdf_002__001.2bf773fc..jpg..pdf,data/raw/image_anomaly/anomalous/mitra/files/jpg/123755303427100/59e3f659073d3b2f5a84/123755303427100__marker_pdf_002__001.2bf773fc..jpg..pdf,37266,55,2,1,0,0,0.2,document,0,0,0,0,0,1,0,1,0,0,2,7.929398077566619,5.072845754531357,0.4089786937154511,0.011055653947297805,256,0,0,0,0,0,0,0,0,0,0,0,0,0.0,0
1,mitra,image_anomaly_mitra,604,123755303427100__marker_zip_002__001.055c5ad1..jpg..zip,data/raw/image_anomaly/anomalous/mitra/files/jpg/123755303427100/76912e4b1799c64ae273/123755303427100__marker_zip_002__001.055c5ad1..jpg..zip,66466,55,2,1,0,0,0.2,archive,0,0,0,1,0,1,0,1,0,0,3,7.9826994739478545,7.988340858219542,0.35816808593867544,0.00950862094905666,256,0,0,0,0,0,0,0,0,2,0,0,0,0.49449342520988177,0
1,mitra,image_anomaly_mitra,605,123755303427100__marker_zip_002__002.5e7bfbbb..zip..jpg,data/raw/image_anomaly/anomalous/mitra/files/jpg/123755303427100/76912e4b1799c64ae273/123755303427100__marker_zip_002__002.5e7bfbbb..zip..jpg,66462,55,2,1,0,0,0.2,image,0,0,0,1,0,1,1,0,0,0,3,7.982710489639361,7.818351256499058,0.35817459600974993,0.00950919322319521,256,0,0,0,0,0,0,0,0,2,0,0,0,0.4945231861815774,0
1,mitra,image_anomaly_mitra,606,123755303427100__marker_zip_001__001.4529a5fb..jpg..zip,data/raw/image_anomaly/anomalous/mitra/files/jpg/123755303427100/e336dafba09bb978ff48/123755303427100__marker_zip_001__001.4529a5fb..jpg..zip,33980,55,2,1,0,0,0.2,archive,0,0,0,1,0,1,0,1,0,0,3,7.93691562173291,7.747694808594505,0.34361389052383756,0.014714537963507945,256,0,0,0,0,0,0,0,0,2,0,0,0,0.06318422601530312,0
1,mitra,image_anomaly_mitra,607,123755303427100__marker_zip_001__002.f8fba34c..zip..jpg,data/raw/image_anomaly/anomalous/mitra/files/jpg/123755303427100/e336dafba09bb978ff48/123755303427100__marker_zip_001__002.f8fba34c..zip..jpg,33976,55,2,1,0,0,0.2,image,0,0,0,1,0,1,1,0,0,0,3,7.936960644874284,7.818351256499058,0.34362491170237813,0.014716270308453025,256,0,0,0,0,0,0,0,0,2,0,0,0,0.06319166470449729,0
1,mitra,image_anomaly_mitra,608,001_marker_pdf_002.2d748972..jpg..pdf,data/raw/image_anomaly/anomalous/mitra/files/jpg/1ca27b5ba56a_-/4cb49f8f9b06c5f110b5/001_marker_pdf_002.2d748972..jpg..pdf,82631,37,2,1,0,0,0.21621621621621623,document,0,0,0,0,0,1,0,1,0,0,3,7.964437130585999,5.072845754531357,0.40043083104403915,0.013602643075843206,256,0,0,0,0,0,0,0,0,0,0,0,0,0.0,0
1,mitra,image_anomaly_mitra,609,001_marker_zip_002.68db1cc4..jpg..zip,data/raw/image_anomaly/anomalous/mitra/files/jpg/1ca27b5ba56a_-/556bfc92f2c5d59a2a25/001_marker_zip_002.68db1cc4..jpg..zip,111831,37,2,1,0,0,0.21621621621621623,archive,0,0,0,1,0,1,0,1,0,0,4,7.983214056031811,7.988340858219542,0.3724638069944827,0.012018134506532179,256,0,0,0,0,0,0,0,0,0,0,0,0,0.0,0
1,mitra,image_anomaly_mitra,610,002_marker_zip_002.9bd380e6..zip..jpg,data/raw/image_anomaly/anomalous/mitra/files/jpg/1ca27b5ba56a_-/556bfc92f2c5d59a2a25/002_marker_zip_002.9bd380e6..zip..jpg,111827,37,2,1,0,0,0.21621621621621623,image,0,0,0,1,0,1,1,0,0,0,4,7.983220412405655,7.481897110207789,0.37246818746814275,0.012018564389637566,256,0,0,0,0,0,0,0,0,2,0,0,0,0.29390934210879305,0
1,mitra,image_anomaly_mitra,611,001_marker_zip_001.02c7362f..jpg..zip,data/raw/image_anomaly/anomalous/mitra/files/jpg/1ca27b5ba56a_-/cbd09a17612d05c02b4a/001_marker_zip_001.02c7362f..jpg..zip,79345,37,2,1,0,0,0.21621621621621623,archive,0,0,0,1,0,1,0,1,0,0,4,7.968408858653712,7.374200237056078,0.37208393723612077,0.015275064591341609,256,0,0,0,0,0,0,0,0,0,0,0,0,0.0,0
1,mitra,image_anomaly_mitra,612,002_marker_zip_001.5d11e75f..zip..jpg,data/raw/image_anomaly/anomalous/mitra/files/jpg/1ca27b5ba56a_-/cbd09a17612d05c02b4a/002_marker_zip_001.5d11e75f..zip..jpg,79341,37,2,1,0,0,0.21621621621621623,image,0,0,0,1,0,1,1,0,0,0,4,7.968416359142219,7.481897110207789,0.37209009213395344,0.015275834688244413,256,0,0,0,0,0,0,0,0,2,0,0,0,0.027060410128432966,0
1,mitra,image_anomaly_mitra,613,001_marker_pdf_001.71632617..jpg..pdf,data/raw/image_anomaly/anomalous/mitra/files/jpg/1ca27b5ba56a_-/fd67948b4e6291b440f2/001_marker_pdf_001.71632617..jpg..pdf,80840,37,2,1,0,0,0.21621621621621623,document,0,0,0,0,0,1,0,1,0,0,3,7.967873887294849,5.250824256483538,0.387617516081148,0.013904007916872836,256,0,0,0,0,0,0,0,0,0,0,0,0,0.0,0
1,mitra,image_anomaly_mitra,614,1_adf__marker_zip_002__001.9aa1b14d..jpg..zip,data/raw/image_anomaly/anomalous/mitra/files/jpg/1초뒤adf/16c166176f9f77a1d647/1_adf__marker_zip_002__001.9aa1b14d..jpg..zip,96946,45,2,1,0,0,0.26666666666666666,archive,0,0,0,1,0,1,0,1,0,0,4,7.980764012193086,7.988340858219542,0.3714026365192994,0.013760237658077693,256,0,0,0,0,0,0,0,0,2,0,0,0,0.3390237864378107,0
1,mitra,image_anomaly_mitra,615,1_adf__marker_zip_002__002.dbdb10f3..zip..jpg,data/raw/image_anomaly/anomalous/mitra/files/jpg/1초뒤adf/16c166176f9f77a1d647/1_adf__marker_zip_002__002.dbdb10f3..zip..jpg,96942,45,2,1,0,0,0.26666666666666666,image,0,0,0,1,0,1,1,0,0,0,4,7.980762848602436,7.254247084033077,0.3714076458088342,0.013760805430050958,256,0,0,0,0,0,0,0,0,2,0,0,0,0.3390377751645314,0
1,mitra,image_anomaly_mitra,616,1_adf__marker_pdf_001__001.b60a9bb3..jpg..pdf,data/raw/image_anomaly/anomalous/mitra/files/jpg/1초뒤adf/1bf52e30802cf9839745/1_adf__marker_pdf_001__001.b60a9bb3..jpg..pdf,65955,45,2,1,0,0,0.26666666666666666,document,0,0,0,0,0,1,0,1,0,0,3,7.959461593094517,5.250824256483538,0.3894776741717838,0.016890303995148206,256,0,0,0,0,0,0,0,0,0,0,0,0,0.0,0
1,mitra,image_anomaly_mitra,617,1_adf__marker_pdf_002__001.48f70db1..jpg..pdf,data/raw/image_anomaly/anomalous/mitra/files/jpg/1초뒤adf/e0cb16ba827d9a98d36d/1_adf__marker_pdf_002__001.48f70db1..jpg..pdf,67746,45,2,1,0,0,0.26666666666666666,document,0,0,0,0,0,1,0,1,0,0,3,7.9547325298300295,5.072845754531357,0.40505712514391995,0.01644377527824521,256,0,0,0,0,0,0,0,0,0,0,0,0,0.0,0
1,mitra,image_anomaly_mitra,618,1_adf__marker_zip_001__001.e899b93f..jpg..zip,data/raw/image_anomaly/anomalous/mitra/files/jpg/1초뒤adf/e867d2de085f9b8819d5/1_adf__marker_zip_001__001.e899b93f..jpg..zip,64460,45,2,1,0,0,0.26666666666666666,archive,0,0,0,1,0,1,0,1,0,0,4,7.95996833704926,7.135889433462179,0.37040024821594786,0.01864722308408315,256,0,0,0,0,0,0,0,0,2,0,0,0,0.03330747750542972,0
1,mitra,image_anomaly_mitra,619,1_adf__marker_zip_001__002.f644a570..zip..jpg,data/raw/image_anomaly/anomalous/mitra/files/jpg/1초뒤adf/e867d2de085f9b8819d5/1_adf__marker_zip_001__002.f644a570..zip..jpg,64456,45,2,1,0,0,0.26666666666666666,image,0,0,0,1,0,1,1,0,0,0,4,7.959963416137848,7.254247084033077,0.37040771999503536,0.018648380290430682,256,0,0,0,0,0,0,0,0,2,0,0,0,0.03330954449546978,0
1,mitra,image_anomaly_mitra,620,1_dd__marker_zip_002__001.1accde21..jpg..zip,data/raw/image_anomaly/anomalous/mitra/files/jpg/1초뒤dd/5714aa261b4bf7cd5d6f/1_dd__marker_zip_002__001.1accde21..jpg..zip,75571,44,2,1,0,0,0.2727272727272727,archive,0,0,0,1,0,1,0,1,0,0,3,7.993033725487803,7.988340858219542,0.3702346138068836,0.0073970173743896465,256,0,0,0,0,0,0,0,0,2,0,0,0,0.4349155099178256,0
1,mitra,image_anomaly_mitra,621,1_dd__marker_zip_002__002.53058cd1..zip..jpg,data/raw/image_anomaly/anomalous/mitra/files/jpg/1초뒤dd/5714aa261b4bf7cd5d6f/1_dd__marker_zip_002__002.53058cd1..zip..jpg,75567,44,2,1,0,0,0.2727272727272727,image,0,0,0,1,0,1,1,0,0,0,3,7.993029865144926,7.889063818636295,0.3702409782047719,0.007397408921883891,256,0,0,0,0,0,0,0,0,2,0,0,0,0.43493853136951316,0
1,mitra,image_anomaly_mitra,622,1_dd__marker_pdf_001__001.5132da37..jpg..pdf,data/raw/image_anomaly/anomalous/mitra/files/jpg/1초뒤dd/ae1fcff273f0ac0461c6/1_dd__marker_pdf_001__001.5132da37..jpg..pdf,44580,44,2,1,0,0,0.2727272727272727,document,0,0,0,0,0,1,0,1,0,0,2,7.976057627794125,5.250824256483538,0.396164199192463,0.007604306864064603,256,0,0,0,0,0,0,0,0,0,0,0,0,0.0,0
1,mitra,image_anomaly_mitra,623,1_dd__marker_zip_001__001.8aecbc79..jpg..zip,data/raw/image_anomaly/anomalous/mitra/files/jpg/1초뒤dd/b585086bf42f075a0014/1_dd__marker_zip_001__001.8aecbc79..jpg..zip,43085,44,2,1,0,0,0.2727272727272727,archive,0,0,0,1,0,1,0,1,0,0,3,7.979083231713702,7.820306844440898,0.3678542416154114,0.009910641754670999,256,0,0,0,0,0,0,0,0,2,0,0,0,0.04983172797957526,0
1,mitra,image_anomaly_mitra,624,1_dd__marker_zip_001__002.084168ed..zip..jpg,data/raw/image_anomaly/anomalous/mitra/files/jpg/1초뒤dd/b585086bf42f075a0014/1_dd__marker_zip_001__002.084168ed..zip..jpg,43081,44,2,1,0,0,0.2727272727272727,image,0,0,0,1,0,1,1,0,0,0,3,7.979063992848844,7.889063818636295,0.3678651841879251,0.009911561941459111,256,0,0,0,0,0,0,0,0,2,0,0,0,0.04983635477356607,0
1,mitra,image_anomaly_mitra,625,1_dd__marker_pdf_002__001.e1664c2d..jpg..pdf,data/raw/image_anomaly/anomalous/mitra/files/jpg/1초뒤dd/f6f456ee80f337c83d38/1_dd__marker_pdf_002__001.e1664c2d..jpg..pdf,46371,44,2,1,0,0,0.2727272727272727,document,0,0,0,0,0,1,0,1,0,0,2,7.966091371676905,5.072845754531357,0.4186668391882858,0.00731060361001488,256,0,0,0,0,0,0,0,0,0,0,0,0,0.0,0
1,mitra,image_anomaly_mitra,626,001_marker_pdf_002.fc6d6121..jpg..pdf,data/raw/image_anomaly/anomalous/mitra/files/jpg/2831a09fdd37_file/1914c962376ee7b14b8f/001_marker_pdf_002.fc6d6121..jpg..pdf,414252,37,2,1,0,0,0.21621621621621623,document,0,0,0,0,0,1,0,1,0,0,4,7.6708376440175305,5.072845754531357,0.3275711402721049,0.02816160211658604,256,9,0,0,0,0,0,0,0,0,0,0,0,0.0,0
1,mitra,image_anomaly_mitra,627,001_marker_zip_002.fd92ec61..jpg..zip,data/raw/image_anomaly/anomalous/mitra/files/jpg/2831a09fdd37_file/4524d082015dde3289b7/001_marker_zip_002.fd92ec61..jpg..zip,443452,37,2,1,0,0,0.21621621621621623,archive,0,0,0,1,0,1,0,1,0,0,5,7.709215506240028,7.988340858219542,0.32531593047274565,0.026803351884758665,256,9,0,0,0,0,0,0,0,0,0,0,0,0.0,0
1,mitra,image_anomaly_mitra,628,002_marker_zip_002.2bb3a411..zip..jpg,data/raw/image_anomaly/anomalous/mitra/files/jpg/2831a09fdd37_file/4524d082015dde3289b7/002_marker_zip_002.2bb3a411..zip..jpg,443448,37,2,1,0,0,0.21621621621621623,image,0,0,0,1,0,1,1,0,0,0,5,7.709219728935555,7.692251343223328,0.32531660983925964,0.026803593656978947,256,9,0,0,0,0,0,0,0,2,0,0,0,0.07411692013494255,0
1,mitra,image_anomaly_mitra,629,001_marker_pdf_001.2d639aaf..jpg..pdf,data/raw/image_anomaly/anomalous/mitra/files/jpg/2831a09fdd37_file/8ea4656d46efc08368ec/001_marker_pdf_001.2d639aaf..jpg..pdf,412461,37,2,1,0,0,0.21621621621621623,document,0,0,0,0,0,1,0,1,0,0,4,7.668365207687014,5.250824256483538,0.3247434302879545,0.028283886234092434,256,9,0,0,0,0,0,0,0,0,0,0,0,0.0,0
1,mitra,image_anomaly_mitra,630,001_marker_zip_001.943d4230..jpg..zip,data/raw/image_anomaly/anomalous/mitra/files/jpg/2831a09fdd37_file/dceff5201f7e382a6da1/001_marker_zip_001.943d4230..jpg..zip,410966,37,2,1,0,0,0.21621621621621623,archive,0,0,0,1,0,1,0,1,0,0,5,7.666254868884399,7.6023101906005985,0.3215156484964693,0.02860090615768701,256,9,0,0,0,0,0,0,0,0,0,0,0,0.0,0
1,mitra,image_anomaly_mitra,631,002_marker_zip_001.ad575a00..zip..jpg,data/raw/image_anomaly/anomalous/mitra/files/jpg/2831a09fdd37_file/dceff5201f7e382a6da1/002_marker_zip_001.ad575a00..zip..jpg,410962,37,2,1,0,0,0.21621621621621623,image,0,0,0,1,0,1,1,0,0,0,5,7.666261515168397,7.692251343223328,0.32151634457687084,0.02860118453774315,256,9,0,0,0,0,0,0,0,2,0,0,0,0.005224327310067597,0
1,mitra,image_anomaly_mitra,632,001_marker_zip_002.984b22c7..jpg..zip,data/raw/image_anomaly/anomalous/mitra/files/jpg/3415887f4412_file/101446d0e1fff7d56675/001_marker_zip_002.984b22c7..jpg..zip,251690,37,2,1,0,0,0.21621621621621623,archive,0,0,0,1,0,1,0,1,0,0,8,7.962651513865121,7.988340858219542,0.38693233739918154,0.010858595891771624,256,4,0,0,0,0,0,0,0,0,0,0,0,0.0,0
1,mitra,image_anomaly_mitra,633,002_marker_zip_002.4586a9ec..zip..jpg,data/raw/image_anomaly/anomalous/mitra/files/jpg/3415887f4412_file/101446d0e1fff7d56675/002_marker_zip_002.4586a9ec..zip..jpg,251686,37,2,1,0,0,0.21621621621621623,image,0,0,0,1,0,1,1,0,0,0,8,7.962649221237943,7.672798175991014,0.38693451364001175,0.010858768465468878,256,4,0,0,0,0,0,0,0,2,0,0,0,0.1305873191198557,0
1,mitra,image_anomaly_mitra,634,001_marker_pdf_001.beacf446..jpg..pdf,data/raw/image_anomaly/anomalous/mitra/files/jpg/3415887f4412_file/21af04443f84d3ec461e/001_marker_pdf_001.beacf446..jpg..pdf,220699,37,2,1,0,0,0.21621621621621623,document,0,0,0,0,0,1,0,1,0,0,7,7.951329725474765,5.250824256483538,0.39451470101812874,0.011386549100811513,256,4,0,0,0,0,0,0,0,0,0,0,0,0.0,0
1,mitra,image_anomaly_mitra,635,001_marker_zip_001.655d328b..jpg..zip,data/raw/image_anomaly/anomalous/mitra/files/jpg/3415887f4412_file/8b8fbcfd74d1fd177724/001_marker_zip_001.655d328b..jpg..zip,219204,37,2,1,0,0,0.21621621621621623,archive,0,0,0,1,0,1,0,1,0,0,8,7.952843550549245,7.586082483119498,0.3889390704549187,0.011865659385777631,256,4,0,0,0,0,0,0,0,0,0,0,0,0.0,0
1,mitra,image_anomaly_mitra,636,002_marker_zip_001.6a20d24e..zip..jpg,data/raw/image_anomaly/anomalous/mitra/files/jpg/3415887f4412_file/8b8fbcfd74d1fd177724/002_marker_zip_001.6a20d24e..zip..jpg,219200,37,2,1,0,0,0.21621621621621623,image,0,0,0,1,0,1,1,0,0,0,8,7.952840163492183,7.672798175991014,0.38894160583941606,0.01186587591240876,256,4,0,0,0,0,0,0,0,2,0,0,0,0.00979470802919708,0
1,mitra,image_anomaly_mitra,637,001_marker_pdf_002.caf26b8f..jpg..pdf,data/raw/image_anomaly/anomalous/mitra/files/jpg/3415887f4412_file/d1506284ac8ccdab6bfa/001_marker_pdf_002.caf26b8f..jpg..pdf,222490,37,2,1,0,0,0.21621621621621623,document,0,0,0,0,0,1,0,1,0,0,7,7.950008836652283,5.072845754531357,0.3992179423794328,0.011294889657962156,256,4,0,0,0,0,0,0,0,0,0,0,0,0.0,0
1,mitra,image_anomaly_mitra,638,001_marker_pdf_001.dd788475..jpg..pdf,data/raw/image_anomaly/anomalous/mitra/files/jpg/398824279dcf_-/06d6d85bb48982cb6a82/001_marker_pdf_001.dd788475..jpg..pdf,48739,37,2,1,0,0,0.21621621621621623,document,0,0,0,0,0,1,0,1,0,0,1,7.955355399421147,5.250824256483538,0.3918627792937894,0.011879603602864237,256,0,0,1,0,0,0,1,1,0,0,0,0,0.0,0
1,mitra,image_anomaly_mitra,639,001_marker_pdf_002.00de8939..jpg..pdf,data/raw/image_anomaly/anomalous/mitra/files/jpg/398824279dcf_-/4b5743474acf1fd782cb/001_marker_pdf_002.00de8939..jpg..pdf,50530,37,2,1,0,0,0.21621621621621623,document,0,0,0,0,0,1,0,1,0,0,1,7.948622259979059,5.072845754531357,0.4126657431228973,0.01145853948149614,256,0,0,1,0,0,0,1,1,0,0,0,0,0.0,0
1,mitra,image_anomaly_mitra,640,001_marker_zip_001.24a79975..jpg..zip,data/raw/image_anomaly/anomalous/mitra/files/jpg/398824279dcf_-/5c797925b350e6601a4e/001_marker_zip_001.24a79975..jpg..zip,47244,37,2,1,0,0,0.21621621621621623,archive,0,0,0,1,0,1,0,1,0,0,2,7.955378321411882,7.8003140040817724,0.3659088984844636,0.014118194903056472,256,0,0,1,0,0,0,1,1,2,0,0,0,0.045444924223181776,0
1,mitra,image_anomaly_mitra,641,002_marker_zip_001.135b7c0d..zip..jpg,data/raw/image_anomaly/anomalous/mitra/files/jpg/398824279dcf_-/5c797925b350e6601a4e/002_marker_zip_001.135b7c0d..zip..jpg,47240,37,2,1,0,0,0.21621621621621623,image,0,0,0,1,0,1,1,0,0,0,2,7.955363311231951,7.858915253105459,0.3659187129551228,0.01411939034716342,256,0,0,1,0,0,0,1,1,2,0,0,0,0.04544877222692633,0
1,mitra,image_anomaly_mitra,642,001_marker_zip_002.fc359785..jpg..zip,data/raw/image_anomaly/anomalous/mitra/files/jpg/398824279dcf_-/b81fd27ac43b243faf3c/001_marker_zip_002.fc359785..jpg..zip,79730,37,2,1,0,0,0.21621621621621623,archive,0,0,0,1,0,1,0,1,0,0,2,7.983580419785027,7.988340858219542,0.36895773234667,0.010021321961620469,256,0,0,1,0,0,0,1,1,2,0,0,0,0.4122287721058573,0
1,mitra,image_anomaly_mitra,643,002_marker_zip_002.1f74b8e0..zip..jpg,data/raw/image_anomaly/anomalous/mitra/files/jpg/398824279dcf_-/b81fd27ac43b243faf3c/002_marker_zip_002.1f74b8e0..zip..jpg,79726,37,2,1,0,0,0.21621621621621623,image,0,0,0,1,0,1,1,0,0,0,2,7.983582142797591,7.858915253105459,0.3689637006748112,0.010021824749767955,256,0,0,1,0,0,0,1,1,2,0,0,0,0.4122494543812558,0
1,mitra,image_anomaly_mitra,644,5_8116__marker_zip_001__001.ed9095e9..jpg..zip,data/raw/image_anomaly/anomalous/mitra/files/jpg/5(8116)/0f24269aa33f3df67f68/5_8116__marker_zip_001__001.ed9095e9..jpg..zip,30301,46,2,1,0,0,0.2608695652173913,archive,0,0,0,1,0,1,0,1,0,0,3,7.9520313408413905,7.778825295623827,0.3577439688459127,0.015445034817332762,256,0,0,0,0,0,0,0,0,2,0,0,0,0.07085574733507145,0
1,mitra,image_anomaly_mitra,645,5_8116__marker_zip_001__002.8c3b3d46..zip..jpg,data/raw/image_anomaly/anomalous/mitra/files/jpg/5(8116)/0f24269aa33f3df67f68/5_8116__marker_zip_001__002.8c3b3d46..zip..jpg,30297,46,2,1,0,0,0.2608695652173913,image,0,0,0,1,0,1,1,0,0,0,3,7.9520905057931035,7.845123189801923,0.3577581938805822,0.015447073967719577,256,0,0,0,0,0,0,0,0,2,0,0,0,0.07086510215532892,0
1,mitra,image_anomaly_mitra,646,5_8116__marker_zip_002__001.14acaffa..jpg..zip,data/raw/image_anomaly/anomalous/mitra/files/jpg/5(8116)/2e579a7d8bf4bffd351a/5_8116__marker_zip_002__001.14acaffa..jpg..zip,62787,46,2,1,0,0,0.2608695652173913,archive,0,0,0,1,0,1,0,1,0,0,3,7.98803774404783,7.988340858219542,0.36584006243330625,0.009556118304744612,256,0,0,0,0,0,0,0,0,2,0,0,0,0.5234682338700687,0
1,mitra,image_anomaly_mitra,647,5_8116__marker_zip_002__002.5246993a..zip..jpg,data/raw/image_anomaly/anomalous/mitra/files/jpg/5(8116)/2e579a7d8bf4bffd351a/5_8116__marker_zip_002__002.5246993a..zip..jpg,62783,46,2,1,0,0,0.2608695652173913,image,0,0,0,1,0,1,1,0,0,0,3,7.988048506849918,7.845123189801923,0.36584744277909625,0.009556727139512288,256,0,0,0,0,0,0,0,0,2,0,0,0,0.5235015848239173,0
1,mitra,image_anomaly_mitra,648,5_8116__marker_pdf_001__001.8e56e4d6..jpg..pdf,data/raw/image_anomaly/anomalous/mitra/files/jpg/5(8116)/6ed01685cb73e735e4db/5_8116__marker_pdf_001__001.8e56e4d6..jpg..pdf,31796,46,2,1,0,0,0.2608695652173913,document,0,0,0,0,0,1,0,1,0,0,2,7.947391095186507,5.250824256483538,0.3979116870046547,0.011951188828783495,256,0,0,0,0,0,0,0,0,0,0,0,0,0.0,0
1,mitra,image_anomaly_mitra,649,5_8116__marker_pdf_002__001.9bb05f0d..jpg..pdf,data/raw/image_anomaly/anomalous/mitra/files/jpg/5(8116)/e21e7384492f18c31ef4/5_8116__marker_pdf_002__001.9bb05f0d..jpg..pdf,33587,46,2,1,0,0,0.2608695652173913,document,0,0,0,0,0,1,0,1,0,0,2,7.931915678197,5.072845754531357,0.42888617619912467,0.011313901211778367,256,0,0,0,0,0,0,0,0,0,0,0,0,0.0,0
1,mitra,image_anomaly_mitra,650,001_marker_zip_002.0ef93a08..jpg..zip,data/raw/image_anomaly/anomalous/mitra/files/jpg/63b523eade66_-/2a5502aac712173a3edb/001_marker_zip_002.0ef93a08..jpg..zip,60634,37,2,1,0,0,0.21621621621621623,archive,0,0,0,1,0,1,0,1,0,0,4,7.9932328123845915,7.988340858219542,0.37251377115149914,0.008246198502490351,256,0,0,0,0,0,0,0,0,2,0,0,0,0.5420556123627008,0
1,mitra,image_anomaly_mitra,651,002_marker_zip_002.f354841b..zip..jpg,data/raw/image_anomaly/anomalous/mitra/files/jpg/63b523eade66_-/2a5502aac712173a3edb/002_marker_zip_002.f354841b..zip..jpg,60630,37,2,1,0,0,0.21621621621621623,image,0,0,0,1,0,1,1,0,0,0,4,7.993227739537725,7.884331467883894,0.37252185386772224,0.008246742536698005,256,0,0,0,0,0,0,0,0,2,0,0,0,0.5420913739073067,0
1,mitra,image_anomaly_mitra,652,001_marker_pdf_002.2b7fadae..jpg..pdf,data/raw/image_anomaly/anomalous/mitra/files/jpg/63b523eade66_-/83a7b457e2a341647881/001_marker_pdf_002.2b7fadae..jpg..pdf,31434,37,2,1,0,0,0.21621621621621623,document,0,0,0,0,0,1,0,1,0,0,3,7.932411561652483,5.072845754531357,0.44607749570528726,0.008907552331869949,256,0,0,0,0,0,0,0,0,0,0,0,0,0.0,0
1,mitra,image_anomaly_mitra,653,001_marker_pdf_001.3fea4886..jpg..pdf,data/raw/image_anomaly/anomalous/mitra/files/jpg/63b523eade66_-/9cc173d69277e4aa8e42/001_marker_pdf_001.3fea4886..jpg..pdf,29643,37,2,1,0,0,0.21621621621621623,document,0,0,0,0,0,1,0,1,0,0,3,7.954572717542364,5.250824256483538,0.4138919812434639,0.00944573761090308,256,0,0,0,0,0,0,0,0,0,0,0,0,0.0,0
1,mitra,image_anomaly_mitra,654,001_marker_zip_001.3eddfea0..jpg..zip,data/raw/image_anomaly/anomalous/mitra/files/jpg/63b523eade66_-/d8e4505d740f0d8f09be/001_marker_zip_001.3eddfea0..jpg..zip,28148,37,2,1,0,0,0.21621621621621623,archive,0,0,0,1,0,1,0,1,0,0,4,7.971249233319898,7.8361625879786265,0.37150063947704987,0.013073753019752736,256,0,0,0,0,0,0,0,0,2,0,0,0,0.07627540144948132,0
1,mitra,image_anomaly_mitra,655,002_marker_zip_001.a28af149..zip..jpg,data/raw/image_anomaly/anomalous/mitra/files/jpg/63b523eade66_-/d8e4505d740f0d8f09be/002_marker_zip_001.a28af149..zip..jpg,28144,37,2,1,0,0,0.21621621621621623,image,0,0,0,1,0,1,1,0,0,0,4,7.971214760814114,7.884331467883894,0.37151790790221717,0.013075611142694713,256,0,0,0,0,0,0,0,0,2,0,0,0,0.07628624218305856,0
1,mitra,image_anomaly_mitra,656,65416rt3__marker_zip_001__001.757e953e..jpg..zip,data/raw/image_anomaly/anomalous/mitra/files/jpg/65416rt3/086918c99ee194c519f5/65416rt3__marker_zip_001__001.757e953e..jpg..zip,63014,48,2,1,0,0,0.22916666666666666,archive,0,0,0,1,0,1,0,1,0,0,5,7.957255146267711,7.556396773700748,0.3638556511251468,0.022185546069127496,256,2,0,0,0,0,0,0,0,2,0,0,0,0.03407179356968293,0
1,mitra,image_anomaly_mitra,657,65416rt3__marker_zip_001__002.84caca9a..zip..jpg,data/raw/image_anomaly/anomalous/mitra/files/jpg/65416rt3/086918c99ee194c519f5/65416rt3__marker_zip_001__002.84caca9a..zip..jpg,63010,48,2,1,0,0,0.22916666666666666,image,0,0,0,1,0,1,1,0,0,0,5,7.9572606073562175,7.642276732267432,0.3638628789081098,0.02218695445167434,256,2,0,0,0,0,0,0,0,2,0,0,0,0.03407395651483892,0
1,mitra,image_anomaly_mitra,658,65416rt3__marker_zip_002__001.7250573c..jpg..zip,data/raw/image_anomaly/anomalous/mitra/files/jpg/65416rt3/178ab068d84e4bf87478/65416rt3__marker_zip_002__001.7250573c..jpg..zip,95500,48,2,1,0,0,0.22916666666666666,archive,0,0,0,1,0,1,0,1,0,0,5,7.979029866302186,7.988340858219542,0.3670994764397906,0.016020942408376964,256,2,0,0,0,0,0,0,0,2,0,0,0,0.3441570680628272,0
1,mitra,image_anomaly_mitra,659,65416rt3__marker_zip_002__002.2b115dff..zip..jpg,data/raw/image_anomaly/anomalous/mitra/files/jpg/65416rt3/178ab068d84e4bf87478/65416rt3__marker_zip_002__002.2b115dff..zip..jpg,95496,48,2,1,0,0,0.22916666666666666,image,0,0,0,1,0,1,1,0,0,0,5,7.979032494243506,7.642276732267432,0.3671043813353439,0.016021613470721285,256,2,0,0,0,0,0,0,0,2,0,0,0,0.34417148362235067,0
1,mitra,image_anomaly_mitra,660,65416rt3__marker_pdf_001__001.ede338ee..jpg..pdf,data/raw/image_anomaly/anomalous/mitra/files/jpg/65416rt3/197119ed63ad2a267815/65416rt3__marker_pdf_001__001.ede338ee..jpg..pdf,64509,48,2,1,0,0,0.22916666666666666,document,0,0,0,0,0,1,0,1,0,0,4,7.9570712248700595,5.250824256483538,0.383512378117782,0.020307243950456525,256,2,0,0,0,0,0,0,0,0,0,0,0,0.0,0
1,mitra,image_anomaly_mitra,661,65416rt3__marker_pdf_002__001.f68f48d5..jpg..pdf,data/raw/image_anomaly/anomalous/mitra/files/jpg/65416rt3/353260dc12a1e370f409/65416rt3__marker_pdf_002__001.f68f48d5..jpg..pdf,66300,48,2,1,0,0,0.22916666666666666,document,0,0,0,0,0,1,0,1,0,0,4,7.952333429575541,5.072845754531357,0.3995927601809955,0.01975867269984917,256,2,0,0,0,0,0,0,0,0,0,0,0,0.0,0
1,mitra,image_anomaly_mitra,662,001_marker_pdf_001.21329848..jpg..pdf,data/raw/image_anomaly/anomalous/mitra/files/jpg/68c7abd883a8_3/689fd40572ab03e31118/001_marker_pdf_001.21329848..jpg..pdf,31000,37,2,1,0,0,0.21621621621621623,document,0,0,0,0,0,1,0,1,0,0,2,7.801617200883433,5.250824256483538,0.37029032258064515,0.017483870967741934,256,0,0,0,0,0,0,0,0,0,0,0,0,0.0,0
1,mitra,image_anomaly_mitra,663,001_marker_pdf_002.fcc572ac..jpg..pdf,data/raw/image_anomaly/anomalous/mitra/files/jpg/68c7abd883a8_3/9902b929676777962a49/001_marker_pdf_002.fcc572ac..jpg..pdf,32791,37,2,1,0,0,0.21621621621621623,document,0,0,0,0,0,1,0,1,0,0,2,7.803257108821416,5.072845754531357,0.40352535756762525,0.01652892561983471,256,0,0,0,0,0,0,0,0,0,0,0,0,0.0,0
1,mitra,image_anomaly_mitra,664,001_marker_zip_002.d26fc565..jpg..zip,data/raw/image_anomaly/anomalous/mitra/files/jpg/68c7abd883a8_3/d9d775d4fb1e0f532e1d/001_marker_zip_002.d26fc565..jpg..zip,61991,37,2,1,0,0,0.21621621621621623,archive,0,0,0,1,0,1,0,1,0,0,3,7.948271367079627,7.988340858219542,0.35161555709699793,0.012292106918746269,256,0,0,0,0,0,0,0,0,2,0,0,0,0.5301898662709102,0
1,mitra,image_anomaly_mitra,665,002_marker_zip_002.c31bdeb5..zip..jpg,data/raw/image_anomaly/anomalous/mitra/files/jpg/68c7abd883a8_3/d9d775d4fb1e0f532e1d/002_marker_zip_002.c31bdeb5..zip..jpg,61987,37,2,1,0,0,0.21621621621621623,image,0,0,0,1,0,1,1,0,0,0,3,7.948293852178277,7.704039591685616,0.3516221143142917,0.012292900124219594,256,0,0,0,0,0,0,0,0,2,0,0,0,0.5302240792424218,0
1,mitra,image_anomaly_mitra,666,001_marker_zip_001.2b19e77f..jpg..zip,data/raw/image_anomaly/anomalous/mitra/files/jpg/68c7abd883a8_3/ea9e26aefbeeb411fbe1/001_marker_zip_001.2b19e77f..jpg..zip,29505,37,2,1,0,0,0.21621621621621623,archive,0,0,0,1,0,1,0,1,0,0,3,7.78152158552971,7.650934753197423,0.32763938315539737,0.021352313167259787,256,0,0,0,0,0,0,0,0,2,0,0,0,0.07276732757159804,0
1,mitra,image_anomaly_mitra,667,002_marker_zip_001.df76bc5e..zip..jpg,data/raw/image_anomaly/anomalous/mitra/files/jpg/68c7abd883a8_3/ea9e26aefbeeb411fbe1/002_marker_zip_001.df76bc5e..zip..jpg,29501,37,2,1,0,0,0.21621621621621623,image,0,0,0,1,0,1,1,0,0,0,3,7.781611967186044,7.704039591685616,0.32764991017253653,0.021355208298023797,256,0,0,0,0,0,0,0,0,2,0,0,0,0.07277719399342396,0
1,mitra,image_anomaly_mitra,668,001_marker_pdf_001.52f44bc8..jpg..pdf,data/raw/image_anomaly/anomalous/mitra/files/jpg/6f100b86d6a5_file/1d54935fc84368009f3b/001_marker_pdf_001.52f44bc8..jpg..pdf,61652,37,2,1,0,0,0.21621621621621623,document,0,0,0,0,0,1,0,1,0,0,4,7.965174894779026,5.250824256483538,0.39507234152987736,0.006114967884253552,256,0,0,0,0,0,0,0,0,0,0,0,0,0.0,0
1,mitra,image_anomaly_mitra,669,001_marker_pdf_002.8e543983..jpg..pdf,data/raw/image_anomaly/anomalous/mitra/files/jpg/6f100b86d6a5_file/320fcce2f71f3f96c24f/001_marker_pdf_002.8e543983..jpg..pdf,63443,37,2,1,0,0,0.21621621621621623,document,0,0,0,0,0,1,0,1,0,0,4,7.960171032528956,5.072845754531357,0.4115505256687105,0.005942341944737796,256,0,0,0,0,0,0,0,0,0,0,0,0,0.0,0
1,mitra,image_anomaly_mitra,670,001_marker_zip_002.b794161c..jpg..zip,data/raw/image_anomaly/anomalous/mitra/files/jpg/6f100b86d6a5_file/e2bd84fa548e3a538505/001_marker_zip_002.b794161c..jpg..zip,92643,37,2,1,0,0,0.21621621621621623,archive,0,0,0,1,0,1,0,1,0,0,5,7.985318216324709,7.988340858219542,0.37428623857172155,0.006444091836404262,256,0,0,0,0,0,0,0,0,2,0,0,0,0.3547704629599646,0
1,mitra,image_anomaly_mitra,671,002_marker_zip_002.b6e7ed3b..zip..jpg,data/raw/image_anomaly/anomalous/mitra/files/jpg/6f100b86d6a5_file/e2bd84fa548e3a538505/002_marker_zip_002.b6e7ed3b..zip..jpg,92639,37,2,1,0,0,0.21621621621621623,image,0,0,0,1,0,1,1,0,0,0,5,7.985313145455805,7.911949664113306,0.37429160504755016,0.006444370081715044,256,0,0,0,0,0,0,0,0,2,0,0,0,0.35478578136637917,0
1,mitra,image_anomaly_mitra,672,001_marker_zip_001.806b15c5..jpg..zip,data/raw/image_anomaly/anomalous/mitra/files/jpg/6f100b86d6a5_file/f3252a8028e2aaf35f72/001_marker_zip_001.806b15c5..jpg..zip,60157,37,2,1,0,0,0.21621621621621623,archive,0,0,0,1,0,1,0,1,0,0,5,7.965081938488489,7.85248297102001,0.37476935352494306,0.007729773758664827,256,0,0,0,0,0,0,0,0,2,0,0,0,0.03568994464484598,0
1,mitra,image_anomaly_mitra,673,002_marker_zip_001.154b7456..zip..jpg,data/raw/image_anomaly/anomalous/mitra/files/jpg/6f100b86d6a5_file/f3252a8028e2aaf35f72/002_marker_zip_001.154b7456..zip..jpg,60153,37,2,1,0,0,0.21621621621621623,image,0,0,0,1,0,1,1,0,0,0,5,7.9650591895853315,7.911949664113306,0.3747776503250046,0.0077302877661962,256,0,0,0,0,0,0,0,0,2,0,0,0,0.035692317922630626,0
1,mitra,image_anomaly_mitra,674,001_marker_pdf_001.e560d0f8..jpg..pdf,data/raw/image_anomaly/anomalous/mitra/files/jpg/6fa3a1003a67_6066/0b61900521ff31a3456b/001_marker_pdf_001.e560d0f8..jpg..pdf,42108,37,2,1,0,0,0.21621621621621623,document,0,0,0,0,0,1,0,1,0,0,2,7.969373857199455,5.250824256483538,0.3946755960862544,0.007290776099553529,256,0,0,0,0,0,0,0,0,0,0,0,0,0.0,0
1,mitra,image_anomaly_mitra,675,001_marker_zip_002.1862925c..jpg..zip,data/raw/image_anomaly/anomalous/mitra/files/jpg/6fa3a1003a67_6066/ace63b7295268b7de80a/001_marker_zip_002.1862925c..jpg..zip,73099,37,2,1,0,0,0.21621621621621623,archive,0,0,0,1,0,1,0,1,0,0,3,7.991527656381172,7.988340858219542,0.3685002530814375,0.007209400949397393,256,0,0,0,0,0,0,0,0,2,0,0,0,0.4496231138592867,0
1,mitra,image_anomaly_mitra,676,002_marker_zip_002.35993578..zip..jpg,data/raw/image_anomaly/anomalous/mitra/files/jpg/6fa3a1003a67_6066/ace63b7295268b7de80a/002_marker_zip_002.35993578..zip..jpg,73095,37,2,1,0,0,0.21621621621621623,image,0,0,0,1,0,1,1,0,0,0,3,7.991525281936636,7.862075096215368,0.3685067378069635,0.007209795471646487,256,0,0,0,0,0,0,0,0,2,0,0,0,0.4496477187222108,0
1,mitra,image_anomaly_mitra,677,001_marker_zip_001.70af8ae6..jpg..zip,data/raw/image_anomaly/anomalous/mitra/files/jpg/6fa3a1003a67_6066/f0adb286fdd35ba96013/001_marker_zip_001.70af8ae6..jpg..zip,40613,37,2,1,0,0,0.21621621621621623,archive,0,0,0,1,0,1,0,1,0,0,3,7.972964454677548,7.805045572838565,0.3645876935956467,0.009725949819023465,256,0,0,0,0,0,0,0,0,2,0,0,0,0.05286484623150223,0
1,mitra,image_anomaly_mitra,678,002_marker_zip_001.51f6422a..zip..jpg,data/raw/image_anomaly/anomalous/mitra/files/jpg/6fa3a1003a67_6066/f0adb286fdd35ba96013/002_marker_zip_001.51f6422a..zip..jpg,40609,37,2,1,0,0,0.21621621621621623,image,0,0,0,1,0,1,1,0,0,0,3,7.972960031075452,7.862075096215368,0.36459898052155926,0.00972690782831392,256,0,0,0,0,0,0,0,0,2,0,0,0,0.05287005343643035,0
1,mitra,image_anomaly_mitra,679,001_marker_pdf_002.d5172f46..jpg..pdf,data/raw/image_anomaly/anomalous/mitra/files/jpg/6fa3a1003a67_6066/f2e117702a719a38bb96/001_marker_pdf_002.d5172f46..jpg..pdf,43899,37,2,1,0,0,0.21621621621621623,document,0,0,0,0,0,1,0,1,0,0,2,7.958888433113772,5.072845754531357,0.4185061163124445,0.006993325588282193,256,0,0,0,0,0,0,0,0,0,0,0,0,0.0,0
1,mitra,image_anomaly_mitra,680,001_marker_zip_002.01c9a72e..JPG..zip,data/raw/image_anomaly/anomalous/mitra/files/jpg/7ca568035997_20/2f337b645532cda6260a/001_marker_zip_002.01c9a72e..JPG..zip,141690,37,2,1,0,0,0.21621621621621623,archive,0,0,0,1,0,1,0,1,0,0,5,7.982234112951585,7.988340858219542,0.3729056390712118,0.008737384430799633,256,0,0,1,0,0,0,1,1,0,0,0,0,0.0,0
1,mitra,image_anomaly_mitra,681,002_marker_zip_002.3f8aa273..zip..JPG,data/raw/image_anomaly/anomalous/mitra/files/jpg/7ca568035997_20/2f337b645532cda6260a/002_marker_zip_002.3f8aa273..zip..JPG,141686,37,2,1,1,0,0.21621621621621623,image,0,0,0,1,0,1,1,0,0,0,5,7.982231278344631,7.885781494367524,0.3729091088745536,0.008737631099755798,256,0,0,1,0,0,0,1,1,2,0,0,0,0.23197069576387222,0
1,mitra,image_anomaly_mitra,682,001_marker_pdf_002.a1861bd1..JPG..pdf,data/raw/image_anomaly/anomalous/mitra/files/jpg/7ca568035997_20/7306183ffca2b683f87f/001_marker_pdf_002.a1861bd1..JPG..pdf,112490,37,2,1,0,0,0.21621621621621623,document,0,0,0,0,0,1,0,1,0,0,4,7.969261071879019,5.072845754531357,0.39356387234420837,0.009049693306071652,256,0,0,1,0,0,0,1,1,0,0,0,0,0.0,0
1,mitra,image_anomaly_mitra,683,001_marker_zip_001.abc135e4..JPG..zip,data/raw/image_anomaly/anomalous/mitra/files/jpg/7ca568035997_20/97810c69d8224893fec5/001_marker_zip_001.abc135e4..JPG..zip,109204,37,2,1,0,0,0.21621621621621623,archive,0,0,0,1,0,1,0,1,0,0,5,7.9705139846012845,7.831085453870553,0.37276107102303946,0.010127834145269405,256,0,0,1,0,0,0,1,1,0,0,0,0,0.0,0
1,mitra,image_anomaly_mitra,684,002_marker_zip_001.a9de774c..zip..JPG,data/raw/image_anomaly/anomalous/mitra/files/jpg/7ca568035997_20/97810c69d8224893fec5/002_marker_zip_001.a9de774c..zip..JPG,109200,37,2,1,1,0,0.21621621621621623,image,0,0,0,1,0,1,1,0,0,0,5,7.9705013236977615,7.885781494367524,0.37276556776556774,0.010128205128205128,256,0,0,1,0,0,0,1,1,2,0,0,0,0.01966117216117216,0
1,mitra,image_anomaly_mitra,685,001_marker_pdf_001.a3babcb3..JPG..pdf,data/raw/image_anomaly/anomalous/mitra/files/jpg/7ca568035997_20/9d365e90f2ee3218599d/001_marker_pdf_001.a3babcb3..JPG..pdf,110699,37,2,1,0,0,0.21621621621621623,document,0,0,0,0,0,1,0,1,0,0,4,7.9708588008417145,5.250824256483538,0.3840956106197888,0.009196108365929231,256,0,0,1,0,0,0,1,1,0,0,0,0,0.0,0
1,mitra,image_anomaly_mitra,686,001_marker_zip_002.4bbb93d7..jpg..zip,data/raw/image_anomaly/anomalous/mitra/files/jpg/8822cde8127e_-/0f358be341a681f40753/001_marker_zip_002.4bbb93d7..jpg..zip,272310,37,2,1,0,0,0.21621621621621623,archive,0,0,0,1,0,1,0,1,0,0,5,7.964999664068927,7.988340858219542,0.3776174213212882,0.00531012449047042,256,0,0,0,0,0,0,0,0,0,0,0,0,0.0,0
1,mitra,image_anomaly_mitra,687,002_marker_zip_002.f42c8a4f..zip..jpg,data/raw/image_anomaly/anomalous/mitra/files/jpg/8822cde8127e_-/0f358be341a681f40753/002_marker_zip_002.f42c8a4f..zip..jpg,272306,37,2,1,0,0,0.21621621621621623,image,0,0,0,1,0,1,1,0,0,0,5,7.9649969949344515,7.785387404550233,0.3776192959391273,0.005310202492783854,256,0,0,0,0,0,0,0,0,2,0,0,0,0.12069877270423715,0
1,mitra,image_anomaly_mitra,688,001_marker_pdf_001.4cc2e611..jpg..pdf,data/raw/image_anomaly/anomalous/mitra/files/jpg/8822cde8127e_-/d421d26879efc8cb5a0f/001_marker_pdf_001.4cc2e611..jpg..pdf,241319,37,2,1,0,0,0.21621621621621623,document,0,0,0,0,0,1,0,1,0,0,4,7.955184536466407,5.250824256483538,0.3833556412880876,0.005080412234428288,256,0,0,0,0,0,0,0,0,0,0,0,0,0.0,0
1,mitra,image_anomaly_mitra,689,001_marker_zip_001.60e9500d..jpg..zip,data/raw/image_anomaly/anomalous/mitra/files/jpg/8822cde8127e_-/d6692fc868e4cdf20e73/001_marker_zip_001.60e9500d..jpg..zip,239824,37,2,1,0,0,0.21621621621621623,archive,0,0,0,1,0,1,0,1,0,0,5,7.954509302155422,7.744168661733874,0.37818983921542465,0.005479017946494096,256,0,0,0,0,0,0,0,0,0,0,0,0,0.0,0
1,mitra,image_anomaly_mitra,690,002_marker_zip_001.aa78fe06..zip..jpg,data/raw/image_anomaly/anomalous/mitra/files/jpg/8822cde8127e_-/d6692fc868e4cdf20e73/002_marker_zip_001.aa78fe06..zip..jpg,239820,37,2,1,0,0,0.21621621621621623,image,0,0,0,1,0,1,1,0,0,0,5,7.954505018155138,7.785387404550233,0.3781919773163206,0.005479109331998999,256,0,0,0,0,0,0,0,0,2,0,0,0,0.00895254774414144,0
1,mitra,image_anomaly_mitra,691,001_marker_pdf_002.3d438d31..jpg..pdf,data/raw/image_anomaly/anomalous/mitra/files/jpg/8822cde8127e_-/e9d3fc56ce1e20f214c5/001_marker_pdf_002.3d438d31..jpg..pdf,243110,37,2,1,0,0,0.21621621621621623,document,0,0,0,0,0,1,0,1,0,0,4,7.955183395985154,5.072845754531357,0.3877421743243799,0.005042984657151084,256,0,0,0,0,0,0,0,0,0,0,0,0,0.0,0
1,mitra,image_anomaly_mitra,692,file__marker_pdf_001__001.a2794c36..JPG..pdf,data/raw/image_anomaly/anomalous/mitra/files/jpg/;;;/4aedde9d8f8ece55c35d/file__marker_pdf_001__001.a2794c36..JPG..pdf,22304,44,2,1,0,0,0.25,document,0,0,0,0,0,1,0,1,0,0,1,7.919588617273312,5.250824256483538,0.4138719512195122,0.015154232424677188,256,0,0,1,0,0,0,1,1,0,0,0,0,0.0,0
1,mitra,image_anomaly_mitra,693,file__marker_zip_002__001.633327f9..JPG..zip,data/raw/image_anomaly/anomalous/mitra/files/jpg/;;;/696cbbbe18b4abc32a2c/file__marker_zip_002__001.633327f9..JPG..zip,53295,44,2,1,0,0,0.25,archive,0,0,0,1,0,1,0,1,0,0,2,7.987643539872872,7.988340858219542,0.36680739281358477,0.010470025330706446,256,0,0,1,0,0,0,1,1,2,0,0,0,0.6166995027676142,0
1,mitra,image_anomaly_mitra,694,file__marker_zip_002__002.9c6c375e..zip..JPG,data/raw/image_anomaly/anomalous/mitra/files/jpg/;;;/696cbbbe18b4abc32a2c/file__marker_zip_002__002.9c6c375e..zip..JPG,53291,44,2,1,1,0,0.25,image,0,0,0,1,0,1,1,0,0,0,2,7.9876672070651935,7.83426487956488,0.3668161603272598,0.010470811206395076,256,0,0,1,0,0,0,1,1,2,0,0,0,0.6167457919723781,0
1,mitra,image_anomaly_mitra,695,file__marker_pdf_002__001.535db384..JPG..pdf,data/raw/image_anomaly/anomalous/mitra/files/jpg/;;;/f371914fe0f03148ed07/file__marker_pdf_002__001.535db384..JPG..pdf,24095,44,2,1,0,0,0.25,document,0,0,0,0,0,1,0,1,0,0,1,7.892401369178194,5.072845754531357,0.45586221207719446,0.014027806598879436,256,0,0,1,0,0,0,1,1,0,0,0,0,0.0,0
1,mitra,image_anomaly_mitra,696,file__marker_zip_001__001.b4ccc4ca..JPG..zip,data/raw/image_anomaly/anomalous/mitra/files/jpg/;;;/f843e39e377d7d042f82/file__marker_zip_001__001.b4ccc4ca..JPG..zip,20809,44,2,1,0,0,0.25,archive,0,0,0,1,0,1,0,1,0,0,2,7.930203304625159,7.778128543393183,0.3565284252006343,0.020471911192272575,256,0,0,1,0,0,0,1,1,2,0,0,0,0.1031765101638714,0
1,mitra,image_anomaly_mitra,697,file__marker_zip_001__002.e20fbad6..zip..JPG,data/raw/image_anomaly/anomalous/mitra/files/jpg/;;;/f843e39e377d7d042f82/file__marker_zip_001__002.e20fbad6..zip..JPG,20805,44,2,1,1,0,0.25,image,0,0,0,1,0,1,1,0,0,0,2,7.93027480164259,7.83426487956488,0.3565489065128575,0.020475847152126893,256,0,0,1,0,0,0,1,1,2,0,0,0,0.10319634703196347,0
1,mitra,image_anomaly_mitra,698,1201358979__23m8075m0__marker_zip_002__001.72c2c8b6..jpg..zip,data/raw/image_anomaly/anomalous/mitra/files/jpg/__1201358979__23m8075m0/3204f2650d1869f01ff3/1201358979__23m8075m0__marker_zip_002__001.72c2c8b6..jpg..zip,74084,61,2,1,0,0,0.21311475409836064,archive,0,0,0,1,0,1,0,1,0,0,2,7.990169799429677,7.988340858219542,0.37834080233248746,0.005534258409373144,256,0,0,0,0,0,0,0,0,2,0,0,0,0.44364505156309053,0
1,mitra,image_anomaly_mitra,699,1201358979__23m8075m0__marker_zip_002__002.8e31988b..zip..jpg,data/raw/image_anomaly/anomalous/mitra/files/jpg/__1201358979__23m8075m0/3204f2650d1869f01ff3/1201358979__23m8075m0__marker_zip_002__002.8e31988b..zip..jpg,74080,61,2,1,0,0,0.21311475409836064,image,0,0,0,1,0,1,1,0,0,0,2,7.990160558243562,7.89261572106123,0.3783477321814255,0.005534557235421166,256,0,0,0,0,0,0,0,0,2,0,0,0,0.44366900647948165,0
1,mitra,image_anomaly_mitra,700,1201358979__23m8075m0__marker_pdf_002__001.7d39aad6..jpg..pdf,data/raw/image_anomaly/anomalous/mitra/files/jpg/__1201358979__23m8075m0/3d4ba97ac1db30b482a9/1201358979__23m8075m0__marker_pdf_002__001.7d39aad6..jpg..pdf,44884,61,2,1,0,0,0.21311475409836064,document,0,0,0,0,0,1,0,1,0,0,1,7.94974287285565,5.072845754531357,0.43365118973353534,0.0042331343017556365,256,0,0,0,0,0,0,0,0,0,0,0,0,0.0,0
1,mitra,image_anomaly_mitra,701,1201358979__23m8075m0__marker_zip_001__001.d0520ef5..jpg..zip,data/raw/image_anomaly/anomalous/mitra/files/jpg/__1201358979__23m8075m0/83ac0cd304a1198ba10e/1201358979__23m8075m0__marker_zip_001__001.d0520ef5..jpg..zip,41598,61,2,1,0,0,0.21311475409836064,archive,0,0,0,1,0,1,0,1,0,0,2,7.96843234387612,7.828713398167588,0.3822058752824655,0.006683013606423386,256,0,0,0,0,0,0,0,0,2,0,0,0,0.051613058320111545,0
1,mitra,image_anomaly_mitra,702,1201358979__23m8075m0__marker_zip_001__002.8d148f92..zip..jpg,data/raw/image_anomaly/anomalous/mitra/files/jpg/__1201358979__23m8075m0/83ac0cd304a1198ba10e/1201358979__23m8075m0__marker_zip_001__002.8d148f92..zip..jpg,41594,61,2,1,0,0,0.21311475409836064,image,0,0,0,1,0,1,1,0,0,0,2,7.9683977880479455,7.89261572106123,0.382218589219599,0.0066836562965812375,256,0,0,0,0,0,0,0,0,2,0,0,0,0.05161802183007164,0
1,mitra,image_anomaly_mitra,703,1201358979__23m8075m0__marker_pdf_001__001.d5089c2b..jpg..pdf,data/raw/image_anomaly/anomalous/mitra/files/jpg/__1201358979__23m8075m0/a372034e96040b4f77a0/1201358979__23m8075m0__marker_pdf_001__001.d5089c2b..jpg..pdf,43093,61,2,1,0,0,0.21311475409836064,document,0,0,0,0,0,1,0,1,0,0,1,7.961192639247344,5.250824256483538,0.4109948251456153,0.004409068758267004,256,0,0,0,0,0,0,0,0,0,0,0,0,0.0,0
1,mitra,image_anomaly_mitra,704,125749782222781__marker_pdf_001__001.ec81137d..jpg..pdf,data/raw/image_anomaly/anomalous/mitra/files/jpg/__125749782222781/6c418a6d5624cc396f85/125749782222781__marker_pdf_001__001.ec81137d..jpg..pdf,61185,55,2,1,0,0,0.2,document,0,0,0,0,0,1,0,1,0,0,1,7.9763875603564145,5.250824256483538,0.3939527662008662,0.0077633406880771435,256,0,0,0,0,0,0,0,0,0,0,0,0,0.0,0
1,mitra,image_anomaly_mitra,705,125749782222781__marker_zip_002__001.b2563864..jpg..zip,data/raw/image_anomaly/anomalous/mitra/files/jpg/__125749782222781/8ae35115d4fcb64abb0c/125749782222781__marker_zip_002__001.b2563864..jpg..zip,92176,55,2,1,0,0,0.2,archive,0,0,0,1,0,1,0,1,0,0,2,7.991027156835717,7.988340858219542,0.3734377712202743,0.007539923624370769,256,0,0,0,0,0,0,0,0,2,0,0,0,0.3565678701614303,0
1,mitra,image_anomaly_mitra,706,125749782222781__marker_zip_002__002.7cbb0eb2..zip..jpg,data/raw/image_anomaly/anomalous/mitra/files/jpg/__125749782222781/8ae35115d4fcb64abb0c/125749782222781__marker_zip_002__002.7cbb0eb2..zip..jpg,92172,55,2,1,0,0,0.2,image,0,0,0,1,0,1,1,0,0,0,2,7.991019614928812,7.849815360602903,0.3734431280649221,0.007540250835394697,256,0,0,0,0,0,0,0,0,2,0,0,0,0.3565833441826151,0
1,mitra,image_anomaly_mitra,707,125749782222781__marker_pdf_002__001.29a94e2e..jpg..pdf,data/raw/image_anomaly/anomalous/mitra/files/jpg/__125749782222781/92f551b61178a5ef72fb/125749782222781__marker_pdf_002__001.29a94e2e..jpg..pdf,62976,55,2,1,0,0,0.2,document,0,0,0,0,0,1,0,1,0,0,1,7.970349423535452,5.072845754531357,0.41058498475609756,0.007542555894308943,256,0,0,0,0,0,0,0,0,0,0,0,0,0.0,0
1,mitra,image_anomaly_mitra,708,125749782222781__marker_zip_001__001.39187ec5..jpg..zip,data/raw/image_anomaly/anomalous/mitra/files/jpg/__125749782222781/ac395aa4f48f0d3bcc2a/125749782222781__marker_zip_001__001.39187ec5..jpg..zip,59690,55,2,1,0,0,0.2,archive,0,0,0,1,0,1,0,1,0,0,2,7.979202067832747,7.765156093701772,0.37346289160663426,0.009432065672641984,256,0,0,0,0,0,0,0,0,2,0,0,0,0.035969174066007706,0
1,mitra,image_anomaly_mitra,709,125749782222781__marker_zip_001__002.33aabf9a..zip..jpg,data/raw/image_anomaly/anomalous/mitra/files/jpg/__125749782222781/ac395aa4f48f0d3bcc2a/125749782222781__marker_zip_001__002.33aabf9a..zip..jpg,59686,55,2,1,0,0,0.2,image,0,0,0,1,0,1,1,0,0,0,2,7.979180106996892,7.849815360602903,0.37347116576751666,0.009432697785075227,256,0,0,0,0,0,0,0,0,2,0,0,0,0.0359715846262105,0
1,mitra,image_anomaly_mitra,710,001_marker_pdf_001.47e94cff..jpg..pdf,data/raw/image_anomaly/anomalous/mitra/files/jpg/a3382361964c_file/248fa22d5e3a8d07fc11/001_marker_pdf_001.47e94cff..jpg..pdf,207265,37,2,1,0,0,0.21621621621621623,document,0,0,0,0,0,1,0,1,0,0,2,7.9359412913366745,5.250824256483538,0.35646635949147226,0.011941234651291825,256,0,0,0,0,0,0,0,0,0,0,0,0,0.0,0
1,mitra,image_anomaly_mitra,711,001_marker_zip_002.426d23ef..jpg..zip,data/raw/image_anomaly/anomalous/mitra/files/jpg/a3382361964c_file/2f7c019711315ef08b11/001_marker_zip_002.426d23ef..jpg..zip,238256,37,2,1,0,0,0.21621621621621623,archive,0,0,0,1,0,1,0,1,0,0,3,7.949767682496643,7.988340858219542,0.35340558055201127,0.011311362567994091,256,0,0,0,0,0,0,0,0,0,0,0,0,0.0,0
1,mitra,image_anomaly_mitra,712,002_marker_zip_002.b511527c..zip..jpg,data/raw/image_anomaly/anomalous/mitra/files/jpg/a3382361964c_file/2f7c019711315ef08b11/002_marker_zip_002.b511527c..zip..jpg,238252,37,2,1,0,0,0.21621621621621623,image,0,0,0,1,0,1,1,0,0,0,3,7.949771955947491,7.8471948801558975,0.3534073166227356,0.011311552473851216,256,0,0,0,0,0,0,0,0,2,0,0,0,0.1379505733425113,0
1,mitra,image_anomaly_mitra,713,001_marker_zip_001.2cecae58..jpg..zip,data/raw/image_anomaly/anomalous/mitra/files/jpg/a3382361964c_file/7200ca389797663ee963/001_marker_zip_001.2cecae58..jpg..zip,205770,37,2,1,0,0,0.21621621621621623,archive,0,0,0,1,0,1,0,1,0,0,3,7.933429322616602,7.7860737921404555,0.3502502794382077,0.012455654371385528,256,0,0,0,0,0,0,0,0,0,0,0,0,0.0,0
1,mitra,image_anomaly_mitra,714,002_marker_zip_001.7fe57f5b..zip..jpg,data/raw/image_anomaly/anomalous/mitra/files/jpg/a3382361964c_file/7200ca389797663ee963/002_marker_zip_001.7fe57f5b..zip..jpg,205766,37,2,1,0,0,0.21621621621621623,image,0,0,0,1,0,1,1,0,0,0,3,7.93343734396971,7.8471948801558975,0.3502522282592848,0.012455896503795574,256,0,0,0,0,0,0,0,0,2,0,0,0,0.01043418251800589,0
1,mitra,image_anomaly_mitra,715,001_marker_pdf_002.d2188f43..jpg..pdf,data/raw/image_anomaly/anomalous/mitra/files/jpg/a3382361964c_file/fe4430adbac3b38f5124/001_marker_pdf_002.d2188f43..jpg..pdf,209056,37,2,1,0,0,0.21621621621621623,document,0,0,0,0,0,1,0,1,0,0,2,7.937100608835494,5.072845754531357,0.3617977958059085,0.011838933108832083,256,0,0,0,0,0,0,0,0,0,0,0,0,0.0,0
1,mitra,image_anomaly_mitra,716,001_marker_zip_001.bad20e7d..JPG..zip,data/raw/image_anomaly/anomalous/mitra/files/jpg/aac6a011ac8d_-/18886fd4e6e9ed734daa/001_marker_zip_001.bad20e7d..JPG..zip,36522,37,2,1,0,0,0.21621621621621623,archive,0,0,0,1,0,1,0,1,0,0,2,7.895621882204897,7.783965357629986,0.37073544712775863,0.01796177646350145,256,0,0,1,0,0,0,1,1,2,0,0,0,0.058786484858441485,0
1,mitra,image_anomaly_mitra,717,002_marker_zip_001.5613c0c8..zip..JPG,data/raw/image_anomaly/anomalous/mitra/files/jpg/aac6a011ac8d_-/18886fd4e6e9ed734daa/002_marker_zip_001.5613c0c8..zip..JPG,36518,37,2,1,1,0,0.21621621621621623,image,0,0,0,1,0,1,1,0,0,0,2,7.895576946541528,7.840055728873678,0.3707486718878361,0.0179637439071143,256,0,0,1,0,0,0,1,1,2,0,0,0,0.058792924037460975,0
1,mitra,image_anomaly_mitra,718,001_marker_pdf_002.fa164e6a..JPG..pdf,data/raw/image_anomaly/anomalous/mitra/files/jpg/aac6a011ac8d_-/5166329a5c0481b9a8cb/001_marker_pdf_002.fa164e6a..JPG..pdf,39808,37,2,1,0,0,0.21621621621621623,document,0,0,0,0,0,1,0,1,0,0,1,7.884184434583212,5.072845754531357,0.4296875,0.014268488745980707,256,0,0,1,0,0,0,1,1,0,0,0,0,0.0,0
1,mitra,image_anomaly_mitra,719,001_marker_zip_002.58c38e3c..JPG..zip,data/raw/image_anomaly/anomalous/mitra/files/jpg/aac6a011ac8d_-/70514147f34810d5a4e6/001_marker_zip_002.58c38e3c..JPG..zip,69008,37,2,1,0,0,0.21621621621621623,archive,0,0,0,1,0,1,0,1,0,0,2,7.969307397224211,7.988340858219542,0.37198585671226525,0.01141896591699513,256,0,0,1,0,0,0,1,1,2,0,0,0,0.4762781126825875,0
1,mitra,image_anomaly_mitra,720,002_marker_zip_002.4fe05db0..zip..JPG,data/raw/image_anomaly/anomalous/mitra/files/jpg/aac6a011ac8d_-/70514147f34810d5a4e6/002_marker_zip_002.4fe05db0..zip..JPG,69004,37,2,1,1,0,0.21621621621621623,image,0,0,0,1,0,1,1,0,0,0,2,7.9693043840757,7.840055728873678,0.37199292794620603,0.011419627847661006,256,0,0,1,0,0,0,1,1,2,0,0,0,0.47630572140745464,0
1,mitra,image_anomaly_mitra,721,001_marker_pdf_001.7b5a21cc..JPG..pdf,data/raw/image_anomaly/anomalous/mitra/files/jpg/aac6a011ac8d_-/cba54f347e5e9c7e1377/001_marker_pdf_001.7b5a21cc..JPG..pdf,38017,37,2,1,0,0,0.21621621621621623,document,0,0,0,0,0,1,0,1,0,0,1,7.893537416271102,5.250824256483538,0.4038193439776942,0.014940684430649446,256,0,0,1,0,0,0,1,1,0,0,0,0,0.0,0
1,mitra,image_anomaly_mitra,722,aditbendoth-balinese-temple-10392196_1920__marker_zip_001__001.e155a9de..jpg..zip,data/raw/image_anomaly/anomalous/mitra/files/jpg/aditbendoth-balinese-temple-10392196_1920/7836efb52671020b4d64/aditbendoth-balinese-temple-10392196_1920__marker_zip_001__001.e155a9de..jpg..zip,545869,81,2,1,0,0,0.18518518518518517,archive,0,0,0,1,0,1,0,1,0,0,9,7.9872859786274555,7.864853185489702,0.3754508865680227,0.00792314639593016,256,0,0,0,0,0,0,0,0,0,0,0,0,0.0,0
1,mitra,image_anomaly_mitra,723,aditbendoth-balinese-temple-10392196_1920__marker_zip_001__002.bf903be4..zip..jpg,data/raw/image_anomaly/anomalous/mitra/files/jpg/aditbendoth-balinese-temple-10392196_1920/7836efb52671020b4d64/aditbendoth-balinese-temple-10392196_1920__marker_zip_001__002.bf903be4..zip..jpg,545865,81,2,1,0,0,0.18518518518518517,image,0,0,0,1,0,1,1,0,0,0,9,7.987285685653091,7.91767938338286,0.37545180584943166,0.007923204455314043,256,0,0,0,0,0,0,0,0,2,0,0,0,0.003933206928453006,0
1,mitra,image_anomaly_mitra,724,aditbendoth-balinese-temple-10392196_1920__marker_pdf_001__001.792962b0..jpg..pdf,data/raw/image_anomaly/anomalous/mitra/files/jpg/aditbendoth-balinese-temple-10392196_1920/8bd1d81f9f65bed8e81d/aditbendoth-balinese-temple-10392196_1920__marker_pdf_001__001.792962b0..jpg..pdf,547364,81,2,1,0,0,0.18518518518518517,document,0,0,0,0,0,1,0,1,0,0,8,7.987325613660773,5.250824256483538,0.3777358394048567,0.007740735598249063,256,0,0,0,0,0,0,0,0,0,0,0,0,0.0,0
1,mitra,image_anomaly_mitra,725,aditbendoth-balinese-temple-10392196_1920__marker_zip_002__001.54a92051..jpg..zip,data/raw/image_anomaly/anomalous/mitra/files/jpg/aditbendoth-balinese-temple-10392196_1920/8cc96104dbbf6076f028/aditbendoth-balinese-temple-10392196_1920__marker_zip_002__001.54a92051..jpg..zip,578355,81,2,1,0,0,0.18518518518518517,archive,0,0,0,1,0,1,0,1,0,0,9,7.988634642910646,7.988340858219542,0.3753352179889514,0.007706339531948371,256,0,0,0,0,0,0,0,0,0,0,0,0,0.0,0
1,mitra,image_anomaly_mitra,726,aditbendoth-balinese-temple-10392196_1920__marker_zip_002__002.3bec6844..zip..jpg,data/raw/image_anomaly/anomalous/mitra/files/jpg/aditbendoth-balinese-temple-10392196_1920/8cc96104dbbf6076f028/aditbendoth-balinese-temple-10392196_1920__marker_zip_002__002.3bec6844..zip..jpg,578351,81,2,1,0,0,0.18518518518518517,image,0,0,0,1,0,1,1,0,0,0,9,7.98863442719472,7.91767938338286,0.37533608483429615,0.007706392830651282,256,0,0,0,0,0,0,0,0,2,0,0,0,0.05682881156944485,0
1,mitra,image_anomaly_mitra,727,aditbendoth-balinese-temple-10392196_1920__marker_pdf_001__001.792962b0..jpg..pdf,data/raw/image_anomaly/anomalous/mitra/files/jpg/aditbendoth-balinese-temple-10392196_1920/8d125a97ab5d5e73dcbf/aditbendoth-balinese-temple-10392196_1920__marker_pdf_001__001.792962b0..jpg..pdf,547364,81,2,1,0,0,0.18518518518518517,document,0,0,0,0,0,1,0,1,0,0,8,7.987325613660773,5.250824256483538,0.3777358394048567,0.007740735598249063,256,0,0,0,0,0,0,0,0,0,0,0,0,0.0,0
1,mitra,image_anomaly_mitra,728,aditbendoth-balinese-temple-10392196_1920__marker_pdf_002__001.02321a22..jpg..pdf,data/raw/image_anomaly/anomalous/mitra/files/jpg/aditbendoth-balinese-temple-10392196_1920/ce76fdcf7e292b6ae562/aditbendoth-balinese-temple-10392196_1920__marker_pdf_002__001.02321a22..jpg..pdf,549155,81,2,1,0,0,0.18518518518518517,document,0,0,0,0,0,1,0,1,0,0,8,7.987199941514031,5.072845754531357,0.37969607852063625,0.0077154901621582245,256,0,0,0,0,0,0,0,0,0,0,0,0,0.0,0
1,mitra,image_anomaly_mitra,729,aditbendoth-balinese-temple-10392196_1920__marker_zip_001__001.e155a9de..jpg..zip,data/raw/image_anomaly/anomalous/mitra/files/jpg/aditbendoth-balinese-temple-10392196_1920/d37a5b570d15a18feae9/aditbendoth-balinese-temple-10392196_1920__marker_zip_001__001.e155a9de..jpg..zip,545869,81,2,1,0,0,0.18518518518518517,archive,0,0,0,1,0,1,0,1,0,0,9,7.9872859786274555,7.864853185489702,0.3754508865680227,0.00792314639593016,256,0,0,0,0,0,0,0,0,0,0,0,0,0.0,0
1,mitra,image_anomaly_mitra,730,aditbendoth-balinese-temple-10392196_1920__marker_zip_001__002.bf903be4..zip..jpg,data/raw/image_anomaly/anomalous/mitra/files/jpg/aditbendoth-balinese-temple-10392196_1920/d37a5b570d15a18feae9/aditbendoth-balinese-temple-10392196_1920__marker_zip_001__002.bf903be4..zip..jpg,545865,81,2,1,0,0,0.18518518518518517,image,0,0,0,1,0,1,1,0,0,0,9,7.987285685653091,7.91767938338286,0.37545180584943166,0.007923204455314043,256,0,0,0,0,0,0,0,0,2,0,0,0,0.003933206928453006,0
1,mitra,image_anomaly_mitra,731,aditbendoth-balinese-temple-10392196_1920__marker_pdf_002__001.02321a22..jpg..pdf,data/raw/image_anomaly/anomalous/mitra/files/jpg/aditbendoth-balinese-temple-10392196_1920/df7d546149522314a77d/aditbendoth-balinese-temple-10392196_1920__marker_pdf_002__001.02321a22..jpg..pdf,549155,81,2,1,0,0,0.18518518518518517,document,0,0,0,0,0,1,0,1,0,0,8,7.987199941514031,5.072845754531357,0.37969607852063625,0.0077154901621582245,256,0,0,0,0,0,0,0,0,0,0,0,0,0.0,0
1,mitra,image_anomaly_mitra,732,aditbendoth-balinese-temple-10392196_1920__marker_zip_002__001.54a92051..jpg..zip,data/raw/image_anomaly/anomalous/mitra/files/jpg/aditbendoth-balinese-temple-10392196_1920/e27eaed831ec0de6e6c2/aditbendoth-balinese-temple-10392196_1920__marker_zip_002__001.54a92051..jpg..zip,578355,81,2,1,0,0,0.18518518518518517,archive,0,0,0,1,0,1,0,1,0,0,9,7.988634642910646,7.988340858219542,0.3753352179889514,0.007706339531948371,256,0,0,0,0,0,0,0,0,0,0,0,0,0.0,0
1,mitra,image_anomaly_mitra,733,aditbendoth-balinese-temple-10392196_1920__marker_zip_002__002.3bec6844..zip..jpg,data/raw/image_anomaly/anomalous/mitra/files/jpg/aditbendoth-balinese-temple-10392196_1920/e27eaed831ec0de6e6c2/aditbendoth-balinese-temple-10392196_1920__marker_zip_002__002.3bec6844..zip..jpg,578351,81,2,1,0,0,0.18518518518518517,image,0,0,0,1,0,1,1,0,0,0,9,7.98863442719472,7.91767938338286,0.37533608483429615,0.007706392830651282,256,0,0,0,0,0,0,0,0,2,0,0,0,0.05682881156944485,0
1,mitra,image_anomaly_mitra,734,001_marker_zip_002.30acf81e..jpg..zip,data/raw/image_anomaly/anomalous/mitra/files/jpg/b56a8c0999dd_file/3c8418ccb30e86c64a62/001_marker_zip_002.30acf81e..jpg..zip,99483,37,2,1,0,0,0.21621621621621623,archive,0,0,0,1,0,1,0,1,0,0,3,7.98482643531381,7.988340858219542,0.3771498648010213,0.007518872571193068,256,0,0,0,0,0,0,0,0,0,0,0,0,0.0,0
1,mitra,image_anomaly_mitra,735,002_marker_zip_002.e806f033..zip..jpg,data/raw/image_anomaly/anomalous/mitra/files/jpg/b56a8c0999dd_file/3c8418ccb30e86c64a62/002_marker_zip_002.e806f033..zip..jpg,99479,37,2,1,0,0,0.21621621621621623,image,0,0,0,1,0,1,1,0,0,0,3,7.98481804687155,7.8707296621348535,0.37715497743242293,0.007519174901235437,256,0,0,0,0,0,0,0,0,2,0,0,0,0.33039133887554156,0
1,mitra,image_anomaly_mitra,736,001_marker_zip_001.5a994684..jpg..zip,data/raw/image_anomaly/anomalous/mitra/files/jpg/b56a8c0999dd_file/787c23be6e869d9cf827/001_marker_zip_001.5a994684..jpg..zip,66997,37,2,1,0,0,0.21621621621621623,archive,0,0,0,1,0,1,0,1,0,0,3,7.967117971611312,7.803561172800035,0.3789721927847516,0.009194441542158604,256,0,0,0,0,0,0,0,0,0,0,0,0,0.0,0
1,mitra,image_anomaly_mitra,737,002_marker_zip_001.b457323d..zip..jpg,data/raw/image_anomaly/anomalous/mitra/files/jpg/b56a8c0999dd_file/787c23be6e869d9cf827/002_marker_zip_001.b457323d..zip..jpg,66993,37,2,1,0,0,0.21621621621621623,image,0,0,0,1,0,1,1,0,0,0,3,7.967092832035907,7.8707296621348535,0.3789798934217008,0.009194990521397758,256,0,0,0,0,0,0,0,0,2,0,0,0,0.03204812443091069,0
1,mitra,image_anomaly_mitra,738,001_marker_pdf_001.a7c503ba..jpg..pdf,data/raw/image_anomaly/anomalous/mitra/files/jpg/b56a8c0999dd_file/a9435220a70b8050d560/001_marker_pdf_001.a7c503ba..jpg..pdf,68492,37,2,1,0,0,0.21621621621621623,document,0,0,0,0,0,1,0,1,0,0,2,7.96456048239524,5.250824256483538,0.3971558722186533,0.007708929510015768,256,0,0,0,0,0,0,0,0,0,0,0,0,0.0,0
1,mitra,image_anomaly_mitra,739,001_marker_pdf_002.ca68ff07..jpg..pdf,data/raw/image_anomaly/anomalous/mitra/files/jpg/b56a8c0999dd_file/f647df30a3982f655510/001_marker_pdf_002.ca68ff07..jpg..pdf,70283,37,2,1,0,0,0.21621621621621623,document,0,0,0,0,0,1,0,1,0,0,2,7.9591451203927335,5.072845754531357,0.41197729180598436,0.007512485238251071,256,0,0,0,0,0,0,0,0,0,0,0,0,0.0,0
1,mitra,image_anomaly_mitra,740,bbu__marker_zip_001__001.fdd0ccd0..jpg..zip,data/raw/image_anomaly/anomalous/mitra/files/jpg/bbu/33703d83cdf1e466af53/bbu__marker_zip_001__001.fdd0ccd0..jpg..zip,6167,43,2,1,0,0,0.2558139534883721,archive,0,0,0,1,0,1,0,1,0,0,2,7.892274997580831,7.8280737212094245,0.35041349116263987,0.028701151289119507,256,0,0,1,0,0,0,1,1,2,0,0,0,0.3481433436030485,0
1,mitra,image_anomaly_mitra,741,bbu__marker_zip_001__002.a1047d7c..zip..jpg,data/raw/image_anomaly/anomalous/mitra/files/jpg/bbu/33703d83cdf1e466af53/bbu__marker_zip_001__002.a1047d7c..zip..jpg,6163,43,2,1,0,0,0.2558139534883721,image,0,0,0,1,0,1,1,0,0,0,2,7.892282395785863,7.8843464009423805,0.35047866298880415,0.02871977932824923,256,0,0,1,0,0,0,1,1,2,0,0,0,0.34836930066526045,0
1,mitra,image_anomaly_mitra,742,bbu__marker_pdf_001__001.7839c606..jpg..pdf,data/raw/image_anomaly/anomalous/mitra/files/jpg/bbu/84afe373daaec157e269/bbu__marker_pdf_001__001.7839c606..jpg..pdf,7662,43,2,1,0,0,0.2558139534883721,document,0,0,0,0,0,1,0,1,0,0,1,7.755534461181693,5.250824256483538,0.5185330200991908,0.011615766118506917,256,0,0,1,0,0,0,1,1,0,0,0,0,0.0,0
1,mitra,image_anomaly_mitra,743,bbu__marker_pdf_002__001.31823624..jpg..pdf,data/raw/image_anomaly/anomalous/mitra/files/jpg/bbu/9612561467a5dc109818/bbu__marker_pdf_002__001.31823624..jpg..pdf,9453,43,2,1,0,0,0.2558139534883721,document,0,0,0,0,0,1,0,1,0,0,1,7.628578862121573,5.072845754531357,0.6057336295355972,0.009415000528932614,256,0,0,1,0,0,0,1,1,0,0,0,0,0.0,0
1,mitra,image_anomaly_mitra,744,bbu__marker_zip_002__001.018bc143..jpg..zip,data/raw/image_anomaly/anomalous/mitra/files/jpg/bbu/c7527a781dc815bc75b8/bbu__marker_zip_002__001.018bc143..jpg..zip,38653,43,2,1,0,0,0.2558139534883721,archive,0,0,0,1,0,1,0,1,0,0,2,7.996102838339032,7.988340858219542,0.36972550642899643,0.007994204848265336,256,0,0,1,0,0,0,1,1,2,0,0,0,0.8503091609965592,0
1,mitra,image_anomaly_mitra,745,bbu__marker_zip_002__002.902b2e52..zip..jpg,data/raw/image_anomaly/anomalous/mitra/files/jpg/bbu/c7527a781dc815bc75b8/bbu__marker_zip_002__002.902b2e52..zip..jpg,38649,43,2,1,0,0,0.2558139534883721,image,0,0,0,1,0,1,1,0,0,0,2,7.996103651695612,7.8843464009423805,0.36973789748764524,0.007995032212993868,256,0,0,1,0,0,0,1,1,2,0,0,0,0.850397164221584,0
1,mitra,image_anomaly_mitra,746,commons_149291488__marker_zip_002__001.bf1311f5..jpg..zip,data/raw/image_anomaly/anomalous/mitra/files/jpg/commons_149291488/1994ec95e60ea1e0d349/commons_149291488__marker_zip_002__001.bf1311f5..jpg..zip,2680775,57,2,1,0,0,0.21052631578947367,archive,0,0,0,1,0,1,0,1,0,0,41,7.952024306150059,7.988340858219542,0.3632583861010342,0.009544254926280646,256,6,0,0,0,0,0,0,0,0,0,0,0,0.0,0
1,mitra,image_anomaly_mitra,747,commons_149291488__marker_zip_002__002.43deda4d..zip..jpg,data/raw/image_anomaly/anomalous/mitra/files/jpg/commons_149291488/1994ec95e60ea1e0d349/commons_149291488__marker_zip_002__002.43deda4d..zip..jpg,2680771,57,2,1,0,0,0.21052631578947367,image,0,0,0,1,0,1,1,0,0,0,41,7.9520243642346955,5.886589581213882,0.3632585550947843,0.009544269167340292,256,6,0,0,0,0,0,0,0,2,0,0,0,0.01226027885261367,0
1,mitra,image_anomaly_mitra,748,commons_149291488__marker_zip_001__001.4f1d01e6..jpg..zip,data/raw/image_anomaly/anomalous/mitra/files/jpg/commons_149291488/2e6eea2985cfbf70e292/commons_149291488__marker_zip_001__001.4f1d01e6..jpg..zip,2648289,57,2,1,0,0,0.21052631578947367,archive,0,0,0,1,0,1,0,1,0,0,41,7.950850333918007,6.052708382729946,0.3631340839311722,0.009611488776338231,256,6,0,0,0,0,0,0,0,0,0,0,0,0.0,0
1,mitra,image_anomaly_mitra,749,commons_149291488__marker_zip_001__002.c38c3c05..zip..jpg,data/raw/image_anomaly/anomalous/mitra/files/jpg/commons_149291488/2e6eea2985cfbf70e292/commons_149291488__marker_zip_001__002.c38c3c05..zip..jpg,2648285,57,2,1,0,0,0.21052631578947367,image,0,0,0,1,0,1,1,0,0,0,41,7.950850332318045,5.886589581213882,0.36313425481018846,0.009611503293640978,256,6,0,0,0,0,0,0,0,2,0,0,0,0.0008107133484500347,0
1,mitra,image_anomaly_mitra,750,commons_149291488__marker_pdf_001__001.02c05763..jpg..pdf,data/raw/image_anomaly/anomalous/mitra/files/jpg/commons_149291488/5a65528bbfbb3f2f19d6/commons_149291488__marker_pdf_001__001.02c05763..jpg..pdf,2649784,57,2,1,0,0,0.21052631578947367,document,0,0,0,0,0,1,0,1,0,0,40,7.95103063523642,5.250824256483538,0.3636130341190074,0.009572855749751677,256,6,0,0,0,0,0,0,0,0,0,0,0,0.0,0
1,mitra,image_anomaly_mitra,751,commons_149291488__marker_pdf_002__001.534b206e..jpg..pdf,data/raw/image_anomaly/anomalous/mitra/files/jpg/commons_149291488/ca753fe0e4f14b20083f/commons_149291488__marker_pdf_002__001.534b206e..jpg..pdf,2651575,57,2,1,0,0,0.21052631578947367,document,0,0,0,0,0,1,0,1,0,0,40,7.951142154312965,5.072845754531357,0.3640285490698924,0.009566389787201946,256,6,0,0,0,0,0,0,0,0,0,0,0,0.0,0
1,mitra,image_anomaly_mitra,752,commons_149301474__marker_zip_002__001.fd3594ca..jpg..zip,data/raw/image_anomaly/anomalous/mitra/files/jpg/commons_149301474/160e7e7b29beef8e3a65/commons_149301474__marker_zip_002__001.fd3594ca..jpg..zip,4470309,57,2,1,0,0,0.21052631578947367,archive,0,0,0,1,0,1,0,1,0,0,110,7.975411628810201,7.988340858219542,0.379777102656662,0.0068657446274966675,256,3,0,0,0,0,0,0,0,0,0,0,0,0.0,0
1,mitra,image_anomaly_mitra,753,commons_149301474__marker_pdf_002__001.3e950113..jpg..pdf,data/raw/image_anomaly/anomalous/mitra/files/jpg/commons_149301474/168f3d610e47f6200af9/commons_149301474__marker_pdf_002__001.3e950113..jpg..pdf,4441109,57,2,1,0,0,0.21052631578947367,document,0,0,0,0,0,1,0,1,0,0,109,7.9751064863123355,5.072845754531357,0.38034553981899566,0.006861349271094224,256,3,0,0,0,0,0,0,0,0,0,0,0,0.0,0
1,mitra,image_anomaly_mitra,754,commons_149301474__marker_pdf_001__001.99b527b5..jpg..pdf,data/raw/image_anomaly/anomalous/mitra/files/jpg/commons_149301474/28d88f35b130fbe27cba/commons_149301474__marker_pdf_001__001.99b527b5..jpg..pdf,4439318,57,2,1,0,0,0.21052631578947367,document,0,0,0,0,0,1,0,1,0,0,109,7.975093280158063,5.250824256483538,0.3801041060811593,0.006864117416233755,256,3,0,0,0,0,0,0,0,0,0,0,0,0.0,0
1,mitra,image_anomaly_mitra,755,commons_149301474__marker_zip_001__001.4c8dddf9..jpg..zip,data/raw/image_anomaly/anomalous/mitra/files/jpg/commons_149301474/59a83f9104d80080e8c1/commons_149301474__marker_zip_001__001.4c8dddf9..jpg..zip,4437823,57,2,1,0,0,0.21052631578947367,archive,0,0,0,1,0,1,0,1,0,0,110,7.97504787766036,3.677975434545191,0.3798238460614585,0.006886259321293346,256,3,0,0,0,0,0,0,0,0,0,0,0,0.0,0
1,mitra,image_anomaly_mitra,756,commons_601236__marker_pdf_002__001.c16939a4..jpg..pdf,data/raw/image_anomaly/anomalous/mitra/files/jpg/commons_601236/3a415be71b67776182c0/commons_601236__marker_pdf_002__001.c16939a4..jpg..pdf,959911,54,2,1,0,0,0.2222222222222222,document,0,0,0,0,0,1,0,1,0,0,11,7.891317868047379,5.072845754531357,0.36318992073223455,0.014796163394314681,256,9,0,0,0,0,0,0,0,0,0,0,0,0.0,0
1,mitra,image_anomaly_mitra,757,commons_601236__marker_pdf_001__001.f34ac1ff..jpg..pdf,data/raw/image_anomaly/anomalous/mitra/files/jpg/commons_601236/3b411b0e6898f4401ea1/commons_601236__marker_pdf_001__001.f34ac1ff..jpg..pdf,958120,54,2,1,0,0,0.2222222222222222,document,0,0,0,0,0,1,0,1,0,0,11,7.8911581112369555,5.250824256483538,0.36203920177013316,0.014823821650732686,256,9,0,0,0,0,0,0,0,0,0,0,0,0.0,0
1,mitra,image_anomaly_mitra,758,commons_601236__marker_zip_001__001.ebf4c71b..jpg..zip,data/raw/image_anomaly/anomalous/mitra/files/jpg/commons_601236/b0d9a26ba78db83a3e93/commons_601236__marker_zip_001__001.ebf4c71b..jpg..zip,956625,54,2,1,0,0,0.2222222222222222,archive,0,0,0,1,0,1,0,1,0,0,12,7.891057959004278,7.591961215349529,0.3607108323533255,0.014938978178492095,256,9,0,0,0,0,0,0,0,0,0,0,0,0.0,0
1,mitra,image_anomaly_mitra,759,commons_601236__marker_zip_001__002.3d4cf614..zip..jpg,data/raw/image_anomaly/anomalous/mitra/files/jpg/commons_601236/b0d9a26ba78db83a3e93/commons_601236__marker_zip_001__002.3d4cf614..zip..jpg,956621,54,2,1,0,0,0.2222222222222222,image,0,0,0,1,0,1,1,0,0,0,12,7.8910597250320835,7.658609202863424,0.3607112952778582,0.014939040644100433,256,9,0,0,0,0,0,0,0,2,0,0,0,0.0022443580059396564,0
1,mitra,image_anomaly_mitra,760,commons_601236__marker_zip_002__001.95c6d73f..jpg..zip,data/raw/image_anomaly/anomalous/mitra/files/jpg/commons_601236/c76c7f56016f5b38408a/commons_601236__marker_zip_002__001.95c6d73f..jpg..zip,989111,54,2,1,0,0,0.2222222222222222,archive,0,0,0,1,0,1,0,1,0,0,12,7.897799061455541,7.988340858219542,0.36112731533670134,0.014581781013455516,256,9,0,0,0,0,0,0,0,0,0,0,0,0.0,0
1,mitra,image_anomaly_mitra,761,commons_601236__marker_zip_002__002.67f22d9b..zip..jpg,data/raw/image_anomaly/anomalous/mitra/files/jpg/commons_601236/c76c7f56016f5b38408a/commons_601236__marker_zip_002__002.67f22d9b..zip..jpg,989107,54,2,1,0,0,0.2222222222222222,image,0,0,0,1,0,1,1,0,0,0,12,7.897800353053463,7.658609202863424,0.3611277647413273,0.014581839982934101,256,9,0,0,0,0,0,0,0,2,0,0,0,0.03322896309499377,0
1,mitra,image_anomaly_mitra,762,commons_88681811__marker_zip_001__001.1d0f423e..jpg..zip,data/raw/image_anomaly/anomalous/mitra/files/jpg/commons_88681811/431c7169ad0e0c7ea84f/commons_88681811__marker_zip_001__001.1d0f423e..jpg..zip,15637472,56,2,1,0,0,0.21428571428571427,archive,0,0,0,1,0,1,0,1,0,0,318,7.955947555180577,2.7806604313538483,0.3681519621585893,0.011090155748959935,256,18,0,2,2,0,0,2,4,0,0,0,0,0.0,0
1,mitra,image_anomaly_mitra,763,commons_88681811__marker_pdf_001__001.f93fe360..jpg..pdf,data/raw/image_anomaly/anomalous/mitra/files/jpg/commons_88681811/76b63a3e9a2a33c028a3/commons_88681811__marker_pdf_001__001.f93fe360..jpg..pdf,15638967,56,2,1,0,0,0.21428571428571427,document,0,0,0,0,0,1,0,1,0,0,317,7.955974893001197,5.250824256483538,0.3682326332679134,0.011083468620401847,256,18,0,2,2,0,0,2,4,0,0,0,0,0.0,0
1,mitra,image_anomaly_mitra,764,commons_88681811__marker_zip_002__001.2aab58a4..jpg..zip,data/raw/image_anomaly/anomalous/mitra/files/jpg/commons_88681811/b5be9222e8365bc451db/commons_88681811__marker_zip_002__001.2aab58a4..jpg..zip,15669958,56,2,1,0,0,0.21428571428571427,archive,0,0,0,1,0,1,0,1,0,0,318,7.956125806504499,7.988340858219542,0.3681628246865754,0.011075588077517502,256,18,0,2,2,0,0,2,4,0,0,0,0,0.0,0
1,mitra,image_anomaly_mitra,765,commons_88681811__marker_pdf_002__001.81bc4cac..jpg..pdf,data/raw/image_anomaly/anomalous/mitra/files/jpg/commons_88681811/d799238e830e0f4a9915/commons_88681811__marker_pdf_002__001.81bc4cac..jpg..pdf,15640758,56,2,1,0,0,0.21428571428571427,document,0,0,0,0,0,1,0,1,0,0,317,7.955987622010447,5.072845754531357,0.36830254646226224,0.011082199468849271,256,18,0,2,2,0,0,2,4,0,0,0,0,0.0,0
1,mitra,image_anomaly_mitra,766,001_marker_pdf_001.a814a85c..jpg..pdf,data/raw/image_anomaly/anomalous/mitra/files/jpg/f3dd9da6f63a_-_2/33db21e604b4cacda0a1/001_marker_pdf_001.a814a85c..jpg..pdf,175627,37,2,1,0,0,0.21621621621621623,document,0,0,0,0,0,1,0,1,0,0,6,7.967485901787454,5.250824256483538,0.37275020355640076,0.008512358578122953,256,0,0,0,0,0,0,0,0,0,0,0,0,0.0,0
1,mitra,image_anomaly_mitra,767,001_marker_pdf_002.430f506d..jpg..pdf,data/raw/image_anomaly/anomalous/mitra/files/jpg/f3dd9da6f63a_-_2/4f1d12e50e1c7c0328ad/001_marker_pdf_002.430f506d..jpg..pdf,177418,37,2,1,0,0,0.21621621621621623,document,0,0,0,0,0,1,0,1,0,0,6,7.967457857026837,5.072845754531357,0.37886798408278755,0.008426427983631876,256,0,0,0,0,0,0,0,0,0,0,0,0,0.0,0
1,mitra,image_anomaly_mitra,768,001_marker_zip_001.f65d7254..jpg..zip,data/raw/image_anomaly/anomalous/mitra/files/jpg/f3dd9da6f63a_-_2/8c61e46affb35d41a113/001_marker_zip_001.f65d7254..jpg..zip,174132,37,2,1,0,0,0.21621621621621623,archive,0,0,0,1,0,1,0,1,0,0,7,7.966143219810213,7.73418291068892,0.36554452943743826,0.009090804676911769,256,0,0,0,0,0,0,0,0,0,0,0,0,0.0,0
1,mitra,image_anomaly_mitra,769,002_marker_zip_001.71984ab9..zip..jpg,data/raw/image_anomaly/anomalous/mitra/files/jpg/f3dd9da6f63a_-_2/8c61e46affb35d41a113/002_marker_zip_001.71984ab9..zip..jpg,174128,37,2,1,0,0,0.21621621621621623,image,0,0,0,1,0,1,1,0,0,0,7,7.966143306818702,7.784532104136383,0.36554718368097033,0.00909101350730497,256,0,0,0,0,0,0,0,0,2,0,0,0,0.012330010107507122,0
1,mitra,image_anomaly_mitra,770,001_marker_zip_002.c43efac7..jpg..zip,data/raw/image_anomaly/anomalous/mitra/files/jpg/f3dd9da6f63a_-_2/f377747ba01e11c65218/001_marker_zip_002.c43efac7..jpg..zip,206618,37,2,1,0,0,0.21621621621621623,archive,0,0,0,1,0,1,0,1,0,0,7,7.976015606504779,7.988340858219542,0.3667783058591217,0.008300341693366502,256,0,0,0,0,0,0,0,0,0,0,0,0,0.0,0
1,mitra,image_anomaly_mitra,771,002_marker_zip_002.e1a65820..zip..jpg,data/raw/image_anomaly/anomalous/mitra/files/jpg/f3dd9da6f63a_-_2/f377747ba01e11c65218/002_marker_zip_002.e1a65820..zip..jpg,206614,37,2,1,0,0,0.21621621621621623,image,0,0,0,1,0,1,1,0,0,0,7,7.976014325252839,7.784532104136383,0.36678056666053604,0.00830050238609194,256,0,0,0,0,0,0,0,0,2,0,0,0,0.15907440928494682,0
1,mitra,image_anomaly_mitra,772,file_down__marker_pdf_001__001.b4ef676f..jpg..pdf,data/raw/image_anomaly/anomalous/mitra/files/jpg/file_down/00dcfb61361655aaa0ee/file_down__marker_pdf_001__001.b4ef676f..jpg..pdf,29858,49,2,1,0,0,0.24489795918367346,document,0,0,0,0,0,1,0,1,0,0,2,7.947891522304707,5.250824256483538,0.41653828119766895,0.009947082858865296,256,0,0,0,0,0,0,0,0,0,0,0,0,0.0,0
1,mitra,image_anomaly_mitra,773,file_down__marker_zip_001__001.336713c1..jpg..zip,data/raw/image_anomaly/anomalous/mitra/files/jpg/file_down/53fa570328e32ae453e3/file_down__marker_zip_001__001.336713c1..jpg..zip,28363,49,2,1,0,0,0.24489795918367346,archive,0,0,0,1,0,1,0,1,0,0,3,7.959470953483022,7.827414596164049,0.3746077636357226,0.013574022494094418,256,0,0,0,0,0,0,0,0,2,0,0,0,0.07569721115537849,0
1,mitra,image_anomaly_mitra,774,file_down__marker_zip_001__002.40131a1b..zip..jpg,data/raw/image_anomaly/anomalous/mitra/files/jpg/file_down/53fa570328e32ae453e3/file_down__marker_zip_001__002.40131a1b..zip..jpg,28359,49,2,1,0,0,0.24489795918367346,image,0,0,0,1,0,1,1,0,0,0,3,7.959442921011935,7.893740238400377,0.3746253393984273,0.01357593709228111,256,0,0,0,0,0,0,0,0,2,0,0,0,0.07570788814838322,0
1,mitra,image_anomaly_mitra,775,file_down__marker_zip_002__001.cf60b8f9..jpg..zip,data/raw/image_anomaly/anomalous/mitra/files/jpg/file_down/6214554be69cb383a454/file_down__marker_zip_002__001.cf60b8f9..jpg..zip,60849,49,2,1,0,0,0.24489795918367346,archive,0,0,0,1,0,1,0,1,0,0,3,7.990263291806623,7.988340858219542,0.3739584874032441,0.00849644201219412,256,0,0,0,0,0,0,0,0,2,0,0,0,0.5401403474173775,0
1,mitra,image_anomaly_mitra,776,file_down__marker_zip_002__002.5ae33655..zip..jpg,data/raw/image_anomaly/anomalous/mitra/files/jpg/file_down/6214554be69cb383a454/file_down__marker_zip_002__002.5ae33655..zip..jpg,60845,49,2,1,0,0,0.24489795918367346,image,0,0,0,1,0,1,1,0,0,0,3,7.990256972303973,7.893740238400377,0.373966636535459,0.008497000575232148,256,0,0,0,0,0,0,0,0,2,0,0,0,0.5401758566850193,0
1,mitra,image_anomaly_mitra,777,file_down__marker_pdf_002__001.14e26932..jpg..pdf,data/raw/image_anomaly/anomalous/mitra/files/jpg/file_down/b2c04e978ce2c6d47b7e/file_down__marker_pdf_002__001.14e26932..jpg..pdf,31649,49,2,1,0,0,0.24489795918367346,document,0,0,0,0,0,1,0,1,0,0,2,7.927383598528757,5.072845754531357,0.448355398274827,0.009384182754589403,256,0,0,0,0,0,0,0,0,0,0,0,0,0.0,0
1,mitra,image_anomaly_mitra,778,fun_1201_631281_1_5B0_5D__marker_pdf_001__001.814b5cd2..jpg..pdf,data/raw/image_anomaly/anomalous/mitra/files/jpg/fun_1201_631281_1%5B0%5D/3a57bcd79d506c6133e1/fun_1201_631281_1_5B0_5D__marker_pdf_001__001.814b5cd2..jpg..pdf,76588,64,2,1,0,0,0.25,document,0,0,0,0,0,1,0,1,0,0,3,7.7270386896881895,5.250824256483538,0.32949025957068995,0.02207917689455267,256,0,0,0,0,0,0,0,0,0,0,0,0,0.0,0
1,mitra,image_anomaly_mitra,779,fun_1201_631281_1_5B0_5D__marker_zip_001__001.c0c68a93..jpg..zip,data/raw/image_anomaly/anomalous/mitra/files/jpg/fun_1201_631281_1%5B0%5D/553e8981b61efa5403bd/fun_1201_631281_1_5B0_5D__marker_zip_001__001.c0c68a93..jpg..zip,75093,64,2,1,0,0,0.25,archive,0,0,0,1,0,1,0,1,0,0,4,7.70875130052576,7.664287297279978,0.31191988600801673,0.02369062362670289,256,0,0,0,0,0,0,0,0,0,0,0,0,0.0,0
1,mitra,image_anomaly_mitra,780,fun_1201_631281_1_5B0_5D__marker_zip_001__002.dfddd87e..zip..jpg,data/raw/image_anomaly/anomalous/mitra/files/jpg/fun_1201_631281_1%5B0%5D/553e8981b61efa5403bd/fun_1201_631281_1_5B0_5D__marker_zip_001__002.dfddd87e..zip..jpg,75089,64,2,1,0,0,0.25,image,0,0,0,1,0,1,1,0,0,0,4,7.708794360643266,7.673990100012933,0.3119231844877412,0.023691885629053524,256,0,0,0,0,0,0,0,0,2,0,0,0,0.02859273661921187,0
1,mitra,image_anomaly_mitra,781,fun_1201_631281_1_5B0_5D__marker_zip_002__001.7bf17613..jpg..zip,data/raw/image_anomaly/anomalous/mitra/files/jpg/fun_1201_631281_1%5B0%5D/cca0151dbeae7fb54912/fun_1201_631281_1_5B0_5D__marker_zip_002__001.7bf17613..jpg..zip,107579,64,2,1,0,0,0.25,archive,0,0,0,1,0,1,0,1,0,0,4,7.85336322033779,7.988340858219542,0.3304827150280259,0.01776368993948633,256,0,0,0,0,0,0,0,0,0,0,0,0,0.0,0
1,mitra,image_anomaly_mitra,782,fun_1201_631281_1_5B0_5D__marker_zip_002__002.c3e2c6fb..zip..jpg,data/raw/image_anomaly/anomalous/mitra/files/jpg/fun_1201_631281_1%5B0%5D/cca0151dbeae7fb54912/fun_1201_631281_1_5B0_5D__marker_zip_002__002.c3e2c6fb..zip..jpg,107575,64,2,1,0,0,0.25,image,0,0,0,1,0,1,1,0,0,0,4,7.853379186859957,7.673990100012933,0.3304857076458285,0.017764350453172206,256,0,0,0,0,0,0,0,0,2,0,0,0,0.3055263769463165,0
1,mitra,image_anomaly_mitra,783,fun_1201_631281_1_5B0_5D__marker_pdf_002__001.e87b94ec..jpg..pdf,data/raw/image_anomaly/anomalous/mitra/files/jpg/fun_1201_631281_1%5B0%5D/f6890133421ede44d0d3/fun_1201_631281_1_5B0_5D__marker_pdf_002__001.e87b94ec..jpg..pdf,78379,64,2,1,0,0,0.25,document,0,0,0,0,0,1,0,1,0,0,3,7.7383611266021886,5.072845754531357,0.3443269243037038,0.021574656476862426,256,0,0,0,0,0,0,0,0,0,0,0,0,0.0,0
1,mitra,image_anomaly_mitra,784,hu_1228545233_1148606235__marker_pdf_002__001.8f4bc05a..jpg..pdf,data/raw/image_anomaly/anomalous/mitra/files/jpg/hu_1228545233_1148606235/40768d87de73c602d3ea/hu_1228545233_1148606235__marker_pdf_002__001.8f4bc05a..jpg..pdf,229964,64,2,1,0,0,0.203125,document,0,0,0,0,0,1,0,1,0,0,8,7.961372703076581,5.072845754531357,0.38988711276547633,0.007388112922022578,256,0,0,0,0,0,0,0,0,0,0,0,0,0.0,0
1,mitra,image_anomaly_mitra,785,hu_1228545233_1148606235__marker_zip_001__001.20bff40f..jpg..zip,data/raw/image_anomaly/anomalous/mitra/files/jpg/hu_1228545233_1148606235/b31772b48c86dad922a0/hu_1228545233_1148606235__marker_zip_001__001.20bff40f..jpg..zip,226678,64,2,1,0,0,0.203125,archive,0,0,0,1,0,1,0,1,0,0,9,7.9614856956991735,7.74419240840435,0.3798118917583533,0.007883429357943868,256,0,0,0,0,0,0,0,0,0,0,0,0,0.0,0
1,mitra,image_anomaly_mitra,786,hu_1228545233_1148606235__marker_zip_001__002.61cb1683..zip..jpg,data/raw/image_anomaly/anomalous/mitra/files/jpg/hu_1228545233_1148606235/b31772b48c86dad922a0/hu_1228545233_1148606235__marker_zip_001__002.61cb1683..zip..jpg,226674,64,2,1,0,0,0.203125,image,0,0,0,1,0,1,1,0,0,0,9,7.961473733749916,7.813559160471947,0.37981418248233145,0.007883568472784704,256,0,0,0,0,0,0,0,0,2,0,0,0,0.009471752384481679,0
1,mitra,image_anomaly_mitra,787,hu_1228545233_1148606235__marker_zip_002__001.2d398e36..jpg..zip,data/raw/image_anomaly/anomalous/mitra/files/jpg/hu_1228545233_1148606235/b3b3e999990196d7b5e1/hu_1228545233_1148606235__marker_zip_002__001.2d398e36..jpg..zip,259164,64,2,1,0,0,0.203125,archive,0,0,0,1,0,1,0,1,0,0,9,7.970546113806577,7.988340858219542,0.3790071151857511,0.007404577796298869,256,0,0,0,0,0,0,0,0,0,0,0,0,0.0,0
1,mitra,image_anomaly_mitra,788,hu_1228545233_1148606235__marker_zip_002__002.cc0e253e..zip..jpg,data/raw/image_anomaly/anomalous/mitra/files/jpg/hu_1228545233_1148606235/b3b3e999990196d7b5e1/hu_1228545233_1148606235__marker_zip_002__002.cc0e253e..zip..jpg,259160,64,2,1,0,0,0.203125,image,0,0,0,1,0,1,1,0,0,0,9,7.970538851707603,7.813559160471947,0.37900910634357154,0.007404692082111437,256,0,0,0,0,0,0,0,0,2,0,0,0,0.12682126871430777,0
1,mitra,image_anomaly_mitra,789,hu_1228545233_1148606235__marker_pdf_001__001.3ddb7553..jpg..pdf,data/raw/image_anomaly/anomalous/mitra/files/jpg/hu_1228545233_1148606235/c2e3b196b492a8500d67/hu_1228545233_1148606235__marker_pdf_001__001.3ddb7553..jpg..pdf,228173,64,2,1,0,0,0.203125,document,0,0,0,0,0,1,0,1,0,0,8,7.961731235807256,5.250824256483538,0.38526468951190546,0.007446104490890683,256,0,0,0,0,0,0,0,0,0,0,0,0,0.0,0
1,mitra,image_anomaly_mitra,790,hu_1228891134_1321288904__marker_zip_002__001.272605f1..jpg..zip,data/raw/image_anomaly/anomalous/mitra/files/jpg/hu_1228891134_1321288904/5863685009e6854d5a6b/hu_1228891134_1321288904__marker_zip_002__001.272605f1..jpg..zip,382363,64,2,1,0,0,0.203125,archive,0,0,0,1,0,1,0,1,0,0,7,7.969260165270868,7.988340858219542,0.38712427719209236,0.008219937598564715,256,10,0,0,0,0,0,0,0,0,0,0,0,0.0,0
1,mitra,image_anomaly_mitra,791,hu_1228891134_1321288904__marker_zip_002__002.2ff54117..zip..jpg,data/raw/image_anomaly/anomalous/mitra/files/jpg/hu_1228891134_1321288904/5863685009e6854d5a6b/hu_1228891134_1321288904__marker_zip_002__002.2ff54117..zip..jpg,382359,64,2,1,0,0,0.203125,image,0,0,0,1,0,1,1,0,0,0,7,7.969257726804408,7.666352029472279,0.3871257117002608,0.008220023590395413,256,10,0,0,0,0,0,0,0,2,0,0,0,0.08595848404248363,0
1,mitra,image_anomaly_mitra,792,hu_1228891134_1321288904__marker_zip_001__001.4102596d..jpg..zip,data/raw/image_anomaly/anomalous/mitra/files/jpg/hu_1228891134_1321288904/785a49648479627c417f/hu_1228891134_1321288904__marker_zip_001__001.4102596d..jpg..zip,349877,64,2,1,0,0,0.203125,archive,0,0,0,1,0,1,0,1,0,0,7,7.963901164221964,7.573119742844245,0.3883993517721942,0.008605881495496988,256,10,0,0,0,0,0,0,0,0,0,0,0,0.0,0
1,mitra,image_anomaly_mitra,793,hu_1228891134_1321288904__marker_zip_001__002.4ab5ddd4..zip..jpg,data/raw/image_anomaly/anomalous/mitra/files/jpg/hu_1228891134_1321288904/785a49648479627c417f/hu_1228891134_1321288904__marker_zip_001__002.4ab5ddd4..zip..jpg,349873,64,2,1,0,0,0.203125,image,0,0,0,1,0,1,1,0,0,0,7,7.963898052454647,7.666352029472279,0.3884009340532136,0.008605979884129384,256,10,0,0,0,0,0,0,0,2,0,0,0,0.006136512391639252,0
1,mitra,image_anomaly_mitra,794,hu_1228891134_1321288904__marker_pdf_002__001.4a8064d1..jpg..pdf,data/raw/image_anomaly/anomalous/mitra/files/jpg/hu_1228891134_1321288904/be266caf2f7cf93274d8/hu_1228891134_1321288904__marker_pdf_002__001.4a8064d1..jpg..pdf,353163,64,2,1,0,0,0.203125,document,0,0,0,0,0,1,0,1,0,0,6,7.962562466828254,5.072845754531357,0.3948799845963479,0.008276631470454153,256,10,0,0,0,0,0,0,0,0,0,0,0,0.0,0
1,mitra,image_anomaly_mitra,795,hu_1228891134_1321288904__marker_pdf_001__001.d571078c..jpg..pdf,data/raw/image_anomaly/anomalous/mitra/files/jpg/hu_1228891134_1321288904/d6399a9d01b1b92a2a43/hu_1228891134_1321288904__marker_pdf_001__001.d571078c..jpg..pdf,351372,64,2,1,0,0,0.203125,document,0,0,0,0,0,1,0,1,0,0,6,7.963216084150928,5.250824256483538,0.3919037373495896,0.008318818801725806,256,10,0,0,0,0,0,0,0,0,0,0,0,0.0,0
1,mitra,image_anomaly_mitra,796,ieh1z5RwhMNebQmnk2n7lBgJWQSE5y__marker_pdf_001__001.77911684..jpg..pdf,data/raw/image_anomaly/anomalous/mitra/files/jpg/ieh1z5RwhMNebQmnk2n7lBgJWQSE5y/1b3bafb525aedfe5d031/ieh1z5RwhMNebQmnk2n7lBgJWQSE5y__marker_pdf_001__001.77911684..jpg..pdf,36154,70,2,1,0,0,0.15714285714285714,document,0,0,0,0,0,1,0,1,0,0,1,7.964006152513722,5.250824256483538,0.4056535929634342,0.00862975051169995,256,0,0,0,0,0,0,0,0,0,0,0,0,0.0,0
1,mitra,image_anomaly_mitra,797,ieh1z5RwhMNebQmnk2n7lBgJWQSE5y__marker_zip_001__001.165692d3..jpg..zip,data/raw/image_anomaly/anomalous/mitra/files/jpg/ieh1z5RwhMNebQmnk2n7lBgJWQSE5y/24f526d23488930273c7/ieh1z5RwhMNebQmnk2n7lBgJWQSE5y__marker_zip_001__001.165692d3..jpg..zip,34659,70,2,1,0,0,0.15714285714285714,archive,0,0,0,1,0,1,0,1,0,0,2,7.974345902443131,7.776113408187118,0.37087048097175335,0.011541013878069188,256,0,0,0,0,0,0,0,0,2,0,0,0,0.06194639199053637,0
1,mitra,image_anomaly_mitra,798,ieh1z5RwhMNebQmnk2n7lBgJWQSE5y__marker_zip_001__002.e147be23..zip..jpg,data/raw/image_anomaly/anomalous/mitra/files/jpg/ieh1z5RwhMNebQmnk2n7lBgJWQSE5y/24f526d23488930273c7/ieh1z5RwhMNebQmnk2n7lBgJWQSE5y__marker_zip_001__002.e147be23..zip..jpg,34655,70,2,1,0,0,0.15714285714285714,image,0,0,0,1,0,1,1,0,0,0,2,7.974353027931137,7.853340953393653,0.37088443226085704,0.011542345981820806,256,0,0,0,0,0,0,0,0,2,0,0,0,0.06195354205742317,0
1,mitra,image_anomaly_mitra,799,ieh1z5RwhMNebQmnk2n7lBgJWQSE5y__marker_pdf_002__001.c9b0aad4..jpg..pdf,data/raw/image_anomaly/anomalous/mitra/files/jpg/ieh1z5RwhMNebQmnk2n7lBgJWQSE5y/6c5a5f32fa66e8ebadde/ieh1z5RwhMNebQmnk2n7lBgJWQSE5y__marker_pdf_002__001.c9b0aad4..jpg..pdf,37945,70,2,1,0,0,0.15714285714285714,document,0,0,0,0,0,1,0,1,0,0,1,7.948516981827567,5.072845754531357,0.43270523125576493,0.00822242719725919,256,0,0,0,0,0,0,0,0,0,0,0,0,0.0,0
1,mitra,image_anomaly_mitra,800,ieh1z5RwhMNebQmnk2n7lBgJWQSE5y__marker_zip_002__001.f2e0067f..jpg..zip,data/raw/image_anomaly/anomalous/mitra/files/jpg/ieh1z5RwhMNebQmnk2n7lBgJWQSE5y/d638f14e964c3fcf9494/ieh1z5RwhMNebQmnk2n7lBgJWQSE5y__marker_zip_002__001.f2e0067f..jpg..zip,67145,70,2,1,0,0,0.15714285714285714,archive,0,0,0,1,0,1,0,1,0,0,2,7.992752670691381,7.988340858219542,0.37209025243875193,0.007923151388785464,256,0,0,0,0,0,0,0,0,2,0,0,0,0.4894928885248343,0
1,mitra,image_anomaly_mitra,801,ieh1z5RwhMNebQmnk2n7lBgJWQSE5y__marker_zip_002__002.f30888a1..zip..jpg,data/raw/image_anomaly/anomalous/mitra/files/jpg/ieh1z5RwhMNebQmnk2n7lBgJWQSE5y/d638f14e964c3fcf9494/ieh1z5RwhMNebQmnk2n7lBgJWQSE5y__marker_zip_002__002.f30888a1..zip..jpg,67141,70,2,1,0,0,0.15714285714285714,image,0,0,0,1,0,1,1,0,0,0,2,7.992754086660845,7.853340953393653,0.3720975261017858,0.007923623419371174,256,0,0,0,0,0,0,0,0,2,0,0,0,0.4895220506099105,0
1,mitra,image_anomaly_mitra,802,jo_5B1_5D_5B0_5D__marker_pdf_001__001.8a565b08..jpg..pdf,data/raw/image_anomaly/anomalous/mitra/files/jpg/jo%5B1%5D%5B0%5D/22395d781ad2b987d1a9/jo_5B1_5D_5B0_5D__marker_pdf_001__001.8a565b08..jpg..pdf,222803,56,2,1,0,0,0.26785714285714285,document,0,0,0,0,0,1,0,1,0,0,6,7.820822531626146,5.250824256483538,0.41866132861765776,0.012068957778844988,256,9,0,0,0,0,0,0,0,0,0,0,0,0.0,0
1,mitra,image_anomaly_mitra,803,jo_5B1_5D_5B0_5D__marker_zip_002__001.bd5ba6f4..jpg..zip,data/raw/image_anomaly/anomalous/mitra/files/jpg/jo%5B1%5D%5B0%5D/6905ed7ef58e68f8b580/jo_5B1_5D_5B0_5D__marker_zip_002__001.bd5ba6f4..jpg..zip,253794,56,2,1,0,0,0.26785714285714285,archive,0,0,0,1,0,1,0,1,0,0,7,7.855388711070011,7.988340858219542,0.4081932590998999,0.011462051900360135,256,9,0,0,0,0,0,0,0,0,0,0,0,0.0,0
1,mitra,image_anomaly_mitra,804,jo_5B1_5D_5B0_5D__marker_zip_002__002.10cdce0f..zip..jpg,data/raw/image_anomaly/anomalous/mitra/files/jpg/jo%5B1%5D%5B0%5D/6905ed7ef58e68f8b580/jo_5B1_5D_5B0_5D__marker_zip_002__002.10cdce0f..zip..jpg,253790,56,2,1,0,0,0.26785714285714285,image,0,0,0,1,0,1,1,0,0,0,7,7.855385089115339,7.669781568014549,0.4081957523937113,0.01146223255447417,256,9,0,0,0,0,0,0,0,2,0,0,0,0.1295047086173608,0
1,mitra,image_anomaly_mitra,805,jo_5B1_5D_5B0_5D__marker_zip_001__001.f461cba0..jpg..zip,data/raw/image_anomaly/anomalous/mitra/files/jpg/jo%5B1%5D%5B0%5D/9cd63fcb4ab4481f43e9/jo_5B1_5D_5B0_5D__marker_zip_001__001.f461cba0..jpg..zip,221308,56,2,1,0,0,0.26785714285714285,archive,0,0,0,1,0,1,0,1,0,0,7,7.822622110026909,7.584472152638722,0.41330182370271296,0.012548122977931208,256,9,0,0,0,0,0,0,0,0,0,0,0,0.0,0
1,mitra,image_anomaly_mitra,806,jo_5B1_5D_5B0_5D__marker_zip_001__002.42f67aa9..zip..jpg,data/raw/image_anomaly/anomalous/mitra/files/jpg/jo%5B1%5D%5B0%5D/9cd63fcb4ab4481f43e9/jo_5B1_5D_5B0_5D__marker_zip_001__002.42f67aa9..zip..jpg,221304,56,2,1,0,0,0.26785714285714285,image,0,0,0,1,0,1,1,0,0,0,7,7.822616578245694,7.669781568014549,0.4133047753316705,0.012548349781296316,256,9,0,0,0,0,0,0,0,2,0,0,0,0.009701586957307594,0
1,mitra,image_anomaly_mitra,807,jo_5B1_5D_5B0_5D__marker_pdf_002__001.03377b68..jpg..pdf,data/raw/image_anomaly/anomalous/mitra/files/jpg/jo%5B1%5D%5B0%5D/a6f1a4be46fb56288012/jo_5B1_5D_5B0_5D__marker_pdf_002__001.03377b68..jpg..pdf,224594,56,2,1,0,0,0.26785714285714285,document,0,0,0,0,0,1,0,1,0,0,6,7.82016578565091,5.072845754531357,0.42312795533273373,0.011972715210557717,256,9,0,0,0,0,0,0,0,0,0,0,0,0.0,0
1,mitra,image_anomaly_mitra,808,kdA1yaImM9NglesK__marker_zip_002__001.2f2d4fb5..jpg..zip,data/raw/image_anomaly/anomalous/mitra/files/jpg/kdA1yaImM9NglesK/180fc4be8cb09a3591bd/kdA1yaImM9NglesK__marker_zip_002__001.2f2d4fb5..jpg..zip,217868,56,2,1,0,0,0.19642857142857142,archive,0,0,0,1,0,1,0,1,0,0,3,7.916916923144605,7.988340858219542,0.3460811133346797,0.010575210678025226,256,0,0,0,0,0,0,0,0,0,0,0,0,0.0,0
1,mitra,image_anomaly_mitra,809,kdA1yaImM9NglesK__marker_zip_002__002.8789e106..zip..jpg,data/raw/image_anomaly/anomalous/mitra/files/jpg/kdA1yaImM9NglesK/180fc4be8cb09a3591bd/kdA1yaImM9NglesK__marker_zip_002__002.8789e106..zip..jpg,217864,56,2,1,0,0,0.19642857142857142,image,0,0,0,1,0,1,1,0,0,0,3,7.916919935330518,7.780851979242825,0.34608287739140015,0.01057540483971652,256,0,0,0,0,0,0,0,0,2,0,0,0,0.1508601696471193,0
1,mitra,image_anomaly_mitra,810,kdA1yaImM9NglesK__marker_zip_001__001.391fd82d..jpg..zip,data/raw/image_anomaly/anomalous/mitra/files/jpg/kdA1yaImM9NglesK/583eb43430086148d996/kdA1yaImM9NglesK__marker_zip_001__001.391fd82d..jpg..zip,185382,56,2,1,0,0,0.19642857142857142,archive,0,0,0,1,0,1,0,1,0,0,3,7.885058591931927,7.725008997899993,0.3412952713855714,0.01171634786548856,256,0,0,0,0,0,0,0,0,0,0,0,0,0.0,0
1,mitra,image_anomaly_mitra,811,kdA1yaImM9NglesK__marker_zip_001__002.80726eaf..zip..jpg,data/raw/image_anomaly/anomalous/mitra/files/jpg/kdA1yaImM9NglesK/583eb43430086148d996/kdA1yaImM9NglesK__marker_zip_001__002.80726eaf..zip..jpg,185378,56,2,1,0,0,0.19642857142857142,image,0,0,0,1,0,1,1,0,0,0,3,7.885063566034374,7.780851979242825,0.34129724131234557,0.011716600675376799,256,0,0,0,0,0,0,0,0,2,0,0,0,0.011581741091175869,0
1,mitra,image_anomaly_mitra,812,kdA1yaImM9NglesK__marker_pdf_002__001.9f564886..jpg..pdf,data/raw/image_anomaly/anomalous/mitra/files/jpg/kdA1yaImM9NglesK/888922dc5f740085839f/kdA1yaImM9NglesK__marker_pdf_002__001.9f564886..jpg..pdf,188668,56,2,1,0,0,0.19642857142857142,document,0,0,0,0,0,1,0,1,0,0,2,7.892717230358359,5.072845754531357,0.35424661309814065,0.011045858333156655,256,0,0,0,0,0,0,0,0,0,0,0,0,0.0,0
1,mitra,image_anomaly_mitra,813,kdA1yaImM9NglesK__marker_pdf_001__001.17bd581f..jpg..pdf,data/raw/image_anomaly/anomalous/mitra/files/jpg/kdA1yaImM9NglesK/e4799507c97aad2a8e73/kdA1yaImM9NglesK__marker_pdf_001__001.17bd581f..jpg..pdf,186877,56,2,1,0,0,0.19642857142857142,document,0,0,0,0,0,1,0,1,0,0,2,7.889938498367404,5.250824256483538,0.34826115573345034,0.011151720115370002,256,0,0,0,0,0,0,0,0,0,0,0,0,0.0,0
1,mitra,image_anomaly_mitra,814,met_110407_primary_000__marker_zip_002__001.00b21100..jpg..zip,data/raw/image_anomaly/anomalous/mitra/files/jpg/met_110407_primary_000/31546085bdfb28aa5190/met_110407_primary_000__marker_zip_002__001.00b21100..jpg..zip,325833,62,2,1,0,0,0.22580645161290322,archive,0,0,0,1,0,1,0,1,0,0,3,7.860608210864773,7.988340858219542,0.36545408230596654,0.024604628751538366,256,6,0,1,0,0,0,1,1,0,0,0,0,0.0,0
1,mitra,image_anomaly_mitra,815,met_110407_primary_000__marker_zip_002__002.a125d717..zip..jpg,data/raw/image_anomaly/anomalous/mitra/files/jpg/met_110407_primary_000/31546085bdfb28aa5190/met_110407_primary_000__marker_zip_002__002.a125d717..zip..jpg,325829,62,2,1,0,0,0.22580645161290322,image,0,0,0,1,0,1,1,0,0,0,3,7.860611404802907,3.4813263972749766,0.36545549966393415,0.024604930807263933,256,6,0,1,0,0,0,1,1,2,0,0,0,0.10087192975456451,0
1,mitra,image_anomaly_mitra,816,met_110407_primary_000__marker_pdf_001__001.40b72ef3..jpg..pdf,data/raw/image_anomaly/anomalous/mitra/files/jpg/met_110407_primary_000/4d622f0e4ef46925d3c8/met_110407_primary_000__marker_pdf_001__001.40b72ef3..jpg..pdf,294842,62,2,1,0,0,0.22580645161290322,document,0,0,0,0,0,1,0,1,0,0,2,7.8313755016950015,5.250824256483538,0.3688721416894472,0.026444672061646576,256,6,0,1,0,0,0,1,1,0,0,0,0,0.0,0
1,mitra,image_anomaly_mitra,817,met_110407_primary_000__marker_zip_001__001.69ab3f80..jpg..zip,data/raw/image_anomaly/anomalous/mitra/files/jpg/met_110407_primary_000/63cd98c8418078b4253b/met_110407_primary_000__marker_zip_001__001.69ab3f80..jpg..zip,293347,62,2,1,0,0,0.22580645161290322,archive,0,0,0,1,0,1,0,1,0,0,3,7.830513167012037,3.4748078492961585,0.36457505957108816,0.026879429481126448,256,6,0,1,0,0,0,1,1,0,0,0,0,0.0,0
1,mitra,image_anomaly_mitra,818,met_110407_primary_000__marker_zip_001__002.ba83cfe6..zip..jpg,data/raw/image_anomaly/anomalous/mitra/files/jpg/met_110407_primary_000/63cd98c8418078b4253b/met_110407_primary_000__marker_zip_001__002.ba83cfe6..zip..jpg,293343,62,2,1,0,0,0.22580645161290322,image,0,0,0,1,0,1,1,0,0,0,3,7.830520823971615,3.4813263972749766,0.3645766219067781,0.026879796006722505,256,6,0,1,0,0,0,1,1,2,0,0,0,0.007319076984962996,0
1,mitra,image_anomaly_mitra,819,met_110407_primary_000__marker_pdf_002__001.0be0f70d..jpg..pdf,data/raw/image_anomaly/anomalous/mitra/files/jpg/met_110407_primary_000/a6b24a01fe3e39c70abb/met_110407_primary_000__marker_pdf_002__001.0be0f70d..jpg..pdf,296633,62,2,1,0,0,0.22580645161290322,document,0,0,0,0,0,1,0,1,0,0,2,7.832252986786536,5.072845754531357,0.37255463822298934,0.026285005377014694,256,6,0,1,0,0,0,1,1,0,0,0,0,0.0,0
1,mitra,image_anomaly_mitra,820,met_118912_primary_000__marker_zip_002__001.b4b6f11a..jpg..zip,data/raw/image_anomaly/anomalous/mitra/files/jpg/met_118912_primary_000/1054d6be9b581f221169/met_118912_primary_000__marker_zip_002__001.b4b6f11a..jpg..zip,146390,62,2,1,0,0,0.22580645161290322,archive,0,0,0,1,0,1,0,1,0,0,4,7.95018180183748,7.988340858219542,0.384288544299474,0.013163467449962428,256,6,0,1,0,0,0,1,1,0,0,0,0,0.0,0
1,mitra,image_anomaly_mitra,821,met_118912_primary_000__marker_zip_002__002.61a31daa..zip..jpg,data/raw/image_anomaly/anomalous/mitra/files/jpg/met_118912_primary_000/1054d6be9b581f221169/met_118912_primary_000__marker_zip_002__002.61a31daa..zip..jpg,146386,62,2,1,0,0,0.22580645161290322,image,0,0,0,1,0,1,1,0,0,0,4,7.950172959283735,3.486897966696828,0.38429221373628625,0.013163827141939803,256,6,0,1,0,0,0,1,1,2,0,0,0,0.2245228368833085,0
1,mitra,image_anomaly_mitra,822,met_118912_primary_000__marker_pdf_001__001.aeccfe54..jpg..pdf,data/raw/image_anomaly/anomalous/mitra/files/jpg/met_118912_primary_000/ab6d53c41a0b511c5c05/met_118912_primary_000__marker_pdf_001__001.aeccfe54..jpg..pdf,115399,62,2,1,0,0,0.22580645161290322,document,0,0,0,0,0,1,0,1,0,0,3,7.921180274041474,5.250824256483538,0.3980797060633108,0.014792155911229734,256,6,0,1,0,0,0,1,1,0,0,0,0,0.0,0
1,mitra,image_anomaly_mitra,823,met_118912_primary_000__marker_pdf_002__001.6070244f..jpg..pdf,data/raw/image_anomaly/anomalous/mitra/files/jpg/met_118912_primary_000/b91716fdc21ca9dee28c/met_118912_primary_000__marker_pdf_002__001.6070244f..jpg..pdf,117190,62,2,1,0,0,0.22580645161290322,document,0,0,0,0,0,1,0,1,0,0,3,7.918668428164966,5.072845754531357,0.4069545183036095,0.014566089256762522,256,6,0,1,0,0,0,1,1,0,0,0,0,0.0,0
1,mitra,image_anomaly_mitra,824,met_118912_primary_000__marker_zip_001__001.cfead193..jpg..zip,data/raw/image_anomaly/anomalous/mitra/files/jpg/met_118912_primary_000/e3cba9a5b34269958d7c/met_118912_primary_000__marker_zip_001__001.cfead193..jpg..zip,113904,62,2,1,0,0,0.22580645161290322,archive,0,0,0,1,0,1,0,1,0,0,4,7.923885739892404,3.467282612415081,0.38739640398932434,0.01575888467481388,256,6,0,1,0,0,0,1,1,0,0,0,0,0.0,0
1,mitra,image_anomaly_mitra,825,met_118912_primary_000__marker_zip_001__002.3404b278..zip..jpg,data/raw/image_anomaly/anomalous/mitra/files/jpg/met_118912_primary_000/e3cba9a5b34269958d7c/met_118912_primary_000__marker_zip_001__002.3404b278..zip..jpg,113900,62,2,1,0,0,0.22580645161290322,image,0,0,0,1,0,1,1,0,0,0,4,7.9238692159684865,3.486897966696828,0.38740122914837577,0.01575943810359965,256,6,0,1,0,0,0,1,1,2,0,0,0,0.01884986830553117,0
1,mitra,image_anomaly_mitra,826,met_124281_primary_000__marker_zip_001__001.ef23be3e..jpg..zip,data/raw/image_anomaly/anomalous/mitra/files/jpg/met_124281_primary_000/897b4c93efadb3fda605/met_124281_primary_000__marker_zip_001__001.ef23be3e..jpg..zip,27434,62,2,1,0,0,0.22580645161290322,archive,0,0,0,1,0,1,0,1,0,0,2,7.488689448378378,3.4807849229204564,0.43325800102063133,0.03553984107312094,256,6,0,1,0,0,0,1,1,2,0,0,0,0.07826055259896479,0
1,mitra,image_anomaly_mitra,827,met_124281_primary_000__marker_zip_001__002.2f912e5b..zip..jpg,data/raw/image_anomaly/anomalous/mitra/files/jpg/met_124281_primary_000/897b4c93efadb3fda605/met_124281_primary_000__marker_zip_001__002.2f912e5b..zip..jpg,27430,62,2,1,0,0,0.22580645161290322,image,0,0,0,1,0,1,1,0,0,0,2,7.488596669477822,3.487124768134792,0.43328472475391905,0.035545023696682464,256,6,0,1,0,0,0,1,1,2,0,0,0,0.07827196500182282,0
1,mitra,image_anomaly_mitra,828,met_124281_primary_000__marker_zip_002__001.79b0f1e2..jpg..zip,data/raw/image_anomaly/anomalous/mitra/files/jpg/met_124281_primary_000/d7a1fd56be668c08fa15/met_124281_primary_000__marker_zip_002__001.79b0f1e2..jpg..zip,59920,62,2,1,0,0,0.22580645161290322,archive,0,0,0,1,0,1,0,1,0,0,2,7.846598847453464,7.988340858219542,0.4008010680907877,0.018474632843791722,256,6,0,1,0,0,0,1,1,2,0,0,0,0.5485146862483311,0
1,mitra,image_anomaly_mitra,829,met_124281_primary_000__marker_zip_002__002.641ff150..zip..jpg,data/raw/image_anomaly/anomalous/mitra/files/jpg/met_124281_primary_000/d7a1fd56be668c08fa15/met_124281_primary_000__marker_zip_002__002.641ff150..zip..jpg,59916,62,2,1,0,0,0.22580645161290322,image,0,0,0,1,0,1,1,0,0,0,2,7.84658224684116,3.487124768134792,0.40081113558982573,0.018475866212697777,256,6,0,1,0,0,0,1,1,2,0,0,0,0.5485513051605582,0
1,mitra,image_anomaly_mitra,830,met_124281_primary_000__marker_pdf_001__001.640f2f10..jpg..pdf,data/raw/image_anomaly/anomalous/mitra/files/jpg/met_124281_primary_000/ee01c49af9933e31a164/met_124281_primary_000__marker_pdf_001__001.640f2f10..jpg..pdf,28929,62,2,1,0,0,0.22580645161290322,document,0,0,0,0,0,1,0,1,0,0,1,7.47785990426909,5.250824256483538,0.47350409623561135,0.03066127415396315,256,6,0,1,0,0,0,1,1,0,0,0,0,0.0,0
1,mitra,image_anomaly_mitra,831,met_124281_primary_000__marker_pdf_002__001.0c59d886..jpg..pdf,data/raw/image_anomaly/anomalous/mitra/files/jpg/met_124281_primary_000/f1ad59cc79512452e825/met_124281_primary_000__marker_pdf_002__001.0c59d886..jpg..pdf,30720,62,2,1,0,0,0.22580645161290322,document,0,0,0,0,0,1,0,1,0,0,1,7.4794906053247106,5.072845754531357,0.5029622395833333,0.028873697916666666,256,6,0,1,0,0,0,1,1,0,0,0,0,0.0,0
1,mitra,image_anomaly_mitra,832,met_13726_primary_000__marker_zip_001__001.8d92ed8a..jpg..zip,data/raw/image_anomaly/anomalous/mitra/files/jpg/met_13726_primary_000/0ed296a7f4f610325132/met_13726_primary_000__marker_zip_001__001.8d92ed8a..jpg..zip,94582,61,2,1,0,0,0.22950819672131148,archive,0,0,0,1,0,1,0,1,0,0,3,7.843430548994631,3.4708457972246545,0.38983104607642044,0.024676999851980293,256,6,0,1,0,0,0,1,1,0,0,0,0,0.0,0
1,mitra,image_anomaly_mitra,833,met_13726_primary_000__marker_zip_001__002.90fb749f..zip..jpg,data/raw/image_anomaly/anomalous/mitra/files/jpg/met_13726_primary_000/0ed296a7f4f610325132/met_13726_primary_000__marker_zip_001__002.90fb749f..zip..jpg,94578,61,2,1,0,0,0.22950819672131148,image,0,0,0,1,0,1,1,0,0,0,3,7.8434061491193745,3.4648626113540826,0.3898369599695489,0.02467804351963459,256,6,0,1,0,0,0,1,1,2,0,0,0,0.02270083951870414,0
1,mitra,image_anomaly_mitra,834,met_13726_primary_000__marker_zip_002__001.c65efd08..jpg..zip,data/raw/image_anomaly/anomalous/mitra/files/jpg/met_13726_primary_000/6fce15fe690935255e09/met_13726_primary_000__marker_zip_002__001.c65efd08..jpg..zip,127068,61,2,1,0,0,0.22950819672131148,archive,0,0,0,1,0,1,0,1,0,0,3,7.905566205860292,7.988340858219542,0.38562816759530333,0.019406931721597884,256,6,0,1,0,0,0,1,1,0,0,0,0,0.0,0
1,mitra,image_anomaly_mitra,835,met_13726_primary_000__marker_zip_002__002.aa7a304b..zip..jpg,data/raw/image_anomaly/anomalous/mitra/files/jpg/met_13726_primary_000/6fce15fe690935255e09/met_13726_primary_000__marker_zip_002__002.aa7a304b..zip..jpg,127064,61,2,1,0,0,0.22950819672131148,image,0,0,0,1,0,1,1,0,0,0,3,7.90555596002269,3.4648626113540826,0.3856324371970031,0.019407542655669584,256,6,0,1,0,0,0,1,1,2,0,0,0,0.2586649247623245,0
1,mitra,image_anomaly_mitra,836,met_13726_primary_000__marker_pdf_002__001.01b10ffc..jpg..pdf,data/raw/image_anomaly/anomalous/mitra/files/jpg/met_13726_primary_000/d2d390d59797d8b340ef/met_13726_primary_000__marker_pdf_002__001.01b10ffc..jpg..pdf,97868,61,2,1,0,0,0.22950819672131148,document,0,0,0,0,0,1,0,1,0,0,2,7.838958690464629,5.072845754531357,0.41316875791882945,0.022949278620182288,256,6,0,1,0,0,0,1,1,0,0,0,0,0.0,0
1,mitra,image_anomaly_mitra,837,met_13726_primary_000__marker_pdf_001__001.3821d6a4..jpg..pdf,data/raw/image_anomaly/anomalous/mitra/files/jpg/met_13726_primary_000/ef326f04708a4fd02103/met_13726_primary_000__marker_pdf_001__001.3821d6a4..jpg..pdf,96077,61,2,1,0,0,0.22950819672131148,document,0,0,0,0,0,1,0,1,0,0,2,7.840887455382274,5.250824256483538,0.40262497788232354,0.023377082964705392,256,6,0,1,0,0,0,1,1,0,0,0,0,0.0,0
1,mitra,image_anomaly_mitra,838,met_13997_primary_000__marker_pdf_002__001.64ccec89..jpg..pdf,data/raw/image_anomaly/anomalous/mitra/files/jpg/met_13997_primary_000/1d2cc37247387bc04d51/met_13997_primary_000__marker_pdf_002__001.64ccec89..jpg..pdf,549071,61,2,1,0,0,0.22950819672131148,document,0,0,0,0,0,1,0,1,0,0,15,7.964668707952672,5.072845754531357,0.3795410793868188,0.009554319933123404,256,0,0,0,0,0,0,0,0,0,0,0,0,0.0,0
1,mitra,image_anomaly_mitra,839,met_13997_primary_000__marker_zip_002__001.a1679936..jpg..zip,data/raw/image_anomaly/anomalous/mitra/files/jpg/met_13997_primary_000/3b99a956ac750b9831ad/met_13997_primary_000__marker_zip_002__001.a1679936..jpg..zip,578271,61,2,1,0,0,0.22950819672131148,archive,0,0,0,1,0,1,0,1,0,0,16,7.9685272237365465,7.988340858219542,0.37518741213029877,0.009452315609809242,256,0,0,0,0,0,0,0,0,0,0,0,0,0.0,0
1,mitra,image_anomaly_mitra,840,met_13997_primary_000__marker_zip_002__002.4075e796..zip..jpg,data/raw/image_anomaly/anomalous/mitra/files/jpg/met_13997_primary_000/3b99a956ac750b9831ad/met_13997_primary_000__marker_zip_002__002.4075e796..zip..jpg,578267,61,2,1,0,0,0.22950819672131148,image,0,0,0,1,0,1,1,0,0,0,16,7.9685249781988094,7.369471982405399,0.3751882780791572,0.00945238099355488,256,0,0,0,0,0,0,0,0,2,0,0,0,0.056837066614556946,0
1,mitra,image_anomaly_mitra,841,met_13997_primary_000__marker_pdf_001__001.d6dbd172..jpg..pdf,data/raw/image_anomaly/anomalous/mitra/files/jpg/met_13997_primary_000/8ce362a7a7160e666488/met_13997_primary_000__marker_pdf_001__001.d6dbd172..jpg..pdf,547280,61,2,1,0,0,0.22950819672131148,document,0,0,0,0,0,1,0,1,0,0,15,7.9647704647136175,5.250824256483538,0.37758003215904107,0.009585586902499634,256,0,0,0,0,0,0,0,0,0,0,0,0,0.0,0
1,mitra,image_anomaly_mitra,842,met_13997_primary_000__marker_zip_001__001.9a396998..jpg..zip,data/raw/image_anomaly/anomalous/mitra/files/jpg/met_13997_primary_000/bc118c4587a866e231f1/met_13997_primary_000__marker_zip_001__001.9a396998..jpg..zip,545785,61,2,1,0,0,0.22950819672131148,archive,0,0,0,1,0,1,0,1,0,0,16,7.964740186624504,7.445378587930007,0.37529430086939,0.009773079142885934,256,0,0,0,0,0,0,0,0,0,0,0,0,0.0,0
1,mitra,image_anomaly_mitra,843,met_13997_primary_000__marker_zip_001__002.95fc7a0e..zip..jpg,data/raw/image_anomaly/anomalous/mitra/files/jpg/met_13997_primary_000/bc118c4587a866e231f1/met_13997_primary_000__marker_zip_001__002.95fc7a0e..zip..jpg,545781,61,2,1,0,0,0.22950819672131148,image,0,0,0,1,0,1,1,0,0,0,16,7.964737012558118,7.369471982405399,0.37529521914467523,0.009773150769264594,256,0,0,0,0,0,0,0,0,2,0,0,0,0.0039338122800170764,0
1,mitra,image_anomaly_mitra,844,met_168368_primary_000__marker_zip_001__001.203e8499..jpg..zip,data/raw/image_anomaly/anomalous/mitra/files/jpg/met_168368_primary_000/0a00c474a65a6e6674c7/met_168368_primary_000__marker_zip_001__001.203e8499..jpg..zip,1908217,62,2,1,0,0,0.22580645161290322,archive,0,0,0,1,0,1,0,1,0,0,45,7.967830352043902,5.890134328977569,0.3761217932761316,0.01009109550957779,256,18,0,0,0,0,0,0,0,0,0,0,0,0.0,0
1,mitra,image_anomaly_mitra,845,met_168368_primary_000__marker_zip_001__002.cbfb6510..zip..jpg,data/raw/image_anomaly/anomalous/mitra/files/jpg/met_168368_primary_000/0a00c474a65a6e6674c7/met_168368_primary_000__marker_zip_001__002.cbfb6510..zip..jpg,1908213,62,2,1,0,0,0.22580645161290322,image,0,0,0,1,0,1,1,0,0,0,45,7.967829783396881,5.223957382371821,0.376122057652893,0.010091116662552871,256,18,0,0,0,0,0,0,0,2,0,0,0,0.001125136449652109,0
1,mitra,image_anomaly_mitra,846,met_168368_primary_000__marker_zip_002__001.26a9303e..jpg..zip,data/raw/image_anomaly/anomalous/mitra/files/jpg/met_168368_primary_000/3bc61ab2b6eed0fb715e/met_168368_primary_000__marker_zip_002__001.26a9303e..jpg..zip,1940703,62,2,1,0,0,0.22580645161290322,archive,0,0,0,1,0,1,0,1,0,0,45,7.968883049474853,7.988340858219542,0.37607609201407943,0.009990194274961187,256,18,0,0,0,0,0,0,0,0,0,0,0,0.0,0
1,mitra,image_anomaly_mitra,847,met_168368_primary_000__marker_zip_002__002.1b42da50..zip..jpg,data/raw/image_anomaly/anomalous/mitra/files/jpg/met_168368_primary_000/3bc61ab2b6eed0fb715e/met_168368_primary_000__marker_zip_002__002.1b42da50..zip..jpg,1940699,62,2,1,0,0,0.22580645161290322,image,0,0,0,1,0,1,1,0,0,0,45,7.968882223067395,5.223957382371821,0.3760763518711557,0.009990214865880798,256,18,0,0,0,0,0,0,0,2,0,0,0,0.016935650505307622,0
1,mitra,image_anomaly_mitra,848,met_168368_primary_000__marker_pdf_001__001.2ad91257..jpg..pdf,data/raw/image_anomaly/anomalous/mitra/files/jpg/met_168368_primary_000/950e3aae078230d87135/met_168368_primary_000__marker_pdf_001__001.2ad91257..jpg..pdf,1909712,62,2,1,0,0,0.22580645161290322,document,0,0,0,0,0,1,0,1,0,0,44,7.9678240491916,5.250824256483538,0.3767761840528834,0.010037115544123931,256,18,0,0,0,0,0,0,0,0,0,0,0,0.0,0
1,mitra,image_anomaly_mitra,849,met_168368_primary_000__marker_pdf_002__001.e7c586ab..jpg..pdf,data/raw/image_anomaly/anomalous/mitra/files/jpg/met_168368_primary_000/d4ad5e287e1114cbf6d6/met_168368_primary_000__marker_pdf_002__001.e7c586ab..jpg..pdf,1911503,62,2,1,0,0,0.22580645161290322,document,0,0,0,0,0,1,0,1,0,0,44,7.967796471910085,5.072845754531357,0.3773402395915675,0.010027711178062499,256,18,0,0,0,0,0,0,0,0,0,0,0,0.0,0
1,mitra,image_anomaly_mitra,850,met_1730_primary_000__marker_pdf_002__001.71e26ed2..jpg..pdf,data/raw/image_anomaly/anomalous/mitra/files/jpg/met_1730_primary_000/1bc90650e4f2f4f9bd27/met_1730_primary_000__marker_pdf_002__001.71e26ed2..jpg..pdf,365256,60,2,1,0,0,0.23333333333333334,document,0,0,0,0,0,1,0,1,0,0,4,7.837545165368169,5.072845754531357,0.3832353198852312,0.02646910659920713,256,15,0,0,0,0,0,0,0,0,0,0,0,0.0,0
1,mitra,image_anomaly_mitra,851,met_1730_primary_000__marker_zip_001__001.b97f3228..jpg..zip,data/raw/image_anomaly/anomalous/mitra/files/jpg/met_1730_primary_000/668422a6c02b0a7a1a7c/met_1730_primary_000__marker_zip_001__001.b97f3228..jpg..zip,361970,60,2,1,0,0,0.23333333333333334,archive,0,0,0,1,0,1,0,1,0,0,5,7.836775229920848,5.631104086934149,0.3768654860900075,0.026952509876509104,256,15,0,0,0,0,0,0,0,0,0,0,0,0.0,0
1,mitra,image_anomaly_mitra,852,met_1730_primary_000__marker_zip_001__002.b77acbeb..zip..jpg,data/raw/image_anomaly/anomalous/mitra/files/jpg/met_1730_primary_000/668422a6c02b0a7a1a7c/met_1730_primary_000__marker_zip_001__002.b77acbeb..zip..jpg,361966,60,2,1,0,0,0.23333333333333334,image,0,0,0,1,0,1,1,0,0,0,5,7.83677128639673,4.925509018050759,0.37686688805025886,0.026952807722272258,256,15,0,0,0,0,0,0,0,2,0,0,0,0.005931496328384434,0
1,mitra,image_anomaly_mitra,853,met_1730_primary_000__marker_pdf_001__001.b663ce83..jpg..pdf,data/raw/image_anomaly/anomalous/mitra/files/jpg/met_1730_primary_000/bdcb7ffc45fb3fdf9d95/met_1730_primary_000__marker_pdf_001__001.b663ce83..jpg..pdf,363465,60,2,1,0,0,0.23333333333333334,document,0,0,0,0,0,1,0,1,0,0,4,7.837072798912857,5.250824256483538,0.3803007167127509,0.026599535030883303,256,15,0,0,0,0,0,0,0,0,0,0,0,0.0,0
1,mitra,image_anomaly_mitra,854,met_1730_primary_000__marker_zip_002__001.4691753b..jpg..zip,data/raw/image_anomaly/anomalous/mitra/files/jpg/met_1730_primary_000/c2cafb2d190805a02014/met_1730_primary_000__marker_zip_002__001.4691753b..jpg..zip,394456,60,2,1,0,0,0.23333333333333334,archive,0,0,0,1,0,1,0,1,0,0,5,7.861171673412832,7.988340858219542,0.3765793903502545,0.02506743464416817,256,15,0,0,0,0,0,0,0,0,0,0,0,0.0,0
1,mitra,image_anomaly_mitra,855,met_1730_primary_000__marker_zip_002__002.055658a7..zip..jpg,data/raw/image_anomaly/anomalous/mitra/files/jpg/met_1730_primary_000/c2cafb2d190805a02014/met_1730_primary_000__marker_zip_002__002.055658a7..zip..jpg,394452,60,2,1,0,0,0.23333333333333334,image,0,0,0,1,0,1,1,0,0,0,5,7.861167917956289,4.925509018050759,0.376580673947654,0.025067688844270027,256,15,0,0,0,0,0,0,0,2,0,0,0,0.08332319268250636,0
1,mitra,image_anomaly_mitra,856,met_189541_primary_000__marker_pdf_002__001.7383e117..jpg..pdf,data/raw/image_anomaly/anomalous/mitra/files/jpg/met_189541_primary_000/42266f0773692e436cef/met_189541_primary_000__marker_pdf_002__001.7383e117..jpg..pdf,2635501,62,2,1,0,0,0.22580645161290322,document,0,0,0,0,0,1,0,1,0,0,21,7.969425250933988,5.072845754531357,0.3833555745188486,0.008733823284453317,256,18,0,0,0,0,0,0,0,0,0,0,0,0.0,0
1,mitra,image_anomaly_mitra,857,met_189541_primary_000__marker_zip_001__001.16440381..jpg..zip,data/raw/image_anomaly/anomalous/mitra/files/jpg/met_189541_primary_000/52d4005e43a8f7b7ade3/met_189541_primary_000__marker_zip_001__001.16440381..jpg..zip,2632215,62,2,1,0,0,0.22580645161290322,archive,0,0,0,1,0,1,0,1,0,0,22,7.969480330631527,5.1275121110277215,0.3824797746384699,0.008778158319134265,256,18,0,0,0,0,0,0,0,0,0,0,0,0.0,0
1,mitra,image_anomaly_mitra,858,met_189541_primary_000__marker_zip_001__002.16c4a518..zip..jpg,data/raw/image_anomaly/anomalous/mitra/files/jpg/met_189541_primary_000/52d4005e43a8f7b7ade3/met_189541_primary_000__marker_zip_001__002.16c4a518..zip..jpg,2632211,62,2,1,0,0,0.22580645161290322,image,0,0,0,1,0,1,1,0,0,0,22,7.969479935922898,5.136173867453954,0.38247997595937405,0.008778171658731007,256,18,0,0,0,0,0,0,0,2,0,0,0,0.0008156640937979516,0
1,mitra,image_anomaly_mitra,859,met_189541_primary_000__marker_zip_002__001.32168c6b..jpg..zip,data/raw/image_anomaly/anomalous/mitra/files/jpg/met_189541_primary_000/a6b44657fc46021a21f1/met_189541_primary_000__marker_zip_002__001.32168c6b..jpg..zip,2664701,62,2,1,0,0,0.22580645161290322,archive,0,0,0,1,0,1,0,1,0,0,22,7.970210979570556,7.988340858219542,0.3823689787334489,0.008720678229940245,256,18,0,0,0,0,0,0,0,0,0,0,0,0.0,0
1,mitra,image_anomaly_mitra,860,met_189541_primary_000__marker_zip_002__002.f903a2f0..zip..jpg,data/raw/image_anomaly/anomalous/mitra/files/jpg/met_189541_primary_000/a6b44657fc46021a21f1/met_189541_primary_000__marker_zip_002__002.f903a2f0..zip..jpg,2664697,62,2,1,0,0,0.22580645161290322,image,0,0,0,1,0,1,1,0,0,0,22,7.970210649247556,5.136173867453954,0.38236917743368193,0.008720691320626698,256,18,0,0,0,0,0,0,0,2,0,0,0,0.012334235374603566,0
1,mitra,image_anomaly_mitra,861,met_189541_primary_000__marker_pdf_001__001.f25c1547..jpg..pdf,data/raw/image_anomaly/anomalous/mitra/files/jpg/met_189541_primary_000/a9e2d37b5ab5c46ebb1d/met_189541_primary_000__marker_pdf_001__001.f25c1547..jpg..pdf,2633710,62,2,1,0,0,0.22580645161290322,document,0,0,0,0,0,1,0,1,0,0,21,7.9694594640917655,5.250824256483538,0.38295066655022764,0.00873976254029487,256,18,0,0,0,0,0,0,0,0,0,0,0,0.0,0
1,mitra,image_anomaly_mitra,862,met_189966_primary_000__marker_pdf_001__001.43e62958..jpg..pdf,data/raw/image_anomaly/anomalous/mitra/files/jpg/met_189966_primary_000/0a0c5f3a15d519f96779/met_189966_primary_000__marker_pdf_001__001.43e62958..jpg..pdf,138807,62,2,1,0,0,0.22580645161290322,document,0,0,0,0,0,1,0,1,0,0,4,7.935678819785349,5.250824256483538,0.39167333059571924,0.009833798007305107,256,6,0,0,0,0,0,0,0,0,0,0,0,0.0,0
1,mitra,image_anomaly_mitra,863,met_189966_primary_000__marker_pdf_002__001.dd29fda6..jpg..pdf,data/raw/image_anomaly/anomalous/mitra/files/jpg/met_189966_primary_000/4da5b134b331675bea46/met_189966_primary_000__marker_pdf_002__001.dd29fda6..jpg..pdf,140598,62,2,1,0,0,0.22580645161290322,document,0,0,0,0,0,1,0,1,0,0,4,7.933775888194185,5.072845754531357,0.39915219277656866,0.009708530704561942,256,6,0,0,0,0,0,0,0,0,0,0,0,0.0,0
1,mitra,image_anomaly_mitra,864,met_189966_primary_000__marker_zip_002__001.a4e57752..jpg..zip,data/raw/image_anomaly/anomalous/mitra/files/jpg/met_189966_primary_000/9691b60ab977d6f27f81/met_189966_primary_000__marker_zip_002__001.a4e57752..jpg..zip,169798,62,2,1,0,0,0.22580645161290322,archive,0,0,0,1,0,1,0,1,0,0,5,7.957706246423065,7.988340858219542,0.38095266139766076,0.009334621138058163,256,6,0,0,0,0,0,0,0,0,0,0,0,0.0,0
1,mitra,image_anomaly_mitra,865,met_189966_primary_000__marker_zip_002__002.34290210..zip..jpg,data/raw/image_anomaly/anomalous/mitra/files/jpg/met_189966_primary_000/9691b60ab977d6f27f81/met_189966_primary_000__marker_zip_002__002.34290210..zip..jpg,169794,62,2,1,0,0,0.22580645161290322,image,0,0,0,1,0,1,1,0,0,0,5,7.957702938146956,3.5947462113874513,0.38095574637501917,0.009334841042675242,256,6,0,0,0,0,0,0,0,2,0,0,0,0.1935698552363452,0
1,mitra,image_anomaly_mitra,866,met_189966_primary_000__marker_zip_001__001.6e8eb0e5..jpg..zip,data/raw/image_anomaly/anomalous/mitra/files/jpg/met_189966_primary_000/9a83f797ef8f2e421bd7/met_189966_primary_000__marker_zip_001__001.6e8eb0e5..jpg..zip,137312,62,2,1,0,0,0.22580645161290322,archive,0,0,0,1,0,1,0,1,0,0,5,7.938391109960729,3.484284045969332,0.3827414938242834,0.01058174085294803,256,6,0,0,0,0,0,0,0,0,0,0,0,0.0,0
1,mitra,image_anomaly_mitra,867,met_189966_primary_000__marker_zip_001__002.4322f6e5..zip..jpg,data/raw/image_anomaly/anomalous/mitra/files/jpg/met_189966_primary_000/9a83f797ef8f2e421bd7/met_189966_primary_000__marker_zip_001__002.4322f6e5..zip..jpg,137308,62,2,1,0,0,0.22580645161290322,image,0,0,0,1,0,1,1,0,0,0,5,7.938381569933679,3.5947462113874513,0.3827453607947097,0.010582049115856322,256,6,0,0,0,0,0,0,0,2,0,0,0,0.01563637952632039,0
1,mitra,image_anomaly_mitra,868,met_192653_primary_000__marker_pdf_002__001.4bc77d49..jpg..pdf,data/raw/image_anomaly/anomalous/mitra/files/jpg/met_192653_primary_000/06601bc9ee7cf79aaf2b/met_192653_primary_000__marker_pdf_002__001.4bc77d49..jpg..pdf,1227942,62,2,1,0,0,0.22580645161290322,document,0,0,0,0,0,1,0,1,0,0,37,7.9402227463389154,5.072845754531357,0.3800741403095586,0.013682242320891378,256,13,0,0,0,0,0,0,0,0,0,0,0,0.0,0
1,mitra,image_anomaly_mitra,869,met_192653_primary_000__marker_zip_002__001.93abfd0b..jpg..zip,data/raw/image_anomaly/anomalous/mitra/files/jpg/met_192653_primary_000/4ee0a6ec8379d6dded5f/met_192653_primary_000__marker_zip_002__001.93abfd0b..jpg..zip,1257142,62,2,1,0,0,0.22580645161290322,archive,0,0,0,1,0,1,0,1,0,0,38,7.943124152172536,7.988340858219542,0.37805912140394643,0.013539441049618897,256,13,0,0,0,0,0,0,0,0,0,0,0,0.0,0
1,mitra,image_anomaly_mitra,870,met_192653_primary_000__marker_zip_002__002.3c80040d..zip..jpg,data/raw/image_anomaly/anomalous/mitra/files/jpg/met_192653_primary_000/4ee0a6ec8379d6dded5f/met_192653_primary_000__marker_zip_002__002.3c80040d..zip..jpg,1257138,62,2,1,0,0,0.22580645161290322,image,0,0,0,1,0,1,1,0,0,0,38,7.943123485046545,6.40482290034854,0.3780595288663615,0.013539484129825047,256,13,0,0,0,0,0,0,0,2,0,0,0,0.026144305557544198,0
1,mitra,image_anomaly_mitra,871,met_192653_primary_000__marker_zip_001__001.4f652a94..jpg..zip,data/raw/image_anomaly/anomalous/mitra/files/jpg/met_192653_primary_000/c4522bd8df53bcf5c9c0/met_192653_primary_000__marker_zip_001__001.4f652a94..jpg..zip,1224656,62,2,1,0,0,0.22580645161290322,archive,0,0,0,1,0,1,0,1,0,0,38,7.940214751449841,6.237568995442306,0.3781829346363387,0.013790811460524424,256,13,0,0,0,0,0,0,0,0,0,0,0,0.0,0
1,mitra,image_anomaly_mitra,872,met_192653_primary_000__marker_zip_001__002.fc7dc48b..zip..jpg,data/raw/image_anomaly/anomalous/mitra/files/jpg/met_192653_primary_000/c4522bd8df53bcf5c9c0/met_192653_primary_000__marker_zip_001__002.fc7dc48b..zip..jpg,1224652,62,2,1,0,0,0.22580645161290322,image,0,0,0,1,0,1,1,0,0,0,38,7.94021465393724,6.40482290034854,0.378183353311798,0.013790856504541699,256,13,0,0,0,0,0,0,0,2,0,0,0,0.0017531510992510526,0
1,mitra,image_anomaly_mitra,873,met_192653_primary_000__marker_pdf_001__001.c0873cd9..jpg..pdf,data/raw/image_anomaly/anomalous/mitra/files/jpg/met_192653_primary_000/f2f22fd7218aae54667a/met_192653_primary_000__marker_pdf_001__001.c0873cd9..jpg..pdf,1226151,62,2,1,0,0,0.22580645161290322,document,0,0,0,0,0,1,0,1,0,0,37,7.940253199657077,5.250824256483538,0.37919962549473923,0.013702227539674967,256,13,0,0,0,0,0,0,0,0,0,0,0,0.0,0
1,mitra,image_anomaly_mitra,874,met_195310_primary_000__marker_zip_002__001.6d92ff50..jpg..zip,data/raw/image_anomaly/anomalous/mitra/files/jpg/met_195310_primary_000/22a0c219ad67698eadb6/met_195310_primary_000__marker_zip_002__001.6d92ff50..jpg..zip,105190,62,2,1,0,0,0.22580645161290322,archive,0,0,0,1,0,1,0,1,0,0,2,7.918068032325157,7.988340858219542,0.38777450327977947,0.011189276547200304,256,6,0,0,0,0,0,0,0,0,0,0,0,0.0,0
1,mitra,image_anomaly_mitra,875,met_195310_primary_000__marker_zip_002__002.dca9604d..zip..jpg,data/raw/image_anomaly/anomalous/mitra/files/jpg/met_195310_primary_000/22a0c219ad67698eadb6/met_195310_primary_000__marker_zip_002__002.dca9604d..zip..jpg,105186,62,2,1,0,0,0.22580645161290322,image,0,0,0,1,0,1,1,0,0,0,2,7.91806094394594,3.5729826515788763,0.3877797425512901,0.011189702051603826,256,6,0,0,0,0,0,0,0,2,0,0,0,0.31246553723879605,0
1,mitra,image_anomaly_mitra,876,met_195310_primary_000__marker_pdf_001__001.5d45d731..jpg..pdf,data/raw/image_anomaly/anomalous/mitra/files/jpg/met_195310_primary_000/412949298409d79ed329/met_195310_primary_000__marker_pdf_001__001.5d45d731..jpg..pdf,74199,62,2,1,0,0,0.22580645161290322,document,0,0,0,0,0,1,0,1,0,0,1,7.841422027258488,5.250824256483538,0.41067938921009717,0.012897747948085554,256,6,0,0,0,0,0,0,0,0,0,0,0,0.0,0
1,mitra,image_anomaly_mitra,877,met_195310_primary_000__marker_zip_001__001.13c88cba..jpg..zip,data/raw/image_anomaly/anomalous/mitra/files/jpg/met_195310_primary_000/b8c1a958784774431ee1/met_195310_primary_000__marker_zip_001__001.13c88cba..jpg..zip,72704,62,2,1,0,0,0.22580645161290322,archive,0,0,0,1,0,1,0,1,0,0,2,7.846670658693093,3.5160341029908255,0.3942011443661972,0.014373349471830986,256,6,0,0,0,0,0,0,0,0,0,0,0,0.0,0
1,mitra,image_anomaly_mitra,878,met_195310_primary_000__marker_zip_001__002.2fb894eb..zip..jpg,data/raw/image_anomaly/anomalous/mitra/files/jpg/met_195310_primary_000/b8c1a958784774431ee1/met_195310_primary_000__marker_zip_001__002.2fb894eb..zip..jpg,72700,62,2,1,0,0,0.22580645161290322,image,0,0,0,1,0,1,1,0,0,0,2,7.8466338042702155,3.5729826515788763,0.39420907840440167,0.01437414030261348,256,6,0,0,0,0,0,0,0,2,0,0,0,0.02953232462173315,0
1,mitra,image_anomaly_mitra,879,met_195310_primary_000__marker_pdf_002__001.626eff12..jpg..pdf,data/raw/image_anomaly/anomalous/mitra/files/jpg/met_195310_primary_000/b8dced4cf06bf6eed2de/met_195310_primary_000__marker_pdf_002__001.626eff12..jpg..pdf,75990,62,2,1,0,0,0.22580645161290322,document,0,0,0,0,0,1,0,1,0,0,1,7.838148944076718,5.072845754531357,0.42406895644163706,0.012593762337149626,256,6,0,0,0,0,0,0,0,0,0,0,0,0.0,0
1,mitra,image_anomaly_mitra,880,met_197647_primary_000__marker_pdf_002__001.8330fd1c..jpg..pdf,data/raw/image_anomaly/anomalous/mitra/files/jpg/met_197647_primary_000/20245b5940723ef09cb6/met_197647_primary_000__marker_pdf_002__001.8330fd1c..jpg..pdf,37827,62,2,1,0,0,0.22580645161290322,document,0,0,0,0,0,1,0,1,0,0,2,7.6059634284909166,5.072845754531357,0.4814021730509953,0.013429560895656542,256,6,0,0,0,0,0,0,0,0,0,0,0,0.0,0
1,mitra,image_anomaly_mitra,881,met_197647_primary_000__marker_zip_001__001.b7e7674c..jpg..zip,data/raw/image_anomaly/anomalous/mitra/files/jpg/met_197647_primary_000/72e77ae33ce6d2692b9e/met_197647_primary_000__marker_zip_001__001.b7e7674c..jpg..zip,34541,62,2,1,0,0,0.22580645161290322,archive,0,0,0,1,0,1,0,1,0,0,3,7.61968007448461,3.5330359640040885,0.42398888277698965,0.017254856547291624,256,6,0,0,0,0,0,0,0,2,0,0,0,0.062158015112475026,0
1,mitra,image_anomaly_mitra,882,met_197647_primary_000__marker_zip_001__002.c5db96f1..zip..jpg,data/raw/image_anomaly/anomalous/mitra/files/jpg/met_197647_primary_000/72e77ae33ce6d2692b9e/met_197647_primary_000__marker_zip_001__002.c5db96f1..zip..jpg,34537,62,2,1,0,0,0.22580645161290322,image,0,0,0,1,0,1,1,0,0,0,3,7.619540932058554,3.6141693059238715,0.42400903378984856,0.017256854967136696,256,6,0,0,0,0,0,0,0,2,0,0,0,0.062165214118192084,0
1,mitra,image_anomaly_mitra,883,met_197647_primary_000__marker_pdf_001__001.3fc3ed1d..jpg..pdf,data/raw/image_anomaly/anomalous/mitra/files/jpg/met_197647_primary_000/bf84cb470212d9635165/met_197647_primary_000__marker_pdf_001__001.3fc3ed1d..jpg..pdf,36036,62,2,1,0,0,0.22580645161290322,document,0,0,0,0,0,1,0,1,0,0,2,7.607967958607591,5.250824256483538,0.45668220668220666,0.014097014097014098,256,6,0,0,0,0,0,0,0,0,0,0,0,0.0,0
1,mitra,image_anomaly_mitra,884,met_197647_primary_000__marker_zip_002__001.79979ab0..jpg..zip,data/raw/image_anomaly/anomalous/mitra/files/jpg/met_197647_primary_000/f041d13acbf0c537bda9/met_197647_primary_000__marker_zip_002__001.79979ab0..jpg..zip,67027,62,2,1,0,0,0.22580645161290322,archive,0,0,0,1,0,1,0,1,0,0,3,7.870347085581424,7.988340858219542,0.399465886881406,0.01086129470213496,256,6,0,0,0,0,0,0,0,2,0,0,0,0.4903546332075134,0
1,mitra,image_anomaly_mitra,885,met_197647_primary_000__marker_zip_002__002.5b4aeede..zip..jpg,data/raw/image_anomaly/anomalous/mitra/files/jpg/met_197647_primary_000/f041d13acbf0c537bda9/met_197647_primary_000__marker_zip_002__002.5b4aeede..zip..jpg,67023,62,2,1,0,0,0.22580645161290322,image,0,0,0,1,0,1,1,0,0,0,3,7.870331682050842,3.6141693059238715,0.3994748071557525,0.01086194291511869,256,6,0,0,0,0,0,0,0,2,0,0,0,0.4903838980648434,0
1,mitra,image_anomaly_mitra,886,met_199017_primary_000__marker_zip_002__001.a82e4853..jpg..zip,data/raw/image_anomaly/anomalous/mitra/files/jpg/met_199017_primary_000/06a01d9678cb76451fa0/met_199017_primary_000__marker_zip_002__001.a82e4853..jpg..zip,599312,62,2,1,0,0,0.22580645161290322,archive,0,0,0,1,0,1,0,1,0,0,11,7.91978503388718,7.988340858219542,0.3723469578449956,0.01828096216995488,256,15,0,0,0,0,0,0,0,0,0,0,0,0.0,0
1,mitra,image_anomaly_mitra,887,met_199017_primary_000__marker_zip_002__002.84c3b448..zip..jpg,data/raw/image_anomaly/anomalous/mitra/files/jpg/met_199017_primary_000/06a01d9678cb76451fa0/met_199017_primary_000__marker_zip_002__002.84c3b448..zip..jpg,599308,62,2,1,0,0,0.22580645161290322,image,0,0,0,1,0,1,1,0,0,0,11,7.919781942386817,4.916973113799022,0.3723477744331796,0.0182810841837586,256,15,0,0,0,0,0,0,0,2,0,0,0,0.054841583960167396,0
1,mitra,image_anomaly_mitra,888,met_199017_primary_000__marker_zip_001__001.cafce1db..jpg..zip,data/raw/image_anomaly/anomalous/mitra/files/jpg/met_199017_primary_000/a92a451bfb94afb88d3c/met_199017_primary_000__marker_zip_001__001.cafce1db..jpg..zip,566826,62,2,1,0,0,0.22580645161290322,archive,0,0,0,1,0,1,0,1,0,0,11,7.9109049900593975,5.626223439368938,0.37228708633690055,0.019095807178922633,256,15,0,0,0,0,0,0,0,0,0,0,0,0.0,0
1,mitra,image_anomaly_mitra,889,met_199017_primary_000__marker_zip_001__002.1e657dff..zip..jpg,data/raw/image_anomaly/anomalous/mitra/files/jpg/met_199017_primary_000/a92a451bfb94afb88d3c/met_199017_primary_000__marker_zip_001__002.1e657dff..zip..jpg,566822,62,2,1,0,0,0.22580645161290322,image,0,0,0,1,0,1,1,0,0,0,11,7.910901526449593,4.916973113799022,0.3722879493033086,0.01909594193591639,256,15,0,0,0,0,0,0,0,2,0,0,0,0.0037877852306367784,0
1,mitra,image_anomaly_mitra,890,met_199017_primary_000__marker_pdf_001__001.e4aa9f40..jpg..pdf,data/raw/image_anomaly/anomalous/mitra/files/jpg/met_199017_primary_000/b2cc3e2407319bbc0442/met_199017_primary_000__marker_pdf_001__001.e4aa9f40..jpg..pdf,568321,62,2,1,0,0,0.22580645161290322,document,0,0,0,0,0,1,0,1,0,0,10,7.911003729384625,5.250824256483538,0.3744961034345027,0.018890732526160393,256,15,0,0,0,0,0,0,0,0,0,0,0,0.0,0
1,mitra,image_anomaly_mitra,891,met_199017_primary_000__marker_pdf_002__001.64ceb85a..jpg..pdf,data/raw/image_anomaly/anomalous/mitra/files/jpg/met_199017_primary_000/e5a8f69316678a35ad3b/met_199017_primary_000__marker_pdf_002__001.64ceb85a..jpg..pdf,570112,62,2,1,0,0,0.22580645161290322,document,0,0,0,0,0,1,0,1,0,0,10,7.911101232321991,5.072845754531357,0.37639446284238887,0.018831387516838795,256,15,0,0,0,0,0,0,0,0,0,0,0,0.0,0
1,mitra,image_anomaly_mitra,892,met_202688_additional_001__marker_zip_002__001.440acd46..jpg..zip,data/raw/image_anomaly/anomalous/mitra/files/jpg/met_202688_additional_001/3c715c63cb56a091a4a7/met_202688_additional_001__marker_zip_002__001.440acd46..jpg..zip,1695317,65,2,1,0,0,0.2153846153846154,archive,0,0,0,1,0,1,0,1,0,0,44,7.946753612675331,7.988340858219542,0.3766587605739811,0.011444467317911636,256,13,0,0,0,0,0,0,0,0,0,0,0,0.0,0
1,mitra,image_anomaly_mitra,893,met_202688_additional_001__marker_zip_002__002.23e8d1e0..zip..jpg,data/raw/image_anomaly/anomalous/mitra/files/jpg/met_202688_additional_001/3c715c63cb56a091a4a7/met_202688_additional_001__marker_zip_002__002.23e8d1e0..zip..jpg,1695313,65,2,1,0,0,0.2153846153846154,image,0,0,0,1,0,1,1,0,0,0,44,7.946753650050184,6.4204050850451075,0.37665905941852623,0.011444494320517805,256,13,0,0,0,0,0,0,0,2,0,0,0,0.019386980457296088,0
1,mitra,image_anomaly_mitra,894,met_202688_additional_001__marker_pdf_001__001.d19648e2..jpg..pdf,data/raw/image_anomaly/anomalous/mitra/files/jpg/met_202688_additional_001/9cf41b11117caf514bfc/met_202688_additional_001__marker_pdf_001__001.d19648e2..jpg..pdf,1664326,65,2,1,0,0,0.2153846153846154,document,0,0,0,0,0,1,0,1,0,0,43,7.944725944291177,5.250824256483538,0.3774729229730233,0.011525386252452944,256,13,0,0,0,0,0,0,0,0,0,0,0,0.0,0
1,mitra,image_anomaly_mitra,895,met_202688_additional_001__marker_pdf_002__001.7167902d..jpg..pdf,data/raw/image_anomaly/anomalous/mitra/files/jpg/met_202688_additional_001/a0c3dcd40a9403160b2e/met_202688_additional_001__marker_pdf_002__001.7167902d..jpg..pdf,1666117,65,2,1,0,0,0.2153846153846154,document,0,0,0,0,0,1,0,1,0,0,43,7.944700523033951,5.072845754531357,0.37811930374637553,0.011512996986406118,256,13,0,0,0,0,0,0,0,0,0,0,0,0.0,0
1,mitra,image_anomaly_mitra,896,met_202688_additional_001__marker_zip_001__001.1d2771bd..jpg..zip,data/raw/image_anomaly/anomalous/mitra/files/jpg/met_202688_additional_001/e46b873ff09c5a3a316f/met_202688_additional_001__marker_zip_001__001.1d2771bd..jpg..zip,1662831,65,2,1,0,0,0.2153846153846154,archive,0,0,0,1,0,1,0,1,0,0,44,7.944771641451782,6.260824622611604,0.3767225893671696,0.011588670165518926,256,13,0,0,0,0,0,0,0,0,0,0,0,0.0,0
1,mitra,image_anomaly_mitra,897,met_202688_additional_001__marker_zip_001__002.95190f86..zip..jpg,data/raw/image_anomaly/anomalous/mitra/files/jpg/met_202688_additional_001/e46b873ff09c5a3a316f/met_202688_additional_001__marker_zip_001__002.95190f86..zip..jpg,1662827,65,2,1,0,0,0.2153846153846154,image,0,0,0,1,0,1,1,0,0,0,44,7.944771223871507,6.4204050850451075,0.3767228942036664,0.011588698042550428,256,13,0,0,0,0,0,0,0,2,0,0,0,0.0012911746080620534,0
1,mitra,image_anomaly_mitra,898,met_202688_primary_000__marker_zip_002__001.ac31567f..jpg..zip,data/raw/image_anomaly/anomalous/mitra/files/jpg/met_202688_primary_000/6511232c40ab882164e1/met_202688_primary_000__marker_zip_002__001.ac31567f..jpg..zip,3880166,62,2,1,0,0,0.22580645161290322,archive,0,0,0,1,0,1,0,1,0,0,77,7.982802810731141,7.988340858219542,0.3757908811117875,0.009675616971026497,256,13,0,0,0,0,0,0,0,0,0,0,0,0.0,0
1,mitra,image_anomaly_mitra,899,met_202688_primary_000__marker_zip_002__002.11a3bace..zip..jpg,data/raw/image_anomaly/anomalous/mitra/files/jpg/met_202688_primary_000/6511232c40ab882164e1/met_202688_primary_000__marker_zip_002__002.11a3bace..zip..jpg,3880162,62,2,1,0,0,0.22580645161290322,image,0,0,0,1,0,1,1,0,0,0,77,7.982802586363024,6.444811999621993,0.3757910107876939,0.009675626945472896,256,13,0,0,0,0,0,0,0,2,0,0,0,0.00847052262250906,0
1,mitra,image_anomaly_mitra,900,met_202688_primary_000__marker_zip_001__001.dbb80c34..jpg..zip,data/raw/image_anomaly/anomalous/mitra/files/jpg/met_202688_primary_000/8b934358848d38292c58/met_202688_primary_000__marker_zip_001__001.dbb80c34..jpg..zip,3847680,62,2,1,0,0,0.22580645161290322,archive,0,0,0,1,0,1,0,1,0,0,77,7.982524970773114,6.269549275991349,0.3758111381403859,0.009723001912840985,256,13,0,0,0,0,0,0,0,0,0,0,0,0.0,0
1,mitra,image_anomaly_mitra,901,met_202688_primary_000__marker_zip_001__002.d88beca7..zip..jpg,data/raw/image_anomaly/anomalous/mitra/files/jpg/met_202688_primary_000/8b934358848d38292c58/met_202688_primary_000__marker_zip_001__002.d88beca7..zip..jpg,3847676,62,2,1,0,0,0.22580645161290322,image,0,0,0,1,0,1,1,0,0,0,77,7.98252482512346,6.444811999621993,0.3758112689322074,0.009723012020762664,256,13,0,0,0,0,0,0,0,2,0,0,0,0.000557999166249965,0
1,mitra,image_anomaly_mitra,902,met_202688_primary_000__marker_pdf_001__001.56fac55f..jpg..pdf,data/raw/image_anomaly/anomalous/mitra/files/jpg/met_202688_primary_000/9774f4bbe04a174bbd85/met_202688_primary_000__marker_pdf_001__001.56fac55f..jpg..pdf,3849175,62,2,1,0,0,0.22580645161290322,document,0,0,0,0,0,1,0,1,0,0,76,7.9825692996330355,5.250824256483538,0.37613592523073125,0.009696363506465671,256,13,0,0,0,0,0,0,0,0,0,0,0,0.0,0
1,mitra,image_anomaly_mitra,903,met_202688_primary_000__marker_pdf_002__001.a0bdf156..jpg..pdf,data/raw/image_anomaly/anomalous/mitra/files/jpg/met_202688_primary_000/c9f7e4bf3cfe7afef379/met_202688_primary_000__marker_pdf_002__001.a0bdf156..jpg..pdf,3850966,62,2,1,0,0,0.22580645161290322,document,0,0,0,0,0,1,0,1,0,0,76,7.98257496847528,5.072845754531357,0.37641620310332524,0.009691853940024399,256,13,0,0,0,0,0,0,0,0,0,0,0,0.0,0
1,mitra,image_anomaly_mitra,904,met_207647_primary_000__marker_zip_002__001.a7ff8e22..jpg..zip,data/raw/image_anomaly/anomalous/mitra/files/jpg/met_207647_primary_000/2e9ad151e84ca2666e6c/met_207647_primary_000__marker_zip_002__001.a7ff8e22..jpg..zip,487244,62,2,1,0,0,0.22580645161290322,archive,0,0,0,1,0,1,0,1,0,0,6,7.95438900509229,7.988340858219542,0.37413698270271156,0.015019169040562838,256,15,0,0,0,0,0,0,0,0,0,0,0,0.0,0
1,mitra,image_anomaly_mitra,905,met_207647_primary_000__marker_zip_002__002.e9926d17..zip..jpg,data/raw/image_anomaly/anomalous/mitra/files/jpg/met_207647_primary_000/2e9ad151e84ca2666e6c/met_207647_primary_000__marker_zip_002__002.e9926d17..zip..jpg,487240,62,2,1,0,0,0.22580645161290322,image,0,0,0,1,0,1,1,0,0,0,6,7.954387067267742,4.9245163042581686,0.37413800180609147,0.015019292340530335,256,15,0,0,0,0,0,0,0,2,0,0,0,0.06745546342664806,0
1,mitra,image_anomaly_mitra,906,met_207647_primary_000__marker_pdf_001__001.4de70132..jpg..pdf,data/raw/image_anomaly/anomalous/mitra/files/jpg/met_207647_primary_000/64f62f6b0f611ff9d996/met_207647_primary_000__marker_pdf_001__001.4de70132..jpg..pdf,456253,62,2,1,0,0,0.22580645161290322,document,0,0,0,0,0,1,0,1,0,0,5,7.9479420944446435,5.250824256483538,0.3769356037110989,0.015557157980331087,256,15,0,0,0,0,0,0,0,0,0,0,0,0.0,0
1,mitra,image_anomaly_mitra,907,met_207647_primary_000__marker_zip_001__001.56a6f9c3..jpg..zip,data/raw/image_anomaly/anomalous/mitra/files/jpg/met_207647_primary_000/ba7319dc5e810dc07aba/met_207647_primary_000__marker_zip_001__001.56a6f9c3..jpg..zip,454758,62,2,1,0,0,0.22580645161290322,archive,0,0,0,1,0,1,0,1,0,0,6,7.9480797891495705,5.631243991941908,0.3741902286490837,0.0158018110731422,256,15,0,0,0,0,0,0,0,0,0,0,0,0.0,0
1,mitra,image_anomaly_mitra,908,met_207647_primary_000__marker_zip_001__002.1b082452..zip..jpg,data/raw/image_anomaly/anomalous/mitra/files/jpg/met_207647_primary_000/ba7319dc5e810dc07aba/met_207647_primary_000__marker_zip_001__002.1b082452..zip..jpg,454754,62,2,1,0,0,0.22580645161290322,image,0,0,0,1,0,1,1,0,0,0,6,7.9480781766901885,4.9245163042581686,0.37419132102191516,0.015801950065310037,256,15,0,0,0,0,0,0,0,2,0,0,0,0.004721233897887649,0
1,mitra,image_anomaly_mitra,909,met_207647_primary_000__marker_pdf_002__001.cf0cfb73..jpg..pdf,data/raw/image_anomaly/anomalous/mitra/files/jpg/met_207647_primary_000/d16f013d0659ecd10aaa/met_207647_primary_000__marker_pdf_002__001.cf0cfb73..jpg..pdf,458044,62,2,1,0,0,0.22580645161290322,document,0,0,0,0,0,1,0,1,0,0,5,7.9477947995584906,5.072845754531357,0.3792888892770127,0.015496327863698684,256,15,0,0,0,0,0,0,0,0,0,0,0,0.0,0
1,mitra,image_anomaly_mitra,910,met_209214_primary_000__marker_zip_001__001.8e2eff0b..jpg..zip,data/raw/image_anomaly/anomalous/mitra/files/jpg/met_209214_primary_000/2d5977d274574925349a/met_209214_primary_000__marker_zip_001__001.8e2eff0b..jpg..zip,362095,62,2,1,0,0,0.22580645161290322,archive,0,0,0,1,0,1,0,1,0,0,3,7.928853949226279,4.336430640813249,0.37439069857357876,0.017650064209668734,256,9,0,0,0,0,0,0,0,0,0,0,0,0.0,0
1,mitra,image_anomaly_mitra,911,met_209214_primary_000__marker_zip_001__002.6986cd95..zip..jpg,data/raw/image_anomaly/anomalous/mitra/files/jpg/met_209214_primary_000/2d5977d274574925349a/met_209214_primary_000__marker_zip_001__002.6986cd95..zip..jpg,362091,62,2,1,0,0,0.22580645161290322,image,0,0,0,1,0,1,1,0,0,0,3,7.928846498305726,3.0350604670583157,0.3743920727110036,0.017650259188988403,256,9,0,0,0,0,0,0,0,2,0,0,0,0.005929448674504475,0
1,mitra,image_anomaly_mitra,912,met_209214_primary_000__marker_pdf_002__001.b48f9370..jpg..pdf,data/raw/image_anomaly/anomalous/mitra/files/jpg/met_209214_primary_000/2eda22d444178d7b4e64/met_209214_primary_000__marker_pdf_002__001.b48f9370..jpg..pdf,365381,62,2,1,0,0,0.22580645161290322,document,0,0,0,0,0,1,0,1,0,0,2,7.9289041560959355,5.072845754531357,0.380780609829192,0.01725048647849779,256,9,0,0,0,0,0,0,0,0,0,0,0,0.0,0
1,mitra,image_anomaly_mitra,913,met_209214_primary_000__marker_zip_002__001.a85b80e9..jpg..zip,data/raw/image_anomaly/anomalous/mitra/files/jpg/met_209214_primary_000/34321abcabb2d9298960/met_209214_primary_000__marker_zip_002__001.a85b80e9..jpg..zip,394581,62,2,1,0,0,0.22580645161290322,archive,0,0,0,1,0,1,0,1,0,0,3,7.939312955828844,7.988340858219542,0.3743084436402158,0.016531459953723064,256,9,0,0,0,0,0,0,0,0,0,0,0,0.0,0
1,mitra,image_anomaly_mitra,914,met_209214_primary_000__marker_zip_002__002.aef39768..zip..jpg,data/raw/image_anomaly/anomalous/mitra/files/jpg/met_209214_primary_000/34321abcabb2d9298960/met_209214_primary_000__marker_zip_002__002.aef39768..zip..jpg,394577,62,2,1,0,0,0.22580645161290322,image,0,0,0,1,0,1,1,0,0,0,3,7.939307206902042,3.0350604670583157,0.3743097038093959,0.016531627540378683,256,9,0,0,0,0,0,0,0,2,0,0,0,0.08329679631605491,0
1,mitra,image_anomaly_mitra,915,met_209214_primary_000__marker_pdf_001__001.5ce424fb..jpg..pdf,data/raw/image_anomaly/anomalous/mitra/files/jpg/met_209214_primary_000/ef206b5c9fed66bb470d/met_209214_primary_000__marker_pdf_001__001.5ce424fb..jpg..pdf,363590,62,2,1,0,0,0.22580645161290322,document,0,0,0,0,0,1,0,1,0,0,2,7.928959893494566,5.250824256483538,0.377834923952804,0.017335460271184575,256,9,0,0,0,0,0,0,0,0,0,0,0,0.0,0
1,mitra,image_anomaly_mitra,916,met_212718_primary_000__marker_pdf_001__001.00d81fa3..jpg..pdf,data/raw/image_anomaly/anomalous/mitra/files/jpg/met_212718_primary_000/2e8bfcd5fd8585154dd2/met_212718_primary_000__marker_pdf_001__001.00d81fa3..jpg..pdf,3697243,62,2,1,0,0,0.22580645161290322,document,0,0,0,0,0,1,0,1,0,0,26,7.953427155952717,5.250824256483538,0.3573286905945863,0.016661874807795973,256,17,0,0,0,0,0,0,0,0,0,0,0,0.0,0
1,mitra,image_anomaly_mitra,917,met_212718_primary_000__marker_zip_002__001.12606f3b..jpg..zip,data/raw/image_anomaly/anomalous/mitra/files/jpg/met_212718_primary_000/95b47290e3dee46a568a/met_212718_primary_000__marker_zip_002__001.12606f3b..jpg..zip,3728234,62,2,1,0,0,0.22580645161290322,archive,0,0,0,1,0,1,0,1,0,0,27,7.9540863598507805,7.988340858219542,0.35712592074424515,0.01658238189984856,256,17,0,0,0,0,0,0,0,0,0,0,0,0.0,0
1,mitra,image_anomaly_mitra,918,met_212718_primary_000__marker_zip_002__002.27423e10..zip..jpg,data/raw/image_anomaly/anomalous/mitra/files/jpg/met_212718_primary_000/95b47290e3dee46a568a/met_212718_primary_000__marker_zip_002__002.27423e10..zip..jpg,3728230,62,2,1,0,0,0.22580645161290322,image,0,0,0,1,0,1,1,0,0,0,27,7.954086501153412,4.96327564066117,0.35712603567912926,0.016582399691006187,256,17,0,0,0,0,0,0,0,2,0,0,0,0.008815711477027973,0
1,mitra,image_anomaly_mitra,919,met_212718_primary_000__marker_pdf_002__001.f0706e74..jpg..pdf,data/raw/image_anomaly/anomalous/mitra/files/jpg/met_212718_primary_000/d7aa8f4cc38fdf26c620/met_212718_primary_000__marker_pdf_002__001.f0706e74..jpg..pdf,3699034,62,2,1,0,0,0.22580645161290322,document,0,0,0,0,0,1,0,1,0,0,26,7.953484594945082,5.072845754531357,0.3576295865352954,0.01665380745351354,256,17,0,0,0,0,0,0,0,0,0,0,0,0.0,0
1,mitra,image_anomaly_mitra,920,met_212718_primary_000__marker_zip_001__001.3c25491c..jpg..zip,data/raw/image_anomaly/anomalous/mitra/files/jpg/met_212718_primary_000/eab48894912aaa63fe54/met_212718_primary_000__marker_zip_001__001.3c25491c..jpg..zip,3695748,62,2,1,0,0,0.22580645161290322,archive,0,0,0,1,0,1,0,1,0,0,27,7.953330806611682,5.661897538907264,0.3569829436422613,0.01669242599874234,256,17,0,0,0,0,0,0,0,0,0,0,0,0.0,0
1,mitra,image_anomaly_mitra,921,met_212718_primary_000__marker_zip_001__002.1d62e7a7..zip..jpg,data/raw/image_anomaly/anomalous/mitra/files/jpg/met_212718_primary_000/eab48894912aaa63fe54/met_212718_primary_000__marker_zip_001__002.1d62e7a7..zip..jpg,3695744,62,2,1,0,0,0.22580645161290322,image,0,0,0,1,0,1,1,0,0,0,27,7.953331038342372,4.96327564066117,0.356983059432688,0.01669244406538981,256,17,0,0,0,0,0,0,0,2,0,0,0,0.0005809385065632252,0
1,mitra,image_anomaly_mitra,922,met_215496_primary_000__marker_zip_002__001.481d56af..jpg..zip,data/raw/image_anomaly/anomalous/mitra/files/jpg/met_215496_primary_000/48a6337014c81e48dcb5/met_215496_primary_000__marker_zip_002__001.481d56af..jpg..zip,500461,62,2,1,0,0,0.22580645161290322,archive,0,0,0,1,0,1,0,1,0,0,6,7.969661673248216,7.988340858219542,0.36570482015581635,0.00879988650464272,256,11,0,0,0,0,0,0,0,0,0,0,0,0.0,0
1,mitra,image_anomaly_mitra,923,met_215496_primary_000__marker_zip_002__002.5723652f..zip..jpg,data/raw/image_anomaly/anomalous/mitra/files/jpg/met_215496_primary_000/48a6337014c81e48dcb5/met_215496_primary_000__marker_zip_002__002.5723652f..zip..jpg,500457,62,2,1,0,0,0.22580645161290322,image,0,0,0,1,0,1,1,0,0,0,6,7.969660781343371,3.0819346400335745,0.3657057449491165,0.008799956839448744,256,11,0,0,0,0,0,0,0,2,0,0,0,0.06567397398777518,0
1,mitra,image_anomaly_mitra,924,met_215496_primary_000__marker_pdf_002__001.29b228fe..jpg..pdf,data/raw/image_anomaly/anomalous/mitra/files/jpg/met_215496_primary_000/7bed0ab5c5fafafe9bea/met_215496_primary_000__marker_pdf_002__001.29b228fe..jpg..pdf,471261,62,2,1,0,0,0.22580645161290322,document,0,0,0,0,0,1,0,1,0,0,5,7.965667597220838,5.072845754531357,0.370189767453704,0.008878307349854963,256,11,0,0,0,0,0,0,0,0,0,0,0,0.0,0
1,mitra,image_anomaly_mitra,925,met_215496_primary_000__marker_pdf_001__001.f9245fe0..jpg..pdf,data/raw/image_anomaly/anomalous/mitra/files/jpg/met_215496_primary_000/8932275ccf24e5af2346/met_215496_primary_000__marker_pdf_001__001.f9245fe0..jpg..pdf,469470,62,2,1,0,0,0.22580645161290322,document,0,0,0,0,0,1,0,1,0,0,5,7.965604383270281,5.250824256483538,0.36786802138581803,0.00891217756193154,256,11,0,0,0,0,0,0,0,0,0,0,0,0.0,0
1,mitra,image_anomaly_mitra,926,met_215496_primary_000__marker_zip_001__001.62d1e9c2..jpg..zip,data/raw/image_anomaly/anomalous/mitra/files/jpg/met_215496_primary_000/f28e7461943f1fc53b87/met_215496_primary_000__marker_zip_001__001.62d1e9c2..jpg..zip,467975,62,2,1,0,0,0.22580645161290322,archive,0,0,0,1,0,1,0,1,0,0,6,7.965387215687047,4.333169707008311,0.3651712164111331,0.00912869277204979,256,11,0,0,0,0,0,0,0,0,0,0,0,0.0,0
1,mitra,image_anomaly_mitra,927,met_215496_primary_000__marker_zip_001__002.34039634..zip..jpg,data/raw/image_anomaly/anomalous/mitra/files/jpg/met_215496_primary_000/f28e7461943f1fc53b87/met_215496_primary_000__marker_zip_001__002.34039634..zip..jpg,467971,62,2,1,0,0,0.22580645161290322,image,0,0,0,1,0,1,1,0,0,0,6,7.965386805850364,3.0819346400335745,0.36517220084150515,0.009128770799899993,256,11,0,0,0,0,0,0,0,2,0,0,0,0.004587891130005919,0
1,mitra,image_anomaly_mitra,928,met_215628_primary_000__marker_zip_001__001.79ec3619..jpg..zip,data/raw/image_anomaly/anomalous/mitra/files/jpg/met_215628_primary_000/140789e46243711c8f17/met_215628_primary_000__marker_zip_001__001.79ec3619..jpg..zip,2109841,62,2,1,0,0,0.22580645161290322,archive,0,0,0,1,0,1,0,1,0,0,40,7.9633922186831505,4.623524983494896,0.3610314710918974,0.011608457698945087,256,9,0,0,0,0,0,0,0,0,0,0,0,0.0,0
1,mitra,image_anomaly_mitra,929,met_215628_primary_000__marker_zip_001__002.5abc2d5e..zip..jpg,data/raw/image_anomaly/anomalous/mitra/files/jpg/met_215628_primary_000/140789e46243711c8f17/met_215628_primary_000__marker_zip_001__002.5abc2d5e..zip..jpg,2109837,62,2,1,0,0,0.22580645161290322,image,0,0,0,1,0,1,1,0,0,0,40,7.963391923503945,3.375448490983969,0.3610316815943601,0.01160847970720013,256,9,0,0,0,0,0,0,0,2,0,0,0,0.001017614156923023,0
1,mitra,image_anomaly_mitra,930,met_215628_primary_000__marker_pdf_001__001.d5621a76..jpg..pdf,data/raw/image_anomaly/anomalous/mitra/files/jpg/met_215628_primary_000/2bac45afbdf265e07d63/met_215628_primary_000__marker_pdf_001__001.d5621a76..jpg..pdf,2111336,62,2,1,0,0,0.22580645161290322,document,0,0,0,0,0,1,0,1,0,0,39,7.963514008577663,5.250824256483538,0.36163405540378224,0.01155855818306513,256,9,0,0,0,0,0,0,0,0,0,0,0,0.0,0
1,mitra,image_anomaly_mitra,931,met_215628_primary_000__marker_zip_002__001.45eeed24..jpg..zip,data/raw/image_anomaly/anomalous/mitra/files/jpg/met_215628_primary_000/51054845522e7ed0eb1f/met_215628_primary_000__marker_zip_002__001.45eeed24..jpg..zip,2142327,62,2,1,0,0,0.22580645161290322,archive,0,0,0,1,0,1,0,1,0,0,40,7.964462606880233,7.988340858219542,0.36121889888891845,0.011494043626393169,256,9,0,0,0,0,0,0,0,0,0,0,0,0.0,0
1,mitra,image_anomaly_mitra,932,met_215628_primary_000__marker_zip_002__002.d7beddd6..zip..jpg,data/raw/image_anomaly/anomalous/mitra/files/jpg/met_215628_primary_000/51054845522e7ed0eb1f/met_215628_primary_000__marker_zip_002__002.d7beddd6..zip..jpg,2142323,62,2,1,0,0,0.22580645161290322,image,0,0,0,1,0,1,1,0,0,0,40,7.964462223241705,3.375448490983969,0.3612191065492925,0.01149406508729076,256,9,0,0,0,0,0,0,0,2,0,0,0,0.015341757522091673,0
1,mitra,image_anomaly_mitra,933,met_215628_primary_000__marker_pdf_002__001.075da5c5..jpg..pdf,data/raw/image_anomaly/anomalous/mitra/files/jpg/met_215628_primary_000/9adbc835b3fc6258ad8e/met_215628_primary_000__marker_pdf_002__001.075da5c5..jpg..pdf,2113127,62,2,1,0,0,0.22580645161290322,document,0,0,0,0,0,1,0,1,0,0,39,7.9635817858559355,5.072845754531357,0.3621571254354329,0.011548761621994324,256,9,0,0,0,0,0,0,0,0,0,0,0,0.0,0
1,mitra,image_anomaly_mitra,934,met_22020_primary_000__marker_zip_002__001.6506aad8..jpg..zip,data/raw/image_anomaly/anomalous/mitra/files/jpg/met_22020_primary_000/3c09b7475ccaff535071/met_22020_primary_000__marker_zip_002__001.6506aad8..jpg..zip,1582702,61,2,1,0,0,0.22950819672131148,archive,0,0,0,1,0,1,0,1,0,0,38,7.915458736105221,7.988340858219542,0.35625910626258134,0.009613306863831599,256,15,0,0,0,0,0,0,0,0,0,0,0,0.0,0
1,mitra,image_anomaly_mitra,935,met_22020_primary_000__marker_zip_002__002.2c74fdb6..zip..jpg,data/raw/image_anomaly/anomalous/mitra/files/jpg/met_22020_primary_000/3c09b7475ccaff535071/met_22020_primary_000__marker_zip_002__002.2c74fdb6..zip..jpg,1582698,61,2,1,0,0,0.22950819672131148,image,0,0,0,1,0,1,1,0,0,0,38,7.915458299695664,5.035988200309349,0.35625937481439923,0.009613331159829607,256,15,0,0,0,0,0,0,0,2,0,0,0,0.020766438069675958,0
1,mitra,image_anomaly_mitra,936,met_22020_primary_000__marker_pdf_001__001.81dd4f4c..jpg..pdf,data/raw/image_anomaly/anomalous/mitra/files/jpg/met_22020_primary_000/4c4fe56350516a776a75/met_22020_primary_000__marker_pdf_001__001.81dd4f4c..jpg..pdf,1551711,61,2,1,0,0,0.22950819672131148,document,0,0,0,0,0,1,0,1,0,0,37,7.91218049304166,5.250824256483538,0.3567249313821968,0.009663526262300132,256,15,0,0,0,0,0,0,0,0,0,0,0,0.0,0
1,mitra,image_anomaly_mitra,937,met_22020_primary_000__marker_pdf_002__001.8b567f7a..jpg..pdf,data/raw/image_anomaly/anomalous/mitra/files/jpg/met_22020_primary_000/79f5dbc4ddde4f30c155/met_22020_primary_000__marker_pdf_002__001.8b567f7a..jpg..pdf,1553502,61,2,1,0,0,0.22950819672131148,document,0,0,0,0,0,1,0,1,0,0,37,7.912438065877823,5.072845754531357,0.3574420889062261,0.009652385384762941,256,15,0,0,0,0,0,0,0,0,0,0,0,0.0,0
1,mitra,image_anomaly_mitra,938,met_22020_primary_000__marker_zip_001__001.a0fdf342..jpg..zip,data/raw/image_anomaly/anomalous/mitra/files/jpg/met_22020_primary_000/84782e859a5009329fdb/met_22020_primary_000__marker_zip_001__001.a0fdf342..jpg..zip,1550216,61,2,1,0,0,0.22950819672131148,archive,0,0,0,1,0,1,0,1,0,0,38,7.911831938594032,5.41257644505666,0.3559000810209674,0.009729611873442153,256,15,0,0,0,0,0,0,0,0,0,0,0,0.0,0
1,mitra,image_anomaly_mitra,939,met_22020_primary_000__marker_zip_001__002.1dee16fa..zip..jpg,data/raw/image_anomaly/anomalous/mitra/files/jpg/met_22020_primary_000/84782e859a5009329fdb/met_22020_primary_000__marker_zip_001__002.1dee16fa..zip..jpg,1550212,61,2,1,0,0,0.22950819672131148,image,0,0,0,1,0,1,1,0,0,0,38,7.911831363283074,5.035988200309349,0.3559003542741251,0.009729636978684206,256,15,0,0,0,0,0,0,0,2,0,0,0,0.0013849718619130802,0
1,mitra,image_anomaly_mitra,940,met_223480_primary_000__marker_pdf_001__001.aa5ed421..jpg..pdf,data/raw/image_anomaly/anomalous/mitra/files/jpg/met_223480_primary_000/6152b600bfd6ecd4cd7f/met_223480_primary_000__marker_pdf_001__001.aa5ed421..jpg..pdf,2889821,62,2,1,0,0,0.22580645161290322,document,0,0,0,0,0,1,0,1,0,0,32,7.959617123004996,5.250824256483538,0.3572816447800746,0.011309350994404152,256,9,0,0,1,0,0,0,1,0,0,0,0,0.0,0
1,mitra,image_anomaly_mitra,941,met_223480_primary_000__marker_zip_001__001.d2f0aa7d..jpg..zip,data/raw/image_anomaly/anomalous/mitra/files/jpg/met_223480_primary_000/6c90798b832faf874806/met_223480_primary_000__marker_zip_001__001.d2f0aa7d..jpg..zip,2888326,62,2,1,0,0,0.22580645161290322,archive,0,0,0,1,0,1,0,1,0,0,33,7.959508447069554,4.6322454830397355,0.3568392210574568,0.011345672199052323,256,9,0,0,1,0,0,0,1,0,0,0,0,0.0,0
1,mitra,image_anomaly_mitra,942,met_223480_primary_000__marker_zip_001__002.fb3372b8..zip..jpg,data/raw/image_anomaly/anomalous/mitra/files/jpg/met_223480_primary_000/6c90798b832faf874806/met_223480_primary_000__marker_zip_001__002.fb3372b8..zip..jpg,2888322,62,2,1,0,0,0.22580645161290322,image,0,0,0,1,0,1,1,0,0,0,33,7.959508324749723,3.3862958636229292,0.35683936901772034,0.01134568791152787,256,9,0,0,1,0,0,0,1,2,0,0,0,0.000743338173513895,0
1,mitra,image_anomaly_mitra,943,met_223480_primary_000__marker_pdf_002__001.773339af..jpg..pdf,data/raw/image_anomaly/anomalous/mitra/files/jpg/met_223480_primary_000/774c67d7d899ce9dcecc/met_223480_primary_000__marker_pdf_002__001.773339af..jpg..pdf,2891612,62,2,1,0,0,0.22580645161290322,document,0,0,0,0,0,1,0,1,0,0,32,7.959687803303639,5.072845754531357,0.3576665887401214,0.011302346234557057,256,9,0,0,1,0,0,0,1,0,0,0,0,0.0,0
1,mitra,image_anomaly_mitra,944,met_223480_primary_000__marker_zip_002__001.6a6fa86b..jpg..zip,data/raw/image_anomaly/anomalous/mitra/files/jpg/met_223480_primary_000/898f3d4cb1a5977f873a/met_223480_primary_000__marker_zip_002__001.6a6fa86b..jpg..zip,2920812,62,2,1,0,0,0.22580645161290322,archive,0,0,0,1,0,1,0,1,0,0,33,7.960388452689209,7.988340858219542,0.3570233209121299,0.01126467571346598,256,9,0,0,1,0,0,0,1,0,0,0,0,0.0,0
1,mitra,image_anomaly_mitra,945,met_223480_primary_000__marker_zip_002__002.2b3a5523..zip..jpg,data/raw/image_anomaly/anomalous/mitra/files/jpg/met_223480_primary_000/898f3d4cb1a5977f873a/met_223480_primary_000__marker_zip_002__002.2b3a5523..zip..jpg,2920808,62,2,1,0,0,0.22580645161290322,image,0,0,0,1,0,1,1,0,0,0,33,7.960388225386812,3.3862958636229292,0.357023467478862,0.011264691140259818,256,9,0,0,1,0,0,0,1,2,0,0,0,0.011252708154729786,0
1,mitra,image_anomaly_mitra,946,met_227373_primary_000__marker_zip_001__001.4af9792c..jpg..zip,data/raw/image_anomaly/anomalous/mitra/files/jpg/met_227373_primary_000/456dfa4b09c629cf2f21/met_227373_primary_000__marker_zip_001__001.4af9792c..jpg..zip,122472,62,2,1,0,0,0.22580645161290322,archive,0,0,0,1,0,1,0,1,0,0,3,7.8987036170462455,3.471325442065246,0.3936165000979816,0.014305310601606898,256,6,0,1,0,0,0,1,1,0,0,0,0,0.0,0
1,mitra,image_anomaly_mitra,947,met_227373_primary_000__marker_zip_001__002.5962b78e..zip..jpg,data/raw/image_anomaly/anomalous/mitra/files/jpg/met_227373_primary_000/456dfa4b09c629cf2f21/met_227373_primary_000__marker_zip_001__002.5962b78e..zip..jpg,122468,62,2,1,0,0,0.22580645161290322,image,0,0,0,1,0,1,1,0,0,0,3,7.898686153535479,3.4629751152735966,0.3936211908416893,0.014305777835842833,256,6,0,1,0,0,0,1,1,2,0,0,0,0.017531110167553973,0
1,mitra,image_anomaly_mitra,948,met_227373_primary_000__marker_zip_002__001.eef0de0a..jpg..zip,data/raw/image_anomaly/anomalous/mitra/files/jpg/met_227373_primary_000/7764247c3c8980218a4e/met_227373_primary_000__marker_zip_002__001.eef0de0a..jpg..zip,154958,62,2,1,0,0,0.22580645161290322,archive,0,0,0,1,0,1,0,1,0,0,3,7.933176306528323,7.988340858219542,0.38937647620645593,0.01215813317156907,256,6,0,1,0,0,0,1,1,0,0,0,0,0.0,0
1,mitra,image_anomaly_mitra,949,met_227373_primary_000__marker_zip_002__002.92042747..zip..jpg,data/raw/image_anomaly/anomalous/mitra/files/jpg/met_227373_primary_000/7764247c3c8980218a4e/met_227373_primary_000__marker_zip_002__002.92042747..zip..jpg,154954,62,2,1,0,0,0.22580645161290322,image,0,0,0,1,0,1,1,0,0,0,3,7.933171078336152,3.4629751152735966,0.3893800740865031,0.012158447022987467,256,6,0,1,0,0,0,1,1,2,0,0,0,0.21210810950346554,0
1,mitra,image_anomaly_mitra,950,met_227373_primary_000__marker_pdf_001__001.8b961f0e..jpg..pdf,data/raw/image_anomaly/anomalous/mitra/files/jpg/met_227373_primary_000/ae7e81dbb1a567bedd95/met_227373_primary_000__marker_pdf_001__001.8b961f0e..jpg..pdf,123967,62,2,1,0,0,0.22580645161290322,document,0,0,0,0,0,1,0,1,0,0,2,7.896259825454413,5.250824256483538,0.4034864117063412,0.013422927069300702,256,6,0,1,0,0,0,1,1,0,0,0,0,0.0,0
1,mitra,image_anomaly_mitra,951,met_227373_primary_000__marker_pdf_002__001.dd6c34aa..jpg..pdf,data/raw/image_anomaly/anomalous/mitra/files/jpg/met_227373_primary_000/bce97138e8a28dadd0b0/met_227373_primary_000__marker_pdf_002__001.dd6c34aa..jpg..pdf,125758,62,2,1,0,0,0.22580645161290322,document,0,0,0,0,0,1,0,1,0,0,2,7.894163139742801,5.072845754531357,0.4116795750568552,0.01323176259164427,256,6,0,1,0,0,0,1,1,0,0,0,0,0.0,0
1,mitra,image_anomaly_mitra,952,met_227964_primary_000__marker_pdf_001__001.61d17fed..jpg..pdf,data/raw/image_anomaly/anomalous/mitra/files/jpg/met_227964_primary_000/18e0683c27fc10b24f04/met_227964_primary_000__marker_pdf_001__001.61d17fed..jpg..pdf,157613,62,2,1,0,0,0.22580645161290322,document,0,0,0,0,0,1,0,1,0,0,4,7.889787630008713,5.250824256483538,0.3940030327447609,0.01563957287787175,256,6,0,1,0,0,0,1,1,0,0,0,0,0.0,0
1,mitra,image_anomaly_mitra,953,met_227964_primary_000__marker_pdf_002__001.195c1137..jpg..pdf,data/raw/image_anomaly/anomalous/mitra/files/jpg/met_227964_primary_000/37353744344d0e5d7d6f/met_227964_primary_000__marker_pdf_002__001.195c1137..jpg..pdf,159404,62,2,1,0,0,0.22580645161290322,document,0,0,0,0,0,1,0,1,0,0,4,7.888838514250931,5.072845754531357,0.4005733858623372,0.015463852851873228,256,6,0,1,0,0,0,1,1,0,0,0,0,0.0,0
1,mitra,image_anomaly_mitra,954,met_227964_primary_000__marker_zip_002__001.4c3fe8f1..jpg..zip,data/raw/image_anomaly/anomalous/mitra/files/jpg/met_227964_primary_000/6b65c745fc109740d3ac/met_227964_primary_000__marker_zip_002__001.4c3fe8f1..jpg..zip,188604,62,2,1,0,0,0.22580645161290322,archive,0,0,0,1,0,1,0,1,0,0,5,7.922509676420009,7.988340858219542,0.3839685266484274,0.014236177387542152,256,6,0,1,0,0,0,1,1,0,0,0,0,0.0,0
1,mitra,image_anomaly_mitra,955,met_227964_primary_000__marker_zip_002__002.fc7f51fc..zip..jpg,data/raw/image_anomaly/anomalous/mitra/files/jpg/met_227964_primary_000/6b65c745fc109740d3ac/met_227964_primary_000__marker_zip_002__002.fc7f51fc..zip..jpg,188600,62,2,1,0,0,0.22580645161290322,image,0,0,0,1,0,1,1,0,0,0,5,7.922503412630307,3.5235857555341856,0.38397136797454934,0.014236479321314952,256,6,0,1,0,0,0,1,1,2,0,0,0,0.17426829268292682,0
1,mitra,image_anomaly_mitra,956,met_227964_primary_000__marker_zip_001__001.dd9ebde5..jpg..zip,data/raw/image_anomaly/anomalous/mitra/files/jpg/met_227964_primary_000/e2fd6c6f3a16066a3e89/met_227964_primary_000__marker_zip_001__001.dd9ebde5..jpg..zip,156118,62,2,1,0,0,0.22580645161290322,archive,0,0,0,1,0,1,0,1,0,0,5,7.890911616267096,3.5203314876687326,0.38616943593948166,0.01635301502709489,256,6,0,1,0,0,0,1,1,0,0,0,0,0.0,0
1,mitra,image_anomaly_mitra,957,met_227964_primary_000__marker_zip_001__002.39643031..zip..jpg,data/raw/image_anomaly/anomalous/mitra/files/jpg/met_227964_primary_000/e2fd6c6f3a16066a3e89/met_227964_primary_000__marker_zip_001__002.39643031..zip..jpg,156114,62,2,1,0,0,0.22580645161290322,image,0,0,0,1,0,1,1,0,0,0,5,7.8908954929281645,3.5235857555341856,0.38617292491384503,0.016353434028978823,256,6,0,1,0,0,0,1,1,2,0,0,0,0.013752770411366053,0
1,mitra,image_anomaly_mitra,958,met_229414_primary_000__marker_zip_001__001.4111ba0c..jpg..zip,data/raw/image_anomaly/anomalous/mitra/files/jpg/met_229414_primary_000/056cd13712cdf67cf816/met_229414_primary_000__marker_zip_001__001.4111ba0c..jpg..zip,325264,62,2,1,0,0,0.22580645161290322,archive,0,0,0,1,0,1,0,1,0,0,5,7.947849656523233,5.656906093119562,0.3919739042746815,0.014781838752521028,256,17,0,0,0,0,0,0,0,0,0,0,0,0.0,0
1,mitra,image_anomaly_mitra,959,met_229414_primary_000__marker_zip_001__002.33f98423..zip..jpg,data/raw/image_anomaly/anomalous/mitra/files/jpg/met_229414_primary_000/056cd13712cdf67cf816/met_229414_primary_000__marker_zip_001__002.33f98423..zip..jpg,325260,62,2,1,0,0,0.22580645161290322,image,0,0,0,1,0,1,1,0,0,0,5,7.947846157575015,4.970254972538387,0.3919756502490315,0.01478202053741622,256,17,0,0,0,0,0,0,0,2,0,0,0,0.006600873147635738,0
1,mitra,image_anomaly_mitra,960,met_229414_primary_000__marker_pdf_001__001.8edb13ff..jpg..pdf,data/raw/image_anomaly/anomalous/mitra/files/jpg/met_229414_primary_000/92ee605d2b5ea64e6df2/met_229414_primary_000__marker_pdf_001__001.8edb13ff..jpg..pdf,326759,62,2,1,0,0,0.22580645161290322,document,0,0,0,0,0,1,0,1,0,0,4,7.946690550974958,5.250824256483538,0.39572590196444474,0.014444896697566096,256,17,0,0,0,0,0,0,0,0,0,0,0,0.0,0
1,mitra,image_anomaly_mitra,961,met_229414_primary_000__marker_zip_002__001.a363112d..jpg..zip,data/raw/image_anomaly/anomalous/mitra/files/jpg/met_229414_primary_000/e4e2d4acaaa1831393ca/met_229414_primary_000__marker_zip_002__001.a363112d..jpg..zip,357750,62,2,1,0,0,0.22580645161290322,archive,0,0,0,1,0,1,0,1,0,0,5,7.956264903546989,7.988340858219542,0.39028651292802236,0.013808525506638714,256,17,0,0,0,0,0,0,0,0,0,0,0,0.0,0
1,mitra,image_anomaly_mitra,962,met_229414_primary_000__marker_zip_002__002.3bd511d5..zip..jpg,data/raw/image_anomaly/anomalous/mitra/files/jpg/met_229414_primary_000/e4e2d4acaaa1831393ca/met_229414_primary_000__marker_zip_002__002.3bd511d5..zip..jpg,357746,62,2,1,0,0,0.22580645161290322,image,0,0,0,1,0,1,1,0,0,0,5,7.956262727270461,4.970254972538387,0.3902880814879831,0.013808679901382546,256,17,0,0,0,0,0,0,0,2,0,0,0,0.09187244581351015,0
1,mitra,image_anomaly_mitra,963,met_229414_primary_000__marker_pdf_002__001.a0dbd19b..jpg..pdf,data/raw/image_anomaly/anomalous/mitra/files/jpg/met_229414_primary_000/ea6966c61d2d021688b9/met_229414_primary_000__marker_pdf_002__001.a0dbd19b..jpg..pdf,328550,62,2,1,0,0,0.22580645161290322,document,0,0,0,0,0,1,0,1,0,0,4,7.945813608487404,5.072845754531357,0.39890427636584996,0.01436615431441181,256,17,0,0,0,0,0,0,0,0,0,0,0,0.0,0
1,mitra,image_anomaly_mitra,964,met_236995_primary_000__marker_pdf_001__001.68cd5863..jpg..pdf,data/raw/image_anomaly/anomalous/mitra/files/jpg/met_236995_primary_000/709f6e4ad056fcef2b28/met_236995_primary_000__marker_pdf_001__001.68cd5863..jpg..pdf,1924835,62,2,1,0,0,0.22580645161290322,document,0,0,0,0,0,1,0,1,0,0,61,7.963375593625,5.250824256483538,0.3825855203173259,0.00994838518626272,256,23,0,0,0,0,0,0,0,0,0,0,0,0.0,0
1,mitra,image_anomaly_mitra,965,met_236995_primary_000__marker_zip_001__001.09cb4929..jpg..zip,data/raw/image_anomaly/anomalous/mitra/files/jpg/met_236995_primary_000/c84ea89737f643be93bf/met_236995_primary_000__marker_zip_001__001.09cb4929..jpg..zip,1923340,62,2,1,0,0,0.22580645161290322,archive,0,0,0,1,0,1,0,1,0,0,62,7.9633190316284415,5.240529699372647,0.38194079049985963,0.010001871743945429,256,23,0,0,0,0,0,0,0,0,0,0,0,0.0,0
1,mitra,image_anomaly_mitra,966,met_236995_primary_000__marker_zip_001__002.f0da8bf7..zip..jpg,data/raw/image_anomaly/anomalous/mitra/files/jpg/met_236995_primary_000/c84ea89737f643be93bf/met_236995_primary_000__marker_zip_001__002.f0da8bf7..zip..jpg,1923336,62,2,1,0,0,0.22580645161290322,image,0,0,0,1,0,1,1,0,0,0,62,7.963318560220652,4.748002824607996,0.3819410648997367,0.010001892545036332,256,23,0,0,0,0,0,0,0,2,0,0,0,0.0011162896134632742,0
1,mitra,image_anomaly_mitra,967,met_236995_primary_000__marker_pdf_002__001.de7cda7e..jpg..pdf,data/raw/image_anomaly/anomalous/mitra/files/jpg/met_236995_primary_000/fd0dbd5792480f39eaad/met_236995_primary_000__marker_pdf_002__001.de7cda7e..jpg..pdf,1926626,62,2,1,0,0,0.22580645161290322,document,0,0,0,0,0,1,0,1,0,0,61,7.963373282030833,5.072845754531357,0.3831397479323958,0.009939137123655552,256,23,0,0,0,0,0,0,0,0,0,0,0,0.0,0
1,mitra,image_anomaly_mitra,968,met_236995_primary_000__marker_zip_002__001.81b2c159..jpg..zip,data/raw/image_anomaly/anomalous/mitra/files/jpg/met_236995_primary_000/ff3befea0d98cb48424b/met_236995_primary_000__marker_zip_002__001.81b2c159..jpg..zip,1955826,62,2,1,0,0,0.22580645161290322,archive,0,0,0,1,0,1,0,1,0,0,62,7.964483707936662,7.988340858219542,0.3817987898719007,0.009903232700659466,256,23,0,0,0,0,0,0,0,0,0,0,0,0.0,0
1,mitra,image_anomaly_mitra,969,met_236995_primary_000__marker_zip_002__002.529db956..zip..jpg,data/raw/image_anomaly/anomalous/mitra/files/jpg/met_236995_primary_000/ff3befea0d98cb48424b/met_236995_primary_000__marker_zip_002__002.529db956..zip..jpg,1955822,62,2,1,0,0,0.22580645161290322,image,0,0,0,1,0,1,1,0,0,0,62,7.964483518031418,4.748002824607996,0.3817990594236081,0.00990325295451222,256,23,0,0,0,0,0,0,0,2,0,0,0,0.016804698996125415,0
1,mitra,image_anomaly_mitra,970,met_239662_primary_000__marker_zip_001__001.cff3f324..jpg..zip,data/raw/image_anomaly/anomalous/mitra/files/jpg/met_239662_primary_000/0ad5767dd454061b204f/met_239662_primary_000__marker_zip_001__001.cff3f324..jpg..zip,1793225,62,2,1,0,0,0.22580645161290322,archive,0,0,0,1,0,1,0,1,0,0,15,7.901498065971384,5.659660542693631,0.36836202930474427,0.016024202205523568,256,18,0,0,0,0,0,0,0,0,0,0,0,0.0,0
1,mitra,image_anomaly_mitra,971,met_239662_primary_000__marker_zip_001__002.5c3fb458..zip..jpg,data/raw/image_anomaly/anomalous/mitra/files/jpg/met_239662_primary_000/0ad5767dd454061b204f/met_239662_primary_000__marker_zip_001__002.5c3fb458..zip..jpg,1793221,62,2,1,0,0,0.22580645161290322,image,0,0,0,1,0,1,1,0,0,0,15,7.901497017207618,4.9624445177979695,0.3683622933258087,0.016024237949477504,256,18,0,0,0,0,0,0,0,2,0,0,0,0.001197286893249633,0
1,mitra,image_anomaly_mitra,972,met_239662_primary_000__marker_pdf_002__001.2b3b3e29..jpg..pdf,data/raw/image_anomaly/anomalous/mitra/files/jpg/met_239662_primary_000/44a073d3f0ba601ab359/met_239662_primary_000__marker_pdf_002__001.2b3b3e29..jpg..pdf,1796511,62,2,1,0,0,0.22580645161290322,document,0,0,0,0,0,1,0,1,0,0,14,7.901855120801531,5.072845754531357,0.3696726599503148,0.015945908485948596,256,18,0,0,0,0,0,0,0,0,0,0,0,0.0,0
1,mitra,image_anomaly_mitra,973,met_239662_primary_000__marker_pdf_001__001.f7476365..jpg..pdf,data/raw/image_anomaly/anomalous/mitra/files/jpg/met_239662_primary_000/a36012956d04745f0f80/met_239662_primary_000__marker_pdf_001__001.f7476365..jpg..pdf,1794720,62,2,1,0,0,0.22580645161290322,document,0,0,0,0,0,1,0,1,0,0,14,7.901697158342028,5.250824256483538,0.3690648123384149,0.015961821342604973,256,18,0,0,0,0,0,0,0,0,0,0,0,0.0,0
1,mitra,image_anomaly_mitra,974,met_239662_primary_000__marker_zip_002__001.3d6ffa9b..jpg..zip,data/raw/image_anomaly/anomalous/mitra/files/jpg/met_239662_primary_000/dfe116dc752b9bc7ded7/met_239662_primary_000__marker_zip_002__001.3d6ffa9b..jpg..zip,1825711,62,2,1,0,0,0.22580645161290322,archive,0,0,0,1,0,1,0,1,0,0,15,7.904887318052178,7.988340858219542,0.3684515238172964,0.015811374308420115,256,18,0,0,0,0,0,0,0,0,0,0,0,0.0,0
1,mitra,image_anomaly_mitra,975,met_239662_primary_000__marker_zip_002__002.5b413db8..zip..jpg,data/raw/image_anomaly/anomalous/mitra/files/jpg/met_239662_primary_000/dfe116dc752b9bc7ded7/met_239662_primary_000__marker_zip_002__002.5b413db8..zip..jpg,1825707,62,2,1,0,0,0.22580645161290322,image,0,0,0,1,0,1,1,0,0,0,15,7.904886662316107,4.9624445177979695,0.36845178333653755,0.015811408950067014,256,18,0,0,0,0,0,0,0,2,0,0,0,0.018002341010907006,0
1,mitra,image_anomaly_mitra,976,met_239826_primary_000__marker_pdf_001__001.c6aa0332..jpg..pdf,data/raw/image_anomaly/anomalous/mitra/files/jpg/met_239826_primary_000/01da78c8115a807c5615/met_239826_primary_000__marker_pdf_001__001.c6aa0332..jpg..pdf,1393020,62,2,1,0,0,0.22580645161290322,document,0,0,0,0,0,1,0,1,0,0,12,7.8369886081453854,5.250824256483538,0.3660076667958823,0.023169085870985342,256,13,0,0,0,0,0,0,0,0,0,0,0,0.0,0
1,mitra,image_anomaly_mitra,977,met_239826_primary_000__marker_zip_002__001.dd67ce3a..jpg..zip,data/raw/image_anomaly/anomalous/mitra/files/jpg/met_239826_primary_000/33bc3a25c6502aff6efc/met_239826_primary_000__marker_zip_002__001.dd67ce3a..jpg..zip,1424011,62,2,1,0,0,0.22580645161290322,archive,0,0,0,1,0,1,0,1,0,0,13,7.843730272252124,7.988340858219542,0.36528790859059374,0.022819346198870653,256,13,0,0,0,0,0,0,0,0,0,0,0,0.0,0
1,mitra,image_anomaly_mitra,978,met_239826_primary_000__marker_zip_002__002.47c2ba9b..zip..jpg,data/raw/image_anomaly/anomalous/mitra/files/jpg/met_239826_primary_000/33bc3a25c6502aff6efc/met_239826_primary_000__marker_zip_002__002.47c2ba9b..zip..jpg,1424007,62,2,1,0,0,0.22580645161290322,image,0,0,0,1,0,1,1,0,0,0,13,7.84372922867828,4.9199564277073655,0.3652882324314417,0.022819410297842638,256,13,0,0,0,0,0,0,0,2,0,0,0,0.02308064496873962,0
1,mitra,image_anomaly_mitra,979,met_239826_primary_000__marker_pdf_002__001.c166669d..jpg..pdf,data/raw/image_anomaly/anomalous/mitra/files/jpg/met_239826_primary_000/6281e2177bcd669794dc/met_239826_primary_000__marker_pdf_002__001.c166669d..jpg..pdf,1394811,62,2,1,0,0,0.22580645161290322,document,0,0,0,0,0,1,0,1,0,0,12,7.8373417140294475,5.072845754531357,0.3667944976057688,0.023139335723621337,256,13,0,0,0,0,0,0,0,0,0,0,0,0.0,0
1,mitra,image_anomaly_mitra,980,met_239826_primary_000__marker_zip_001__001.7a3f0b2c..jpg..zip,data/raw/image_anomaly/anomalous/mitra/files/jpg/met_239826_primary_000/e9e48f9977af6a662bd1/met_239826_primary_000__marker_zip_001__001.7a3f0b2c..jpg..zip,1391525,62,2,1,0,0,0.22580645161290322,archive,0,0,0,1,0,1,0,1,0,0,13,7.836593651193576,5.627028288441899,0.3650987226244588,0.023257217800614433,256,13,0,0,0,0,0,0,0,0,0,0,0,0.0,0
1,mitra,image_anomaly_mitra,981,met_239826_primary_000__marker_zip_001__002.eee332c3..zip..jpg,data/raw/image_anomaly/anomalous/mitra/files/jpg/met_239826_primary_000/e9e48f9977af6a662bd1/met_239826_primary_000__marker_zip_001__002.eee332c3..zip..jpg,1391521,62,2,1,0,0,0.22580645161290322,image,0,0,0,1,0,1,1,0,0,0,13,7.836592182856385,4.9199564277073655,0.36509905348176563,0.023257284654705175,256,13,0,0,0,0,0,0,0,2,0,0,0,0.00154291598905083,0
1,mitra,image_anomaly_mitra,982,met_239961_primary_000__marker_zip_001__001.bf354f80..jpg..zip,data/raw/image_anomaly/anomalous/mitra/files/jpg/met_239961_primary_000/37e8733ef2759b322b3d/met_239961_primary_000__marker_zip_001__001.bf354f80..jpg..zip,1698071,62,2,1,0,0,0.22580645161290322,archive,0,0,0,1,0,1,0,1,0,0,35,7.971090372436849,6.136680222478485,0.3723183541795367,0.011069619585989043,256,13,0,0,0,0,0,0,0,0,0,0,0,0.0,0
1,mitra,image_anomaly_mitra,983,met_239961_primary_000__marker_zip_001__002.4e616c7a..zip..jpg,data/raw/image_anomaly/anomalous/mitra/files/jpg/met_239961_primary_000/37e8733ef2759b322b3d/met_239961_primary_000__marker_zip_001__002.4e616c7a..zip..jpg,1698067,62,2,1,0,0,0.22580645161290322,image,0,0,0,1,0,1,1,0,0,0,35,7.971090525503701,6.316235584879275,0.3723186423150559,0.011069645661802508,256,13,0,0,0,0,0,0,0,2,0,0,0,0.0012643788495978073,0
1,mitra,image_anomaly_mitra,984,met_239961_primary_000__marker_zip_002__001.f1598fb1..jpg..zip,data/raw/image_anomaly/anomalous/mitra/files/jpg/met_239961_primary_000/4e7b3c568d74dfb3d26e/met_239961_primary_000__marker_zip_002__001.f1598fb1..jpg..zip,1730557,62,2,1,0,0,0.22580645161290322,archive,0,0,0,1,0,1,0,1,0,0,35,7.972132441708584,7.988340858219542,0.37233850141890734,0.010938096809293193,256,13,0,0,0,0,0,0,0,0,0,0,0,0.0,0
1,mitra,image_anomaly_mitra,985,met_239961_primary_000__marker_zip_002__002.8baa09bd..zip..jpg,data/raw/image_anomaly/anomalous/mitra/files/jpg/met_239961_primary_000/4e7b3c568d74dfb3d26e/met_239961_primary_000__marker_zip_002__002.8baa09bd..zip..jpg,1730553,62,2,1,0,0,0.22580645161290322,image,0,0,0,1,0,1,1,0,0,0,35,7.9721323244099,6.316235584879275,0.3723387841921051,0.010938122091608868,256,13,0,0,0,0,0,0,0,2,0,0,0,0.018992194980448445,0
1,mitra,image_anomaly_mitra,986,met_239961_primary_000__marker_pdf_001__001.f5e555d7..jpg..pdf,data/raw/image_anomaly/anomalous/mitra/files/jpg/met_239961_primary_000/e64fd7ca53eed0fb34a6/met_239961_primary_000__marker_pdf_001__001.f5e555d7..jpg..pdf,1699566,62,2,1,0,0,0.22580645161290322,document,0,0,0,0,0,1,0,1,0,0,34,7.971080933161566,5.250824256483538,0.37305700396454156,0.011008104421952427,256,13,0,0,0,0,0,0,0,0,0,0,0,0.0,0
1,mitra,image_anomaly_mitra,987,met_239961_primary_000__marker_pdf_002__001.f0f636db..jpg..pdf,data/raw/image_anomaly/anomalous/mitra/files/jpg/met_239961_primary_000/fd7f19ae165bfe6a7fc9/met_239961_primary_000__marker_pdf_002__001.f0f636db..jpg..pdf,1701357,62,2,1,0,0,0.22580645161290322,document,0,0,0,0,0,1,0,1,0,0,34,7.971051287563557,5.072845754531357,0.37369464492167137,0.010996516310215905,256,13,0,0,0,0,0,0,0,0,0,0,0,0.0,0
1,mitra,image_anomaly_mitra,988,met_241703_primary_000__marker_pdf_002__001.539b793e..jpg..pdf,data/raw/image_anomaly/anomalous/mitra/files/jpg/met_241703_primary_000/1803ff4e54192a2b3aef/met_241703_primary_000__marker_pdf_002__001.539b793e..jpg..pdf,1470914,62,2,1,0,0,0.22580645161290322,document,0,0,0,0,0,1,0,1,0,0,17,7.936033452733567,5.072845754531357,0.3724806480868358,0.008441689996831902,256,14,0,0,0,0,0,0,0,0,0,0,0,0.0,0
1,mitra,image_anomaly_mitra,989,met_241703_primary_000__marker_zip_002__001.ea26cc81..jpg..zip,data/raw/image_anomaly/anomalous/mitra/files/jpg/met_241703_primary_000/6886470afc3bc3678363/met_241703_primary_000__marker_zip_002__001.ea26cc81..jpg..zip,1500114,62,2,1,0,0,0.22580645161290322,archive,0,0,0,1,0,1,0,1,0,0,18,7.938496441561276,7.988340858219542,0.37093980857454834,0.008424026440657177,256,14,0,0,0,0,0,0,0,0,0,0,0,0.0,0
1,mitra,image_anomaly_mitra,990,met_241703_primary_000__marker_zip_002__002.6e096a3b..zip..jpg,data/raw/image_anomaly/anomalous/mitra/files/jpg/met_241703_primary_000/6886470afc3bc3678363/met_241703_primary_000__marker_zip_002__002.6e096a3b..zip..jpg,1500110,62,2,1,0,0,0.22580645161290322,image,0,0,0,1,0,1,1,0,0,0,18,7.938496313230662,6.348580566834237,0.3709401310570558,0.00842404890308044,256,14,0,0,0,0,0,0,0,2,0,0,0,0.021909726620047865,0
1,mitra,image_anomaly_mitra,991,met_241703_primary_000__marker_pdf_001__001.00fe511b..jpg..pdf,data/raw/image_anomaly/anomalous/mitra/files/jpg/met_241703_primary_000/97df7a23f9549d51fa02/met_241703_primary_000__marker_pdf_001__001.00fe511b..jpg..pdf,1469123,62,2,1,0,0,0.22580645161290322,document,0,0,0,0,0,1,0,1,0,0,17,7.935922766911196,5.250824256483538,0.37174150836927883,0.008451981216004378,256,14,0,0,0,0,0,0,0,0,0,0,0,0.0,0
1,mitra,image_anomaly_mitra,992,met_241703_primary_000__marker_zip_001__001.b0fb9830..jpg..zip,data/raw/image_anomaly/anomalous/mitra/files/jpg/met_241703_primary_000/fd4fd1edd48965af48ed/met_241703_primary_000__marker_zip_001__001.b0fb9830..jpg..zip,1467628,62,2,1,0,0,0.22580645161290322,archive,0,0,0,1,0,1,0,1,0,0,18,7.935778488069112,6.719412030983709,0.3708855377520734,0.008520551529406634,256,14,0,0,0,0,0,0,0,0,0,0,0,0.0,0
1,mitra,image_anomaly_mitra,993,met_241703_primary_000__marker_zip_001__002.8729b15e..zip..jpg,data/raw/image_anomaly/anomalous/mitra/files/jpg/met_241703_primary_000/fd4fd1edd48965af48ed/met_241703_primary_000__marker_zip_001__002.8729b15e..zip..jpg,1467624,62,2,1,0,0,0.22580645161290322,image,0,0,0,1,0,1,1,0,0,0,18,7.935778032063741,6.348580566834237,0.3708858672248478,0.008520574752116346,256,14,0,0,0,0,0,0,0,2,0,0,0,0.0014629087559211351,0
1,mitra,image_anomaly_mitra,994,met_242124_primary_000__marker_pdf_001__001.b401d3e7..jpg..pdf,data/raw/image_anomaly/anomalous/mitra/files/jpg/met_242124_primary_000/58f15d242e8790b94df4/met_242124_primary_000__marker_pdf_001__001.b401d3e7..jpg..pdf,1736675,62,2,1,0,0,0.22580645161290322,document,0,0,0,0,0,1,0,1,0,0,41,7.895958477659651,5.250824256483538,0.36899822937509896,0.011859444052571725,256,17,0,0,0,0,0,0,0,0,0,0,0,0.0,0
1,mitra,image_anomaly_mitra,995,met_242124_primary_000__marker_pdf_002__001.2b4bc4a1..jpg..pdf,data/raw/image_anomaly/anomalous/mitra/files/jpg/met_242124_primary_000/6d22b69161a727f3b897/met_242124_primary_000__marker_pdf_002__001.2b4bc4a1..jpg..pdf,1738466,62,2,1,0,0,0.22580645161290322,document,0,0,0,0,0,1,0,1,0,0,41,7.8961145944587905,5.072845754531357,0.36962644078170065,0.011847226232782235,256,17,0,0,0,0,0,0,0,0,0,0,0,0.0,0
1,mitra,image_anomaly_mitra,996,met_242124_primary_000__marker_zip_001__001.46bb1582..jpg..zip,data/raw/image_anomaly/anomalous/mitra/files/jpg/met_242124_primary_000/b2a21866c745725a4642/met_242124_primary_000__marker_zip_001__001.46bb1582..jpg..zip,1735180,62,2,1,0,0,0.22580645161290322,archive,0,0,0,1,0,1,0,1,0,0,42,7.895770289457472,5.641075904263252,0.3682718795744534,0.011920377136665937,256,17,0,0,0,0,0,0,0,0,0,0,0,0.0,0
1,mitra,image_anomaly_mitra,997,met_242124_primary_000__marker_zip_001__002.71444b97..zip..jpg,data/raw/image_anomaly/anomalous/mitra/files/jpg/met_242124_primary_000/b2a21866c745725a4642/met_242124_primary_000__marker_zip_001__002.71444b97..zip..jpg,1735176,62,2,1,0,0,0.22580645161290322,image,0,0,0,1,0,1,1,0,0,0,42,7.895768759853473,4.932959716715815,0.3682721522197172,0.011920404616015897,256,17,0,0,0,0,0,0,0,2,0,0,0,0.001237338460190782,0
1,mitra,image_anomaly_mitra,998,met_242124_primary_000__marker_zip_002__001.130cc9de..jpg..zip,data/raw/image_anomaly/anomalous/mitra/files/jpg/met_242124_primary_000/e19788b452922f71e28c/met_242124_primary_000__marker_zip_002__001.130cc9de..jpg..zip,1767666,62,2,1,0,0,0.22580645161290322,archive,0,0,0,1,0,1,0,1,0,0,42,7.899473451843681,7.988340858219542,0.3683659695892776,0.011775980303971452,256,17,0,0,0,0,0,0,0,0,0,0,0,0.0,0
1,mitra,image_anomaly_mitra,999,met_242124_primary_000__marker_zip_002__002.c11e0777..zip..jpg,data/raw/image_anomaly/anomalous/mitra/files/jpg/met_242124_primary_000/e19788b452922f71e28c/met_242124_primary_000__marker_zip_002__002.c11e0777..zip..jpg,1767662,62,2,1,0,0,0.22580645161290322,image,0,0,0,1,0,1,1,0,0,0,42,7.899472355833223,4.932959716715815,0.36836623743679503,0.011776006951555219,256,17,0,0,0,0,0,0,0,2,0,0,0,0.018593486763872277,0
1,mitra,image_anomaly_mitra,1000,met_246449_primary_000__marker_zip_002__001.3ff3b302..jpg..zip,data/raw/image_anomaly/anomalous/mitra/files/jpg/met_246449_primary_000/8ed818692e3d9340a616/met_246449_primary_000__marker_zip_002__001.3ff3b302..jpg..zip,906525,62,2,1,0,0,0.22580645161290322,archive,0,0,0,1,0,1,0,1,0,0,12,7.9364476344979344,7.988340858219542,0.37663384903891234,0.011764705882352941,256,6,0,0,0,0,0,0,0,0,0,0,0,0.0,0
1,mitra,image_anomaly_mitra,1001,met_246449_primary_000__marker_zip_002__002.772c4290..zip..jpg,data/raw/image_anomaly/anomalous/mitra/files/jpg/met_246449_primary_000/8ed818692e3d9340a616/met_246449_primary_000__marker_zip_002__002.772c4290..zip..jpg,906521,62,2,1,0,0,0.22580645161290322,image,0,0,0,1,0,1,1,0,0,0,12,7.936447158234869,3.49156700320296,0.37663440780743085,0.011764757793807314,256,6,0,0,0,0,0,0,0,2,0,0,0,0.036256192630948425,0
1,mitra,image_anomaly_mitra,1002,met_246449_primary_000__marker_pdf_001__001.0377063d..jpg..pdf,data/raw/image_anomaly/anomalous/mitra/files/jpg/met_246449_primary_000/a935cb1cbecc1e483e35/met_246449_primary_000__marker_pdf_001__001.0377063d..jpg..pdf,875534,62,2,1,0,0,0.22580645161290322,document,0,0,0,0,0,1,0,1,0,0,11,7.931821980595326,5.250824256483538,0.37818063033531535,0.011929862232648875,256,6,0,0,0,0,0,0,0,0,0,0,0,0.0,0
1,mitra,image_anomaly_mitra,1003,met_246449_primary_000__marker_pdf_002__001.b0d8ddef..jpg..pdf,data/raw/image_anomaly/anomalous/mitra/files/jpg/met_246449_primary_000/f7a714d80cb7fe14d6eb/met_246449_primary_000__marker_pdf_002__001.b0d8ddef..jpg..pdf,877325,62,2,1,0,0,0.22580645161290322,document,0,0,0,0,0,1,0,1,0,0,11,7.931768191425841,5.072845754531357,0.37940671928874703,0.011905508221012738,256,6,0,0,0,0,0,0,0,0,0,0,0,0.0,0
1,mitra,image_anomaly_mitra,1004,met_246449_primary_000__marker_zip_001__001.fba7704b..jpg..zip,data/raw/image_anomaly/anomalous/mitra/files/jpg/met_246449_primary_000/f98c444be140e04f0b60/met_246449_primary_000__marker_zip_001__001.fba7704b..jpg..zip,874039,62,2,1,0,0,0.22580645161290322,archive,0,0,0,1,0,1,0,1,0,0,12,7.931900477368982,3.5279709079475743,0.3767543553548526,0.01205094967158216,256,6,0,0,0,0,0,0,0,0,0,0,0,0.0,0
1,mitra,image_anomaly_mitra,1005,met_246449_primary_000__marker_zip_001__002.f677f74e..zip..jpg,data/raw/image_anomaly/anomalous/mitra/files/jpg/met_246449_primary_000/f98c444be140e04f0b60/met_246449_primary_000__marker_zip_001__002.f677f74e..zip..jpg,874035,62,2,1,0,0,0.22580645161290322,image,0,0,0,1,0,1,1,0,0,0,12,7.931899785077165,3.49156700320296,0.3767549354430887,0.012051004822461343,256,6,0,0,0,0,0,0,0,2,0,0,0,0.002456423369773522,0
1,mitra,image_anomaly_mitra,1006,met_253281_primary_000__marker_zip_001__001.116e60fd..jpg..zip,data/raw/image_anomaly/anomalous/mitra/files/jpg/met_253281_primary_000/39140c6c5c0bf569818c/met_253281_primary_000__marker_zip_001__001.116e60fd..jpg..zip,788036,62,2,1,0,0,0.22580645161290322,archive,0,0,0,1,0,1,0,1,0,0,27,7.964696783259462,6.9065090289985696,0.3840535203975453,0.013656736494271834,256,19,0,0,0,0,0,0,0,0,0,0,0,0.0,0
1,mitra,image_anomaly_mitra,1007,met_253281_primary_000__marker_zip_001__002.b639b4f8..zip..jpg,data/raw/image_anomaly/anomalous/mitra/files/jpg/met_253281_primary_000/39140c6c5c0bf569818c/met_253281_primary_000__marker_zip_001__002.b639b4f8..zip..jpg,788032,62,2,1,0,0,0.22580645161290322,image,0,0,0,1,0,1,1,0,0,0,27,7.96469618866371,6.886391301583334,0.38405420084463576,0.013656805814992285,256,19,0,0,0,0,0,0,0,2,0,0,0,0.0027245086493949485,0
1,mitra,image_anomaly_mitra,1008,met_253281_primary_000__marker_pdf_001__001.0b6a2c50..jpg..pdf,data/raw/image_anomaly/anomalous/mitra/files/jpg/met_253281_primary_000/5df4def62f05bb5d8b78/met_253281_primary_000__marker_pdf_001__001.0b6a2c50..jpg..pdf,789531,62,2,1,0,0,0.22580645161290322,document,0,0,0,0,0,1,0,1,0,0,26,7.96461672220918,5.250824256483538,0.38562133722425085,0.01351941849021761,256,19,0,0,0,0,0,0,0,0,0,0,0,0.0,0
1,mitra,image_anomaly_mitra,1009,met_253281_primary_000__marker_pdf_002__001.144a5192..jpg..pdf,data/raw/image_anomaly/anomalous/mitra/files/jpg/met_253281_primary_000/d377d9fbede320091598/met_253281_primary_000__marker_pdf_002__001.144a5192..jpg..pdf,791322,62,2,1,0,0,0.22580645161290322,document,0,0,0,0,0,1,0,1,0,0,26,7.96443349439538,5.072845754531357,0.3869638402571899,0.013488819974675291,256,19,0,0,0,0,0,0,0,0,0,0,0,0.0,0
1,mitra,image_anomaly_mitra,1010,met_253281_primary_000__marker_zip_002__001.68084af3..jpg..zip,data/raw/image_anomaly/anomalous/mitra/files/jpg/met_253281_primary_000/f4aea848bb9ee840686c/met_253281_primary_000__marker_zip_002__001.68084af3..jpg..zip,820522,62,2,1,0,0,0.22580645161290322,archive,0,0,0,1,0,1,0,1,0,0,27,7.9672540747650045,7.988340858219542,0.3836313956237615,0.013276913964525022,256,19,0,0,0,0,0,0,0,0,0,0,0,0.0,0
1,mitra,image_anomaly_mitra,1011,met_253281_primary_000__marker_zip_002__002.c38c4481..zip..jpg,data/raw/image_anomaly/anomalous/mitra/files/jpg/met_253281_primary_000/f4aea848bb9ee840686c/met_253281_primary_000__marker_zip_002__002.c38c4481..zip..jpg,820518,62,2,1,0,0,0.22580645161290322,image,0,0,0,1,0,1,1,0,0,0,27,7.967253378634565,6.886391301583334,0.3836320470727029,0.013276978689072025,256,19,0,0,0,0,0,0,0,2,0,0,0,0.040056403393953575,0
1,mitra,image_anomaly_mitra,1012,met_255372_primary_000__marker_zip_002__001.34dc5f09..jpg..zip,data/raw/image_anomaly/anomalous/mitra/files/jpg/met_255372_primary_000/2ed5c678e96d51a88f8d/met_255372_primary_000__marker_zip_002__001.34dc5f09..jpg..zip,403940,62,2,1,0,0,0.22580645161290322,archive,0,0,0,1,0,1,0,1,0,0,6,7.888479837455377,7.988340858219542,0.3682502351834431,0.018104173887210973,256,11,0,0,0,0,0,0,0,0,0,0,0,0.0,0
1,mitra,image_anomaly_mitra,1013,met_255372_primary_000__marker_zip_002__002.d58897b0..zip..jpg,data/raw/image_anomaly/anomalous/mitra/files/jpg/met_255372_primary_000/2ed5c678e96d51a88f8d/met_255372_primary_000__marker_zip_002__002.d58897b0..zip..jpg,403936,62,2,1,0,0,0.22580645161290322,image,0,0,0,1,0,1,1,0,0,0,6,7.888478253191736,3.0381362746762717,0.3682514061633526,0.018104353164857798,256,11,0,0,0,0,0,0,0,2,0,0,0,0.08136685019409015,0
1,mitra,image_anomaly_mitra,1014,met_255372_primary_000__marker_pdf_001__001.ad3d84ff..jpg..pdf,data/raw/image_anomaly/anomalous/mitra/files/jpg/met_255372_primary_000/37bf44deac27c8a1ca4d/met_255372_primary_000__marker_pdf_001__001.ad3d84ff..jpg..pdf,372949,62,2,1,0,0,0.22580645161290322,document,0,0,0,0,0,1,0,1,0,0,5,7.869615142389311,5.250824256483538,0.371184800066497,0.019018686201062344,256,11,0,0,0,0,0,0,0,0,0,0,0,0.0,0
1,mitra,image_anomaly_mitra,1015,met_255372_primary_000__marker_pdf_002__001.5f0fefd9..jpg..pdf,data/raw/image_anomaly/anomalous/mitra/files/jpg/met_255372_primary_000/aab4d825e4e71c5f5401/met_255372_primary_000__marker_pdf_002__001.5f0fefd9..jpg..pdf,374740,62,2,1,0,0,0.22580645161290322,document,0,0,0,0,0,1,0,1,0,0,5,7.870309436834643,5.072845754531357,0.37408870149970647,0.018927789934354487,256,11,0,0,0,0,0,0,0,0,0,0,0,0.0,0
1,mitra,image_anomaly_mitra,1016,met_255372_primary_000__marker_zip_001__001.d74ba563..jpg..zip,data/raw/image_anomaly/anomalous/mitra/files/jpg/met_255372_primary_000/db42c460d6f55262741e/met_255372_primary_000__marker_zip_001__001.d74ba563..jpg..zip,371454,62,2,1,0,0,0.22580645161290322,archive,0,0,0,1,0,1,0,1,0,0,6,7.868885918842126,4.339211884330469,0.36780058903659674,0.019332138030550217,256,11,0,0,0,0,0,0,0,0,0,0,0,0.0,0
1,mitra,image_anomaly_mitra,1017,met_255372_primary_000__marker_zip_001__002.1acb13b5..zip..jpg,data/raw/image_anomaly/anomalous/mitra/files/jpg/met_255372_primary_000/db42c460d6f55262741e/met_255372_primary_000__marker_zip_001__002.1acb13b5..zip..jpg,371450,62,2,1,0,0,0.22580645161290322,image,0,0,0,1,0,1,1,0,0,0,6,7.868882600199361,3.0381362746762717,0.36780185758513934,0.01933234621079553,256,11,0,0,0,0,0,0,0,2,0,0,0,0.005780051150895141,0
1,mitra,image_anomaly_mitra,1018,met_25538_primary_000__marker_zip_001__001.7db5c6e4..jpg..zip,data/raw/image_anomaly/anomalous/mitra/files/jpg/met_25538_primary_000/240998827a4cc10b871f/met_25538_primary_000__marker_zip_001__001.7db5c6e4..jpg..zip,2056175,61,2,1,0,0,0.22950819672131148,archive,0,0,0,1,0,1,0,1,0,0,32,7.944244102592741,5.334716708374117,0.3676491543764514,0.013180784709472686,256,17,0,0,0,0,0,0,0,0,0,0,0,0.0,0
1,mitra,image_anomaly_mitra,1019,met_25538_primary_000__marker_zip_001__002.75ef0c40..zip..jpg,data/raw/image_anomaly/anomalous/mitra/files/jpg/met_25538_primary_000/240998827a4cc10b871f/met_25538_primary_000__marker_zip_001__002.75ef0c40..zip..jpg,2056171,61,2,1,0,0,0.22950819672131148,image,0,0,0,1,0,1,1,0,0,0,32,7.944244062947578,5.4951464162462536,0.3676493832468214,0.013180810350890077,256,17,0,0,0,0,0,0,0,2,0,0,0,0.0010441738551900596,0
1,mitra,image_anomaly_mitra,1020,met_25538_primary_000__marker_zip_002__001.3775f1cb..jpg..zip,data/raw/image_anomaly/anomalous/mitra/files/jpg/met_25538_primary_000/2d03477265c0b4a0f717/met_25538_primary_000__marker_zip_002__001.3775f1cb..jpg..zip,2088661,61,2,1,0,0,0.22950819672131148,archive,0,0,0,1,0,1,0,1,0,0,32,7.94585189148921,7.988340858219542,0.3677384697660367,0.013038975688251946,256,17,0,0,0,0,0,0,0,0,0,0,0,0.0,0
1,mitra,image_anomaly_mitra,1021,met_25538_primary_000__marker_zip_002__002.110097aa..zip..jpg,data/raw/image_anomaly/anomalous/mitra/files/jpg/met_25538_primary_000/2d03477265c0b4a0f717/met_25538_primary_000__marker_zip_002__002.110097aa..zip..jpg,2088657,61,2,1,0,0,0.22950819672131148,image,0,0,0,1,0,1,1,0,0,0,32,7.945851898192132,5.4951464162462536,0.3677386952477118,0.013039000659275313,256,17,0,0,0,0,0,0,0,2,0,0,0,0.015735948985400667,0
1,mitra,image_anomaly_mitra,1022,met_25538_primary_000__marker_pdf_001__001.5c3c84ef..jpg..pdf,data/raw/image_anomaly/anomalous/mitra/files/jpg/met_25538_primary_000/861c2f165bd784dd1d78/met_25538_primary_000__marker_pdf_001__001.5c3c84ef..jpg..pdf,2057670,61,2,1,0,0,0.22950819672131148,document,0,0,0,0,0,1,0,1,0,0,31,7.944266788146112,5.250824256483538,0.3682626465857013,0.013128441392448741,256,17,0,0,0,0,0,0,0,0,0,0,0,0.0,0
1,mitra,image_anomaly_mitra,1023,met_25538_primary_000__marker_pdf_002__001.3f295ce8..jpg..pdf,data/raw/image_anomaly/anomalous/mitra/files/jpg/met_25538_primary_000/e355f94d40f716db264e/met_25538_primary_000__marker_pdf_002__001.3f295ce8..jpg..pdf,2059461,61,2,1,0,0,0.22950819672131148,document,0,0,0,0,0,1,0,1,0,0,31,7.944293237064069,5.072845754531357,0.36879358239850135,0.01311702430878759,256,17,0,0,0,0,0,0,0,0,0,0,0,0.0,0
1,mitra,image_anomaly_mitra,1024,met_261508_primary_000__marker_zip_002__001.ff9677d4..jpg..zip,data/raw/image_anomaly/anomalous/mitra/files/jpg/met_261508_primary_000/4861ca7bf4175cdb5902/met_261508_primary_000__marker_zip_002__001.ff9677d4..jpg..zip,1594516,62,2,1,0,0,0.22580645161290322,archive,0,0,0,1,0,1,0,1,0,0,32,7.969937521395661,7.988340858219542,0.3705199571531424,0.010374935090021048,256,6,0,0,0,0,0,0,0,0,0,0,0,0.0,0
1,mitra,image_anomaly_mitra,1025,met_261508_primary_000__marker_zip_002__002.f73b96e3..zip..jpg,data/raw/image_anomaly/anomalous/mitra/files/jpg/met_261508_primary_000/4861ca7bf4175cdb5902/met_261508_primary_000__marker_zip_002__002.f73b96e3..zip..jpg,1594512,62,2,1,0,0,0.22580645161290322,image,0,0,0,1,0,1,1,0,0,0,32,7.969937536087455,3.538875312204719,0.37052025949005085,0.010374961116630041,256,6,0,0,0,0,0,0,0,2,0,0,0,0.020612576136146983,0
1,mitra,image_anomaly_mitra,1026,met_261508_primary_000__marker_pdf_001__001.8163a4f0..jpg..pdf,data/raw/image_anomaly/anomalous/mitra/files/jpg/met_261508_primary_000/7c5bbb7ab16300d23383/met_261508_primary_000__marker_pdf_001__001.8163a4f0..jpg..pdf,1563525,62,2,1,0,0,0.22580645161290322,document,0,0,0,0,0,1,0,1,0,0,31,7.968747807510345,5.250824256483538,0.371264930205785,0.010439871444332519,256,6,0,0,0,0,0,0,0,0,0,0,0,0.0,0
1,mitra,image_anomaly_mitra,1027,met_261508_primary_000__marker_pdf_002__001.c0f60121..jpg..pdf,data/raw/image_anomaly/anomalous/mitra/files/jpg/met_261508_primary_000/bbc92d87863b7c7d2638/met_261508_primary_000__marker_pdf_002__001.c0f60121..jpg..pdf,1565316,62,2,1,0,0,0.22580645161290322,document,0,0,0,0,0,1,0,1,0,0,31,7.968735704206521,5.072845754531357,0.3719600387397816,0.010427926373971773,256,6,0,0,0,0,0,0,0,0,0,0,0,0.0,0
1,mitra,image_anomaly_mitra,1028,met_261508_primary_000__marker_zip_001__001.8840045a..jpg..zip,data/raw/image_anomaly/anomalous/mitra/files/jpg/met_261508_primary_000/f4ef715061f7b86fb101/met_261508_primary_000__marker_zip_001__001.8840045a..jpg..zip,1562030,62,2,1,0,0,0.22580645161290322,archive,0,0,0,1,0,1,0,1,0,0,32,7.968719594368749,3.5359726766086284,0.3704602344385191,0.010506200265039725,256,6,0,0,0,0,0,0,0,0,0,0,0,0.0,0
1,mitra,image_anomaly_mitra,1029,met_261508_primary_000__marker_zip_001__002.6c73f2ae..zip..jpg,data/raw/image_anomaly/anomalous/mitra/files/jpg/met_261508_primary_000/f4ef715061f7b86fb101/met_261508_primary_000__marker_zip_001__002.6c73f2ae..zip..jpg,1562026,62,2,1,0,0,0.22580645161290322,image,0,0,0,1,0,1,1,0,0,0,32,7.968719432558151,3.538875312204719,0.3704605429102973,0.01050622716907401,256,6,0,0,0,0,0,0,0,2,0,0,0,0.0013744969674000305,0
1,mitra,image_anomaly_mitra,1030,met_26579_primary_000__marker_pdf_001__001.4d33e77d..jpg..pdf,data/raw/image_anomaly/anomalous/mitra/files/jpg/met_26579_primary_000/1b08b693cb4165dde5ca/met_26579_primary_000__marker_pdf_001__001.4d33e77d..jpg..pdf,1107515,61,2,1,0,0,0.22950819672131148,document,0,0,0,0,0,1,0,1,0,0,15,7.972007868325478,5.250824256483538,0.3702586420951409,0.008498304763366635,256,6,0,0,1,0,0,0,1,0,0,0,0,0.0,0
1,mitra,image_anomaly_mitra,1031,met_26579_primary_000__marker_zip_001__001.0eb8d6e0..jpg..zip,data/raw/image_anomaly/anomalous/mitra/files/jpg/met_26579_primary_000/2268bca1ff0d50a04c59/met_26579_primary_000__marker_zip_001__001.0eb8d6e0..jpg..zip,1106020,61,2,1,0,0,0.22950819672131148,archive,0,0,0,1,0,1,0,1,0,0,16,7.971892668871839,3.4971174665721865,0.3691208115585613,0.00858935643116761,256,6,0,0,1,0,0,0,1,0,0,0,0,0.0,0
1,mitra,image_anomaly_mitra,1032,met_26579_primary_000__marker_zip_001__002.cf3e07f9..zip..jpg,data/raw/image_anomaly/anomalous/mitra/files/jpg/met_26579_primary_000/2268bca1ff0d50a04c59/met_26579_primary_000__marker_zip_001__002.cf3e07f9..zip..jpg,1106016,61,2,1,0,0,0.22950819672131148,image,0,0,0,1,0,1,1,0,0,0,16,7.971892212939273,3.4795016866352944,0.36912124236900734,0.00858938749529844,256,6,0,0,1,0,0,0,1,2,0,0,0,0.0019412015739374475,0
1,mitra,image_anomaly_mitra,1033,met_26579_primary_000__marker_pdf_002__001.45fe3b23..jpg..pdf,data/raw/image_anomaly/anomalous/mitra/files/jpg/met_26579_primary_000/356ff3836bdd0197f4c9/met_26579_primary_000__marker_pdf_002__001.45fe3b23..jpg..pdf,1109306,61,2,1,0,0,0.22950819672131148,document,0,0,0,0,0,1,0,1,0,0,15,7.972036726784556,5.072845754531357,0.371241118320824,0.00848458405525617,256,6,0,0,1,0,0,0,1,0,0,0,0,0.0,0
1,mitra,image_anomaly_mitra,1034,met_26579_primary_000__marker_zip_002__001.25faa6fc..jpg..zip,data/raw/image_anomaly/anomalous/mitra/files/jpg/met_26579_primary_000/f07fab7aa6cb1cf0b2f4/met_26579_primary_000__marker_zip_002__001.25faa6fc..jpg..zip,1138506,61,2,1,0,0,0.22950819672131148,archive,0,0,0,1,0,1,0,1,0,0,16,7.973445138264226,7.988340858219542,0.36924267417123846,0.008460210135036618,256,6,0,0,1,0,0,0,1,0,0,0,0,0.0,0
1,mitra,image_anomaly_mitra,1035,met_26579_primary_000__marker_zip_002__002.0a32f32b..zip..jpg,data/raw/image_anomaly/anomalous/mitra/files/jpg/met_26579_primary_000/f07fab7aa6cb1cf0b2f4/met_26579_primary_000__marker_zip_002__002.0a32f32b..zip..jpg,1138502,61,2,1,0,0,0.22950819672131148,image,0,0,0,1,0,1,1,0,0,0,16,7.973444657934997,3.4795016866352944,0.36924309311709597,0.008460239859042847,256,6,0,0,1,0,0,0,1,2,0,0,0,0.028868636155228538,0
1,mitra,image_anomaly_mitra,1036,met_265904_primary_000__marker_pdf_001__001.71156a48..jpg..pdf,data/raw/image_anomaly/anomalous/mitra/files/jpg/met_265904_primary_000/52435c17a582be140b7f/met_265904_primary_000__marker_pdf_001__001.71156a48..jpg..pdf,2528077,62,2,1,0,0,0.22580645161290322,document,0,0,0,0,0,1,0,1,0,0,57,7.983046255737004,5.250824256483538,0.3765391639574269,0.007018773557925648,256,6,0,0,0,0,0,0,0,0,0,0,0,0.0,0
1,mitra,image_anomaly_mitra,1037,met_265904_primary_000__marker_zip_001__001.5b3cd7a3..jpg..zip,data/raw/image_anomaly/anomalous/mitra/files/jpg/met_265904_primary_000/8cf6f4cfb7f11a29786b/met_265904_primary_000__marker_zip_001__001.5b3cd7a3..jpg..zip,2526582,62,2,1,0,0,0.22580645161290322,archive,0,0,0,1,0,1,0,1,0,0,58,7.983010354034332,3.483639706201381,0.37604479094682064,0.007057756288931054,256,6,0,0,0,0,0,0,0,0,0,0,0,0.0,0
1,mitra,image_anomaly_mitra,1038,met_265904_primary_000__marker_zip_001__002.652d2b4d..zip..jpg,data/raw/image_anomaly/anomalous/mitra/files/jpg/met_265904_primary_000/8cf6f4cfb7f11a29786b/met_265904_primary_000__marker_zip_001__002.652d2b4d..zip..jpg,2526578,62,2,1,0,0,0.22580645161290322,image,0,0,0,1,0,1,1,0,0,0,58,7.983009765787283,3.220503723318183,0.376044990497028,0.007057767462552116,256,6,0,0,0,0,0,0,0,2,0,0,0,0.0008497659680405671,0
1,mitra,image_anomaly_mitra,1039,met_265904_primary_000__marker_zip_002__001.45d2319f..jpg..zip,data/raw/image_anomaly/anomalous/mitra/files/jpg/met_265904_primary_000/934500c17e2b1ac0ba7e/met_265904_primary_000__marker_zip_002__001.45d2319f..jpg..zip,2559068,62,2,1,0,0,0.22580645161290322,archive,0,0,0,1,0,1,0,1,0,0,58,7.983434801522069,7.988340858219542,0.3760111102948417,0.007019743125231529,256,6,0,0,0,0,0,0,0,0,0,0,0,0.0,0
1,mitra,image_anomaly_mitra,1040,met_265904_primary_000__marker_zip_002__002.4e2b9d47..zip..jpg,data/raw/image_anomaly/anomalous/mitra/files/jpg/met_265904_primary_000/934500c17e2b1ac0ba7e/met_265904_primary_000__marker_zip_002__002.4e2b9d47..zip..jpg,2559064,62,2,1,0,0,0.22580645161290322,image,0,0,0,1,0,1,1,0,0,0,58,7.983434491141721,3.220503723318183,0.37601130725921666,0.007019754097591932,256,6,0,0,0,0,0,0,0,2,0,0,0,0.012843367731326766,0
1,mitra,image_anomaly_mitra,1041,met_265904_primary_000__marker_pdf_002__001.6ed4e9d7..jpg..pdf,data/raw/image_anomaly/anomalous/mitra/files/jpg/met_265904_primary_000/96bec95152b8a829c35b/met_265904_primary_000__marker_pdf_002__001.6ed4e9d7..jpg..pdf,2529868,62,2,1,0,0,0.22580645161290322,document,0,0,0,0,0,1,0,1,0,0,57,7.983041591110551,5.072845754531357,0.37696551756850555,0.007013804672812969,256,6,0,0,0,0,0,0,0,0,0,0,0,0.0,0
1,mitra,image_anomaly_mitra,1042,met_268573_primary_000__marker_pdf_002__001.634c014e..jpg..pdf,data/raw/image_anomaly/anomalous/mitra/files/jpg/met_268573_primary_000/2ea288986c4106287b28/met_268573_primary_000__marker_pdf_002__001.634c014e..jpg..pdf,2165766,62,2,1,0,0,0.22580645161290322,document,0,0,0,0,0,1,0,1,0,0,37,7.975986225768025,5.072845754531357,0.380557733383939,0.007202532498894155,256,6,1,0,0,0,0,0,0,0,0,0,0,0.0,0
1,mitra,image_anomaly_mitra,1043,met_268573_primary_000__marker_zip_002__001.26e07bab..jpg..zip,data/raw/image_anomaly/anomalous/mitra/files/jpg/met_268573_primary_000/70fd1872b2938f99a7ff/met_268573_primary_000__marker_zip_002__001.26e07bab..jpg..zip,2194966,62,2,1,0,0,0.22580645161290322,archive,0,0,0,1,0,1,0,1,0,0,38,7.976687178522429,7.988340858219542,0.3793972207314373,0.007206945346761635,256,6,1,0,0,0,0,0,0,0,0,0,0,0.0,0
1,mitra,image_anomaly_mitra,1044,met_268573_primary_000__marker_zip_002__002.c0b2605a..zip..jpg,data/raw/image_anomaly/anomalous/mitra/files/jpg/met_268573_primary_000/70fd1872b2938f99a7ff/met_268573_primary_000__marker_zip_002__002.c0b2605a..zip..jpg,2194962,62,2,1,0,0,0.22580645161290322,image,0,0,0,1,0,1,1,0,0,0,38,7.976686795442403,3.47506680078642,0.37939745653911094,0.007206958480374603,256,6,1,0,0,0,0,0,0,2,0,0,0,0.014973835537927308,0
1,mitra,image_anomaly_mitra,1045,met_268573_primary_000__marker_zip_001__001.26d1dee2..jpg..zip,data/raw/image_anomaly/anomalous/mitra/files/jpg/met_268573_primary_000/99330b5cb1babadefa55/met_268573_primary_000__marker_zip_001__001.26d1dee2..jpg..zip,2162480,62,2,1,0,0,0.22580645161290322,archive,0,0,0,1,0,1,0,1,0,0,38,7.975987683478582,3.4883585070763377,0.3794874403462691,0.0072541711368428845,256,6,1,0,0,0,0,0,0,0,0,0,0,0.0,0
1,mitra,image_anomaly_mitra,1046,met_268573_primary_000__marker_zip_001__002.a031926b..zip..jpg,data/raw/image_anomaly/anomalous/mitra/files/jpg/met_268573_primary_000/99330b5cb1babadefa55/met_268573_primary_000__marker_zip_001__002.a031926b..zip..jpg,2162476,62,2,1,0,0,0.22580645161290322,image,0,0,0,1,0,1,1,0,0,0,38,7.975986870845338,3.47506680078642,0.37948767986326787,0.007254184555111826,256,6,1,0,0,0,0,0,0,2,0,0,0,0.0009928433887821182,0
1,mitra,image_anomaly_mitra,1047,met_268573_primary_000__marker_pdf_001__001.64bfee3b..jpg..pdf,data/raw/image_anomaly/anomalous/mitra/files/jpg/met_268573_primary_000/a5d0ad4a44f5fcf4318c/met_268573_primary_000__marker_pdf_001__001.64bfee3b..jpg..pdf,2163975,62,2,1,0,0,0.22580645161290322,document,0,0,0,0,0,1,0,1,0,0,37,7.976002223555833,5.250824256483538,0.3800626162501877,0.007208493628623251,256,6,1,0,0,0,0,0,0,0,0,0,0,0.0,0
1,mitra,image_anomaly_mitra,1048,met_282180_primary_000__marker_zip_001__001.5ff57737..jpg..zip,data/raw/image_anomaly/anomalous/mitra/files/jpg/met_282180_primary_000/5b19ddcfb44cd7dba8f0/met_282180_primary_000__marker_zip_001__001.5ff57737..jpg..zip,1780552,62,2,1,0,0,0.22580645161290322,archive,0,0,0,1,0,1,0,1,0,0,53,7.9510414742470585,3.4849031790825387,0.3834383943855613,0.008929815023655585,256,6,0,0,1,0,0,0,1,0,0,0,0,0.0,0
1,mitra,image_anomaly_mitra,1049,met_282180_primary_000__marker_zip_001__002.9456a717..zip..jpg,data/raw/image_anomaly/anomalous/mitra/files/jpg/met_282180_primary_000/5b19ddcfb44cd7dba8f0/met_282180_primary_000__marker_zip_001__002.9456a717..zip..jpg,1780548,62,2,1,0,0,0.22580645161290322,image,0,0,0,1,0,1,1,0,0,0,53,7.951040672921584,3.469795298248201,0.3834386941548332,0.00892983508447961,256,6,0,0,1,0,0,0,1,2,0,0,0,0.0012058085488287876,0
1,mitra,image_anomaly_mitra,1050,met_282180_primary_000__marker_pdf_001__001.143a61e8..jpg..pdf,data/raw/image_anomaly/anomalous/mitra/files/jpg/met_282180_primary_000/d8a19e35f15d9e9636cf/met_282180_primary_000__marker_pdf_001__001.143a61e8..jpg..pdf,1782047,62,2,1,0,0,0.22580645161290322,document,0,0,0,0,0,1,0,1,0,0,52,7.951139515025069,5.250824256483538,0.3841335273424326,0.00887294218390424,256,6,0,0,1,0,0,0,1,0,0,0,0,0.0,0
1,mitra,image_anomaly_mitra,1051,met_282180_primary_000__marker_zip_002__001.1b57c4a1..jpg..zip,data/raw/image_anomaly/anomalous/mitra/files/jpg/met_282180_primary_000/dc3115db91c616962bba/met_282180_primary_000__marker_zip_002__001.1b57c4a1..jpg..zip,1813038,62,2,1,0,0,0.22580645161290322,archive,0,0,0,1,0,1,0,1,0,0,53,7.952744961381427,7.988340858219542,0.383258376272312,0.008842616646755336,256,6,0,0,1,0,0,0,1,0,0,0,0,0.0,0
1,mitra,image_anomaly_mitra,1052,met_282180_primary_000__marker_zip_002__002.e9d7a3e1..zip..jpg,data/raw/image_anomaly/anomalous/mitra/files/jpg/met_282180_primary_000/dc3115db91c616962bba/met_282180_primary_000__marker_zip_002__002.e9d7a3e1..zip..jpg,1813034,62,2,1,0,0,0.22580645161290322,image,0,0,0,1,0,1,1,0,0,0,53,7.95274440824359,3.469795298248201,0.38325867027314436,0.008842636155747768,256,6,0,0,1,0,0,0,1,2,0,0,0,0.01812817630557397,0
1,mitra,image_anomaly_mitra,1053,met_282180_primary_000__marker_pdf_002__001.4fe070bf..jpg..pdf,data/raw/image_anomaly/anomalous/mitra/files/jpg/met_282180_primary_000/ee571377524585dc950b/met_282180_primary_000__marker_pdf_002__001.4fe070bf..jpg..pdf,1783838,62,2,1,0,0,0.22580645161290322,document,0,0,0,0,0,1,0,1,0,0,52,7.951159222957627,5.072845754531357,0.38473056409830936,0.008864033617402477,256,6,0,0,1,0,0,0,1,0,0,0,0,0.0,0
1,mitra,image_anomaly_mitra,1054,met_286965_primary_000__marker_pdf_002__001.58439210..jpg..pdf,data/raw/image_anomaly/anomalous/mitra/files/jpg/met_286965_primary_000/03bca603c0d9a7696cd5/met_286965_primary_000__marker_pdf_002__001.58439210..jpg..pdf,1803359,62,2,1,0,0,0.22580645161290322,document,0,0,0,0,0,1,0,1,0,0,25,7.9696774559619765,5.072845754531357,0.3739543817953053,0.008475849789198934,256,6,0,0,0,0,0,0,0,0,0,0,0,0.0,0
1,mitra,image_anomaly_mitra,1055,met_286965_primary_000__marker_zip_002__001.80e1cedb..jpg..zip,data/raw/image_anomaly/anomalous/mitra/files/jpg/met_286965_primary_000/215762e28e0c56d746d6/met_286965_primary_000__marker_zip_002__001.80e1cedb..jpg..zip,1832559,62,2,1,0,0,0.22580645161290322,archive,0,0,0,1,0,1,0,1,0,0,26,7.970590471691535,7.988340858219542,0.37266958389879945,0.008460846281074715,256,6,0,0,0,0,0,0,0,0,0,0,0,0.0,0
1,mitra,image_anomaly_mitra,1056,met_286965_primary_000__marker_zip_002__002.d9d40992..zip..jpg,data/raw/image_anomaly/anomalous/mitra/files/jpg/met_286965_primary_000/215762e28e0c56d746d6/met_286965_primary_000__marker_zip_002__002.d9d40992..zip..jpg,1832555,62,2,1,0,0,0.22580645161290322,image,0,0,0,1,0,1,1,0,0,0,26,7.970590378338017,3.499653371593608,0.3726698516552027,0.008460864748943414,256,6,0,0,0,0,0,0,0,2,0,0,0,0.017935068797389438,0
1,mitra,image_anomaly_mitra,1057,met_286965_primary_000__marker_pdf_001__001.33752650..jpg..pdf,data/raw/image_anomaly/anomalous/mitra/files/jpg/met_286965_primary_000/6d9b62821a14916479c1/met_286965_primary_000__marker_pdf_001__001.33752650..jpg..pdf,1801568,62,2,1,0,0,0.22580645161290322,document,0,0,0,0,0,1,0,1,0,0,25,7.969639538289218,5.250824256483538,0.3733531012984245,0.008484275919643333,256,6,0,0,0,0,0,0,0,0,0,0,0,0.0,0
1,mitra,image_anomaly_mitra,1058,met_286965_primary_000__marker_zip_001__001.73abf81a..jpg..zip,data/raw/image_anomaly/anomalous/mitra/files/jpg/met_286965_primary_000/9548df5c440846b370b2/met_286965_primary_000__marker_zip_001__001.73abf81a..jpg..zip,1800073,62,2,1,0,0,0.22580645161290322,archive,0,0,0,1,0,1,0,1,0,0,26,7.969526509613771,3.4967845095728896,0.3726565533731132,0.008540209202626782,256,6,0,0,0,0,0,0,0,0,0,0,0,0.0,0
1,mitra,image_anomaly_mitra,1059,met_286965_primary_000__marker_zip_001__002.3ebd5607..zip..jpg,data/raw/image_anomaly/anomalous/mitra/files/jpg/met_286965_primary_000/9548df5c440846b370b2/met_286965_primary_000__marker_zip_001__002.3ebd5607..zip..jpg,1800069,62,2,1,0,0,0.22580645161290322,image,0,0,0,1,0,1,1,0,0,0,26,7.96952588272793,3.499653371593608,0.3726568259327837,0.008540228180141983,256,6,0,0,0,0,0,0,0,2,0,0,0,0.0011927320563822831,0
1,mitra,image_anomaly_mitra,1060,met_287019_primary_000__marker_zip_002__001.a52f70b6..jpg..zip,data/raw/image_anomaly/anomalous/mitra/files/jpg/met_287019_primary_000/2ebef2a38fe98637d3fb/met_287019_primary_000__marker_zip_002__001.a52f70b6..jpg..zip,2054268,62,2,1,0,0,0.22580645161290322,archive,0,0,0,1,0,1,0,1,0,0,44,7.96224264438736,7.988340858219542,0.37922559276589035,0.008590407872779988,256,6,0,0,0,0,0,0,0,0,0,0,0,0.0,0
1,mitra,image_anomaly_mitra,1061,met_287019_primary_000__marker_zip_002__002.19dc70c3..zip..jpg,data/raw/image_anomaly/anomalous/mitra/files/jpg/met_287019_primary_000/2ebef2a38fe98637d3fb/met_287019_primary_000__marker_zip_002__002.19dc70c3..zip..jpg,2054264,62,2,1,0,0,0.22580645161290322,image,0,0,0,1,0,1,1,0,0,0,44,7.9622422841562805,3.5012892572073717,0.3792258443900102,0.00859042459975933,256,6,0,0,0,0,0,0,0,2,0,0,0,0.015999404166163647,0
1,mitra,image_anomaly_mitra,1062,met_287019_primary_000__marker_pdf_002__001.05f3cb8c..jpg..pdf,data/raw/image_anomaly/anomalous/mitra/files/jpg/met_287019_primary_000/41061e9daa31968b57cb/met_287019_primary_000__marker_pdf_002__001.05f3cb8c..jpg..pdf,2025068,62,2,1,0,0,0.22580645161290322,document,0,0,0,0,0,1,0,1,0,0,43,7.96116013632102,5.072845754531357,0.38046426095321245,0.008605636946512413,256,6,0,0,0,0,0,0,0,0,0,0,0,0.0,0
1,mitra,image_anomaly_mitra,1063,met_287019_primary_000__marker_zip_001__001.bdb5b4fa..jpg..zip,data/raw/image_anomaly/anomalous/mitra/files/jpg/met_287019_primary_000/544a5ef3d6e08e199973/met_287019_primary_000__marker_zip_001__001.bdb5b4fa..jpg..zip,2021782,62,2,1,0,0,0.22580645161290322,archive,0,0,0,1,0,1,0,1,0,0,44,7.9610482181143585,3.496626148991141,0.3793193331427424,0.008663149637300164,256,6,0,0,0,0,0,0,0,0,0,0,0,0.0,0
1,mitra,image_anomaly_mitra,1064,met_287019_primary_000__marker_zip_001__002.872957ec..zip..jpg,data/raw/image_anomaly/anomalous/mitra/files/jpg/met_287019_primary_000/544a5ef3d6e08e199973/met_287019_primary_000__marker_zip_001__002.872957ec..zip..jpg,2021778,62,2,1,0,0,0.22580645161290322,image,0,0,0,1,0,1,1,0,0,0,44,7.9610477229124115,3.5012892572073717,0.3793195889954288,0.008663166776965622,256,6,0,0,0,0,0,0,0,2,0,0,0,0.001061936572660302,0
1,mitra,image_anomaly_mitra,1065,met_287019_primary_000__marker_pdf_001__001.02a8b959..jpg..pdf,data/raw/image_anomaly/anomalous/mitra/files/jpg/met_287019_primary_000/afbad07be6f41b5d1d77/met_287019_primary_000__marker_pdf_001__001.02a8b959..jpg..pdf,2023277,62,2,1,0,0,0.22580645161290322,document,0,0,0,0,0,1,0,1,0,0,43,7.961134197272533,5.250824256483538,0.37993463079944073,0.008613254635919847,256,6,0,0,0,0,0,0,0,0,0,0,0,0.0,0
1,mitra,image_anomaly_mitra,1066,met_288502_primary_000__marker_pdf_002__001.9a0ceb52..jpg..pdf,data/raw/image_anomaly/anomalous/mitra/files/jpg/met_288502_primary_000/08aaa652b5af11453794/met_288502_primary_000__marker_pdf_002__001.9a0ceb52..jpg..pdf,974505,62,2,1,0,0,0.22580645161290322,document,0,0,0,0,0,1,0,1,0,0,20,7.9692527847607355,5.072845754531357,0.3775362876537319,0.009272399833761756,256,6,0,0,0,0,0,0,0,0,0,0,0,0.0,0
1,mitra,image_anomaly_mitra,1067,met_288502_primary_000__marker_pdf_001__001.cbc42463..jpg..pdf,data/raw/image_anomaly/anomalous/mitra/files/jpg/met_288502_primary_000/7ed1399555213703dcfa/met_288502_primary_000__marker_pdf_001__001.cbc42463..jpg..pdf,972714,62,2,1,0,0,0.22580645161290322,document,0,0,0,0,0,1,0,1,0,0,20,7.969308994989614,5.250824256483538,0.37642924847385767,0.009289472547943177,256,6,0,0,0,0,0,0,0,0,0,0,0,0.0,0
1,mitra,image_anomaly_mitra,1068,met_288502_primary_000__marker_zip_001__001.39a81dc2..jpg..zip,data/raw/image_anomaly/anomalous/mitra/files/jpg/met_288502_primary_000/a8cb585f14519785d79a/met_288502_primary_000__marker_zip_001__001.39a81dc2..jpg..zip,971219,62,2,1,0,0,0.22580645161290322,archive,0,0,0,1,0,1,0,1,0,0,21,7.969276803286065,3.503568278698489,0.375142990406901,0.009394379640431251,256,6,0,0,0,0,0,0,0,0,0,0,0,0.0,0
1,mitra,image_anomaly_mitra,1069,met_288502_primary_000__marker_zip_001__002.49416a63..zip..jpg,data/raw/image_anomaly/anomalous/mitra/files/jpg/met_288502_primary_000/a8cb585f14519785d79a/met_288502_primary_000__marker_zip_001__002.49416a63..zip..jpg,971215,62,2,1,0,0,0.22580645161290322,image,0,0,0,1,0,1,1,0,0,0,21,7.969275963636737,3.5075202876039957,0.3751435058148814,0.009394418331677331,256,6,0,0,0,0,0,0,0,2,0,0,0,0.002210633073006492,0
1,mitra,image_anomaly_mitra,1070,met_288502_primary_000__marker_zip_002__001.9fce7384..jpg..zip,data/raw/image_anomaly/anomalous/mitra/files/jpg/met_288502_primary_000/d53e6b30cb42ae0cb282/met_288502_primary_000__marker_zip_002__001.9fce7384..jpg..zip,1003705,62,2,1,0,0,0.22580645161290322,archive,0,0,0,1,0,1,0,1,0,0,21,7.971194383121323,7.988340858219542,0.3750863052390892,0.009221833108333624,256,6,0,0,0,0,0,0,0,0,0,0,0,0.0,0
1,mitra,image_anomaly_mitra,1071,met_288502_primary_000__marker_zip_002__002.8fc09f6e..zip..jpg,data/raw/image_anomaly/anomalous/mitra/files/jpg/met_288502_primary_000/d53e6b30cb42ae0cb282/met_288502_primary_000__marker_zip_002__002.8fc09f6e..zip..jpg,1003701,62,2,1,0,0,0.22580645161290322,image,0,0,0,1,0,1,1,0,0,0,21,7.971194307082852,3.5075202876039957,0.37508680373936065,0.009221869859649437,256,6,0,0,0,0,0,0,0,2,0,0,0,0.03274580776546003,0
1,mitra,image_anomaly_mitra,1072,met_29006_primary_000__marker_pdf_001__001.656ed730..jpg..pdf,data/raw/image_anomaly/anomalous/mitra/files/jpg/met_29006_primary_000/78c07f19e9cd7b140821/met_29006_primary_000__marker_pdf_001__001.656ed730..jpg..pdf,955301,61,2,1,0,0,0.22950819672131148,document,0,0,0,0,0,1,0,1,0,0,7,7.886713151810933,5.250824256483538,0.379326515935815,0.01608079547702766,256,15,0,2,0,0,0,2,2,0,0,0,0,0.0,0
1,mitra,image_anomaly_mitra,1073,met_29006_primary_000__marker_zip_001__001.2484129f..jpg..zip,data/raw/image_anomaly/anomalous/mitra/files/jpg/met_29006_primary_000/791584bfb01ab90554cf/met_29006_primary_000__marker_zip_001__001.2484129f..jpg..zip,953806,61,2,1,0,0,0.22950819672131148,archive,0,0,0,1,0,1,0,1,0,0,8,7.886921057673932,7.612292751341468,0.37802131670381606,0.016198262539761754,256,15,0,2,0,0,0,2,2,0,0,0,0,0.0,0
1,mitra,image_anomaly_mitra,1074,met_29006_primary_000__marker_zip_001__002.5b17a9d0..zip..jpg,data/raw/image_anomaly/anomalous/mitra/files/jpg/met_29006_primary_000/791584bfb01ab90554cf/met_29006_primary_000__marker_zip_001__002.5b17a9d0..zip..jpg,953802,61,2,1,0,0,0.22950819672131148,image,0,0,0,1,0,1,1,0,0,0,8,7.886920037834714,7.376125582846034,0.378021853592255,0.016198330471104066,256,15,0,2,0,0,0,2,2,2,0,0,0,0.0022509912958874065,0
1,mitra,image_anomaly_mitra,1075,met_29006_primary_000__marker_pdf_002__001.f4c3eef4..jpg..pdf,data/raw/image_anomaly/anomalous/mitra/files/jpg/met_29006_primary_000/7e372eb47f70ac6445bd/met_29006_primary_000__marker_pdf_002__001.f4c3eef4..jpg..pdf,957092,61,2,1,0,0,0.22950819672131148,document,0,0,0,0,0,1,0,1,0,0,7,7.886697287564561,5.072845754531357,0.3804482745650366,0.016050703589623568,256,15,0,2,0,0,0,2,2,0,0,0,0,0.0,0
1,mitra,image_anomaly_mitra,1076,met_29006_primary_000__marker_zip_002__001.d930b472..jpg..zip,data/raw/image_anomaly/anomalous/mitra/files/jpg/met_29006_primary_000/c766b832f33142ee9320/met_29006_primary_000__marker_zip_002__001.d930b472..jpg..zip,986292,61,2,1,0,0,0.22950819672131148,archive,0,0,0,1,0,1,0,1,0,0,8,7.893691995376329,7.988340858219542,0.37786882586495685,0.01579856675305082,256,15,0,2,0,0,0,2,2,0,0,0,0,0.0,0
1,mitra,image_anomaly_mitra,1077,met_29006_primary_000__marker_zip_002__002.513b2f6f..zip..jpg,data/raw/image_anomaly/anomalous/mitra/files/jpg/met_29006_primary_000/c766b832f33142ee9320/met_29006_primary_000__marker_zip_002__002.513b2f6f..zip..jpg,986288,61,2,1,0,0,0.22950819672131148,image,0,0,0,1,0,1,1,0,0,0,8,7.893691739408279,7.376125582846034,0.3778693444511137,0.01579863082588453,256,15,0,2,0,0,0,2,2,2,0,0,0,0.03332393783560177,0
1,mitra,image_anomaly_mitra,1078,met_2951_additional_001__marker_zip_002__001.a75f5a98..jpg..zip,data/raw/image_anomaly/anomalous/mitra/files/jpg/met_2951_additional_001/189302a412d964612cff/met_2951_additional_001__marker_zip_002__001.a75f5a98..jpg..zip,1028145,63,2,1,0,0,0.2222222222222222,archive,0,0,0,1,0,1,0,1,0,0,10,7.895807259956406,7.988340858219542,0.3702610040412588,0.022333425732751704,256,17,0,0,0,0,0,0,0,0,0,0,0,0.0,0
1,mitra,image_anomaly_mitra,1079,met_2951_additional_001__marker_zip_002__002.35a663ef..zip..jpg,data/raw/image_anomaly/anomalous/mitra/files/jpg/met_2951_additional_001/189302a412d964612cff/met_2951_additional_001__marker_zip_002__002.35a663ef..zip..jpg,1028141,63,2,1,0,0,0.2222222222222222,image,0,0,0,1,0,1,1,0,0,0,10,7.895806648785116,4.841545633020036,0.3702614719187349,0.02233351262132334,256,17,0,0,0,0,0,0,0,2,0,0,0,0.03196740524889096,0
1,mitra,image_anomaly_mitra,1080,met_2951_additional_001__marker_zip_001__001.592ffa95..jpg..zip,data/raw/image_anomaly/anomalous/mitra/files/jpg/met_2951_additional_001/3c907015814380cf248e/met_2951_additional_001__marker_zip_001__001.592ffa95..jpg..zip,995659,63,2,1,0,0,0.2222222222222222,archive,0,0,0,1,0,1,0,1,0,0,10,7.889432297783301,5.570463303278423,0.3701588596095651,0.022929537120640702,256,17,0,0,0,0,0,0,0,0,0,0,0,0.0,0
1,mitra,image_anomaly_mitra,1081,met_2951_additional_001__marker_zip_001__002.4a392801..zip..jpg,data/raw/image_anomaly/anomalous/mitra/files/jpg/met_2951_additional_001/3c907015814380cf248e/met_2951_additional_001__marker_zip_001__002.4a392801..zip..jpg,995655,63,2,1,0,0,0.2222222222222222,image,0,0,0,1,0,1,1,0,0,0,10,7.88943129062663,4.841545633020036,0.37015934234247805,0.022929629239043646,256,17,0,0,0,0,0,0,0,2,0,0,0,0.0021563694251522866,0
1,mitra,image_anomaly_mitra,1082,met_2951_additional_001__marker_pdf_001__001.f93c66c2..jpg..pdf,data/raw/image_anomaly/anomalous/mitra/files/jpg/met_2951_additional_001/ed9c9cd4d63dce455602/met_2951_additional_001__marker_pdf_001__001.f93c66c2..jpg..pdf,997154,63,2,1,0,0,0.2222222222222222,document,0,0,0,0,0,1,0,1,0,0,9,7.88979671540961,5.250824256483538,0.37142106434913763,0.022806908461481375,256,17,0,0,0,0,0,0,0,0,0,0,0,0.0,0
1,mitra,image_anomaly_mitra,1083,met_2951_additional_001__marker_pdf_002__001.bac827a4..jpg..pdf,data/raw/image_anomaly/anomalous/mitra/files/jpg/met_2951_additional_001/f755c1a7c085f6e610c1/met_2951_additional_001__marker_pdf_002__001.bac827a4..jpg..pdf,998945,63,2,1,0,0,0.2222222222222222,document,0,0,0,0,0,1,0,1,0,0,9,7.890056519236338,5.072845754531357,0.3725099980479406,0.02276601814914735,256,17,0,0,0,0,0,0,0,0,0,0,0,0.0,0
1,mitra,image_anomaly_mitra,1084,met_2951_primary_000__marker_zip_002__001.5d451332..jpg..zip,data/raw/image_anomaly/anomalous/mitra/files/jpg/met_2951_primary_000/69a7aad9278125e41b4b/met_2951_primary_000__marker_zip_002__001.5d451332..jpg..zip,1602435,60,2,1,0,0,0.23333333333333334,archive,0,0,0,1,0,1,0,1,0,0,23,7.919142206818133,7.988340858219542,0.3669927329345652,0.02140991678289603,256,17,0,0,0,0,0,0,0,0,0,0,0,0.0,0
1,mitra,image_anomaly_mitra,1085,met_2951_primary_000__marker_zip_002__002.87c2a44c..zip..jpg,data/raw/image_anomaly/anomalous/mitra/files/jpg/met_2951_primary_000/69a7aad9278125e41b4b/met_2951_primary_000__marker_zip_002__002.87c2a44c..zip..jpg,1602431,60,2,1,0,0,0.23333333333333334,image,0,0,0,1,0,1,1,0,0,0,23,7.919141987761525,4.842020377036639,0.36699302497268216,0.02140997022648713,256,17,0,0,0,0,0,0,0,2,0,0,0,0.02051071153765747,0
1,mitra,image_anomaly_mitra,1086,met_2951_primary_000__marker_pdf_001__001.b5d4bad3..jpg..pdf,data/raw/image_anomaly/anomalous/mitra/files/jpg/met_2951_primary_000/6f34a647dd62b426f7db/met_2951_primary_000__marker_pdf_001__001.b5d4bad3..jpg..pdf,1571444,60,2,1,0,0,0.23333333333333334,document,0,0,0,0,0,1,0,1,0,0,22,7.916340675599174,5.250824256483538,0.3676643902041689,0.02169215065888444,256,17,0,0,0,0,0,0,0,0,0,0,0,0.0,0
1,mitra,image_anomaly_mitra,1087,met_2951_primary_000__marker_pdf_002__001.6e88ee1d..jpg..pdf,data/raw/image_anomaly/anomalous/mitra/files/jpg/met_2951_primary_000/b631874a7fe4e5c8073b/met_2951_primary_000__marker_pdf_002__001.6e88ee1d..jpg..pdf,1573235,60,2,1,0,0,0.23333333333333334,document,0,0,0,0,0,1,0,1,0,0,22,7.916513221045155,5.072845754531357,0.36836009877736003,0.021667455910909687,256,17,0,0,0,0,0,0,0,0,0,0,0,0.0,0
1,mitra,image_anomaly_mitra,1088,met_2951_primary_000__marker_zip_001__001.c0cd62e2..jpg..zip,data/raw/image_anomaly/anomalous/mitra/files/jpg/met_2951_primary_000/fc6f236010533e6c548a/met_2951_primary_000__marker_zip_001__001.c0cd62e2..jpg..zip,1569949,60,2,1,0,0,0.23333333333333334,archive,0,0,0,1,0,1,0,1,0,0,23,7.916049932714975,5.571076190622695,0.366860324762142,0.021768860007554385,256,17,0,0,0,0,0,0,0,0,0,0,0,0.0,0
1,mitra,image_anomaly_mitra,1089,met_2951_primary_000__marker_zip_001__002.f646ecbc..zip..jpg,data/raw/image_anomaly/anomalous/mitra/files/jpg/met_2951_primary_000/fc6f236010533e6c548a/met_2951_primary_000__marker_zip_001__002.f646ecbc..zip..jpg,1569945,60,2,1,0,0,0.23333333333333334,image,0,0,0,1,0,1,1,0,0,0,23,7.916049543185432,4.842020377036639,0.36686062250588397,0.021768915471561106,256,17,0,0,0,0,0,0,0,2,0,0,0,0.0013675638318539822,0
1,mitra,image_anomaly_mitra,1090,met_306808_primary_000__marker_zip_002__001.31ef3882..jpg..zip,data/raw/image_anomaly/anomalous/mitra/files/jpg/met_306808_primary_000/0c4b89dc5c040e575fe4/met_306808_primary_000__marker_zip_002__001.31ef3882..jpg..zip,1595524,62,2,1,0,0,0.22580645161290322,archive,0,0,0,1,0,1,0,1,0,0,25,7.978225770973202,7.988340858219542,0.381524815671842,0.009706529014919236,256,24,0,0,0,0,0,0,0,0,0,0,0,0.0,0
1,mitra,image_anomaly_mitra,1091,met_306808_primary_000__marker_zip_002__002.0346e20f..zip..jpg,data/raw/image_anomaly/anomalous/mitra/files/jpg/met_306808_primary_000/0c4b89dc5c040e575fe4/met_306808_primary_000__marker_zip_002__002.0346e20f..zip..jpg,1595520,62,2,1,0,0,0.22580645161290322,image,0,0,0,1,0,1,1,0,0,0,25,7.9782254225586,4.775672276842607,0.38152514540714,0.009706553349378259,256,24,0,0,0,0,0,0,0,2,0,0,0,0.020599553750501404,0
1,mitra,image_anomaly_mitra,1092,met_306808_primary_000__marker_pdf_002__001.c6535ad0..jpg..pdf,data/raw/image_anomaly/anomalous/mitra/files/jpg/met_306808_primary_000/3e1c9c85aefa0d83cdb7/met_306808_primary_000__marker_pdf_002__001.c6535ad0..jpg..pdf,1566324,62,2,1,0,0,0.22580645161290322,document,0,0,0,0,0,1,0,1,0,0,24,7.977217103918961,5.072845754531357,0.383169127204844,0.009747025519624293,256,24,0,0,0,0,0,0,0,0,0,0,0,0.0,0
1,mitra,image_anomaly_mitra,1093,met_306808_primary_000__marker_pdf_001__001.8570d4fc..jpg..pdf,data/raw/image_anomaly/anomalous/mitra/files/jpg/met_306808_primary_000/49e8f424d89d09644a41/met_306808_primary_000__marker_pdf_001__001.8570d4fc..jpg..pdf,1564533,62,2,1,0,0,0.22580645161290322,document,0,0,0,0,0,1,0,1,0,0,24,7.977296031062267,5.250824256483538,0.38248729812666143,0.009758183432372471,256,24,0,0,0,0,0,0,0,0,0,0,0,0.0,0
1,mitra,image_anomaly_mitra,1094,met_306808_primary_000__marker_zip_001__001.9e523a94..jpg..zip,data/raw/image_anomaly/anomalous/mitra/files/jpg/met_306808_primary_000/bb8a2ef2e0577434d10d/met_306808_primary_000__marker_zip_001__001.9e523a94..jpg..zip,1563038,62,2,1,0,0,0.22580645161290322,archive,0,0,0,1,0,1,0,1,0,0,25,7.977351225797456,5.254344563479691,0.3816938551717873,0.009823817463171082,256,24,0,0,0,0,0,0,0,0,0,0,0,0.0,0
1,mitra,image_anomaly_mitra,1095,met_306808_primary_000__marker_zip_001__002.ee6da838..zip..jpg,data/raw/image_anomaly/anomalous/mitra/files/jpg/met_306808_primary_000/bb8a2ef2e0577434d10d/met_306808_primary_000__marker_zip_001__002.ee6da838..zip..jpg,1563034,62,2,1,0,0,0.22580645161290322,image,0,0,0,1,0,1,1,0,0,0,25,7.977350428265052,4.775672276842607,0.38169419219287615,0.00982384260355181,256,24,0,0,0,0,0,0,0,2,0,0,0,0.0013736105548567722,0
1,mitra,image_anomaly_mitra,1096,met_308346_primary_000__marker_zip_002__001.85dac73b..jpg..zip,data/raw/image_anomaly/anomalous/mitra/files/jpg/met_308346_primary_000/077aa552ef76652b6b2f/met_308346_primary_000__marker_zip_002__001.85dac73b..jpg..zip,508880,62,2,1,0,0,0.22580645161290322,archive,0,0,0,1,0,1,0,1,0,0,4,7.41763925291672,7.988340858219542,0.3517764502436724,0.061888853953780854,256,6,0,1,0,0,0,1,1,0,0,0,0,0.0,0
1,mitra,image_anomaly_mitra,1097,met_308346_primary_000__marker_zip_002__002.48f2735f..zip..jpg,data/raw/image_anomaly/anomalous/mitra/files/jpg/met_308346_primary_000/077aa552ef76652b6b2f/met_308346_primary_000__marker_zip_002__002.48f2735f..zip..jpg,508876,62,2,1,0,0,0.22580645161290322,image,0,0,0,1,0,1,1,0,0,0,4,7.417627096463536,3.470816917720641,0.3517772502534999,0.06188934042870955,256,6,0,1,0,0,0,1,1,2,0,0,0,0.06458744369944741,0
1,mitra,image_anomaly_mitra,1098,met_308346_primary_000__marker_zip_001__001.e33a7e11..jpg..zip,data/raw/image_anomaly/anomalous/mitra/files/jpg/met_308346_primary_000/7539fd84cd5bdc7c1247/met_308346_primary_000__marker_zip_001__001.e33a7e11..jpg..zip,476394,62,2,1,0,0,0.22580645161290322,archive,0,0,0,1,0,1,0,1,0,0,4,7.345787535306582,3.4698528298128752,0.3503024807197404,0.06583206337611305,256,6,0,1,0,0,0,1,1,0,0,0,0,0.0,0
1,mitra,image_anomaly_mitra,1099,met_308346_primary_000__marker_zip_001__002.52087b4e..zip..jpg,data/raw/image_anomaly/anomalous/mitra/files/jpg/met_308346_primary_000/7539fd84cd5bdc7c1247/met_308346_primary_000__marker_zip_001__002.52087b4e..zip..jpg,476390,62,2,1,0,0,0.22580645161290322,image,0,0,0,1,0,1,1,0,0,0,4,7.345770202603144,3.470816917720641,0.35030332290770166,0.06583261613383992,256,6,0,1,0,0,0,1,1,2,0,0,0,0.004506811645920359,0
1,mitra,image_anomaly_mitra,1100,met_308346_primary_000__marker_pdf_002__001.7386819b..jpg..pdf,data/raw/image_anomaly/anomalous/mitra/files/jpg/met_308346_primary_000/82106016b0f8dfda1c1b/met_308346_primary_000__marker_pdf_002__001.7386819b..jpg..pdf,479680,62,2,1,0,0,0.22580645161290322,document,0,0,0,0,0,1,0,1,0,0,3,7.35180770642839,5.072845754531357,0.3553348065376918,0.06519763175450301,256,6,0,1,0,0,0,1,1,0,0,0,0,0.0,0
1,mitra,image_anomaly_mitra,1101,met_308346_primary_000__marker_pdf_001__001.37bd7a7e..jpg..pdf,data/raw/image_anomaly/anomalous/mitra/files/jpg/met_308346_primary_000/a98011c54198ecab4ee6/met_308346_primary_000__marker_pdf_001__001.37bd7a7e..jpg..pdf,477889,62,2,1,0,0,0.22580645161290322,document,0,0,0,0,0,1,0,1,0,0,3,7.348493219714151,5.250824256483538,0.3529982903979794,0.06544197501930364,256,6,0,1,0,0,0,1,1,0,0,0,0,0.0,0
1,mitra,image_anomaly_mitra,1102,met_311214_primary_000__marker_pdf_001__001.56e6b0bb..jpg..pdf,data/raw/image_anomaly/anomalous/mitra/files/jpg/met_311214_primary_000/0f290d45abc4d103a1c8/met_311214_primary_000__marker_pdf_001__001.56e6b0bb..jpg..pdf,156702,62,2,1,0,0,0.22580645161290322,document,0,0,0,0,0,1,0,1,0,0,1,7.213535147985051,5.250824256483538,0.3394723743155799,0.0876695894117497,256,6,0,1,0,0,0,1,1,0,0,0,0,0.0,0
1,mitra,image_anomaly_mitra,1103,met_311214_primary_000__marker_pdf_002__001.111e03df..jpg..pdf,data/raw/image_anomaly/anomalous/mitra/files/jpg/met_311214_primary_000/10cd16860954f8067f22/met_311214_primary_000__marker_pdf_002__001.111e03df..jpg..pdf,158493,62,2,1,0,0,0.22580645161290322,document,0,0,0,0,0,1,0,1,0,0,1,7.225106102271641,5.072845754531357,0.3466966995387809,0.08667890695488129,256,6,0,1,0,0,0,1,1,0,0,0,0,0.0,0
1,mitra,image_anomaly_mitra,1104,met_311214_primary_000__marker_zip_001__001.99e030ea..jpg..zip,data/raw/image_anomaly/anomalous/mitra/files/jpg/met_311214_primary_000/88749778dc58a34c6a47/met_311214_primary_000__marker_zip_001__001.99e030ea..jpg..zip,155207,62,2,1,0,0,0.22580645161290322,archive,0,0,0,1,0,1,0,1,0,0,2,7.2035175293455,3.473024276847721,0.3310675420567371,0.0890810337162628,256,6,0,1,0,0,0,1,1,0,0,0,0,0.0,0
1,mitra,image_anomaly_mitra,1105,met_311214_primary_000__marker_zip_001__002.a40d07da..zip..jpg,data/raw/image_anomaly/anomalous/mitra/files/jpg/met_311214_primary_000/88749778dc58a34c6a47/met_311214_primary_000__marker_zip_001__002.a40d07da..zip..jpg,155203,62,2,1,0,0,0.22580645161290322,image,0,0,0,1,0,1,1,0,0,0,2,7.203489394756473,3.487723342663202,0.33106963138599127,0.08908332957481492,256,6,0,1,0,0,0,1,1,2,0,0,0,0.013833495486556317,0
1,mitra,image_anomaly_mitra,1106,met_311214_primary_000__marker_zip_002__001.d37684d9..jpg..zip,data/raw/image_anomaly/anomalous/mitra/files/jpg/met_311214_primary_000/d44db303de3263faa4ea/met_311214_primary_000__marker_zip_002__001.d37684d9..jpg..zip,187693,62,2,1,0,0,0.22580645161290322,archive,0,0,0,1,0,1,0,1,0,0,2,7.416428533822293,7.988340858219542,0.33839301412412826,0.07436611914136382,256,6,0,1,0,0,0,1,1,0,0,0,0,0.0,0
1,mitra,image_anomaly_mitra,1107,met_311214_primary_000__marker_zip_002__002.3c65f8da..zip..jpg,data/raw/image_anomaly/anomalous/mitra/files/jpg/met_311214_primary_000/d44db303de3263faa4ea/met_311214_primary_000__marker_zip_002__002.3c65f8da..zip..jpg,187689,62,2,1,0,0,0.22580645161290322,image,0,0,0,1,0,1,1,0,0,0,2,7.416407638890923,3.487723342663202,0.3383948979428736,0.07436770402101349,256,6,0,1,0,0,0,1,1,2,0,0,0,0.175114151601852,0
1,mitra,image_anomaly_mitra,1108,met_312694_additional_001__marker_zip_002__001.0057f279..jpg..zip,data/raw/image_anomaly/anomalous/mitra/files/jpg/met_312694_additional_001/290adc56f355f147411d/met_312694_additional_001__marker_zip_002__001.0057f279..jpg..zip,3288156,65,2,1,0,0,0.2153846153846154,archive,0,0,0,1,0,1,0,1,0,0,75,7.967434909648056,7.988340858219542,0.37632004077665415,0.01230233602055377,256,17,0,0,1,0,0,0,1,0,0,0,0,0.0,0
1,mitra,image_anomaly_mitra,1109,met_312694_additional_001__marker_zip_002__002.23f1cbec..zip..jpg,data/raw/image_anomaly/anomalous/mitra/files/jpg/met_312694_additional_001/290adc56f355f147411d/met_312694_additional_001__marker_zip_002__002.23f1cbec..zip..jpg,3288152,65,2,1,0,0,0.2153846153846154,image,0,0,0,1,0,1,1,0,0,0,75,7.9674346776242055,6.3865090534596956,0.37632019444356585,0.01230235098620745,256,17,0,0,1,0,0,0,1,2,0,0,0,0.009995584145745088,0
1,mitra,image_anomaly_mitra,1110,met_312694_additional_001__marker_pdf_001__001.3f02ca59..jpg..pdf,data/raw/image_anomaly/anomalous/mitra/files/jpg/met_312694_additional_001/3dd60c0391ad5bf5e320/met_312694_additional_001__marker_pdf_001__001.3f02ca59..jpg..pdf,3257165,65,2,1,0,0,0.2153846153846154,document,0,0,0,0,0,1,0,1,0,0,74,7.966884366586682,5.250824256483538,0.3767328336145083,0.012351845853679504,256,17,0,0,1,0,0,0,1,0,0,0,0,0.0,0
1,mitra,image_anomaly_mitra,1111,met_312694_additional_001__marker_zip_001__001.0751b518..jpg..zip,data/raw/image_anomaly/anomalous/mitra/files/jpg/met_312694_additional_001/6ccf332bebde878a503c/met_312694_additional_001__marker_zip_001__001.0751b518..jpg..zip,3255670,65,2,1,0,0,0.2153846153846154,archive,0,0,0,1,0,1,0,1,0,0,75,7.96680802530255,6.207875755953915,0.3763492614423452,0.012384547573924876,256,17,0,0,1,0,0,0,1,0,0,0,0,0.0,0
1,mitra,image_anomaly_mitra,1112,met_312694_additional_001__marker_zip_001__002.8ecacfb7..zip..jpg,data/raw/image_anomaly/anomalous/mitra/files/jpg/met_312694_additional_001/6ccf332bebde878a503c/met_312694_additional_001__marker_zip_001__002.8ecacfb7..zip..jpg,3255666,65,2,1,0,0,0.2153846153846154,image,0,0,0,1,0,1,1,0,0,0,75,7.966807623858477,6.3865090534596956,0.3763494166784922,0.012384562789917638,256,17,0,0,1,0,0,0,1,2,0,0,0,0.0006594656822905053,0
1,mitra,image_anomaly_mitra,1113,met_312694_additional_001__marker_pdf_002__001.0f8d0107..jpg..pdf,data/raw/image_anomaly/anomalous/mitra/files/jpg/met_312694_additional_001/cc07d89ac8169dc6a4fa/met_312694_additional_001__marker_pdf_002__001.0f8d0107..jpg..pdf,3258956,65,2,1,0,0,0.2153846153846154,document,0,0,0,0,0,1,0,1,0,0,74,7.966904771348838,5.072845754531357,0.3770636976995087,0.012345057742418125,256,17,0,0,1,0,0,0,1,0,0,0,0,0.0,0
1,mitra,image_anomaly_mitra,1114,met_312694_additional_002__marker_zip_002__001.3b656a70..jpg..zip,data/raw/image_anomaly/anomalous/mitra/files/jpg/met_312694_additional_002/05e72633aafdc50d59e1/met_312694_additional_002__marker_zip_002__001.3b656a70..jpg..zip,1329748,65,2,1,0,0,0.2153846153846154,archive,0,0,0,1,0,1,0,1,0,0,17,7.940986232330676,7.988340858219542,0.3647127124838691,0.01020268502001883,256,17,0,0,0,0,0,0,0,0,0,0,0,0.0,0
1,mitra,image_anomaly_mitra,1115,met_312694_additional_002__marker_zip_002__002.44b2dd56..zip..jpg,data/raw/image_anomaly/anomalous/mitra/files/jpg/met_312694_additional_002/05e72633aafdc50d59e1/met_312694_additional_002__marker_zip_002__002.44b2dd56..zip..jpg,1329744,65,2,1,0,0,0.2153846153846154,image,0,0,0,1,0,1,1,0,0,0,17,7.9409856436850585,6.398778262569425,0.3647130575509271,0.010202715710693186,256,17,0,0,0,0,0,0,0,2,0,0,0,0.024716787592198197,0
1,mitra,image_anomaly_mitra,1116,met_312694_additional_002__marker_zip_001__001.44307b3c..jpg..zip,data/raw/image_anomaly/anomalous/mitra/files/jpg/met_312694_additional_002/0853c9fac344c1e6cbec/met_312694_additional_002__marker_zip_001__001.44307b3c..jpg..zip,1297262,65,2,1,0,0,0.2153846153846154,archive,0,0,0,1,0,1,0,1,0,0,17,7.9381655739619115,6.2237147629416505,0.36449537564501233,0.01035642761446801,256,17,0,0,0,0,0,0,0,0,0,0,0,0.0,0
1,mitra,image_anomaly_mitra,1117,met_312694_additional_002__marker_zip_001__002.4064afd0..zip..jpg,data/raw/image_anomaly/anomalous/mitra/files/jpg/met_312694_additional_002/0853c9fac344c1e6cbec/met_312694_additional_002__marker_zip_001__002.4064afd0..zip..jpg,1297258,65,2,1,0,0,0.2153846153846154,image,0,0,0,1,0,1,1,0,0,0,17,7.938165716982941,6.398778262569425,0.3644957286831147,0.0103564595477538,256,17,0,0,0,0,0,0,0,2,0,0,0,0.0016550293002625539,0
1,mitra,image_anomaly_mitra,1118,met_312694_additional_002__marker_pdf_002__001.177998bd..jpg..pdf,data/raw/image_anomaly/anomalous/mitra/files/jpg/met_312694_additional_002/22d5e1fbbfa6b0edd5f2/met_312694_additional_002__marker_pdf_002__001.177998bd..jpg..pdf,1300548,65,2,1,0,0,0.2153846153846154,document,0,0,0,0,0,1,0,1,0,0,16,7.938327724241523,5.072845754531357,0.3663155838923285,0.01026259699757333,256,17,0,0,0,0,0,0,0,0,0,0,0,0.0,0
1,mitra,image_anomaly_mitra,1119,met_312694_additional_002__marker_pdf_001__001.ed2bb089..jpg..pdf,data/raw/image_anomaly/anomalous/mitra/files/jpg/met_312694_additional_002/8beb8864dfcc03eea0c6/met_312694_additional_002__marker_pdf_001__001.ed2bb089..jpg..pdf,1298757,65,2,1,0,0,0.2153846153846154,document,0,0,0,0,0,1,0,1,0,0,16,7.938252920608234,5.250824256483538,0.3654709849494555,0.010276749230225516,256,17,0,0,0,0,0,0,0,0,0,0,0,0.0,0
1,mitra,image_anomaly_mitra,1120,met_312694_additional_003__marker_pdf_001__001.cc3e7870..jpg..pdf,data/raw/image_anomaly/anomalous/mitra/files/jpg/met_312694_additional_003/4093e8faa3b28e0ca798/met_312694_additional_003__marker_pdf_001__001.cc3e7870..jpg..pdf,1806108,65,2,1,0,0,0.2153846153846154,document,0,0,0,0,0,1,0,1,0,0,31,7.962610568276767,5.250824256483538,0.3719423201713297,0.014154192329583834,256,17,0,0,0,0,0,0,0,0,0,0,0,0.0,0
1,mitra,image_anomaly_mitra,1121,met_312694_additional_003__marker_pdf_002__001.24a24422..jpg..pdf,data/raw/image_anomaly/anomalous/mitra/files/jpg/met_312694_additional_003/445159cc1e63889c3286/met_312694_additional_003__marker_pdf_002__001.24a24422..jpg..pdf,1807899,65,2,1,0,0,0.2153846153846154,document,0,0,0,0,0,1,0,1,0,0,31,7.962653931393051,5.072845754531357,0.3725434883253987,0.014140170440937242,256,17,0,0,0,0,0,0,0,0,0,0,0,0.0,0
1,mitra,image_anomaly_mitra,1122,met_312694_additional_003__marker_zip_001__001.0bf7980e..jpg..zip,data/raw/image_anomaly/anomalous/mitra/files/jpg/met_312694_additional_003/49596a20b65f911446b7/met_312694_additional_003__marker_zip_001__001.0bf7980e..jpg..zip,1804613,65,2,1,0,0,0.2153846153846154,archive,0,0,0,1,0,1,0,1,0,0,32,7.962483785220778,6.215047520002491,0.37124635586688115,0.014214682039861178,256,17,0,0,0,0,0,0,0,0,0,0,0,0.0,0
1,mitra,image_anomaly_mitra,1123,met_312694_additional_003__marker_zip_001__002.f91e888c..zip..jpg,data/raw/image_anomaly/anomalous/mitra/files/jpg/met_312694_additional_003/49596a20b65f911446b7/met_312694_additional_003__marker_zip_001__002.f91e888c..zip..jpg,1804609,65,2,1,0,0,0.2153846153846154,image,0,0,0,1,0,1,1,0,0,0,32,7.962483562552466,6.369396757852288,0.37124662461508284,0.01421471354736677,256,17,0,0,0,0,0,0,0,2,0,0,0,0.0011897314044205698,0
1,mitra,image_anomaly_mitra,1124,met_312694_additional_003__marker_zip_002__001.196a93d5..jpg..zip,data/raw/image_anomaly/anomalous/mitra/files/jpg/met_312694_additional_003/8f86fd18b9dd9aadc3c2/met_312694_additional_003__marker_zip_002__001.196a93d5..jpg..zip,1837099,65,2,1,0,0,0.2153846153846154,archive,0,0,0,1,0,1,0,1,0,0,32,7.963712061771852,7.988340858219542,0.3712842911568729,0.014035171757210689,256,17,0,0,0,0,0,0,0,0,0,0,0,0.0,0
1,mitra,image_anomaly_mitra,1125,met_312694_additional_003__marker_zip_002__002.6ef46f74..zip..jpg,data/raw/image_anomaly/anomalous/mitra/files/jpg/met_312694_additional_003/8f86fd18b9dd9aadc3c2/met_312694_additional_003__marker_zip_002__002.6ef46f74..zip..jpg,1837095,65,2,1,0,0,0.2153846153846154,image,0,0,0,1,0,1,1,0,0,0,32,7.963711495777736,6.369396757852288,0.37128455523530357,0.014035202316701096,256,17,0,0,0,0,0,0,0,2,0,0,0,0.017890745987551,0
1,mitra,image_anomaly_mitra,1126,met_312694_primary_000__marker_pdf_002__001.768315a9..jpg..pdf,data/raw/image_anomaly/anomalous/mitra/files/jpg/met_312694_primary_000/6ec3777d6313395adbd7/met_312694_primary_000__marker_pdf_002__001.768315a9..jpg..pdf,3314166,62,2,1,0,0,0.22580645161290322,document,0,0,0,0,0,1,0,1,0,0,74,7.96672206905386,5.072845754531357,0.3746888357432911,0.012590196145878028,256,17,0,0,0,0,0,0,0,0,0,0,0,0.0,0
1,mitra,image_anomaly_mitra,1127,met_312694_primary_000__marker_zip_001__001.721acb34..jpg..zip,data/raw/image_anomaly/anomalous/mitra/files/jpg/met_312694_primary_000/a7b6607810e7a6f0db51/met_312694_primary_000__marker_zip_001__001.721acb34..jpg..zip,3310880,62,2,1,0,0,0.22580645161290322,archive,0,0,0,1,0,1,0,1,0,0,75,7.966616845307838,6.214921451616659,0.37398395592712513,0.012629270767892524,256,17,0,0,0,0,0,0,0,0,0,0,0,0.0,0
1,mitra,image_anomaly_mitra,1128,met_312694_primary_000__marker_zip_001__002.5c0e4b80..zip..jpg,data/raw/image_anomaly/anomalous/mitra/files/jpg/met_312694_primary_000/a7b6607810e7a6f0db51/met_312694_primary_000__marker_zip_001__002.5c0e4b80..zip..jpg,3310876,62,2,1,0,0,0.22580645161290322,image,0,0,0,1,0,1,1,0,0,0,75,7.966616456919361,6.376034052548006,0.37398410571703683,0.012629286025813109,256,17,0,0,0,0,0,0,0,2,0,0,0,0.0006484688644334611,0
1,mitra,image_anomaly_mitra,1129,met_312694_primary_000__marker_pdf_001__001.bd2a1520..jpg..pdf,data/raw/image_anomaly/anomalous/mitra/files/jpg/met_312694_primary_000/c9a4e762b15cb8b6bb98/met_312694_primary_000__marker_pdf_001__001.bd2a1520..jpg..pdf,3312375,62,2,1,0,0,0.22580645161290322,document,0,0,0,0,0,1,0,1,0,0,74,7.966697191826275,5.250824256483538,0.37436220234725837,0.012597003660515492,256,17,0,0,0,0,0,0,0,0,0,0,0,0.0,0
1,mitra,image_anomaly_mitra,1130,met_312694_primary_000__marker_zip_002__001.57f8d9e5..jpg..zip,data/raw/image_anomaly/anomalous/mitra/files/jpg/met_312694_primary_000/d8b4ec25dd64f57b7226/met_312694_primary_000__marker_zip_002__001.57f8d9e5..jpg..zip,3343366,62,2,1,0,0,0.22580645161290322,archive,0,0,0,1,0,1,0,1,0,0,75,7.9672359405107915,7.988340858219542,0.37397820041239876,0.0125460389320224,256,17,0,0,0,0,0,0,0,0,0,0,0,0.0,0
1,mitra,image_anomaly_mitra,1131,met_312694_primary_000__marker_zip_002__002.9c293cee..zip..jpg,data/raw/image_anomaly/anomalous/mitra/files/jpg/met_312694_primary_000/d8b4ec25dd64f57b7226/met_312694_primary_000__marker_zip_002__002.9c293cee..zip..jpg,3343362,62,2,1,0,0,0.22580645161290322,image,0,0,0,1,0,1,1,0,0,0,75,7.967235750079589,6.376034052548006,0.37397834873998087,0.012546053942109768,256,17,0,0,0,0,0,0,0,2,0,0,0,0.009830523885837071,0
1,mitra,image_anomaly_mitra,1132,met_313118_additional_001__marker_pdf_001__001.e36d96e6..jpg..pdf,data/raw/image_anomaly/anomalous/mitra/files/jpg/met_313118_additional_001/07d63ed6f1dfb19f4b48/met_313118_additional_001__marker_pdf_001__001.e36d96e6..jpg..pdf,331925,65,2,1,0,0,0.2153846153846154,document,0,0,0,0,0,1,0,1,0,0,6,7.755257645469534,5.250824256483538,0.3806793703396852,0.02508397981471718,256,6,0,1,0,0,0,1,1,0,0,0,0,0.0,0
1,mitra,image_anomaly_mitra,1133,met_313118_additional_001__marker_pdf_002__001.8458c21a..jpg..pdf,data/raw/image_anomaly/anomalous/mitra/files/jpg/met_313118_additional_001/7c37d50c6130ce4e64a7/met_313118_additional_001__marker_pdf_002__001.8458c21a..jpg..pdf,333716,65,2,1,0,0,0.2153846153846154,document,0,0,0,0,0,1,0,1,0,0,6,7.75633555374652,5.072845754531357,0.3838892950892376,0.024949358136858887,256,6,0,1,0,0,0,1,1,0,0,0,0,0.0,0
1,mitra,image_anomaly_mitra,1134,met_313118_additional_001__marker_zip_001__001.d350116d..jpg..zip,data/raw/image_anomaly/anomalous/mitra/files/jpg/met_313118_additional_001/959557e26d3c999aaa71/met_313118_additional_001__marker_zip_001__001.d350116d..jpg..zip,330430,65,2,1,0,0,0.2153846153846154,archive,0,0,0,1,0,1,0,1,0,0,7,7.754571586509301,3.473507591392729,0.3769179553914596,0.02546378960748116,256,6,0,1,0,0,0,1,1,0,0,0,0,0.0,0
1,mitra,image_anomaly_mitra,1135,met_313118_additional_001__marker_zip_001__002.313d9e28..zip..jpg,data/raw/image_anomaly/anomalous/mitra/files/jpg/met_313118_additional_001/959557e26d3c999aaa71/met_313118_additional_001__marker_zip_001__002.313d9e28..zip..jpg,330426,65,2,1,0,0,0.2153846153846154,image,0,0,0,1,0,1,1,0,0,0,7,7.754550720430194,3.4831433110326158,0.3769194918075454,0.025464097861548424,256,6,0,1,0,0,0,1,1,2,0,0,0,0.006497672701300745,0
1,mitra,image_anomaly_mitra,1136,met_313118_additional_001__marker_zip_002__001.24ea0e69..jpg..zip,data/raw/image_anomaly/anomalous/mitra/files/jpg/met_313118_additional_001/968380fe17247dd91101/met_313118_additional_001__marker_zip_002__001.24ea0e69..jpg..zip,362916,65,2,1,0,0,0.2153846153846154,archive,0,0,0,1,0,1,0,1,0,0,7,7.795188781946859,7.988340858219542,0.3766022991546253,0.0235481488829371,256,6,0,1,0,0,0,1,1,0,0,0,0,0.0,0
1,mitra,image_anomaly_mitra,1137,met_313118_additional_001__marker_zip_002__002.a9db66b2..zip..jpg,data/raw/image_anomaly/anomalous/mitra/files/jpg/met_313118_additional_001/968380fe17247dd91101/met_313118_additional_001__marker_zip_002__002.a9db66b2..zip..jpg,362912,65,2,1,0,0,0.2153846153846154,image,0,0,0,1,0,1,1,0,0,0,7,7.795178142777145,3.4831433110326158,0.37660369455956266,0.023548408429591747,256,6,0,1,0,0,0,1,1,2,0,0,0,0.09056465479234635,0
1,mitra,image_anomaly_mitra,1138,met_313118_primary_000__marker_pdf_002__001.16f14aff..jpg..pdf,data/raw/image_anomaly/anomalous/mitra/files/jpg/met_313118_primary_000/a259ffe7b35885c0ddc6/met_313118_primary_000__marker_pdf_002__001.16f14aff..jpg..pdf,265498,62,2,1,0,0,0.22580645161290322,document,0,0,0,0,0,1,0,1,0,0,4,7.591810657346264,5.072845754531357,0.3742099752163858,0.04537133989709904,256,6,0,1,0,0,0,1,1,0,0,0,0,0.0,0
1,mitra,image_anomaly_mitra,1139,met_313118_primary_000__marker_pdf_001__001.0983db80..jpg..pdf,data/raw/image_anomaly/anomalous/mitra/files/jpg/met_313118_primary_000/b1a5882da8c63f42d3f3/met_313118_primary_000__marker_pdf_001__001.0983db80..jpg..pdf,263707,62,2,1,0,0,0.22580645161290322,document,0,0,0,0,0,1,0,1,0,0,4,7.588759837279734,5.250824256483538,0.3701039411164664,0.045679485186210456,256,6,0,1,0,0,0,1,1,0,0,0,0,0.0,0
1,mitra,image_anomaly_mitra,1140,met_313118_primary_000__marker_zip_001__001.3122f0a2..jpg..zip,data/raw/image_anomaly/anomalous/mitra/files/jpg/met_313118_primary_000/bc54549bf61bf7923a89/met_313118_primary_000__marker_zip_001__001.3122f0a2..jpg..zip,262212,62,2,1,0,0,0.22580645161290322,archive,0,0,0,1,0,1,0,1,0,0,5,7.586417862898093,3.473507591392729,0.36530364743032356,0.046275532775006484,256,6,0,1,0,0,0,1,1,0,0,0,0,0.0,0
1,mitra,image_anomaly_mitra,1141,met_313118_primary_000__marker_zip_001__002.27be979d..zip..jpg,data/raw/image_anomaly/anomalous/mitra/files/jpg/met_313118_primary_000/bc54549bf61bf7923a89/met_313118_primary_000__marker_zip_001__002.27be979d..zip..jpg,262208,62,2,1,0,0,0.22580645161290322,image,0,0,0,1,0,1,1,0,0,0,5,7.586387958260567,3.4860188887532955,0.3653054063949231,0.04627623871125214,256,6,0,1,0,0,0,1,1,2,0,0,0,0.008188155967781304,0
1,mitra,image_anomaly_mitra,1142,met_313118_primary_000__marker_zip_002__001.b9ae76f2..jpg..zip,data/raw/image_anomaly/anomalous/mitra/files/jpg/met_313118_primary_000/f97a7a58141ec357df53/met_313118_primary_000__marker_zip_002__001.b9ae76f2..jpg..zip,294698,62,2,1,0,0,0.22580645161290322,archive,0,0,0,1,0,1,0,1,0,0,5,7.665600851751729,7.988340858219542,0.3661952235848224,0.041622270934991074,256,6,0,1,0,0,0,1,1,0,0,0,0,0.0,0
1,mitra,image_anomaly_mitra,1143,met_313118_primary_000__marker_zip_002__002.e9fa42e7..zip..jpg,data/raw/image_anomaly/anomalous/mitra/files/jpg/met_313118_primary_000/f97a7a58141ec357df53/met_313118_primary_000__marker_zip_002__002.e9fa42e7..zip..jpg,294694,62,2,1,0,0,0.22580645161290322,image,0,0,0,1,0,1,1,0,0,0,5,7.665585209426998,3.4860188887532955,0.36619680074925176,0.04162283589078841,256,6,0,1,0,0,0,1,1,2,0,0,0,0.11152924728701637,0
1,mitra,image_anomaly_mitra,1144,met_313404_primary_000__marker_zip_001__001.fd261edd..jpg..zip,data/raw/image_anomaly/anomalous/mitra/files/jpg/met_313404_primary_000/1d0b7bf45235ca286f49/met_313404_primary_000__marker_zip_001__001.fd261edd..jpg..zip,456942,62,2,1,0,0,0.22580645161290322,archive,0,0,0,1,0,1,0,1,0,0,20,7.944538791952696,3.477385027530215,0.3803174144639801,0.0078106192908509176,256,6,0,1,0,0,0,1,1,0,0,0,0,0.0,0
1,mitra,image_anomaly_mitra,1145,met_313404_primary_000__marker_zip_001__002.4398c5fa..zip..jpg,data/raw/image_anomaly/anomalous/mitra/files/jpg/met_313404_primary_000/1d0b7bf45235ca286f49/met_313404_primary_000__marker_zip_001__002.4398c5fa..zip..jpg,456938,62,2,1,0,0,0.22580645161290322,image,0,0,0,1,0,1,1,0,0,0,20,7.9445304309159965,3.489935592159036,0.3803185552525726,0.0078106876644096134,256,6,0,1,0,0,0,1,1,2,0,0,0,0.004698668090638117,0
1,mitra,image_anomaly_mitra,1146,met_313404_primary_000__marker_pdf_002__001.2de652fd..jpg..pdf,data/raw/image_anomaly/anomalous/mitra/files/jpg/met_313404_primary_000/5653b4fd0f99e1ebf074/met_313404_primary_000__marker_pdf_002__001.2de652fd..jpg..pdf,460228,62,2,1,0,0,0.22580645161290322,document,0,0,0,0,0,1,0,1,0,0,19,7.944563425436847,5.072845754531357,0.38534813179554483,0.007563642368565146,256,6,0,1,0,0,0,1,1,0,0,0,0,0.0,0
1,mitra,image_anomaly_mitra,1147,met_313404_primary_000__marker_zip_002__001.986546a8..jpg..zip,data/raw/image_anomaly/anomalous/mitra/files/jpg/met_313404_primary_000/8806ebdb5ae3327603fd/met_313404_primary_000__marker_zip_002__001.986546a8..jpg..zip,489428,62,2,1,0,0,0.22580645161290322,archive,0,0,0,1,0,1,0,1,0,0,20,7.951663842200799,7.988340858219542,0.37985771145091823,0.007561888571965642,256,6,0,1,0,0,0,1,1,0,0,0,0,0.0,0
1,mitra,image_anomaly_mitra,1148,met_313404_primary_000__marker_zip_002__002.d8c13b03..zip..jpg,data/raw/image_anomaly/anomalous/mitra/files/jpg/met_313404_primary_000/8806ebdb5ae3327603fd/met_313404_primary_000__marker_zip_002__002.d8c13b03..zip..jpg,489424,62,2,1,0,0,0.22580645161290322,image,0,0,0,1,0,1,1,0,0,0,20,7.951659170094235,3.489935592159036,0.3798587727614502,0.007561950374317565,256,6,0,1,0,0,0,1,1,2,0,0,0,0.06715445094641864,0
1,mitra,image_anomaly_mitra,1149,met_313404_primary_000__marker_pdf_001__001.67aa8d13..jpg..pdf,data/raw/image_anomaly/anomalous/mitra/files/jpg/met_313404_primary_000/ed8b254ef4fef49a8f17/met_313404_primary_000__marker_pdf_001__001.67aa8d13..jpg..pdf,458437,62,2,1,0,0,0.22580645161290322,document,0,0,0,0,0,1,0,1,0,0,19,7.944624490844442,5.250824256483538,0.38302972927577833,0.007593191649016113,256,6,0,1,0,0,0,1,1,0,0,0,0,0.0,0
1,mitra,image_anomaly_mitra,1150,met_313414_primary_000__marker_zip_001__001.e0690c18..jpg..zip,data/raw/image_anomaly/anomalous/mitra/files/jpg/met_313414_primary_000/2002002cda1e6cb0662b/met_313414_primary_000__marker_zip_001__001.e0690c18..jpg..zip,2014077,62,2,1,0,0,0.22580645161290322,archive,0,0,0,1,0,1,0,1,0,0,35,7.952228941307783,6.25549713326057,0.36801721086135236,0.01229645142663364,256,15,0,0,0,0,0,0,0,0,0,0,0,0.0,0
1,mitra,image_anomaly_mitra,1151,met_313414_primary_000__marker_zip_001__002.3a1f34e1..zip..jpg,data/raw/image_anomaly/anomalous/mitra/files/jpg/met_313414_primary_000/2002002cda1e6cb0662b/met_313414_primary_000__marker_zip_001__002.3a1f34e1..zip..jpg,2014073,62,2,1,0,0,0.22580645161290322,image,0,0,0,1,0,1,1,0,0,0,35,7.952228837500094,6.422968168783815,0.36801744524652286,0.012296475847697675,256,15,0,0,0,0,0,0,0,2,0,0,0,0.0010659990973514862,0
1,mitra,image_anomaly_mitra,1152,met_313414_primary_000__marker_pdf_001__001.6613b841..jpg..pdf,data/raw/image_anomaly/anomalous/mitra/files/jpg/met_313414_primary_000/66213d5861cf5e83a7e4/met_313414_primary_000__marker_pdf_001__001.6613b841..jpg..pdf,2015572,62,2,1,0,0,0.22580645161290322,document,0,0,0,0,0,1,0,1,0,0,34,7.952351002817539,5.250824256483538,0.3686432437045166,0.012243670779312274,256,15,0,0,0,0,0,0,0,0,0,0,0,0.0,0
1,mitra,image_anomaly_mitra,1153,met_313414_primary_000__marker_pdf_002__001.da455943..jpg..pdf,data/raw/image_anomaly/anomalous/mitra/files/jpg/met_313414_primary_000/7e03dccf636309754824/met_313414_primary_000__marker_pdf_002__001.da455943..jpg..pdf,2017363,62,2,1,0,0,0.22580645161290322,document,0,0,0,0,0,1,0,1,0,0,34,7.9524159190160635,5.072845754531357,0.369184921107406,0.0122328009386511,256,15,0,0,0,0,0,0,0,0,0,0,0,0.0,0
1,mitra,image_anomaly_mitra,1154,met_313414_primary_000__marker_zip_002__001.c175e284..jpg..zip,data/raw/image_anomaly/anomalous/mitra/files/jpg/met_313414_primary_000/f02ad3d348680a3f5c6b/met_313414_primary_000__marker_zip_002__001.c175e284..jpg..zip,2046563,62,2,1,0,0,0.22580645161290322,archive,0,0,0,1,0,1,0,1,0,0,35,7.953654338332227,7.988340858219542,0.36810252115375874,0.012165762793522604,256,15,0,0,0,0,0,0,0,0,0,0,0,0.0,0
1,mitra,image_anomaly_mitra,1155,met_313414_primary_000__marker_zip_002__002.9b209e67..zip..jpg,data/raw/image_anomaly/anomalous/mitra/files/jpg/met_313414_primary_000/f02ad3d348680a3f5c6b/met_313414_primary_000__marker_zip_002__002.9b209e67..zip..jpg,2046559,62,2,1,0,0,0.22580645161290322,image,0,0,0,1,0,1,1,0,0,0,35,7.953653605710694,6.422968168783815,0.36810275198516146,0.012165786571508566,256,15,0,0,0,0,0,0,0,2,0,0,0,0.016059639619478355,0
1,mitra,image_anomaly_mitra,1156,met_317062_primary_000__marker_pdf_001__001.42034da8..jpg..pdf,data/raw/image_anomaly/anomalous/mitra/files/jpg/met_317062_primary_000/0296b843b2d6cb52d11c/met_317062_primary_000__marker_pdf_001__001.42034da8..jpg..pdf,90743,62,2,1,0,0,0.22580645161290322,document,0,0,0,0,0,1,0,1,0,0,1,7.76511650926449,5.250824256483538,0.40707272186284343,0.016585301345558336,256,6,0,1,0,0,0,1,1,0,0,0,0,0.0,0
1,mitra,image_anomaly_mitra,1157,met_317062_primary_000__marker_zip_001__001.f62cc02b..jpg..zip,data/raw/image_anomaly/anomalous/mitra/files/jpg/met_317062_primary_000/732550503e8a25c15c4a/met_317062_primary_000__marker_zip_001__001.f62cc02b..jpg..zip,89248,62,2,1,0,0,0.22580645161290322,archive,0,0,0,1,0,1,0,1,0,0,2,7.766604432077419,3.473983356077838,0.39358865184653996,0.01784913947651488,256,6,0,1,0,0,0,1,1,0,0,0,0,0.0,0
1,mitra,image_anomaly_mitra,1158,met_317062_primary_000__marker_zip_001__002.231b6f6d..zip..jpg,data/raw/image_anomaly/anomalous/mitra/files/jpg/met_317062_primary_000/732550503e8a25c15c4a/met_317062_primary_000__marker_zip_001__002.231b6f6d..zip..jpg,89244,62,2,1,0,0,0.22580645161290322,image,0,0,0,1,0,1,1,0,0,0,2,7.766537843520764,3.490872461235609,0.3935950876249384,0.017849939491730537,256,6,0,1,0,0,0,1,1,2,0,0,0,0.02405763972928152,0
1,mitra,image_anomaly_mitra,1159,met_317062_primary_000__marker_pdf_002__001.57e17d49..jpg..pdf,data/raw/image_anomaly/anomalous/mitra/files/jpg/met_317062_primary_000/8912583de3b798bf1716/met_317062_primary_000__marker_pdf_002__001.57e17d49..jpg..pdf,92534,62,2,1,0,0,0.22580645161290322,document,0,0,0,0,0,1,0,1,0,0,1,7.765270656097012,5.072845754531357,0.4181381978516005,0.016264292044005448,256,6,0,1,0,0,0,1,1,0,0,0,0,0.0,0
1,mitra,image_anomaly_mitra,1160,met_317062_primary_000__marker_zip_002__001.b93b918e..jpg..zip,data/raw/image_anomaly/anomalous/mitra/files/jpg/met_317062_primary_000/b2c060cea46d7a92c2b7/met_317062_primary_000__marker_zip_002__001.b93b918e..jpg..zip,121734,62,2,1,0,0,0.22580645161290322,archive,0,0,0,1,0,1,0,1,0,0,2,7.869597206439896,7.988340858219542,0.38819885980909197,0.014170240031544186,256,6,0,1,0,0,0,1,1,0,0,0,0,0.0,0
1,mitra,image_anomaly_mitra,1161,met_317062_primary_000__marker_zip_002__002.7f9938ee..zip..jpg,data/raw/image_anomaly/anomalous/mitra/files/jpg/met_317062_primary_000/b2c060cea46d7a92c2b7/met_317062_primary_000__marker_zip_002__002.7f9938ee..zip..jpg,121730,62,2,1,0,0,0.22580645161290322,image,0,0,0,1,0,1,1,0,0,0,2,7.869583077533988,3.490872461235609,0.3882034009693584,0.014170705660067362,256,6,0,1,0,0,0,1,1,2,0,0,0,0.2699991785098168,0
1,mitra,image_anomaly_mitra,1162,met_317077_primary_000__marker_pdf_001__001.e99d465a..jpg..pdf,data/raw/image_anomaly/anomalous/mitra/files/jpg/met_317077_primary_000/55219b2a566cf8a47600/met_317077_primary_000__marker_pdf_001__001.e99d465a..jpg..pdf,87236,62,2,1,0,0,0.22580645161290322,document,0,0,0,0,0,1,0,1,0,0,3,7.789535922882069,5.250824256483538,0.4149204456875602,0.012884588931175204,256,6,0,1,0,0,0,1,1,0,0,0,0,0.0,0
1,mitra,image_anomaly_mitra,1163,met_317077_primary_000__marker_zip_002__001.072283d8..jpg..zip,data/raw/image_anomaly/anomalous/mitra/files/jpg/met_317077_primary_000/a6dcb5dc205978046d04/met_317077_primary_000__marker_zip_002__001.072283d8..jpg..zip,118227,62,2,1,0,0,0.22580645161290322,archive,0,0,0,1,0,1,0,1,0,0,4,7.886110936831798,7.988340858219542,0.39342958884180435,0.011367961633129487,256,6,0,1,0,0,0,1,1,0,0,0,0,0.0,0
1,mitra,image_anomaly_mitra,1164,met_317077_primary_000__marker_zip_002__002.dd09ec24..zip..jpg,data/raw/image_anomaly/anomalous/mitra/files/jpg/met_317077_primary_000/a6dcb5dc205978046d04/met_317077_primary_000__marker_zip_002__002.dd09ec24..zip..jpg,118223,62,2,1,0,0,0.22580645161290322,image,0,0,0,1,0,1,1,0,0,0,4,7.886097333278264,3.483601777681407,0.3934344416907032,0.011368346260879863,256,6,0,1,0,0,0,1,1,2,0,0,0,0.2780085093425137,0
1,mitra,image_anomaly_mitra,1165,met_317077_primary_000__marker_zip_001__001.e019f964..jpg..zip,data/raw/image_anomaly/anomalous/mitra/files/jpg/met_317077_primary_000/ef5c72dafabfb6f374a0/met_317077_primary_000__marker_zip_001__001.e019f964..jpg..zip,85741,62,2,1,0,0,0.22580645161290322,archive,0,0,0,1,0,1,0,1,0,0,4,7.792286839881202,3.4733209919366765,0.40102168157590884,0.014135594406410002,256,6,0,1,0,0,0,1,1,0,0,0,0,0.0,0
1,mitra,image_anomaly_mitra,1166,met_317077_primary_000__marker_zip_001__002.71409200..zip..jpg,data/raw/image_anomaly/anomalous/mitra/files/jpg/met_317077_primary_000/ef5c72dafabfb6f374a0/met_317077_primary_000__marker_zip_001__002.71409200..zip..jpg,85737,62,2,1,0,0,0.22580645161290322,image,0,0,0,1,0,1,1,0,0,0,4,7.792217138956804,3.483601777681407,0.4010287273872424,0.01413625389271843,256,6,0,1,0,0,0,1,1,2,0,0,0,0.025041697283553193,0
1,mitra,image_anomaly_mitra,1167,met_317077_primary_000__marker_pdf_002__001.e95eb429..jpg..pdf,data/raw/image_anomaly/anomalous/mitra/files/jpg/met_317077_primary_000/f67d97b4c8d4c803c2c1/met_317077_primary_000__marker_pdf_002__001.e95eb429..jpg..pdf,89027,62,2,1,0,0,0.22580645161290322,document,0,0,0,0,0,1,0,1,0,0,3,7.788421986036735,5.072845754531357,0.4262639423994968,0.01262538331068103,256,6,0,1,0,0,0,1,1,0,0,0,0,0.0,0
1,mitra,image_anomaly_mitra,1168,met_317488_primary_000__marker_zip_001__001.bd51d611..jpg..zip,data/raw/image_anomaly/anomalous/mitra/files/jpg/met_317488_primary_000/01ab854f81cb4d39a9b5/met_317488_primary_000__marker_zip_001__001.bd51d611..jpg..zip,505616,62,2,1,0,0,0.22580645161290322,archive,0,0,0,1,0,1,0,1,0,0,20,7.944705012941101,3.474785835686677,0.39430714217904494,0.0059966456757697545,256,6,0,1,0,0,0,1,1,0,0,0,0,0.0,0
1,mitra,image_anomaly_mitra,1169,met_317488_primary_000__marker_zip_001__002.71d8275c..zip..jpg,data/raw/image_anomaly/anomalous/mitra/files/jpg/met_317488_primary_000/01ab854f81cb4d39a9b5/met_317488_primary_000__marker_zip_001__002.71d8275c..zip..jpg,505612,62,2,1,0,0,0.22580645161290322,image,0,0,0,1,0,1,1,0,0,0,20,7.944695272831555,3.4943187635052864,0.39430828382237765,0.0059966931164608436,256,6,0,1,0,0,0,1,1,2,0,0,0,0.004246339090053243,0
1,mitra,image_anomaly_mitra,1170,met_317488_primary_000__marker_pdf_002__001.8c785987..jpg..pdf,data/raw/image_anomaly/anomalous/mitra/files/jpg/met_317488_primary_000/669850ea462feb941924/met_317488_primary_000__marker_pdf_002__001.8c785987..jpg..pdf,508902,62,2,1,0,0,0.22580645161290322,document,0,0,0,0,0,1,0,1,0,0,19,7.9442785995463945,5.072845754531357,0.3987663636613729,0.005785003792478709,256,6,0,1,0,0,0,1,1,0,0,0,0,0.0,0
1,mitra,image_anomaly_mitra,1171,met_317488_primary_000__marker_zip_002__001.661f7fa3..jpg..zip,data/raw/image_anomaly/anomalous/mitra/files/jpg/met_317488_primary_000/69de62e0ecb1b385b75c/met_317488_primary_000__marker_zip_002__001.661f7fa3..jpg..zip,538102,62,2,1,0,0,0.22580645161290322,archive,0,0,0,1,0,1,0,1,0,0,20,7.951309514070819,7.988340858219542,0.39304444138843564,0.005879926110663034,256,6,0,1,0,0,0,1,1,0,0,0,0,0.0,0
1,mitra,image_anomaly_mitra,1172,met_317488_primary_000__marker_zip_002__002.af8a7061..zip..jpg,data/raw/image_anomaly/anomalous/mitra/files/jpg/met_317488_primary_000/69de62e0ecb1b385b75c/met_317488_primary_000__marker_zip_002__002.af8a7061..zip..jpg,538098,62,2,1,0,0,0.22580645161290322,image,0,0,0,1,0,1,1,0,0,0,20,7.9513041492837,3.4943187635052864,0.39304550472218813,0.005879969819623934,256,6,0,1,0,0,0,1,1,2,0,0,0,0.06107995197900754,0
1,mitra,image_anomaly_mitra,1173,met_317488_primary_000__marker_pdf_001__001.3f16e2e3..jpg..pdf,data/raw/image_anomaly/anomalous/mitra/files/jpg/met_317488_primary_000/ee4b89b350d3e1c996e7/met_317488_primary_000__marker_pdf_001__001.3f16e2e3..jpg..pdf,507111,62,2,1,0,0,0.22580645161290322,document,0,0,0,0,0,1,0,1,0,0,19,7.944510718998413,5.250824256483538,0.39671787833432914,0.0058054351019796455,256,6,0,1,0,0,0,1,1,0,0,0,0,0.0,0
1,mitra,image_anomaly_mitra,1174,met_323434_primary_000__marker_pdf_001__001.8252c6a1..jpg..pdf,data/raw/image_anomaly/anomalous/mitra/files/jpg/met_323434_primary_000/0d314f17d6528843df42/met_323434_primary_000__marker_pdf_001__001.8252c6a1..jpg..pdf,50269,62,2,1,0,0,0.22580645161290322,document,0,0,0,0,0,1,0,1,0,0,1,7.344469169563224,5.250824256483538,0.3826811752770097,0.06908830491953291,256,6,0,1,0,0,0,1,1,0,0,0,0,0.0,0
1,mitra,image_anomaly_mitra,1175,met_323434_primary_000__marker_zip_001__001.e3421196..jpg..zip,data/raw/image_anomaly/anomalous/mitra/files/jpg/met_323434_primary_000/30c599c5b9a56635b92c/met_323434_primary_000__marker_zip_001__001.e3421196..jpg..zip,48774,62,2,1,0,0,0.22580645161290322,archive,0,0,0,1,0,1,0,1,0,0,2,7.325978677901562,3.469765782731806,0.35726001558207243,0.07301021035797761,256,6,0,1,0,0,0,1,1,2,0,0,0,0.04401935457415836,0
1,mitra,image_anomaly_mitra,1176,met_323434_primary_000__marker_zip_001__002.241141c7..zip..jpg,data/raw/image_anomaly/anomalous/mitra/files/jpg/met_323434_primary_000/30c599c5b9a56635b92c/met_323434_primary_000__marker_zip_001__002.241141c7..zip..jpg,48770,62,2,1,0,0,0.22580645161290322,image,0,0,0,1,0,1,1,0,0,0,2,7.325928874813822,3.477121281635769,0.35726881279475087,0.07301619848267378,256,6,0,1,0,0,0,1,1,2,0,0,0,0.04402296493746156,0
1,mitra,image_anomaly_mitra,1177,met_323434_primary_000__marker_pdf_002__001.91f2022d..jpg..pdf,data/raw/image_anomaly/anomalous/mitra/files/jpg/met_323434_primary_000/367294f0d58b3a099a41/met_323434_primary_000__marker_pdf_002__001.91f2022d..jpg..pdf,52060,62,2,1,0,0,0.22580645161290322,document,0,0,0,0,0,1,0,1,0,0,1,7.365088721044722,5.072845754531357,0.4031886285055705,0.06671148674606224,256,6,0,1,0,0,0,1,1,0,0,0,0,0.0,0
1,mitra,image_anomaly_mitra,1178,met_323434_primary_000__marker_zip_002__001.614232ea..jpg..zip,data/raw/image_anomaly/anomalous/mitra/files/jpg/met_323434_primary_000/7f7a47d585576dc3f03d/met_323434_primary_000__marker_zip_002__001.614232ea..jpg..zip,81260,62,2,1,0,0,0.22580645161290322,archive,0,0,0,1,0,1,0,1,0,0,2,7.709095625296421,7.988340858219542,0.3637090819591435,0.04544671425055378,256,6,0,1,0,0,0,1,1,2,0,0,0,0.4044671425055378,0
1,mitra,image_anomaly_mitra,1179,met_323434_primary_000__marker_zip_002__002.1795f7ed..zip..jpg,data/raw/image_anomaly/anomalous/mitra/files/jpg/met_323434_primary_000/7f7a47d585576dc3f03d/met_323434_primary_000__marker_zip_002__002.1795f7ed..zip..jpg,81256,62,2,1,0,0,0.22580645161290322,image,0,0,0,1,0,1,1,0,0,0,2,7.709066779453542,3.477121281635769,0.36371467953135767,0.04544895146204588,256,6,0,1,0,0,0,1,1,2,0,0,0,0.404487053263759,0
1,mitra,image_anomaly_mitra,1180,met_329923_primary_000__marker_pdf_002__001.c6e1eb4f..jpg..pdf,data/raw/image_anomaly/anomalous/mitra/files/jpg/met_329923_primary_000/6f2d8b3845f7a4d4b5ff/met_329923_primary_000__marker_pdf_002__001.c6e1eb4f..jpg..pdf,1411880,62,2,1,0,0,0.22580645161290322,document,0,0,0,0,0,1,0,1,0,0,31,7.962355904082197,5.072845754531357,0.3750269144686517,0.007708870442247217,256,16,0,2,0,0,0,2,2,0,0,0,0,0.0,0
1,mitra,image_anomaly_mitra,1181,met_329923_primary_000__marker_zip_001__001.a0339acc..jpg..zip,data/raw/image_anomaly/anomalous/mitra/files/jpg/met_329923_primary_000/7fbdd6caf069f1151939/met_329923_primary_000__marker_zip_001__001.a0339acc..jpg..zip,1408594,62,2,1,0,0,0.22580645161290322,archive,0,0,0,1,0,1,0,1,0,0,32,7.962234123447707,6.22179431031934,0.37337089324532124,0.007789327513818744,256,16,0,2,0,0,0,2,2,0,0,0,0,0.0,0
1,mitra,image_anomaly_mitra,1182,met_329923_primary_000__marker_zip_001__002.b2829bbc..zip..jpg,data/raw/image_anomaly/anomalous/mitra/files/jpg/met_329923_primary_000/7fbdd6caf069f1151939/met_329923_primary_000__marker_zip_001__002.b2829bbc..zip..jpg,1408590,62,2,1,0,0,0.22580645161290322,image,0,0,0,1,0,1,1,0,0,0,32,7.962233868681489,6.387354205837507,0.3733712435840095,0.0077893496333212645,256,16,0,2,0,0,0,2,2,2,0,0,0,0.0015242192547157086,0
1,mitra,image_anomaly_mitra,1183,met_329923_primary_000__marker_zip_002__001.8c2bed78..jpg..zip,data/raw/image_anomaly/anomalous/mitra/files/jpg/met_329923_primary_000/cf833055600c0e869ff7/met_329923_primary_000__marker_zip_002__001.8c2bed78..jpg..zip,1441080,62,2,1,0,0,0.22580645161290322,archive,0,0,0,1,0,1,0,1,0,0,32,7.963924921951664,7.988340858219542,0.3733713603686124,0.00770533211202709,256,16,0,2,0,0,0,2,2,0,0,0,0,0.0,0
1,mitra,image_anomaly_mitra,1184,met_329923_primary_000__marker_zip_002__002.e3021871..zip..jpg,data/raw/image_anomaly/anomalous/mitra/files/jpg/met_329923_primary_000/cf833055600c0e869ff7/met_329923_primary_000__marker_zip_002__002.e3021871..zip..jpg,1441076,62,2,1,0,0,0.22580645161290322,image,0,0,0,1,0,1,1,0,0,0,32,7.9639247633298735,6.387354205837507,0.37337170281095516,0.007705353499746023,256,16,0,2,0,0,0,2,2,2,0,0,0,0.02280726346146907,0
1,mitra,image_anomaly_mitra,1185,met_329923_primary_000__marker_pdf_001__001.5934b2ea..jpg..pdf,data/raw/image_anomaly/anomalous/mitra/files/jpg/met_329923_primary_000/d3fdcb25afc779028f3e/met_329923_primary_000__marker_pdf_001__001.5934b2ea..jpg..pdf,1410089,62,2,1,0,0,0.22580645161290322,document,0,0,0,0,0,1,0,1,0,0,31,7.9623152585005545,5.250824256483538,0.3742600644356491,0.007718661729862441,256,16,0,2,0,0,0,2,2,0,0,0,0,0.0,0
1,mitra,image_anomaly_mitra,1186,met_334871_primary_000__marker_zip_001__001.36665224..jpg..zip,data/raw/image_anomaly/anomalous/mitra/files/jpg/met_334871_primary_000/4f2108dc1d4788573407/met_334871_primary_000__marker_zip_001__001.36665224..jpg..zip,2423559,62,2,1,0,0,0.22580645161290322,archive,0,0,0,1,0,1,0,1,0,0,51,7.981432206732545,7.799402159216609,0.3731706139607082,0.008242836258576747,256,0,0,0,0,0,0,0,0,0,0,0,0,0.0,0
1,mitra,image_anomaly_mitra,1187,met_334871_primary_000__marker_zip_001__002.17f612f8..zip..jpg,data/raw/image_anomaly/anomalous/mitra/files/jpg/met_334871_primary_000/4f2108dc1d4788573407/met_334871_primary_000__marker_zip_001__002.17f612f8..zip..jpg,2423555,62,2,1,0,0,0.22580645161290322,image,0,0,0,1,0,1,1,0,0,0,51,7.981431640309461,7.848869956895822,0.3731708172498664,0.00824284986311431,256,0,0,0,0,0,0,0,0,2,0,0,0,0.0008858887048158594,0
1,mitra,image_anomaly_mitra,1188,met_334871_primary_000__marker_pdf_001__001.9013147f..jpg..pdf,data/raw/image_anomaly/anomalous/mitra/files/jpg/met_334871_primary_000/700d32e85c8980c4a14e/met_334871_primary_000__marker_pdf_001__001.9013147f..jpg..pdf,2425054,62,2,1,0,0,0.22580645161290322,document,0,0,0,0,0,1,0,1,0,0,50,7.981499429417359,5.250824256483538,0.37368776117975105,0.008201466853933975,256,0,0,0,0,0,0,0,0,0,0,0,0,0.0,0
1,mitra,image_anomaly_mitra,1189,met_334871_primary_000__marker_pdf_002__001.5b3295ff..jpg..pdf,data/raw/image_anomaly/anomalous/mitra/files/jpg/met_334871_primary_000/c669dc6ecb65b33f9cf9/met_334871_primary_000__marker_pdf_002__001.5b3295ff..jpg..pdf,2426845,62,2,1,0,0,0.22580645161290322,document,0,0,0,0,0,1,0,1,0,0,50,7.981515243948993,5.072845754531357,0.37413431842577505,0.008195414210631498,256,0,0,0,0,0,0,0,0,0,0,0,0,0.0,0
1,mitra,image_anomaly_mitra,1190,met_334871_primary_000__marker_zip_002__001.cd262e82..jpg..zip,data/raw/image_anomaly/anomalous/mitra/files/jpg/met_334871_primary_000/f2740deb7ad3305136e3/met_334871_primary_000__marker_zip_002__001.cd262e82..jpg..zip,2456045,62,2,1,0,0,0.22580645161290322,archive,0,0,0,1,0,1,0,1,0,0,51,7.981911181099381,7.988340858219542,0.37317353712981643,0.008187553566811683,256,0,0,0,0,0,0,0,0,0,0,0,0,0.0,0
1,mitra,image_anomaly_mitra,1191,met_334871_primary_000__marker_zip_002__002.f4352205..zip..jpg,data/raw/image_anomaly/anomalous/mitra/files/jpg/met_334871_primary_000/f2740deb7ad3305136e3/met_334871_primary_000__marker_zip_002__002.f4352205..zip..jpg,2456041,62,2,1,0,0,0.22580645161290322,image,0,0,0,1,0,1,1,0,0,0,51,7.981910912279084,7.848869956895822,0.37317373773483425,0.008187566901366874,256,0,0,0,0,0,0,0,0,2,0,0,0,0.013382105591885478,0
1,mitra,image_anomaly_mitra,1192,met_335146_primary_000__marker_pdf_002__001.a4d17a1b..jpg..pdf,data/raw/image_anomaly/anomalous/mitra/files/jpg/met_335146_primary_000/3811338d2204b4595261/met_335146_primary_000__marker_pdf_002__001.a4d17a1b..jpg..pdf,2069651,62,2,1,0,0,0.22580645161290322,document,0,0,0,0,0,1,0,1,0,0,33,7.964362791332174,5.072845754531357,0.38205765126584146,0.008873959909182756,256,6,0,0,0,0,0,0,0,0,0,0,0,0.0,0
1,mitra,image_anomaly_mitra,1193,met_335146_primary_000__marker_zip_002__001.20404f59..jpg..zip,data/raw/image_anomaly/anomalous/mitra/files/jpg/met_335146_primary_000/632856afcb8587c448a4/met_335146_primary_000__marker_zip_002__001.20404f59..jpg..zip,2098851,62,2,1,0,0,0.22580645161290322,archive,0,0,0,1,0,1,0,1,0,0,34,7.9653132507503415,7.988340858219542,0.3808231265582931,0.008855321316282099,256,6,0,0,0,0,0,0,0,0,0,0,0,0.0,0
1,mitra,image_anomaly_mitra,1194,met_335146_primary_000__marker_zip_002__002.f05259d0..zip..jpg,data/raw/image_anomaly/anomalous/mitra/files/jpg/met_335146_primary_000/632856afcb8587c448a4/met_335146_primary_000__marker_zip_002__002.f05259d0..zip..jpg,2098847,62,2,1,0,0,0.22580645161290322,image,0,0,0,1,0,1,1,0,0,0,34,7.965312757576421,3.4576490897455763,0.3808233758820915,0.008855338192826823,256,6,0,0,0,0,0,0,0,2,0,0,0,0.015659550219715872,0
1,mitra,image_anomaly_mitra,1195,met_335146_primary_000__marker_pdf_001__001.805f5dd5..jpg..pdf,data/raw/image_anomaly/anomalous/mitra/files/jpg/met_335146_primary_000/a0f50872a99179dfcaf9/met_335146_primary_000__marker_pdf_001__001.805f5dd5..jpg..pdf,2067860,62,2,1,0,0,0.22580645161290322,document,0,0,0,0,0,1,0,1,0,0,33,7.964340311349673,5.250824256483538,0.38154081997814165,0.008881645759384098,256,6,0,0,0,0,0,0,0,0,0,0,0,0.0,0
1,mitra,image_anomaly_mitra,1196,met_335146_primary_000__marker_zip_001__001.dcdd752d..jpg..zip,data/raw/image_anomaly/anomalous/mitra/files/jpg/met_335146_primary_000/e576bcc67cfc2c5a4150/met_335146_primary_000__marker_zip_001__001.dcdd752d..jpg..zip,2066365,62,2,1,0,0,0.22580645161290322,archive,0,0,0,1,0,1,0,1,0,0,34,7.964236966319563,3.480595038021993,0.3809399597844524,0.008930658426754228,256,6,0,0,0,0,0,0,0,0,0,0,0,0.0,0
1,mitra,image_anomaly_mitra,1197,met_335146_primary_000__marker_zip_001__002.eb82d36a..zip..jpg,data/raw/image_anomaly/anomalous/mitra/files/jpg/met_335146_primary_000/e576bcc67cfc2c5a4150/met_335146_primary_000__marker_zip_001__002.eb82d36a..zip..jpg,2066361,62,2,1,0,0,0.22580645161290322,image,0,0,0,1,0,1,1,0,0,0,34,7.964236269223885,3.4576490897455763,0.38094021325412164,0.008930675714456477,256,6,0,0,0,0,0,0,0,2,0,0,0,0.0010390246428383036,0
1,mitra,image_anomaly_mitra,1198,met_336371_primary_000__marker_pdf_001__001.d9499b06..jpg..pdf,data/raw/image_anomaly/anomalous/mitra/files/jpg/met_336371_primary_000/940f8395e6084afb355c/met_336371_primary_000__marker_pdf_001__001.d9499b06..jpg..pdf,2249013,62,2,1,0,0,0.22580645161290322,document,0,0,0,0,0,1,0,1,0,0,51,7.983265948596838,5.250824256483538,0.37250384946641035,0.008294305101838007,256,6,0,0,0,0,0,0,0,0,0,0,0,0.0,0
1,mitra,image_anomaly_mitra,1199,met_336371_primary_000__marker_pdf_002__001.81f64bf1..jpg..pdf,data/raw/image_anomaly/anomalous/mitra/files/jpg/met_336371_primary_000/992c649ad631b87596da/met_336371_primary_000__marker_pdf_002__001.81f64bf1..jpg..pdf,2250804,62,2,1,0,0,0.22580645161290322,document,0,0,0,0,0,1,0,1,0,0,51,7.983274372020121,5.072845754531357,0.372986275126577,0.008287705193344245,256,6,0,0,0,0,0,0,0,0,0,0,0,0.0,0
1,mitra,image_anomaly_mitra,1200,met_336371_primary_000__marker_zip_001__001.ae95aca0..jpg..zip,data/raw/image_anomaly/anomalous/mitra/files/jpg/met_336371_primary_000/b7553d1fc5cefab71d69/met_336371_primary_000__marker_zip_001__001.ae95aca0..jpg..zip,2247518,62,2,1,0,0,0.22580645161290322,archive,0,0,0,1,0,1,0,1,0,0,52,7.983207106857204,3.4780575547052526,0.37194540822364935,0.008338976595515586,256,6,0,0,0,0,0,0,0,0,0,0,0,0.0,0
1,mitra,image_anomaly_mitra,1201,met_336371_primary_000__marker_zip_001__002.9ed5bd43..zip..jpg,data/raw/image_anomaly/anomalous/mitra/files/jpg/met_336371_primary_000/b7553d1fc5cefab71d69/met_336371_primary_000__marker_zip_001__002.9ed5bd43..zip..jpg,2247514,62,2,1,0,0,0.22580645161290322,image,0,0,0,1,0,1,1,0,0,0,52,7.983206784528801,3.474888414748149,0.3719456252552821,0.008338991436760795,256,6,0,0,0,0,0,0,0,2,0,0,0,0.0009552776979364756,0
1,mitra,image_anomaly_mitra,1202,met_336371_primary_000__marker_zip_002__001.a4941a08..jpg..zip,data/raw/image_anomaly/anomalous/mitra/files/jpg/met_336371_primary_000/b87f5e2fe50046b403cc/met_336371_primary_000__marker_zip_002__001.a4941a08..jpg..zip,2280004,62,2,1,0,0,0.22580645161290322,archive,0,0,0,1,0,1,0,1,0,0,52,7.983673430175139,7.988340858219542,0.37196601409471214,0.008278055652533943,256,6,0,0,0,0,0,0,0,0,0,0,0,0.0,0
1,mitra,image_anomaly_mitra,1203,met_336371_primary_000__marker_zip_002__002.b72d737d..zip..jpg,data/raw/image_anomaly/anomalous/mitra/files/jpg/met_336371_primary_000/b87f5e2fe50046b403cc/met_336371_primary_000__marker_zip_002__002.b72d737d..zip..jpg,2280000,62,2,1,0,0,0.22580645161290322,image,0,0,0,1,0,1,1,0,0,0,52,7.983673402533247,3.474888414748149,0.37196622807017543,0.008278070175438596,256,6,0,0,0,0,0,0,0,2,0,0,0,0.014415350877192982,0
1,mitra,image_anomaly_mitra,1204,met_339401_primary_000__marker_zip_001__001.8d7f8771..jpg..zip,data/raw/image_anomaly/anomalous/mitra/files/jpg/met_339401_primary_000/06dca54559093f9a5975/met_339401_primary_000__marker_zip_001__001.8d7f8771..jpg..zip,1923614,62,2,1,0,0,0.22580645161290322,archive,0,0,0,1,0,1,0,1,0,0,26,7.97220886190822,3.4837857914516768,0.37324016148769973,0.010960618918348484,256,6,0,0,1,0,0,0,1,0,0,0,0,0.0,0
1,mitra,image_anomaly_mitra,1205,met_339401_primary_000__marker_zip_001__002.e28e5486..zip..jpg,data/raw/image_anomaly/anomalous/mitra/files/jpg/met_339401_primary_000/06dca54559093f9a5975/met_339401_primary_000__marker_zip_001__002.e28e5486..zip..jpg,1923610,62,2,1,0,0,0.22580645161290322,image,0,0,0,1,0,1,1,0,0,0,26,7.9722082864320445,3.4909233282329413,0.373240417756198,0.010960641710117956,256,6,0,0,1,0,0,0,1,2,0,0,0,0.0011161306085952973,0
1,mitra,image_anomaly_mitra,1206,met_339401_primary_000__marker_pdf_002__001.ade02880..jpg..pdf,data/raw/image_anomaly/anomalous/mitra/files/jpg/met_339401_primary_000/32830accbc25644a7931/met_339401_primary_000__marker_pdf_002__001.ade02880..jpg..pdf,1926900,62,2,1,0,0,0.22580645161290322,document,0,0,0,0,0,1,0,1,0,0,25,7.972271873460226,5.072845754531357,0.3744537858736831,0.01089625823862162,256,6,0,0,1,0,0,0,1,0,0,0,0,0.0,0
1,mitra,image_anomaly_mitra,1207,met_339401_primary_000__marker_zip_002__001.9dc4a3ab..jpg..zip,data/raw/image_anomaly/anomalous/mitra/files/jpg/met_339401_primary_000/aec3e2c6e3814c11146d/met_339401_primary_000__marker_zip_002__001.9dc4a3ab..jpg..zip,1956100,62,2,1,0,0,0.22580645161290322,archive,0,0,0,1,0,1,0,1,0,0,26,7.9730897533117435,7.988340858219542,0.37324267675476713,0.010846071264250294,256,6,0,0,1,0,0,0,1,0,0,0,0,0.0,0
1,mitra,image_anomaly_mitra,1208,met_339401_primary_000__marker_zip_002__002.7465abc4..zip..jpg,data/raw/image_anomaly/anomalous/mitra/files/jpg/met_339401_primary_000/aec3e2c6e3814c11146d/met_339401_primary_000__marker_zip_002__002.7465abc4..zip..jpg,1956096,62,2,1,0,0,0.22580645161290322,image,0,0,0,1,0,1,1,0,0,0,26,7.973089514635997,3.4909233282329413,0.373242928772412,0.010846093443266588,256,6,0,0,1,0,0,0,1,2,0,0,0,0.01680234507917812,0
1,mitra,image_anomaly_mitra,1209,met_339401_primary_000__marker_pdf_001__001.472e2c3c..jpg..pdf,data/raw/image_anomaly/anomalous/mitra/files/jpg/met_339401_primary_000/d961127c99dddf0a64a9/met_339401_primary_000__marker_pdf_001__001.472e2c3c..jpg..pdf,1925109,62,2,1,0,0,0.22580645161290322,document,0,0,0,0,0,1,0,1,0,0,25,7.972269016333508,5.250824256483538,0.3738915562703203,0.010906395430076946,256,6,0,0,1,0,0,0,1,0,0,0,0,0.0,0
1,mitra,image_anomaly_mitra,1210,met_33955_primary_000__marker_zip_002__001.ee3ba8ca..jpg..zip,data/raw/image_anomaly/anomalous/mitra/files/jpg/met_33955_primary_000/4fb3a106d4f04de5f55a/met_33955_primary_000__marker_zip_002__001.ee3ba8ca..jpg..zip,1346881,61,2,1,0,0,0.22950819672131148,archive,0,0,0,1,0,1,0,1,0,0,30,7.8743898339774905,7.988340858219542,0.37202470002917853,0.015777934353517497,256,17,0,0,0,0,0,0,0,0,0,0,0,0.0,0
1,mitra,image_anomaly_mitra,1211,met_33955_primary_000__marker_zip_002__002.f689906c..zip..jpg,data/raw/image_anomaly/anomalous/mitra/files/jpg/met_33955_primary_000/4fb3a106d4f04de5f55a/met_33955_primary_000__marker_zip_002__002.f689906c..zip..jpg,1346877,61,2,1,0,0,0.22950819672131148,image,0,0,0,1,0,1,1,0,0,0,30,7.874389447178115,5.357670513814543,0.3720250624221811,0.015777981211350406,256,17,0,0,0,0,0,0,0,2,0,0,0,0.02440237675749159,0
1,mitra,image_anomaly_mitra,1212,met_33955_primary_000__marker_pdf_002__001.e4694a01..jpg..pdf,data/raw/image_anomaly/anomalous/mitra/files/jpg/met_33955_primary_000/8e829fce31cc4e0c4672/met_33955_primary_000__marker_pdf_002__001.e4694a01..jpg..pdf,1317681,61,2,1,0,0,0.22950819672131148,document,0,0,0,0,0,1,0,1,0,0,29,7.86876500727457,5.072845754531357,0.3737687649742237,0.015960615657355612,256,17,0,0,0,0,0,0,0,0,0,0,0,0.0,0
1,mitra,image_anomaly_mitra,1213,met_33955_primary_000__marker_pdf_001__001.98c83b6b..jpg..pdf,data/raw/image_anomaly/anomalous/mitra/files/jpg/met_33955_primary_000/ab82f5d016bced9e9075/met_33955_primary_000__marker_pdf_001__001.98c83b6b..jpg..pdf,1315890,61,2,1,0,0,0.22950819672131148,document,0,0,0,0,0,1,0,1,0,0,29,7.868647222641069,5.250824256483538,0.37294530697854683,0.015982338949304273,256,17,0,0,0,0,0,0,0,0,0,0,0,0.0,0
1,mitra,image_anomaly_mitra,1214,met_33955_primary_000__marker_zip_001__001.acd2a08f..jpg..zip,data/raw/image_anomaly/anomalous/mitra/files/jpg/met_33955_primary_000/ad70b5b5fe6fc64f286e/met_33955_primary_000__marker_zip_001__001.acd2a08f..jpg..zip,1314395,61,2,1,0,0,0.22950819672131148,archive,0,0,0,1,0,1,0,1,0,0,30,7.868594505607838,5.216283124460954,0.3719909159727479,0.016067468302907423,256,17,0,0,0,0,0,0,0,0,0,0,0,0.0,0
1,mitra,image_anomaly_mitra,1215,met_33955_primary_000__marker_zip_001__002.4ac0c532..zip..jpg,data/raw/image_anomaly/anomalous/mitra/files/jpg/met_33955_primary_000/ad70b5b5fe6fc64f286e/met_33955_primary_000__marker_zip_001__002.4ac0c532..zip..jpg,1314391,61,2,1,0,0,0.22950819672131148,image,0,0,0,1,0,1,1,0,0,0,30,7.868593731707462,5.357670513814543,0.3719912872197086,0.016067517199980827,256,17,0,0,0,0,0,0,0,2,0,0,0,0.001633456102483964,0
1,mitra,image_anomaly_mitra,1216,met_340582_primary_000__marker_pdf_002__001.dac27ccc..jpg..pdf,data/raw/image_anomaly/anomalous/mitra/files/jpg/met_340582_primary_000/1fb034394b0d0af5e167/met_340582_primary_000__marker_pdf_002__001.dac27ccc..jpg..pdf,1734185,62,2,1,0,0,0.22580645161290322,document,0,0,0,0,0,1,0,1,0,0,20,7.97726967697323,5.072845754531357,0.3730046102347789,0.009189907651144486,256,6,0,0,0,0,0,0,0,0,0,0,0,0.0,0
1,mitra,image_anomaly_mitra,1217,met_340582_primary_000__marker_pdf_001__001.21f6eec8..jpg..pdf,data/raw/image_anomaly/anomalous/mitra/files/jpg/met_340582_primary_000/2f9605487f4d6e469025/met_340582_primary_000__marker_pdf_001__001.21f6eec8..jpg..pdf,1732394,62,2,1,0,0,0.22580645161290322,document,0,0,0,0,0,1,0,1,0,0,20,7.977278103183229,5.250824256483538,0.37237833887672206,0.009199408448655444,256,6,0,0,0,0,0,0,0,0,0,0,0,0.0,0
1,mitra,image_anomaly_mitra,1218,met_340582_primary_000__marker_zip_001__001.fa93999f..jpg..zip,data/raw/image_anomaly/anomalous/mitra/files/jpg/met_340582_primary_000/3b8f923ab8476be6e75b/met_340582_primary_000__marker_zip_001__001.fa93999f..jpg..zip,1730899,62,2,1,0,0,0.22580645161290322,archive,0,0,0,1,0,1,0,1,0,0,21,7.977246575060831,3.5256898296040586,0.37165311205333185,0.009258194730021797,256,6,0,0,0,0,0,0,0,0,0,0,0,0.0,0
1,mitra,image_anomaly_mitra,1219,met_340582_primary_000__marker_zip_001__002.5a55e5ab..zip..jpg,data/raw/image_anomaly/anomalous/mitra/files/jpg/met_340582_primary_000/3b8f923ab8476be6e75b/met_340582_primary_000__marker_zip_001__002.5a55e5ab..zip..jpg,1730895,62,2,1,0,0,0.22580645161290322,image,0,0,0,1,0,1,1,0,0,0,21,7.9772463099902655,3.52256572393008,0.37165339318676177,0.009258216125183792,256,6,0,0,0,0,0,0,0,2,0,0,0,0.001240398753246153,0
1,mitra,image_anomaly_mitra,1220,met_340582_primary_000__marker_zip_002__001.a3ba3e61..jpg..zip,data/raw/image_anomaly/anomalous/mitra/files/jpg/met_340582_primary_000/c96750b43e9645573334/met_340582_primary_000__marker_zip_002__001.a3ba3e61..jpg..zip,1763385,62,2,1,0,0,0.22580645161290322,archive,0,0,0,1,0,1,0,1,0,0,21,7.978052853563657,7.988340858219542,0.37168513966036915,0.009162491458189788,256,6,0,0,0,0,0,0,0,0,0,0,0,0.0,0
1,mitra,image_anomaly_mitra,1221,met_340582_primary_000__marker_zip_002__002.21109330..zip..jpg,data/raw/image_anomaly/anomalous/mitra/files/jpg/met_340582_primary_000/c96750b43e9645573334/met_340582_primary_000__marker_zip_002__002.21109330..zip..jpg,1763381,62,2,1,0,0,0.22580645161290322,image,0,0,0,1,0,1,1,0,0,0,21,7.978052761760866,3.52256572393008,0.3716854156872508,0.009162512242107634,256,6,0,0,0,0,0,0,0,2,0,0,0,0.018638626592891724,0
1,mitra,image_anomaly_mitra,1222,met_345446_primary_000__marker_zip_001__001.3c82e40b..jpg..zip,data/raw/image_anomaly/anomalous/mitra/files/jpg/met_345446_primary_000/257f5bbf2ef737c9ba99/met_345446_primary_000__marker_zip_001__001.3c82e40b..jpg..zip,1834414,62,2,1,0,0,0.22580645161290322,archive,0,0,0,1,0,1,0,1,0,0,44,7.981999802395196,3.5329950825442573,0.3756676519040958,0.00806142997164217,256,6,0,0,0,0,0,0,0,0,0,0,0,0.0,0
1,mitra,image_anomaly_mitra,1223,met_345446_primary_000__marker_zip_001__002.06e9f102..zip..jpg,data/raw/image_anomaly/anomalous/mitra/files/jpg/met_345446_primary_000/257f5bbf2ef737c9ba99/met_345446_primary_000__marker_zip_001__002.06e9f102..zip..jpg,1834410,62,2,1,0,0,0.22580645161290322,image,0,0,0,1,0,1,1,0,0,0,44,7.98199905229788,3.5598803107203048,0.3756679259271373,0.008061447549893427,256,6,0,0,0,0,0,0,0,2,0,0,0,0.0011704035629984573,0
1,mitra,image_anomaly_mitra,1224,met_345446_primary_000__marker_pdf_002__001.9a8fc2c2..jpg..pdf,data/raw/image_anomaly/anomalous/mitra/files/jpg/met_345446_primary_000/58997677cbaf2c7a0617/met_345446_primary_000__marker_pdf_002__001.9a8fc2c2..jpg..pdf,1837700,62,2,1,0,0,0.22580645161290322,document,0,0,0,0,0,1,0,1,0,0,43,7.9820157226904636,5.072845754531357,0.37693584371769057,0.00799912934646569,256,6,0,0,0,0,0,0,0,0,0,0,0,0.0,0
1,mitra,image_anomaly_mitra,1225,met_345446_primary_000__marker_zip_002__001.847412da..jpg..zip,data/raw/image_anomaly/anomalous/mitra/files/jpg/met_345446_primary_000/874db0b6849e2bffdffe/met_345446_primary_000__marker_zip_002__001.847412da..jpg..zip,1866900,62,2,1,0,0,0.22580645161290322,archive,0,0,0,1,0,1,0,1,0,0,44,7.982606155934249,7.988340858219542,0.37562804649418824,0.007991858160587069,256,6,0,0,0,0,0,0,0,0,0,0,0,0.0,0
1,mitra,image_anomaly_mitra,1226,met_345446_primary_000__marker_zip_002__002.614312cb..zip..jpg,data/raw/image_anomaly/anomalous/mitra/files/jpg/met_345446_primary_000/874db0b6849e2bffdffe/met_345446_primary_000__marker_zip_002__002.614312cb..zip..jpg,1866896,62,2,1,0,0,0.22580645161290322,image,0,0,0,1,0,1,1,0,0,0,44,7.982605839431468,3.5598803107203048,0.37562831566407556,0.007991875283893692,256,6,0,0,0,0,0,0,0,2,0,0,0,0.017605158509097454,0
1,mitra,image_anomaly_mitra,1227,met_345446_primary_000__marker_pdf_001__001.25997853..jpg..pdf,data/raw/image_anomaly/anomalous/mitra/files/jpg/met_345446_primary_000/e657541518fa430b818c/met_345446_primary_000__marker_pdf_001__001.25997853..jpg..pdf,1835909,62,2,1,0,0,0.22580645161290322,document,0,0,0,0,0,1,0,1,0,0,43,7.982028158179871,5.250824256483538,0.37634871880904774,0.008006932805493083,256,6,0,0,0,0,0,0,0,0,0,0,0,0.0,0
1,mitra,image_anomaly_mitra,1228,met_348607_primary_000__marker_pdf_002__001.a589209f..jpg..pdf,data/raw/image_anomaly/anomalous/mitra/files/jpg/met_348607_primary_000/155e6df4f1765cf0303c/met_348607_primary_000__marker_pdf_002__001.a589209f..jpg..pdf,2049395,62,2,1,0,0,0.22580645161290322,document,0,0,0,0,0,1,0,1,0,0,55,7.971047922759836,5.072845754531357,0.37951785770922636,0.007321185032655979,256,6,0,0,2,0,0,0,2,0,0,0,0,0.0,0
1,mitra,image_anomaly_mitra,1229,met_348607_primary_000__marker_zip_001__001.8f6e356b..jpg..zip,data/raw/image_anomaly/anomalous/mitra/files/jpg/met_348607_primary_000/2498692dc954f41b5a70/met_348607_primary_000__marker_zip_001__001.8f6e356b..jpg..zip,2046109,62,2,1,0,0,0.22580645161290322,archive,0,0,0,1,0,1,0,1,0,0,56,7.970959496350541,3.491702889823511,0.3783850224988014,0.0073759511345681,256,6,0,0,2,0,0,0,2,0,0,0,0,0.0,0
1,mitra,image_anomaly_mitra,1230,met_348607_primary_000__marker_zip_001__002.c6a65ef3..zip..jpg,data/raw/image_anomaly/anomalous/mitra/files/jpg/met_348607_primary_000/2498692dc954f41b5a70/met_348607_primary_000__marker_zip_001__002.c6a65ef3..zip..jpg,2046105,62,2,1,0,0,0.22580645161290322,image,0,0,0,1,0,1,1,0,0,0,56,7.970958763148389,3.4972910355133253,0.3783852734830324,0.007375965554064919,256,6,0,0,2,0,0,0,2,2,0,0,0,0.0010493107636216127,0
1,mitra,image_anomaly_mitra,1231,met_348607_primary_000__marker_pdf_001__001.10dee88c..jpg..pdf,data/raw/image_anomaly/anomalous/mitra/files/jpg/met_348607_primary_000/5765e1b15890317a8dce/met_348607_primary_000__marker_pdf_001__001.10dee88c..jpg..pdf,2047604,62,2,1,0,0,0.22580645161290322,document,0,0,0,0,0,1,0,1,0,0,55,7.9710382044078925,5.250824256483538,0.3789936921396911,0.007327588732977666,256,6,0,0,2,0,0,0,2,0,0,0,0,0.0,0
1,mitra,image_anomaly_mitra,1232,met_348607_primary_000__marker_zip_002__001.b77e4240..jpg..zip,data/raw/image_anomaly/anomalous/mitra/files/jpg/met_348607_primary_000/5d9199b9afe147634323/met_348607_primary_000__marker_zip_002__001.b77e4240..jpg..zip,2078595,62,2,1,0,0,0.22580645161290322,archive,0,0,0,1,0,1,0,1,0,0,56,7.971850382012345,7.988340858219542,0.3783069813984927,0.007324178110694964,256,6,0,0,2,0,0,0,2,0,0,0,0,0.0,0
1,mitra,image_anomaly_mitra,1233,met_348607_primary_000__marker_zip_002__002.4bff12a0..zip..jpg,data/raw/image_anomaly/anomalous/mitra/files/jpg/met_348607_primary_000/5d9199b9afe147634323/met_348607_primary_000__marker_zip_002__002.4bff12a0..zip..jpg,2078591,62,2,1,0,0,0.22580645161290322,image,0,0,0,1,0,1,1,0,0,0,56,7.971850082546386,3.4972910355133253,0.3783072283099465,0.0073241922052005425,256,6,0,0,2,0,0,0,2,2,0,0,0,0.015812153521303614,0
1,mitra,image_anomaly_mitra,1234,met_35080_primary_000__marker_pdf_001__001.4504c855..jpg..pdf,data/raw/image_anomaly/anomalous/mitra/files/jpg/met_35080_primary_000/35e87a8c6d732a20b237/met_35080_primary_000__marker_pdf_001__001.4504c855..jpg..pdf,1636493,61,2,1,0,0,0.22950819672131148,document,0,0,0,0,0,1,0,1,0,0,26,7.939986389740859,5.250824256483538,0.3728363029967131,0.013698805922176264,256,17,0,0,0,0,0,0,0,0,0,0,0,0.0,0
1,mitra,image_anomaly_mitra,1235,met_35080_primary_000__marker_zip_002__001.5c86300c..jpg..zip,data/raw/image_anomaly/anomalous/mitra/files/jpg/met_35080_primary_000/c2fcb26481a1b9364bd7/met_35080_primary_000__marker_zip_002__001.5c86300c..jpg..zip,1667484,61,2,1,0,0,0.22950819672131148,archive,0,0,0,1,0,1,0,1,0,0,27,7.942153376976647,7.988340858219542,0.3720947247469841,0.013576142259835777,256,17,0,0,0,0,0,0,0,0,0,0,0,0.0,0
1,mitra,image_anomaly_mitra,1236,met_35080_primary_000__marker_zip_002__002.e7c6a035..zip..jpg,data/raw/image_anomaly/anomalous/mitra/files/jpg/met_35080_primary_000/c2fcb26481a1b9364bd7/met_35080_primary_000__marker_zip_002__002.e7c6a035..zip..jpg,1667480,61,2,1,0,0,0.22950819672131148,image,0,0,0,1,0,1,1,0,0,0,27,7.942153178570803,5.492629944284283,0.37209501763139585,0.013576174826684578,256,17,0,0,0,0,0,0,0,2,0,0,0,0.019710581236356658,0
1,mitra,image_anomaly_mitra,1237,met_35080_primary_000__marker_pdf_002__001.cb19aa00..jpg..pdf,data/raw/image_anomaly/anomalous/mitra/files/jpg/met_35080_primary_000/d5c75679dda97b6b3434/met_35080_primary_000__marker_pdf_002__001.cb19aa00..jpg..pdf,1638284,61,2,1,0,0,0.22950819672131148,document,0,0,0,0,0,1,0,1,0,0,26,7.939966114253855,5.072845754531357,0.3734987340412285,0.013683830153990394,256,17,0,0,0,0,0,0,0,0,0,0,0,0.0,0
1,mitra,image_anomaly_mitra,1238,met_35080_primary_000__marker_zip_001__001.53a575f0..jpg..zip,data/raw/image_anomaly/anomalous/mitra/files/jpg/met_35080_primary_000/f243b5606d57aae03107/met_35080_primary_000__marker_zip_001__001.53a575f0..jpg..zip,1634998,61,2,1,0,0,0.22950819672131148,archive,0,0,0,1,0,1,0,1,0,0,27,7.940022003072438,5.329703156884022,0.3720689566592742,0.01376515445278832,256,17,0,0,0,0,0,0,0,0,0,0,0,0.0,0
1,mitra,image_anomaly_mitra,1239,met_35080_primary_000__marker_zip_001__002.8ff759f9..zip..jpg,data/raw/image_anomaly/anomalous/mitra/files/jpg/met_35080_primary_000/f243b5606d57aae03107/met_35080_primary_000__marker_zip_001__002.8ff759f9..zip..jpg,1634994,61,2,1,0,0,0.22950819672131148,image,0,0,0,1,0,1,1,0,0,0,27,7.9400217004700195,5.492629944284283,0.37206925530001944,0.013765188129130749,256,17,0,0,0,0,0,0,0,2,0,0,0,0.0013131546660110067,0
1,mitra,image_anomaly_mitra,1240,met_358544_primary_000__marker_pdf_001__001.18bfe16d..jpg..pdf,data/raw/image_anomaly/anomalous/mitra/files/jpg/met_358544_primary_000/746036ff86af265c8c55/met_358544_primary_000__marker_pdf_001__001.18bfe16d..jpg..pdf,2170112,62,2,1,0,0,0.22580645161290322,document,0,0,0,0,0,1,0,1,0,0,28,7.981477834504281,5.250824256483538,0.3746866521174944,0.008043363660493099,256,6,0,0,0,0,0,0,0,0,0,0,0,0.0,0
1,mitra,image_anomaly_mitra,1241,met_358544_primary_000__marker_zip_001__001.84faf7a6..jpg..zip,data/raw/image_anomaly/anomalous/mitra/files/jpg/met_358544_primary_000/d5576ade74f9d5a2f388/met_358544_primary_000__marker_zip_001__001.84faf7a6..jpg..zip,2168617,62,2,1,0,0,0.22580645161290322,archive,0,0,0,1,0,1,0,1,0,0,29,7.981444117455261,3.5336334672789786,0.37410939783281233,0.008089487447529924,256,6,0,0,0,0,0,0,0,0,0,0,0,0.0,0
1,mitra,image_anomaly_mitra,1242,met_358544_primary_000__marker_zip_001__002.0c744352..zip..jpg,data/raw/image_anomaly/anomalous/mitra/files/jpg/met_358544_primary_000/d5576ade74f9d5a2f388/met_358544_primary_000__marker_zip_001__002.0c744352..zip..jpg,2168613,62,2,1,0,0,0.22580645161290322,image,0,0,0,1,0,1,1,0,0,0,29,7.981443561015178,3.541759779881938,0.37410962675221443,0.008089502368564608,256,6,0,0,0,0,0,0,0,2,0,0,0,0.000990033722014947,0
1,mitra,image_anomaly_mitra,1243,met_358544_primary_000__marker_zip_002__001.ea8d6708..jpg..zip,data/raw/image_anomaly/anomalous/mitra/files/jpg/met_358544_primary_000/e15f8d18f9061555c801/met_358544_primary_000__marker_zip_002__001.ea8d6708..jpg..zip,2201103,62,2,1,0,0,0.22580645161290322,archive,0,0,0,1,0,1,0,1,0,0,29,7.981975739650466,7.988340858219542,0.37409880409958096,0.008030064926539104,256,6,0,0,0,0,0,0,0,0,0,0,0,0.0,0
1,mitra,image_anomaly_mitra,1244,met_358544_primary_000__marker_zip_002__002.1d4488fd..zip..jpg,data/raw/image_anomaly/anomalous/mitra/files/jpg/met_358544_primary_000/e15f8d18f9061555c801/met_358544_primary_000__marker_zip_002__002.1d4488fd..zip..jpg,2201099,62,2,1,0,0,0.22580645161290322,image,0,0,0,1,0,1,1,0,0,0,29,7.9819754889854035,3.541759779881938,0.374099029621112,0.008030079519367371,256,6,0,0,0,0,0,0,0,2,0,0,0,0.014932086198757985,0
1,mitra,image_anomaly_mitra,1245,met_358544_primary_000__marker_pdf_002__001.baf2d953..jpg..pdf,data/raw/image_anomaly/anomalous/mitra/files/jpg/met_358544_primary_000/f921df35c7136d9dc5b2/met_358544_primary_000__marker_pdf_002__001.baf2d953..jpg..pdf,2171903,62,2,1,0,0,0.22580645161290322,document,0,0,0,0,0,1,0,1,0,0,28,7.98147470617906,5.072845754531357,0.37518480337289467,0.008036730922145234,256,6,0,0,0,0,0,0,0,0,0,0,0,0.0,0
1,mitra,image_anomaly_mitra,1246,met_359079_primary_000__marker_pdf_002__001.7fb44ef9..jpg..pdf,data/raw/image_anomaly/anomalous/mitra/files/jpg/met_359079_primary_000/53245da3b812128b6376/met_359079_primary_000__marker_pdf_002__001.7fb44ef9..jpg..pdf,3877175,62,2,1,0,0,0.22580645161290322,document,0,0,0,0,0,1,0,1,0,0,53,7.986304622401948,5.072845754531357,0.3776517696518728,0.008262717055588153,256,17,0,2,0,0,0,2,2,0,0,0,0,0.0,0
1,mitra,image_anomaly_mitra,1247,met_359079_primary_000__marker_pdf_001__001.82d717c4..jpg..pdf,data/raw/image_anomaly/anomalous/mitra/files/jpg/met_359079_primary_000/838d794b56b9bcf87caa/met_359079_primary_000__marker_pdf_001__001.82d717c4..jpg..pdf,3875384,62,2,1,0,0,0.22580645161290322,document,0,0,0,0,0,1,0,1,0,0,53,7.986315320436179,5.250824256483538,0.37737395829677783,0.008266535651692839,256,17,0,2,0,0,0,2,2,0,0,0,0,0.0,0
1,mitra,image_anomaly_mitra,1248,met_359079_primary_000__marker_zip_001__001.e92b80da..jpg..zip,data/raw/image_anomaly/anomalous/mitra/files/jpg/met_359079_primary_000/9ca137259c257f60adc6/met_359079_primary_000__marker_zip_001__001.e92b80da..jpg..zip,3873889,62,2,1,0,0,0.22580645161290322,archive,0,0,0,1,0,1,0,1,0,0,54,7.986304564905567,5.131322790087399,0.3770518463487209,0.008292442039511199,256,17,0,2,0,0,0,2,2,0,0,0,0,0.0,0
1,mitra,image_anomaly_mitra,1249,met_359079_primary_000__marker_zip_001__002.8d527a3a..zip..jpg,data/raw/image_anomaly/anomalous/mitra/files/jpg/met_359079_primary_000/9ca137259c257f60adc6/met_359079_primary_000__marker_zip_001__002.8d527a3a..zip..jpg,3873885,62,2,1,0,0,0.22580645161290322,image,0,0,0,1,0,1,1,0,0,0,54,7.986304474613782,5.143375732203316,0.3770519775367622,0.008292450601915132,256,17,0,2,0,0,0,2,2,2,0,0,0,0.000554223989612495,0
1,mitra,image_anomaly_mitra,1250,met_359079_primary_000__marker_zip_002__001.2abcce90..jpg..zip,data/raw/image_anomaly/anomalous/mitra/files/jpg/met_359079_primary_000/db1121d9083fe46807fd/met_359079_primary_000__marker_zip_002__001.2abcce90..jpg..zip,3906375,62,2,1,0,0,0.22580645161290322,archive,0,0,0,1,0,1,0,1,0,0,54,7.986523128050937,7.988340858219542,0.3770214073149659,0.008257271767303447,256,17,0,2,0,0,0,2,2,0,0,0,0,0.0,0
1,mitra,image_anomaly_mitra,1251,met_359079_primary_000__marker_zip_002__002.f8496d86..zip..jpg,data/raw/image_anomaly/anomalous/mitra/files/jpg/met_359079_primary_000/db1121d9083fe46807fd/met_359079_primary_000__marker_zip_002__002.f8496d86..zip..jpg,3906371,62,2,1,0,0,0.22580645161290322,image,0,0,0,1,0,1,1,0,0,0,54,7.9865231360935045,5.143375732203316,0.3770215373808581,0.008257280222487829,256,17,0,2,0,0,0,2,2,2,0,0,0,0.008413691377495891,0
1,mitra,image_anomaly_mitra,1252,met_362317_primary_000__marker_pdf_001__001.963e32ac..jpg..pdf,data/raw/image_anomaly/anomalous/mitra/files/jpg/met_362317_primary_000/9e7958781da5f4adc974/met_362317_primary_000__marker_pdf_001__001.963e32ac..jpg..pdf,3459314,62,2,1,0,0,0.22580645161290322,document,0,0,0,0,0,1,0,1,0,0,38,7.97137945278988,5.250824256483538,0.38571924953907044,0.00683488113539274,256,6,0,0,1,0,0,0,1,0,0,0,0,0.0,0
1,mitra,image_anomaly_mitra,1253,met_362317_primary_000__marker_pdf_002__001.0faa89a7..jpg..pdf,data/raw/image_anomaly/anomalous/mitra/files/jpg/met_362317_primary_000/b34ff0a1263ea90ca418/met_362317_primary_000__marker_pdf_002__001.0faa89a7..jpg..pdf,3461105,62,2,1,0,0,0.22580645161290322,document,0,0,0,0,0,1,0,1,0,0,38,7.9713572949022575,5.072845754531357,0.38602613905096783,0.006831344325006031,256,6,0,0,1,0,0,0,1,0,0,0,0,0.0,0
1,mitra,image_anomaly_mitra,1254,met_362317_primary_000__marker_zip_001__001.86b9f637..jpg..zip,data/raw/image_anomaly/anomalous/mitra/files/jpg/met_362317_primary_000/b3581fff2411e1fe4907/met_362317_primary_000__marker_zip_001__001.86b9f637..jpg..zip,3457819,62,2,1,0,0,0.22580645161290322,archive,0,0,0,1,0,1,0,1,0,0,39,7.971385735321917,3.483642612408667,0.3853619868477789,0.006863285787948994,256,6,0,0,1,0,0,0,1,0,0,0,0,0.0,0
1,mitra,image_anomaly_mitra,1255,met_362317_primary_000__marker_zip_001__002.d7131716..zip..jpg,data/raw/image_anomaly/anomalous/mitra/files/jpg/met_362317_primary_000/b3581fff2411e1fe4907/met_362317_primary_000__marker_zip_001__002.d7131716..zip..jpg,3457815,62,2,1,0,0,0.22580645161290322,image,0,0,0,1,0,1,1,0,0,0,39,7.971385272730791,3.491453240609631,0.3853621434345099,0.006863293727397215,256,6,0,0,1,0,0,0,1,2,0,0,0,0.0006209123391505908,0
1,mitra,image_anomaly_mitra,1256,met_362317_primary_000__marker_zip_002__001.62164d7f..jpg..zip,data/raw/image_anomaly/anomalous/mitra/files/jpg/met_362317_primary_000/b99b6746fa1aaa18fe57/met_362317_primary_000__marker_zip_002__001.62164d7f..jpg..zip,3490305,62,2,1,0,0,0.22580645161290322,archive,0,0,0,1,0,1,0,1,0,0,39,7.971914656816569,7.988340858219542,0.38525057265769036,0.006837224827056661,256,6,0,0,1,0,0,0,1,0,0,0,0,0.0,0
1,mitra,image_anomaly_mitra,1257,met_362317_primary_000__marker_zip_002__002.dda596f0..zip..jpg,data/raw/image_anomaly/anomalous/mitra/files/jpg/met_362317_primary_000/b99b6746fa1aaa18fe57/met_362317_primary_000__marker_zip_002__002.dda596f0..zip..jpg,3490301,62,2,1,0,0,0.22580645161290322,image,0,0,0,1,0,1,1,0,0,0,39,7.971914329052219,3.491453240609631,0.385250727659305,0.006837232662741694,256,6,0,0,1,0,0,0,1,2,0,0,0,0.009416666356282738,0
1,mitra,image_anomaly_mitra,1258,met_363514_primary_000__marker_zip_001__001.68cde22c..jpg..zip,data/raw/image_anomaly/anomalous/mitra/files/jpg/met_363514_primary_000/23ee3c86d8acede395e3/met_363514_primary_000__marker_zip_001__001.68cde22c..jpg..zip,1286233,62,2,1,0,0,0.22580645161290322,archive,0,0,0,1,0,1,0,1,0,0,34,7.948435993536146,3.486577582167618,0.37488231136971295,0.011054762239811916,256,6,0,0,0,0,0,0,0,0,0,0,0,0.0,0
1,mitra,image_anomaly_mitra,1259,met_363514_primary_000__marker_zip_001__002.7e9fb9d6..zip..jpg,data/raw/image_anomaly/anomalous/mitra/files/jpg/met_363514_primary_000/23ee3c86d8acede395e3/met_363514_primary_000__marker_zip_001__002.7e9fb9d6..zip..jpg,1286229,62,2,1,0,0,0.22580645161290322,image,0,0,0,1,0,1,1,0,0,0,34,7.948435132850083,3.506750348242968,0.37488269973698307,0.01105479661864256,256,6,0,0,0,0,0,0,0,2,0,0,0,0.0016692206442243177,0
1,mitra,image_anomaly_mitra,1260,met_363514_primary_000__marker_pdf_001__001.0f9bdaea..jpg..pdf,data/raw/image_anomaly/anomalous/mitra/files/jpg/met_363514_primary_000/6b009700313702532639/met_363514_primary_000__marker_pdf_001__001.0f9bdaea..jpg..pdf,1287728,62,2,1,0,0,0.22580645161290322,document,0,0,0,0,0,1,0,1,0,0,33,7.948543204949989,5.250824256483538,0.37585421766087246,0.010973590696171862,256,6,0,0,0,0,0,0,0,0,0,0,0,0.0,0
1,mitra,image_anomaly_mitra,1261,met_363514_primary_000__marker_pdf_002__001.b31e161a..jpg..pdf,data/raw/image_anomaly/anomalous/mitra/files/jpg/met_363514_primary_000/a6a2241983519fe34b1a/met_363514_primary_000__marker_pdf_002__001.b31e161a..jpg..pdf,1289519,62,2,1,0,0,0.22580645161290322,document,0,0,0,0,0,1,0,1,0,0,33,7.948568868212765,5.072845754531357,0.3766916191230994,0.010958349586163523,256,6,0,0,0,0,0,0,0,0,0,0,0,0.0,0
1,mitra,image_anomaly_mitra,1262,met_363514_primary_000__marker_zip_002__001.3949367c..jpg..zip,data/raw/image_anomaly/anomalous/mitra/files/jpg/met_363514_primary_000/f41707b51b5221c78dd0/met_363514_primary_000__marker_zip_002__001.3949367c..jpg..zip,1318719,62,2,1,0,0,0.22580645161290322,archive,0,0,0,1,0,1,0,1,0,0,34,7.950898531387482,7.988340858219542,0.3748455887873004,0.010882530698351961,256,6,0,0,0,0,0,0,0,0,0,0,0,0.0,0
1,mitra,image_anomaly_mitra,1263,met_363514_primary_000__marker_zip_002__002.851f6675..zip..jpg,data/raw/image_anomaly/anomalous/mitra/files/jpg/met_363514_primary_000/f41707b51b5221c78dd0/met_363514_primary_000__marker_zip_002__002.851f6675..zip..jpg,1318715,62,2,1,0,0,0.22580645161290322,image,0,0,0,1,0,1,1,0,0,0,34,7.950898401578621,3.506750348242968,0.37484596747591403,0.010882563707851962,256,6,0,0,0,0,0,0,0,2,0,0,0,0.02492350507880778,0
1,mitra,image_anomaly_mitra,1264,met_363787_primary_000__marker_zip_001__001.b42c1af9..jpg..zip,data/raw/image_anomaly/anomalous/mitra/files/jpg/met_363787_primary_000/5c9c78e348417c2c0fc5/met_363787_primary_000__marker_zip_001__001.b42c1af9..jpg..zip,837772,62,2,1,0,0,0.22580645161290322,archive,0,0,0,1,0,1,0,1,0,0,19,7.978598874491239,3.4860200665476664,0.3759662533481663,0.00840324097725873,256,6,0,0,0,0,0,0,0,0,0,0,0,0.0,0
1,mitra,image_anomaly_mitra,1265,met_363787_primary_000__marker_zip_001__002.f690a265..zip..jpg,data/raw/image_anomaly/anomalous/mitra/files/jpg/met_363787_primary_000/5c9c78e348417c2c0fc5/met_363787_primary_000__marker_zip_001__002.f690a265..zip..jpg,837768,62,2,1,0,0,0.22580645161290322,image,0,0,0,1,0,1,1,0,0,0,19,7.978597477101009,3.494135190944173,0.37596685478557307,0.008403281099301954,256,6,0,0,0,0,0,0,0,2,0,0,0,0.0025627620057104114,0
1,mitra,image_anomaly_mitra,1266,met_363787_primary_000__marker_zip_002__001.a099a697..jpg..zip,data/raw/image_anomaly/anomalous/mitra/files/jpg/met_363787_primary_000/6a4847261dcc00117bca/met_363787_primary_000__marker_zip_002__001.a099a697..jpg..zip,870258,62,2,1,0,0,0.22580645161290322,archive,0,0,0,1,0,1,0,1,0,0,19,7.980133488522494,7.988340858219542,0.3758701442560712,0.008241234208705924,256,6,0,0,0,0,0,0,0,0,0,0,0,0.0,0
1,mitra,image_anomaly_mitra,1267,met_363787_primary_000__marker_zip_002__002.ae4f6770..zip..jpg,data/raw/image_anomaly/anomalous/mitra/files/jpg/met_363787_primary_000/6a4847261dcc00117bca/met_363787_primary_000__marker_zip_002__002.ae4f6770..zip..jpg,870254,62,2,1,0,0,0.22580645161290322,image,0,0,0,1,0,1,1,0,0,0,19,7.980133117710927,3.494135190944173,0.37587072280046974,0.008241272088378795,256,6,0,0,0,0,0,0,0,2,0,0,0,0.03776713465264164,0
1,mitra,image_anomaly_mitra,1268,met_363787_primary_000__marker_pdf_001__001.246fac1e..jpg..pdf,data/raw/image_anomaly/anomalous/mitra/files/jpg/met_363787_primary_000/803ff0b8501ef7b163af/met_363787_primary_000__marker_pdf_001__001.246fac1e..jpg..pdf,839267,62,2,1,0,0,0.22580645161290322,document,0,0,0,0,0,1,0,1,0,0,18,7.978604088088438,5.250824256483538,0.3774555653921815,0.008283418745166913,256,6,0,0,0,0,0,0,0,0,0,0,0,0.0,0
1,mitra,image_anomaly_mitra,1269,met_363787_primary_000__marker_pdf_002__001.2b6dca5f..jpg..pdf,data/raw/image_anomaly/anomalous/mitra/files/jpg/met_363787_primary_000/e196d9a8205539f4ff68/met_363787_primary_000__marker_pdf_002__001.2b6dca5f..jpg..pdf,841058,62,2,1,0,0,0.22580645161290322,document,0,0,0,0,0,1,0,1,0,0,18,7.9785256083561915,5.072845754531357,0.378736068142744,0.00826577953006808,256,6,0,0,0,0,0,0,0,0,0,0,0,0.0,0
1,mitra,image_anomaly_mitra,1270,met_364781_primary_000__marker_zip_002__001.20a23e6c..jpg..zip,data/raw/image_anomaly/anomalous/mitra/files/jpg/met_364781_primary_000/5e48171a0129b19a7fdd/met_364781_primary_000__marker_zip_002__001.20a23e6c..jpg..zip,2040104,62,2,1,0,0,0.22580645161290322,archive,0,0,0,1,0,1,0,1,0,0,65,7.95941532657007,7.988340858219542,0.3814962374467184,0.006522706685541522,256,6,0,0,0,0,0,0,0,0,0,0,0,0.0,0
1,mitra,image_anomaly_mitra,1271,met_364781_primary_000__marker_zip_002__002.2b2f1a79..zip..jpg,data/raw/image_anomaly/anomalous/mitra/files/jpg/met_364781_primary_000/5e48171a0129b19a7fdd/met_364781_primary_000__marker_zip_002__002.2b2f1a79..zip..jpg,2040100,62,2,1,0,0,0.22580645161290322,image,0,0,0,1,0,1,1,0,0,0,65,7.959414734347058,3.4775176213387495,0.3814964952698397,0.006522719474535562,256,6,0,0,0,0,0,0,0,2,0,0,0,0.016110484780157835,0
1,mitra,image_anomaly_mitra,1272,met_364781_primary_000__marker_pdf_001__001.8f464037..jpg..pdf,data/raw/image_anomaly/anomalous/mitra/files/jpg/met_364781_primary_000/89980391b073efc6a0f3/met_364781_primary_000__marker_pdf_001__001.8f464037..jpg..pdf,2009113,62,2,1,0,0,0.22580645161290322,document,0,0,0,0,0,1,0,1,0,0,64,7.958221351314149,5.250824256483538,0.38224529929376794,0.0065138197801716475,256,6,0,0,0,0,0,0,0,0,0,0,0,0.0,0
1,mitra,image_anomaly_mitra,1273,met_364781_primary_000__marker_pdf_002__001.dfc0de67..jpg..pdf,data/raw/image_anomaly/anomalous/mitra/files/jpg/met_364781_primary_000/9e6e9525df233cfe7245/met_364781_primary_000__marker_pdf_002__001.dfc0de67..jpg..pdf,2010904,62,2,1,0,0,0.22580645161290322,document,0,0,0,0,0,1,0,1,0,0,64,7.958261454655949,5.072845754531357,0.38277660196608093,0.0065080182843139205,256,6,0,0,0,0,0,0,0,0,0,0,0,0.0,0
1,mitra,image_anomaly_mitra,1274,met_364781_primary_000__marker_zip_001__001.f799097f..jpg..zip,data/raw/image_anomaly/anomalous/mitra/files/jpg/met_364781_primary_000/fa3d59161917938444c3/met_364781_primary_000__marker_zip_001__001.f799097f..jpg..zip,2007618,62,2,1,0,0,0.22580645161290322,archive,0,0,0,1,0,1,0,1,0,0,65,7.958098959910627,3.488971938721852,0.3816273813046107,0.006562503424456246,256,6,0,0,0,0,0,0,0,0,0,0,0,0.0,0
1,mitra,image_anomaly_mitra,1275,met_364781_primary_000__marker_zip_001__002.e63d27be..zip..jpg,data/raw/image_anomaly/anomalous/mitra/files/jpg/met_364781_primary_000/fa3d59161917938444c3/met_364781_primary_000__marker_zip_001__002.e63d27be..zip..jpg,2007614,62,2,1,0,0,0.22580645161290322,image,0,0,0,1,0,1,1,0,0,0,65,7.958098073601284,3.4775176213387495,0.3816276435609634,0.0065625164996856965,256,6,0,0,0,0,0,0,0,2,0,0,0,0.0010694286849962193,0
1,mitra,image_anomaly_mitra,1276,met_368134_primary_000__marker_zip_001__001.987a41aa..jpg..zip,data/raw/image_anomaly/anomalous/mitra/files/jpg/met_368134_primary_000/16f21542054c35f7e130/met_368134_primary_000__marker_zip_001__001.987a41aa..jpg..zip,2968085,62,2,1,0,0,0.22580645161290322,archive,0,0,0,1,0,1,0,1,0,0,53,7.9614955894983375,5.447606078403486,0.3882469673206798,0.00752067410468366,256,25,0,0,0,0,0,0,0,0,0,0,0,0.0,0
1,mitra,image_anomaly_mitra,1277,met_368134_primary_000__marker_zip_001__002.61bb385b..zip..jpg,data/raw/image_anomaly/anomalous/mitra/files/jpg/met_368134_primary_000/16f21542054c35f7e130/met_368134_primary_000__marker_zip_001__002.61bb385b..zip..jpg,2968081,62,2,1,0,0,0.22580645161290322,image,0,0,0,1,0,1,1,0,0,0,53,7.961495112850975,4.88883237999794,0.38824715363226275,0.00752068424008644,256,25,0,0,0,0,0,0,0,2,0,0,0,0.0007233630079502547,0
1,mitra,image_anomaly_mitra,1278,met_368134_primary_000__marker_pdf_002__001.de80d888..jpg..pdf,data/raw/image_anomaly/anomalous/mitra/files/jpg/met_368134_primary_000/273f37cc8acdf9a4360d/met_368134_primary_000__marker_pdf_002__001.de80d888..jpg..pdf,2971371,62,2,1,0,0,0.22580645161290322,document,0,0,0,0,0,1,0,1,0,0,52,7.961492321883755,5.072845754531357,0.3890173929812198,0.0074827411319555856,256,25,0,0,0,0,0,0,0,0,0,0,0,0.0,0
1,mitra,image_anomaly_mitra,1279,met_368134_primary_000__marker_pdf_001__001.2d87bd30..jpg..pdf,data/raw/image_anomaly/anomalous/mitra/files/jpg/met_368134_primary_000/2d0f476cdb487bd27e97/met_368134_primary_000__marker_pdf_001__001.2d87bd30..jpg..pdf,2969580,62,2,1,0,0,0.22580645161290322,document,0,0,0,0,0,1,0,1,0,0,52,7.961506644060461,5.250824256483538,0.38866169626681213,0.007487254089803945,256,25,0,0,0,0,0,0,0,0,0,0,0,0.0,0
1,mitra,image_anomaly_mitra,1280,met_368134_primary_000__marker_zip_002__001.e05ddbbe..jpg..zip,data/raw/image_anomaly/anomalous/mitra/files/jpg/met_368134_primary_000/7975c13dddf5ff2358b2/met_368134_primary_000__marker_zip_002__001.e05ddbbe..jpg..zip,3000571,62,2,1,0,0,0.22580645161290322,archive,0,0,0,1,0,1,0,1,0,0,53,7.962303691437032,7.988340858219542,0.3880861342724435,0.007483242356204869,256,25,0,0,0,0,0,0,0,0,0,0,0,0.0,0
1,mitra,image_anomaly_mitra,1281,met_368134_primary_000__marker_zip_002__002.02f82f69..zip..jpg,data/raw/image_anomaly/anomalous/mitra/files/jpg/met_368134_primary_000/7975c13dddf5ff2358b2/met_368134_primary_000__marker_zip_002__002.02f82f69..zip..jpg,3000567,62,2,1,0,0,0.22580645161290322,image,0,0,0,1,0,1,1,0,0,0,53,7.962303268291048,4.88883237999794,0.38808631835249807,0.0074832523319759234,256,25,0,0,0,0,0,0,0,2,0,0,0,0.010953596436940084,0
1,mitra,image_anomaly_mitra,1282,met_371937_primary_000__marker_zip_002__001.3e45d252..jpg..zip,data/raw/image_anomaly/anomalous/mitra/files/jpg/met_371937_primary_000/42213c640a0cde6eb553/met_371937_primary_000__marker_zip_002__001.3e45d252..jpg..zip,1944662,62,2,1,0,0,0.22580645161290322,archive,0,0,0,1,0,1,0,1,0,0,37,7.981710781836088,7.988340858219542,0.37289822087334457,0.00923605233197337,256,6,0,0,0,0,0,0,0,0,0,0,0,0.0,0
1,mitra,image_anomaly_mitra,1283,met_371937_primary_000__marker_zip_002__002.916b58c3..zip..jpg,data/raw/image_anomaly/anomalous/mitra/files/jpg/met_371937_primary_000/42213c640a0cde6eb553/met_371937_primary_000__marker_zip_002__002.916b58c3..zip..jpg,1944658,62,2,1,0,0,0.22580645161290322,image,0,0,0,1,0,1,1,0,0,0,37,7.981710468539877,3.4866903774183293,0.3728984736647781,0.009236071329765954,256,6,0,0,0,0,0,0,0,2,0,0,0,0.016901172339815022,0
1,mitra,image_anomaly_mitra,1284,met_371937_primary_000__marker_pdf_001__001.cad76021..jpg..pdf,data/raw/image_anomaly/anomalous/mitra/files/jpg/met_371937_primary_000/70fb8c3e998545923574/met_371937_primary_000__marker_pdf_001__001.cad76021..jpg..pdf,1913671,62,2,1,0,0,0.22580645161290322,document,0,0,0,0,0,1,0,1,0,0,36,7.981177251962587,5.250824256483538,0.3735454004371702,0.009270663557110915,256,6,0,0,0,0,0,0,0,0,0,0,0,0.0,0
1,mitra,image_anomaly_mitra,1285,met_371937_primary_000__marker_pdf_002__001.d6d3c18e..jpg..pdf,data/raw/image_anomaly/anomalous/mitra/files/jpg/met_371937_primary_000/87909a419fdfe704504e/met_371937_primary_000__marker_pdf_002__001.d6d3c18e..jpg..pdf,1915462,62,2,1,0,0,0.22580645161290322,document,0,0,0,0,0,1,0,1,0,0,36,7.981182947889813,5.072845754531357,0.3741113110048646,0.00926199527842369,256,6,0,0,0,0,0,0,0,0,0,0,0,0.0,0
1,mitra,image_anomaly_mitra,1286,met_371937_primary_000__marker_zip_001__001.8ac5a7fa..jpg..zip,data/raw/image_anomaly/anomalous/mitra/files/jpg/met_371937_primary_000/f91ad40965ebe9160d75/met_371937_primary_000__marker_zip_001__001.8ac5a7fa..jpg..zip,1912176,62,2,1,0,0,0.22580645161290322,archive,0,0,0,1,0,1,0,1,0,0,37,7.981103762987208,3.4841323903001236,0.3728898385922635,0.009323932525039536,256,6,0,0,0,0,0,0,0,0,0,0,0,0.0,0
1,mitra,image_anomaly_mitra,1287,met_371937_primary_000__marker_zip_001__002.57972c7e..zip..jpg,data/raw/image_anomaly/anomalous/mitra/files/jpg/met_371937_primary_000/f91ad40965ebe9160d75/met_371937_primary_000__marker_zip_001__002.57972c7e..zip..jpg,1912172,62,2,1,0,0,0.22580645161290322,image,0,0,0,1,0,1,1,0,0,0,37,7.981103120266276,3.4866903774183293,0.3728900956608506,0.009323952029419947,256,6,0,0,0,0,0,0,0,2,0,0,0,0.001122806944145192,0
1,mitra,image_anomaly_mitra,1288,met_378094_additional_001__marker_zip_001__001.63f4631e..jpg..zip,data/raw/image_anomaly/anomalous/mitra/files/jpg/met_378094_additional_001/125578cc73bfe3782509/met_378094_additional_001__marker_zip_001__001.63f4631e..jpg..zip,2190930,65,2,1,0,0,0.2153846153846154,archive,0,0,0,1,0,1,0,1,0,0,51,7.975950860029769,6.211455613598813,0.37201051608221164,0.011842003167604625,256,13,0,0,1,0,0,0,1,0,0,0,0,0.0,0
1,mitra,image_anomaly_mitra,1289,met_378094_additional_001__marker_zip_001__002.2f19c54c..zip..jpg,data/raw/image_anomaly/anomalous/mitra/files/jpg/met_378094_additional_001/125578cc73bfe3782509/met_378094_additional_001__marker_zip_001__002.2f19c54c..zip..jpg,2190926,65,2,1,0,0,0.2153846153846154,image,0,0,0,1,0,1,1,0,0,0,51,7.975950821371711,6.399058181625094,0.3720107388382812,0.01184202478769251,256,13,0,0,1,0,0,0,1,2,0,0,0,0.0009799509431172024,0
1,mitra,image_anomaly_mitra,1290,met_378094_additional_001__marker_zip_002__001.33805dec..jpg..zip,data/raw/image_anomaly/anomalous/mitra/files/jpg/met_378094_additional_001/2b6b9727fb9c2242cde6/met_378094_additional_001__marker_zip_002__001.33805dec..jpg..zip,2223416,65,2,1,0,0,0.2153846153846154,archive,0,0,0,1,0,1,0,1,0,0,51,7.976607708070474,7.988340858219542,0.3720306951105866,0.011728349530632145,256,13,0,0,1,0,0,0,1,0,0,0,0,0.0,0
1,mitra,image_anomaly_mitra,1291,met_378094_additional_001__marker_zip_002__002.e3518faf..zip..jpg,data/raw/image_anomaly/anomalous/mitra/files/jpg/met_378094_additional_001/2b6b9727fb9c2242cde6/met_378094_additional_001__marker_zip_002__002.e3518faf..zip..jpg,2223412,65,2,1,0,0,0.2153846153846154,image,0,0,0,1,0,1,1,0,0,0,51,7.9766077170860195,6.399058181625094,0.3720309146482973,0.011728370630364502,256,13,0,0,1,0,0,0,1,2,0,0,0,0.014782235591064544,0
1,mitra,image_anomaly_mitra,1292,met_378094_additional_001__marker_pdf_002__001.7fff48e0..jpg..pdf,data/raw/image_anomaly/anomalous/mitra/files/jpg/met_378094_additional_001/44ef91c1938dd2f70dc6/met_378094_additional_001__marker_pdf_002__001.7fff48e0..jpg..pdf,2194216,65,2,1,0,0,0.2153846153846154,document,0,0,0,0,0,1,0,1,0,0,50,7.975964049575702,5.072845754531357,0.37307812904472487,0.011784163455193107,256,13,0,0,1,0,0,0,1,0,0,0,0,0.0,0
1,mitra,image_anomaly_mitra,1293,met_378094_additional_001__marker_pdf_001__001.ea8d9ff6..jpg..pdf,data/raw/image_anomaly/anomalous/mitra/files/jpg/met_378094_additional_001/56684a7a09b16ac40e3b/met_378094_additional_001__marker_pdf_001__001.ea8d9ff6..jpg..pdf,2192425,65,2,1,0,0,0.2153846153846154,document,0,0,0,0,0,1,0,1,0,0,50,7.97597756922521,5.250824256483538,0.37258332668164246,0.011793789981413276,256,13,0,0,1,0,0,0,1,0,0,0,0,0.0,0
1,mitra,image_anomaly_mitra,1294,met_378094_primary_000__marker_pdf_001__001.3c5b9423..jpg..pdf,data/raw/image_anomaly/anomalous/mitra/files/jpg/met_378094_primary_000/738a43409bd1e9eb7554/met_378094_primary_000__marker_pdf_001__001.3c5b9423..jpg..pdf,2154331,62,2,1,0,0,0.22580645161290322,document,0,0,0,0,0,1,0,1,0,0,54,7.976131268181181,5.250824256483538,0.37477202899647266,0.01101919807123418,256,13,0,0,0,0,0,0,0,0,0,0,0,0.0,0
1,mitra,image_anomaly_mitra,1295,met_378094_primary_000__marker_zip_002__001.47d55ed4..jpg..zip,data/raw/image_anomaly/anomalous/mitra/files/jpg/met_378094_primary_000/7e0946ff4fcd59c30b08/met_378094_primary_000__marker_zip_002__001.47d55ed4..jpg..zip,2185322,62,2,1,0,0,0.22580645161290322,archive,0,0,0,1,0,1,0,1,0,0,55,7.97678081372223,7.988340858219542,0.37417872514897116,0.010963601702632381,256,13,0,0,0,0,0,0,0,0,0,0,0,0.0,0
1,mitra,image_anomaly_mitra,1296,met_378094_primary_000__marker_zip_002__002.9cce34f8..zip..jpg,data/raw/image_anomaly/anomalous/mitra/files/jpg/met_378094_primary_000/7e0946ff4fcd59c30b08/met_378094_primary_000__marker_zip_002__002.9cce34f8..zip..jpg,2185318,62,2,1,0,0,0.22580645161290322,image,0,0,0,1,0,1,1,0,0,0,55,7.976780557267874,6.3969951341376055,0.3741789524453649,0.010963621770378499,256,13,0,0,0,0,0,0,0,2,0,0,0,0.015039916387454824,0
1,mitra,image_anomaly_mitra,1297,met_378094_primary_000__marker_zip_001__001.81ae7f3e..jpg..zip,data/raw/image_anomaly/anomalous/mitra/files/jpg/met_378094_primary_000/df2cb4ffe5f66de396b7/met_378094_primary_000__marker_zip_001__001.81ae7f3e..jpg..zip,2152836,62,2,1,0,0,0.22580645161290322,archive,0,0,0,1,0,1,0,1,0,0,55,7.97611137826976,6.2132291022482615,0.3741906025354463,0.011067726478003899,256,13,0,0,0,0,0,0,0,0,0,0,0,0.0,0
1,mitra,image_anomaly_mitra,1298,met_378094_primary_000__marker_zip_001__002.e4c76a60..zip..jpg,data/raw/image_anomaly/anomalous/mitra/files/jpg/met_378094_primary_000/df2cb4ffe5f66de396b7/met_378094_primary_000__marker_zip_001__002.e4c76a60..zip..jpg,2152832,62,2,1,0,0,0.22580645161290322,image,0,0,0,1,0,1,1,0,0,0,55,7.976111095854219,6.3969951341376055,0.3741908332837862,0.011067747042035793,256,13,0,0,0,0,0,0,0,2,0,0,0,0.0009972910101670729,0
1,mitra,image_anomaly_mitra,1299,met_378094_primary_000__marker_pdf_002__001.5561de62..jpg..pdf,data/raw/image_anomaly/anomalous/mitra/files/jpg/met_378094_primary_000/f538a4856766a13cee5e/met_378094_primary_000__marker_pdf_002__001.5561de62..jpg..pdf,2156122,62,2,1,0,0,0.22580645161290322,document,0,0,0,0,0,1,0,1,0,0,54,7.976112143390016,5.072845754531357,0.375273755381189,0.011010044886142807,256,13,0,0,0,0,0,0,0,0,0,0,0,0.0,0
1,mitra,image_anomaly_mitra,1300,met_379929_primary_000__marker_zip_001__001.bfc84557..jpg..zip,data/raw/image_anomaly/anomalous/mitra/files/jpg/met_379929_primary_000/3b6a4dd1777740d0253d/met_379929_primary_000__marker_zip_001__001.bfc84557..jpg..zip,2106126,62,2,1,0,0,0.22580645161290322,archive,0,0,0,1,0,1,0,1,0,0,33,7.977835359021611,6.2097884727104695,0.3779375023146763,0.009898268194780369,256,15,0,2,0,0,0,2,2,0,0,0,0,0.0,0
1,mitra,image_anomaly_mitra,1301,met_379929_primary_000__marker_zip_001__002.f9f67e61..zip..jpg,data/raw/image_anomaly/anomalous/mitra/files/jpg/met_379929_primary_000/3b6a4dd1777740d0253d/met_379929_primary_000__marker_zip_001__002.f9f67e61..zip..jpg,2106122,62,2,1,0,0,0.22580645161290322,image,0,0,0,1,0,1,1,0,0,0,33,7.977835345623871,6.3939710577005355,0.3779377452968062,0.00989828699382087,256,15,0,2,0,0,0,2,2,2,0,0,0,0.0010194091320445825,0
1,mitra,image_anomaly_mitra,1302,met_379929_primary_000__marker_pdf_002__001.2a0f8e44..jpg..pdf,data/raw/image_anomaly/anomalous/mitra/files/jpg/met_379929_primary_000/6bdfc92ff4133d46612a/met_379929_primary_000__marker_pdf_002__001.2a0f8e44..jpg..pdf,2109412,62,2,1,0,0,0.22580645161290322,document,0,0,0,0,0,1,0,1,0,0,32,7.977758989596537,5.072845754531357,0.37903880323047373,0.009841131082974781,256,15,0,2,0,0,0,2,2,0,0,0,0,0.0,0
1,mitra,image_anomaly_mitra,1303,met_379929_primary_000__marker_pdf_001__001.c3a33d21..jpg..pdf,data/raw/image_anomaly/anomalous/mitra/files/jpg/met_379929_primary_000/eba307e152a5cc902ff3/met_379929_primary_000__marker_pdf_001__001.c3a33d21..jpg..pdf,2107621,62,2,1,0,0,0.22580645161290322,document,0,0,0,0,0,1,0,1,0,0,32,7.977804724382926,5.250824256483538,0.3785291568076044,0.009849493813166599,256,15,0,2,0,0,0,2,2,0,0,0,0,0.0,0
1,mitra,image_anomaly_mitra,1304,met_379929_primary_000__marker_zip_002__001.a8c25980..jpg..zip,data/raw/image_anomaly/anomalous/mitra/files/jpg/met_379929_primary_000/fb6122f634e358645bc7/met_379929_primary_000__marker_zip_002__001.a8c25980..jpg..zip,2138612,62,2,1,0,0,0.22580645161290322,archive,0,0,0,1,0,1,0,1,0,0,33,7.9784727841134,7.988340858219542,0.3778684492558725,0.009809633538014376,256,15,0,2,0,0,0,2,2,0,0,0,0,0.0,0
1,mitra,image_anomaly_mitra,1305,met_379929_primary_000__marker_zip_002__002.c4304f5b..zip..jpg,data/raw/image_anomaly/anomalous/mitra/files/jpg/met_379929_primary_000/fb6122f634e358645bc7/met_379929_primary_000__marker_zip_002__002.c4304f5b..zip..jpg,2138608,62,2,1,0,0,0.22580645161290322,image,0,0,0,1,0,1,1,0,0,0,33,7.978472910462302,6.3939710577005355,0.3778686884178868,0.009809651885712575,256,15,0,2,0,0,0,2,2,2,0,0,0,0.015368407861562287,0
1,mitra,image_anomaly_mitra,1306,met_38143_primary_000__marker_pdf_002__001.65881433..jpg..pdf,data/raw/image_anomaly/anomalous/mitra/files/jpg/met_38143_primary_000/2631f6db15e8c1c485a8/met_38143_primary_000__marker_pdf_002__001.65881433..jpg..pdf,88979,61,2,1,0,0,0.22950819672131148,document,0,0,0,0,0,1,0,1,0,0,2,7.906662905118849,5.072845754531357,0.42481933939468863,0.009013362703559267,256,6,0,1,0,0,0,1,1,0,0,0,0,0.0,0
1,mitra,image_anomaly_mitra,1307,met_38143_primary_000__marker_zip_001__001.b1c7614d..jpg..zip,data/raw/image_anomaly/anomalous/mitra/files/jpg/met_38143_primary_000/4837ea30739975004180/met_38143_primary_000__marker_zip_001__001.b1c7614d..jpg..zip,85693,61,2,1,0,0,0.22950819672131148,archive,0,0,0,1,0,1,0,1,0,0,3,7.917539249758636,3.463872687250238,0.39950754437351943,0.010385912501604566,256,6,0,1,0,0,0,1,1,0,0,0,0,0.0,0
1,mitra,image_anomaly_mitra,1308,met_38143_primary_000__marker_zip_001__002.58d8bcce..zip..jpg,data/raw/image_anomaly/anomalous/mitra/files/jpg/met_38143_primary_000/4837ea30739975004180/met_38143_primary_000__marker_zip_001__002.58d8bcce..zip..jpg,85689,61,2,1,0,0,0.22950819672131148,image,0,0,0,1,0,1,1,0,0,0,3,7.917522760609621,3.47891432683586,0.39951452345108474,0.010386397320542893,256,6,0,1,0,0,0,1,1,2,0,0,0,0.025055724772141116,0
1,mitra,image_anomaly_mitra,1309,met_38143_primary_000__marker_pdf_001__001.b3754683..jpg..pdf,data/raw/image_anomaly/anomalous/mitra/files/jpg/met_38143_primary_000/6b023471edcb961c4251/met_38143_primary_000__marker_pdf_001__001.b3754683..jpg..pdf,87188,61,2,1,0,0,0.22950819672131148,document,0,0,0,0,0,1,0,1,0,0,2,7.9113485598786015,5.250824256483538,0.4134399229251732,0.009198513556911501,256,6,0,1,0,0,0,1,1,0,0,0,0,0.0,0
1,mitra,image_anomaly_mitra,1310,met_38143_primary_000__marker_zip_002__001.c92fada5..jpg..zip,data/raw/image_anomaly/anomalous/mitra/files/jpg/met_38143_primary_000/a3c883abf90204fac7bf/met_38143_primary_000__marker_zip_002__001.c92fada5..jpg..zip,118179,61,2,1,0,0,0.22950819672131148,archive,0,0,0,1,0,1,0,1,0,0,3,7.951190723558826,7.988340858219542,0.39232858629705786,0.008647898526811025,256,6,0,1,0,0,0,1,1,0,0,0,0,0.0,0
1,mitra,image_anomaly_mitra,1311,met_38143_primary_000__marker_zip_002__002.ae3a796d..zip..jpg,data/raw/image_anomaly/anomalous/mitra/files/jpg/met_38143_primary_000/a3c883abf90204fac7bf/met_38143_primary_000__marker_zip_002__002.ae3a796d..zip..jpg,118175,61,2,1,0,0,0.22950819672131148,image,0,0,0,1,0,1,1,0,0,0,3,7.951184122762428,3.47891432683586,0.39233340385022214,0.008648191241802411,256,6,0,1,0,0,0,1,1,2,0,0,0,0.2781214300825048,0
1,mitra,image_anomaly_mitra,1312,met_38149_primary_000__marker_zip_001__001.baa81451..jpg..zip,data/raw/image_anomaly/anomalous/mitra/files/jpg/met_38149_primary_000/42241fe3b0b62815738c/met_38149_primary_000__marker_zip_001__001.baa81451..jpg..zip,70331,61,2,1,0,0,0.22950819672131148,archive,0,0,0,1,0,1,0,1,0,0,3,7.840128883417464,3.4693847691751962,0.39006981274260283,0.015981572848388335,256,6,0,1,0,0,0,1,1,0,0,0,0,0.0,0
1,mitra,image_anomaly_mitra,1313,met_38149_primary_000__marker_zip_001__002.2bb7428e..zip..jpg,data/raw/image_anomaly/anomalous/mitra/files/jpg/met_38149_primary_000/42241fe3b0b62815738c/met_38149_primary_000__marker_zip_001__002.2bb7428e..zip..jpg,70327,61,2,1,0,0,0.22950819672131148,image,0,0,0,1,0,1,1,0,0,0,3,7.840097197148811,3.4883389989229197,0.390077779515691,0.015982481834857166,256,6,0,1,0,0,0,1,1,2,0,0,0,0.030528815390959377,0
1,mitra,image_anomaly_mitra,1314,met_38149_primary_000__marker_pdf_001__001.ca8b883e..jpg..pdf,data/raw/image_anomaly/anomalous/mitra/files/jpg/met_38149_primary_000/68473623486edfd89bde/met_38149_primary_000__marker_pdf_001__001.ca8b883e..jpg..pdf,71826,61,2,1,0,0,0.22950819672131148,document,0,0,0,0,0,1,0,1,0,0,2,7.834709790654683,5.250824256483538,0.4071784590538245,0.014423746275721884,256,6,0,1,0,0,0,1,1,0,0,0,0,0.0,0
1,mitra,image_anomaly_mitra,1315,met_38149_primary_000__marker_pdf_002__001.5281f37c..jpg..pdf,data/raw/image_anomaly/anomalous/mitra/files/jpg/met_38149_primary_000/d8847084e8fbac806f1b/met_38149_primary_000__marker_pdf_002__001.5281f37c..jpg..pdf,73617,61,2,1,0,0,0.22950819672131148,document,0,0,0,0,0,1,0,1,0,0,2,7.83175621085901,5.072845754531357,0.4210848037817352,0.014072836437235964,256,6,0,1,0,0,0,1,1,0,0,0,0,0.0,0
1,mitra,image_anomaly_mitra,1316,met_38149_primary_000__marker_zip_002__001.3cd839d6..jpg..zip,data/raw/image_anomaly/anomalous/mitra/files/jpg/met_38149_primary_000/ec93d8b498e8e0af79ad/met_38149_primary_000__marker_zip_002__001.3cd839d6..jpg..zip,102817,61,2,1,0,0,0.22950819672131148,archive,0,0,0,1,0,1,0,1,0,0,3,7.915962034948865,7.988340858219542,0.38480017895873253,0.01221587869710262,256,6,0,1,0,0,0,1,1,0,0,0,0,0.0,0
1,mitra,image_anomaly_mitra,1317,met_38149_primary_000__marker_zip_002__002.0bca13fd..zip..jpg,data/raw/image_anomaly/anomalous/mitra/files/jpg/met_38149_primary_000/ec93d8b498e8e0af79ad/met_38149_primary_000__marker_zip_002__002.0bca13fd..zip..jpg,102813,61,2,1,0,0,0.22950819672131148,image,0,0,0,1,0,1,1,0,0,0,3,7.915954599754771,3.4883389989229197,0.3848054234386702,0.012216353963020241,256,6,0,1,0,0,0,1,1,2,0,0,0,0.3196774726931419,0
1,mitra,image_anomaly_mitra,1318,met_381673_primary_000__marker_zip_002__001.85b1975b..jpg..zip,data/raw/image_anomaly/anomalous/mitra/files/jpg/met_381673_primary_000/3d6fa0f8e47794854e86/met_381673_primary_000__marker_zip_002__001.85b1975b..jpg..zip,2047667,62,2,1,0,0,0.22580645161290322,archive,0,0,0,1,0,1,0,1,0,0,40,7.981007746319252,7.988340858219542,0.3749315684630362,0.0080994614847043,256,6,0,0,1,0,0,0,1,0,0,0,0,0.0,0
1,mitra,image_anomaly_mitra,1319,met_381673_primary_000__marker_zip_002__002.c1105af5..zip..jpg,data/raw/image_anomaly/anomalous/mitra/files/jpg/met_381673_primary_000/3d6fa0f8e47794854e86/met_381673_primary_000__marker_zip_002__002.c1105af5..zip..jpg,2047663,62,2,1,0,0,0.22580645161290322,image,0,0,0,1,0,1,1,0,0,0,40,7.981007539734804,3.211739232903859,0.37493181251016405,0.008099477306568513,256,6,0,0,1,0,0,0,1,2,0,0,0,0.01605098104522082,0
1,mitra,image_anomaly_mitra,1320,met_381673_primary_000__marker_pdf_001__001.1f840596..jpg..pdf,data/raw/image_anomaly/anomalous/mitra/files/jpg/met_381673_primary_000/ac9c3b0944c0685dd620/met_381673_primary_000__marker_pdf_001__001.1f840596..jpg..pdf,2016676,62,2,1,0,0,0.22580645161290322,document,0,0,0,0,0,1,0,1,0,0,39,7.980434361827638,5.250824256483538,0.3755769394786272,0.008114838476780604,256,6,0,0,1,0,0,0,1,0,0,0,0,0.0,0
1,mitra,image_anomaly_mitra,1321,met_381673_primary_000__marker_zip_001__001.cd090001..jpg..zip,data/raw/image_anomaly/anomalous/mitra/files/jpg/met_381673_primary_000/beb1848e42d3fb97535e/met_381673_primary_000__marker_zip_001__001.cd090001..jpg..zip,2015181,62,2,1,0,0,0.22580645161290322,archive,0,0,0,1,0,1,0,1,0,0,40,7.980398804297292,3.8235831889316576,0.3749563934951749,0.008164527156617694,256,6,0,0,1,0,0,0,1,0,0,0,0,0.0,0
1,mitra,image_anomaly_mitra,1322,met_381673_primary_000__marker_zip_001__002.d7519f87..zip..jpg,data/raw/image_anomaly/anomalous/mitra/files/jpg/met_381673_primary_000/beb1848e42d3fb97535e/met_381673_primary_000__marker_zip_001__002.d7519f87..zip..jpg,2015177,62,2,1,0,0,0.22580645161290322,image,0,0,0,1,0,1,1,0,0,0,40,7.980398252827649,3.211739232903859,0.3749566415257816,0.00816454336269221,256,6,0,0,1,0,0,0,1,2,0,0,0,0.0010654150975323755,0
1,mitra,image_anomaly_mitra,1323,met_381673_primary_000__marker_pdf_002__001.f589cf50..jpg..pdf,data/raw/image_anomaly/anomalous/mitra/files/jpg/met_381673_primary_000/c5f86983df8d6c3ffe85/met_381673_primary_000__marker_pdf_002__001.f589cf50..jpg..pdf,2018467,62,2,1,0,0,0.22580645161290322,document,0,0,0,0,0,1,0,1,0,0,39,7.980431032440024,5.072845754531357,0.3761121682940568,0.0081076381233877,256,6,0,0,1,0,0,0,1,0,0,0,0,0.0,0
1,mitra,image_anomaly_mitra,1324,met_382071_additional_001__marker_pdf_002__001.74087b24..jpg..pdf,data/raw/image_anomaly/anomalous/mitra/files/jpg/met_382071_additional_001/56fa74a7b996d195fbf6/met_382071_additional_001__marker_pdf_002__001.74087b24..jpg..pdf,3376919,65,2,1,0,0,0.2153846153846154,document,0,0,0,0,0,1,0,1,0,0,77,7.9778043145234765,5.072845754531357,0.3820923747356688,0.008555431741181828,256,17,0,2,0,0,0,2,2,0,0,0,0,0.0,0
1,mitra,image_anomaly_mitra,1325,met_382071_additional_001__marker_pdf_001__001.0c6ec7c0..jpg..pdf,data/raw/image_anomaly/anomalous/mitra/files/jpg/met_382071_additional_001/815470fff2386ef49d2f/met_382071_additional_001__marker_pdf_001__001.0c6ec7c0..jpg..pdf,3375128,65,2,1,0,0,0.2153846153846154,document,0,0,0,0,0,1,0,1,0,0,77,7.977829224367827,5.250824256483538,0.381775743023672,0.008559971651445515,256,17,0,2,0,0,0,2,2,0,0,0,0,0.0,0
1,mitra,image_anomaly_mitra,1326,met_382071_additional_001__marker_zip_001__001.e0b60fa4..jpg..zip,data/raw/image_anomaly/anomalous/mitra/files/jpg/met_382071_additional_001/96b09df3119978aa2727/met_382071_additional_001__marker_zip_001__001.e0b60fa4..jpg..zip,3373633,65,2,1,0,0,0.2153846153846154,archive,0,0,0,1,0,1,0,1,0,0,78,7.9778338454526425,6.219737880866264,0.3814078176256872,0.008589849577591872,256,17,0,2,0,0,0,2,2,0,0,0,0,0.0,0
1,mitra,image_anomaly_mitra,1327,met_382071_additional_001__marker_zip_001__002.c89752be..zip..jpg,data/raw/image_anomaly/anomalous/mitra/files/jpg/met_382071_additional_001/96b09df3119978aa2727/met_382071_additional_001__marker_zip_001__002.c89752be..zip..jpg,3373629,65,2,1,0,0,0.2153846153846154,image,0,0,0,1,0,1,1,0,0,0,78,7.977833616533489,6.397693563218636,0.3814079734315777,0.008589859762291586,256,17,0,2,0,0,0,2,2,2,0,0,0,0.0006364066706801488,0
1,mitra,image_anomaly_mitra,1328,met_382071_additional_001__marker_zip_002__001.be1e37c0..jpg..zip,data/raw/image_anomaly/anomalous/mitra/files/jpg/met_382071_additional_001/c9dce267032e146b237e/met_382071_additional_001__marker_zip_002__001.be1e37c0..jpg..zip,3406119,65,2,1,0,0,0.2153846153846154,archive,0,0,0,1,0,1,0,1,0,0,78,7.978241418693572,7.988340858219542,0.38133136276213486,0.00854667731808548,256,17,0,2,0,0,0,2,2,0,0,0,0,0.0,0
1,mitra,image_anomaly_mitra,1329,met_382071_additional_001__marker_zip_002__002.d487f848..zip..jpg,data/raw/image_anomaly/anomalous/mitra/files/jpg/met_382071_additional_001/c9dce267032e146b237e/met_382071_additional_001__marker_zip_002__002.d487f848..zip..jpg,3406115,65,2,1,0,0,0.2153846153846154,image,0,0,0,1,0,1,1,0,0,0,78,7.978241307127178,6.397693563218636,0.3813315169922331,0.00854668735494838,256,17,0,2,0,0,0,2,2,2,0,0,0,0.009649409958266237,0
1,mitra,image_anomaly_mitra,1330,met_382071_primary_000__marker_pdf_001__001.989285ba..jpg..pdf,data/raw/image_anomaly/anomalous/mitra/files/jpg/met_382071_primary_000/40e60d075b8493d7a8ce/met_382071_primary_000__marker_pdf_001__001.989285ba..jpg..pdf,1456183,62,2,1,0,0,0.22580645161290322,document,0,0,0,0,0,1,0,1,0,0,26,7.98338089636617,5.250824256483538,0.37940767060184055,0.00741459006182602,256,6,0,0,0,0,0,0,0,0,0,0,0,0.0,0
1,mitra,image_anomaly_mitra,1331,met_382071_primary_000__marker_zip_002__001.96cf1cd3..jpg..zip,data/raw/image_anomaly/anomalous/mitra/files/jpg/met_382071_primary_000/4cac96c8911c6947a59c/met_382071_primary_000__marker_zip_002__001.96cf1cd3..jpg..zip,1487174,62,2,1,0,0,0.22580645161290322,archive,0,0,0,1,0,1,0,1,0,0,27,7.984118579000746,7.988340858219542,0.37843924113788974,0.007408010091623442,256,6,0,0,0,0,0,0,0,0,0,0,0,0.0,0
1,mitra,image_anomaly_mitra,1332,met_382071_primary_000__marker_zip_002__002.e0410e37..zip..jpg,data/raw/image_anomaly/anomalous/mitra/files/jpg/met_382071_primary_000/4cac96c8911c6947a59c/met_382071_primary_000__marker_zip_002__002.e0410e37..zip..jpg,1487170,62,2,1,0,0,0.22580645161290322,image,0,0,0,1,0,1,1,0,0,0,27,7.9841182430650175,3.4672331476569873,0.37843958659736276,0.0074080300167432105,256,6,0,0,0,0,0,0,0,2,0,0,0,0.022100365123018887,0
1,mitra,image_anomaly_mitra,1333,met_382071_primary_000__marker_zip_001__001.92bf2e0f..jpg..zip,data/raw/image_anomaly/anomalous/mitra/files/jpg/met_382071_primary_000/623837f6b892a5d26daf/met_382071_primary_000__marker_zip_001__001.92bf2e0f..jpg..zip,1454688,62,2,1,0,0,0.22580645161290322,archive,0,0,0,1,0,1,0,1,0,0,27,7.983415829826027,3.481501766226452,0.37855196440748806,0.007482704194988891,256,6,0,0,0,0,0,0,0,0,0,0,0,0.0,0
1,mitra,image_anomaly_mitra,1334,met_382071_primary_000__marker_zip_001__002.fe1f4b9e..zip..jpg,data/raw/image_anomaly/anomalous/mitra/files/jpg/met_382071_primary_000/623837f6b892a5d26daf/met_382071_primary_000__marker_zip_001__002.fe1f4b9e..zip..jpg,1454684,62,2,1,0,0,0.22580645161290322,image,0,0,0,1,0,1,1,0,0,0,27,7.983415272443931,3.4672331476569873,0.37855231789172084,0.007482724770465613,256,6,0,0,0,0,0,0,0,2,0,0,0,0.0014759219184372688,0
1,mitra,image_anomaly_mitra,1335,met_382071_primary_000__marker_pdf_002__001.fccf3b89..jpg..pdf,data/raw/image_anomaly/anomalous/mitra/files/jpg/met_382071_primary_000/6c0ccb23f5b31b6ffd1f/met_382071_primary_000__marker_pdf_002__001.fccf3b89..jpg..pdf,1457974,62,2,1,0,0,0.22580645161290322,document,0,0,0,0,0,1,0,1,0,0,26,7.983316465819392,5.072845754531357,0.38014395318435035,0.007405481853585866,256,6,0,0,0,0,0,0,0,0,0,0,0,0.0,0
1,mitra,image_anomaly_mitra,1336,met_383579_primary_000__marker_zip_002__001.3e07002b..jpg..zip,data/raw/image_anomaly/anomalous/mitra/files/jpg/met_383579_primary_000/20df31990bffc7773198/met_383579_primary_000__marker_zip_002__001.3e07002b..jpg..zip,2212850,62,2,1,0,0,0.22580645161290322,archive,0,0,0,1,0,1,0,1,0,0,48,7.956268571764039,7.988340858219542,0.3828049800031633,0.00913844137650541,256,6,0,0,0,0,0,0,0,0,0,0,0,0.0,0
1,mitra,image_anomaly_mitra,1337,met_383579_primary_000__marker_zip_002__002.d112d42c..zip..jpg,data/raw/image_anomaly/anomalous/mitra/files/jpg/met_383579_primary_000/20df31990bffc7773198/met_383579_primary_000__marker_zip_002__002.d112d42c..zip..jpg,2212846,62,2,1,0,0,0.22580645161290322,image,0,0,0,1,0,1,1,0,0,0,48,7.956268091819856,3.3199129843453585,0.3828052200650203,0.009138457895398053,256,6,0,0,0,0,0,0,0,2,0,0,0,0.01485281849708475,0
1,mitra,image_anomaly_mitra,1338,met_383579_primary_000__marker_zip_001__001.f3b98a9e..jpg..zip,data/raw/image_anomaly/anomalous/mitra/files/jpg/met_383579_primary_000/5ad1b4ee8aa3ba9a6d62/met_383579_primary_000__marker_zip_001__001.f3b98a9e..jpg..zip,2180364,62,2,1,0,0,0.22580645161290322,archive,0,0,0,1,0,1,0,1,0,0,48,7.954995974588144,3.7009459968109284,0.38294523299779304,0.009214057836214503,256,6,0,0,0,0,0,0,0,0,0,0,0,0.0,0
1,mitra,image_anomaly_mitra,1339,met_383579_primary_000__marker_zip_001__002.32711fd1..zip..jpg,data/raw/image_anomaly/anomalous/mitra/files/jpg/met_383579_primary_000/5ad1b4ee8aa3ba9a6d62/met_383579_primary_000__marker_zip_001__002.32711fd1..zip..jpg,2180360,62,2,1,0,0,0.22580645161290322,image,0,0,0,1,0,1,1,0,0,0,48,7.954995390537561,3.3199129843453585,0.382945476893724,0.0092140747399512,256,6,0,0,0,0,0,0,0,2,0,0,0,0.0009846997743491901,0
1,mitra,image_anomaly_mitra,1340,met_383579_primary_000__marker_pdf_002__001.6d50fc92..jpg..pdf,data/raw/image_anomaly/anomalous/mitra/files/jpg/met_383579_primary_000/ae0eb238de0b966f1295/met_383579_primary_000__marker_pdf_002__001.6d50fc92..jpg..pdf,2183650,62,2,1,0,0,0.22580645161290322,document,0,0,0,0,0,1,0,1,0,0,47,7.95505717322467,5.072845754531357,0.3840015570260802,0.009159892839969775,256,6,0,0,0,0,0,0,0,0,0,0,0,0.0,0
1,mitra,image_anomaly_mitra,1341,met_383579_primary_000__marker_pdf_001__001.8e47650d..jpg..pdf,data/raw/image_anomaly/anomalous/mitra/files/jpg/met_383579_primary_000/cbc9588284848b4ee966/met_383579_primary_000__marker_pdf_001__001.8e47650d..jpg..pdf,2181859,62,2,1,0,0,0.22580645161290322,document,0,0,0,0,0,1,0,1,0,0,47,7.955048398263267,5.250824256483538,0.3835133251048762,0.009167411826337082,256,6,0,0,0,0,0,0,0,0,0,0,0,0.0,0
1,mitra,image_anomaly_mitra,1342,met_386675_primary_000__marker_pdf_002__001.2877a676..jpg..pdf,data/raw/image_anomaly/anomalous/mitra/files/jpg/met_386675_primary_000/05f6f32037cee1fe1d70/met_386675_primary_000__marker_pdf_002__001.2877a676..jpg..pdf,1149485,62,2,1,0,0,0.22580645161290322,document,0,0,0,0,0,1,0,1,0,0,19,7.977150699685521,5.072845754531357,0.380733110914888,0.008448131119588337,256,6,0,0,0,0,0,0,0,0,0,0,0,0.0,0
1,mitra,image_anomaly_mitra,1343,met_386675_primary_000__marker_pdf_001__001.67bea3e6..jpg..pdf,data/raw/image_anomaly/anomalous/mitra/files/jpg/met_386675_primary_000/1729d86b106e5743203a/met_386675_primary_000__marker_pdf_001__001.67bea3e6..jpg..pdf,1147694,62,2,1,0,0,0.22580645161290322,document,0,0,0,0,0,1,0,1,0,0,19,7.977217665256838,5.250824256483538,0.3797998421181953,0.008461314601278738,256,6,0,0,0,0,0,0,0,0,0,0,0,0.0,0
1,mitra,image_anomaly_mitra,1344,met_386675_primary_000__marker_zip_001__001.a17926ca..jpg..zip,data/raw/image_anomaly/anomalous/mitra/files/jpg/met_386675_primary_000/39b82ba715a4e5125ef2/met_386675_primary_000__marker_zip_001__001.a17926ca..jpg..zip,1146199,62,2,1,0,0,0.22580645161290322,archive,0,0,0,1,0,1,0,1,0,0,20,7.977230329741932,3.5435268088408054,0.3787143419249188,0.008549126286098661,256,6,0,0,0,0,0,0,0,0,0,0,0,0.0,0
1,mitra,image_anomaly_mitra,1345,met_386675_primary_000__marker_zip_001__002.93319d7b..zip..jpg,data/raw/image_anomaly/anomalous/mitra/files/jpg/met_386675_primary_000/39b82ba715a4e5125ef2/met_386675_primary_000__marker_zip_001__002.93319d7b..zip..jpg,1146195,62,2,1,0,0,0.22580645161290322,image,0,0,0,1,0,1,1,0,0,0,20,7.977228847502735,3.546233165328276,0.378714791113205,0.008549156120904384,256,6,0,0,0,0,0,0,0,2,0,0,0,0.0018731542189592521,0
1,mitra,image_anomaly_mitra,1346,met_386675_primary_000__marker_zip_002__001.b3ff05c3..jpg..zip,data/raw/image_anomaly/anomalous/mitra/files/jpg/met_386675_primary_000/af2fe8ca3d3e54826186/met_386675_primary_000__marker_zip_002__001.b3ff05c3..jpg..zip,1178685,62,2,1,0,0,0.22580645161290322,archive,0,0,0,1,0,1,0,1,0,0,20,7.978432604144466,7.988340858219542,0.3785676410576193,0.008425491119340621,256,6,0,0,0,0,0,0,0,0,0,0,0,0.0,0
1,mitra,image_anomaly_mitra,1347,met_386675_primary_000__marker_zip_002__002.265b4277..zip..jpg,data/raw/image_anomaly/anomalous/mitra/files/jpg/met_386675_primary_000/af2fe8ca3d3e54826186/met_386675_primary_000__marker_zip_002__002.265b4277..zip..jpg,1178681,62,2,1,0,0,0.22580645161290322,image,0,0,0,1,0,1,1,0,0,0,20,7.978431801113448,3.546233165328276,0.37856807736783743,0.008425519712288566,256,6,0,0,0,0,0,0,0,2,0,0,0,0.027884559096142212,0
1,mitra,image_anomaly_mitra,1348,met_389149_primary_000__marker_zip_001__001.a3f626eb..jpg..zip,data/raw/image_anomaly/anomalous/mitra/files/jpg/met_389149_primary_000/8866e334070d1ef40e24/met_389149_primary_000__marker_zip_001__001.a3f626eb..jpg..zip,2362521,62,2,1,0,0,0.22580645161290322,archive,0,0,0,1,0,1,0,1,0,0,37,7.9609612558833955,3.5232035609099777,0.38344590376127874,0.0075406737125299625,256,6,0,0,0,0,0,0,0,0,0,0,0,0.0,0
1,mitra,image_anomaly_mitra,1349,met_389149_primary_000__marker_zip_001__002.1ac7eb90..zip..jpg,data/raw/image_anomaly/anomalous/mitra/files/jpg/met_389149_primary_000/8866e334070d1ef40e24/met_389149_primary_000__marker_zip_001__002.1ac7eb90..zip..jpg,2362517,62,2,1,0,0,0.22580645161290322,image,0,0,0,1,0,1,1,0,0,0,37,7.9609603119792975,3.547588220304303,0.38344612969980746,0.0075406864797163365,256,6,0,0,0,0,0,0,0,2,0,0,0,0.00090877652943873,0
1,mitra,image_anomaly_mitra,1350,met_389149_primary_000__marker_pdf_002__001.42bc33f7..jpg..pdf,data/raw/image_anomaly/anomalous/mitra/files/jpg/met_389149_primary_000/b7040179aea5b35b220f/met_389149_primary_000__marker_pdf_002__001.42bc33f7..jpg..pdf,2365807,62,2,1,0,0,0.22580645161290322,document,0,0,0,0,0,1,0,1,0,0,36,7.961032868184808,5.072845754531357,0.3844201999571394,0.007493003444490612,256,6,0,0,0,0,0,0,0,0,0,0,0,0.0,0
1,mitra,image_anomaly_mitra,1351,met_389149_primary_000__marker_pdf_001__001.60042b42..jpg..pdf,data/raw/image_anomaly/anomalous/mitra/files/jpg/met_389149_primary_000/d459e19255224371d1e2/met_389149_primary_000__marker_pdf_001__001.60042b42..jpg..pdf,2364016,62,2,1,0,0,0.22580645161290322,document,0,0,0,0,0,1,0,1,0,0,36,7.961020987331895,5.250824256483538,0.3839699054490325,0.007498680211978261,256,6,0,0,0,0,0,0,0,0,0,0,0,0.0,0
1,mitra,image_anomaly_mitra,1352,met_389149_primary_000__marker_zip_002__001.7d0fb6a2..jpg..zip,data/raw/image_anomaly/anomalous/mitra/files/jpg/met_389149_primary_000/fd3a9e7039e6290b4c4b/met_389149_primary_000__marker_zip_002__001.7d0fb6a2..jpg..zip,2395007,62,2,1,0,0,0.22580645161290322,archive,0,0,0,1,0,1,0,1,0,0,37,7.961995009473128,7.988340858219542,0.38330952686150815,0.0074935062820275684,256,6,0,0,0,0,0,0,0,0,0,0,0,0.0,0
1,mitra,image_anomaly_mitra,1353,met_389149_primary_000__marker_zip_002__002.b8d648ac..zip..jpg,data/raw/image_anomaly/anomalous/mitra/files/jpg/met_389149_primary_000/fd3a9e7039e6290b4c4b/met_389149_primary_000__marker_zip_002__002.b8d648ac..zip..jpg,2395003,62,2,1,0,0,0.22580645161290322,image,0,0,0,1,0,1,1,0,0,0,37,7.961994319310572,3.547588220304303,0.38330974950762065,0.007493518797262467,256,6,0,0,0,0,0,0,0,2,0,0,0,0.01372315608790469,0
1,mitra,image_anomaly_mitra,1354,met_390540_primary_000__marker_zip_001__001.ffbb8803..jpg..zip,data/raw/image_anomaly/anomalous/mitra/files/jpg/met_390540_primary_000/01f6aba8bac3ae5b30b9/met_390540_primary_000__marker_zip_001__001.ffbb8803..jpg..zip,2539084,62,2,1,0,0,0.22580645161290322,archive,0,0,0,1,0,1,0,1,0,0,84,7.953603839945136,5.623911006535116,0.3865701174124212,0.0052054205374851715,256,17,0,0,0,0,0,0,0,0,0,0,0,0.0,0
1,mitra,image_anomaly_mitra,1355,met_390540_primary_000__marker_zip_001__002.f02ecf1f..zip..jpg,data/raw/image_anomaly/anomalous/mitra/files/jpg/met_390540_primary_000/01f6aba8bac3ae5b30b9/met_390540_primary_000__marker_zip_001__002.f02ecf1f..zip..jpg,2539080,62,2,1,0,0,0.22580645161290322,image,0,0,0,1,0,1,1,0,0,0,84,7.9536031637465125,4.918776877701125,0.38657033256140017,0.005205428737968083,256,17,0,0,0,0,0,0,0,2,0,0,0,0.0008455818642973045,0
1,mitra,image_anomaly_mitra,1356,met_390540_primary_000__marker_pdf_001__001.fb2a4205..jpg..pdf,data/raw/image_anomaly/anomalous/mitra/files/jpg/met_390540_primary_000/5aba1018b01ebbea997a/met_390540_primary_000__marker_pdf_001__001.fb2a4205..jpg..pdf,2540579,62,2,1,0,0,0.22580645161290322,document,0,0,0,0,0,1,0,1,0,0,83,7.953644984017133,5.250824256483538,0.3870558640372923,0.005167719641861166,256,17,0,0,0,0,0,0,0,0,0,0,0,0.0,0
1,mitra,image_anomaly_mitra,1357,met_390540_primary_000__marker_zip_002__001.52906076..jpg..zip,data/raw/image_anomaly/anomalous/mitra/files/jpg/met_390540_primary_000/832323bbdcaf326b02a9/met_390540_primary_000__marker_zip_002__001.52906076..jpg..zip,2571570,62,2,1,0,0,0.22580645161290322,archive,0,0,0,1,0,1,0,1,0,0,84,7.954792890900149,7.988340858219542,0.386403636688871,0.005190992273202751,256,17,0,0,0,0,0,0,0,0,0,0,0,0.0,0
1,mitra,image_anomaly_mitra,1358,met_390540_primary_000__marker_zip_002__002.cdaa6e37..zip..jpg,data/raw/image_anomaly/anomalous/mitra/files/jpg/met_390540_primary_000/832323bbdcaf326b02a9/met_390540_primary_000__marker_zip_002__002.cdaa6e37..zip..jpg,2571566,62,2,1,0,0,0.22580645161290322,image,0,0,0,1,0,1,1,0,0,0,84,7.954792330562371,4.918776877701125,0.3864038488609664,0.005191000347648087,256,17,0,0,0,0,0,0,0,2,0,0,0,0.012780928041512448,0
1,mitra,image_anomaly_mitra,1359,met_390540_primary_000__marker_pdf_002__001.1f66d384..jpg..pdf,data/raw/image_anomaly/anomalous/mitra/files/jpg/met_390540_primary_000/b4dac23d88e16cca17c1/met_390540_primary_000__marker_pdf_002__001.1f66d384..jpg..pdf,2542370,62,2,1,0,0,0.22580645161290322,document,0,0,0,0,0,1,0,1,0,0,83,7.953661493695965,5.072845754531357,0.3874727124690741,0.005164079185956411,256,17,0,0,0,0,0,0,0,0,0,0,0,0.0,0
1,mitra,image_anomaly_mitra,1360,met_39115_primary_000__marker_zip_001__001.93526a6d..jpg..zip,data/raw/image_anomaly/anomalous/mitra/files/jpg/met_39115_primary_000/137f35da6aae91d4258b/met_39115_primary_000__marker_zip_001__001.93526a6d..jpg..zip,76262,61,2,1,0,0,0.22950819672131148,archive,0,0,0,1,0,1,0,1,0,0,3,7.89151386396858,3.465373104899163,0.4003828905614854,0.013309380818756392,256,6,0,1,0,0,0,1,1,0,0,0,0,0.0,0
1,mitra,image_anomaly_mitra,1361,met_39115_primary_000__marker_zip_001__002.b5cb4068..zip..jpg,data/raw/image_anomaly/anomalous/mitra/files/jpg/met_39115_primary_000/137f35da6aae91d4258b/met_39115_primary_000__marker_zip_001__002.b5cb4068..zip..jpg,76258,61,2,1,0,0,0.22950819672131148,image,0,0,0,1,0,1,1,0,0,0,3,7.891485267452147,3.4747145630929137,0.4003907786724016,0.013310078942537176,256,6,0,1,0,0,0,1,1,2,0,0,0,0.02815442314248997,0
1,mitra,image_anomaly_mitra,1362,met_39115_primary_000__marker_zip_002__001.4ca584f9..jpg..zip,data/raw/image_anomaly/anomalous/mitra/files/jpg/met_39115_primary_000/3f7401e922529c82dfe6/met_39115_primary_000__marker_zip_002__001.4ca584f9..jpg..zip,108748,61,2,1,0,0,0.22950819672131148,archive,0,0,0,1,0,1,0,1,0,0,3,7.939170996282973,7.988340858219542,0.3923198587560231,0.010547320410490307,256,6,0,1,0,0,0,1,1,0,0,0,0,0.0,0
1,mitra,image_anomaly_mitra,1363,met_39115_primary_000__marker_zip_002__002.10e37e72..zip..jpg,data/raw/image_anomaly/anomalous/mitra/files/jpg/met_39115_primary_000/3f7401e922529c82dfe6/met_39115_primary_000__marker_zip_002__002.10e37e72..zip..jpg,108744,61,2,1,0,0,0.22950819672131148,image,0,0,0,1,0,1,1,0,0,0,3,7.939162450995902,3.4747145630929137,0.3923250937982785,0.01054770837931288,256,6,0,1,0,0,0,1,1,2,0,0,0,0.3022419627749577,0
1,mitra,image_anomaly_mitra,1364,met_39115_primary_000__marker_pdf_002__001.cafc781e..jpg..pdf,data/raw/image_anomaly/anomalous/mitra/files/jpg/met_39115_primary_000/5e073be03b9031262dcb/met_39115_primary_000__marker_pdf_002__001.cafc781e..jpg..pdf,79548,61,2,1,0,0,0.22950819672131148,document,0,0,0,0,0,1,0,1,0,0,2,7.879920342423373,5.072845754531357,0.4286594257555187,0.011653341378790165,256,6,0,1,0,0,0,1,1,0,0,0,0,0.0,0
1,mitra,image_anomaly_mitra,1365,met_39115_primary_000__marker_pdf_001__001.4523683d..jpg..pdf,data/raw/image_anomaly/anomalous/mitra/files/jpg/met_39115_primary_000/eebef52e4d088c2f6732/met_39115_primary_000__marker_pdf_001__001.4523683d..jpg..pdf,77757,61,2,1,0,0,0.22950819672131148,document,0,0,0,0,0,1,0,1,0,0,2,7.884846030344167,5.250824256483538,0.4159882711524364,0.011921756240595702,256,6,0,1,0,0,0,1,1,0,0,0,0,0.0,0
1,mitra,image_anomaly_mitra,1366,met_391598_primary_000__marker_pdf_001__001.c265d326..jpg..pdf,data/raw/image_anomaly/anomalous/mitra/files/jpg/met_391598_primary_000/06fdfa5cba86de474441/met_391598_primary_000__marker_pdf_001__001.c265d326..jpg..pdf,3870164,62,2,1,0,0,0.22580645161290322,document,0,0,0,0,0,1,0,1,0,0,75,7.97844938597354,5.250824256483538,0.3781493497433184,0.007641019863757712,256,6,0,0,1,0,0,0,1,0,0,0,0,0.0,0
1,mitra,image_anomaly_mitra,1367,met_391598_primary_000__marker_pdf_002__001.9958dc8f..jpg..pdf,data/raw/image_anomaly/anomalous/mitra/files/jpg/met_391598_primary_000/2d8d1b25e32bbbc1291a/met_391598_primary_000__marker_pdf_002__001.9958dc8f..jpg..pdf,3871955,62,2,1,0,0,0.22580645161290322,document,0,0,0,0,0,1,0,1,0,0,75,7.978445729559952,5.072845754531357,0.3784271769687406,0.007637485456313413,256,6,0,0,1,0,0,0,1,0,0,0,0,0.0,0
1,mitra,image_anomaly_mitra,1368,met_391598_primary_000__marker_zip_001__001.757011d0..jpg..zip,data/raw/image_anomaly/anomalous/mitra/files/jpg/met_391598_primary_000/7ae1656ca0281bb6c709/met_391598_primary_000__marker_zip_001__001.757011d0..jpg..zip,3868669,62,2,1,0,0,0.22580645161290322,archive,0,0,0,1,0,1,0,1,0,0,76,7.97842567138492,3.5364069830671436,0.3778271028097777,0.007666719484142996,256,6,0,0,1,0,0,0,1,0,0,0,0,0.0,0
1,mitra,image_anomaly_mitra,1369,met_391598_primary_000__marker_zip_001__002.5fcb568c..zip..jpg,data/raw/image_anomaly/anomalous/mitra/files/jpg/met_391598_primary_000/7ae1656ca0281bb6c709/met_391598_primary_000__marker_zip_001__002.5fcb568c..zip..jpg,3868665,62,2,1,0,0,0.22580645161290322,image,0,0,0,1,0,1,1,0,0,0,76,7.978425551654013,3.5385689371755653,0.3778272349764066,0.007666727411135366,256,6,0,0,1,0,0,0,1,2,0,0,0,0.000554971805519475,0
1,mitra,image_anomaly_mitra,1370,met_391598_primary_000__marker_zip_002__001.e9389137..jpg..zip,data/raw/image_anomaly/anomalous/mitra/files/jpg/met_391598_primary_000/7b040ef72ffa57500ab1/met_391598_primary_000__marker_zip_002__001.e9389137..jpg..zip,3901155,62,2,1,0,0,0.22580645161290322,archive,0,0,0,1,0,1,0,1,0,0,76,7.978778056681203,7.988340858219542,0.37779016727097486,0.007636712717131209,256,6,0,0,1,0,0,0,1,0,0,0,0,0.0,0
1,mitra,image_anomaly_mitra,1371,met_391598_primary_000__marker_zip_002__002.f91a9847..zip..jpg,data/raw/image_anomaly/anomalous/mitra/files/jpg/met_391598_primary_000/7b040ef72ffa57500ab1/met_391598_primary_000__marker_zip_002__002.f91a9847..zip..jpg,3901151,62,2,1,0,0,0.22580645161290322,image,0,0,0,1,0,1,1,0,0,0,76,7.9787780529392665,3.5385689371755653,0.377790298299143,0.007636720547346155,256,6,0,0,1,0,0,0,1,2,0,0,0,0.00842494945722429,0
1,mitra,image_anomaly_mitra,1372,met_392193_primary_000__marker_zip_001__001.00a7fbb9..jpg..zip,data/raw/image_anomaly/anomalous/mitra/files/jpg/met_392193_primary_000/7e7edc4ecb4c1225054f/met_392193_primary_000__marker_zip_001__001.00a7fbb9..jpg..zip,4383199,62,2,1,0,0,0.22580645161290322,archive,0,0,0,1,0,1,0,1,0,0,90,7.972597009284337,5.130684246396188,0.3810493203708068,0.008163900384171469,256,17,0,2,0,0,0,2,2,0,0,0,0,0.0,0
1,mitra,image_anomaly_mitra,1373,met_392193_primary_000__marker_pdf_001__001.aa28a3f4..jpg..pdf,data/raw/image_anomaly/anomalous/mitra/files/jpg/met_392193_primary_000/81d77c6283681902fece/met_392193_primary_000__marker_pdf_001__001.aa28a3f4..jpg..pdf,4384694,62,2,1,0,0,0.22580645161290322,document,0,0,0,0,0,1,0,1,0,0,89,7.972624845094239,5.250824256483538,0.38133265400048444,0.008141047014911416,256,17,0,2,0,0,0,2,2,0,0,0,0,0.0,0
1,mitra,image_anomaly_mitra,1374,met_392193_primary_000__marker_zip_002__001.b8bbba59..jpg..zip,data/raw/image_anomaly/anomalous/mitra/files/jpg/met_392193_primary_000/a93e40741bd76724e001/met_392193_primary_000__marker_zip_002__001.b8bbba59..jpg..zip,4415685,62,2,1,0,0,0.22580645161290322,archive,0,0,0,1,0,1,0,1,0,0,90,7.972992162860655,7.988340858219542,0.38099298296866735,0.008133732365420088,256,17,0,2,0,0,0,2,2,0,0,0,0,0.0,0
1,mitra,image_anomaly_mitra,1375,met_392193_primary_000__marker_pdf_002__001.bd571bcd..jpg..pdf,data/raw/image_anomaly/anomalous/mitra/files/jpg/met_392193_primary_000/be96a2f96a1515c43cb3/met_392193_primary_000__marker_pdf_002__001.bd571bcd..jpg..pdf,4386485,62,2,1,0,0,0.22580645161290322,document,0,0,0,0,0,1,0,1,0,0,89,7.972622379818124,5.072845754531357,0.3815765926476438,0.008137723028803244,256,17,0,2,0,0,0,2,2,0,0,0,0,0.0,0
1,mitra,image_anomaly_mitra,1376,met_392224_primary_000__marker_pdf_001__001.049192c3..jpg..pdf,data/raw/image_anomaly/anomalous/mitra/files/jpg/met_392224_primary_000/16c85bea23cc4d688903/met_392224_primary_000__marker_pdf_001__001.049192c3..jpg..pdf,3600132,62,2,1,0,0,0.22580645161290322,document,0,0,0,0,0,1,0,1,0,0,103,7.95903618404607,5.250824256483538,0.39160564112649204,0.006567536968088948,256,17,0,2,3,0,0,2,5,0,0,0,0,0.0,0
1,mitra,image_anomaly_mitra,1377,met_392224_primary_000__marker_zip_002__001.34eccf06..jpg..zip,data/raw/image_anomaly/anomalous/mitra/files/jpg/met_392224_primary_000/292da6df372df5ee7415/met_392224_primary_000__marker_zip_002__001.34eccf06..jpg..zip,3631123,62,2,1,0,0,0.22580645161290322,archive,0,0,0,1,0,1,0,1,0,0,104,7.959721109537231,7.988340858219542,0.3911049006051296,0.006572071505151437,256,17,0,2,3,0,0,2,5,0,0,0,0,0.0,0
1,mitra,image_anomaly_mitra,1378,met_392224_primary_000__marker_zip_002__002.c897227b..zip..jpg,data/raw/image_anomaly/anomalous/mitra/files/jpg/met_392224_primary_000/292da6df372df5ee7415/met_392224_primary_000__marker_zip_002__002.c897227b..zip..jpg,3631119,62,2,1,0,0,0.22580645161290322,image,0,0,0,1,0,1,1,0,0,0,104,7.9597206914362495,6.392695926237086,0.39110505604470686,0.00657207874487176,256,17,0,2,3,0,0,2,5,2,0,0,0,0.009051479722917371,0
1,mitra,image_anomaly_mitra,1379,met_392224_primary_000__marker_zip_001__001.9c3da268..jpg..zip,data/raw/image_anomaly/anomalous/mitra/files/jpg/met_392224_primary_000/398fff7b9884e03d101a/met_392224_primary_000__marker_zip_001__001.9c3da268..jpg..zip,3598637,62,2,1,0,0,0.22580645161290322,archive,0,0,0,1,0,1,0,1,0,0,104,7.959006130929536,6.214196945947017,0.3912648038687981,0.00659471905613153,256,17,0,2,3,0,0,2,5,0,0,0,0,0.0,0
1,mitra,image_anomaly_mitra,1380,met_392224_primary_000__marker_zip_001__002.392785b1..zip..jpg,data/raw/image_anomaly/anomalous/mitra/files/jpg/met_392224_primary_000/398fff7b9884e03d101a/met_392224_primary_000__marker_zip_001__002.392785b1..zip..jpg,3598633,62,2,1,0,0,0.22580645161290322,image,0,0,0,1,0,1,1,0,0,0,104,7.959005511052318,6.392695926237086,0.39126496088931545,0.006594726386380606,256,17,0,2,3,0,0,2,5,2,0,0,0,0.0005966154370284494,0
1,mitra,image_anomaly_mitra,1381,met_392224_primary_000__marker_pdf_002__001.17ff146c..jpg..pdf,data/raw/image_anomaly/anomalous/mitra/files/jpg/met_392224_primary_000/968770be0b1b8835f7bb/met_392224_primary_000__marker_pdf_002__001.17ff146c..jpg..pdf,3601923,62,2,1,0,0,0.22580645161290322,document,0,0,0,0,0,1,0,1,0,0,103,7.959030890819982,5.072845754531357,0.39189760580667604,0.006564271362824802,256,17,0,2,3,0,0,2,5,0,0,0,0,0.0,0
1,mitra,image_anomaly_mitra,1382,met_392298_primary_000__marker_pdf_001__001.5c6fccf0..jpg..pdf,data/raw/image_anomaly/anomalous/mitra/files/jpg/met_392298_primary_000/2ef5eb2b000b8da11189/met_392298_primary_000__marker_pdf_001__001.5c6fccf0..jpg..pdf,1321263,62,2,1,0,0,0.22580645161290322,document,0,0,0,0,0,1,0,1,0,0,27,7.972781792325789,5.250824256483538,0.36981585044007137,0.009324411566811453,256,6,0,0,0,0,0,0,0,0,0,0,0,0.0,0
1,mitra,image_anomaly_mitra,1383,met_392298_primary_000__marker_zip_001__001.6d2acce7..jpg..zip,data/raw/image_anomaly/anomalous/mitra/files/jpg/met_392298_primary_000/3242b9c2ddbe1eca27ef/met_392298_primary_000__marker_zip_001__001.6d2acce7..jpg..zip,1319768,62,2,1,0,0,0.22580645161290322,archive,0,0,0,1,0,1,0,1,0,0,28,7.972664522921928,3.533979481465622,0.36886179995271895,0.009401652411635984,256,6,0,0,0,0,0,0,0,0,0,0,0,0.0,0
1,mitra,image_anomaly_mitra,1384,met_392298_primary_000__marker_zip_001__002.78b0d135..zip..jpg,data/raw/image_anomaly/anomalous/mitra/files/jpg/met_392298_primary_000/3242b9c2ddbe1eca27ef/met_392298_primary_000__marker_zip_001__002.78b0d135..zip..jpg,1319764,62,2,1,0,0,0.22580645161290322,image,0,0,0,1,0,1,1,0,0,0,28,7.9726640458827065,3.5573256708693846,0.36886216020440016,0.00940168090658633,256,6,0,0,0,0,0,0,0,2,0,0,0,0.001626806004709933,0
1,mitra,image_anomaly_mitra,1385,met_392298_primary_000__marker_zip_002__001.a5502609..jpg..zip,data/raw/image_anomaly/anomalous/mitra/files/jpg/met_392298_primary_000/a4143b24fb9118454d04/met_392298_primary_000__marker_zip_002__001.a5502609..jpg..zip,1352254,62,2,1,0,0,0.22580645161290322,archive,0,0,0,1,0,1,0,1,0,0,28,7.973947728282615,7.988340858219542,0.368970622383073,0.009273405735904645,256,6,0,0,0,0,0,0,0,0,0,0,0,0.0,0
1,mitra,image_anomaly_mitra,1386,met_392298_primary_000__marker_zip_002__002.bdc67371..zip..jpg,data/raw/image_anomaly/anomalous/mitra/files/jpg/met_392298_primary_000/a4143b24fb9118454d04/met_392298_primary_000__marker_zip_002__002.bdc67371..zip..jpg,1352250,62,2,1,0,0,0.22580645161290322,image,0,0,0,1,0,1,1,0,0,0,28,7.973947719658633,3.5573256708693846,0.3689709743020891,0.009273433166943982,256,6,0,0,0,0,0,0,0,2,0,0,0,0.02430541689776299,0
1,mitra,image_anomaly_mitra,1387,met_392298_primary_000__marker_pdf_002__001.8c022477..jpg..pdf,data/raw/image_anomaly/anomalous/mitra/files/jpg/met_392298_primary_000/e83f3e5b817bc064e245/met_392298_primary_000__marker_pdf_002__001.8c022477..jpg..pdf,1323054,62,2,1,0,0,0.22580645161290322,document,0,0,0,0,0,1,0,1,0,0,27,7.97281186084629,5.072845754531357,0.3706402006267318,0.009311789239139143,256,6,0,0,0,0,0,0,0,0,0,0,0,0.0,0
1,mitra,image_anomaly_mitra,1388,met_394404_primary_000__marker_zip_001__001.f5ee451a..jpg..zip,data/raw/image_anomaly/anomalous/mitra/files/jpg/met_394404_primary_000/1fe1459acaff7dd5f393/met_394404_primary_000__marker_zip_001__001.f5ee451a..jpg..zip,4377334,62,2,1,0,0,0.22580645161290322,archive,0,0,0,1,0,1,0,1,0,0,35,7.984508653631852,3.53895617258808,0.375056369927449,0.007943647891616222,256,6,0,0,1,0,0,0,1,0,0,0,0,0.0,0
1,mitra,image_anomaly_mitra,1389,met_394404_primary_000__marker_zip_002__001.78e357b6..jpg..zip,data/raw/image_anomaly/anomalous/mitra/files/jpg/met_394404_primary_000/75a774d7d8634bb6642f/met_394404_primary_000__marker_zip_002__001.78e357b6..jpg..zip,4409820,62,2,1,0,0,0.22580645161290322,archive,0,0,0,1,0,1,0,1,0,0,35,7.98473104534233,7.988340858219542,0.37504410610863936,0.007915062292791996,256,6,0,0,1,0,0,0,1,0,0,0,0,0.0,0
1,mitra,image_anomaly_mitra,1390,met_394404_primary_000__marker_pdf_001__001.c2364337..jpg..pdf,data/raw/image_anomaly/anomalous/mitra/files/jpg/met_394404_primary_000/7fa9c627a6e97cd76716/met_394404_primary_000__marker_pdf_001__001.c2364337..jpg..pdf,4378829,62,2,1,0,0,0.22580645161290322,document,0,0,0,0,0,1,0,1,0,0,34,7.984526631300228,5.250824256483538,0.37534212914000525,0.007920839110182197,256,6,0,0,1,0,0,0,1,0,0,0,0,0.0,0
1,mitra,image_anomaly_mitra,1391,met_394404_primary_000__marker_pdf_002__001.94cc0cba..jpg..pdf,data/raw/image_anomaly/anomalous/mitra/files/jpg/met_394404_primary_000/b56a88e17e9b240c7df6/met_394404_primary_000__marker_pdf_002__001.94cc0cba..jpg..pdf,4380620,62,2,1,0,0,0.22580645161290322,document,0,0,0,0,0,1,0,1,0,0,34,7.984524767693329,5.072845754531357,0.3755888435883505,0.007917600704923047,256,6,0,0,1,0,0,0,1,0,0,0,0,0.0,0
1,mitra,image_anomaly_mitra,1392,met_396235_primary_000__marker_zip_002__001.a098c76d..jpg..zip,data/raw/image_anomaly/anomalous/mitra/files/jpg/met_396235_primary_000/4266c179b6f986e0ebec/met_396235_primary_000__marker_zip_002__001.a098c76d..jpg..zip,3425939,62,2,1,0,0,0.22580645161290322,archive,0,0,0,1,0,1,0,1,0,0,71,7.976053234909546,7.988340858219542,0.378586425502614,0.007701830067610661,256,6,0,0,1,0,0,0,1,0,0,0,0,0.0,0
1,mitra,image_anomaly_mitra,1393,met_396235_primary_000__marker_zip_002__002.9eec475c..zip..jpg,data/raw/image_anomaly/anomalous/mitra/files/jpg/met_396235_primary_000/4266c179b6f986e0ebec/met_396235_primary_000__marker_zip_002__002.9eec475c..zip..jpg,3425935,62,2,1,0,0,0.22580645161290322,image,0,0,0,1,0,1,1,0,0,0,71,7.976053221412206,3.5469960190012775,0.3785865756355564,0.007701839059993841,256,6,0,0,1,0,0,0,1,2,0,0,0,0.009593585400773803,0
1,mitra,image_anomaly_mitra,1394,met_396235_primary_000__marker_pdf_002__001.e5434be2..jpg..pdf,data/raw/image_anomaly/anomalous/mitra/files/jpg/met_396235_primary_000/5fec04a96578054bfd25/met_396235_primary_000__marker_pdf_002__001.e5434be2..jpg..pdf,3396739,62,2,1,0,0,0.22580645161290322,document,0,0,0,0,0,1,0,1,0,0,70,7.975621448195762,5.072845754531357,0.37931940016586496,0.0077032706958055945,256,6,0,0,1,0,0,0,1,0,0,0,0,0.0,0
1,mitra,image_anomaly_mitra,1395,met_396235_primary_000__marker_pdf_001__001.72ffa55a..jpg..pdf,data/raw/image_anomaly/anomalous/mitra/files/jpg/met_396235_primary_000/6854681c9d9339c5a19a/met_396235_primary_000__marker_pdf_001__001.72ffa55a..jpg..pdf,3394948,62,2,1,0,0,0.22580645161290322,document,0,0,0,0,0,1,0,1,0,0,70,7.975624909558612,5.250824256483538,0.3790031540983838,0.007707334545330296,256,6,0,0,1,0,0,0,1,0,0,0,0,0.0,0
1,mitra,image_anomaly_mitra,1396,met_396235_primary_000__marker_zip_001__001.e6382087..jpg..zip,data/raw/image_anomaly/anomalous/mitra/files/jpg/met_396235_primary_000/aa6a002de8105c68977e/met_396235_primary_000__marker_zip_001__001.e6382087..jpg..zip,3393453,62,2,1,0,0,0.22580645161290322,archive,0,0,0,1,0,1,0,1,0,0,71,7.975599031248482,3.5325372209421446,0.3786361561512713,0.007736662331849005,256,6,0,0,1,0,0,0,1,0,0,0,0,0.0,0
1,mitra,image_anomaly_mitra,1397,met_396235_primary_000__marker_zip_001__002.b2458fff..zip..jpg,data/raw/image_anomaly/anomalous/mitra/files/jpg/met_396235_primary_000/aa6a002de8105c68977e/met_396235_primary_000__marker_zip_001__002.b2458fff..zip..jpg,3393449,62,2,1,0,0,0.22580645161290322,image,0,0,0,1,0,1,1,0,0,0,71,7.975598877409485,3.5469960190012775,0.3786363077800786,0.007736671451375871,256,6,0,0,1,0,0,0,1,2,0,0,0,0.0006326896322885654,0
1,mitra,image_anomaly_mitra,1398,met_398846_primary_000__marker_zip_002__001.a69ef58a..jpg..zip,data/raw/image_anomaly/anomalous/mitra/files/jpg/met_398846_primary_000/18473b32da2ce1de239d/met_398846_primary_000__marker_zip_002__001.a69ef58a..jpg..zip,3970069,62,2,1,0,0,0.22580645161290322,archive,0,0,0,1,0,1,0,1,0,0,94,7.967277782269231,7.988340858219542,0.3798248846556571,0.006236415538369736,256,6,0,0,0,0,0,0,0,0,0,0,0,0.0,0
1,mitra,image_anomaly_mitra,1399,met_398846_primary_000__marker_zip_002__002.320d031f..zip..jpg,data/raw/image_anomaly/anomalous/mitra/files/jpg/met_398846_primary_000/18473b32da2ce1de239d/met_398846_primary_000__marker_zip_002__002.320d031f..zip..jpg,3970065,62,2,1,0,0,0.22580645161290322,image,0,0,0,1,0,1,1,0,0,0,94,7.967277444687258,3.5594133632581677,0.37982501545944464,0.006236421821808963,256,6,0,0,0,0,0,0,0,2,0,0,0,0.008278705764263306,0
1,mitra,image_anomaly_mitra,1400,met_398846_primary_000__marker_pdf_001__001.5dd3158f..jpg..pdf,data/raw/image_anomaly/anomalous/mitra/files/jpg/met_398846_primary_000/38918d242492a6dc60e6/met_398846_primary_000__marker_pdf_001__001.5dd3158f..jpg..pdf,3939078,62,2,1,0,0,0.22580645161290322,document,0,0,0,0,0,1,0,1,0,0,93,7.9667967292971245,5.250824256483538,0.38019379154208166,0.006229630385587694,256,6,0,0,0,0,0,0,0,0,0,0,0,0.0,0
1,mitra,image_anomaly_mitra,1401,met_398846_primary_000__marker_zip_001__001.c5ec6b07..jpg..zip,data/raw/image_anomaly/anomalous/mitra/files/jpg/met_398846_primary_000/451387cdda9d9679e2f3/met_398846_primary_000__marker_zip_001__001.c5ec6b07..jpg..zip,3937583,62,2,1,0,0,0.22580645161290322,archive,0,0,0,1,0,1,0,1,0,0,94,7.966743028192205,3.54404494516959,0.37987796066774976,0.006254344352868244,256,6,0,0,0,0,0,0,0,0,0,0,0,0.0,0
1,mitra,image_anomaly_mitra,1402,met_398846_primary_000__marker_zip_001__002.0c0ce0ea..zip..jpg,data/raw/image_anomaly/anomalous/mitra/files/jpg/met_398846_primary_000/451387cdda9d9679e2f3/met_398846_primary_000__marker_zip_001__002.0c0ce0ea..zip..jpg,3937579,62,2,1,0,0,0.22580645161290322,image,0,0,0,1,0,1,1,0,0,0,94,7.966742572652125,3.5594133632581677,0.37987809260461824,0.006254350706360431,256,6,0,0,0,0,0,0,0,2,0,0,0,0.000545258901472199,0
1,mitra,image_anomaly_mitra,1403,met_398846_primary_000__marker_pdf_002__001.ef6140ad..jpg..pdf,data/raw/image_anomaly/anomalous/mitra/files/jpg/met_398846_primary_000/b39aec5199453b26ab01/met_398846_primary_000__marker_pdf_002__001.ef6140ad..jpg..pdf,3940869,62,2,1,0,0,0.22580645161290322,document,0,0,0,0,0,1,0,1,0,0,93,7.966815410424242,5.072845754531357,0.38046583126716466,0.00622679921611198,256,6,0,0,0,0,0,0,0,0,0,0,0,0.0,0
1,mitra,image_anomaly_mitra,1404,met_402272_primary_000__marker_pdf_002__001.91c7f29e..jpg..pdf,data/raw/image_anomaly/anomalous/mitra/files/jpg/met_402272_primary_000/2bd868703a0a88b60046/met_402272_primary_000__marker_pdf_002__001.91c7f29e..jpg..pdf,982247,62,2,1,0,0,0.22580645161290322,document,0,0,0,0,0,1,0,1,0,0,22,7.983460583914555,5.072845754531357,0.37639412489933793,0.009363225339451279,256,6,0,0,1,0,0,0,1,0,0,0,0,0.0,0
1,mitra,image_anomaly_mitra,1405,met_402272_primary_000__marker_zip_002__001.8bfa01f5..jpg..zip,data/raw/image_anomaly/anomalous/mitra/files/jpg/met_402272_primary_000/78e38c157ff10baaad99/met_402272_primary_000__marker_zip_002__001.8bfa01f5..jpg..zip,1011447,62,2,1,0,0,0.22580645161290322,archive,0,0,0,1,0,1,0,1,0,0,23,7.984507988365661,7.988340858219542,0.37399586928430256,0.009310423581265256,256,6,0,0,1,0,0,0,1,0,0,0,0,0.0,0
1,mitra,image_anomaly_mitra,1406,met_402272_primary_000__marker_zip_002__002.00b819d3..zip..jpg,data/raw/image_anomaly/anomalous/mitra/files/jpg/met_402272_primary_000/78e38c157ff10baaad99/met_402272_primary_000__marker_zip_002__002.00b819d3..zip..jpg,1011443,62,2,1,0,0,0.22580645161290322,image,0,0,0,1,0,1,1,0,0,0,23,7.9845079293304915,3.5215667178590158,0.3739963596564512,0.009310460401624214,256,6,0,0,1,0,0,0,1,2,0,0,0,0.03249515790805809,0
1,mitra,image_anomaly_mitra,1407,met_402272_primary_000__marker_zip_001__001.24236fa0..jpg..zip,data/raw/image_anomaly/anomalous/mitra/files/jpg/met_402272_primary_000/c88a6a5af50cbe4da4c5/met_402272_primary_000__marker_zip_001__001.24236fa0..jpg..zip,978961,62,2,1,0,0,0.22580645161290322,archive,0,0,0,1,0,1,0,1,0,0,23,7.9835213848576325,3.5024772602578778,0.3740159209611006,0.009484545349610454,256,6,0,0,1,0,0,0,1,0,0,0,0,0.0,0
1,mitra,image_anomaly_mitra,1408,met_402272_primary_000__marker_zip_001__002.a14a3003..zip..jpg,data/raw/image_anomaly/anomalous/mitra/files/jpg/met_402272_primary_000/c88a6a5af50cbe4da4c5/met_402272_primary_000__marker_zip_001__002.a14a3003..zip..jpg,978957,62,2,1,0,0,0.22580645161290322,image,0,0,0,1,0,1,1,0,0,0,23,7.983521190654722,3.5215667178590158,0.3740164276878351,0.009484584103285435,256,6,0,0,1,0,0,0,1,2,0,0,0,0.002193150465240046,0
1,mitra,image_anomaly_mitra,1409,met_402272_primary_000__marker_pdf_001__001.7643d735..jpg..pdf,data/raw/image_anomaly/anomalous/mitra/files/jpg/met_402272_primary_000/ea17238a5c9388e5b15c/met_402272_primary_000__marker_pdf_001__001.7643d735..jpg..pdf,980456,62,2,1,0,0,0.22580645161290322,document,0,0,0,0,0,1,0,1,0,0,22,7.983512800323598,5.250824256483538,0.37529374087159445,0.009380329152965558,256,6,0,0,1,0,0,0,1,0,0,0,0,0.0,0
1,mitra,image_anomaly_mitra,1410,met_402837_primary_000__marker_pdf_002__001.56225098..jpg..pdf,data/raw/image_anomaly/anomalous/mitra/files/jpg/met_402837_primary_000/ae870c39dbb3bbae2644/met_402837_primary_000__marker_pdf_002__001.56225098..jpg..pdf,5915037,62,2,1,0,0,0.22580645161290322,document,0,0,0,0,0,1,0,1,0,0,178,7.950619540391039,5.072845754531357,0.39301850520968845,0.006259470566287244,256,17,0,0,0,0,0,0,0,0,0,0,0,0.0,0
1,mitra,image_anomaly_mitra,1411,met_402837_primary_000__marker_pdf_001__001.bd8ef30b..jpg..pdf,data/raw/image_anomaly/anomalous/mitra/files/jpg/met_402837_primary_000/d1ac79946680b4381589/met_402837_primary_000__marker_pdf_001__001.bd8ef30b..jpg..pdf,5913246,62,2,1,0,0,0.22580645161290322,document,0,0,0,0,0,1,0,1,0,0,178,7.950618364112274,5.250824256483538,0.3928410893103382,0.006261366430552695,256,17,0,0,0,0,0,0,0,0,0,0,0,0.0,0
1,mitra,image_anomaly_mitra,1412,met_402837_primary_000__marker_zip_002__001.29359715..jpg..zip,data/raw/image_anomaly/anomalous/mitra/files/jpg/met_402837_primary_000/e0d631e7c0080974b000/met_402837_primary_000__marker_zip_002__001.29359715..jpg..zip,5944237,62,2,1,0,0,0.22580645161290322,archive,0,0,0,1,0,1,0,1,0,0,179,7.951126852732245,7.988340858219542,0.3925287635738615,0.006265732675194478,256,17,0,0,0,0,0,0,0,0,0,0,0,0.0,0
1,mitra,image_anomaly_mitra,1413,met_402837_primary_000__marker_zip_001__001.459318e4..jpg..zip,data/raw/image_anomaly/anomalous/mitra/files/jpg/met_402837_primary_000/f583f29f71175a1f9238/met_402837_primary_000__marker_zip_001__001.459318e4..jpg..zip,5911751,62,2,1,0,0,0.22580645161290322,archive,0,0,0,1,0,1,0,1,0,0,179,7.95059663232461,5.127538832262715,0.3926339252109908,0.006277835450106069,256,17,0,0,0,0,0,0,0,0,0,0,0,0.0,0
1,mitra,image_anomaly_mitra,1414,met_407359_primary_000__marker_zip_001__001.211bf782..jpg..zip,data/raw/image_anomaly/anomalous/mitra/files/jpg/met_407359_primary_000/3a38b84322b2d40132cf/met_407359_primary_000__marker_zip_001__001.211bf782..jpg..zip,4465072,62,2,1,0,0,0.22580645161290322,archive,0,0,0,1,0,1,0,1,0,0,45,7.9824590537517555,3.530693818652362,0.3724569279062017,0.008382395625423285,256,6,0,0,0,0,0,0,0,0,0,0,0,0.0,0
1,mitra,image_anomaly_mitra,1415,met_407359_primary_000__marker_zip_002__001.d2d7ec27..jpg..zip,data/raw/image_anomaly/anomalous/mitra/files/jpg/met_407359_primary_000/5e8680418c65de550a52/met_407359_primary_000__marker_zip_002__001.d2d7ec27..jpg..zip,4497558,62,2,1,0,0,0.22580645161290322,archive,0,0,0,1,0,1,0,1,0,0,45,7.98270718006758,7.988340858219542,0.3724636791787899,0.008351198583764789,256,6,0,0,0,0,0,0,0,0,0,0,0,0.0,0
1,mitra,image_anomaly_mitra,1416,met_407359_primary_000__marker_pdf_001__001.dde31220..jpg..pdf,data/raw/image_anomaly/anomalous/mitra/files/jpg/met_407359_primary_000/683db7329b4ed09a02b3/met_407359_primary_000__marker_pdf_001__001.dde31220..jpg..pdf,4466567,62,2,1,0,0,0.22580645161290322,document,0,0,0,0,0,1,0,1,0,0,44,7.982486866662096,5.250824256483538,0.37273794392874887,0.008359888030337393,256,6,0,0,0,0,0,0,0,0,0,0,0,0.0,0
1,mitra,image_anomaly_mitra,1417,met_407359_primary_000__marker_pdf_002__001.04491bc4..jpg..pdf,data/raw/image_anomaly/anomalous/mitra/files/jpg/met_407359_primary_000/f906a921ac3a3cdb6a2d/met_407359_primary_000__marker_pdf_002__001.04491bc4..jpg..pdf,4468358,62,2,1,0,0,0.22580645161290322,document,0,0,0,0,0,1,0,1,0,0,44,7.982491598128587,5.072845754531357,0.37298085784532037,0.00835653723358782,256,6,0,0,0,0,0,0,0,0,0,0,0,0.0,0
1,mitra,image_anomaly_mitra,1418,met_40781_primary_000__marker_pdf_002__001.86389ec9..jpg..pdf,data/raw/image_anomaly/anomalous/mitra/files/jpg/met_40781_primary_000/0090133ec6befde3484b/met_40781_primary_000__marker_pdf_002__001.86389ec9..jpg..pdf,2033895,61,2,1,0,0,0.22950819672131148,document,0,0,0,0,0,1,0,1,0,0,47,7.963082114725128,5.072845754531357,0.3643246086941558,0.014099547911765356,256,13,0,0,0,0,0,0,0,0,0,0,0,0.0,0
1,mitra,image_anomaly_mitra,1419,met_40781_primary_000__marker_zip_001__001.7c621926..jpg..zip,data/raw/image_anomaly/anomalous/mitra/files/jpg/met_40781_primary_000/2903384063068aa93d2c/met_40781_primary_000__marker_zip_001__001.7c621926..jpg..zip,2030609,61,2,1,0,0,0.22950819672131148,archive,0,0,0,1,0,1,0,1,0,0,48,7.962940713211985,6.264736741223761,0.3631585401226923,0.014165701028607675,256,13,0,0,0,0,0,0,0,0,0,0,0,0.0,0
1,mitra,image_anomaly_mitra,1420,met_40781_primary_000__marker_zip_001__002.1e11fb2b..zip..jpg,data/raw/image_anomaly/anomalous/mitra/files/jpg/met_40781_primary_000/2903384063068aa93d2c/met_40781_primary_000__marker_zip_001__002.1e11fb2b..zip..jpg,2030605,61,2,1,0,0,0.22950819672131148,image,0,0,0,1,0,1,1,0,0,0,48,7.962940738577226,6.429112754246932,0.3631587630287525,0.014165728933002726,256,13,0,0,0,0,0,0,0,2,0,0,0,0.001057320355263579,0
1,mitra,image_anomaly_mitra,1421,met_40781_primary_000__marker_zip_002__001.1136dd8a..jpg..zip,data/raw/image_anomaly/anomalous/mitra/files/jpg/met_40781_primary_000/a4034c9a10996b6f4826/met_40781_primary_000__marker_zip_002__001.1136dd8a..jpg..zip,2063095,61,2,1,0,0,0.22950819672131148,archive,0,0,0,1,0,1,0,1,0,0,48,7.964013677088916,7.988340858219542,0.36331967262777526,0.014006625967296708,256,13,0,0,0,0,0,0,0,0,0,0,0,0.0,0
1,mitra,image_anomaly_mitra,1422,met_40781_primary_000__marker_zip_002__002.22ddd43c..zip..jpg,data/raw/image_anomaly/anomalous/mitra/files/jpg/met_40781_primary_000/a4034c9a10996b6f4826/met_40781_primary_000__marker_zip_002__002.22ddd43c..zip..jpg,2063091,61,2,1,0,0,0.22950819672131148,image,0,0,0,1,0,1,1,0,0,0,48,7.964013207529439,6.429112754246932,0.3633198923363051,0.014006653123880624,256,13,0,0,0,0,0,0,0,2,0,0,0,0.015930950210145844,0
1,mitra,image_anomaly_mitra,1423,met_40781_primary_000__marker_pdf_001__001.74d0f9fd..jpg..pdf,data/raw/image_anomaly/anomalous/mitra/files/jpg/met_40781_primary_000/c5d839b9ea3f48791c0b/met_40781_primary_000__marker_pdf_001__001.74d0f9fd..jpg..pdf,2032104,61,2,1,0,0,0.22950819672131148,document,0,0,0,0,0,1,0,1,0,0,47,7.963036507801173,5.250824256483538,0.36378305441060105,0.014111974583977985,256,13,0,0,0,0,0,0,0,0,0,0,0,0.0,0
1,mitra,image_anomaly_mitra,1424,met_408596_primary_000__marker_zip_002__001.6cfeec62..jpg..zip,data/raw/image_anomaly/anomalous/mitra/files/jpg/met_408596_primary_000/1aa186a3e8bfc9dba42c/met_408596_primary_000__marker_zip_002__001.6cfeec62..jpg..zip,1344939,62,2,1,0,0,0.22580645161290322,archive,0,0,0,1,0,1,0,1,0,0,28,7.976469530593621,7.988340858219542,0.383418876246432,0.009138704431948214,256,25,0,0,0,0,0,0,0,0,0,0,0,0.0,0
1,mitra,image_anomaly_mitra,1425,met_408596_primary_000__marker_zip_002__002.32c439f0..zip..jpg,data/raw/image_anomaly/anomalous/mitra/files/jpg/met_408596_primary_000/1aa186a3e8bfc9dba42c/met_408596_primary_000__marker_zip_002__002.32c439f0..zip..jpg,1344935,62,2,1,0,0,0.22580645161290322,image,0,0,0,1,0,1,1,0,0,0,28,7.976469296513859,4.745830978117906,0.3834192730503705,0.00913873161156487,256,25,0,0,0,0,0,0,0,2,0,0,0,0.02443761222661318,0
1,mitra,image_anomaly_mitra,1426,met_408596_primary_000__marker_pdf_001__001.c795658a..jpg..pdf,data/raw/image_anomaly/anomalous/mitra/files/jpg/met_408596_primary_000/209ee74cbb4edea1bc38/met_408596_primary_000__marker_pdf_001__001.c795658a..jpg..pdf,1313948,62,2,1,0,0,0.22580645161290322,document,0,0,0,0,0,1,0,1,0,0,27,7.97522729216169,5.250824256483538,0.3846095888117338,0.009186817134315817,256,25,0,0,0,0,0,0,0,0,0,0,0,0.0,0
1,mitra,image_anomaly_mitra,1427,met_408596_primary_000__marker_zip_001__001.67c16a55..jpg..zip,data/raw/image_anomaly/anomalous/mitra/files/jpg/met_408596_primary_000/3254c1e1eaa0392ae902/met_408596_primary_000__marker_zip_001__001.67c16a55..jpg..zip,1312453,62,2,1,0,0,0.22580645161290322,archive,0,0,0,1,0,1,0,1,0,0,28,7.975330948765529,5.336969706399356,0.38366707226849267,0.009264331751308428,256,25,0,0,0,0,0,0,0,0,0,0,0,0.0,0
1,mitra,image_anomaly_mitra,1428,met_408596_primary_000__marker_zip_001__002.881be741..zip..jpg,data/raw/image_anomaly/anomalous/mitra/files/jpg/met_408596_primary_000/3254c1e1eaa0392ae902/met_408596_primary_000__marker_zip_001__002.881be741..zip..jpg,1312449,62,2,1,0,0,0.22580645161290322,image,0,0,0,1,0,1,1,0,0,0,28,7.975330463380827,4.745830978117906,0.38366747965063785,0.009264359986559478,256,25,0,0,0,0,0,0,0,2,0,0,0,0.0016358730891638455,0
1,mitra,image_anomaly_mitra,1429,met_408596_primary_000__marker_pdf_002__001.b7eb971a..jpg..pdf,data/raw/image_anomaly/anomalous/mitra/files/jpg/met_408596_primary_000/4979b76c937e13aa0918/met_408596_primary_000__marker_pdf_002__001.b7eb971a..jpg..pdf,1315739,62,2,1,0,0,0.22580645161290322,document,0,0,0,0,0,1,0,1,0,0,27,7.975112348148611,5.072845754531357,0.38541838464923517,0.009174311926605505,256,25,0,0,0,0,0,0,0,0,0,0,0,0.0,0
1,mitra,image_anomaly_mitra,1430,met_409055_primary_000__marker_zip_001__001.88f30bbb..jpg..zip,data/raw/image_anomaly/anomalous/mitra/files/jpg/met_409055_primary_000/4699e4ea8921f5feb71c/met_409055_primary_000__marker_zip_001__001.88f30bbb..jpg..zip,1418747,62,2,1,0,0,0.22580645161290322,archive,0,0,0,1,0,1,0,1,0,0,25,7.9746425400629395,5.785294719657745,0.38615200596018884,0.009290592332530042,256,29,0,0,2,0,0,0,2,0,0,0,0,0.0,0
1,mitra,image_anomaly_mitra,1431,met_409055_primary_000__marker_zip_001__002.67323b02..zip..jpg,data/raw/image_anomaly/anomalous/mitra/files/jpg/met_409055_primary_000/4699e4ea8921f5feb71c/met_409055_primary_000__marker_zip_001__002.67323b02..zip..jpg,1418743,62,2,1,0,0,0.22580645161290322,image,0,0,0,1,0,1,1,0,0,0,25,7.974641965170201,5.094846148948273,0.3861523898267692,0.009290618526399778,256,29,0,0,2,0,0,0,2,2,0,0,0,0.001513311431316313,0
1,mitra,image_anomaly_mitra,1432,met_409055_primary_000__marker_zip_002__001.adc7ab72..jpg..zip,data/raw/image_anomaly/anomalous/mitra/files/jpg/met_409055_primary_000/7c139f5737fbd143047c/met_409055_primary_000__marker_zip_002__001.adc7ab72..jpg..zip,1451233,62,2,1,0,0,0.22580645161290322,archive,0,0,0,1,0,1,0,1,0,0,25,7.975731518043137,7.988340858219542,0.38586636329245544,0.009173578605227417,256,29,0,0,2,0,0,0,2,0,0,0,0,0.0,0
1,mitra,image_anomaly_mitra,1433,met_409055_primary_000__marker_zip_002__002.3c049441..zip..jpg,data/raw/image_anomaly/anomalous/mitra/files/jpg/met_409055_primary_000/7c139f5737fbd143047c/met_409055_primary_000__marker_zip_002__002.3c049441..zip..jpg,1451229,62,2,1,0,0,0.22580645161290322,image,0,0,0,1,0,1,1,0,0,0,25,7.975731243436893,5.094846148948273,0.3858667377788068,0.009173603890219945,256,29,0,0,2,0,0,0,2,2,0,0,0,0.022647700673015768,0
1,mitra,image_anomaly_mitra,1434,met_409055_primary_000__marker_pdf_002__001.d73ec5c1..jpg..pdf,data/raw/image_anomaly/anomalous/mitra/files/jpg/met_409055_primary_000/88370752a4df02bfb9f6/met_409055_primary_000__marker_pdf_002__001.d73ec5c1..jpg..pdf,1422033,62,2,1,0,0,0.22580645161290322,document,0,0,0,0,0,1,0,1,0,0,24,7.974358113359712,5.072845754531357,0.38776666926857534,0.00920724061959181,256,29,0,0,2,0,0,0,2,0,0,0,0,0.0,0
1,mitra,image_anomaly_mitra,1435,met_409055_primary_000__marker_pdf_001__001.df7fe017..jpg..pdf,data/raw/image_anomaly/anomalous/mitra/files/jpg/met_409055_primary_000/eb1197b4799b895a9e38/met_409055_primary_000__marker_pdf_001__001.df7fe017..jpg..pdf,1420242,62,2,1,0,0,0.22580645161290322,document,0,0,0,0,0,1,0,1,0,0,24,7.974492203782214,5.250824256483538,0.3870213667811542,0.00921885143517795,256,29,0,0,2,0,0,0,2,0,0,0,0,0.0,0
1,mitra,image_anomaly_mitra,1436,met_410060_primary_000__marker_zip_001__001.274054c8..jpg..zip,data/raw/image_anomaly/anomalous/mitra/files/jpg/met_410060_primary_000/638a68a457aef0b0c8df/met_410060_primary_000__marker_zip_001__001.274054c8..jpg..zip,2349389,62,2,1,0,0,0.22580645161290322,archive,0,0,0,1,0,1,0,1,0,0,31,7.983671687521365,7.792331199234945,0.37482511410413516,0.007524935206557961,256,0,0,0,0,0,0,0,0,0,0,0,0,0.0,0
1,mitra,image_anomaly_mitra,1437,met_410060_primary_000__marker_zip_001__002.296bbffc..zip..jpg,data/raw/image_anomaly/anomalous/mitra/files/jpg/met_410060_primary_000/638a68a457aef0b0c8df/met_410060_primary_000__marker_zip_001__002.296bbffc..zip..jpg,2349385,62,2,1,0,0,0.22580645161290322,image,0,0,0,1,0,1,1,0,0,0,31,7.98367118462887,7.84662476896398,0.3748253266280324,0.007524948018311175,256,0,0,0,0,0,0,0,0,2,0,0,0,0.0009138561793831151,0
1,mitra,image_anomaly_mitra,1438,met_410060_primary_000__marker_zip_002__001.b0981eff..jpg..zip,data/raw/image_anomaly/anomalous/mitra/files/jpg/met_410060_primary_000/7d099f827cde8deadbc7/met_410060_primary_000__marker_zip_002__001.b0981eff..jpg..zip,2381875,62,2,1,0,0,0.22580645161290322,archive,0,0,0,1,0,1,0,1,0,0,31,7.984106779612163,7.988340858219542,0.3748055628443978,0.0074777223825767515,256,0,0,0,0,0,0,0,0,0,0,0,0,0.0,0
1,mitra,image_anomaly_mitra,1439,met_410060_primary_000__marker_zip_002__002.fb426792..zip..jpg,data/raw/image_anomaly/anomalous/mitra/files/jpg/met_410060_primary_000/7d099f827cde8deadbc7/met_410060_primary_000__marker_zip_002__002.fb426792..zip..jpg,2381871,62,2,1,0,0,0.22580645161290322,image,0,0,0,1,0,1,1,0,0,0,31,7.984106575423307,7.84662476896398,0.3748057724368784,0.007477734940305332,256,0,0,0,0,0,0,0,0,2,0,0,0,0.013798816140756573,0
1,mitra,image_anomaly_mitra,1440,met_410060_primary_000__marker_pdf_002__001.9b73fb39..jpg..pdf,data/raw/image_anomaly/anomalous/mitra/files/jpg/met_410060_primary_000/9b4b2c98d2b621577a5d/met_410060_primary_000__marker_pdf_002__001.9b73fb39..jpg..pdf,2352675,62,2,1,0,0,0.22580645161290322,document,0,0,0,0,0,1,0,1,0,0,30,7.983743528199628,5.072845754531357,0.3758168892856004,0.007477020837982296,256,0,0,0,0,0,0,0,0,0,0,0,0,0.0,0
1,mitra,image_anomaly_mitra,1441,met_410060_primary_000__marker_pdf_001__001.1f54aeaf..jpg..pdf,data/raw/image_anomaly/anomalous/mitra/files/jpg/met_410060_primary_000/bd4cf4298666902ff8a5/met_410060_primary_000__marker_pdf_001__001.1f54aeaf..jpg..pdf,2350884,62,2,1,0,0,0.22580645161290322,document,0,0,0,0,0,1,0,1,0,0,30,7.983732264667288,5.250824256483538,0.3753575250841811,0.007482717139595148,256,0,0,0,0,0,0,0,0,0,0,0,0,0.0,0
1,mitra,image_anomaly_mitra,1442,met_415296_primary_000__marker_pdf_001__001.1dd2a4d8..jpg..pdf,data/raw/image_anomaly/anomalous/mitra/files/jpg/met_415296_primary_000/54a58a92085ac2f8541e/met_415296_primary_000__marker_pdf_001__001.1dd2a4d8..jpg..pdf,4272588,62,2,1,0,0,0.22580645161290322,document,0,0,0,0,0,1,0,1,0,0,58,7.983196050194755,5.250824256483538,0.37664619195672505,0.007614354578536475,256,6,0,0,2,0,0,0,2,0,0,0,0,0.0,0
1,mitra,image_anomaly_mitra,1443,met_415296_primary_000__marker_zip_002__001.ec3c96e8..jpg..zip,data/raw/image_anomaly/anomalous/mitra/files/jpg/met_415296_primary_000/789cf1f94fa2c13350a6/met_415296_primary_000__marker_zip_002__001.ec3c96e8..jpg..zip,4303579,62,2,1,0,0,0.22580645161290322,archive,0,0,0,1,0,1,0,1,0,0,59,7.983423155322143,7.988340858219542,0.37633142089409766,0.007610642211982166,256,6,0,0,2,0,0,0,2,0,0,0,0,0.0,0
1,mitra,image_anomaly_mitra,1444,met_415296_primary_000__marker_pdf_002__001.567808dc..jpg..pdf,data/raw/image_anomaly/anomalous/mitra/files/jpg/met_415296_primary_000/96a546c92b602fa0991f/met_415296_primary_000__marker_pdf_002__001.567808dc..jpg..pdf,4274379,62,2,1,0,0,0.22580645161290322,document,0,0,0,0,0,1,0,1,0,0,58,7.983195015265231,5.072845754531357,0.3768984921552347,0.007611164101264768,256,6,0,0,2,0,0,0,2,0,0,0,0,0.0,0
1,mitra,image_anomaly_mitra,1445,met_415296_primary_000__marker_zip_001__001.e378f40a..jpg..zip,data/raw/image_anomaly/anomalous/mitra/files/jpg/met_415296_primary_000/a2e1a7155c62f477ac90/met_415296_primary_000__marker_zip_001__001.e378f40a..jpg..zip,4271093,62,2,1,0,0,0.22580645161290322,archive,0,0,0,1,0,1,0,1,0,0,59,7.983174446598164,3.481894785160438,0.376353781104743,0.007637623437373057,256,6,0,0,2,0,0,0,2,0,0,0,0,0.0,0
1,mitra,image_anomaly_mitra,1446,met_417671_primary_000__marker_zip_001__001.acba89f2..jpg..zip,data/raw/image_anomaly/anomalous/mitra/files/jpg/met_417671_primary_000/1ee571df796ed649477f/met_417671_primary_000__marker_zip_001__001.acba89f2..jpg..zip,558766,62,2,1,0,0,0.22580645161290322,archive,0,0,0,1,0,1,0,1,0,0,16,7.971152858715483,6.2756047794352074,0.3914840917307066,0.009608673398166675,256,13,0,0,0,0,0,0,0,0,0,0,0,0.0,0
1,mitra,image_anomaly_mitra,1447,met_417671_primary_000__marker_zip_001__002.2b119e86..zip..jpg,data/raw/image_anomaly/anomalous/mitra/files/jpg/met_417671_primary_000/1ee571df796ed649477f/met_417671_primary_000__marker_zip_001__002.2b119e86..zip..jpg,558762,62,2,1,0,0,0.22580645161290322,image,0,0,0,1,0,1,1,0,0,0,16,7.971150873294995,6.443157994150342,0.39148510457046115,0.009608742183613059,256,13,0,0,0,0,0,0,0,2,0,0,0,0.003842423071003397,0
1,mitra,image_anomaly_mitra,1448,met_417671_primary_000__marker_pdf_002__001.7d233194..jpg..pdf,data/raw/image_anomaly/anomalous/mitra/files/jpg/met_417671_primary_000/53e1f51218edbdfff29f/met_417671_primary_000__marker_pdf_002__001.7d233194..jpg..pdf,562052,62,2,1,0,0,0.22580645161290322,document,0,0,0,0,0,1,0,1,0,0,15,7.970378060797197,5.072845754531357,0.39553813526150605,0.00939592777892437,256,13,0,0,0,0,0,0,0,0,0,0,0,0.0,0
1,mitra,image_anomaly_mitra,1449,met_417671_primary_000__marker_zip_002__001.05edbea5..jpg..zip,data/raw/image_anomaly/anomalous/mitra/files/jpg/met_417671_primary_000/7ec218dd40944ff69d0a/met_417671_primary_000__marker_zip_002__001.05edbea5..jpg..zip,591252,62,2,1,0,0,0.22580645161290322,archive,0,0,0,1,0,1,0,1,0,0,16,7.974112396937263,7.988340858219542,0.39049001102744685,0.009303985441064047,256,13,0,0,0,0,0,0,0,0,0,0,0,0.0,0
1,mitra,image_anomaly_mitra,1450,met_417671_primary_000__marker_zip_002__002.bf1ad775..zip..jpg,data/raw/image_anomaly/anomalous/mitra/files/jpg/met_417671_primary_000/7ec218dd40944ff69d0a/met_417671_primary_000__marker_zip_002__002.bf1ad775..zip..jpg,591248,62,2,1,0,0,0.22580645161290322,image,0,0,0,1,0,1,1,0,0,0,16,7.974111390901057,6.443157994150342,0.3904909614916245,0.009304048385787352,256,13,0,0,0,0,0,0,0,2,0,0,0,0.05558919438205288,0
1,mitra,image_anomaly_mitra,1451,met_417671_primary_000__marker_pdf_001__001.6e92b3f0..jpg..pdf,data/raw/image_anomaly/anomalous/mitra/files/jpg/met_417671_primary_000/fa2fa0b13494660eca48/met_417671_primary_000__marker_pdf_001__001.6e92b3f0..jpg..pdf,560261,62,2,1,0,0,0.22580645161290322,document,0,0,0,0,0,1,0,1,0,0,15,7.970788860705048,5.250824256483538,0.3936736628107257,0.009425963970363813,256,13,0,0,0,0,0,0,0,0,0,0,0,0.0,0
1,mitra,image_anomaly_mitra,1452,met_418615_primary_000__marker_zip_002__001.1c569b4e..jpg..zip,data/raw/image_anomaly/anomalous/mitra/files/jpg/met_418615_primary_000/1cb330239b3676b84dc8/met_418615_primary_000__marker_zip_002__001.1c569b4e..jpg..zip,723067,62,2,1,0,0,0.22580645161290322,archive,0,0,0,1,0,1,0,1,0,0,16,7.977071600624732,7.988340858219542,0.38476517390504617,0.006559558104573988,256,6,0,0,0,0,0,0,0,0,0,0,0,0.0,0
1,mitra,image_anomaly_mitra,1453,met_418615_primary_000__marker_zip_002__002.ad63bbe6..zip..jpg,data/raw/image_anomaly/anomalous/mitra/files/jpg/met_418615_primary_000/1cb330239b3676b84dc8/met_418615_primary_000__marker_zip_002__002.ad63bbe6..zip..jpg,723063,62,2,1,0,0,0.22580645161290322,image,0,0,0,1,0,1,1,0,0,0,16,7.97707074577494,3.4259376715958734,0.3847659194288741,0.006559594392189892,256,6,0,0,0,0,0,0,0,2,0,0,0,0.04545523695722226,0
1,mitra,image_anomaly_mitra,1454,met_418615_primary_000__marker_pdf_001__001.0506bca7..jpg..pdf,data/raw/image_anomaly/anomalous/mitra/files/jpg/met_418615_primary_000/c937b1d257e15ff27962/met_418615_primary_000__marker_pdf_001__001.0506bca7..jpg..pdf,692076,62,2,1,0,0,0.22580645161290322,document,0,0,0,0,0,1,0,1,0,0,15,7.97483434530373,5.250824256483538,0.3870861003704795,0.0065354094059033975,256,6,0,0,0,0,0,0,0,0,0,0,0,0.0,0
1,mitra,image_anomaly_mitra,1455,met_418615_primary_000__marker_zip_001__001.9bff0b5f..jpg..zip,data/raw/image_anomaly/anomalous/mitra/files/jpg/met_418615_primary_000/f70f22b9568adf50ffbc/met_418615_primary_000__marker_zip_001__001.9bff0b5f..jpg..zip,690581,62,2,1,0,0,0.22580645161290322,archive,0,0,0,1,0,1,0,1,0,0,16,7.974902092624302,3.473634690870223,0.3853002037414872,0.006676986479500595,256,6,0,0,0,0,0,0,0,0,0,0,0,0.0,0
1,mitra,image_anomaly_mitra,1456,met_418615_primary_000__marker_zip_001__002.68e1b96f..zip..jpg,data/raw/image_anomaly/anomalous/mitra/files/jpg/met_418615_primary_000/f70f22b9568adf50ffbc/met_418615_primary_000__marker_zip_001__002.68e1b96f..zip..jpg,690577,62,2,1,0,0,0.22580645161290322,image,0,0,0,1,0,1,1,0,0,0,16,7.9749009672159215,3.4259376715958734,0.3853009874351448,0.006677025154327468,256,6,0,0,0,0,0,0,0,2,0,0,0,0.003108994362685117,0
1,mitra,image_anomaly_mitra,1457,met_418615_primary_000__marker_pdf_002__001.970fef04..jpg..pdf,data/raw/image_anomaly/anomalous/mitra/files/jpg/met_418615_primary_000/f98cb0a772d8da51834a/met_418615_primary_000__marker_pdf_002__001.970fef04..jpg..pdf,693867,62,2,1,0,0,0.22580645161290322,document,0,0,0,0,0,1,0,1,0,0,15,7.9746994532618345,5.072845754531357,0.38861337979756927,0.0065185402966274515,256,6,0,0,0,0,0,0,0,0,0,0,0,0.0,0
1,mitra,image_anomaly_mitra,1458,met_432109_primary_000__marker_zip_001__001.c43ac7c0..jpg..zip,data/raw/image_anomaly/anomalous/mitra/files/jpg/met_432109_primary_000/0765cd6758b6872ef3a4/met_432109_primary_000__marker_zip_001__001.c43ac7c0..jpg..zip,1941117,62,2,1,0,0,0.22580645161290322,archive,0,0,0,1,0,1,0,1,0,0,38,7.95917475080451,7.750756952141215,0.3838295167164061,0.007485380840000886,256,0,0,0,0,0,0,0,0,0,0,0,0,0.0,0
1,mitra,image_anomaly_mitra,1459,met_432109_primary_000__marker_zip_001__002.434d92b8..zip..jpg,data/raw/image_anomaly/anomalous/mitra/files/jpg/met_432109_primary_000/0765cd6758b6872ef3a4/met_432109_primary_000__marker_zip_001__002.434d92b8..zip..jpg,1941113,62,2,1,0,0,0.22580645161290322,image,0,0,0,1,0,1,1,0,0,0,38,7.959174248679627,7.798721237641088,0.38382979249533644,0.0074853962649263596,256,0,0,0,0,0,0,0,0,2,0,0,0,0.0011060664680520918,0
1,mitra,image_anomaly_mitra,1460,met_432109_primary_000__marker_zip_002__001.c5a0afad..jpg..zip,data/raw/image_anomaly/anomalous/mitra/files/jpg/met_432109_primary_000/aa4812597d6f829a68b3/met_432109_primary_000__marker_zip_002__001.c5a0afad..jpg..zip,1973603,62,2,1,0,0,0.22580645161290322,archive,0,0,0,1,0,1,0,1,0,0,38,7.960475483905597,7.988340858219542,0.38365770623575257,0.007429052347407254,256,0,0,0,0,0,0,0,0,0,0,0,0,0.0,0
1,mitra,image_anomaly_mitra,1461,met_432109_primary_000__marker_zip_002__002.f8fc72ed..zip..jpg,data/raw/image_anomaly/anomalous/mitra/files/jpg/met_432109_primary_000/aa4812597d6f829a68b3/met_432109_primary_000__marker_zip_002__002.f8fc72ed..zip..jpg,1973599,62,2,1,0,0,0.22580645161290322,image,0,0,0,1,0,1,1,0,0,0,38,7.960475117044864,7.798721237641088,0.38365797712706584,0.007429067404270067,256,0,0,0,0,0,0,0,0,2,0,0,0,0.016653332313200403,0
1,mitra,image_anomaly_mitra,1462,met_432109_primary_000__marker_pdf_001__001.fac7b875..jpg..pdf,data/raw/image_anomaly/anomalous/mitra/files/jpg/met_432109_primary_000/b7779708f51ba7137da2/met_432109_primary_000__marker_pdf_001__001.fac7b875..jpg..pdf,1942612,62,2,1,0,0,0.22580645161290322,document,0,0,0,0,0,1,0,1,0,0,37,7.959263804282339,5.250824256483538,0.3844668930285615,0.007434320389249114,256,0,0,0,0,0,0,0,0,0,0,0,0,0.0,0
1,mitra,image_anomaly_mitra,1463,met_432109_primary_000__marker_pdf_002__001.68f783f4..jpg..pdf,data/raw/image_anomaly/anomalous/mitra/files/jpg/met_432109_primary_000/de641ecbd49d90c3336d/met_432109_primary_000__marker_pdf_002__001.68f783f4..jpg..pdf,1944403,62,2,1,0,0,0.22580645161290322,document,0,0,0,0,0,1,0,1,0,0,37,7.9592840785873795,5.072845754531357,0.3850143205909475,0.007427472596987353,256,0,0,0,0,0,0,0,0,0,0,0,0,0.0,0
1,mitra,image_anomaly_mitra,1464,met_43374_additional_001__marker_pdf_001__001.bea2c062..jpg..pdf,data/raw/image_anomaly/anomalous/mitra/files/jpg/met_43374_additional_001/16f48ff379ef526903db/met_43374_additional_001__marker_pdf_001__001.bea2c062..jpg..pdf,3230731,64,2,1,0,0,0.21875,document,0,0,0,0,0,1,0,1,0,0,56,7.968118865961211,5.250824256483538,0.36525479837225694,0.01229721694563862,256,13,0,0,0,0,0,0,0,0,0,0,0,0.0,0
1,mitra,image_anomaly_mitra,1465,met_43374_additional_001__marker_zip_001__001.cb365619..jpg..zip,data/raw/image_anomaly/anomalous/mitra/files/jpg/met_43374_additional_001/4a2e6a129ee6bb49f7da/met_43374_additional_001__marker_zip_001__001.cb365619..jpg..zip,3229236,64,2,1,0,0,0.21875,archive,0,0,0,1,0,1,0,1,0,0,57,7.967996374089281,6.2266901385534155,0.36486277249479443,0.012330161065961113,256,13,0,0,0,0,0,0,0,0,0,0,0,0.0,0
1,mitra,image_anomaly_mitra,1466,met_43374_additional_001__marker_zip_001__002.00560033..zip..jpg,data/raw/image_anomaly/anomalous/mitra/files/jpg/met_43374_additional_001/4a2e6a129ee6bb49f7da/met_43374_additional_001__marker_zip_001__002.00560033..zip..jpg,3229232,64,2,1,0,0,0.21875,image,0,0,0,1,0,1,1,0,0,0,57,7.967996443400923,6.398885573360393,0.36486291477354366,0.012330176339141938,256,13,0,0,0,0,0,0,0,2,0,0,0,0.0006648639676554673,0
1,mitra,image_anomaly_mitra,1467,met_43374_additional_001__marker_pdf_002__001.60025367..jpg..pdf,data/raw/image_anomaly/anomalous/mitra/files/jpg/met_43374_additional_001/a0fcb93850995715cb1b/met_43374_additional_001__marker_pdf_002__001.60025367..jpg..pdf,3232522,64,2,1,0,0,0.21875,document,0,0,0,0,0,1,0,1,0,0,56,7.9681802255361065,5.072845754531357,0.3655947275842206,0.012290403591994115,256,13,0,0,0,0,0,0,0,0,0,0,0,0.0,0
1,mitra,image_anomaly_mitra,1468,met_43374_additional_001__marker_zip_002__001.9456f488..jpg..zip,data/raw/image_anomaly/anomalous/mitra/files/jpg/met_43374_additional_001/ed083d88b15fa314c940/met_43374_additional_001__marker_zip_002__001.9456f488..jpg..zip,3261722,64,2,1,0,0,0.21875,archive,0,0,0,1,0,1,0,1,0,0,57,7.968607329845317,7.988340858219542,0.36494771780059737,0.012247824921927742,256,13,0,0,0,0,0,0,0,0,0,0,0,0.0,0
1,mitra,image_anomaly_mitra,1469,met_43374_additional_001__marker_zip_002__002.c277cf26..zip..jpg,data/raw/image_anomaly/anomalous/mitra/files/jpg/met_43374_additional_001/ed083d88b15fa314c940/met_43374_additional_001__marker_zip_002__002.c277cf26..zip..jpg,3261718,64,2,1,0,0,0.21875,image,0,0,0,1,0,1,1,0,0,0,57,7.968607086603963,6.398885573360393,0.36494785876645375,0.012247839942018286,256,13,0,0,0,0,0,0,0,2,0,0,0,0.010076591538569551,0
1,mitra,image_anomaly_mitra,1470,met_43374_primary_000__marker_zip_001__001.0a3bbada..jpg..zip,data/raw/image_anomaly/anomalous/mitra/files/jpg/met_43374_primary_000/a39fbc1b642454510a29/met_43374_primary_000__marker_zip_001__001.0a3bbada..jpg..zip,3015373,61,2,1,0,0,0.22950819672131148,archive,0,0,0,1,0,1,0,1,0,0,48,7.9647351922917276,6.245326434939865,0.3616637145719617,0.013245790819245248,256,13,0,0,0,0,0,0,0,0,0,0,0,0.0,0
1,mitra,image_anomaly_mitra,1471,met_43374_primary_000__marker_zip_001__002.19bc4685..zip..jpg,data/raw/image_anomaly/anomalous/mitra/files/jpg/met_43374_primary_000/a39fbc1b642454510a29/met_43374_primary_000__marker_zip_001__002.19bc4685..zip..jpg,3015369,61,2,1,0,0,0.22950819672131148,image,0,0,0,1,0,1,1,0,0,0,48,7.964735353703821,6.396433701689231,0.3616638626980645,0.013245808390283246,256,13,0,0,0,0,0,0,0,2,0,0,0,0.0007120189933636646,0
1,mitra,image_anomaly_mitra,1472,met_43374_primary_000__marker_pdf_001__001.a84717a5..jpg..pdf,data/raw/image_anomaly/anomalous/mitra/files/jpg/met_43374_primary_000/a5f500080f515cdf6b1c/met_43374_primary_000__marker_pdf_001__001.a84717a5..jpg..pdf,3016868,61,2,1,0,0,0.22950819672131148,document,0,0,0,0,0,1,0,1,0,0,47,7.964877507313188,5.250824256483538,0.36208511608727995,0.01321005758289723,256,13,0,0,0,0,0,0,0,0,0,0,0,0.0,0
1,mitra,image_anomaly_mitra,1473,met_43374_primary_000__marker_pdf_002__001.753be696..jpg..pdf,data/raw/image_anomaly/anomalous/mitra/files/jpg/met_43374_primary_000/af018f59b176016472ff/met_43374_primary_000__marker_pdf_002__001.753be696..jpg..pdf,3018659,61,2,1,0,0,0.22950819672131148,document,0,0,0,0,0,1,0,1,0,0,47,7.964951831449856,5.072845754531357,0.362451008875133,0.013202219926132764,256,13,0,0,0,0,0,0,0,0,0,0,0,0.0,0
1,mitra,image_anomaly_mitra,1474,met_43374_primary_000__marker_zip_002__001.0e9355bd..jpg..zip,data/raw/image_anomaly/anomalous/mitra/files/jpg/met_43374_primary_000/d238c5365bf6be60c18c/met_43374_primary_000__marker_zip_002__001.0e9355bd..jpg..zip,3047859,61,2,1,0,0,0.22950819672131148,archive,0,0,0,1,0,1,0,1,0,0,48,7.965448498119492,7.988340858219542,0.3617887179164128,0.01314791793189908,256,13,0,0,0,0,0,0,0,0,0,0,0,0.0,0
1,mitra,image_anomaly_mitra,1475,met_43374_primary_000__marker_zip_002__002.3b24a26b..zip..jpg,data/raw/image_anomaly/anomalous/mitra/files/jpg/met_43374_primary_000/d238c5365bf6be60c18c/met_43374_primary_000__marker_zip_002__002.3b24a26b..zip..jpg,3047855,61,2,1,0,0,0.22950819672131148,image,0,0,0,1,0,1,1,0,0,0,48,7.965448280976565,6.396433701689231,0.3617888646277464,0.013147935187205428,256,13,0,0,0,0,0,0,0,2,0,0,0,0.010783649484637557,0
1,mitra,image_anomaly_mitra,1476,met_435941_primary_000__marker_pdf_002__001.7ac035e2..jpg..pdf,data/raw/image_anomaly/anomalous/mitra/files/jpg/met_435941_primary_000/1093453bc4fb821b5fe9/met_435941_primary_000__marker_pdf_002__001.7ac035e2..jpg..pdf,3771826,62,2,1,0,0,0.22580645161290322,document,0,0,0,0,0,1,0,1,0,0,56,7.982021941691314,5.072845754531357,0.37873963433095803,0.00854148627216632,256,23,0,0,0,0,0,0,0,0,0,0,0,0.0,0
1,mitra,image_anomaly_mitra,1477,met_435941_primary_000__marker_zip_001__001.70f8d25c..jpg..zip,data/raw/image_anomaly/anomalous/mitra/files/jpg/met_435941_primary_000/120120a02add5f298b45/met_435941_primary_000__marker_zip_001__001.70f8d25c..jpg..zip,3768540,62,2,1,0,0,0.22580645161290322,archive,0,0,0,1,0,1,0,1,0,0,57,7.98201686128751,5.219181896651915,0.3781238888269728,0.008572285288201796,256,23,0,0,0,0,0,0,0,0,0,0,0,0.0,0
1,mitra,image_anomaly_mitra,1478,met_435941_primary_000__marker_zip_001__002.13f0f498..zip..jpg,data/raw/image_anomaly/anomalous/mitra/files/jpg/met_435941_primary_000/120120a02add5f298b45/met_435941_primary_000__marker_zip_001__002.13f0f498..zip..jpg,3768536,62,2,1,0,0,0.22580645161290322,image,0,0,0,1,0,1,1,0,0,0,57,7.982016476662977,4.740744881159931,0.3781240248202485,0.008572294386998029,256,23,0,0,0,0,0,0,0,2,0,0,0,0.0005697172589037229,0
1,mitra,image_anomaly_mitra,1479,met_435941_primary_000__marker_zip_002__001.d261160f..jpg..zip,data/raw/image_anomaly/anomalous/mitra/files/jpg/met_435941_primary_000/1c862e5e39c99610b918/met_435941_primary_000__marker_zip_002__001.d261160f..jpg..zip,3801026,62,2,1,0,0,0.22580645161290322,archive,0,0,0,1,0,1,0,1,0,0,57,7.982313011901847,7.988340858219542,0.37808344378596725,0.008533748519478688,256,23,0,0,0,0,0,0,0,0,0,0,0,0.0,0
1,mitra,image_anomaly_mitra,1480,met_435941_primary_000__marker_zip_002__002.9767530c..zip..jpg,data/raw/image_anomaly/anomalous/mitra/files/jpg/met_435941_primary_000/1c862e5e39c99610b918/met_435941_primary_000__marker_zip_002__002.9767530c..zip..jpg,3801022,62,2,1,0,0,0.22580645161290322,image,0,0,0,1,0,1,1,0,0,0,57,7.9823127914964225,4.740744881159931,0.37808357857439395,0.008533757499956591,256,23,0,0,0,0,0,0,0,2,0,0,0,0.008646884969358242,0
1,mitra,image_anomaly_mitra,1481,met_435941_primary_000__marker_pdf_001__001.31dbb6cd..jpg..pdf,data/raw/image_anomaly/anomalous/mitra/files/jpg/met_435941_primary_000/368f1e3be887e444dd69/met_435941_primary_000__marker_pdf_001__001.31dbb6cd..jpg..pdf,3770035,62,2,1,0,0,0.22580645161290322,document,0,0,0,0,0,1,0,1,0,0,56,7.982030507257489,5.250824256483538,0.37845457668164884,0.008545544006885878,256,23,0,0,0,0,0,0,0,0,0,0,0,0.0,0
1,mitra,image_anomaly_mitra,1482,met_436102_primary_000__marker_pdf_002__001.2641fa34..jpg..pdf,data/raw/image_anomaly/anomalous/mitra/files/jpg/met_436102_primary_000/1606ed5b6e638e64eae4/met_436102_primary_000__marker_pdf_002__001.2641fa34..jpg..pdf,3585906,62,2,1,0,0,0.22580645161290322,document,0,0,0,0,0,1,0,1,0,0,62,7.980611642839541,5.072845754531357,0.37222392332648985,0.010241484299923088,256,14,0,0,0,0,0,0,0,0,0,0,0,0.0,0
1,mitra,image_anomaly_mitra,1483,met_436102_primary_000__marker_zip_002__001.f9ef558b..jpg..zip,data/raw/image_anomaly/anomalous/mitra/files/jpg/met_436102_primary_000/51eb02f636ece9c8f4c0/met_436102_primary_000__marker_zip_002__001.f9ef558b..jpg..zip,3615106,62,2,1,0,0,0.22580645161290322,archive,0,0,0,1,0,1,0,1,0,0,63,7.980870377838482,7.988340858219542,0.3715866146110239,0.010219617350086,256,14,0,0,0,0,0,0,0,0,0,0,0,0.0,0
1,mitra,image_anomaly_mitra,1484,met_436102_primary_000__marker_zip_002__002.f5a0d8a1..zip..jpg,data/raw/image_anomaly/anomalous/mitra/files/jpg/met_436102_primary_000/51eb02f636ece9c8f4c0/met_436102_primary_000__marker_zip_002__002.f5a0d8a1..zip..jpg,3615102,62,2,1,0,0,0.22580645161290322,image,0,0,0,1,0,1,1,0,0,0,63,7.980870484774683,6.345960781163647,0.3715867491429011,0.010219628657780611,256,14,0,0,0,0,0,0,0,2,0,0,0,0.009091583031405476,0
1,mitra,image_anomaly_mitra,1485,met_436102_primary_000__marker_pdf_001__001.57f25d11..jpg..pdf,data/raw/image_anomaly/anomalous/mitra/files/jpg/met_436102_primary_000/9a4019e092484cbec64e/met_436102_primary_000__marker_pdf_001__001.57f25d11..jpg..pdf,3584115,62,2,1,0,0,0.22580645161290322,document,0,0,0,0,0,1,0,1,0,0,62,7.980596215602454,5.250824256483538,0.37192082285306133,0.010246602020303478,256,14,0,0,0,0,0,0,0,0,0,0,0,0.0,0
1,mitra,image_anomaly_mitra,1486,met_436102_primary_000__marker_zip_001__001.0b1ce3cf..jpg..zip,data/raw/image_anomaly/anomalous/mitra/files/jpg/met_436102_primary_000/f54dde30b6bcf873dbf4/met_436102_primary_000__marker_zip_001__001.0b1ce3cf..jpg..zip,3582620,62,2,1,0,0,0.22580645161290322,archive,0,0,0,1,0,1,0,1,0,0,63,7.980536084822211,6.181014642052195,0.3715702474725201,0.010275440878463247,256,14,0,0,0,0,0,0,0,0,0,0,0,0.0,0
1,mitra,image_anomaly_mitra,1487,met_436102_primary_000__marker_zip_001__002.8032f900..zip..jpg,data/raw/image_anomaly/anomalous/mitra/files/jpg/met_436102_primary_000/f54dde30b6bcf873dbf4/met_436102_primary_000__marker_zip_001__002.8032f900..zip..jpg,3582616,62,2,1,0,0,0.22580645161290322,image,0,0,0,1,0,1,1,0,0,0,63,7.980536149772667,6.345960781163647,0.3715703832060148,0.010275452351019478,256,14,0,0,0,0,0,0,0,2,0,0,0,0.0005992827587438899,0
1,mitra,image_anomaly_mitra,1488,met_443334_primary_000__marker_zip_001__001.1366e102..jpg..zip,data/raw/image_anomaly/anomalous/mitra/files/jpg/met_443334_primary_000/55fe877094f386b32688/met_443334_primary_000__marker_zip_001__001.1366e102..jpg..zip,949095,62,2,1,0,0,0.22580645161290322,archive,0,0,0,1,0,1,0,1,0,0,29,7.959919168181317,3.4693410729713956,0.384509453742776,0.00889795015251371,256,6,0,1,1,0,0,1,2,0,0,0,0,0.0,0
1,mitra,image_anomaly_mitra,1489,met_443334_primary_000__marker_zip_001__002.8038720a..zip..jpg,data/raw/image_anomaly/anomalous/mitra/files/jpg/met_443334_primary_000/55fe877094f386b32688/met_443334_primary_000__marker_zip_001__002.8038720a..zip..jpg,949091,62,2,1,0,0,0.22580645161290322,image,0,0,0,1,0,1,1,0,0,0,29,7.959915186592526,3.480877333088124,0.38451002064080264,0.008897987653449459,256,6,0,1,1,0,0,1,2,2,0,0,0,0.002262164534275428,0
1,mitra,image_anomaly_mitra,1490,met_443334_primary_000__marker_zip_002__001.548dcccb..jpg..zip,data/raw/image_anomaly/anomalous/mitra/files/jpg/met_443334_primary_000/57120c82209cb148d8b6/met_443334_primary_000__marker_zip_002__001.548dcccb..jpg..zip,981581,62,2,1,0,0,0.22580645161290322,archive,0,0,0,1,0,1,0,1,0,0,29,7.962561259734778,7.988340858219542,0.38414150233144284,0.008737944194111337,256,6,0,1,1,0,0,1,2,0,0,0,0,0.0,0
1,mitra,image_anomaly_mitra,1491,met_443334_primary_000__marker_zip_002__002.37c822e6..zip..jpg,data/raw/image_anomaly/anomalous/mitra/files/jpg/met_443334_primary_000/57120c82209cb148d8b6/met_443334_primary_000__marker_zip_002__002.37c822e6..zip..jpg,981577,62,2,1,0,0,0.22580645161290322,image,0,0,0,1,0,1,1,0,0,0,29,7.962558661926111,3.480877333088124,0.38414204896814,0.008737979801890224,256,6,0,1,1,0,0,1,2,2,0,0,0,0.033483873399641595,0
1,mitra,image_anomaly_mitra,1492,met_443334_primary_000__marker_pdf_001__001.7ed1b3ad..jpg..pdf,data/raw/image_anomaly/anomalous/mitra/files/jpg/met_443334_primary_000/bb90834c8220715a1241/met_443334_primary_000__marker_pdf_001__001.7ed1b3ad..jpg..pdf,950590,62,2,1,0,0,0.22580645161290322,document,0,0,0,0,0,1,0,1,0,0,28,7.9599063406107495,5.250824256483538,0.38581091743022755,0.008791382194216223,256,6,0,1,1,0,0,1,2,0,0,0,0,0.0,0
1,mitra,image_anomaly_mitra,1493,met_443334_primary_000__marker_pdf_002__001.189f6c4a..jpg..pdf,data/raw/image_anomaly/anomalous/mitra/files/jpg/met_443334_primary_000/cde91cfff9042ef3e14c/met_443334_primary_000__marker_pdf_002__001.189f6c4a..jpg..pdf,952381,62,2,1,0,0,0.22580645161290322,document,0,0,0,0,0,1,0,1,0,0,28,7.959822768146689,5.072845754531357,0.38692603065369846,0.008774849561257523,256,6,0,1,1,0,0,1,2,0,0,0,0,0.0,0
1,mitra,image_anomaly_mitra,1494,met_443877_primary_000__marker_zip_001__001.c05c6dd6..jpg..zip,data/raw/image_anomaly/anomalous/mitra/files/jpg/met_443877_primary_000/307d8df9c9ed7226ed93/met_443877_primary_000__marker_zip_001__001.c05c6dd6..jpg..zip,2632000,62,2,1,0,0,0.22580645161290322,archive,0,0,0,1,0,1,0,1,0,0,30,7.9642074005908094,4.627925932804202,0.36239475683890576,0.01135676291793313,256,9,0,0,1,0,0,0,1,0,0,0,0,0.0,0
1,mitra,image_anomaly_mitra,1495,met_443877_primary_000__marker_zip_001__002.b364e963..zip..jpg,data/raw/image_anomaly/anomalous/mitra/files/jpg/met_443877_primary_000/307d8df9c9ed7226ed93/met_443877_primary_000__marker_zip_001__002.b364e963..zip..jpg,2631996,62,2,1,0,0,0.22580645161290322,image,0,0,0,1,0,1,1,0,0,0,30,7.964207029120697,3.385795423450077,0.3623949276518657,0.011356780177477474,256,9,0,0,1,0,0,0,1,2,0,0,0,0.0008157307229950197,0
1,mitra,image_anomaly_mitra,1496,met_443877_primary_000__marker_pdf_002__001.1f9af2f4..jpg..pdf,data/raw/image_anomaly/anomalous/mitra/files/jpg/met_443877_primary_000/582c5cf6a71520a53361/met_443877_primary_000__marker_pdf_002__001.1f9af2f4..jpg..pdf,2635286,62,2,1,0,0,0.22580645161290322,document,0,0,0,0,0,1,0,1,0,0,29,7.964364021474965,5.072845754531357,0.3632956726518488,0.011309208943545406,256,9,0,0,1,0,0,0,1,0,0,0,0,0.0,0
1,mitra,image_anomaly_mitra,1497,met_443877_primary_000__marker_zip_002__001.041b38c5..jpg..zip,data/raw/image_anomaly/anomalous/mitra/files/jpg/met_443877_primary_000/5b90dedb1c49422c79ae/met_443877_primary_000__marker_zip_002__001.041b38c5..jpg..zip,2664486,62,2,1,0,0,0.22580645161290322,archive,0,0,0,1,0,1,0,1,0,0,30,7.965053119010758,7.988340858219542,0.3625288329531474,0.011267839275567595,256,9,0,0,1,0,0,0,1,0,0,0,0,0.0,0
1,mitra,image_anomaly_mitra,1498,met_443877_primary_000__marker_zip_002__002.e9fcae22..zip..jpg,data/raw/image_anomaly/anomalous/mitra/files/jpg/met_443877_primary_000/5b90dedb1c49422c79ae/met_443877_primary_000__marker_zip_002__002.e9fcae22..zip..jpg,2664482,62,2,1,0,0,0.22580645161290322,image,0,0,0,1,0,1,1,0,0,0,30,7.965052740779706,3.385795423450077,0.36252900188479414,0.011267856191184629,256,9,0,0,1,0,0,0,1,2,0,0,0,0.012335230637699935,0
1,mitra,image_anomaly_mitra,1499,met_443877_primary_000__marker_pdf_001__001.7458602d..jpg..pdf,data/raw/image_anomaly/anomalous/mitra/files/jpg/met_443877_primary_000/61a4ce2d7c903d6ad035/met_443877_primary_000__marker_pdf_001__001.7458602d..jpg..pdf,2633495,62,2,1,0,0,0.22580645161290322,document,0,0,0,0,0,1,0,1,0,0,29,7.964307709915431,5.250824256483538,0.36287708919135975,0.01131690016498987,256,9,0,0,1,0,0,0,1,0,0,0,0,0.0,0
1,mitra,image_anomaly_mitra,1500,met_444554_primary_000__marker_zip_002__001.62dc7cc9..jpg..zip,data/raw/image_anomaly/anomalous/mitra/files/jpg/met_444554_primary_000/70a6e8cdbcab4fcde910/met_444554_primary_000__marker_zip_002__001.62dc7cc9..jpg..zip,1425980,62,2,1,0,0,0.22580645161290322,archive,0,0,0,1,0,1,0,1,0,0,22,7.944231443724838,7.988340858219542,0.3706293215893631,0.01523513653767935,256,18,0,0,0,0,0,0,0,0,0,0,0,0.0,0
1,mitra,image_anomaly_mitra,1501,met_444554_primary_000__marker_zip_002__002.e405f3cd..zip..jpg,data/raw/image_anomaly/anomalous/mitra/files/jpg/met_444554_primary_000/70a6e8cdbcab4fcde910/met_444554_primary_000__marker_zip_002__002.e405f3cd..zip..jpg,1425976,62,2,1,0,0,0.22580645161290322,image,0,0,0,1,0,1,1,0,0,0,22,7.944231138129972,4.950789948183014,0.37062965996622665,0.015235179273704467,256,18,0,0,0,0,0,0,0,2,0,0,0,0.023048775014446247,0
1,mitra,image_anomaly_mitra,1502,met_444554_primary_000__marker_zip_001__001.ddb58adc..jpg..zip,data/raw/image_anomaly/anomalous/mitra/files/jpg/met_444554_primary_000/8633fd1e99a759b03190/met_444554_primary_000__marker_zip_001__001.ddb58adc..jpg..zip,1393494,62,2,1,0,0,0.22580645161290322,archive,0,0,0,1,0,1,0,1,0,0,22,7.941728992357948,5.652650877911211,0.37056492528851936,0.015495581609967463,256,18,0,0,0,0,0,0,0,0,0,0,0,0.0,0
1,mitra,image_anomaly_mitra,1503,met_444554_primary_000__marker_zip_001__002.e2a0f51b..zip..jpg,data/raw/image_anomaly/anomalous/mitra/files/jpg/met_444554_primary_000/8633fd1e99a759b03190/met_444554_primary_000__marker_zip_001__002.e2a0f51b..zip..jpg,1393490,62,2,1,0,0,0.22580645161290322,image,0,0,0,1,0,1,1,0,0,0,22,7.94172844888234,4.950789948183014,0.37056527136900874,0.015495626089889414,256,18,0,0,0,0,0,0,0,2,0,0,0,0.0015407358502752082,0
1,mitra,image_anomaly_mitra,1504,met_444554_primary_000__marker_pdf_002__001.a0aaacca..jpg..pdf,data/raw/image_anomaly/anomalous/mitra/files/jpg/met_444554_primary_000/a3775664cc498745028a/met_444554_primary_000__marker_pdf_002__001.a0aaacca..jpg..pdf,1396780,62,2,1,0,0,0.22580645161290322,document,0,0,0,0,0,1,0,1,0,0,21,7.94201941195419,5.072845754531357,0.3722454502498604,0.015396125374074657,256,18,0,0,0,0,0,0,0,0,0,0,0,0.0,0
1,mitra,image_anomaly_mitra,1505,met_444554_primary_000__marker_pdf_001__001.016cbc8e..jpg..pdf,data/raw/image_anomaly/anomalous/mitra/files/jpg/met_444554_primary_000/bd9abe027fc927e17991/met_444554_primary_000__marker_pdf_001__001.016cbc8e..jpg..pdf,1394989,62,2,1,0,0,0.22580645161290322,document,0,0,0,0,0,1,0,1,0,0,21,7.941913925721414,5.250824256483538,0.3714667284114785,0.015415892168325342,256,18,0,0,0,0,0,0,0,0,0,0,0,0.0,0
1,mitra,image_anomaly_mitra,1506,met_444817_primary_000__marker_zip_001__001.daf51725..jpg..zip,data/raw/image_anomaly/anomalous/mitra/files/jpg/met_444817_primary_000/4839c324c0e9973b3e87/met_444817_primary_000__marker_zip_001__001.daf51725..jpg..zip,210818,62,2,1,0,0,0.22580645161290322,archive,0,0,0,1,0,1,0,1,0,0,6,7.98056002381903,7.708172673615155,0.36276314166722007,0.008633038924570008,256,0,0,1,0,0,0,1,1,0,0,0,0,0.0,0
1,mitra,image_anomaly_mitra,1507,met_444817_primary_000__marker_zip_001__002.72a835ca..zip..jpg,data/raw/image_anomaly/anomalous/mitra/files/jpg/met_444817_primary_000/4839c324c0e9973b3e87/met_444817_primary_000__marker_zip_001__002.72a835ca..zip..jpg,210814,62,2,1,0,0,0.22580645161290322,image,0,0,0,1,0,1,1,0,0,0,6,7.98055765487402,7.782547192479922,0.3627652812431812,0.008633202728471543,256,0,0,1,0,0,0,1,1,2,0,0,0,0.010184333108806816,0
1,mitra,image_anomaly_mitra,1508,met_444817_primary_000__marker_pdf_002__001.a2313226..jpg..pdf,data/raw/image_anomaly/anomalous/mitra/files/jpg/met_444817_primary_000/b9ee7161690c86973d17/met_444817_primary_000__marker_pdf_002__001.a2313226..jpg..pdf,214104,62,2,1,0,0,0.22580645161290322,document,0,0,0,0,0,1,0,1,0,0,5,7.9812697651301265,5.072845754531357,0.3738463550424093,0.008089526585210926,256,0,0,1,0,0,0,1,1,0,0,0,0,0.0,0
1,mitra,image_anomaly_mitra,1509,met_444817_primary_000__marker_zip_002__001.d949d4fb..jpg..zip,data/raw/image_anomaly/anomalous/mitra/files/jpg/met_444817_primary_000/eb40968cc9a6afeca25d/met_444817_primary_000__marker_zip_002__001.d949d4fb..jpg..zip,243304,62,2,1,0,0,0.22580645161290322,archive,0,0,0,1,0,1,0,1,0,0,6,7.985421315345165,7.988340858219542,0.364182257587216,0.008022884950514583,256,0,0,1,0,0,0,1,1,0,0,0,0,0.0,0
1,mitra,image_anomaly_mitra,1510,met_444817_primary_000__marker_zip_002__002.d7d38509..zip..jpg,data/raw/image_anomaly/anomalous/mitra/files/jpg/met_444817_primary_000/eb40968cc9a6afeca25d/met_444817_primary_000__marker_zip_002__002.d7d38509..zip..jpg,243300,62,2,1,0,0,0.22580645161290322,image,0,0,0,1,0,1,1,0,0,0,6,7.98542010976531,7.782547192479922,0.36418413481298806,0.00802301685162351,256,0,0,1,0,0,0,1,1,2,0,0,0,0.13508836826962597,0
1,mitra,image_anomaly_mitra,1511,met_444817_primary_000__marker_pdf_001__001.960e2bc0..jpg..pdf,data/raw/image_anomaly/anomalous/mitra/files/jpg/met_444817_primary_000/f29086b5d46d4ce15d8a/met_444817_primary_000__marker_pdf_001__001.960e2bc0..jpg..pdf,212313,62,2,1,0,0,0.22580645161290322,document,0,0,0,0,0,1,0,1,0,0,5,7.981267155473191,5.250824256483538,0.36874331764894286,0.008157767070315996,256,0,0,1,0,0,0,1,1,0,0,0,0,0.0,0
1,mitra,image_anomaly_mitra,1512,met_445164_additional_001__marker_pdf_002__001.31c1fa55..jpg..pdf,data/raw/image_anomaly/anomalous/mitra/files/jpg/met_445164_additional_001/1bbed14e03ef733125c6/met_445164_additional_001__marker_pdf_002__001.31c1fa55..jpg..pdf,3379790,65,2,1,0,0,0.2153846153846154,document,0,0,0,0,0,1,0,1,0,0,23,7.960571029671425,5.072845754531357,0.3670976599137816,0.014172182295349712,256,18,0,0,0,0,0,0,0,0,0,0,0,0.0,0
1,mitra,image_anomaly_mitra,1513,met_445164_additional_001__marker_zip_001__001.2424a205..jpg..zip,data/raw/image_anomaly/anomalous/mitra/files/jpg/met_445164_additional_001/3bbf055fb0f00260109a/met_445164_additional_001__marker_zip_001__001.2424a205..jpg..zip,3376504,65,2,1,0,0,0.2153846153846154,archive,0,0,0,1,0,1,0,1,0,0,24,7.960469174873776,5.657420439014271,0.3663990920786707,0.014212037065556564,256,18,0,0,0,0,0,0,0,0,0,0,0,0.0,0
1,mitra,image_anomaly_mitra,1514,met_445164_additional_001__marker_zip_001__002.16a0ee17..zip..jpg,data/raw/image_anomaly/anomalous/mitra/files/jpg/met_445164_additional_001/3bbf055fb0f00260109a/met_445164_additional_001__marker_zip_001__002.16a0ee17..zip..jpg,3376500,65,2,1,0,0,0.2153846153846154,image,0,0,0,1,0,1,1,0,0,0,24,7.960468926799433,4.956033627604795,0.36639922997186436,0.014212053901969494,256,18,0,0,0,0,0,0,0,2,0,0,0,0.00063586554124093,0
1,mitra,image_anomaly_mitra,1515,met_445164_additional_001__marker_zip_002__001.3842673e..jpg..zip,data/raw/image_anomaly/anomalous/mitra/files/jpg/met_445164_additional_001/c43c058f954c01cc008d/met_445164_additional_001__marker_zip_002__001.3842673e..jpg..zip,3408990,65,2,1,0,0,0.2153846153846154,archive,0,0,0,1,0,1,0,1,0,0,24,7.961178062093133,7.988340858219542,0.3664657273855306,0.014115324480271283,256,18,0,0,0,0,0,0,0,0,0,0,0,0.0,0
1,mitra,image_anomaly_mitra,1516,met_445164_additional_001__marker_zip_002__002.91629e5d..zip..jpg,data/raw/image_anomaly/anomalous/mitra/files/jpg/met_445164_additional_001/c43c058f954c01cc008d/met_445164_additional_001__marker_zip_002__002.91629e5d..zip..jpg,3408986,65,2,1,0,0,0.2153846153846154,image,0,0,0,1,0,1,1,0,0,0,24,7.961177792960078,4.956033627604795,0.36646586404285614,0.01411534104276169,256,18,0,0,0,0,0,0,0,2,0,0,0,0.009641283361093298,0
1,mitra,image_anomaly_mitra,1517,met_445164_additional_001__marker_pdf_001__001.0a26c3d4..jpg..pdf,data/raw/image_anomaly/anomalous/mitra/files/jpg/met_445164_additional_001/ee81c76c5919e258570d/met_445164_additional_001__marker_pdf_001__001.0a26c3d4..jpg..pdf,3377999,65,2,1,0,0,0.2153846153846154,document,0,0,0,0,0,1,0,1,0,0,23,7.960536853378101,5.250824256483538,0.36677334717979493,0.014179696323178307,256,18,0,0,0,0,0,0,0,0,0,0,0,0.0,0
1,mitra,image_anomaly_mitra,1518,met_445164_additional_002__marker_pdf_002__001.8a27798f..jpg..pdf,data/raw/image_anomaly/anomalous/mitra/files/jpg/met_445164_additional_002/2095cf0ca94640b0bea2/met_445164_additional_002__marker_pdf_002__001.8a27798f..jpg..pdf,1573952,65,2,1,0,0,0.2153846153846154,document,0,0,0,0,0,1,0,1,0,0,11,7.948532163947442,5.072845754531357,0.36925268369048103,0.01611612044077583,256,18,0,0,0,0,0,0,0,0,0,0,0,0.0,0
1,mitra,image_anomaly_mitra,1519,met_445164_additional_002__marker_zip_002__001.b60913d7..jpg..zip,data/raw/image_anomaly/anomalous/mitra/files/jpg/met_445164_additional_002/6a8f898c975a9ad2ed27/met_445164_additional_002__marker_zip_002__001.b60913d7..jpg..zip,1603152,65,2,1,0,0,0.2153846153846154,archive,0,0,0,1,0,1,0,1,0,0,12,7.950300486100205,7.988340858219542,0.3678696717466591,0.01595980917592343,256,18,0,0,0,0,0,0,0,0,0,0,0,0.0,0
1,mitra,image_anomaly_mitra,1520,met_445164_additional_002__marker_zip_002__002.3c2a5e31..zip..jpg,data/raw/image_anomaly/anomalous/mitra/files/jpg/met_445164_additional_002/6a8f898c975a9ad2ed27/met_445164_additional_002__marker_zip_002__002.3c2a5e31..zip..jpg,1603148,65,2,1,0,0,0.2153846153846154,image,0,0,0,1,0,1,1,0,0,0,12,7.950299931147951,4.966832184318839,0.36786996584220544,0.015959848997098208,256,18,0,0,0,0,0,0,0,2,0,0,0,0.020501538223545175,0
1,mitra,image_anomaly_mitra,1521,met_445164_additional_002__marker_zip_001__001.bcb5136e..jpg..zip,data/raw/image_anomaly/anomalous/mitra/files/jpg/met_445164_additional_002/84dfa6070a3e03bb6c5e/met_445164_additional_002__marker_zip_001__001.bcb5136e..jpg..zip,1570666,65,2,1,0,0,0.2153846153846154,archive,0,0,0,1,0,1,0,1,0,0,12,7.948359439349695,5.66686976795448,0.3677554616958666,0.01620586426394918,256,18,0,0,0,0,0,0,0,0,0,0,0,0.0,0
1,mitra,image_anomaly_mitra,1522,met_445164_additional_002__marker_zip_001__002.a4cdf245..zip..jpg,data/raw/image_anomaly/anomalous/mitra/files/jpg/met_445164_additional_002/84dfa6070a3e03bb6c5e/met_445164_additional_002__marker_zip_001__002.a4cdf245..zip..jpg,1570662,65,2,1,0,0,0.2153846153846154,image,0,0,0,1,0,1,1,0,0,0,12,7.948358841540711,4.966832184318839,0.3677557615833324,0.01620590553537298,256,18,0,0,0,0,0,0,0,2,0,0,0,0.0013669395452363398,0
1,mitra,image_anomaly_mitra,1523,met_445164_additional_002__marker_pdf_001__001.8b068066..jpg..pdf,data/raw/image_anomaly/anomalous/mitra/files/jpg/met_445164_additional_002/bac5a4a5fd4ab02fdc0d/met_445164_additional_002__marker_pdf_001__001.8b068066..jpg..pdf,1572161,65,2,1,0,0,0.2153846153846154,document,0,0,0,0,0,1,0,1,0,0,11,7.948473697805688,5.250824256483538,0.3685583092316881,0.01613447986561173,256,18,0,0,0,0,0,0,0,0,0,0,0,0.0,0
1,mitra,image_anomaly_mitra,1524,met_445164_additional_003__marker_pdf_002__001.14f10e35..jpg..pdf,data/raw/image_anomaly/anomalous/mitra/files/jpg/met_445164_additional_003/28ee60c0eb20c715056c/met_445164_additional_003__marker_pdf_002__001.14f10e35..jpg..pdf,211997,65,2,1,0,0,0.2153846153846154,document,0,0,0,0,0,1,0,1,0,0,4,7.935344672191638,5.072845754531357,0.41248696915522387,0.005547248310117596,256,6,0,1,0,0,0,1,1,0,0,0,0,0.0,0
1,mitra,image_anomaly_mitra,1525,met_445164_additional_003__marker_zip_001__001.817dff0e..jpg..zip,data/raw/image_anomaly/anomalous/mitra/files/jpg/met_445164_additional_003/34db5c3b020abc4bbd46/met_445164_additional_003__marker_zip_001__001.817dff0e..jpg..zip,208711,65,2,1,0,0,0.2153846153846154,archive,0,0,0,1,0,1,0,1,0,0,5,7.938926809664573,3.4657003474131596,0.4019002352535324,0.006056221282059882,256,6,0,1,0,0,0,1,1,0,0,0,0,0.0,0
1,mitra,image_anomaly_mitra,1526,met_445164_additional_003__marker_zip_001__002.e7687e4b..zip..jpg,data/raw/image_anomaly/anomalous/mitra/files/jpg/met_445164_additional_003/34db5c3b020abc4bbd46/met_445164_additional_003__marker_zip_001__002.e7687e4b..zip..jpg,208707,65,2,1,0,0,0.2153846153846154,image,0,0,0,1,0,1,1,0,0,0,5,7.938899810502364,3.4781501321874893,0.4019031465164082,0.006056337353323079,256,6,0,1,0,0,0,1,1,2,0,0,0,0.01028714896960811,0
1,mitra,image_anomaly_mitra,1527,met_445164_additional_003__marker_zip_002__001.2c81bccc..jpg..zip,data/raw/image_anomaly/anomalous/mitra/files/jpg/met_445164_additional_003/bc6c564f3ba01055189f/met_445164_additional_003__marker_zip_002__001.2c81bccc..jpg..zip,241197,65,2,1,0,0,0.2153846153846154,archive,0,0,0,1,0,1,0,1,0,0,5,7.954224838050702,7.988340858219542,0.3980605065568809,0.005787800014096361,256,6,0,1,0,0,0,1,1,0,0,0,0,0.0,0
1,mitra,image_anomaly_mitra,1528,met_445164_additional_003__marker_zip_002__002.cff092e5..zip..jpg,data/raw/image_anomaly/anomalous/mitra/files/jpg/met_445164_additional_003/bc6c564f3ba01055189f/met_445164_additional_003__marker_zip_002__002.cff092e5..zip..jpg,241193,65,2,1,0,0,0.2153846153846154,image,0,0,0,1,0,1,1,0,0,0,5,7.954211737504483,3.4781501321874893,0.3980629620262611,0.005787896000298516,256,6,0,1,0,0,0,1,1,2,0,0,0,0.13626846550273017,0
1,mitra,image_anomaly_mitra,1529,met_445164_additional_003__marker_pdf_001__001.c661afda..jpg..pdf,data/raw/image_anomaly/anomalous/mitra/files/jpg/met_445164_additional_003/e01035524888c2abbb7f/met_445164_additional_003__marker_pdf_001__001.c661afda..jpg..pdf,210206,65,2,1,0,0,0.2153846153846154,document,0,0,0,0,0,1,0,1,0,0,4,7.936843874599376,5.250824256483538,0.40766200774478367,0.0055945120500842035,256,6,0,1,0,0,0,1,1,0,0,0,0,0.0,0
1,mitra,image_anomaly_mitra,1530,met_445164_additional_004__marker_zip_001__001.3cfe973e..jpg..zip,data/raw/image_anomaly/anomalous/mitra/files/jpg/met_445164_additional_004/28b4896cb50caa1fabf0/met_445164_additional_004__marker_zip_001__001.3cfe973e..jpg..zip,161687,65,2,1,0,0,0.2153846153846154,archive,0,0,0,1,0,1,0,1,0,0,3,7.912030165175302,3.4657003474131596,0.3919177175654196,0.013173600846079154,256,6,0,1,0,0,0,1,1,0,0,0,0,0.0,0
1,mitra,image_anomaly_mitra,1531,met_445164_additional_004__marker_zip_001__002.7f7328a2..zip..jpg,data/raw/image_anomaly/anomalous/mitra/files/jpg/met_445164_additional_004/28b4896cb50caa1fabf0/met_445164_additional_004__marker_zip_001__002.7f7328a2..zip..jpg,161683,65,2,1,0,0,0.2153846153846154,image,0,0,0,1,0,1,1,0,0,0,3,7.9120037218210015,3.4765983462253818,0.39192122857690664,0.01317392675791518,256,6,0,1,0,0,0,1,1,2,0,0,0,0.013279070774292906,0
1,mitra,image_anomaly_mitra,1532,met_445164_additional_004__marker_pdf_001__001.5b34c00f..jpg..pdf,data/raw/image_anomaly/anomalous/mitra/files/jpg/met_445164_additional_004/7aa7332b8651e76d1416/met_445164_additional_004__marker_pdf_001__001.5b34c00f..jpg..pdf,163182,65,2,1,0,0,0.2153846153846154,document,0,0,0,0,0,1,0,1,0,0,2,7.910238167138725,5.250824256483538,0.39943130982583863,0.012513635082300745,256,6,0,1,0,0,0,1,1,0,0,0,0,0.0,0
1,mitra,image_anomaly_mitra,1533,met_445164_additional_004__marker_pdf_002__001.50a2c648..jpg..pdf,data/raw/image_anomaly/anomalous/mitra/files/jpg/met_445164_additional_004/b27d60877957767ab6f2/met_445164_additional_004__marker_pdf_002__001.50a2c648..jpg..pdf,164973,65,2,1,0,0,0.2153846153846154,document,0,0,0,0,0,1,0,1,0,0,2,7.908845220184513,5.072845754531357,0.4057209361531887,0.012377783031162675,256,6,0,1,0,0,0,1,1,0,0,0,0,0.0,0
1,mitra,image_anomaly_mitra,1534,met_445164_additional_004__marker_zip_002__001.be8c9f51..jpg..zip,data/raw/image_anomaly/anomalous/mitra/files/jpg/met_445164_additional_004/fcf12635a25f697fbc68/met_445164_additional_004__marker_zip_002__001.be8c9f51..jpg..zip,194173,65,2,1,0,0,0.2153846153846154,archive,0,0,0,1,0,1,0,1,0,0,3,7.937596481798286,7.988340858219542,0.3888182188048802,0.011649405427119116,256,6,0,1,0,0,0,1,1,0,0,0,0,0.0,0
1,mitra,image_anomaly_mitra,1535,met_445164_additional_004__marker_zip_002__002.e50b93a0..zip..jpg,data/raw/image_anomaly/anomalous/mitra/files/jpg/met_445164_additional_004/fcf12635a25f697fbc68/met_445164_additional_004__marker_zip_002__002.e50b93a0..zip..jpg,194169,65,2,1,0,0,0.2153846153846154,image,0,0,0,1,0,1,1,0,0,0,3,7.937585678110758,3.4765983462253818,0.3888210785449789,0.011649645411986466,256,6,0,1,0,0,0,1,1,2,0,0,0,0.16927006885754162,0
1,mitra,image_anomaly_mitra,1536,met_445164_primary_000__marker_pdf_002__001.a26b1f4c..jpg..pdf,data/raw/image_anomaly/anomalous/mitra/files/jpg/met_445164_primary_000/1ab245512b90a05ff91a/met_445164_primary_000__marker_pdf_002__001.a26b1f4c..jpg..pdf,173834,62,2,1,0,0,0.22580645161290322,document,0,0,0,0,0,1,0,1,0,0,9,7.929355198564078,5.072845754531357,0.4079178986849523,0.011643291876157714,256,6,0,1,0,0,0,1,1,0,0,0,0,0.0,0
1,mitra,image_anomaly_mitra,1537,met_445164_primary_000__marker_zip_002__001.8ab32039..jpg..zip,data/raw/image_anomaly/anomalous/mitra/files/jpg/met_445164_primary_000/1b48ff28b61031046c92/met_445164_primary_000__marker_zip_002__001.8ab32039..jpg..zip,203034,62,2,1,0,0,0.22580645161290322,archive,0,0,0,1,0,1,0,1,0,0,10,7.951643869754541,7.988340858219542,0.39143690219372124,0.011052336061940365,256,6,0,1,0,0,0,1,1,0,0,0,0,0.0,0
1,mitra,image_anomaly_mitra,1538,met_445164_primary_000__marker_zip_002__002.4a951c1d..zip..jpg,data/raw/image_anomaly/anomalous/mitra/files/jpg/met_445164_primary_000/1b48ff28b61031046c92/met_445164_primary_000__marker_zip_002__002.4a951c1d..zip..jpg,203030,62,2,1,0,0,0.22580645161290322,image,0,0,0,1,0,1,1,0,0,0,10,7.951633047830749,3.4750267538187902,0.3914396887159533,0.011052553809781806,256,6,0,1,0,0,0,1,1,2,0,0,0,0.16188248042161257,0
1,mitra,image_anomaly_mitra,1539,met_445164_primary_000__marker_zip_001__001.693c8b65..jpg..zip,data/raw/image_anomaly/anomalous/mitra/files/jpg/met_445164_primary_000/422dced2316b62da4368/met_445164_primary_000__marker_zip_001__001.693c8b65..jpg..zip,170548,62,2,1,0,0,0.22580645161290322,archive,0,0,0,1,0,1,0,1,0,0,10,7.932955634210443,3.4657003474131596,0.3948741703215517,0.012383610479161292,256,6,0,1,0,0,0,1,1,0,0,0,0,0.0,0
1,mitra,image_anomaly_mitra,1540,met_445164_primary_000__marker_zip_001__002.d5b520ba..zip..jpg,data/raw/image_anomaly/anomalous/mitra/files/jpg/met_445164_primary_000/422dced2316b62da4368/met_445164_primary_000__marker_zip_001__002.d5b520ba..zip..jpg,170544,62,2,1,0,0,0.22580645161290322,image,0,0,0,1,0,1,1,0,0,0,10,7.932930943195743,3.4750267538187902,0.39487756825218123,0.01238390092879257,256,6,0,1,0,0,0,1,1,2,0,0,0,0.012589126559714794,0
1,mitra,image_anomaly_mitra,1541,met_445164_primary_000__marker_pdf_001__001.e7886ad5..jpg..pdf,data/raw/image_anomaly/anomalous/mitra/files/jpg/met_445164_primary_000/84fc5a36807ab9dc10bf/met_445164_primary_000__marker_pdf_001__001.e7886ad5..jpg..pdf,172043,62,2,1,0,0,0.22580645161290322,document,0,0,0,0,0,1,0,1,0,0,9,7.931007757947302,5.250824256483538,0.401975087623443,0.011764500735281297,256,6,0,1,0,0,0,1,1,0,0,0,0,0.0,0
1,mitra,image_anomaly_mitra,1542,met_445318_primary_000__marker_zip_001__001.a3e64d43..jpg..zip,data/raw/image_anomaly/anomalous/mitra/files/jpg/met_445318_primary_000/6a6eef1162f8a0a1d597/met_445318_primary_000__marker_zip_001__001.a3e64d43..jpg..zip,177897,62,2,1,0,0,0.22580645161290322,archive,0,0,0,1,0,1,0,1,0,0,3,7.895794229151657,3.4692864857807857,0.3825303405903416,0.017673147945159277,256,6,0,1,0,0,0,1,1,0,0,0,0,0.0,0
1,mitra,image_anomaly_mitra,1543,met_445318_primary_000__marker_zip_001__002.3cd73ce3..zip..jpg,data/raw/image_anomaly/anomalous/mitra/files/jpg/met_445318_primary_000/6a6eef1162f8a0a1d597/met_445318_primary_000__marker_zip_001__002.3cd73ce3..zip..jpg,177893,62,2,1,0,0,0.22580645161290322,image,0,0,0,1,0,1,1,0,0,0,3,7.89578759690128,3.479375680910155,0.38253332059159156,0.01767354533343077,256,6,0,1,0,0,0,1,1,2,0,0,0,0.012069052745189523,0
1,mitra,image_anomaly_mitra,1544,met_445318_primary_000__marker_pdf_002__001.f84029da..jpg..pdf,data/raw/image_anomaly/anomalous/mitra/files/jpg/met_445318_primary_000/6d217d0143816ddeafab/met_445318_primary_000__marker_pdf_002__001.f84029da..jpg..pdf,181183,62,2,1,0,0,0.22580645161290322,document,0,0,0,0,0,1,0,1,0,0,2,7.893912069816971,5.072845754531357,0.39526887180364606,0.016866924601093923,256,6,0,1,0,0,0,1,1,0,0,0,0,0.0,0
1,mitra,image_anomaly_mitra,1545,met_445318_primary_000__marker_pdf_001__001.dedee934..jpg..pdf,data/raw/image_anomaly/anomalous/mitra/files/jpg/met_445318_primary_000/95f1c4a94637f2acadbe/met_445318_primary_000__marker_pdf_001__001.dedee934..jpg..pdf,179392,62,2,1,0,0,0.22580645161290322,document,0,0,0,0,0,1,0,1,0,0,2,7.894762080649394,5.250824256483538,0.3894432304673564,0.017035319300749197,256,6,0,1,0,0,0,1,1,0,0,0,0,0.0,0
1,mitra,image_anomaly_mitra,1546,met_445318_primary_000__marker_zip_002__001.7043283a..jpg..zip,data/raw/image_anomaly/anomalous/mitra/files/jpg/met_445318_primary_000/9e816aa4e1f0f4a08664/met_445318_primary_000__marker_zip_002__001.7043283a..jpg..zip,210383,62,2,1,0,0,0.22580645161290322,archive,0,0,0,1,0,1,0,1,0,0,3,7.922969240159072,7.988340858219542,0.3811191968932851,0.015571600366949802,256,6,0,1,0,0,0,1,1,0,0,0,0,0.0,0
1,mitra,image_anomaly_mitra,1547,met_445318_primary_000__marker_zip_002__002.a6239aba..zip..jpg,data/raw/image_anomaly/anomalous/mitra/files/jpg/met_445318_primary_000/9e816aa4e1f0f4a08664/met_445318_primary_000__marker_zip_002__002.a6239aba..zip..jpg,210379,62,2,1,0,0,0.22580645161290322,image,0,0,0,1,0,1,1,0,0,0,3,7.922965474241202,3.479375680910155,0.3811216899025093,0.015571896434530063,256,6,0,1,0,0,0,1,1,2,0,0,0,0.15622757024227704,0
1,mitra,image_anomaly_mitra,1548,met_445509_primary_000__marker_pdf_002__001.23fcc512..jpg..pdf,data/raw/image_anomaly/anomalous/mitra/files/jpg/met_445509_primary_000/536e91df710fa1d5cbfd/met_445509_primary_000__marker_pdf_002__001.23fcc512..jpg..pdf,109213,62,2,1,0,0,0.22580645161290322,document,0,0,0,0,0,1,0,1,0,0,5,7.952115301729799,5.072845754531357,0.3965736679699303,0.01067638467947955,256,0,0,1,0,0,0,1,1,0,0,0,0,0.0,0
1,mitra,image_anomaly_mitra,1549,met_445509_primary_000__marker_pdf_001__001.b97a0c84..jpg..pdf,data/raw/image_anomaly/anomalous/mitra/files/jpg/met_445509_primary_000/9d79920a08aeeb12c30a/met_445509_primary_000__marker_pdf_001__001.b97a0c84..jpg..pdf,107422,62,2,1,0,0,0.22580645161290322,document,0,0,0,0,0,1,0,1,0,0,5,7.954051592297212,5.250824256483538,0.386866749827782,0.010854387369440152,256,0,0,1,0,0,0,1,1,0,0,0,0,0.0,0
1,mitra,image_anomaly_mitra,1550,met_445509_primary_000__marker_zip_001__001.b7d950dc..jpg..zip,data/raw/image_anomaly/anomalous/mitra/files/jpg/met_445509_primary_000/c1e74de6e9e663fd2ccb/met_445509_primary_000__marker_zip_001__001.b7d950dc..jpg..zip,105927,62,2,1,0,0,0.22580645161290322,archive,0,0,0,1,0,1,0,1,0,0,6,7.954180849631612,7.658641393822043,0.3752206708393516,0.011838341499334448,256,0,0,1,0,0,0,1,1,0,0,0,0,0.0,0
1,mitra,image_anomaly_mitra,1551,met_445509_primary_000__marker_zip_001__002.37a329e9..zip..jpg,data/raw/image_anomaly/anomalous/mitra/files/jpg/met_445509_primary_000/c1e74de6e9e663fd2ccb/met_445509_primary_000__marker_zip_001__002.37a329e9..zip..jpg,105923,62,2,1,0,0,0.22580645161290322,image,0,0,0,1,0,1,1,0,0,0,6,7.954161668959785,7.668591204118024,0.3752253995827157,0.011838788553949568,256,0,0,1,0,0,0,1,1,2,0,0,0,0.020269441009034866,0
1,mitra,image_anomaly_mitra,1552,met_445509_primary_000__marker_zip_002__001.754b6bac..jpg..zip,data/raw/image_anomaly/anomalous/mitra/files/jpg/met_445509_primary_000/fa1a42b8fbc9862fc843/met_445509_primary_000__marker_zip_002__001.754b6bac..jpg..zip,138413,62,2,1,0,0,0.22580645161290322,archive,0,0,0,1,0,1,0,1,0,0,6,7.9729084182112455,7.988340858219542,0.374791385202257,0.010013510291663355,256,0,0,1,0,0,0,1,1,0,0,0,0,0.0,0
1,mitra,image_anomaly_mitra,1553,met_445509_primary_000__marker_zip_002__002.30813ed8..zip..jpg,data/raw/image_anomaly/anomalous/mitra/files/jpg/met_445509_primary_000/fa1a42b8fbc9862fc843/met_445509_primary_000__marker_zip_002__002.30813ed8..zip..jpg,138409,62,2,1,0,0,0.22580645161290322,image,0,0,0,1,0,1,1,0,0,0,6,7.97290132095065,7.668591204118024,0.37479499165516694,0.010013799680656604,256,0,0,1,0,0,0,1,1,2,0,0,0,0.23746288174901922,0
1,mitra,image_anomaly_mitra,1554,met_448895_additional_001__marker_zip_001__001.2f8e9ba6..jpg..zip,data/raw/image_anomaly/anomalous/mitra/files/jpg/met_448895_additional_001/62086d9b7b7e23ecb268/met_448895_additional_001__marker_zip_001__001.2f8e9ba6..jpg..zip,190576,65,2,1,0,0,0.2153846153846154,archive,0,0,0,1,0,1,0,1,0,0,5,7.911320827156684,3.471787008351612,0.39515993619343465,0.010630929392998069,256,6,0,1,0,0,0,1,1,0,0,0,0,0.0,0
1,mitra,image_anomaly_mitra,1555,met_448895_additional_001__marker_zip_001__002.e7314dfc..zip..jpg,data/raw/image_anomaly/anomalous/mitra/files/jpg/met_448895_additional_001/62086d9b7b7e23ecb268/met_448895_additional_001__marker_zip_001__002.e7314dfc..zip..jpg,190572,65,2,1,0,0,0.2153846153846154,image,0,0,0,1,0,1,1,0,0,0,5,7.911297616422394,3.484345256386974,0.39516298301954117,0.010631152530277271,256,6,0,1,0,0,0,1,1,2,0,0,0,0.011266083160170434,0
1,mitra,image_anomaly_mitra,1556,met_448895_additional_001__marker_pdf_001__001.25d46465..jpg..pdf,data/raw/image_anomaly/anomalous/mitra/files/jpg/met_448895_additional_001/78d275e40a9c1341415b/met_448895_additional_001__marker_pdf_001__001.25d46465..jpg..pdf,192071,65,2,1,0,0,0.2153846153846154,document,0,0,0,0,0,1,0,1,0,0,4,7.909613691125494,5.250824256483538,0.4015181885865123,0.01009001879513305,256,6,0,1,0,0,0,1,1,0,0,0,0,0.0,0
1,mitra,image_anomaly_mitra,1557,met_448895_additional_001__marker_pdf_002__001.0466f826..jpg..pdf,data/raw/image_anomaly/anomalous/mitra/files/jpg/met_448895_additional_001/a4ef65f2071cb2ad16d6/met_448895_additional_001__marker_pdf_002__001.0466f826..jpg..pdf,193862,65,2,1,0,0,0.2153846153846154,document,0,0,0,0,0,1,0,1,0,0,4,7.908278317744569,5.072845754531357,0.406851265333072,0.009996801848737762,256,6,0,1,0,0,0,1,1,0,0,0,0,0.0,0
1,mitra,image_anomaly_mitra,1558,met_448895_additional_001__marker_zip_002__001.18f85f9c..jpg..zip,data/raw/image_anomaly/anomalous/mitra/files/jpg/met_448895_additional_001/b5b811a008f15deec02f/met_448895_additional_001__marker_zip_002__001.18f85f9c..jpg..zip,223062,65,2,1,0,0,0.2153846153846154,archive,0,0,0,1,0,1,0,1,0,0,5,7.934580305610968,7.988340858219542,0.3919896710331657,0.009674440290143548,256,6,0,1,0,0,0,1,1,0,0,0,0,0.0,0
1,mitra,image_anomaly_mitra,1559,met_448895_additional_001__marker_zip_002__002.92be376c..zip..jpg,data/raw/image_anomaly/anomalous/mitra/files/jpg/met_448895_additional_001/b5b811a008f15deec02f/met_448895_additional_001__marker_zip_002__002.92be376c..zip..jpg,223058,65,2,1,0,0,0.2153846153846154,image,0,0,0,1,0,1,1,0,0,0,5,7.934570111785328,3.484345256386974,0.3919922172708444,0.009674613777582513,256,6,0,1,0,0,0,1,1,2,0,0,0,0.14734732670426526,0
1,mitra,image_anomaly_mitra,1560,met_448895_primary_000__marker_pdf_001__001.4d2d844d..jpg..pdf,data/raw/image_anomaly/anomalous/mitra/files/jpg/met_448895_primary_000/6b66dbd403da6b903a57/met_448895_primary_000__marker_pdf_001__001.4d2d844d..jpg..pdf,218419,62,2,1,0,0,0.22580645161290322,document,0,0,0,0,0,1,0,1,0,0,6,7.93741684474681,5.250824256483538,0.4027763152472999,0.008703455285483407,256,6,0,1,0,0,0,1,1,0,0,0,0,0.0,0
1,mitra,image_anomaly_mitra,1561,met_448895_primary_000__marker_zip_001__001.c70ee683..jpg..zip,data/raw/image_anomaly/anomalous/mitra/files/jpg/met_448895_primary_000/85b1886bd0e1d8c61b28/met_448895_primary_000__marker_zip_001__001.c70ee683..jpg..zip,216924,62,2,1,0,0,0.22580645161290322,archive,0,0,0,1,0,1,0,1,0,0,7,7.939035397838832,3.471787008351612,0.39719901901126664,0.009169109918681197,256,6,0,1,0,0,0,1,1,0,0,0,0,0.0,0
1,mitra,image_anomaly_mitra,1562,met_448895_primary_000__marker_zip_001__002.db9dd060..zip..jpg,data/raw/image_anomaly/anomalous/mitra/files/jpg/met_448895_primary_000/85b1886bd0e1d8c61b28/met_448895_primary_000__marker_zip_001__002.db9dd060..zip..jpg,216920,62,2,1,0,0,0.22580645161290322,image,0,0,0,1,0,1,1,0,0,0,7,7.9390199581000696,3.4928709289580415,0.39720173335792,0.009169278996865204,256,6,0,1,0,0,0,1,1,2,0,0,0,0.009897658122810253,0
1,mitra,image_anomaly_mitra,1563,met_448895_primary_000__marker_zip_002__001.1834fd27..jpg..zip,data/raw/image_anomaly/anomalous/mitra/files/jpg/met_448895_primary_000/992af02e1600de6001f7/met_448895_primary_000__marker_zip_002__001.1834fd27..jpg..zip,249410,62,2,1,0,0,0.22580645161290322,archive,0,0,0,1,0,1,0,1,0,0,7,7.953317808181156,7.988340858219542,0.39409807144861875,0.008504069604266067,256,6,0,1,0,0,0,1,1,0,0,0,0,0.0,0
1,mitra,image_anomaly_mitra,1564,met_448895_primary_000__marker_zip_002__002.27c8a1ee..zip..jpg,data/raw/image_anomaly/anomalous/mitra/files/jpg/met_448895_primary_000/992af02e1600de6001f7/met_448895_primary_000__marker_zip_002__002.27c8a1ee..zip..jpg,249406,62,2,1,0,0,0.22580645161290322,image,0,0,0,1,0,1,1,0,0,0,7,7.953309729320463,3.4928709289580415,0.394100382508841,0.008504205993440414,256,6,0,1,0,0,0,1,1,2,0,0,0,0.13178111192192649,0
1,mitra,image_anomaly_mitra,1565,met_448895_primary_000__marker_pdf_002__001.adbc6dec..jpg..pdf,data/raw/image_anomaly/anomalous/mitra/files/jpg/met_448895_primary_000/d9a6e341dffd91a562b2/met_448895_primary_000__marker_pdf_002__001.adbc6dec..jpg..pdf,220210,62,2,1,0,0,0.22580645161290322,document,0,0,0,0,0,1,0,1,0,0,6,7.936024464757467,5.072845754531357,0.4074610598973707,0.008632668816130057,256,6,0,1,0,0,0,1,1,0,0,0,0,0.0,0
1,mitra,image_anomaly_mitra,1566,met_449740_primary_000__marker_pdf_001__001.b41dbf1f..jpg..pdf,data/raw/image_anomaly/anomalous/mitra/files/jpg/met_449740_primary_000/03116bc41bdbc2ea8581/met_449740_primary_000__marker_pdf_001__001.b41dbf1f..jpg..pdf,2292288,62,2,1,0,0,0.22580645161290322,document,0,0,0,0,0,1,0,1,0,0,38,7.957473085477977,5.250824256483538,0.37284669291118744,0.013773138453806852,256,8,0,0,2,0,0,0,2,0,0,0,0,0.0,0
1,mitra,image_anomaly_mitra,1567,met_449740_primary_000__marker_zip_001__001.ce54c036..jpg..zip,data/raw/image_anomaly/anomalous/mitra/files/jpg/met_449740_primary_000/28f8fcfaa8434781ee30/met_449740_primary_000__marker_zip_001__001.ce54c036..jpg..zip,2290793,62,2,1,0,0,0.22580645161290322,archive,0,0,0,1,0,1,0,1,0,0,39,7.957432683300022,1.7449469796092203,0.3722990248355046,0.013820541620303536,256,8,0,0,2,0,0,0,2,0,0,0,0,0.0,0
1,mitra,image_anomaly_mitra,1568,met_449740_primary_000__marker_zip_001__002.3f4084e8..zip..jpg,data/raw/image_anomaly/anomalous/mitra/files/jpg/met_449740_primary_000/28f8fcfaa8434781ee30/met_449740_primary_000__marker_zip_001__002.3f4084e8..zip..jpg,2290789,62,2,1,0,0,0.22580645161290322,image,0,0,0,1,0,1,1,0,0,0,39,7.957432242571466,0.3116886771733481,0.3722992383846788,0.013820565752672988,256,8,0,0,2,0,0,0,2,2,0,0,0,0.0009372316699617468,0
1,mitra,image_anomaly_mitra,1569,met_449740_primary_000__marker_pdf_002__001.bf099d82..jpg..pdf,data/raw/image_anomaly/anomalous/mitra/files/jpg/met_449740_primary_000/31236ffb814f3b63aae8/met_449740_primary_000__marker_pdf_002__001.bf099d82..jpg..pdf,2294079,62,2,1,0,0,0.22580645161290322,document,0,0,0,0,0,1,0,1,0,0,38,7.957476066557912,5.072845754531357,0.37331975054041294,0.01376238568942046,256,8,0,0,2,0,0,0,2,0,0,0,0,0.0,0
1,mitra,image_anomaly_mitra,1570,met_449740_primary_000__marker_zip_002__001.ac70213d..jpg..zip,data/raw/image_anomaly/anomalous/mitra/files/jpg/met_449740_primary_000/c19eebfb7a8d4c298024/met_449740_primary_000__marker_zip_002__001.ac70213d..jpg..zip,2323279,62,2,1,0,0,0.22580645161290322,archive,0,0,0,1,0,1,0,1,0,0,39,7.958551372757404,7.988340858219542,0.3723143023287345,0.013684107677123582,256,8,0,0,2,0,0,0,2,0,0,0,0,0.0,0
1,mitra,image_anomaly_mitra,1571,met_449740_primary_000__marker_zip_002__002.9dd2a2f5..zip..jpg,data/raw/image_anomaly/anomalous/mitra/files/jpg/met_449740_primary_000/c19eebfb7a8d4c298024/met_449740_primary_000__marker_zip_002__002.9dd2a2f5..zip..jpg,2323275,62,2,1,0,0,0.22580645161290322,image,0,0,0,1,0,1,1,0,0,0,39,7.958551057696503,0.3116886771733481,0.3723145129181866,0.013684131237154448,256,8,0,0,2,0,0,0,2,2,0,0,0,0.014146840128697637,0
1,mitra,image_anomaly_mitra,1572,met_451618_primary_000__marker_zip_002__001.653651e8..jpg..zip,data/raw/image_anomaly/anomalous/mitra/files/jpg/met_451618_primary_000/242dea407e8168c6ce1a/met_451618_primary_000__marker_zip_002__001.653651e8..jpg..zip,88517,62,2,1,0,0,0.22580645161290322,archive,0,0,0,1,0,1,0,1,0,0,4,7.9129895787603655,7.988340858219542,0.3553893602358869,0.03624162590236903,256,0,0,1,0,0,0,1,1,2,0,0,0,0.37130720652530025,0
1,mitra,image_anomaly_mitra,1573,met_451618_primary_000__marker_zip_002__002.05df248b..zip..jpg,data/raw/image_anomaly/anomalous/mitra/files/jpg/met_451618_primary_000/242dea407e8168c6ce1a/met_451618_primary_000__marker_zip_002__002.05df248b..zip..jpg,88513,62,2,1,0,0,0.22580645161290322,image,0,0,0,1,0,1,1,0,0,0,4,7.912982665345486,6.529079207586505,0.3553941228972015,0.0362432637013772,256,0,0,1,0,0,0,1,1,2,0,0,0,0.3713239863070961,0
1,mitra,image_anomaly_mitra,1574,met_451618_primary_000__marker_pdf_002__001.f5f95520..jpg..pdf,data/raw/image_anomaly/anomalous/mitra/files/jpg/met_451618_primary_000/733200503e60905450c0/met_451618_primary_000__marker_pdf_002__001.f5f95520..jpg..pdf,59317,62,2,1,0,0,0.22580645161290322,document,0,0,0,0,0,1,0,1,0,0,3,7.831257027366264,5.072845754531357,0.3859433214761367,0.05037341740141949,256,0,0,1,0,0,0,1,1,0,0,0,0,0.0,0
1,mitra,image_anomaly_mitra,1575,met_451618_primary_000__marker_pdf_001__001.1f61306e..jpg..pdf,data/raw/image_anomaly/anomalous/mitra/files/jpg/met_451618_primary_000/a359d9c2ed4f8c1a9bc5/met_451618_primary_000__marker_pdf_001__001.1f61306e..jpg..pdf,57526,62,2,1,0,0,0.22580645161290322,document,0,0,0,0,0,1,0,1,0,0,3,7.829672391775034,5.250824256483538,0.3674860063275736,0.05194173069568543,256,0,0,1,0,0,0,1,1,0,0,0,0,0.0,0
1,mitra,image_anomaly_mitra,1576,met_451618_primary_000__marker_zip_001__001.6ffee0c7..jpg..zip,data/raw/image_anomaly/anomalous/mitra/files/jpg/met_451618_primary_000/c60d8d9be2ba71957dc0/met_451618_primary_000__marker_zip_001__001.6ffee0c7..jpg..zip,56031,62,2,1,0,0,0.22580645161290322,archive,0,0,0,1,0,1,0,1,0,0,4,7.820620306205942,6.539439732975519,0.3449519016258857,0.05489818136388785,256,0,0,1,0,0,0,1,1,2,0,0,0,0.03831807392336385,0
1,mitra,image_anomaly_mitra,1577,met_451618_primary_000__marker_zip_001__002.7c1dd146..zip..jpg,data/raw/image_anomaly/anomalous/mitra/files/jpg/met_451618_primary_000/c60d8d9be2ba71957dc0/met_451618_primary_000__marker_zip_001__002.7c1dd146..zip..jpg,56027,62,2,1,0,0,0.22580645161290322,image,0,0,0,1,0,1,1,0,0,0,4,7.820620307986139,6.529079207586505,0.3449586806361219,0.05490210077284167,256,0,0,1,0,0,0,1,1,2,0,0,0,0.038320809609652486,0
1,mitra,image_anomaly_mitra,1578,met_45636_primary_000__marker_pdf_002__001.f058be7a..jpg..pdf,data/raw/image_anomaly/anomalous/mitra/files/jpg/met_45636_primary_000/34d85095e310f02e9907/met_45636_primary_000__marker_pdf_002__001.f058be7a..jpg..pdf,2402786,61,2,1,0,0,0.22950819672131148,document,0,0,0,0,0,1,0,1,0,0,27,7.981558341723043,5.072845754531357,0.3703122125732379,0.009647550801444657,256,0,0,0,0,0,0,0,0,0,0,0,0,0.0,0
1,mitra,image_anomaly_mitra,1579,met_45636_primary_000__marker_pdf_001__001.1e540869..jpg..pdf,data/raw/image_anomaly/anomalous/mitra/files/jpg/met_45636_primary_000/60c9fecab4139c837275/met_45636_primary_000__marker_pdf_001__001.1e540869..jpg..pdf,2400995,61,2,1,0,0,0.22950819672131148,document,0,0,0,0,0,1,0,1,0,0,27,7.981538095731131,5.250824256483538,0.36985832956753345,0.009654747302680764,256,0,0,0,0,0,0,0,0,0,0,0,0,0.0,0
1,mitra,image_anomaly_mitra,1580,met_45636_primary_000__marker_zip_001__001.fbebdcd1..jpg..zip,data/raw/image_anomaly/anomalous/mitra/files/jpg/met_45636_primary_000/6690d568e7c618609243/met_45636_primary_000__marker_zip_001__001.fbebdcd1..jpg..zip,2399500,61,2,1,0,0,0.22950819672131148,archive,0,0,0,1,0,1,0,1,0,0,28,7.981466957875837,7.76229559651814,0.36933361116899355,0.009697436966034591,256,0,0,0,0,0,0,0,0,0,0,0,0,0.0,0
1,mitra,image_anomaly_mitra,1581,met_45636_primary_000__marker_zip_001__002.792a3b39..zip..jpg,data/raw/image_anomaly/anomalous/mitra/files/jpg/met_45636_primary_000/6690d568e7c618609243/met_45636_primary_000__marker_zip_001__002.792a3b39..zip..jpg,2399496,61,2,1,0,0,0.22950819672131148,image,0,0,0,1,0,1,1,0,0,0,28,7.981466958772267,7.812486322700033,0.369333810100121,0.00969745313182435,256,0,0,0,0,0,0,0,0,2,0,0,0,0.0008947712352927449,0
1,mitra,image_anomaly_mitra,1582,met_45636_primary_000__marker_zip_002__001.90cdd07b..jpg..zip,data/raw/image_anomaly/anomalous/mitra/files/jpg/met_45636_primary_000/8a90af7c72d01f122e71/met_45636_primary_000__marker_zip_002__001.90cdd07b..jpg..zip,2431986,61,2,1,0,0,0.22950819672131148,archive,0,0,0,1,0,1,0,1,0,0,28,7.98194257400697,7.988340858219542,0.3693878171996056,0.009622177101348446,256,0,0,0,0,0,0,0,0,0,0,0,0,0.0,0
1,mitra,image_anomaly_mitra,1583,met_45636_primary_000__marker_zip_002__002.400e1d2d..zip..jpg,data/raw/image_anomaly/anomalous/mitra/files/jpg/met_45636_primary_000/8a90af7c72d01f122e71/met_45636_primary_000__marker_zip_002__002.400e1d2d..zip..jpg,2431982,61,2,1,0,0,0.22950819672131148,image,0,0,0,1,0,1,1,0,0,0,28,7.981942445329276,7.812486322700033,0.36938801356260037,0.00962219292741476,256,0,0,0,0,0,0,0,0,2,0,0,0,0.013514491472387542,0
1,mitra,image_anomaly_mitra,1584,met_45709_additional_001__marker_zip_002__001.86b0db33..jpg..zip,data/raw/image_anomaly/anomalous/mitra/files/jpg/met_45709_additional_001/2f60ddb746bdbe68b7d5/met_45709_additional_001__marker_zip_002__001.86b0db33..jpg..zip,2014780,64,2,1,0,0,0.21875,archive,0,0,0,1,0,1,0,1,0,0,28,7.954930230222035,7.988340858219542,0.38348057852470246,0.00957325365548596,256,24,0,0,0,0,0,0,0,0,0,0,0,0.0,0
1,mitra,image_anomaly_mitra,1585,met_45709_additional_001__marker_zip_002__002.f0354ddf..zip..jpg,data/raw/image_anomaly/anomalous/mitra/files/jpg/met_45709_additional_001/2f60ddb746bdbe68b7d5/met_45709_additional_001__marker_zip_002__002.f0354ddf..zip..jpg,2014776,64,2,1,0,0,0.21875,image,0,0,0,1,0,1,1,0,0,0,28,7.954929331246041,5.246019764071648,0.38348084352801504,0.009573272661576274,256,24,0,0,0,0,0,0,0,2,0,0,0,0.01631297970593257,0
1,mitra,image_anomaly_mitra,1586,met_45709_additional_001__marker_pdf_002__001.585da9b6..jpg..pdf,data/raw/image_anomaly/anomalous/mitra/files/jpg/met_45709_additional_001/7586a00be048bd588979/met_45709_additional_001__marker_pdf_002__001.585da9b6..jpg..pdf,1985580,64,2,1,0,0,0.21875,document,0,0,0,0,0,1,0,1,0,0,27,7.953396262482931,5.072845754531357,0.3848064545372133,0.009603239355754993,256,24,0,0,0,0,0,0,0,0,0,0,0,0.0,0
1,mitra,image_anomaly_mitra,1587,met_45709_additional_001__marker_pdf_001__001.b075cd44..jpg..pdf,data/raw/image_anomaly/anomalous/mitra/files/jpg/met_45709_additional_001/9db55b9d2bc52dda4580/met_45709_additional_001__marker_pdf_001__001.b075cd44..jpg..pdf,1983789,64,2,1,0,0,0.21875,document,0,0,0,0,0,1,0,1,0,0,27,7.95342542162576,5.250824256483538,0.3842702021233105,0.009611909331083093,256,24,0,0,0,0,0,0,0,0,0,0,0,0.0,0
1,mitra,image_anomaly_mitra,1588,met_45709_additional_001__marker_zip_001__001.b01505ba..jpg..zip,data/raw/image_anomaly/anomalous/mitra/files/jpg/met_45709_additional_001/f3badbef679ef19bfc74/met_45709_additional_001__marker_zip_001__001.b01505ba..jpg..zip,1982294,64,2,1,0,0,0.21875,archive,0,0,0,1,0,1,0,1,0,0,28,7.9534563550663115,5.591906461641015,0.3836459173059092,0.009663551420727702,256,24,0,0,0,0,0,0,0,0,0,0,0,0.0,0
1,mitra,image_anomaly_mitra,1589,met_45709_additional_001__marker_zip_001__002.eebfb3af..zip..jpg,data/raw/image_anomaly/anomalous/mitra/files/jpg/met_45709_additional_001/f3badbef679ef19bfc74/met_45709_additional_001__marker_zip_001__002.eebfb3af..zip..jpg,1982290,64,2,1,0,0,0.21875,image,0,0,0,1,0,1,1,0,0,0,28,7.953454952005333,5.246019764071648,0.3836461869857589,0.009663570920501036,256,24,0,0,0,0,0,0,0,2,0,0,0,0.0010830907687573463,0
1,mitra,image_anomaly_mitra,1590,met_45709_primary_000__marker_pdf_001__001.3489f2e4..jpg..pdf,data/raw/image_anomaly/anomalous/mitra/files/jpg/met_45709_primary_000/2f78c1065e0e247ef33b/met_45709_primary_000__marker_pdf_001__001.3489f2e4..jpg..pdf,2284761,61,2,1,0,0,0.22950819672131148,document,0,0,0,0,0,1,0,1,0,0,24,7.966485064457241,5.250824256483538,0.37866805324495645,0.009526160504315331,256,24,0,0,0,0,0,0,0,0,0,0,0,0.0,0
1,mitra,image_anomaly_mitra,1591,met_45709_primary_000__marker_zip_002__001.d26c2d04..jpg..zip,data/raw/image_anomaly/anomalous/mitra/files/jpg/met_45709_primary_000/66c3f8ba43ccaa216a55/met_45709_primary_000__marker_zip_002__001.d26c2d04..jpg..zip,2315752,61,2,1,0,0,0.22950819672131148,archive,0,0,0,1,0,1,0,1,0,0,25,7.96740594041903,7.988340858219542,0.3780560267247961,0.009493676352217336,256,24,0,0,0,0,0,0,0,0,0,0,0,0.0,0
1,mitra,image_anomaly_mitra,1592,met_45709_primary_000__marker_zip_002__002.c0b86bc7..zip..jpg,data/raw/image_anomaly/anomalous/mitra/files/jpg/met_45709_primary_000/66c3f8ba43ccaa216a55/met_45709_primary_000__marker_zip_002__002.c0b86bc7..zip..jpg,2315748,61,2,1,0,0,0.22950819672131148,image,0,0,0,1,0,1,1,0,0,0,25,7.967405543705231,5.24984145337619,0.37805624791643994,0.009493692750679262,256,24,0,0,0,0,0,0,0,2,0,0,0,0.014192822362364126,0
1,mitra,image_anomaly_mitra,1593,met_45709_primary_000__marker_pdf_002__001.7cb169b7..jpg..pdf,data/raw/image_anomaly/anomalous/mitra/files/jpg/met_45709_primary_000/e01c7798d7bbe9393535/met_45709_primary_000__marker_pdf_002__001.7cb169b7..jpg..pdf,2286552,61,2,1,0,0,0.22950819672131148,document,0,0,0,0,0,1,0,1,0,0,24,7.966470962199876,5.072845754531357,0.37913810838327755,0.009518698896854303,256,24,0,0,0,0,0,0,0,0,0,0,0,0.0,0
1,mitra,image_anomaly_mitra,1594,met_45709_primary_000__marker_zip_001__001.39e263b4..jpg..zip,data/raw/image_anomaly/anomalous/mitra/files/jpg/met_45709_primary_000/ecc1fd2843d0168d146a/met_45709_primary_000__marker_zip_001__001.39e263b4..jpg..zip,2283266,61,2,1,0,0,0.22950819672131148,archive,0,0,0,1,0,1,0,1,0,0,25,7.966493221264163,5.595846780194937,0.37812239134643094,0.009570939172220846,256,24,0,0,0,0,0,0,0,0,0,0,0,0.0,0
1,mitra,image_anomaly_mitra,1595,met_45709_primary_000__marker_zip_001__002.666c5e72..zip..jpg,data/raw/image_anomaly/anomalous/mitra/files/jpg/met_45709_primary_000/ecc1fd2843d0168d146a/met_45709_primary_000__marker_zip_001__002.666c5e72..zip..jpg,2283262,61,2,1,0,0,0.22950819672131148,image,0,0,0,1,0,1,1,0,0,0,25,7.966492526218582,5.24984145337619,0.378122615801428,0.009570955939353434,256,24,0,0,0,0,0,0,0,2,0,0,0,0.0009403213472654474,0
1,mitra,image_anomaly_mitra,1596,met_460184_primary_000__marker_pdf_002__001.1d230a96..jpg..pdf,data/raw/image_anomaly/anomalous/mitra/files/jpg/met_460184_primary_000/08de4fb46b7617dec752/met_460184_primary_000__marker_pdf_002__001.1d230a96..jpg..pdf,1713469,62,2,1,0,0,0.22580645161290322,document,0,0,0,0,0,1,0,1,0,0,27,7.939416428128658,5.072845754531357,0.37493120680911063,0.01209476214626585,256,20,0,0,0,0,0,0,0,0,0,0,0,0.0,0
1,mitra,image_anomaly_mitra,1597,met_460184_primary_000__marker_pdf_001__001.5f65b8aa..jpg..pdf,data/raw/image_anomaly/anomalous/mitra/files/jpg/met_460184_primary_000/68086e09fa107bcba4c4/met_460184_primary_000__marker_pdf_001__001.5f65b8aa..jpg..pdf,1711678,62,2,1,0,0,0.22580645161290322,document,0,0,0,0,0,1,0,1,0,0,27,7.939345532346448,5.250824256483538,0.37429937172762634,0.012107417399767947,256,20,0,0,0,0,0,0,0,0,0,0,0,0.0,0
1,mitra,image_anomaly_mitra,1598,met_460184_primary_000__marker_zip_002__001.7be8aa47..jpg..zip,data/raw/image_anomaly/anomalous/mitra/files/jpg/met_460184_primary_000/b408351086fb07935c64/met_460184_primary_000__marker_zip_002__001.7be8aa47..jpg..zip,1742669,62,2,1,0,0,0.22580645161290322,archive,0,0,0,1,0,1,0,1,0,0,28,7.941421440974077,7.988340858219542,0.3735637691380291,0.012018346570691278,256,20,0,0,0,0,0,0,0,0,0,0,0,0.0,0
1,mitra,image_anomaly_mitra,1599,met_460184_primary_000__marker_zip_002__002.135a0a8c..zip..jpg,data/raw/image_anomaly/anomalous/mitra/files/jpg/met_460184_primary_000/b408351086fb07935c64/met_460184_primary_000__marker_zip_002__002.135a0a8c..zip..jpg,1742665,62,2,1,0,0,0.22580645161290322,image,0,0,0,1,0,1,1,0,0,0,28,7.941420470847905,4.96443703018508,0.3735640527582754,0.012018374156823027,256,20,0,0,0,0,0,0,0,2,0,0,0,0.018860194013192437,0
1,mitra,image_anomaly_mitra,1600,met_460184_primary_000__marker_zip_001__001.5c660495..jpg..zip,data/raw/image_anomaly/anomalous/mitra/files/jpg/met_460184_primary_000/c0447010bc1c7e3f0a62/met_460184_primary_000__marker_zip_001__001.5c660495..jpg..zip,1710183,62,2,1,0,0,0.22580645161290322,archive,0,0,0,1,0,1,0,1,0,0,28,7.939227677193533,5.661448863574967,0.37356703931684504,0.012169457888424806,256,20,0,0,0,0,0,0,0,0,0,0,0,0.0,0
1,mitra,image_anomaly_mitra,1601,met_460184_primary_000__marker_zip_001__002.4f0190e3..zip..jpg,data/raw/image_anomaly/anomalous/mitra/files/jpg/met_460184_primary_000/c0447010bc1c7e3f0a62/met_460184_primary_000__marker_zip_001__002.4f0190e3..zip..jpg,1710179,62,2,1,0,0,0.22580645161290322,image,0,0,0,1,0,1,1,0,0,0,28,7.9392264277348,4.96443703018508,0.3735673283322974,0.012169486352013445,256,20,0,0,0,0,0,0,0,2,0,0,0,0.0012554241398122653,0
1,mitra,image_anomaly_mitra,1602,met_460672_additional_001__marker_zip_002__001.d3ee081d..jpg..zip,data/raw/image_anomaly/anomalous/mitra/files/jpg/met_460672_additional_001/0e477f596037cbce3afc/met_460672_additional_001__marker_zip_002__001.d3ee081d..jpg..zip,330891,65,2,1,0,0,0.2153846153846154,archive,0,0,0,1,0,1,0,1,0,0,13,7.954231782014078,7.988340858219542,0.3925068980419534,0.005754160735710551,256,6,0,0,0,0,0,0,0,0,0,0,0,0.0,0
1,mitra,image_anomaly_mitra,1603,met_460672_additional_001__marker_zip_002__002.29d8b90f..zip..jpg,data/raw/image_anomaly/anomalous/mitra/files/jpg/met_460672_additional_001/0e477f596037cbce3afc/met_460672_additional_001__marker_zip_002__002.29d8b90f..zip..jpg,330887,65,2,1,0,0,0.2153846153846154,image,0,0,0,1,0,1,1,0,0,0,13,7.954225618543185,2.885564336937789,0.392508620767815,0.005754230296143396,256,6,0,0,0,0,0,0,0,2,0,0,0,0.09932998274335347,0
1,mitra,image_anomaly_mitra,1604,met_460672_additional_001__marker_pdf_002__001.edf44783..jpg..pdf,data/raw/image_anomaly/anomalous/mitra/files/jpg/met_460672_additional_001/33c72ef3c21f305def47/met_460672_additional_001__marker_pdf_002__001.edf44783..jpg..pdf,301691,65,2,1,0,0,0.2153846153846154,document,0,0,0,0,0,1,0,1,0,0,12,7.941940793763224,5.072845754531357,0.40210679138588823,0.005581870191686196,256,6,0,0,0,0,0,0,0,0,0,0,0,0.0,0
1,mitra,image_anomaly_mitra,1605,met_460672_additional_001__marker_zip_001__001.a451674f..jpg..zip,data/raw/image_anomaly/anomalous/mitra/files/jpg/met_460672_additional_001/894a422adfd0629a4cf1/met_460672_additional_001__marker_zip_001__001.a451674f..jpg..zip,298405,65,2,1,0,0,0.2153846153846154,archive,0,0,0,1,0,1,0,1,0,0,13,7.943921029192565,4.163701180829404,0.3945878922940299,0.005938238300296577,256,6,0,0,0,0,0,0,0,0,0,0,0,0.0,0
1,mitra,image_anomaly_mitra,1606,met_460672_additional_001__marker_zip_001__002.6b38b10c..zip..jpg,data/raw/image_anomaly/anomalous/mitra/files/jpg/met_460672_additional_001/894a422adfd0629a4cf1/met_460672_additional_001__marker_zip_001__002.6b38b10c..zip..jpg,298401,65,2,1,0,0,0.2153846153846154,image,0,0,0,1,0,1,1,0,0,0,13,7.943912689657313,2.885564336937789,0.39458983046303464,0.00593831790107942,256,6,0,0,0,0,0,0,0,2,0,0,0,0.0071950161024929545,0
1,mitra,image_anomaly_mitra,1607,met_460672_additional_001__marker_pdf_001__001.6ace7a0f..jpg..pdf,data/raw/image_anomaly/anomalous/mitra/files/jpg/met_460672_additional_001/aa47a026dd1cb5aa305f/met_460672_additional_001__marker_pdf_001__001.6ace7a0f..jpg..pdf,299900,65,2,1,0,0,0.2153846153846154,document,0,0,0,0,0,1,0,1,0,0,12,7.942727819660329,5.250824256483538,0.39866288762920976,0.005615205068356118,256,6,0,0,0,0,0,0,0,0,0,0,0,0.0,0
1,mitra,image_anomaly_mitra,1608,met_460672_primary_000__marker_zip_002__001.583fbfb3..jpg..zip,data/raw/image_anomaly/anomalous/mitra/files/jpg/met_460672_primary_000/0b0a01d042d7e7ed2711/met_460672_primary_000__marker_zip_002__001.583fbfb3..jpg..zip,1436423,62,2,1,0,0,0.22580645161290322,archive,0,0,0,1,0,1,0,1,0,0,21,7.885444115410562,7.988340858219542,0.3626814663925598,0.015130640486820387,256,14,0,0,0,0,0,0,0,0,0,0,0,0.0,0
1,mitra,image_anomaly_mitra,1609,met_460672_primary_000__marker_zip_002__002.1fb5cce3..zip..jpg,data/raw/image_anomaly/anomalous/mitra/files/jpg/met_460672_primary_000/0b0a01d042d7e7ed2711/met_460672_primary_000__marker_zip_002__002.1fb5cce3..zip..jpg,1436419,62,2,1,0,0,0.22580645161290322,image,0,0,0,1,0,1,1,0,0,0,21,7.885442954389245,5.232532949983701,0.36268178017695396,0.015130682621157196,256,14,0,0,0,0,0,0,0,2,0,0,0,0.022881206667413896,0
1,mitra,image_anomaly_mitra,1610,met_460672_primary_000__marker_pdf_002__001.3da73223..jpg..pdf,data/raw/image_anomaly/anomalous/mitra/files/jpg/met_460672_primary_000/179536244b8a8c3629fe/met_460672_primary_000__marker_pdf_002__001.3da73223..jpg..pdf,1407223,62,2,1,0,0,0.22580645161290322,document,0,0,0,0,0,1,0,1,0,0,20,7.880661153432689,5.072845754531357,0.3641206830758167,0.015288266323105862,256,14,0,0,0,0,0,0,0,0,0,0,0,0.0,0
1,mitra,image_anomaly_mitra,1611,met_460672_primary_000__marker_pdf_001__001.fc98df4b..jpg..pdf,data/raw/image_anomaly/anomalous/mitra/files/jpg/met_460672_primary_000/1c289f3335dfca2979f1/met_460672_primary_000__marker_pdf_001__001.fc98df4b..jpg..pdf,1405432,62,2,1,0,0,0.22580645161290322,document,0,0,0,0,0,1,0,1,0,0,20,7.880462490873374,5.250824256483538,0.3633373937693179,0.015307748791830554,256,14,0,0,0,0,0,0,0,0,0,0,0,0.0,0
1,mitra,image_anomaly_mitra,1612,met_460672_primary_000__marker_zip_001__001.afb1584e..jpg..zip,data/raw/image_anomaly/anomalous/mitra/files/jpg/met_460672_primary_000/26aa72dfb56c17d6ce6f/met_460672_primary_000__marker_zip_001__001.afb1584e..jpg..zip,1403937,62,2,1,0,0,0.22580645161290322,archive,0,0,0,1,0,1,0,1,0,0,21,7.880266176699305,5.580554740701072,0.36243364196541583,0.015386730316246384,256,14,0,0,0,0,0,0,0,0,0,0,0,0.0,0
1,mitra,image_anomaly_mitra,1613,met_460672_primary_000__marker_zip_001__002.d8eecd3e..zip..jpg,data/raw/image_anomaly/anomalous/mitra/files/jpg/met_460672_primary_000/26aa72dfb56c17d6ce6f/met_460672_primary_000__marker_zip_001__002.d8eecd3e..zip..jpg,1403933,62,2,1,0,0,0.22580645161290322,image,0,0,0,1,0,1,1,0,0,0,21,7.880265059377858,5.232532949983701,0.36243396230446895,0.01538677415517692,256,14,0,0,0,0,0,0,0,2,0,0,0,0.0015292752574374987,0
1,mitra,image_anomaly_mitra,1614,met_461203_primary_000__marker_zip_001__001.4dfc46c5..jpg..zip,data/raw/image_anomaly/anomalous/mitra/files/jpg/met_461203_primary_000/2d30601a76b762d57acc/met_461203_primary_000__marker_zip_001__001.4dfc46c5..jpg..zip,270563,62,2,1,0,0,0.22580645161290322,archive,0,0,0,1,0,1,0,1,0,0,4,7.866925288787292,1.6362361360176514,0.36297276419909597,0.031763397064639286,256,7,0,1,0,0,0,1,1,0,0,0,0,0.0,0
1,mitra,image_anomaly_mitra,1615,met_461203_primary_000__marker_zip_001__002.6de00bc1..zip..jpg,data/raw/image_anomaly/anomalous/mitra/files/jpg/met_461203_primary_000/2d30601a76b762d57acc/met_461203_primary_000__marker_zip_001__002.6de00bc1..zip..jpg,270559,62,2,1,0,0,0.22580645161290322,image,0,0,0,1,0,1,1,0,0,0,4,7.86692246866961,0.1757402266528623,0.36297443441171795,0.03176386666124579,256,7,0,1,0,0,0,1,1,2,0,0,0,0.007935422588049187,0
1,mitra,image_anomaly_mitra,1616,met_461203_primary_000__marker_zip_002__001.d440a2b0..jpg..zip,data/raw/image_anomaly/anomalous/mitra/files/jpg/met_461203_primary_000/7f73930f783983f7cc44/met_461203_primary_000__marker_zip_002__001.d440a2b0..jpg..zip,303049,62,2,1,0,0,0.22580645161290322,archive,0,0,0,1,0,1,0,1,0,0,4,7.891010667422401,7.988340858219542,0.3640896356694792,0.02879402340875568,256,7,0,1,0,0,0,1,1,0,0,0,0,0.0,0
1,mitra,image_anomaly_mitra,1617,met_461203_primary_000__marker_zip_002__002.8d4910ac..zip..jpg,data/raw/image_anomaly/anomalous/mitra/files/jpg/met_461203_primary_000/7f73930f783983f7cc44/met_461203_primary_000__marker_zip_002__002.8d4910ac..zip..jpg,303045,62,2,1,0,0,0.22580645161290322,image,0,0,0,1,0,1,1,0,0,0,4,7.891010076038843,0.1757402266528623,0.3640911415796334,0.028794403471431636,256,7,0,1,0,0,0,1,1,2,0,0,0,0.10845583989176524,0
1,mitra,image_anomaly_mitra,1618,met_461203_primary_000__marker_pdf_001__001.ed1a0243..jpg..pdf,data/raw/image_anomaly/anomalous/mitra/files/jpg/met_461203_primary_000/970e0791b12eda7e74b9/met_461203_primary_000__marker_pdf_001__001.ed1a0243..jpg..pdf,272058,62,2,1,0,0,0.22580645161290322,document,0,0,0,0,0,1,0,1,0,0,3,7.867752426309329,5.250824256483538,0.36763851825713634,0.031265391938483704,256,7,0,1,0,0,0,1,1,0,0,0,0,0.0,0
1,mitra,image_anomaly_mitra,1619,met_461203_primary_000__marker_pdf_002__001.9cd6fac0..jpg..pdf,data/raw/image_anomaly/anomalous/mitra/files/jpg/met_461203_primary_000/e3b5e265336b5d755eee/met_461203_primary_000__marker_pdf_002__001.9cd6fac0..jpg..pdf,273849,62,2,1,0,0,0.22580645161290322,document,0,0,0,0,0,1,0,1,0,0,3,7.86840128306868,5.072845754531357,0.37163546333928554,0.03106091313095903,256,7,0,1,0,0,0,1,1,0,0,0,0,0.0,0
1,mitra,image_anomaly_mitra,1620,met_46803_primary_000__marker_pdf_001__001.eb91a74b..jpg..pdf,data/raw/image_anomaly/anomalous/mitra/files/jpg/met_46803_primary_000/424c7b8c0eb29b0dfb6b/met_46803_primary_000__marker_pdf_001__001.eb91a74b..jpg..pdf,1578894,61,2,1,0,0,0.22950819672131148,document,0,0,0,0,0,1,0,1,0,0,40,7.931964977534931,5.250824256483538,0.36862702626015426,0.013534157454521963,256,11,0,0,0,0,0,0,0,0,0,0,0,0.0,0
1,mitra,image_anomaly_mitra,1621,met_46803_primary_000__marker_zip_002__001.a0971660..jpg..zip,data/raw/image_anomaly/anomalous/mitra/files/jpg/met_46803_primary_000/bf3ef114556c42281b77/met_46803_primary_000__marker_zip_002__001.a0971660..jpg..zip,1609885,61,2,1,0,0,0.22950819672131148,archive,0,0,0,1,0,1,0,1,0,0,41,7.934542649531532,7.988340858219542,0.36793994602098906,0.013410274646946831,256,11,0,0,0,0,0,0,0,0,0,0,0,0.0,0
1,mitra,image_anomaly_mitra,1622,met_46803_primary_000__marker_zip_002__002.1c7366cd..zip..jpg,data/raw/image_anomaly/anomalous/mitra/files/jpg/met_46803_primary_000/bf3ef114556c42281b77/met_46803_primary_000__marker_zip_002__002.1c7366cd..zip..jpg,1609881,61,2,1,0,0,0.22950819672131148,image,0,0,0,1,0,1,1,0,0,0,41,7.934541566279637,3.039955513051061,0.367940239061148,0.013410307966862147,256,11,0,0,0,0,0,0,0,2,0,0,0,0.020415794707807595,0
1,mitra,image_anomaly_mitra,1623,met_46803_primary_000__marker_pdf_002__001.baa4d587..jpg..pdf,data/raw/image_anomaly/anomalous/mitra/files/jpg/met_46803_primary_000/cada20ae53ef298adc72/met_46803_primary_000__marker_pdf_002__001.baa4d587..jpg..pdf,1580685,61,2,1,0,0,0.22950819672131148,document,0,0,0,0,0,1,0,1,0,0,40,7.932009249002663,5.072845754531357,0.36931836513916433,0.013518822535799353,256,11,0,0,0,0,0,0,0,0,0,0,0,0.0,0
1,mitra,image_anomaly_mitra,1624,met_46803_primary_000__marker_zip_001__001.9a845610..jpg..zip,data/raw/image_anomaly/anomalous/mitra/files/jpg/met_46803_primary_000/f1c7c426e059c3dc3af4/met_46803_primary_000__marker_zip_001__001.9a845610..jpg..zip,1577399,61,2,1,0,0,0.22950819672131148,archive,0,0,0,1,0,1,0,1,0,0,41,7.931913638560068,4.336252599025103,0.3678276707415182,0.01360277266563501,256,11,0,0,0,0,0,0,0,0,0,0,0,0.0,0
1,mitra,image_anomaly_mitra,1625,met_46803_primary_000__marker_zip_001__002.88d27b85..zip..jpg,data/raw/image_anomaly/anomalous/mitra/files/jpg/met_46803_primary_000/f1c7c426e059c3dc3af4/met_46803_primary_000__marker_zip_001__002.88d27b85..zip..jpg,1577395,61,2,1,0,0,0.22950819672131148,image,0,0,0,1,0,1,1,0,0,0,41,7.931912748123525,3.039955513051061,0.36782796953204494,0.013602807159906048,256,11,0,0,0,0,0,0,0,2,0,0,0,0.001361104859594458,0
1,mitra,image_anomaly_mitra,1626,met_46879_additional_001__marker_pdf_002__001.29f1749e..jpg..pdf,data/raw/image_anomaly/anomalous/mitra/files/jpg/met_46879_additional_001/1505c433918e7bb7e4ad/met_46879_additional_001__marker_pdf_002__001.29f1749e..jpg..pdf,1226341,64,2,1,0,0,0.21875,document,0,0,0,0,0,1,0,1,0,0,19,7.895533100059694,5.072845754531357,0.36621461730464855,0.014539186082826882,256,11,0,0,0,0,0,0,0,0,0,0,0,0.0,0
1,mitra,image_anomaly_mitra,1627,met_46879_additional_001__marker_zip_002__001.97569212..jpg..zip,data/raw/image_anomaly/anomalous/mitra/files/jpg/met_46879_additional_001/47c8c5819ec7083d790c/met_46879_additional_001__marker_zip_002__001.97569212..jpg..zip,1255541,64,2,1,0,0,0.21875,archive,0,0,0,1,0,1,0,1,0,0,20,7.900450342372596,7.988340858219542,0.3645193585872544,0.014376272857676491,256,11,0,0,0,0,0,0,0,0,0,0,0,0.0,0
1,mitra,image_anomaly_mitra,1628,met_46879_additional_001__marker_zip_002__002.2a693782..zip..jpg,data/raw/image_anomaly/anomalous/mitra/files/jpg/met_46879_additional_001/47c8c5819ec7083d790c/met_46879_additional_001__marker_zip_002__002.2a693782..zip..jpg,1255537,64,2,1,0,0,0.21875,image,0,0,0,1,0,1,1,0,0,0,20,7.900448754579588,3.0386943819715864,0.3645197234330808,0.014376318658868676,256,11,0,0,0,0,0,0,0,2,0,0,0,0.026177643510306745,0
1,mitra,image_anomaly_mitra,1629,met_46879_additional_001__marker_pdf_001__001.7cd8c77b..jpg..pdf,data/raw/image_anomaly/anomalous/mitra/files/jpg/met_46879_additional_001/984c4a1202954a60e5a5/met_46879_additional_001__marker_pdf_001__001.7cd8c77b..jpg..pdf,1224550,64,2,1,0,0,0.21875,document,0,0,0,0,0,1,0,1,0,0,19,7.895361699312906,5.250824256483538,0.3653186884978155,0.014560450777836756,256,11,0,0,0,0,0,0,0,0,0,0,0,0.0,0
1,mitra,image_anomaly_mitra,1630,met_46879_additional_001__marker_zip_001__001.8a0a2861..jpg..zip,data/raw/image_anomaly/anomalous/mitra/files/jpg/met_46879_additional_001/b32e2771a669c97ec0f2/met_46879_additional_001__marker_zip_001__001.8a0a2861..jpg..zip,1223055,64,2,1,0,0,0.21875,archive,0,0,0,1,0,1,0,1,0,0,20,7.895207573672576,4.334252156645924,0.364283699424801,0.014650199704837477,256,11,0,0,0,0,0,0,0,0,0,0,0,0.0,0
1,mitra,image_anomaly_mitra,1631,met_46879_additional_001__marker_zip_001__002.608ab781..zip..jpg,data/raw/image_anomaly/anomalous/mitra/files/jpg/met_46879_additional_001/b32e2771a669c97ec0f2/met_46879_additional_001__marker_zip_001__002.608ab781..zip..jpg,1223051,64,2,1,0,0,0.21875,image,0,0,0,1,0,1,1,0,0,0,20,7.895206156027639,3.0386943819715864,0.3642840731907337,0.014650247618455813,256,11,0,0,0,0,0,0,0,2,0,0,0,0.001755446011654461,0
1,mitra,image_anomaly_mitra,1632,met_46879_additional_002__marker_pdf_001__001.0dcd1121..jpg..pdf,data/raw/image_anomaly/anomalous/mitra/files/jpg/met_46879_additional_002/58dc0a4c7365a613aece/met_46879_additional_002__marker_pdf_001__001.0dcd1121..jpg..pdf,1398784,64,2,1,0,0,0.21875,document,0,0,0,0,0,1,0,1,0,0,28,7.929296975134097,5.250824256483538,0.37624465249816985,0.01272748329978038,256,11,0,0,0,0,0,0,0,0,0,0,0,0.0,0
1,mitra,image_anomaly_mitra,1633,met_46879_additional_002__marker_pdf_002__001.1a089078..jpg..pdf,data/raw/image_anomaly/anomalous/mitra/files/jpg/met_46879_additional_002/d7334d89651340f91ee3/met_46879_additional_002__marker_pdf_002__001.1a089078..jpg..pdf,1400575,64,2,1,0,0,0.21875,document,0,0,0,0,0,1,0,1,0,0,28,7.929300215533042,5.072845754531357,0.37701515449012013,0.012711207896756688,256,11,0,0,0,0,0,0,0,0,0,0,0,0.0,0
1,mitra,image_anomaly_mitra,1634,met_46879_additional_002__marker_zip_001__001.5a1e7b3e..jpg..zip,data/raw/image_anomaly/anomalous/mitra/files/jpg/met_46879_additional_002/d74f4991900ca1acdda9/met_46879_additional_002__marker_zip_001__001.5a1e7b3e..jpg..zip,1397289,64,2,1,0,0,0.21875,archive,0,0,0,1,0,1,0,1,0,0,29,7.929316973979038,4.331991090764944,0.37535041068812536,0.012804079900435772,256,11,0,0,0,0,0,0,0,0,0,0,0,0.0,0
1,mitra,image_anomaly_mitra,1635,met_46879_additional_002__marker_zip_001__002.f5f698ea..zip..jpg,data/raw/image_anomaly/anomalous/mitra/files/jpg/met_46879_additional_002/d74f4991900ca1acdda9/met_46879_additional_002__marker_zip_001__002.f5f698ea..zip..jpg,1397285,64,2,1,0,0,0.21875,image,0,0,0,1,0,1,1,0,0,0,29,7.929315878675648,3.035875146555769,0.375350769528049,0.012804116554604106,256,11,0,0,0,0,0,0,0,2,0,0,0,0.0015365512404412844,0
1,mitra,image_anomaly_mitra,1636,met_46879_additional_002__marker_zip_002__001.9b325a57..jpg..zip,data/raw/image_anomaly/anomalous/mitra/files/jpg/met_46879_additional_002/e8c06e8f2127b212f28e/met_46879_additional_002__marker_zip_002__001.9b325a57..jpg..zip,1429775,64,2,1,0,0,0.21875,archive,0,0,0,1,0,1,0,1,0,0,29,7.9324154109152465,7.988340858219542,0.37530590477522685,0.012605479883198406,256,11,0,0,0,0,0,0,0,0,0,0,0,0.0,0
1,mitra,image_anomaly_mitra,1637,met_46879_additional_002__marker_zip_002__002.5eb43c3a..zip..jpg,data/raw/image_anomaly/anomalous/mitra/files/jpg/met_46879_additional_002/e8c06e8f2127b212f28e/met_46879_additional_002__marker_zip_002__002.5eb43c3a..zip..jpg,1429771,64,2,1,0,0,0.21875,image,0,0,0,1,0,1,1,0,0,0,29,7.932414164256388,3.035875146555769,0.3753062553373932,0.012605515148929445,256,11,0,0,0,0,0,0,0,2,0,0,0,0.022987597314534983,0
1,mitra,image_anomaly_mitra,1638,met_46879_primary_000__marker_zip_002__001.1077b22e..jpg..zip,data/raw/image_anomaly/anomalous/mitra/files/jpg/met_46879_primary_000/40514c00a7d66b7d469e/met_46879_primary_000__marker_zip_002__001.1077b22e..jpg..zip,1515231,61,2,1,0,0,0.22950819672131148,archive,0,0,0,1,0,1,0,1,0,0,35,7.926777253458942,7.988340858219542,0.37204558248874264,0.013258704448364638,256,11,0,0,0,0,0,0,0,0,0,0,0,0.0,0
1,mitra,image_anomaly_mitra,1639,met_46879_primary_000__marker_zip_002__002.96cd48d4..zip..jpg,data/raw/image_anomaly/anomalous/mitra/files/jpg/met_46879_primary_000/40514c00a7d66b7d469e/met_46879_primary_000__marker_zip_002__002.96cd48d4..zip..jpg,1515227,61,2,1,0,0,0.22950819672131148,image,0,0,0,1,0,1,1,0,0,0,35,7.926775948171056,3.0350676316740386,0.37204590467302917,0.013258739449600621,256,11,0,0,0,0,0,0,0,2,0,0,0,0.021691139347437712,0
1,mitra,image_anomaly_mitra,1640,met_46879_primary_000__marker_pdf_002__001.71403364..jpg..pdf,data/raw/image_anomaly/anomalous/mitra/files/jpg/met_46879_primary_000/ab3e1eea213a566df952/met_46879_primary_000__marker_pdf_002__001.71403364..jpg..pdf,1486031,61,2,1,0,0,0.22950819672131148,document,0,0,0,0,0,1,0,1,0,0,34,7.923684968304846,5.072845754531357,0.37359247552709196,0.01337118808423243,256,11,0,0,0,0,0,0,0,0,0,0,0,0.0,0
1,mitra,image_anomaly_mitra,1641,met_46879_primary_000__marker_pdf_001__001.cb6d9fae..jpg..pdf,data/raw/image_anomaly/anomalous/mitra/files/jpg/met_46879_primary_000/b10d2c5a6f77e493c0d4/met_46879_primary_000__marker_pdf_001__001.cb6d9fae..jpg..pdf,1484240,61,2,1,0,0,0.22950819672131148,document,0,0,0,0,0,1,0,1,0,0,34,7.9236525431605545,5.250824256483538,0.37286220557322264,0.013387322804937207,256,11,0,0,0,0,0,0,0,0,0,0,0,0.0,0
1,mitra,image_anomaly_mitra,1642,met_46879_primary_000__marker_zip_001__001.daf41e96..jpg..zip,data/raw/image_anomaly/anomalous/mitra/files/jpg/met_46879_primary_000/ceabe9c25d2b95e087a9/met_46879_primary_000__marker_zip_001__001.daf41e96..jpg..zip,1482745,61,2,1,0,0,0.22950819672131148,archive,0,0,0,1,0,1,0,1,0,0,35,7.923631903364143,4.331689337646189,0.37201609177572675,0.013460170157377027,256,11,0,0,0,0,0,0,0,0,0,0,0,0.0,0
1,mitra,image_anomaly_mitra,1643,met_46879_primary_000__marker_zip_001__002.d622dfad..zip..jpg,data/raw/image_anomaly/anomalous/mitra/files/jpg/met_46879_primary_000/ceabe9c25d2b95e087a9/met_46879_primary_000__marker_zip_001__002.d622dfad..zip..jpg,1482741,61,2,1,0,0,0.22950819672131148,image,0,0,0,1,0,1,1,0,0,0,35,7.923630679201955,3.0350676316740386,0.3720164209393279,0.013460206468965247,256,11,0,0,0,0,0,0,0,2,0,0,0,0.0014479939517420776,0
1,mitra,image_anomaly_mitra,1644,met_471147_additional_001__marker_zip_002__001.acc99cf0..jpg..zip,data/raw/image_anomaly/anomalous/mitra/files/jpg/met_471147_additional_001/4d9cf2d057ecc6d2a4c9/met_471147_additional_001__marker_zip_002__001.acc99cf0..jpg..zip,1451342,65,2,1,0,0,0.2153846153846154,archive,0,0,0,1,0,1,0,1,0,0,31,7.9580453648492515,7.988340858219542,0.37926346788007237,0.01215357923907666,256,24,0,0,0,0,0,0,0,0,0,0,0,0.0,0
1,mitra,image_anomaly_mitra,1645,met_471147_additional_001__marker_zip_002__002.cfce1921..zip..jpg,data/raw/image_anomaly/anomalous/mitra/files/jpg/met_471147_additional_001/4d9cf2d057ecc6d2a4c9/met_471147_additional_001__marker_zip_002__002.cfce1921..zip..jpg,1451338,65,2,1,0,0,0.2153846153846154,image,0,0,0,1,0,1,1,0,0,0,31,7.958045053882433,5.145151644918094,0.37926382414020715,0.012153612735282891,256,24,0,0,0,0,0,0,0,2,0,0,0,0.022645999760221257,0
1,mitra,image_anomaly_mitra,1646,met_471147_additional_001__marker_pdf_001__001.10846e14..jpg..pdf,data/raw/image_anomaly/anomalous/mitra/files/jpg/met_471147_additional_001/634a94b2f940814f5d43/met_471147_additional_001__marker_pdf_001__001.10846e14..jpg..pdf,1420351,65,2,1,0,0,0.2153846153846154,document,0,0,0,0,0,1,0,1,0,0,30,7.956292002928844,5.250824256483538,0.3802743124762823,0.012263869987066578,256,24,0,0,0,0,0,0,0,0,0,0,0,0.0,0
1,mitra,image_anomaly_mitra,1647,met_471147_additional_001__marker_pdf_002__001.ae526e22..jpg..pdf,data/raw/image_anomaly/anomalous/mitra/files/jpg/met_471147_additional_001/9e4a360874d1d64a5d59/met_471147_additional_001__marker_pdf_002__001.ae526e22..jpg..pdf,1422142,65,2,1,0,0,0.2153846153846154,document,0,0,0,0,0,1,0,1,0,0,30,7.956297607744128,5.072845754531357,0.38102805486371966,0.012248425262737476,256,24,0,0,0,0,0,0,0,0,0,0,0,0.0,0
1,mitra,image_anomaly_mitra,1648,met_471147_additional_001__marker_zip_001__001.bc04c1f1..jpg..zip,data/raw/image_anomaly/anomalous/mitra/files/jpg/met_471147_additional_001/b69a044de2517cc7fdf7/met_471147_additional_001__marker_zip_001__001.bc04c1f1..jpg..zip,1418856,65,2,1,0,0,0.2153846153846154,archive,0,0,0,1,0,1,0,1,0,0,31,7.956245728849074,5.435958467692624,0.3793979093015782,0.01233881380492453,256,24,0,0,0,0,0,0,0,0,0,0,0,0.0,0
1,mitra,image_anomaly_mitra,1649,met_471147_additional_001__marker_zip_001__002.4f236763..zip..jpg,data/raw/image_anomaly/anomalous/mitra/files/jpg/met_471147_additional_001/b69a044de2517cc7fdf7/met_471147_additional_001__marker_zip_001__002.4f236763..zip..jpg,1418852,65,2,1,0,0,0.2153846153846154,image,0,0,0,1,0,1,1,0,0,0,31,7.9562446670153975,5.145151644918094,0.37939827409765076,0.012338848590268752,256,24,0,0,0,0,0,0,0,2,0,0,0,0.0015131951746905244,0
1,mitra,image_anomaly_mitra,1650,met_471147_additional_002__marker_pdf_001__001.70239c9b..jpg..pdf,data/raw/image_anomaly/anomalous/mitra/files/jpg/met_471147_additional_002/3252388184a13e40a884/met_471147_additional_002__marker_pdf_001__001.70239c9b..jpg..pdf,2074457,65,2,1,0,0,0.2153846153846154,document,0,0,0,0,0,1,0,1,0,0,29,7.970157499255745,5.250824256483538,0.3781847490692745,0.011276685899008753,256,24,0,0,1,0,0,0,1,0,0,0,0,0.0,0
1,mitra,image_anomaly_mitra,1651,met_471147_additional_002__marker_pdf_002__001.a4673e3c..jpg..pdf,data/raw/image_anomaly/anomalous/mitra/files/jpg/met_471147_additional_002/635044903616644cb747/met_471147_additional_002__marker_pdf_002__001.a4673e3c..jpg..pdf,2076248,65,2,1,0,0,0.2153846153846154,document,0,0,0,0,0,1,0,1,0,0,29,7.970166068812359,5.072845754531357,0.37870283318755754,0.01126695847509546,256,24,0,0,1,0,0,0,1,0,0,0,0,0.0,0
1,mitra,image_anomaly_mitra,1652,met_471147_additional_002__marker_zip_002__001.abfc3087..jpg..zip,data/raw/image_anomaly/anomalous/mitra/files/jpg/met_471147_additional_002/ecc30f5933a6d8399905/met_471147_additional_002__marker_zip_002__001.abfc3087..jpg..zip,2105448,65,2,1,0,0,0.2153846153846154,archive,0,0,0,1,0,1,0,1,0,0,30,7.970971865217381,7.988340858219542,0.3775187038578013,0.011215190306291107,256,24,0,0,1,0,0,0,1,0,0,0,0,0.0,0
1,mitra,image_anomaly_mitra,1653,met_471147_additional_002__marker_zip_002__002.ef9b31e3..zip..jpg,data/raw/image_anomaly/anomalous/mitra/files/jpg/met_471147_additional_002/ecc30f5933a6d8399905/met_471147_additional_002__marker_zip_002__002.ef9b31e3..zip..jpg,2105444,65,2,1,0,0,0.2153846153846154,image,0,0,0,1,0,1,1,0,0,0,30,7.970971857375725,5.146925462864538,0.37751894612252807,0.011215211613322416,256,24,0,0,1,0,0,0,1,2,0,0,0,0.015610484059419297,0
1,mitra,image_anomaly_mitra,1654,met_471147_additional_002__marker_zip_001__001.40ffbc2c..jpg..zip,data/raw/image_anomaly/anomalous/mitra/files/jpg/met_471147_additional_002/f148e72c18a4c252810c/met_471147_additional_002__marker_zip_001__001.40ffbc2c..jpg..zip,2072962,65,2,1,0,0,0.2153846153846154,archive,0,0,0,1,0,1,0,1,0,0,30,7.970101857485397,5.436965485912271,0.3775833806890816,0.011327269867947411,256,24,0,0,1,0,0,0,1,0,0,0,0,0.0,0
1,mitra,image_anomaly_mitra,1655,met_471147_additional_002__marker_zip_001__002.3ee79fa8..zip..jpg,data/raw/image_anomaly/anomalous/mitra/files/jpg/met_471147_additional_002/f148e72c18a4c252810c/met_471147_additional_002__marker_zip_001__002.3ee79fa8..zip..jpg,2072958,65,2,1,0,0,0.2153846153846154,image,0,0,0,1,0,1,1,0,0,0,30,7.970101635838244,5.146925462864538,0.3775836268752189,0.011327291725157963,256,24,0,0,1,0,0,0,1,2,0,0,0,0.0010357180415618648,0
1,mitra,image_anomaly_mitra,1656,met_471147_additional_003__marker_pdf_002__001.f7089735..jpg..pdf,data/raw/image_anomaly/anomalous/mitra/files/jpg/met_471147_additional_003/0a22943a6c42d1606543/met_471147_additional_003__marker_pdf_002__001.f7089735..jpg..pdf,1434271,65,2,1,0,0,0.2153846153846154,document,0,0,0,0,0,1,0,1,0,0,33,7.94565615949276,5.072845754531357,0.3778658287032228,0.01647736027570801,256,24,0,0,0,0,0,0,0,0,0,0,0,0.0,0
1,mitra,image_anomaly_mitra,1657,met_471147_additional_003__marker_zip_002__001.5c4bb1bf..jpg..zip,data/raw/image_anomaly/anomalous/mitra/files/jpg/met_471147_additional_003/287ff8cd0738f7294e34/met_471147_additional_003__marker_zip_002__001.5c4bb1bf..jpg..zip,1463471,65,2,1,0,0,0.2153846153846154,archive,0,0,0,1,0,1,0,1,0,0,34,7.947619850811339,7.988340858219542,0.3761789608403583,0.016298922219845833,256,24,0,0,0,0,0,0,0,0,0,0,0,0.0,0
1,mitra,image_anomaly_mitra,1658,met_471147_additional_003__marker_zip_002__002.b6494d2d..zip..jpg,data/raw/image_anomaly/anomalous/mitra/files/jpg/met_471147_additional_003/287ff8cd0738f7294e34/met_471147_additional_003__marker_zip_002__002.b6494d2d..zip..jpg,1463467,65,2,1,0,0,0.2153846153846154,image,0,0,0,1,0,1,1,0,0,0,34,7.9476196752136365,5.151834400680241,0.37617930571717706,0.01629896676863913,256,24,0,0,0,0,0,0,0,2,0,0,0,0.02245831303336529,0
1,mitra,image_anomaly_mitra,1659,met_471147_additional_003__marker_zip_001__001.11b25675..jpg..zip,data/raw/image_anomaly/anomalous/mitra/files/jpg/met_471147_additional_003/9082683f79a55dcda396/met_471147_additional_003__marker_zip_001__001.11b25675..jpg..zip,1430985,65,2,1,0,0,0.2153846153846154,archive,0,0,0,1,0,1,0,1,0,0,34,7.945467632042238,5.43979781801655,0.3762422387376527,0.01657669367603434,256,24,0,0,0,0,0,0,0,0,0,0,0,0.0,0
1,mitra,image_anomaly_mitra,1660,met_471147_additional_003__marker_zip_001__002.4c49e6dc..zip..jpg,data/raw/image_anomaly/anomalous/mitra/files/jpg/met_471147_additional_003/9082683f79a55dcda396/met_471147_additional_003__marker_zip_001__002.4c49e6dc..zip..jpg,1430981,65,2,1,0,0,0.2153846153846154,image,0,0,0,1,0,1,1,0,0,0,34,7.945466825432345,5.151834400680241,0.37624259162071333,0.016576740012620713,256,24,0,0,0,0,0,0,0,2,0,0,0,0.0015003693270560546,0
1,mitra,image_anomaly_mitra,1661,met_471147_additional_003__marker_pdf_001__001.b480ea6d..jpg..pdf,data/raw/image_anomaly/anomalous/mitra/files/jpg/met_471147_additional_003/923613647e68054da1ad/met_471147_additional_003__marker_pdf_001__001.b480ea6d..jpg..pdf,1432480,65,2,1,0,0,0.2153846153846154,document,0,0,0,0,0,1,0,1,0,0,33,7.945602110247202,5.250824256483538,0.37711451468781415,0.016497961577124985,256,24,0,0,0,0,0,0,0,0,0,0,0,0.0,0
1,mitra,image_anomaly_mitra,1662,met_471147_additional_004__marker_zip_002__001.6ecd3b7b..jpg..zip,data/raw/image_anomaly/anomalous/mitra/files/jpg/met_471147_additional_004/3c5a3a36a771d1fd6e4a/met_471147_additional_004__marker_zip_002__001.6ecd3b7b..jpg..zip,253340,65,2,1,0,0,0.2153846153846154,archive,0,0,0,1,0,1,0,1,0,0,2,7.83634344518162,7.988340858219542,0.35911028657140603,0.027322965185126707,256,6,0,1,0,0,0,1,1,0,0,0,0,0.0,0
1,mitra,image_anomaly_mitra,1663,met_471147_additional_004__marker_zip_002__002.09f6dc84..zip..jpg,data/raw/image_anomaly/anomalous/mitra/files/jpg/met_471147_additional_004/3c5a3a36a771d1fd6e4a/met_471147_additional_004__marker_zip_002__002.09f6dc84..zip..jpg,253336,65,2,1,0,0,0.2153846153846154,image,0,0,0,1,0,1,1,0,0,0,2,7.8363364875270705,3.4791100544290456,0.35911200934727006,0.027323396595825306,256,6,0,1,0,0,0,1,1,2,0,0,0,0.12973679224429216,0
1,mitra,image_anomaly_mitra,1664,met_471147_additional_004__marker_pdf_001__001.f3111042..jpg..pdf,data/raw/image_anomaly/anomalous/mitra/files/jpg/met_471147_additional_004/b53154ca80d4a01497d5/met_471147_additional_004__marker_pdf_001__001.f3111042..jpg..pdf,222349,65,2,1,0,0,0.2153846153846154,document,0,0,0,0,0,1,0,1,0,0,1,7.7915978565741595,5.250824256483538,0.3627585462493647,0.030141804100760516,256,6,0,1,0,0,0,1,1,0,0,0,0,0.0,0
1,mitra,image_anomaly_mitra,1665,met_471147_additional_004__marker_zip_001__001.67ad0aff..jpg..zip,data/raw/image_anomaly/anomalous/mitra/files/jpg/met_471147_additional_004/fbd661e41b9029826090/met_471147_additional_004__marker_zip_001__001.67ad0aff..jpg..zip,220854,65,2,1,0,0,0.2153846153846154,archive,0,0,0,1,0,1,0,1,0,0,2,7.790265032077249,3.470989585339552,0.3570096081574253,0.030744292609597292,256,6,0,1,0,0,0,1,1,0,0,0,0,0.0,0
1,mitra,image_anomaly_mitra,1666,met_471147_additional_004__marker_zip_001__002.af7bb3ac..zip..jpg,data/raw/image_anomaly/anomalous/mitra/files/jpg/met_471147_additional_004/fbd661e41b9029826090/met_471147_additional_004__marker_zip_001__002.af7bb3ac..zip..jpg,220850,65,2,1,0,0,0.2153846153846154,image,0,0,0,1,0,1,1,0,0,0,2,7.790254300872043,3.4791100544290456,0.3570115462983926,0.030744849445324882,256,6,0,1,0,0,0,1,1,2,0,0,0,0.009721530450532036,0
1,mitra,image_anomaly_mitra,1667,met_471147_additional_004__marker_pdf_002__001.fd848291..jpg..pdf,data/raw/image_anomaly/anomalous/mitra/files/jpg/met_471147_additional_004/feb82ae15ed176ab4408/met_471147_additional_004__marker_pdf_002__001.fd848291..jpg..pdf,224140,65,2,1,0,0,0.2153846153846154,document,0,0,0,0,0,1,0,1,0,0,1,7.793246584232395,5.072845754531357,0.3676809137146426,0.029900954760417597,256,6,0,1,0,0,0,1,1,0,0,0,0,0.0,0
1,mitra,image_anomaly_mitra,1668,met_471147_primary_000__marker_zip_001__001.1389901b..jpg..zip,data/raw/image_anomaly/anomalous/mitra/files/jpg/met_471147_primary_000/3cb29638c3d27a911504/met_471147_primary_000__marker_zip_001__001.1389901b..jpg..zip,2111638,62,2,1,0,0,0.22580645161290322,archive,0,0,0,1,0,1,0,1,0,0,35,7.971539726328868,5.443790719133831,0.3784038741488835,0.010662812470698103,256,24,0,0,0,0,0,0,0,0,0,0,0,0.0,0
1,mitra,image_anomaly_mitra,1669,met_471147_primary_000__marker_zip_001__002.67f0b176..zip..jpg,data/raw/image_anomaly/anomalous/mitra/files/jpg/met_471147_primary_000/3cb29638c3d27a911504/met_471147_primary_000__marker_zip_001__002.67f0b176..zip..jpg,2111634,62,2,1,0,0,0.22580645161290322,image,0,0,0,1,0,1,1,0,0,0,35,7.971539209680196,5.154500412268045,0.3784041173801899,0.01066283266891895,256,24,0,0,0,0,0,0,0,2,0,0,0,0.0010167481675328206,0
1,mitra,image_anomaly_mitra,1670,met_471147_primary_000__marker_pdf_001__001.55da1be1..jpg..pdf,data/raw/image_anomaly/anomalous/mitra/files/jpg/met_471147_primary_000/6b01331f00028fcc8c17/met_471147_primary_000__marker_pdf_001__001.55da1be1..jpg..pdf,2113133,62,2,1,0,0,0.22580645161290322,document,0,0,0,0,0,1,0,1,0,0,34,7.971607390578802,5.250824256483538,0.37899365539225405,0.010613624414554124,256,24,0,0,0,0,0,0,0,0,0,0,0,0.0,0
1,mitra,image_anomaly_mitra,1671,met_471147_primary_000__marker_pdf_002__001.9ade7fbe..jpg..pdf,data/raw/image_anomaly/anomalous/mitra/files/jpg/met_471147_primary_000/7ec4c9d360cbf2009e73/met_471147_primary_000__marker_pdf_002__001.9ade7fbe..jpg..pdf,2114924,62,2,1,0,0,0.22580645161290322,document,0,0,0,0,0,1,0,1,0,0,34,7.971620147068875,5.072845754531357,0.3795015801986265,0.010604636384097017,256,24,0,0,0,0,0,0,0,0,0,0,0,0.0,0
1,mitra,image_anomaly_mitra,1672,met_471147_primary_000__marker_zip_002__001.951bb604..jpg..zip,data/raw/image_anomaly/anomalous/mitra/files/jpg/met_471147_primary_000/919199eedf3b49f306b7/met_471147_primary_000__marker_zip_002__001.951bb604..jpg..zip,2144124,62,2,1,0,0,0.22580645161290322,archive,0,0,0,1,0,1,0,1,0,0,35,7.972361302587883,7.988340858219542,0.37832793252629043,0.010562821926343812,256,24,0,0,0,0,0,0,0,0,0,0,0,0.0,0
1,mitra,image_anomaly_mitra,1673,met_471147_primary_000__marker_zip_002__002.2547295f..zip..jpg,data/raw/image_anomaly/anomalous/mitra/files/jpg/met_471147_primary_000/919199eedf3b49f306b7/met_471147_primary_000__marker_zip_002__002.2547295f..zip..jpg,2144120,62,2,1,0,0,0.22580645161290322,image,0,0,0,1,0,1,1,0,0,0,35,7.972361162572053,5.154500412268045,0.3783281719306755,0.010562841631998209,256,24,0,0,0,0,0,0,0,2,0,0,0,0.015328899501893551,0
1,mitra,image_anomaly_mitra,1674,met_478503_primary_000__marker_zip_002__001.c2ddb76f..jpg..zip,data/raw/image_anomaly/anomalous/mitra/files/jpg/met_478503_primary_000/3a99ff93c36562ba9e3b/met_478503_primary_000__marker_zip_002__001.c2ddb76f..jpg..zip,532683,62,2,1,0,0,0.22580645161290322,archive,0,0,0,1,0,1,0,1,0,0,8,7.894035704356367,7.988340858219542,0.38110846413345273,0.009795694625133522,256,6,1,1,0,0,0,1,1,0,0,0,0,0.0,0
1,mitra,image_anomaly_mitra,1675,met_478503_primary_000__marker_zip_002__002.a8c990f3..zip..jpg,data/raw/image_anomaly/anomalous/mitra/files/jpg/met_478503_primary_000/3a99ff93c36562ba9e3b/met_478503_primary_000__marker_zip_002__002.a8c990f3..zip..jpg,532679,62,2,1,0,0,0.22580645161290322,image,0,0,0,1,0,1,1,0,0,0,8,7.8940297305980005,3.5394649503158395,0.3811094486548184,0.009795768183089628,256,6,1,1,0,0,0,1,1,2,0,0,0,0.0617013248128798,0
1,mitra,image_anomaly_mitra,1676,met_478503_primary_000__marker_pdf_002__001.2154cdf6..jpg..pdf,data/raw/image_anomaly/anomalous/mitra/files/jpg/met_478503_primary_000/e2e5deb373c936ec79a7/met_478503_primary_000__marker_pdf_002__001.2154cdf6..jpg..pdf,503483,62,2,1,0,0,0.22580645161290322,document,0,0,0,0,0,1,0,1,0,0,7,7.880177456986433,5.072845754531357,0.3861997326622746,0.009926849565923775,256,6,1,1,0,0,0,1,1,0,0,0,0,0.0,0
1,mitra,image_anomaly_mitra,1677,met_478503_primary_000__marker_zip_001__001.0dc86f29..jpg..zip,data/raw/image_anomaly/anomalous/mitra/files/jpg/met_478503_primary_000/e6e292fc9f923dc9ad3d/met_478503_primary_000__marker_zip_001__001.0dc86f29..jpg..zip,500197,62,2,1,0,0,0.22580645161290322,archive,0,0,0,1,0,1,0,1,0,0,8,7.879434557785241,3.525203921718775,0.381609645799555,0.010167993810438687,256,6,1,1,0,0,0,1,1,0,0,0,0,0.0,0
1,mitra,image_anomaly_mitra,1678,met_478503_primary_000__marker_zip_001__002.dd148b77..zip..jpg,data/raw/image_anomaly/anomalous/mitra/files/jpg/met_478503_primary_000/e6e292fc9f923dc9ad3d/met_478503_primary_000__marker_zip_001__002.dd148b77..zip..jpg,500193,62,2,1,0,0,0.22580645161290322,image,0,0,0,1,0,1,1,0,0,0,8,7.879425161500597,3.5394649503158395,0.3816106982704676,0.010168075123002522,256,6,1,1,0,0,0,1,1,2,0,0,0,0.004292343155541961,0
1,mitra,image_anomaly_mitra,1679,met_478503_primary_000__marker_pdf_001__001.ea22324f..jpg..pdf,data/raw/image_anomaly/anomalous/mitra/files/jpg/met_478503_primary_000/fdd4dce2f65bf92a4039/met_478503_primary_000__marker_pdf_001__001.ea22324f..jpg..pdf,501692,62,2,1,0,0,0.22580645161290322,document,0,0,0,0,0,1,0,1,0,0,7,7.879864542030844,5.250824256483538,0.38408425886799075,0.009962287618698325,256,6,1,1,0,0,0,1,1,0,0,0,0,0.0,0
1,mitra,image_anomaly_mitra,1680,met_49546_primary_000__marker_zip_001__001.72e6eb95..jpg..zip,data/raw/image_anomaly/anomalous/mitra/files/jpg/met_49546_primary_000/4b4827a594f0ad36946a/met_49546_primary_000__marker_zip_001__001.72e6eb95..jpg..zip,2101422,61,2,1,0,0,0.22950819672131148,archive,0,0,0,1,0,1,0,1,0,0,23,7.951012380747028,5.718377453658262,0.3781310940877177,0.014544437052624365,256,15,0,0,0,0,0,0,0,0,0,0,0,0.0,0
1,mitra,image_anomaly_mitra,1681,met_49546_primary_000__marker_zip_001__002.d2567b46..zip..jpg,data/raw/image_anomaly/anomalous/mitra/files/jpg/met_49546_primary_000/4b4827a594f0ad36946a/met_49546_primary_000__marker_zip_001__002.d2567b46..zip..jpg,2101418,61,2,1,0,0,0.22950819672131148,image,0,0,0,1,0,1,1,0,0,0,23,7.9510110510751755,5.0083915802359416,0.3781313379822577,0.014544464737620026,256,15,0,0,0,0,0,0,0,2,0,0,0,0.0010216910676505103,0
1,mitra,image_anomaly_mitra,1682,met_49546_primary_000__marker_pdf_002__001.59ae748c..jpg..pdf,data/raw/image_anomaly/anomalous/mitra/files/jpg/met_49546_primary_000/820228b8cf5a2091f917/met_49546_primary_000__marker_pdf_002__001.59ae748c..jpg..pdf,2104708,61,2,1,0,0,0.22950819672131148,document,0,0,0,0,0,1,0,1,0,0,22,7.951054368101735,5.072845754531357,0.37923455415192986,0.014479918354470074,256,15,0,0,0,0,0,0,0,0,0,0,0,0.0,0
1,mitra,image_anomaly_mitra,1683,met_49546_primary_000__marker_pdf_001__001.db9ee60c..jpg..pdf,data/raw/image_anomaly/anomalous/mitra/files/jpg/met_49546_primary_000/d219e52494709099633a/met_49546_primary_000__marker_pdf_001__001.db9ee60c..jpg..pdf,2102917,61,2,1,0,0,0.22950819672131148,document,0,0,0,0,0,1,0,1,0,0,22,7.951052420032142,5.250824256483538,0.3787239344206167,0.014492250526292765,256,15,0,0,0,0,0,0,0,0,0,0,0,0.0,0
1,mitra,image_anomaly_mitra,1684,met_49546_primary_000__marker_zip_002__001.ed691102..jpg..zip,data/raw/image_anomaly/anomalous/mitra/files/jpg/met_49546_primary_000/d9f7d5e8abb7321fe60b/met_49546_primary_000__marker_zip_002__001.ed691102..jpg..zip,2133908,61,2,1,0,0,0.22950819672131148,archive,0,0,0,1,0,1,0,1,0,0,23,7.9524258016142255,7.988340858219542,0.3780589416226004,0.014384875074276866,256,15,0,0,0,0,0,0,0,0,0,0,0,0.0,0
1,mitra,image_anomaly_mitra,1685,met_49546_primary_000__marker_zip_002__002.5f59fc24..zip..jpg,data/raw/image_anomaly/anomalous/mitra/files/jpg/met_49546_primary_000/d9f7d5e8abb7321fe60b/met_49546_primary_000__marker_zip_002__002.5f59fc24..zip..jpg,2133904,61,2,1,0,0,0.22950819672131148,image,0,0,0,1,0,1,1,0,0,0,23,7.952424652812929,5.0083915802359416,0.37805918166890357,0.014384902038704647,256,15,0,0,0,0,0,0,0,2,0,0,0,0.015402286138457963,0
1,mitra,image_anomaly_mitra,1686,met_505155_primary_000__marker_pdf_002__001.7e41520f..jpg..pdf,data/raw/image_anomaly/anomalous/mitra/files/jpg/met_505155_primary_000/52a083306bdf276dccc3/met_505155_primary_000__marker_pdf_002__001.7e41520f..jpg..pdf,112918,62,2,1,0,0,0.22580645161290322,document,0,0,0,0,0,1,0,1,0,0,1,7.875435227157993,5.072845754531357,0.4059051701234524,0.014054446589560565,256,6,0,0,0,0,0,0,0,0,0,0,0,0.0,0
1,mitra,image_anomaly_mitra,1687,met_505155_primary_000__marker_zip_002__001.97dbe9a8..jpg..zip,data/raw/image_anomaly/anomalous/mitra/files/jpg/met_505155_primary_000/63a9a138112de61e5f6d/met_505155_primary_000__marker_zip_002__001.97dbe9a8..jpg..zip,142118,62,2,1,0,0,0.22580645161290322,archive,0,0,0,1,0,1,0,1,0,0,2,7.922747316212734,7.988340858219542,0.3827734699334356,0.012714786304338649,256,6,0,0,0,0,0,0,0,0,0,0,0,0.0,0
1,mitra,image_anomaly_mitra,1688,met_505155_primary_000__marker_zip_002__002.e9ece2de..zip..jpg,data/raw/image_anomaly/anomalous/mitra/files/jpg/met_505155_primary_000/63a9a138112de61e5f6d/met_505155_primary_000__marker_zip_002__002.e9ece2de..zip..jpg,142114,62,2,1,0,0,0.22580645161290322,image,0,0,0,1,0,1,1,0,0,0,2,7.922740869633355,3.497582891355946,0.3827772070309751,0.012715144180024488,256,6,0,0,0,0,0,0,0,2,0,0,0,0.23127207734635574,0
1,mitra,image_anomaly_mitra,1689,met_505155_primary_000__marker_pdf_001__001.47be3b53..jpg..pdf,data/raw/image_anomaly/anomalous/mitra/files/jpg/met_505155_primary_000/85317787a7b7bc523687/met_505155_primary_000__marker_pdf_001__001.47be3b53..jpg..pdf,111127,62,2,1,0,0,0.22580645161290322,document,0,0,0,0,0,1,0,1,0,0,1,7.876537443249894,5.250824256483538,0.3966722758645514,0.014280957823031307,256,6,0,0,0,0,0,0,0,0,0,0,0,0.0,0
1,mitra,image_anomaly_mitra,1690,met_505155_primary_000__marker_zip_001__001.f7736f8f..jpg..zip,data/raw/image_anomaly/anomalous/mitra/files/jpg/met_505155_primary_000/ba1251f166ee9d879daa/met_505155_primary_000__marker_zip_001__001.f7736f8f..jpg..zip,109632,62,2,1,0,0,0.22580645161290322,archive,0,0,0,1,0,1,0,1,0,0,2,7.87770513992618,3.4829289127885112,0.3855534880326912,0.015278385872737887,256,6,0,0,0,0,0,0,0,0,0,0,0,0.0,0
1,mitra,image_anomaly_mitra,1691,met_505155_primary_000__marker_zip_001__002.202758ef..zip..jpg,data/raw/image_anomaly/anomalous/mitra/files/jpg/met_505155_primary_000/ba1251f166ee9d879daa/met_505155_primary_000__marker_zip_001__002.202758ef..zip..jpg,109628,62,2,1,0,0,0.22580645161290322,image,0,0,0,1,0,1,1,0,0,0,2,7.877693582792461,3.497582891355946,0.3855584339767213,0.015278943335644179,256,6,0,0,0,0,0,0,0,2,0,0,0,0.019584412741270478,0
1,mitra,image_anomaly_mitra,1692,met_52357_primary_000__marker_zip_001__001.760ab0df..jpg..zip,data/raw/image_anomaly/anomalous/mitra/files/jpg/met_52357_primary_000/8ab6c489c805407a90c2/met_52357_primary_000__marker_zip_001__001.760ab0df..jpg..zip,318130,61,2,1,0,0,0.22950819672131148,archive,0,0,0,1,0,1,0,1,0,0,8,7.770408868536227,3.4720091434640596,0.3727972841291296,0.0368497155250998,256,6,0,1,0,0,0,1,1,0,0,0,0,0.0,0
1,mitra,image_anomaly_mitra,1693,met_52357_primary_000__marker_zip_001__002.cc680a33..zip..jpg,data/raw/image_anomaly/anomalous/mitra/files/jpg/met_52357_primary_000/8ab6c489c805407a90c2/met_52357_primary_000__marker_zip_001__002.cc680a33..zip..jpg,318126,61,2,1,0,0,0.22950819672131148,image,0,0,0,1,0,1,1,0,0,0,8,7.770394569932669,3.4811883177849308,0.37279882813727894,0.036850178859948575,256,6,0,1,0,0,0,1,1,2,0,0,0,0.00674889823529042,0
1,mitra,image_anomaly_mitra,1694,met_52357_primary_000__marker_pdf_002__001.e80d49f5..jpg..pdf,data/raw/image_anomaly/anomalous/mitra/files/jpg/met_52357_primary_000/9ec07f037d20b3c898ab/met_52357_primary_000__marker_pdf_002__001.e80d49f5..jpg..pdf,321416,61,2,1,0,0,0.22950819672131148,document,0,0,0,0,0,1,0,1,0,0,7,7.772210381210665,5.072845754531357,0.3800775319212485,0.03619919356845957,256,6,0,1,0,0,0,1,1,0,0,0,0,0.0,0
1,mitra,image_anomaly_mitra,1695,met_52357_primary_000__marker_pdf_001__001.8a75977d..jpg..pdf,data/raw/image_anomaly/anomalous/mitra/files/jpg/met_52357_primary_000/b54189cb5ba71c5ed81d/met_52357_primary_000__marker_pdf_001__001.8a75977d..jpg..pdf,319625,61,2,1,0,0,0.22950819672131148,document,0,0,0,0,0,1,0,1,0,0,7,7.7712388483474255,5.250824256483538,0.3767227219397732,0.03640203363316386,256,6,0,1,0,0,0,1,1,0,0,0,0,0.0,0
1,mitra,image_anomaly_mitra,1696,met_52357_primary_000__marker_zip_002__001.2f074f65..jpg..zip,data/raw/image_anomaly/anomalous/mitra/files/jpg/met_52357_primary_000/debd8e03db32f572150a/met_52357_primary_000__marker_zip_002__001.2f074f65..jpg..zip,350616,61,2,1,0,0,0.22950819672131148,archive,0,0,0,1,0,1,0,1,0,0,8,7.806594789875546,7.988340858219542,0.3728523512903005,0.03381191959294499,256,6,0,1,0,0,0,1,1,0,0,0,0,0.0,0
1,mitra,image_anomaly_mitra,1697,met_52357_primary_000__marker_zip_002__002.f35dab2e..zip..jpg,data/raw/image_anomaly/anomalous/mitra/files/jpg/met_52357_primary_000/debd8e03db32f572150a/met_52357_primary_000__marker_zip_002__002.f35dab2e..zip..jpg,350612,61,2,1,0,0,0.22950819672131148,image,0,0,0,1,0,1,1,0,0,0,8,7.806585296297312,3.4811883177849308,0.3728537528664164,0.033812305340376256,256,6,0,1,0,0,0,1,1,2,0,0,0,0.09374180005247966,0
1,mitra,image_anomaly_mitra,1698,met_543898_additional_001__marker_pdf_001__001.4e2412a5..jpg..pdf,data/raw/image_anomaly/anomalous/mitra/files/jpg/met_543898_additional_001/0d6a5486177211db259d/met_543898_additional_001__marker_pdf_001__001.4e2412a5..jpg..pdf,1151800,65,2,1,0,0,0.2153846153846154,document,0,0,0,0,0,1,0,1,0,0,36,7.9137690977871475,5.250824256483538,0.3850894252474388,0.01404497308560514,256,22,0,0,0,0,0,0,0,0,0,0,0,0.0,0
1,mitra,image_anomaly_mitra,1699,met_543898_additional_001__marker_zip_002__001.a68bdcbe..jpg..zip,data/raw/image_anomaly/anomalous/mitra/files/jpg/met_543898_additional_001/753985645def29da0cc5/met_543898_additional_001__marker_zip_002__001.a68bdcbe..jpg..zip,1182791,65,2,1,0,0,0.2153846153846154,archive,0,0,0,1,0,1,0,1,0,0,37,7.918481163607071,7.988340858219542,0.3837229062446366,0.013862973255630115,256,22,0,0,0,0,0,0,0,0,0,0,0,0.0,0
1,mitra,image_anomaly_mitra,1700,met_543898_additional_001__marker_zip_002__002.cc34ac48..zip..jpg,data/raw/image_anomaly/anomalous/mitra/files/jpg/met_543898_additional_001/753985645def29da0cc5/met_543898_additional_001__marker_zip_002__002.cc34ac48..zip..jpg,1182787,65,2,1,0,0,0.2153846153846154,image,0,0,0,1,0,1,1,0,0,0,37,7.918478883060636,4.9748900395001385,0.3837233584745182,0.013863020138029924,256,22,0,0,0,0,0,0,0,2,0,0,0,0.02778775891179054,0
1,mitra,image_anomaly_mitra,1701,met_543898_additional_001__marker_pdf_002__001.19741b0e..jpg..pdf,data/raw/image_anomaly/anomalous/mitra/files/jpg/met_543898_additional_001/869de48b039c49cb8ba9/met_543898_additional_001__marker_pdf_002__001.19741b0e..jpg..pdf,1153591,65,2,1,0,0,0.2153846153846154,document,0,0,0,0,0,1,0,1,0,0,36,7.913700393292554,5.072845754531357,0.3860111599345002,0.014023167656474435,256,22,0,0,0,0,0,0,0,0,0,0,0,0.0,0
1,mitra,image_anomaly_mitra,1702,met_543898_additional_001__marker_zip_001__001.cc1f378d..jpg..zip,data/raw/image_anomaly/anomalous/mitra/files/jpg/met_543898_additional_001/f10ab041cb741143e3c8/met_543898_additional_001__marker_zip_001__001.cc1f378d..jpg..zip,1150305,65,2,1,0,0,0.2153846153846154,archive,0,0,0,1,0,1,0,1,0,0,37,7.913925730236979,5.668707833645942,0.3840146743689717,0.014139728159053469,256,22,0,0,0,0,0,0,0,0,0,0,0,0.0,0
1,mitra,image_anomaly_mitra,1703,met_543898_additional_001__marker_zip_001__002.7cf86714..zip..jpg,data/raw/image_anomaly/anomalous/mitra/files/jpg/met_543898_additional_001/f10ab041cb741143e3c8/met_543898_additional_001__marker_zip_001__002.7cf86714..zip..jpg,1150301,65,2,1,0,0,0.2153846153846154,image,0,0,0,1,0,1,1,0,0,0,37,7.913923521946316,4.9748900395001385,0.3840151403849949,0.014139777327847233,256,22,0,0,0,0,0,0,0,2,0,0,0,0.0018664679940293889,0
1,mitra,image_anomaly_mitra,1704,met_543898_additional_002__marker_zip_001__001.c4ef013a..jpg..zip,data/raw/image_anomaly/anomalous/mitra/files/jpg/met_543898_additional_002/60e57ca970566212285e/met_543898_additional_002__marker_zip_001__001.c4ef013a..jpg..zip,1113780,65,2,1,0,0,0.2153846153846154,archive,0,0,0,1,0,1,0,1,0,0,27,7.908896445762338,5.670226607603326,0.3835649769254251,0.014437321553628184,256,22,0,0,0,0,0,0,0,0,0,0,0,0.0,0
1,mitra,image_anomaly_mitra,1705,met_543898_additional_002__marker_zip_001__002.db226032..zip..jpg,data/raw/image_anomaly/anomalous/mitra/files/jpg/met_543898_additional_002/60e57ca970566212285e/met_543898_additional_002__marker_zip_001__002.db226032..zip..jpg,1113776,65,2,1,0,0,0.2153846153846154,image,0,0,0,1,0,1,1,0,0,0,27,7.9088941002303,4.976336868682777,0.3835654566088693,0.014437373403628736,256,22,0,0,0,0,0,0,0,2,0,0,0,0.0019276766602979415,0
1,mitra,image_anomaly_mitra,1706,met_543898_additional_002__marker_pdf_002__001.0f51337a..jpg..pdf,data/raw/image_anomaly/anomalous/mitra/files/jpg/met_543898_additional_002/9cec748f22a923031dd0/met_543898_additional_002__marker_pdf_002__001.0f51337a..jpg..pdf,1117066,65,2,1,0,0,0.2153846153846154,document,0,0,0,0,0,1,0,1,0,0,26,7.908696740855295,5.072845754531357,0.3856280649487139,0.014316074430696128,256,22,0,0,0,0,0,0,0,0,0,0,0,0.0,0
1,mitra,image_anomaly_mitra,1707,met_543898_additional_002__marker_zip_002__001.e85a66cd..jpg..zip,data/raw/image_anomaly/anomalous/mitra/files/jpg/met_543898_additional_002/d834c446b278e51ae4de/met_543898_additional_002__marker_zip_002__001.e85a66cd..jpg..zip,1146266,65,2,1,0,0,0.2153846153846154,archive,0,0,0,1,0,1,0,1,0,0,27,7.913853032220748,7.988340858219542,0.3832766565526675,0.014143314030076789,256,22,0,0,0,0,0,0,0,0,0,0,0,0.0,0
1,mitra,image_anomaly_mitra,1708,met_543898_additional_002__marker_zip_002__002.46ee6622..zip..jpg,data/raw/image_anomaly/anomalous/mitra/files/jpg/met_543898_additional_002/d834c446b278e51ae4de/met_543898_additional_002__marker_zip_002__002.46ee6622..zip..jpg,1146262,65,2,1,0,0,0.2153846153846154,image,0,0,0,1,0,1,1,0,0,0,27,7.913850719987177,4.976336868682777,0.3832771216353678,0.014143363384636322,256,22,0,0,0,0,0,0,0,2,0,0,0,0.02867320036780422,0
1,mitra,image_anomaly_mitra,1709,met_543898_additional_002__marker_pdf_001__001.81d7d0e8..jpg..pdf,data/raw/image_anomaly/anomalous/mitra/files/jpg/met_543898_additional_002/e0893777ea346ef7430d/met_543898_additional_002__marker_pdf_001__001.81d7d0e8..jpg..pdf,1115275,65,2,1,0,0,0.2153846153846154,document,0,0,0,0,0,1,0,1,0,0,26,7.908753854254439,5.250824256483538,0.384675528457107,0.014339064356324673,256,22,0,0,0,0,0,0,0,0,0,0,0,0.0,0
1,mitra,image_anomaly_mitra,1710,met_543898_additional_003__marker_zip_002__001.f5fe3c2c..jpg..zip,data/raw/image_anomaly/anomalous/mitra/files/jpg/met_543898_additional_003/0d5f0e1dda64433c3b87/met_543898_additional_003__marker_zip_002__001.f5fe3c2c..jpg..zip,970344,65,2,1,0,0,0.2153846153846154,archive,0,0,0,1,0,1,0,1,0,0,27,7.922825627645942,7.988340858219542,0.3885251003767736,0.013211809420164396,256,22,0,0,0,0,0,0,0,0,0,0,0,0.0,0
1,mitra,image_anomaly_mitra,1711,met_543898_additional_003__marker_zip_002__002.d079a95d..zip..jpg,data/raw/image_anomaly/anomalous/mitra/files/jpg/met_543898_additional_003/0d5f0e1dda64433c3b87/met_543898_additional_003__marker_zip_002__002.d079a95d..zip..jpg,970340,65,2,1,0,0,0.2153846153846154,image,0,0,0,1,0,1,1,0,0,0,27,7.922822714490852,4.972701585060071,0.3885256714141435,0.013211863882762742,256,22,0,0,0,0,0,0,0,2,0,0,0,0.03387163262361646,0
1,mitra,image_anomaly_mitra,1712,met_543898_additional_003__marker_pdf_002__001.8bef78d9..jpg..pdf,data/raw/image_anomaly/anomalous/mitra/files/jpg/met_543898_additional_003/27b64c96a2f297964a7d/met_543898_additional_003__marker_pdf_002__001.8bef78d9..jpg..pdf,941144,65,2,1,0,0,0.2153846153846154,document,0,0,0,0,0,1,0,1,0,0,26,7.917101042247554,5.072845754531357,0.3914788810213952,0.013387961884685022,256,22,0,0,0,0,0,0,0,0,0,0,0,0.0,0
1,mitra,image_anomaly_mitra,1713,met_543898_additional_003__marker_zip_001__001.198bc44c..jpg..zip,data/raw/image_anomaly/anomalous/mitra/files/jpg/met_543898_additional_003/9768748791fc8fdbeda2/met_543898_additional_003__marker_zip_001__001.198bc44c..jpg..zip,937858,65,2,1,0,0,0.2153846153846154,archive,0,0,0,1,0,1,0,1,0,0,27,7.917505297391924,5.666632698621727,0.38904930170665497,0.013528700506899765,256,22,0,0,0,0,0,0,0,0,0,0,0,0.0,0
1,mitra,image_anomaly_mitra,1714,met_543898_additional_003__marker_zip_001__002.4d53a1e4..zip..jpg,data/raw/image_anomaly/anomalous/mitra/files/jpg/met_543898_additional_003/9768748791fc8fdbeda2/met_543898_additional_003__marker_zip_001__002.4d53a1e4..zip..jpg,937854,65,2,1,0,0,0.2153846153846154,image,0,0,0,1,0,1,1,0,0,0,27,7.917502059524771,4.972701585060071,0.3890498947597387,0.01352875820756749,256,22,0,0,0,0,0,0,0,2,0,0,0,0.0022892689053946565,0
1,mitra,image_anomaly_mitra,1715,met_543898_additional_003__marker_pdf_001__001.7c452c51..jpg..pdf,data/raw/image_anomaly/anomalous/mitra/files/jpg/met_543898_additional_003/dc2bb74dca5dc53d2d1c/met_543898_additional_003__marker_pdf_001__001.7c452c51..jpg..pdf,939353,65,2,1,0,0,0.2153846153846154,document,0,0,0,0,0,1,0,1,0,0,26,7.917246159693759,5.250824256483538,0.39035910887600295,0.013413487794258388,256,22,0,0,0,0,0,0,0,0,0,0,0,0.0,0
1,mitra,image_anomaly_mitra,1716,met_543898_additional_004__marker_zip_001__001.91b1bd20..jpg..zip,data/raw/image_anomaly/anomalous/mitra/files/jpg/met_543898_additional_004/1a97d8be43accaec749c/met_543898_additional_004__marker_zip_001__001.91b1bd20..jpg..zip,1133296,65,2,1,0,0,0.2153846153846154,archive,0,0,0,1,0,1,0,1,0,0,26,7.906013231144125,5.668238923115278,0.3826881944346402,0.014607834140418743,256,22,0,0,0,0,0,0,0,0,0,0,0,0.0,0
1,mitra,image_anomaly_mitra,1717,met_543898_additional_004__marker_zip_001__002.675d3443..zip..jpg,data/raw/image_anomaly/anomalous/mitra/files/jpg/met_543898_additional_004/1a97d8be43accaec749c/met_543898_additional_004__marker_zip_001__002.675d3443..zip..jpg,1133292,65,2,1,0,0,0.2153846153846154,image,0,0,0,1,0,1,1,0,0,0,26,7.9060108328154595,4.974273171444798,0.3826886627629949,0.0146078856993608,256,22,0,0,0,0,0,0,0,2,0,0,0,0.0018944808575371572,0
1,mitra,image_anomaly_mitra,1718,met_543898_additional_004__marker_pdf_001__001.02fe1272..jpg..pdf,data/raw/image_anomaly/anomalous/mitra/files/jpg/met_543898_additional_004/37e46e1aaaba2da74ca1/met_543898_additional_004__marker_pdf_001__001.02fe1272..jpg..pdf,1134791,65,2,1,0,0,0.2153846153846154,document,0,0,0,0,0,1,0,1,0,0,25,7.905874184527131,5.250824256483538,0.3837808019274034,0.014511042121412665,256,22,0,0,0,0,0,0,0,0,0,0,0,0.0,0
1,mitra,image_anomaly_mitra,1719,met_543898_additional_004__marker_zip_002__001.c5f0e656..jpg..zip,data/raw/image_anomaly/anomalous/mitra/files/jpg/met_543898_additional_004/bcd0964757c581584b28/met_543898_additional_004__marker_zip_002__001.c5f0e656..jpg..zip,1165782,65,2,1,0,0,0.2153846153846154,archive,0,0,0,1,0,1,0,1,0,0,26,7.911056562950545,7.988340858219542,0.3824291334057311,0.014313996956549337,256,22,0,0,0,0,0,0,0,0,0,0,0,0.0,0
1,mitra,image_anomaly_mitra,1720,met_543898_additional_004__marker_zip_002__002.d4d6b5dd..zip..jpg,data/raw/image_anomaly/anomalous/mitra/files/jpg/met_543898_additional_004/bcd0964757c581584b28/met_543898_additional_004__marker_zip_002__002.d4d6b5dd..zip..jpg,1165778,65,2,1,0,0,0.2153846153846154,image,0,0,0,1,0,1,1,0,0,0,26,7.911054167664339,4.974273171444798,0.3824295877945887,0.014314046070521145,256,22,0,0,0,0,0,0,0,2,0,0,0,0.028193189440871246,0
1,mitra,image_anomaly_mitra,1721,met_543898_additional_004__marker_pdf_002__001.895779f8..jpg..pdf,data/raw/image_anomaly/anomalous/mitra/files/jpg/met_543898_additional_004/ebef9e844c144e6bf1d7/met_543898_additional_004__marker_pdf_002__001.895779f8..jpg..pdf,1136582,65,2,1,0,0,0.2153846153846154,document,0,0,0,0,0,1,0,1,0,0,25,7.905825540750796,5.072845754531357,0.38471839251369455,0.014488175952109043,256,22,0,0,0,0,0,0,0,0,0,0,0,0.0,0
1,mitra,image_anomaly_mitra,1722,met_543898_additional_005__marker_pdf_002__001.12093aba..jpg..pdf,data/raw/image_anomaly/anomalous/mitra/files/jpg/met_543898_additional_005/362ec72ff16743478c5e/met_543898_additional_005__marker_pdf_002__001.12093aba..jpg..pdf,1435751,65,2,1,0,0,0.2153846153846154,document,0,0,0,0,0,1,0,1,0,0,42,7.901146471072959,5.072845754531357,0.3678910897502422,0.011601593869689104,256,22,0,0,0,0,0,0,0,0,0,0,0,0.0,0
1,mitra,image_anomaly_mitra,1723,met_543898_additional_005__marker_zip_002__001.3945cd3f..jpg..zip,data/raw/image_anomaly/anomalous/mitra/files/jpg/met_543898_additional_005/4035512e61eb2dc5d67f/met_543898_additional_005__marker_zip_002__001.3945cd3f..jpg..zip,1464951,65,2,1,0,0,0.2153846153846154,archive,0,0,0,1,0,1,0,1,0,0,43,7.90523270448316,7.988340858219542,0.3664047466434031,0.011520521846805798,256,22,0,0,0,0,0,0,0,0,0,0,0,0.0,0
1,mitra,image_anomaly_mitra,1724,met_543898_additional_005__marker_zip_002__002.77d6b574..zip..jpg,data/raw/image_anomaly/anomalous/mitra/files/jpg/met_543898_additional_005/4035512e61eb2dc5d67f/met_543898_additional_005__marker_zip_002__002.77d6b574..zip..jpg,1464947,65,2,1,0,0,0.2153846153846154,image,0,0,0,1,0,1,1,0,0,0,43,7.90523163069688,4.975225473011613,0.3664050644835615,0.011520553303293567,256,22,0,0,0,0,0,0,0,2,0,0,0,0.022435623950900613,0
1,mitra,image_anomaly_mitra,1725,met_543898_additional_005__marker_zip_001__001.140be129..jpg..zip,data/raw/image_anomaly/anomalous/mitra/files/jpg/met_543898_additional_005/4158844aa34b4a07f658/met_543898_additional_005__marker_zip_001__001.140be129..jpg..zip,1432465,65,2,1,0,0,0.2153846153846154,archive,0,0,0,1,0,1,0,1,0,0,43,7.900813429446257,5.6688150721741595,0.36624629572101236,0.011689639886489373,256,22,0,0,0,0,0,0,0,0,0,0,0,0.0,0
1,mitra,image_anomaly_mitra,1726,met_543898_additional_005__marker_zip_001__002.87daf482..zip..jpg,data/raw/image_anomaly/anomalous/mitra/files/jpg/met_543898_additional_005/4158844aa34b4a07f658/met_543898_additional_005__marker_zip_001__002.87daf482..zip..jpg,1432461,65,2,1,0,0,0.2153846153846154,image,0,0,0,1,0,1,1,0,0,0,43,7.900812439016468,4.975225473011613,0.36624662032683614,0.011689672528606363,256,22,0,0,0,0,0,0,0,2,0,0,0,0.001498819165059293,0
1,mitra,image_anomaly_mitra,1727,met_543898_additional_005__marker_pdf_001__001.25fb717f..jpg..pdf,data/raw/image_anomaly/anomalous/mitra/files/jpg/met_543898_additional_005/7ba0314e8dd8a6674952/met_543898_additional_005__marker_pdf_001__001.25fb717f..jpg..pdf,1433960,65,2,1,0,0,0.2153846153846154,document,0,0,0,0,0,1,0,1,0,0,42,7.900981464370544,5.250824256483538,0.3671280928338308,0.011616084130659154,256,22,0,0,0,0,0,0,0,0,0,0,0,0.0,0
1,mitra,image_anomaly_mitra,1728,met_543898_primary_000__marker_zip_002__001.f7f213e2..jpg..zip,data/raw/image_anomaly/anomalous/mitra/files/jpg/met_543898_primary_000/7b1f5d40d0dc608387bf/met_543898_primary_000__marker_zip_002__001.f7f213e2..jpg..zip,1420551,62,2,1,0,0,0.22580645161290322,archive,0,0,0,1,0,1,0,1,0,0,32,7.953863872304063,7.988340858219542,0.36938976495740034,0.006930409397480274,256,6,0,0,1,0,0,0,1,0,0,0,0,0.0,0
1,mitra,image_anomaly_mitra,1729,met_543898_primary_000__marker_zip_002__002.7840af6d..zip..jpg,data/raw/image_anomaly/anomalous/mitra/files/jpg/met_543898_primary_000/7b1f5d40d0dc608387bf/met_543898_primary_000__marker_zip_002__002.7840af6d..zip..jpg,1420547,62,2,1,0,0,0.22580645161290322,image,0,0,0,1,0,1,1,0,0,0,32,7.953863568361509,3.5373045929141873,0.3693901011370972,0.00693042891224296,256,6,0,0,1,0,0,0,1,2,0,0,0,0.02313686206792172,0
1,mitra,image_anomaly_mitra,1730,met_543898_primary_000__marker_zip_001__001.f40edc28..jpg..zip,data/raw/image_anomaly/anomalous/mitra/files/jpg/met_543898_primary_000/b5a13cf20a1f4851f9f2/met_543898_primary_000__marker_zip_001__001.f40edc28..jpg..zip,1388065,62,2,1,0,0,0.22580645161290322,archive,0,0,0,1,0,1,0,1,0,0,32,7.951632291585019,3.527755921492194,0.36929610645034633,0.0069975109234798084,256,6,0,0,1,0,0,0,1,0,0,0,0,0.0,0
1,mitra,image_anomaly_mitra,1731,met_543898_primary_000__marker_zip_001__002.5037f97e..zip..jpg,data/raw/image_anomaly/anomalous/mitra/files/jpg/met_543898_primary_000/b5a13cf20a1f4851f9f2/met_543898_primary_000__marker_zip_001__002.5037f97e..zip..jpg,1388061,62,2,1,0,0,0.22580645161290322,image,0,0,0,1,0,1,1,0,0,0,32,7.951632307918458,3.5373045929141873,0.36929645022805196,0.006997531088331133,256,6,0,0,1,0,0,0,1,2,0,0,0,0.0015467619938893176,0
1,mitra,image_anomaly_mitra,1732,met_543898_primary_000__marker_pdf_001__001.ac099a04..jpg..pdf,data/raw/image_anomaly/anomalous/mitra/files/jpg/met_543898_primary_000/cf4b926cd816543d8929/met_543898_primary_000__marker_pdf_001__001.ac099a04..jpg..pdf,1389560,62,2,1,0,0,0.22580645161290322,document,0,0,0,0,0,1,0,1,0,0,31,7.951835605139176,5.250824256483538,0.37020279800800254,0.006926653041250468,256,6,0,0,1,0,0,0,1,0,0,0,0,0.0,0
1,mitra,image_anomaly_mitra,1733,met_543898_primary_000__marker_pdf_002__001.c1dfacc1..jpg..pdf,data/raw/image_anomaly/anomalous/mitra/files/jpg/met_543898_primary_000/d48a0ed44e8519f71a11/met_543898_primary_000__marker_pdf_002__001.c1dfacc1..jpg..pdf,1391351,62,2,1,0,0,0.22580645161290322,document,0,0,0,0,0,1,0,1,0,0,31,7.951959304839838,5.072845754531357,0.3709861853694718,0.006917736789638272,256,6,0,0,1,0,0,0,1,0,0,0,0,0.0,0
1,mitra,image_anomaly_mitra,1734,met_54480_primary_000__marker_zip_002__001.4b1f2995..jpg..zip,data/raw/image_anomaly/anomalous/mitra/files/jpg/met_54480_primary_000/06c2f2983211129f3119/met_54480_primary_000__marker_zip_002__001.4b1f2995..jpg..zip,2235894,61,2,1,0,0,0.22950819672131148,archive,0,0,0,1,0,1,0,1,0,0,56,7.980507776584367,7.988340858219542,0.3792581401443897,0.007989645305188886,256,6,0,0,0,0,0,0,0,0,0,0,0,0.0,0
1,mitra,image_anomaly_mitra,1735,met_54480_primary_000__marker_zip_002__002.5d5e2f29..zip..jpg,data/raw/image_anomaly/anomalous/mitra/files/jpg/met_54480_primary_000/06c2f2983211129f3119/met_54480_primary_000__marker_zip_002__002.5d5e2f29..zip..jpg,2235890,61,2,1,0,0,0.22950819672131148,image,0,0,0,1,0,1,1,0,0,0,56,7.980507772810356,3.48464479803749,0.3792583713867856,0.007989659598638574,256,6,0,0,0,0,0,0,0,2,0,0,0,0.014699739253719995,0
1,mitra,image_anomaly_mitra,1736,met_54480_primary_000__marker_pdf_001__001.5d3d0174..jpg..pdf,data/raw/image_anomaly/anomalous/mitra/files/jpg/met_54480_primary_000/9c284a4ef61de5045de6/met_54480_primary_000__marker_pdf_001__001.5d3d0174..jpg..pdf,2204903,61,2,1,0,0,0.22950819672131148,document,0,0,0,0,0,1,0,1,0,0,55,7.979947271304162,5.250824256483538,0.37990922956701495,0.008002166081682504,256,6,0,0,0,0,0,0,0,0,0,0,0,0.0,0
1,mitra,image_anomaly_mitra,1737,met_54480_primary_000__marker_zip_001__001.2787fcc9..jpg..zip,data/raw/image_anomaly/anomalous/mitra/files/jpg/met_54480_primary_000/e38373104b4298a13a99/met_54480_primary_000__marker_zip_001__001.2787fcc9..jpg..zip,2203408,61,2,1,0,0,0.22950819672131148,archive,0,0,0,1,0,1,0,1,0,0,56,7.9799414777256565,3.4766843479173724,0.3793446334042538,0.008047533638799533,256,6,0,0,0,0,0,0,0,0,0,0,0,0.0,0
1,mitra,image_anomaly_mitra,1738,met_54480_primary_000__marker_zip_001__002.bd51ee23..zip..jpg,data/raw/image_anomaly/anomalous/mitra/files/jpg/met_54480_primary_000/e38373104b4298a13a99/met_54480_primary_000__marker_zip_001__002.bd51ee23..zip..jpg,2203404,61,2,1,0,0,0.22950819672131148,image,0,0,0,1,0,1,1,0,0,0,56,7.979941297565803,3.48464479803749,0.37934486821300134,0.008047548248074344,256,6,0,0,0,0,0,0,0,2,0,0,0,0.0009744014261569826,0
1,mitra,image_anomaly_mitra,1739,met_54480_primary_000__marker_pdf_002__001.467a43f8..jpg..pdf,data/raw/image_anomaly/anomalous/mitra/files/jpg/met_54480_primary_000/f8d76d1b4d0cb45e440a/met_54480_primary_000__marker_pdf_002__001.467a43f8..jpg..pdf,2206694,61,2,1,0,0,0.22950819672131148,document,0,0,0,0,0,1,0,1,0,0,55,7.979918286954249,5.072845754531357,0.380395288155041,0.00799567135271134,256,6,0,0,0,0,0,0,0,0,0,0,0,0.0,0
1,mitra,image_anomaly_mitra,1740,met_54702_primary_000__marker_zip_001__001.f4d7cdd2..jpg..zip,data/raw/image_anomaly/anomalous/mitra/files/jpg/met_54702_primary_000/80980a0ebfcf3be53910/met_54702_primary_000__marker_zip_001__001.f4d7cdd2..jpg..zip,3760383,61,2,1,0,0,0.22950819672131148,archive,0,0,0,1,0,1,0,1,0,0,69,7.97984447464122,3.4769454156327133,0.38277164852622725,0.006903020250862745,256,6,0,0,1,0,0,0,1,0,0,0,0,0.0,0
1,mitra,image_anomaly_mitra,1741,met_54702_primary_000__marker_zip_001__002.dea3b785..zip..jpg,data/raw/image_anomaly/anomalous/mitra/files/jpg/met_54702_primary_000/80980a0ebfcf3be53910/met_54702_primary_000__marker_zip_001__002.dea3b785..zip..jpg,3760379,61,2,1,0,0,0.22950819672131148,image,0,0,0,1,0,1,1,0,0,0,69,7.979844201083778,3.4909542678267518,0.38277178975842596,0.006903027593761161,256,6,0,0,1,0,0,0,1,2,0,0,0,0.000570953087441452,0
1,mitra,image_anomaly_mitra,1742,met_54702_primary_000__marker_pdf_001__001.436e062c..jpg..pdf,data/raw/image_anomaly/anomalous/mitra/files/jpg/met_54702_primary_000/8e83d540f9bcbae17489/met_54702_primary_000__marker_pdf_001__001.436e062c..jpg..pdf,3761878,61,2,1,0,0,0.22950819672131148,document,0,0,0,0,0,1,0,1,0,0,68,7.979844683382319,5.250824256483538,0.383101206365544,0.00687688436467105,256,6,0,0,1,0,0,0,1,0,0,0,0,0.0,0
1,mitra,image_anomaly_mitra,1743,met_54702_primary_000__marker_zip_002__001.74468558..jpg..zip,data/raw/image_anomaly/anomalous/mitra/files/jpg/met_54702_primary_000/e1c1ab61a8958d106540/met_54702_primary_000__marker_zip_002__001.74468558..jpg..zip,3792869,61,2,1,0,0,0.22950819672131148,archive,0,0,0,1,0,1,0,1,0,0,69,7.9801804406920285,7.988340858219542,0.3826913083473223,0.006878697893336153,256,6,0,0,1,0,0,0,1,0,0,0,0,0.0,0
1,mitra,image_anomaly_mitra,1744,met_54702_primary_000__marker_zip_002__002.f5b46e5c..zip..jpg,data/raw/image_anomaly/anomalous/mitra/files/jpg/met_54702_primary_000/e1c1ab61a8958d106540/met_54702_primary_000__marker_zip_002__002.f5b46e5c..zip..jpg,3792865,61,2,1,0,0,0.22950819672131148,image,0,0,0,1,0,1,1,0,0,0,69,7.98018028699822,3.4909542678267518,0.3826914482851354,0.006878705147691785,256,6,0,0,1,0,0,0,1,2,0,0,0,0.008665481107289609,0
1,mitra,image_anomaly_mitra,1745,met_54702_primary_000__marker_pdf_002__001.fe2cda9b..jpg..pdf,data/raw/image_anomaly/anomalous/mitra/files/jpg/met_54702_primary_000/e6c8cf628e9e90ca27e0/met_54702_primary_000__marker_pdf_002__001.fe2cda9b..jpg..pdf,3763669,61,2,1,0,0,0.22950819672131148,document,0,0,0,0,0,1,0,1,0,0,68,7.979826734387727,5.072845754531357,0.3833846706498366,0.006873611893075613,256,6,0,0,1,0,0,0,1,0,0,0,0,0.0,0
1,mitra,image_anomaly_mitra,1746,met_547431_primary_000__marker_zip_001__001.ce5adad1..jpg..zip,data/raw/image_anomaly/anomalous/mitra/files/jpg/met_547431_primary_000/792d12bf913ca01405a8/met_547431_primary_000__marker_zip_001__001.ce5adad1..jpg..zip,2393961,62,2,1,0,0,0.22580645161290322,archive,0,0,0,1,0,1,0,1,0,0,31,7.978641030600256,5.140056557852616,0.3817426432594349,0.007708981056917803,256,16,0,0,0,0,0,0,0,0,0,0,0,0.0,0
1,mitra,image_anomaly_mitra,1747,met_547431_primary_000__marker_zip_001__002.1576c448..zip..jpg,data/raw/image_anomaly/anomalous/mitra/files/jpg/met_547431_primary_000/792d12bf913ca01405a8/met_547431_primary_000__marker_zip_001__002.1576c448..zip..jpg,2393957,62,2,1,0,0,0.22580645161290322,image,0,0,0,1,0,1,1,0,0,0,31,7.97864029160104,4.862024797045987,0.3817428633847642,0.00770899393765218,256,16,0,0,0,0,0,0,0,2,0,0,0,0.0008968415055074088,0
1,mitra,image_anomaly_mitra,1748,met_547431_primary_000__marker_pdf_001__001.7dea43b3..jpg..pdf,data/raw/image_anomaly/anomalous/mitra/files/jpg/met_547431_primary_000/92a0af033eca7af83a54/met_547431_primary_000__marker_pdf_001__001.7dea43b3..jpg..pdf,2395456,62,2,1,0,0,0.22580645161290322,document,0,0,0,0,0,1,0,1,0,0,30,7.978639557870055,5.250824256483538,0.38226083050575754,0.0076674336744235756,256,16,0,0,0,0,0,0,0,0,0,0,0,0.0,0
1,mitra,image_anomaly_mitra,1749,met_547431_primary_000__marker_zip_002__001.ff209907..jpg..zip,data/raw/image_anomaly/anomalous/mitra/files/jpg/met_547431_primary_000/9fc5b6d5d198ee9b1e76/met_547431_primary_000__marker_zip_002__001.ff209907..jpg..zip,2426447,62,2,1,0,0,0.22580645161290322,archive,0,0,0,1,0,1,0,1,0,0,31,7.979199878908077,7.988340858219542,0.38163083718704754,0.007660171435848382,256,16,0,0,0,0,0,0,0,0,0,0,0,0.0,0
1,mitra,image_anomaly_mitra,1750,met_547431_primary_000__marker_zip_002__002.985e12d2..zip..jpg,data/raw/image_anomaly/anomalous/mitra/files/jpg/met_547431_primary_000/9fc5b6d5d198ee9b1e76/met_547431_primary_000__marker_zip_002__002.985e12d2..zip..jpg,2426443,62,2,1,0,0,0.22580645161290322,image,0,0,0,1,0,1,1,0,0,0,31,7.979199514183223,4.862024797045987,0.38163105418095544,0.007660184063668506,256,16,0,0,0,0,0,0,0,2,0,0,0,0.013545341885220465,0
1,mitra,image_anomaly_mitra,1751,met_547431_primary_000__marker_pdf_002__001.bb856380..jpg..pdf,data/raw/image_anomaly/anomalous/mitra/files/jpg/met_547431_primary_000/e203ba289299c00f7b32/met_547431_primary_000__marker_pdf_002__001.bb856380..jpg..pdf,2397247,62,2,1,0,0,0.22580645161290322,document,0,0,0,0,0,1,0,1,0,0,30,7.978616817253299,5.072845754531357,0.3827064962433992,0.007661705281099528,256,16,0,0,0,0,0,0,0,0,0,0,0,0.0,0
1,mitra,image_anomaly_mitra,1752,met_547635_primary_000__marker_pdf_001__001.2e381b8e..jpg..pdf,data/raw/image_anomaly/anomalous/mitra/files/jpg/met_547635_primary_000/3d350c30fb71a38c91d3/met_547635_primary_000__marker_pdf_001__001.2e381b8e..jpg..pdf,1343773,62,2,1,0,0,0.22580645161290322,document,0,0,0,0,0,1,0,1,0,0,6,7.936873249020798,5.250824256483538,0.3846602067462287,0.011319620203710001,256,10,0,0,0,0,0,0,0,0,0,0,0,0.0,0
1,mitra,image_anomaly_mitra,1753,met_547635_primary_000__marker_zip_002__001.a4a99161..jpg..zip,data/raw/image_anomaly/anomalous/mitra/files/jpg/met_547635_primary_000/92bef09c551002f8969a/met_547635_primary_000__marker_zip_002__001.a4a99161..jpg..zip,1374764,62,2,1,0,0,0.22580645161290322,archive,0,0,0,1,0,1,0,1,0,0,7,7.939867186500698,7.988340858219542,0.38349418518378425,0.011224471982100201,256,10,0,0,0,0,0,0,0,0,0,0,0,0.0,0
1,mitra,image_anomaly_mitra,1754,met_547635_primary_000__marker_zip_002__002.26ba6c75..zip..jpg,data/raw/image_anomaly/anomalous/mitra/files/jpg/met_547635_primary_000/92bef09c551002f8969a/met_547635_primary_000__marker_zip_002__002.26ba6c75..zip..jpg,1374760,62,2,1,0,0,0.22580645161290322,image,0,0,0,1,0,1,1,0,0,0,7,7.939865477538285,5.20599917572372,0.3834945735983008,0.011224504640810032,256,10,0,0,0,0,0,0,0,2,0,0,0,0.02390744566324304,0
1,mitra,image_anomaly_mitra,1755,met_547635_primary_000__marker_pdf_002__001.951e2a1e..jpg..pdf,data/raw/image_anomaly/anomalous/mitra/files/jpg/met_547635_primary_000/be2316a5b5a44b40ce2e/met_547635_primary_000__marker_pdf_002__001.951e2a1e..jpg..pdf,1345564,62,2,1,0,0,0.22580645161290322,document,0,0,0,0,0,1,0,1,0,0,6,7.936829426809489,5.072845754531357,0.3854510079044921,0.011304553332282969,256,10,0,0,0,0,0,0,0,0,0,0,0,0.0,0
1,mitra,image_anomaly_mitra,1756,met_547635_primary_000__marker_zip_001__001.8fdb525e..jpg..zip,data/raw/image_anomaly/anomalous/mitra/files/jpg/met_547635_primary_000/fee74634719aea52e078/met_547635_primary_000__marker_zip_001__001.8fdb525e..jpg..zip,1342278,62,2,1,0,0,0.22580645161290322,archive,0,0,0,1,0,1,0,1,0,0,7,7.936951105259385,5.909367293599785,0.38373868900481123,0.011397787939607145,256,10,0,0,0,0,0,0,0,0,0,0,0,0.0,0
1,mitra,image_anomaly_mitra,1757,met_547635_primary_000__marker_zip_001__002.cf2529c2..zip..jpg,data/raw/image_anomaly/anomalous/mitra/files/jpg/met_547635_primary_000/fee74634719aea52e078/met_547635_primary_000__marker_zip_001__002.cf2529c2..zip..jpg,1342274,62,2,1,0,0,0.22580645161290322,image,0,0,0,1,0,1,1,0,0,0,7,7.936949010275958,5.20599917572372,0.38373908754844394,0.011397821905214583,256,10,0,0,0,0,0,0,0,2,0,0,0,0.0015995243892081646,0
1,mitra,image_anomaly_mitra,1758,met_549684_primary_000__marker_pdf_002__001.cfb26527..jpg..pdf,data/raw/image_anomaly/anomalous/mitra/files/jpg/met_549684_primary_000/c264406fa61bf79f804e/met_549684_primary_000__marker_pdf_002__001.cfb26527..jpg..pdf,213566,62,2,1,0,0,0.22580645161290322,document,0,0,0,0,0,1,0,1,0,0,2,7.886244442854934,5.072845754531357,0.4304149536911306,0.01677233267467668,256,19,0,0,0,0,0,0,0,0,0,0,0,0.0,0
1,mitra,image_anomaly_mitra,1759,met_549684_primary_000__marker_zip_002__001.28a6ec7e..jpg..zip,data/raw/image_anomaly/anomalous/mitra/files/jpg/met_549684_primary_000/d534ecd5058048759b3f/met_549684_primary_000__marker_zip_002__001.28a6ec7e..jpg..zip,242766,62,2,1,0,0,0.22580645161290322,archive,0,0,0,1,0,1,0,1,0,0,3,7.916551069241284,7.988340858219542,0.41392534374665313,0.015661171663247736,256,19,0,0,0,0,0,0,0,0,0,0,0,0.0,0
1,mitra,image_anomaly_mitra,1760,met_549684_primary_000__marker_zip_002__002.59f8ac9b..zip..jpg,data/raw/image_anomaly/anomalous/mitra/files/jpg/met_549684_primary_000/d534ecd5058048759b3f/met_549684_primary_000__marker_zip_002__002.59f8ac9b..zip..jpg,242762,62,2,1,0,0,0.22580645161290322,image,0,0,0,1,0,1,1,0,0,0,3,7.916547500602692,4.9568960540327875,0.41392804475164974,0.01566142971305229,256,19,0,0,0,0,0,0,0,2,0,0,0,0.13538774602285367,0
1,mitra,image_anomaly_mitra,1761,met_549684_primary_000__marker_zip_001__001.943bafae..jpg..zip,data/raw/image_anomaly/anomalous/mitra/files/jpg/met_549684_primary_000/f978bbc9ebf6451aeb1b/met_549684_primary_000__marker_zip_001__001.943bafae..jpg..zip,210280,62,2,1,0,0,0.22580645161290322,archive,0,0,0,1,0,1,0,1,0,0,3,7.891858623157522,5.64675783687935,0.42018736922198974,0.017452919916302073,256,19,0,0,0,0,0,0,0,0,0,0,0,0.0,0
1,mitra,image_anomaly_mitra,1762,met_549684_primary_000__marker_zip_001__002.334de438..zip..jpg,data/raw/image_anomaly/anomalous/mitra/files/jpg/met_549684_primary_000/f978bbc9ebf6451aeb1b/met_549684_primary_000__marker_zip_001__002.334de438..zip..jpg,210276,62,2,1,0,0,0.22580645161290322,image,0,0,0,1,0,1,1,0,0,0,3,7.891853656103388,4.9568960540327875,0.4201906066312846,0.01745325191652875,256,19,0,0,0,0,0,0,0,2,0,0,0,0.010210390153892978,0
1,mitra,image_anomaly_mitra,1763,met_549684_primary_000__marker_pdf_001__001.154802ae..jpg..pdf,data/raw/image_anomaly/anomalous/mitra/files/jpg/met_549684_primary_000/f9980059f0aa087b3024/met_549684_primary_000__marker_pdf_001__001.154802ae..jpg..pdf,211775,62,2,1,0,0,0.22580645161290322,document,0,0,0,0,0,1,0,1,0,0,2,7.888269728548341,5.250824256483538,0.42577735804509503,0.016914177783024436,256,19,0,0,0,0,0,0,0,0,0,0,0,0.0,0
1,mitra,image_anomaly_mitra,1764,met_549816_primary_000__marker_zip_001__001.1ad5e1ac..jpg..zip,data/raw/image_anomaly/anomalous/mitra/files/jpg/met_549816_primary_000/3538594abc373c6d3fd1/met_549816_primary_000__marker_zip_001__001.1ad5e1ac..jpg..zip,1085945,62,2,1,0,0,0.22580645161290322,archive,0,0,0,1,0,1,0,1,0,0,22,7.961694610435424,5.652181093876462,0.3838527733909176,0.007968175183826068,256,19,0,0,0,0,0,0,0,0,0,0,0,0.0,0
1,mitra,image_anomaly_mitra,1765,met_549816_primary_000__marker_zip_001__002.0ec2208b..zip..jpg,data/raw/image_anomaly/anomalous/mitra/files/jpg/met_549816_primary_000/3538594abc373c6d3fd1/met_549816_primary_000__marker_zip_001__002.0ec2208b..zip..jpg,1085941,62,2,1,0,0,0.22580645161290322,image,0,0,0,1,0,1,1,0,0,0,22,7.961693659430394,4.9611017485056115,0.38385326642976,0.00796820453413215,256,19,0,0,0,0,0,0,0,2,0,0,0,0.0019770871529852913,0
1,mitra,image_anomaly_mitra,1766,met_549816_primary_000__marker_pdf_001__001.81dd6284..jpg..pdf,data/raw/image_anomaly/anomalous/mitra/files/jpg/met_549816_primary_000/79f5c7bef7bf000ca69d/met_549816_primary_000__marker_pdf_001__001.81dd6284..jpg..pdf,1087440,62,2,1,0,0,0.22580645161290322,document,0,0,0,0,0,1,0,1,0,0,21,7.961559874107503,5.250824256483538,0.38499135584492017,0.007876296623261973,256,19,0,0,0,0,0,0,0,0,0,0,0,0.0,0
1,mitra,image_anomaly_mitra,1767,met_549816_primary_000__marker_pdf_002__001.5bde44a5..jpg..pdf,data/raw/image_anomaly/anomalous/mitra/files/jpg/met_549816_primary_000/a179fa78be28d8ce20c0/met_549816_primary_000__marker_pdf_002__001.5bde44a5..jpg..pdf,1089231,62,2,1,0,0,0.22580645161290322,document,0,0,0,0,0,1,0,1,0,0,21,7.9614757076231415,5.072845754531357,0.38596771483734854,0.007863345791664027,256,19,0,0,0,0,0,0,0,0,0,0,0,0.0,0
1,mitra,image_anomaly_mitra,1768,met_549816_primary_000__marker_zip_002__001.ac69ed76..jpg..zip,data/raw/image_anomaly/anomalous/mitra/files/jpg/met_549816_primary_000/e75fea949fb52020c2f1/met_549816_primary_000__marker_zip_002__001.ac69ed76..jpg..zip,1118431,62,2,1,0,0,0.22580645161290322,archive,0,0,0,1,0,1,0,1,0,0,22,7.963869850466076,7.988340858219542,0.38354891808256386,0.00785475366830855,256,19,0,0,0,0,0,0,0,0,0,0,0,0.0,0
1,mitra,image_anomaly_mitra,1769,met_549816_primary_000__marker_zip_002__002.4977476b..zip..jpg,data/raw/image_anomaly/anomalous/mitra/files/jpg/met_549816_primary_000/e75fea949fb52020c2f1/met_549816_primary_000__marker_zip_002__002.4977476b..zip..jpg,1118427,62,2,1,0,0,0.22580645161290322,image,0,0,0,1,0,1,1,0,0,0,22,7.963869274025523,4.9611017485056115,0.3835493957138016,0.007854781760454638,256,19,0,0,0,0,0,0,0,2,0,0,0,0.0293868084372069,0
1,mitra,image_anomaly_mitra,1770,met_551350_additional_001__marker_zip_002__001.040ae3c5..jpg..zip,data/raw/image_anomaly/anomalous/mitra/files/jpg/met_551350_additional_001/3cd5384baadd0b0611cc/met_551350_additional_001__marker_zip_002__001.040ae3c5..jpg..zip,2820594,65,2,1,0,0,0.2153846153846154,archive,0,0,0,1,0,1,0,1,0,0,45,7.949053277136366,7.988340858219542,0.3739120199504076,0.012706543373487996,256,16,0,0,0,0,0,0,0,0,0,0,0,0.0,0
1,mitra,image_anomaly_mitra,1771,met_551350_additional_001__marker_zip_002__002.2bec3182..zip..jpg,data/raw/image_anomaly/anomalous/mitra/files/jpg/met_551350_additional_001/3cd5384baadd0b0611cc/met_551350_additional_001__marker_zip_002__002.2bec3182..zip..jpg,2820590,65,2,1,0,0,0.2153846153846154,image,0,0,0,1,0,1,1,0,0,0,45,7.949053028450195,6.324921466144964,0.37391219567537287,0.012706561393183696,256,16,0,0,0,0,0,0,0,2,0,0,0,0.011652526599044881,0
1,mitra,image_anomaly_mitra,1772,met_551350_additional_001__marker_pdf_001__001.1b93c2bb..jpg..pdf,data/raw/image_anomaly/anomalous/mitra/files/jpg/met_551350_additional_001/a4dcc23af76547e3bb3c/met_551350_additional_001__marker_pdf_001__001.1b93c2bb..jpg..pdf,2789603,65,2,1,0,0,0.2153846153846154,document,0,0,0,0,0,1,0,1,0,0,44,7.9479779214282384,5.250824256483538,0.37436724867301907,0.01276884201802192,256,16,0,0,0,0,0,0,0,0,0,0,0,0.0,0
1,mitra,image_anomaly_mitra,1773,met_551350_additional_001__marker_zip_001__001.71a5c234..jpg..zip,data/raw/image_anomaly/anomalous/mitra/files/jpg/met_551350_additional_001/c649c04a3928d5a3cce8/met_551350_additional_001__marker_zip_001__001.71a5c234..jpg..zip,2788108,65,2,1,0,0,0.2153846153846154,archive,0,0,0,1,0,1,0,1,0,0,45,7.947908147406212,6.157088914475062,0.37391808351756817,0.012807251369028747,256,16,0,0,0,0,0,0,0,0,0,0,0,0.0,0
1,mitra,image_anomaly_mitra,1774,met_551350_additional_001__marker_zip_001__002.593095c2..zip..jpg,data/raw/image_anomaly/anomalous/mitra/files/jpg/met_551350_additional_001/c649c04a3928d5a3cce8/met_551350_additional_001__marker_zip_001__002.593095c2..zip..jpg,2788104,65,2,1,0,0,0.2153846153846154,image,0,0,0,1,0,1,1,0,0,0,45,7.9479078546416915,6.324921466144964,0.3739182612987177,0.012807269743165966,256,16,0,0,0,0,0,0,0,2,0,0,0,0.0007700573579751688,0
1,mitra,image_anomaly_mitra,1775,met_551350_additional_001__marker_pdf_002__001.0b464116..jpg..pdf,data/raw/image_anomaly/anomalous/mitra/files/jpg/met_551350_additional_001/e2198c6f689483c5d885/met_551350_additional_001__marker_pdf_002__001.0b464116..jpg..pdf,2791394,65,2,1,0,0,0.2153846153846154,document,0,0,0,0,0,1,0,1,0,0,44,7.948006069007088,5.072845754531357,0.3747550507022656,0.012760649338645852,256,16,0,0,0,0,0,0,0,0,0,0,0,0.0,0
1,mitra,image_anomaly_mitra,1776,met_551350_additional_002__marker_zip_001__001.e8d371bc..jpg..zip,data/raw/image_anomaly/anomalous/mitra/files/jpg/met_551350_additional_002/047230b716dd1356c804/met_551350_additional_002__marker_zip_001__001.e8d371bc..jpg..zip,3086307,65,2,1,0,0,0.2153846153846154,archive,0,0,0,1,0,1,0,1,0,0,62,7.950274292851408,6.147433936189086,0.3745259301812814,0.012351655230668886,256,17,0,0,0,0,0,0,0,0,0,0,0,0.0,0
1,mitra,image_anomaly_mitra,1777,met_551350_additional_002__marker_zip_001__002.8cbcdfef..zip..jpg,data/raw/image_anomaly/anomalous/mitra/files/jpg/met_551350_additional_002/047230b716dd1356c804/met_551350_additional_002__marker_zip_001__002.8cbcdfef..zip..jpg,3086303,65,2,1,0,0,0.2153846153846154,image,0,0,0,1,0,1,1,0,0,0,62,7.9502739974679635,6.321483489100105,0.37452609157299205,0.01235167123901963,256,17,0,0,0,0,0,0,0,2,0,0,0,0.0006956543152114358,0
1,mitra,image_anomaly_mitra,1778,met_551350_additional_002__marker_pdf_002__001.e4c83e9f..jpg..pdf,data/raw/image_anomaly/anomalous/mitra/files/jpg/met_551350_additional_002/0c679703e25915133903/met_551350_additional_002__marker_pdf_002__001.e4c83e9f..jpg..pdf,3089593,65,2,1,0,0,0.2153846153846154,document,0,0,0,0,0,1,0,1,0,0,61,7.950355420132969,5.072845754531357,0.37528146911259835,0.012310035658418438,256,17,0,0,0,0,0,0,0,0,0,0,0,0.0,0
1,mitra,image_anomaly_mitra,1779,met_551350_additional_002__marker_zip_002__001.e6b923f1..jpg..zip,data/raw/image_anomaly/anomalous/mitra/files/jpg/met_551350_additional_002/e17c067730c27d1f627c/met_551350_additional_002__marker_zip_002__001.e6b923f1..jpg..zip,3118793,65,2,1,0,0,0.2153846153846154,archive,0,0,0,1,0,1,0,1,0,0,62,7.9512653491525604,7.988340858219542,0.37451411491561,0.012265321872916863,256,17,0,0,0,0,0,0,0,0,0,0,0,0.0,0
1,mitra,image_anomaly_mitra,1780,met_551350_additional_002__marker_zip_002__002.dd5871d6..zip..jpg,data/raw/image_anomaly/anomalous/mitra/files/jpg/met_551350_additional_002/e17c067730c27d1f627c/met_551350_additional_002__marker_zip_002__002.dd5871d6..zip..jpg,3118789,65,2,1,0,0,0.2153846153846154,image,0,0,0,1,0,1,1,0,0,0,62,7.951265074085813,6.321483489100105,0.374514274611075,0.012265337603794293,256,17,0,0,0,0,0,0,0,2,0,0,0,0.010538385251454972,0
1,mitra,image_anomaly_mitra,1781,met_551350_additional_002__marker_pdf_001__001.77df2f82..jpg..pdf,data/raw/image_anomaly/anomalous/mitra/files/jpg/met_551350_additional_002/f6e60e867f418a700aae/met_551350_additional_002__marker_pdf_001__001.77df2f82..jpg..pdf,3087802,65,2,1,0,0,0.2153846153846154,document,0,0,0,0,0,1,0,1,0,0,61,7.950333361276772,5.250824256483538,0.37493142371175353,0.012317175777462415,256,17,0,0,0,0,0,0,0,0,0,0,0,0.0,0
1,mitra,image_anomaly_mitra,1782,met_551350_additional_003__marker_zip_002__001.9c1ebddd..jpg..zip,data/raw/image_anomaly/anomalous/mitra/files/jpg/met_551350_additional_003/3f575fb845334929c586/met_551350_additional_003__marker_zip_002__001.9c1ebddd..jpg..zip,2671434,65,2,1,0,0,0.2153846153846154,archive,0,0,0,1,0,1,0,1,0,0,49,7.932149836580595,7.988340858219542,0.37295025817594596,0.0142080994701722,256,16,0,0,0,0,0,0,0,0,0,0,0,0.0,0
1,mitra,image_anomaly_mitra,1783,met_551350_additional_003__marker_zip_002__002.0000f26f..zip..jpg,data/raw/image_anomaly/anomalous/mitra/files/jpg/met_551350_additional_003/3f575fb845334929c586/met_551350_additional_003__marker_zip_002__002.0000f26f..zip..jpg,2671430,65,2,1,0,0,0.2153846153846154,image,0,0,0,1,0,1,1,0,0,0,49,7.93214961598402,6.365675765979199,0.37295044227249075,0.014208120744320457,256,16,0,0,0,0,0,0,0,2,0,0,0,0.012303148500990107,0
1,mitra,image_anomaly_mitra,1784,met_551350_additional_003__marker_zip_001__001.a4824d60..jpg..zip,data/raw/image_anomaly/anomalous/mitra/files/jpg/met_551350_additional_003/6158322b789a6598508a/met_551350_additional_003__marker_zip_001__001.a4824d60..jpg..zip,2638948,65,2,1,0,0,0.2153846153846154,archive,0,0,0,1,0,1,0,1,0,0,49,7.930553126772376,6.184909257982536,0.3729448249832888,0.014332984204311719,256,16,0,0,0,0,0,0,0,0,0,0,0,0.0,0
1,mitra,image_anomaly_mitra,1785,met_551350_additional_003__marker_zip_001__002.d74ef0b6..zip..jpg,data/raw/image_anomaly/anomalous/mitra/files/jpg/met_551350_additional_003/6158322b789a6598508a/met_551350_additional_003__marker_zip_001__002.d74ef0b6..zip..jpg,2638944,65,2,1,0,0,0.2153846153846154,image,0,0,0,1,0,1,1,0,0,0,49,7.93055282594174,6.365675765979199,0.3729450113378685,0.014333005929644585,256,16,0,0,0,0,0,0,0,2,0,0,0,0.0008135830089611603,0
1,mitra,image_anomaly_mitra,1786,met_551350_additional_003__marker_pdf_001__001.40d93b1e..jpg..pdf,data/raw/image_anomaly/anomalous/mitra/files/jpg/met_551350_additional_003/677c443333f8b6e42a5f/met_551350_additional_003__marker_pdf_001__001.40d93b1e..jpg..pdf,2640443,65,2,1,0,0,0.2153846153846154,document,0,0,0,0,0,1,0,1,0,0,48,7.930643548314221,5.250824256483538,0.3734199147643028,0.014291541230013296,256,16,0,0,0,0,0,0,0,0,0,0,0,0.0,0
1,mitra,image_anomaly_mitra,1787,met_551350_additional_003__marker_pdf_002__001.87364d18..jpg..pdf,data/raw/image_anomaly/anomalous/mitra/files/jpg/met_551350_additional_003/6c22d6b82953b093ba9f/met_551350_additional_003__marker_pdf_002__001.87364d18..jpg..pdf,2642234,65,2,1,0,0,0.2153846153846154,document,0,0,0,0,0,1,0,1,0,0,48,7.930691072535526,5.072845754531357,0.3738302512192334,0.014281853916042258,256,16,0,0,0,0,0,0,0,0,0,0,0,0.0,0
1,mitra,image_anomaly_mitra,1788,met_551350_additional_004__marker_zip_001__001.dac5fb16..jpg..zip,data/raw/image_anomaly/anomalous/mitra/files/jpg/met_551350_additional_004/082e94fe2d8b1a2847ce/met_551350_additional_004__marker_zip_001__001.dac5fb16..jpg..zip,2791181,65,2,1,0,0,0.2153846153846154,archive,0,0,0,1,0,1,0,1,0,0,52,7.938125767203526,6.17140067303119,0.36986171803261775,0.013709608943311092,256,16,0,0,0,0,0,0,0,0,0,0,0,0.0,0
1,mitra,image_anomaly_mitra,1789,met_551350_additional_004__marker_zip_001__002.eec8d21d..zip..jpg,data/raw/image_anomaly/anomalous/mitra/files/jpg/met_551350_additional_004/082e94fe2d8b1a2847ce/met_551350_additional_004__marker_zip_001__002.eec8d21d..zip..jpg,2791177,65,2,1,0,0,0.2153846153846154,image,0,0,0,1,0,1,1,0,0,0,52,7.9381255339342935,6.356011241758025,0.36986188980491025,0.01370962859037603,256,16,0,0,0,0,0,0,0,2,0,0,0,0.0007692095485166293,0
1,mitra,image_anomaly_mitra,1790,met_551350_additional_004__marker_pdf_002__001.d4e7b66d..jpg..pdf,data/raw/image_anomaly/anomalous/mitra/files/jpg/met_551350_additional_004/44fb2173ba84b3ef028b/met_551350_additional_004__marker_pdf_002__001.d4e7b66d..jpg..pdf,2794467,65,2,1,0,0,0.2153846153846154,document,0,0,0,0,0,1,0,1,0,0,51,7.938280154755752,5.072845754531357,0.3707025346872946,0.013661997082091147,256,16,0,0,0,0,0,0,0,0,0,0,0,0.0,0
1,mitra,image_anomaly_mitra,1791,met_551350_additional_004__marker_zip_002__001.a04b30c1..jpg..zip,data/raw/image_anomaly/anomalous/mitra/files/jpg/met_551350_additional_004/6e5d6b2fe506ecc8919e/met_551350_additional_004__marker_zip_002__001.a04b30c1..jpg..zip,2823667,65,2,1,0,0,0.2153846153846154,archive,0,0,0,1,0,1,0,1,0,0,52,7.939481329910874,7.988340858219542,0.3699023291344199,0.01359862901680687,256,16,0,0,0,0,0,0,0,0,0,0,0,0.0,0
1,mitra,image_anomaly_mitra,1792,met_551350_additional_004__marker_zip_002__002.b50597a3..zip..jpg,data/raw/image_anomaly/anomalous/mitra/files/jpg/met_551350_additional_004/6e5d6b2fe506ecc8919e/met_551350_additional_004__marker_zip_002__002.b50597a3..zip..jpg,2823663,65,2,1,0,0,0.2153846153846154,image,0,0,0,1,0,1,1,0,0,0,52,7.939481122709413,6.356011241758025,0.36990249898801664,0.01359864828061989,256,16,0,0,0,0,0,0,0,2,0,0,0,0.011639845123160944,0
1,mitra,image_anomaly_mitra,1793,met_551350_additional_004__marker_pdf_001__001.aa31d945..jpg..pdf,data/raw/image_anomaly/anomalous/mitra/files/jpg/met_551350_additional_004/df0da5ff0b00651d7b82/met_551350_additional_004__marker_pdf_001__001.aa31d945..jpg..pdf,2792676,65,2,1,0,0,0.2153846153846154,document,0,0,0,0,0,1,0,1,0,0,51,7.938225401487929,5.250824256483538,0.3703125604259141,0.013670758799087327,256,16,0,0,0,0,0,0,0,0,0,0,0,0.0,0
1,mitra,image_anomaly_mitra,1794,met_551350_additional_005__marker_zip_002__001.3ead20be..jpg..zip,data/raw/image_anomaly/anomalous/mitra/files/jpg/met_551350_additional_005/aee1f32d042ed076aa20/met_551350_additional_005__marker_zip_002__001.3ead20be..jpg..zip,2495916,65,2,1,0,0,0.2153846153846154,archive,0,0,0,1,0,1,0,1,0,0,48,7.950387784330649,7.988340858219542,0.37196684503805416,0.012489202360976892,256,15,0,0,0,0,0,0,0,0,0,0,0,0.0,0
1,mitra,image_anomaly_mitra,1795,met_551350_additional_005__marker_zip_002__002.85b0fa08..zip..jpg,data/raw/image_anomaly/anomalous/mitra/files/jpg/met_551350_additional_005/aee1f32d042ed076aa20/met_551350_additional_005__marker_zip_002__002.85b0fa08..zip..jpg,2495912,65,2,1,0,0,0.2153846153846154,image,0,0,0,1,0,1,1,0,0,0,48,7.950387596710878,6.325393852084277,0.3719670405046332,0.012489222376429939,256,15,0,0,0,0,0,0,0,2,0,0,0,0.013168332857889221,0
1,mitra,image_anomaly_mitra,1796,met_551350_additional_005__marker_pdf_002__001.aad77ac6..jpg..pdf,data/raw/image_anomaly/anomalous/mitra/files/jpg/met_551350_additional_005/b2193d01918ae11b78a3/met_551350_additional_005__marker_pdf_002__001.aad77ac6..jpg..pdf,2466716,65,2,1,0,0,0.2153846153846154,document,0,0,0,0,0,1,0,1,0,0,47,7.949267587976079,5.072845754531357,0.37289781231402397,0.012547857150965088,256,15,0,0,0,0,0,0,0,0,0,0,0,0.0,0
1,mitra,image_anomaly_mitra,1797,met_551350_additional_005__marker_pdf_001__001.91340d17..jpg..pdf,data/raw/image_anomaly/anomalous/mitra/files/jpg/met_551350_additional_005/eb38507d5c8094a9c4bb/met_551350_additional_005__marker_pdf_001__001.91340d17..jpg..pdf,2464925,65,2,1,0,0,0.2153846153846154,document,0,0,0,0,0,1,0,1,0,0,47,7.949223331364374,5.250824256483538,0.37245757984522854,0.012556974350132357,256,15,0,0,0,0,0,0,0,0,0,0,0,0.0,0
1,mitra,image_anomaly_mitra,1798,met_551350_additional_005__marker_zip_001__001.e27f17f2..jpg..zip,data/raw/image_anomaly/anomalous/mitra/files/jpg/met_551350_additional_005/fbe2ce4b02c588ce0609/met_551350_additional_005__marker_zip_001__001.e27f17f2..jpg..zip,2463430,65,2,1,0,0,0.2153846153846154,archive,0,0,0,1,0,1,0,1,0,0,48,7.949125949330651,6.159898070572872,0.37194805616559024,0.012600317443564461,256,15,0,0,0,0,0,0,0,0,0,0,0,0.0,0
1,mitra,image_anomaly_mitra,1799,met_551350_additional_005__marker_zip_001__002.b144c538..zip..jpg,data/raw/image_anomaly/anomalous/mitra/files/jpg/met_551350_additional_005/fbe2ce4b02c588ce0609/met_551350_additional_005__marker_zip_001__002.b144c538..zip..jpg,2463426,65,2,1,0,0,0.2153846153846154,image,0,0,0,1,0,1,1,0,0,0,48,7.9491257030533085,6.325393852084277,0.37194825417934213,0.012600337903391455,256,15,0,0,0,0,0,0,0,2,0,0,0,0.00087155043423265,0
1,mitra,image_anomaly_mitra,1800,met_551350_additional_006__marker_pdf_001__001.e762c36d..jpg..pdf,data/raw/image_anomaly/anomalous/mitra/files/jpg/met_551350_additional_006/02bd4f46a1b2bc017b57/met_551350_additional_006__marker_pdf_001__001.e762c36d..jpg..pdf,1048574,65,2,1,0,0,0.2153846153846154,document,0,0,0,0,0,1,0,1,0,0,12,7.909618435519444,5.250824256483538,0.3826749471186583,0.01767066511281035,256,17,0,0,0,0,0,0,0,0,0,0,0,0.0,0
1,mitra,image_anomaly_mitra,1801,met_551350_additional_006__marker_pdf_002__001.3ad1505e..jpg..pdf,data/raw/image_anomaly/anomalous/mitra/files/jpg/met_551350_additional_006/a16aa338fae0084608fe/met_551350_additional_006__marker_pdf_002__001.3ad1505e..jpg..pdf,1050365,65,2,1,0,0,0.2153846153846154,document,0,0,0,0,0,1,0,1,0,0,12,7.909728677305237,5.072845754531357,0.3836913834714599,0.017640534480870936,256,17,0,0,0,0,0,0,0,0,0,0,0,0.0,0
1,mitra,image_anomaly_mitra,1802,met_551350_additional_006__marker_zip_002__001.3c17e513..jpg..zip,data/raw/image_anomaly/anomalous/mitra/files/jpg/met_551350_additional_006/a2d1b345357dbc1cbcfc/met_551350_additional_006__marker_zip_002__001.3c17e513..jpg..zip,1079565,65,2,1,0,0,0.2153846153846154,archive,0,0,0,1,0,1,0,1,0,0,13,7.914522460156201,7.988340858219542,0.38124707636872257,0.017367180299472474,256,17,0,0,0,0,0,0,0,0,0,0,0,0.0,0
1,mitra,image_anomaly_mitra,1803,met_551350_additional_006__marker_zip_002__002.db871b23..zip..jpg,data/raw/image_anomaly/anomalous/mitra/files/jpg/met_551350_additional_006/a2d1b345357dbc1cbcfc/met_551350_additional_006__marker_zip_002__002.db871b23..zip..jpg,1079561,65,2,1,0,0,0.2153846153846154,image,0,0,0,1,0,1,1,0,0,0,13,7.914520964986078,4.889998060770651,0.38124756266667653,0.017367244648519166,256,17,0,0,0,0,0,0,0,2,0,0,0,0.030444782647761452,0
1,mitra,image_anomaly_mitra,1804,met_551350_additional_006__marker_zip_001__001.8c5c22b4..jpg..zip,data/raw/image_anomaly/anomalous/mitra/files/jpg/met_551350_additional_006/b0415a7f82de4405e9b3/met_551350_additional_006__marker_zip_001__001.8c5c22b4..jpg..zip,1047079,65,2,1,0,0,0.2153846153846154,archive,0,0,0,1,0,1,0,1,0,0,13,7.909448681045872,5.6103383234606135,0.381490794868391,0.01777993828545888,256,17,0,0,0,0,0,0,0,0,0,0,0,0.0,0
1,mitra,image_anomaly_mitra,1805,met_551350_additional_006__marker_zip_001__002.3fff88b3..zip..jpg,data/raw/image_anomaly/anomalous/mitra/files/jpg/met_551350_additional_006/b0415a7f82de4405e9b3/met_551350_additional_006__marker_zip_001__002.3fff88b3..zip..jpg,1047075,65,2,1,0,0,0.2153846153846154,image,0,0,0,1,0,1,1,0,0,0,13,7.909446088030014,4.889998060770651,0.3814912971850154,0.01778000620776926,256,17,0,0,0,0,0,0,0,2,0,0,0,0.0020504739393071175,0
1,mitra,image_anomaly_mitra,1806,met_551350_primary_000__marker_pdf_002__001.733f34c5..jpg..pdf,data/raw/image_anomaly/anomalous/mitra/files/jpg/met_551350_primary_000/7abe360215e5048e4ee8/met_551350_primary_000__marker_pdf_002__001.733f34c5..jpg..pdf,2627659,62,2,1,0,0,0.22580645161290322,document,0,0,0,0,0,1,0,1,0,0,49,7.950621961425923,5.072845754531357,0.373221943943259,0.012448723369356526,256,17,0,0,1,0,0,0,1,0,0,0,0,0.0,0
1,mitra,image_anomaly_mitra,1807,met_551350_primary_000__marker_zip_001__001.b784c86a..jpg..zip,data/raw/image_anomaly/anomalous/mitra/files/jpg/met_551350_primary_000/98972d048098bdc11de9/met_551350_primary_000__marker_zip_001__001.b784c86a..jpg..zip,2624373,62,2,1,0,0,0.22580645161290322,archive,0,0,0,1,0,1,0,1,0,0,50,7.950505903172926,6.160359609540212,0.37233083864222044,0.012497842341770777,256,17,0,0,1,0,0,0,1,0,0,0,0,0.0,0
1,mitra,image_anomaly_mitra,1808,met_551350_primary_000__marker_zip_001__002.dfebfa84..zip..jpg,data/raw/image_anomaly/anomalous/mitra/files/jpg/met_551350_primary_000/98972d048098bdc11de9/met_551350_primary_000__marker_zip_001__002.dfebfa84..zip..jpg,2624369,62,2,1,0,0,0.22580645161290322,image,0,0,0,1,0,1,1,0,0,0,50,7.950505639731213,6.321920699677467,0.37233102509593735,0.01249786139068096,256,17,0,0,1,0,0,0,1,2,0,0,0,0.0008181014179027416,0
1,mitra,image_anomaly_mitra,1809,met_551350_primary_000__marker_pdf_001__001.00955bae..jpg..pdf,data/raw/image_anomaly/anomalous/mitra/files/jpg/met_551350_primary_000/a9ea9df4621641043fd9/met_551350_primary_000__marker_pdf_001__001.00955bae..jpg..pdf,2625868,62,2,1,0,0,0.22580645161290322,document,0,0,0,0,0,1,0,1,0,0,49,7.950586889844403,5.250824256483538,0.3728089149949655,0.01245721414785511,256,17,0,0,1,0,0,0,1,0,0,0,0,0.0,0
1,mitra,image_anomaly_mitra,1810,met_551350_primary_000__marker_zip_002__001.a910719d..jpg..zip,data/raw/image_anomaly/anomalous/mitra/files/jpg/met_551350_primary_000/f1e3d2d698dcee7311ba/met_551350_primary_000__marker_zip_002__001.a910719d..jpg..zip,2656859,62,2,1,0,0,0.22580645161290322,archive,0,0,0,1,0,1,0,1,0,0,50,7.951662980652158,7.988340858219542,0.3723438089864761,0.012394711198448996,256,17,0,0,1,0,0,0,1,0,0,0,0,0.0,0
1,mitra,image_anomaly_mitra,1811,met_551350_primary_000__marker_zip_002__002.678b6e98..zip..jpg,data/raw/image_anomaly/anomalous/mitra/files/jpg/met_551350_primary_000/f1e3d2d698dcee7311ba/met_551350_primary_000__marker_zip_002__002.678b6e98..zip..jpg,2656855,62,2,1,0,0,0.22580645161290322,image,0,0,0,1,0,1,1,0,0,0,50,7.951662730197383,6.321920699677467,0.3723439931799063,0.012394729859175604,256,17,0,0,1,0,0,0,1,2,0,0,0,0.012370641228068524,0
1,mitra,image_anomaly_mitra,1812,met_551422_primary_000__marker_zip_002__001.aff2622e..jpg..zip,data/raw/image_anomaly/anomalous/mitra/files/jpg/met_551422_primary_000/45e1ca01dd53bea95e96/met_551422_primary_000__marker_zip_002__001.aff2622e..jpg..zip,216303,62,2,1,0,0,0.22580645161290322,archive,0,0,0,1,0,1,0,1,0,0,5,7.811146150430111,7.988340858219542,0.4274004521435209,0.02687896145684526,256,19,0,0,0,0,0,0,0,0,0,0,0,0.0,0
1,mitra,image_anomaly_mitra,1813,met_551422_primary_000__marker_zip_002__002.b085d7d3..zip..jpg,data/raw/image_anomaly/anomalous/mitra/files/jpg/met_551422_primary_000/45e1ca01dd53bea95e96/met_551422_primary_000__marker_zip_002__002.b085d7d3..zip..jpg,216299,62,2,1,0,0,0.22580645161290322,image,0,0,0,1,0,1,1,0,0,0,5,7.811146114602565,5.206518230220605,0.4274037327958058,0.026879458527316352,256,19,0,0,0,0,0,0,0,2,0,0,0,0.15195169649420479,0
1,mitra,image_anomaly_mitra,1814,met_551422_primary_000__marker_pdf_002__001.cc0cc232..jpg..pdf,data/raw/image_anomaly/anomalous/mitra/files/jpg/met_551422_primary_000/5ae63f7cfce6148c52e2/met_551422_primary_000__marker_pdf_002__001.cc0cc232..jpg..pdf,187103,62,2,1,0,0,0.22580645161290322,document,0,0,0,0,0,1,0,1,0,0,4,7.745644983140521,5.072845754531357,0.4483252540044788,0.029897970636494336,256,19,0,0,0,0,0,0,0,0,0,0,0,0.0,0
1,mitra,image_anomaly_mitra,1815,met_551422_primary_000__marker_pdf_001__001.e1bb49b3..jpg..pdf,data/raw/image_anomaly/anomalous/mitra/files/jpg/met_551422_primary_000/c7373713de8db97b91ca/met_551422_primary_000__marker_pdf_001__001.e1bb49b3..jpg..pdf,185312,62,2,1,0,0,0.22580645161290322,document,0,0,0,0,0,1,0,1,0,0,4,7.7468122172138445,5.250824256483538,0.44319849766879643,0.030186927991711274,256,19,0,0,0,0,0,0,0,0,0,0,0,0.0,0
1,mitra,image_anomaly_mitra,1816,met_551422_primary_000__marker_zip_001__001.b85066d3..jpg..zip,data/raw/image_anomaly/anomalous/mitra/files/jpg/met_551422_primary_000/f1db7e24dc0de52fe400/met_551422_primary_000__marker_zip_001__001.b85066d3..jpg..zip,183817,62,2,1,0,0,0.22580645161290322,archive,0,0,0,1,0,1,0,1,0,0,5,7.750006260619064,5.796961806816605,0.4369454403020395,0.03091117796504132,256,19,0,0,0,0,0,0,0,0,0,0,0,0.0,0
1,mitra,image_anomaly_mitra,1817,met_551422_primary_000__marker_zip_001__002.e8be63a5..zip..jpg,data/raw/image_anomaly/anomalous/mitra/files/jpg/met_551422_primary_000/f1db7e24dc0de52fe400/met_551422_primary_000__marker_zip_001__002.e8be63a5..zip..jpg,183813,62,2,1,0,0,0.22580645161290322,image,0,0,0,1,0,1,1,0,0,0,5,7.749994397686456,5.206518230220605,0.436949508467845,0.030911850630804132,256,19,0,0,0,0,0,0,0,2,0,0,0,0.011680349050393607,0
1,mitra,image_anomaly_mitra,1818,met_552299_primary_000__marker_pdf_001__001.97fe7359..jpg..pdf,data/raw/image_anomaly/anomalous/mitra/files/jpg/met_552299_primary_000/3d42fcbf0dcc3fbe8847/met_552299_primary_000__marker_pdf_001__001.97fe7359..jpg..pdf,566985,62,2,1,0,0,0.22580645161290322,document,0,0,0,0,0,1,0,1,0,0,8,7.920658423689425,5.250824256483538,0.3797525507729481,0.009550517209449985,256,15,0,0,0,0,0,0,0,0,0,0,0,0.0,0
1,mitra,image_anomaly_mitra,1819,met_552299_primary_000__marker_pdf_002__001.a1dab00d..jpg..pdf,data/raw/image_anomaly/anomalous/mitra/files/jpg/met_552299_primary_000/4dd1c33510a7504ad8ab/met_552299_primary_000__marker_pdf_002__001.a1dab00d..jpg..pdf,568776,62,2,1,0,0,0.22580645161290322,document,0,0,0,0,0,1,0,1,0,0,8,7.920788187057518,5.072845754531357,0.3816388173903259,0.009520443900586522,256,15,0,0,0,0,0,0,0,0,0,0,0,0.0,0
1,mitra,image_anomaly_mitra,1820,met_552299_primary_000__marker_zip_002__001.c8db7a3d..jpg..zip,data/raw/image_anomaly/anomalous/mitra/files/jpg/met_552299_primary_000/6784eeb7e5b81daa6ede/met_552299_primary_000__marker_zip_002__001.c8db7a3d..jpg..zip,597976,62,2,1,0,0,0.22580645161290322,archive,0,0,0,1,0,1,0,1,0,0,9,7.928847009170871,7.988340858219542,0.37732618031492904,0.009423455121944693,256,15,0,0,0,0,0,0,0,0,0,0,0,0.0,0
1,mitra,image_anomaly_mitra,1821,met_552299_primary_000__marker_zip_002__002.80d57ad9..zip..jpg,data/raw/image_anomaly/anomalous/mitra/files/jpg/met_552299_primary_000/6784eeb7e5b81daa6ede/met_552299_primary_000__marker_zip_002__002.80d57ad9..zip..jpg,597972,62,2,1,0,0,0.22580645161290322,image,0,0,0,1,0,1,1,0,0,0,9,7.928845863324791,7.22713220970735,0.3773270320349448,0.009423518158040845,256,15,0,0,0,0,0,0,0,2,0,0,0,0.0549641120320015,0
1,mitra,image_anomaly_mitra,1822,met_552299_primary_000__marker_zip_001__001.5063226d..jpg..zip,data/raw/image_anomaly/anomalous/mitra/files/jpg/met_552299_primary_000/737a2427f502eecf9513/met_552299_primary_000__marker_zip_001__001.5063226d..jpg..zip,565490,62,2,1,0,0,0.22580645161290322,archive,0,0,0,1,0,1,0,1,0,0,9,7.920600634446503,7.1164964564686635,0.37755221135652267,0.00973138340200534,256,15,0,0,0,0,0,0,0,0,0,0,0,0.0,0
1,mitra,image_anomaly_mitra,1823,met_552299_primary_000__marker_zip_001__002.ff2d224a..zip..jpg,data/raw/image_anomaly/anomalous/mitra/files/jpg/met_552299_primary_000/737a2427f502eecf9513/met_552299_primary_000__marker_zip_001__002.ff2d224a..zip..jpg,565486,62,2,1,0,0,0.22580645161290322,image,0,0,0,1,0,1,1,0,0,0,9,7.920599256938691,7.22713220970735,0.37755311360493454,0.009731452237544342,256,15,0,0,0,0,0,0,0,2,0,0,0,0.0037967341366541346,0
1,mitra,image_anomaly_mitra,1824,met_55516_primary_000__marker_zip_001__001.ac515a7e..jpg..zip,data/raw/image_anomaly/anomalous/mitra/files/jpg/met_55516_primary_000/06c39ce77f285d23d993/met_55516_primary_000__marker_zip_001__001.ac515a7e..jpg..zip,2129150,61,2,1,0,0,0.22950819672131148,archive,0,0,0,1,0,1,0,1,0,0,47,7.9891956972215095,3.448744343235197,0.37628208439987787,0.007984406922950472,256,6,0,0,0,0,0,0,0,0,0,0,0,0.0,0
1,mitra,image_anomaly_mitra,1825,met_55516_primary_000__marker_zip_001__002.7404549c..zip..jpg,data/raw/image_anomaly/anomalous/mitra/files/jpg/met_55516_primary_000/06c39ce77f285d23d993/met_55516_primary_000__marker_zip_001__002.7404549c..zip..jpg,2129146,61,2,1,0,0,0.22950819672131148,image,0,0,0,1,0,1,1,0,0,0,47,7.9891953696621005,3.4166477975996146,0.37628232164445274,0.007984421923156045,256,6,0,0,0,0,0,0,0,2,0,0,0,0.0010083855217068252,0
1,mitra,image_anomaly_mitra,1826,met_55516_primary_000__marker_pdf_002__001.e5f5931e..jpg..pdf,data/raw/image_anomaly/anomalous/mitra/files/jpg/met_55516_primary_000/51078215ae9b9e5e755d/met_55516_primary_000__marker_pdf_002__001.e5f5931e..jpg..pdf,2132436,61,2,1,0,0,0.22950819672131148,document,0,0,0,0,0,1,0,1,0,0,46,7.989167404882624,5.072845754531357,0.37737404545787073,0.00793083590785374,256,6,0,0,0,0,0,0,0,0,0,0,0,0.0,0
1,mitra,image_anomaly_mitra,1827,met_55516_primary_000__marker_zip_002__001.ef18116d..jpg..zip,data/raw/image_anomaly/anomalous/mitra/files/jpg/met_55516_primary_000/7b0a76a5cdbd84dab35e/met_55516_primary_000__marker_zip_002__001.ef18116d..jpg..zip,2161636,61,2,1,0,0,0.22950819672131148,archive,0,0,0,1,0,1,0,1,0,0,47,7.989505490569348,7.988340858219542,0.37623864517430317,0.007925478665233184,256,6,0,0,0,0,0,0,0,0,0,0,0,0.0,0
1,mitra,image_anomaly_mitra,1828,met_55516_primary_000__marker_zip_002__002.1d05e142..zip..jpg,data/raw/image_anomaly/anomalous/mitra/files/jpg/met_55516_primary_000/7b0a76a5cdbd84dab35e/met_55516_primary_000__marker_zip_002__002.1d05e142..zip..jpg,2161632,61,2,1,0,0,0.22950819672131148,image,0,0,0,1,0,1,1,0,0,0,47,7.9895051959686345,3.4166477975996146,0.37623887877307516,0.007925493330964753,256,6,0,0,0,0,0,0,0,2,0,0,0,0.01520471569628873,0
1,mitra,image_anomaly_mitra,1829,met_55516_primary_000__marker_pdf_001__001.36b482df..jpg..pdf,data/raw/image_anomaly/anomalous/mitra/files/jpg/met_55516_primary_000/e01224c3217b36616cf3/met_55516_primary_000__marker_pdf_001__001.36b482df..jpg..pdf,2130645,61,2,1,0,0,0.22950819672131148,document,0,0,0,0,0,1,0,1,0,0,46,7.989193261733046,5.250824256483538,0.37686850695446683,0.007937502493376419,256,6,0,0,0,0,0,0,0,0,0,0,0,0.0,0
1,mitra,image_anomaly_mitra,1830,met_558330_primary_000__marker_pdf_002__001.bfe2c344..jpg..pdf,data/raw/image_anomaly/anomalous/mitra/files/jpg/met_558330_primary_000/12c3b51764c5db6181f1/met_558330_primary_000__marker_pdf_002__001.bfe2c344..jpg..pdf,211274,62,2,1,0,0,0.22580645161290322,document,0,0,0,0,0,1,0,1,0,0,3,7.9123290990290105,5.072845754531357,0.3794030500676846,0.008207351590825184,256,6,0,0,0,0,0,0,0,0,0,0,0,0.0,0
1,mitra,image_anomaly_mitra,1831,met_558330_primary_000__marker_zip_002__001.bfbc263f..jpg..zip,data/raw/image_anomaly/anomalous/mitra/files/jpg/met_558330_primary_000/12f2786a7cd6d472c94a/met_558330_primary_000__marker_zip_002__001.bfbc263f..jpg..zip,240474,62,2,1,0,0,0.22580645161290322,archive,0,0,0,1,0,1,0,1,0,0,4,7.932703085148938,7.988340858219542,0.3689504894500029,0.008125618569990934,256,6,0,0,0,0,0,0,0,0,0,0,0,0.0,0
1,mitra,image_anomaly_mitra,1832,met_558330_primary_000__marker_zip_002__002.2c026fe2..zip..jpg,data/raw/image_anomaly/anomalous/mitra/files/jpg/met_558330_primary_000/12f2786a7cd6d472c94a/met_558330_primary_000__marker_zip_002__002.2c026fe2..zip..jpg,240470,62,2,1,0,0,0.22580645161290322,image,0,0,0,1,0,1,1,0,0,0,4,7.932702107603807,7.348353642617586,0.3689524680833368,0.008125753732274296,256,6,0,0,0,0,0,0,0,2,0,0,0,0.1366781719133364,0
1,mitra,image_anomaly_mitra,1833,met_558330_primary_000__marker_pdf_001__001.37e28311..jpg..pdf,data/raw/image_anomaly/anomalous/mitra/files/jpg/met_558330_primary_000/4f969bacfd4f77f4bfe6/met_558330_primary_000__marker_pdf_001__001.37e28311..jpg..pdf,209483,62,2,1,0,0,0.22580645161290322,document,0,0,0,0,0,1,0,1,0,0,3,7.912066380325714,5.250824256483538,0.3742785810781782,0.008277521326312876,256,6,0,0,0,0,0,0,0,0,0,0,0,0.0,0
1,mitra,image_anomaly_mitra,1834,met_558330_primary_000__marker_zip_001__001.039b3a7a..jpg..zip,data/raw/image_anomaly/anomalous/mitra/files/jpg/met_558330_primary_000/6b7be9a58fea61ca1066/met_558330_primary_000__marker_zip_001__001.039b3a7a..jpg..zip,207988,62,2,1,0,0,0.22580645161290322,archive,0,0,0,1,0,1,0,1,0,0,4,7.9118771063495,7.356457884940409,0.3682568225089909,0.008760120776198628,256,6,0,0,0,0,0,0,0,0,0,0,0,0.0,0
1,mitra,image_anomaly_mitra,1835,met_558330_primary_000__marker_zip_001__002.f304f9e7..zip..jpg,data/raw/image_anomaly/anomalous/mitra/files/jpg/met_558330_primary_000/6b7be9a58fea61ca1066/met_558330_primary_000__marker_zip_001__002.f304f9e7..zip..jpg,207984,62,2,1,0,0,0.22580645161290322,image,0,0,0,1,0,1,1,0,0,0,4,7.911882133999877,7.348353642617586,0.36825909685360414,0.008760289253019462,256,6,0,0,0,0,0,0,0,2,0,0,0,0.01032290945457343,0
1,mitra,image_anomaly_mitra,1836,met_558514_primary_000__marker_pdf_002__001.e4162394..jpg..pdf,data/raw/image_anomaly/anomalous/mitra/files/jpg/met_558514_primary_000/67ef89c549a78e3ae158/met_558514_primary_000__marker_pdf_002__001.e4162394..jpg..pdf,846841,62,2,1,0,0,0.22580645161290322,document,0,0,0,0,0,1,0,1,0,0,26,7.537618650910556,5.072845754531357,0.3477346987214837,0.11391866950230327,256,18,0,2,0,0,0,2,2,0,0,0,0,0.0,0
1,mitra,image_anomaly_mitra,1837,met_558514_primary_000__marker_zip_001__001.85c0a273..jpg..zip,data/raw/image_anomaly/anomalous/mitra/files/jpg/met_558514_primary_000/792a7ea40b73eb8d8717/met_558514_primary_000__marker_zip_001__001.85c0a273..jpg..zip,843555,62,2,1,0,0,0.22580645161290322,archive,0,0,0,1,0,1,0,1,0,0,27,7.535212958909624,6.143174367893726,0.3448631091037336,0.11446675083426688,256,18,0,2,0,0,0,2,2,0,0,0,0,0.0,0
1,mitra,image_anomaly_mitra,1838,met_558514_primary_000__marker_zip_001__002.d5ee94e1..zip..jpg,data/raw/image_anomaly/anomalous/mitra/files/jpg/met_558514_primary_000/792a7ea40b73eb8d8717/met_558514_primary_000__marker_zip_001__002.d5ee94e1..zip..jpg,843551,62,2,1,0,0,0.22580645161290322,image,0,0,0,1,0,1,1,0,0,0,27,7.535210246291051,6.322738824793774,0.3448635589312324,0.11446729361947292,256,18,0,2,0,0,0,2,2,2,0,0,0,0.0025451928810469077,0
1,mitra,image_anomaly_mitra,1839,met_558514_primary_000__marker_zip_002__001.0fd2d9ea..jpg..zip,data/raw/image_anomaly/anomalous/mitra/files/jpg/met_558514_primary_000/df294ca01909a29d4968/met_558514_primary_000__marker_zip_002__001.0fd2d9ea..jpg..zip,876041,62,2,1,0,0,0.22580645161290322,archive,0,0,0,1,0,1,0,1,0,0,27,7.560309721622925,7.988340858219542,0.34592102424429905,0.11037268803629054,256,18,0,2,0,0,0,2,2,0,0,0,0,0.0,0
1,mitra,image_anomaly_mitra,1840,met_558514_primary_000__marker_zip_002__002.bd080700..zip..jpg,data/raw/image_anomaly/anomalous/mitra/files/jpg/met_558514_primary_000/df294ca01909a29d4968/met_558514_primary_000__marker_zip_002__002.bd080700..zip..jpg,876037,62,2,1,0,0,0.22580645161290322,image,0,0,0,1,0,1,1,0,0,0,27,7.560305617874983,6.322738824793774,0.3459214622213445,0.11037319199988128,256,18,0,2,0,0,0,2,2,2,0,0,0,0.037517821735839924,0
1,mitra,image_anomaly_mitra,1841,met_558514_primary_000__marker_pdf_001__001.48c6f630..jpg..pdf,data/raw/image_anomaly/anomalous/mitra/files/jpg/met_558514_primary_000/ebf54e2d2f611d75c5ac/met_558514_primary_000__marker_pdf_001__001.48c6f630..jpg..pdf,845050,62,2,1,0,0,0.22580645161290322,document,0,0,0,0,0,1,0,1,0,0,26,7.536493777518295,5.250824256483538,0.3463972546003195,0.11416010886929767,256,18,0,2,0,0,0,2,2,0,0,0,0,0.0,0
1,mitra,image_anomaly_mitra,1842,met_56066_primary_000__marker_pdf_002__001.c1b94b3e..jpg..pdf,data/raw/image_anomaly/anomalous/mitra/files/jpg/met_56066_primary_000/197b198130b21f720612/met_56066_primary_000__marker_pdf_002__001.c1b94b3e..jpg..pdf,1728828,61,2,1,0,0,0.22950819672131148,document,0,0,0,0,0,1,0,1,0,0,31,7.982380923414661,5.072845754531357,0.376648804855081,0.008374459460397448,256,6,0,0,1,0,0,0,1,0,0,0,0,0.0,0
1,mitra,image_anomaly_mitra,1843,met_56066_primary_000__marker_zip_002__001.5ead0373..jpg..zip,data/raw/image_anomaly/anomalous/mitra/files/jpg/met_56066_primary_000/3705e803f2f518d3cb6e/met_56066_primary_000__marker_zip_002__001.5ead0373..jpg..zip,1758028,61,2,1,0,0,0.22950819672131148,archive,0,0,0,1,0,1,0,1,0,0,32,7.983025589839242,7.988340858219542,0.37526478531627483,0.00836050392826508,256,6,0,0,1,0,0,0,1,0,0,0,0,0.0,0
1,mitra,image_anomaly_mitra,1844,met_56066_primary_000__marker_zip_002__002.b5df43da..zip..jpg,data/raw/image_anomaly/anomalous/mitra/files/jpg/met_56066_primary_000/3705e803f2f518d3cb6e/met_56066_primary_000__marker_zip_002__002.b5df43da..zip..jpg,1758024,61,2,1,0,0,0.22950819672131148,image,0,0,0,1,0,1,1,0,0,0,32,7.983025225701696,3.4717151260966204,0.3752650703289602,0.008360522950767453,256,6,0,0,1,0,0,0,1,2,0,0,0,0.01869542167797482,0
1,mitra,image_anomaly_mitra,1845,met_56066_primary_000__marker_zip_001__001.c8eb92bb..jpg..zip,data/raw/image_anomaly/anomalous/mitra/files/jpg/met_56066_primary_000/39fd21d451e1c190ddd4/met_56066_primary_000__marker_zip_001__001.c8eb92bb..jpg..zip,1725542,61,2,1,0,0,0.22950819672131148,archive,0,0,0,1,0,1,0,1,0,0,32,7.982400571642717,3.4784261118158857,0.37530005065075206,0.008441405656889256,256,6,0,0,1,0,0,0,1,0,0,0,0,0.0,0
1,mitra,image_anomaly_mitra,1846,met_56066_primary_000__marker_zip_001__002.e67f0777..zip..jpg,data/raw/image_anomaly/anomalous/mitra/files/jpg/met_56066_primary_000/39fd21d451e1c190ddd4/met_56066_primary_000__marker_zip_001__002.e67f0777..zip..jpg,1725538,61,2,1,0,0,0.22950819672131148,image,0,0,0,1,0,1,1,0,0,0,32,7.982399944316135,3.4717151260966204,0.37530034111100424,0.008441425225060242,256,6,0,0,1,0,0,0,1,2,0,0,0,0.0012442496195389497,0
1,mitra,image_anomaly_mitra,1847,met_56066_primary_000__marker_pdf_001__001.cb1cbd66..jpg..pdf,data/raw/image_anomaly/anomalous/mitra/files/jpg/met_56066_primary_000/cd8437d5cd64d838147b/met_56066_primary_000__marker_pdf_001__001.cb1cbd66..jpg..pdf,1727037,61,2,1,0,0,0.22950819672131148,document,0,0,0,0,0,1,0,1,0,0,31,7.982411374260249,5.250824256483538,0.37602437006271433,0.008383144078557668,256,6,0,0,1,0,0,0,1,0,0,0,0,0.0,0
1,mitra,image_anomaly_mitra,1848,met_56572_primary_000__marker_zip_002__001.4d25fc30..jpg..zip,data/raw/image_anomaly/anomalous/mitra/files/jpg/met_56572_primary_000/4889109b85a34f0dfb37/met_56572_primary_000__marker_zip_002__001.4d25fc30..jpg..zip,1261446,61,2,1,0,0,0.22950819672131148,archive,0,0,0,1,0,1,0,1,0,0,11,7.921684541850204,7.988340858219542,0.3775238892509073,0.01718979647166823,256,18,0,0,0,0,0,0,0,0,0,0,0,0.0,0
1,mitra,image_anomaly_mitra,1849,met_56572_primary_000__marker_zip_002__002.3bd62e18..zip..jpg,data/raw/image_anomaly/anomalous/mitra/files/jpg/met_56572_primary_000/4889109b85a34f0dfb37/met_56572_primary_000__marker_zip_002__002.3bd62e18..zip..jpg,1261442,61,2,1,0,0,0.22950819672131148,image,0,0,0,1,0,1,1,0,0,0,11,7.921683440264912,4.873370120581353,0.37752429362586626,0.01718985098006884,256,18,0,0,0,0,0,0,0,2,0,0,0,0.02605510201816651,0
1,mitra,image_anomaly_mitra,1850,met_56572_primary_000__marker_pdf_001__001.b89871ba..jpg..pdf,data/raw/image_anomaly/anomalous/mitra/files/jpg/met_56572_primary_000/4afd594874334d195e3f/met_56572_primary_000__marker_pdf_001__001.b89871ba..jpg..pdf,1230455,61,2,1,0,0,0.22950819672131148,document,0,0,0,0,0,1,0,1,0,0,10,7.917831579283598,5.250824256483538,0.37864692329260313,0.01744395365941867,256,18,0,0,0,0,0,0,0,0,0,0,0,0.0,0
1,mitra,image_anomaly_mitra,1851,met_56572_primary_000__marker_zip_001__001.8da3cacc..jpg..zip,data/raw/image_anomaly/anomalous/mitra/files/jpg/met_56572_primary_000/959d5b12333ee1b20d61/met_56572_primary_000__marker_zip_001__001.8da3cacc..jpg..zip,1228960,61,2,1,0,0,0.22950819672131148,archive,0,0,0,1,0,1,0,1,0,0,11,7.917704000355485,5.596670691629001,0.3776331206874105,0.017536779065225883,256,18,0,0,0,0,0,0,0,0,0,0,0,0.0,0
1,mitra,image_anomaly_mitra,1852,met_56572_primary_000__marker_zip_001__002.ad4f899e..zip..jpg,data/raw/image_anomaly/anomalous/mitra/files/jpg/met_56572_primary_000/959d5b12333ee1b20d61/met_56572_primary_000__marker_zip_001__002.ad4f899e..zip..jpg,1228956,61,2,1,0,0,0.22950819672131148,image,0,0,0,1,0,1,1,0,0,0,11,7.917702203983961,4.873370120581353,0.37763353610706973,0.017536836143848926,256,18,0,0,0,0,0,0,0,2,0,0,0,0.0017470112843747051,0
1,mitra,image_anomaly_mitra,1853,met_56572_primary_000__marker_pdf_002__001.8f2f3fb5..jpg..pdf,data/raw/image_anomaly/anomalous/mitra/files/jpg/met_56572_primary_000/d6a8fc23131100b031cf/met_56572_primary_000__marker_pdf_002__001.8f2f3fb5..jpg..pdf,1232246,61,2,1,0,0,0.22950819672131148,document,0,0,0,0,0,1,0,1,0,0,10,7.917912445930586,5.072845754531357,0.37951918691559966,0.017418599857495987,256,18,0,0,0,0,0,0,0,0,0,0,0,0.0,0
1,mitra,image_anomaly_mitra,1854,met_56754_primary_000__marker_zip_002__001.f64f9aba..jpg..zip,data/raw/image_anomaly/anomalous/mitra/files/jpg/met_56754_primary_000/73074bbc566e2db1eb3c/met_56754_primary_000__marker_zip_002__001.f64f9aba..jpg..zip,2043349,61,2,1,0,0,0.22950819672131148,archive,0,0,0,1,0,1,0,1,0,0,43,7.9831140600990125,7.988340858219542,0.37530691037116026,0.008949034159118192,256,6,0,0,0,0,0,0,0,0,0,0,0,0.0,0
1,mitra,image_anomaly_mitra,1855,met_56754_primary_000__marker_zip_002__002.882b81e9..zip..jpg,data/raw/image_anomaly/anomalous/mitra/files/jpg/met_56754_primary_000/73074bbc566e2db1eb3c/met_56754_primary_000__marker_zip_002__002.882b81e9..zip..jpg,2043345,61,2,1,0,0,0.22950819672131148,image,0,0,0,1,0,1,1,0,0,0,43,7.983114030593109,3.402785699541339,0.3753071556687686,0.00894905167751897,256,6,0,0,0,0,0,0,0,2,0,0,0,0.01608490000464924,0
1,mitra,image_anomaly_mitra,1856,met_56754_primary_000__marker_pdf_002__001.2ca6e5fd..jpg..pdf,data/raw/image_anomaly/anomalous/mitra/files/jpg/met_56754_primary_000/87939ec98b2345776464/met_56754_primary_000__marker_pdf_002__001.2ca6e5fd..jpg..pdf,2014149,61,2,1,0,0,0.22950819672131148,document,0,0,0,0,0,1,0,1,0,0,42,7.982586674629709,5.072845754531357,0.3764954827075852,0.008969544954221361,256,6,0,0,0,0,0,0,0,0,0,0,0,0.0,0
1,mitra,image_anomaly_mitra,1857,met_56754_primary_000__marker_zip_001__001.f234bacc..jpg..zip,data/raw/image_anomaly/anomalous/mitra/files/jpg/met_56754_primary_000/cae7d20b8268ec601e9e/met_56754_primary_000__marker_zip_001__001.f234bacc..jpg..zip,2010863,61,2,1,0,0,0.22950819672131148,archive,0,0,0,1,0,1,0,1,0,0,43,7.982578600650406,3.448827702705484,0.37533785245439394,0.009027964610219593,256,6,0,0,0,0,0,0,0,0,0,0,0,0.0,0
1,mitra,image_anomaly_mitra,1858,met_56754_primary_000__marker_zip_001__002.4592be48..zip..jpg,data/raw/image_anomaly/anomalous/mitra/files/jpg/met_56754_primary_000/cae7d20b8268ec601e9e/met_56754_primary_000__marker_zip_001__002.4592be48..zip..jpg,2010859,61,2,1,0,0,0.22950819672131148,image,0,0,0,1,0,1,1,0,0,0,43,7.982578665626063,3.402785699541339,0.37533810177640503,0.00902798256864355,256,6,0,0,0,0,0,0,0,2,0,0,0,0.0010677029070660846,0
1,mitra,image_anomaly_mitra,1859,met_56754_primary_000__marker_pdf_001__001.f8647f8c..jpg..pdf,data/raw/image_anomaly/anomalous/mitra/files/jpg/met_56754_primary_000/fa9478cb32a71d4d099b/met_56754_primary_000__marker_pdf_001__001.f8647f8c..jpg..pdf,2012358,61,2,1,0,0,0.22950819672131148,document,0,0,0,0,0,1,0,1,0,0,42,7.982601220414685,5.250824256483538,0.37595944657958474,0.008977527855381598,256,6,0,0,0,0,0,0,0,0,0,0,0,0.0,0
1,mitra,image_anomaly_mitra,1860,met_57035_primary_000__marker_zip_001__001.f8063efb..jpg..zip,data/raw/image_anomaly/anomalous/mitra/files/jpg/met_57035_primary_000/62753fd28a11094e9b4a/met_57035_primary_000__marker_zip_001__001.f8063efb..jpg..zip,2938970,61,2,1,0,0,0.22950819672131148,archive,0,0,0,1,0,1,0,1,0,0,61,7.98240996380127,3.4777835496953413,0.37570305242993296,0.008436629159195227,256,6,0,0,0,0,0,0,0,0,0,0,0,0.0,0
1,mitra,image_anomaly_mitra,1861,met_57035_primary_000__marker_zip_001__002.5797fd23..zip..jpg,data/raw/image_anomaly/anomalous/mitra/files/jpg/met_57035_primary_000/62753fd28a11094e9b4a/met_57035_primary_000__marker_zip_001__002.5797fd23..zip..jpg,2938966,61,2,1,0,0,0.22950819672131148,image,0,0,0,1,0,1,1,0,0,0,61,7.982409560431264,3.4852180133465667,0.3757032235146647,0.008436640641640632,256,6,0,0,0,0,0,0,0,2,0,0,0,0.0007305290364025988,0
1,mitra,image_anomaly_mitra,1862,met_57035_primary_000__marker_zip_002__001.10520fbf..jpg..zip,data/raw/image_anomaly/anomalous/mitra/files/jpg/met_57035_primary_000/70778a526b885e0610e4/met_57035_primary_000__marker_zip_002__001.10520fbf..jpg..zip,2971456,61,2,1,0,0,0.22950819672131148,archive,0,0,0,1,0,1,0,1,0,0,61,7.982780405345439,7.988340858219542,0.37567778220508735,0.008388816795537272,256,6,0,0,0,0,0,0,0,0,0,0,0,0.0,0
1,mitra,image_anomaly_mitra,1863,met_57035_primary_000__marker_zip_002__002.9199ecbb..zip..jpg,data/raw/image_anomaly/anomalous/mitra/files/jpg/met_57035_primary_000/70778a526b885e0610e4/met_57035_primary_000__marker_zip_002__002.9199ecbb..zip..jpg,2971452,61,2,1,0,0,0.22950819672131148,image,0,0,0,1,0,1,1,0,0,0,61,7.982780204509055,3.4852180133465667,0.3756779513853833,0.008388828088086228,256,6,0,0,0,0,0,0,0,2,0,0,0,0.011060922404265658,0
1,mitra,image_anomaly_mitra,1864,met_57035_primary_000__marker_pdf_001__001.75aebdbd..jpg..pdf,data/raw/image_anomaly/anomalous/mitra/files/jpg/met_57035_primary_000/abebb40ffd7ddecd2a0a/met_57035_primary_000__marker_pdf_001__001.75aebdbd..jpg..pdf,2940465,61,2,1,0,0,0.22950819672131148,document,0,0,0,0,0,1,0,1,0,0,60,7.982428317848425,5.250824256483538,0.3761282654274069,0.008402412543594296,256,6,0,0,0,0,0,0,0,0,0,0,0,0.0,0
1,mitra,image_anomaly_mitra,1865,met_57035_primary_000__marker_pdf_002__001.5d062187..jpg..pdf,data/raw/image_anomaly/anomalous/mitra/files/jpg/met_57035_primary_000/ad94fbf6e2e4ae3b8177/met_57035_primary_000__marker_pdf_002__001.5d062187..jpg..pdf,2942256,61,2,1,0,0,0.22950819672131148,document,0,0,0,0,0,1,0,1,0,0,60,7.982418048402192,5.072845754531357,0.3764951112343725,0.00839729785579501,256,6,0,0,0,0,0,0,0,0,0,0,0,0.0,0
1,mitra,image_anomaly_mitra,1866,met_57139_additional_001__marker_pdf_002__001.32eda673..jpg..pdf,data/raw/image_anomaly/anomalous/mitra/files/jpg/met_57139_additional_001/1810cbac80472cebebbe/met_57139_additional_001__marker_pdf_002__001.32eda673..jpg..pdf,245381,64,2,1,0,0,0.21875,document,0,0,0,0,0,1,0,1,0,0,2,7.462094923164558,5.072845754531357,0.3452671559737714,0.0655307460642837,256,6,0,1,0,0,0,1,1,0,0,0,0,0.0,0
1,mitra,image_anomaly_mitra,1867,met_57139_additional_001__marker_zip_001__001.d5e386e5..jpg..zip,data/raw/image_anomaly/anomalous/mitra/files/jpg/met_57139_additional_001/8b6b054cc4044d81f2dc/met_57139_additional_001__marker_zip_001__001.d5e386e5..jpg..zip,242095,64,2,1,0,0,0.21875,archive,0,0,0,1,0,1,0,1,0,0,3,7.450993631697631,3.473218641835517,0.33522790640038,0.06678370061339557,256,6,0,1,0,0,0,1,1,0,0,0,0,0.0,0
1,mitra,image_anomaly_mitra,1868,met_57139_additional_001__marker_zip_001__002.7e673653..zip..jpg,data/raw/image_anomaly/anomalous/mitra/files/jpg/met_57139_additional_001/8b6b054cc4044d81f2dc/met_57139_additional_001__marker_zip_001__002.7e673653..zip..jpg,242091,64,2,1,0,0,0.21875,image,0,0,0,1,0,1,1,0,0,0,3,7.4509761933197325,3.485015720633768,0.33522931459657734,0.06678480406128275,256,6,0,1,0,0,0,1,1,2,0,0,0,0.008868565952472417,0
1,mitra,image_anomaly_mitra,1869,met_57139_additional_001__marker_pdf_001__001.0a9b1c68..jpg..pdf,data/raw/image_anomaly/anomalous/mitra/files/jpg/met_57139_additional_001/9ef32fc01cac8036afd2/met_57139_additional_001__marker_pdf_001__001.0a9b1c68..jpg..pdf,243590,64,2,1,0,0,0.21875,document,0,0,0,0,0,1,0,1,0,0,2,7.456184382810676,5.250824256483538,0.34060922041134695,0.0660125620920399,256,6,0,1,0,0,0,1,1,0,0,0,0,0.0,0
1,mitra,image_anomaly_mitra,1870,met_57139_additional_001__marker_zip_002__001.611982c7..jpg..zip,data/raw/image_anomaly/anomalous/mitra/files/jpg/met_57139_additional_001/eb93d0d0a767e9a4d718/met_57139_additional_001__marker_zip_002__001.611982c7..jpg..zip,274581,64,2,1,0,0,0.21875,archive,0,0,0,1,0,1,0,1,0,0,3,7.560155246768727,7.988340858219542,0.33974309948612613,0.05936317516506969,256,6,0,1,0,0,0,1,1,0,0,0,0,0.0,0
1,mitra,image_anomaly_mitra,1871,met_57139_additional_001__marker_zip_002__002.93fe7233..zip..jpg,data/raw/image_anomaly/anomalous/mitra/files/jpg/met_57139_additional_001/eb93d0d0a767e9a4d718/met_57139_additional_001__marker_zip_002__002.93fe7233..zip..jpg,274577,64,2,1,0,0,0.21875,image,0,0,0,1,0,1,1,0,0,0,3,7.5601426982357545,3.485015720633768,0.3397444068512658,0.05936403995964702,256,6,0,1,0,0,0,1,1,2,0,0,0,0.1197004847456269,0
1,mitra,image_anomaly_mitra,1872,met_57139_additional_002__marker_zip_001__001.f86099e6..jpg..zip,data/raw/image_anomaly/anomalous/mitra/files/jpg/met_57139_additional_002/57e42afe984d3b2d64d0/met_57139_additional_002__marker_zip_001__001.f86099e6..jpg..zip,2347416,64,2,1,0,0,0.21875,archive,0,0,0,1,0,1,0,1,0,0,11,7.9290364208082265,5.661802878133387,0.3669255896696623,0.016659595061122526,256,18,0,0,0,0,0,0,0,0,0,0,0,0.0,0
1,mitra,image_anomaly_mitra,1873,met_57139_additional_002__marker_zip_001__002.8b6d0b1f..zip..jpg,data/raw/image_anomaly/anomalous/mitra/files/jpg/met_57139_additional_002/57e42afe984d3b2d64d0/met_57139_additional_002__marker_zip_001__002.8b6d0b1f..zip..jpg,2347412,64,2,1,0,0,0.21875,image,0,0,0,1,0,1,1,0,0,0,11,7.929035968677547,4.963572782774719,0.3669257889113628,0.01665962344914314,256,18,0,0,0,0,0,0,0,2,0,0,0,0.0009146242755851976,0
1,mitra,image_anomaly_mitra,1874,met_57139_additional_002__marker_pdf_002__001.6bbb9835..jpg..pdf,data/raw/image_anomaly/anomalous/mitra/files/jpg/met_57139_additional_002/885709bf63694d55583c/met_57139_additional_002__marker_pdf_002__001.6bbb9835..jpg..pdf,2350702,64,2,1,0,0,0.21875,document,0,0,0,0,0,1,0,1,0,0,10,7.929201629230676,5.072845754531357,0.3679292398611138,0.016598871315887765,256,18,0,0,0,0,0,0,0,0,0,0,0,0.0,0
1,mitra,image_anomaly_mitra,1875,met_57139_additional_002__marker_zip_002__001.5b9fe673..jpg..zip,data/raw/image_anomaly/anomalous/mitra/files/jpg/met_57139_additional_002/a37d40acb3685a1ae8d2/met_57139_additional_002__marker_zip_002__001.5b9fe673..jpg..zip,2379902,64,2,1,0,0,0.21875,archive,0,0,0,1,0,1,0,1,0,0,11,7.930880026589587,7.988340858219542,0.3670138518308737,0.016487653693303336,256,18,0,0,0,0,0,0,0,0,0,0,0,0.0,0
1,mitra,image_anomaly_mitra,1876,met_57139_additional_002__marker_zip_002__002.b190e61b..zip..jpg,data/raw/image_anomaly/anomalous/mitra/files/jpg/met_57139_additional_002/a37d40acb3685a1ae8d2/met_57139_additional_002__marker_zip_002__002.b190e61b..zip..jpg,2379898,64,2,1,0,0,0.21875,image,0,0,0,1,0,1,1,0,0,0,11,7.930879583670555,4.963572782774719,0.3670140485012383,0.016487681404833317,256,18,0,0,0,0,0,0,0,2,0,0,0,0.01381025573364909,0
1,mitra,image_anomaly_mitra,1877,met_57139_additional_002__marker_pdf_001__001.ce039cfe..jpg..pdf,data/raw/image_anomaly/anomalous/mitra/files/jpg/met_57139_additional_002/d544ea873b709e2d18c8/met_57139_additional_002__marker_pdf_001__001.ce039cfe..jpg..pdf,2348911,64,2,1,0,0,0.21875,document,0,0,0,0,0,1,0,1,0,0,10,7.92913135804254,5.250824256483538,0.3674634756276419,0.01661152763982969,256,18,0,0,0,0,0,0,0,0,0,0,0,0.0,0
1,mitra,image_anomaly_mitra,1878,met_57139_primary_000__marker_zip_001__001.453e2faa..jpg..zip,data/raw/image_anomaly/anomalous/mitra/files/jpg/met_57139_primary_000/3e001c992282a413cd09/met_57139_primary_000__marker_zip_001__001.453e2faa..jpg..zip,276281,61,2,1,0,0,0.22950819672131148,archive,0,0,0,1,0,1,0,1,0,0,3,7.519107224485036,3.473218641835517,0.3376019342625805,0.05946843974069878,256,6,0,1,0,0,0,1,1,0,0,0,0,0.0,0
1,mitra,image_anomaly_mitra,1879,met_57139_primary_000__marker_zip_001__002.31288a8a..zip..jpg,data/raw/image_anomaly/anomalous/mitra/files/jpg/met_57139_primary_000/3e001c992282a413cd09/met_57139_primary_000__marker_zip_001__002.31288a8a..zip..jpg,276277,61,2,1,0,0,0.22950819672131148,image,0,0,0,1,0,1,1,0,0,0,3,7.519092850076763,3.484808191689697,0.337603202582915,0.05946930073802741,256,6,0,1,0,0,0,1,1,2,0,0,0,0.007771186164610156,0
1,mitra,image_anomaly_mitra,1880,met_57139_primary_000__marker_zip_002__001.4e6c6a43..jpg..zip,data/raw/image_anomaly/anomalous/mitra/files/jpg/met_57139_primary_000/5fccd07885e827fe8b54/met_57139_primary_000__marker_zip_002__001.4e6c6a43..jpg..zip,308767,61,2,1,0,0,0.22950819672131148,archive,0,0,0,1,0,1,0,1,0,0,3,7.605476202493839,7.988340858219542,0.34136743887785936,0.053639151852367645,256,6,0,1,0,0,0,1,1,0,0,0,0,0.0,0
1,mitra,image_anomaly_mitra,1881,met_57139_primary_000__marker_zip_002__002.09a3a448..zip..jpg,data/raw/image_anomaly/anomalous/mitra/files/jpg/met_57139_primary_000/5fccd07885e827fe8b54/met_57139_primary_000__marker_zip_002__002.09a3a448..zip..jpg,308763,61,2,1,0,0,0.22950819672131148,image,0,0,0,1,0,1,1,0,0,0,3,7.6054661491362054,3.484808191689697,0.3413686225357313,0.05363984674329502,256,6,0,1,0,0,0,1,1,2,0,0,0,0.10644733986909054,0
1,mitra,image_anomaly_mitra,1882,met_57139_primary_000__marker_pdf_001__001.fbb3b060..jpg..pdf,data/raw/image_anomaly/anomalous/mitra/files/jpg/met_57139_primary_000/998f610915ce02c80027/met_57139_primary_000__marker_pdf_001__001.fbb3b060..jpg..pdf,277776,61,2,1,0,0,0.22950819672131148,document,0,0,0,0,0,1,0,1,0,0,2,7.523131353230112,5.250824256483538,0.3423081907724209,0.05883157652208974,256,6,0,1,0,0,0,1,1,0,0,0,0,0.0,0
1,mitra,image_anomaly_mitra,1883,met_57139_primary_000__marker_pdf_002__001.7a21f8d9..jpg..pdf,data/raw/image_anomaly/anomalous/mitra/files/jpg/met_57139_primary_000/cecb17131f01326c1469/met_57139_primary_000__marker_pdf_002__001.7a21f8d9..jpg..pdf,279567,61,2,1,0,0,0.22950819672131148,document,0,0,0,0,0,1,0,1,0,0,2,7.527756425619199,5.072845754531357,0.34638566068241244,0.05845468170420686,256,6,0,1,0,0,0,1,1,0,0,0,0,0.0,0
1,mitra,image_anomaly_mitra,1884,met_573269_primary_000__marker_pdf_001__001.a35bd6de..jpg..pdf,data/raw/image_anomaly/anomalous/mitra/files/jpg/met_573269_primary_000/477c9da3690dcd4be903/met_573269_primary_000__marker_pdf_001__001.a35bd6de..jpg..pdf,2871476,62,2,1,0,0,0.22580645161290322,document,0,0,0,0,0,1,0,1,0,0,69,7.966151202546576,5.250824256483538,0.3664286241640188,0.010848427777212835,256,16,0,0,0,0,0,0,0,0,0,0,0,0.0,0
1,mitra,image_anomaly_mitra,1885,met_573269_primary_000__marker_zip_001__001.7790aecc..jpg..zip,data/raw/image_anomaly/anomalous/mitra/files/jpg/met_573269_primary_000/5dc0a0772acf861736cc/met_573269_primary_000__marker_zip_001__001.7790aecc..jpg..zip,2869981,62,2,1,0,0,0.22580645161290322,archive,0,0,0,1,0,1,0,1,0,0,70,7.966102036805177,5.382121116934346,0.3659881372036958,0.010884741048808337,256,16,0,0,0,0,0,0,0,0,0,0,0,0.0,0
1,mitra,image_anomaly_mitra,1886,met_573269_primary_000__marker_zip_001__002.6b08eae4..zip..jpg,data/raw/image_anomaly/anomalous/mitra/files/jpg/met_573269_primary_000/5dc0a0772acf861736cc/met_573269_primary_000__marker_zip_001__002.6b08eae4..zip..jpg,2869977,62,2,1,0,0,0.22580645161290322,image,0,0,0,1,0,1,1,0,0,0,70,7.966102068300702,5.06368269286672,0.36598829886093165,0.010884756219300712,256,16,0,0,0,0,0,0,0,2,0,0,0,0.0007480896188366667,0
1,mitra,image_anomaly_mitra,1887,met_573269_primary_000__marker_zip_002__001.2cba1afb..jpg..zip,data/raw/image_anomaly/anomalous/mitra/files/jpg/met_573269_primary_000/671baa59a823c6f8d848/met_573269_primary_000__marker_zip_002__001.2cba1afb..jpg..zip,2902467,62,2,1,0,0,0.22580645161290322,archive,0,0,0,1,0,1,0,1,0,0,70,7.966847549563504,7.988340858219542,0.36607100097951156,0.010808391619956403,256,16,0,0,0,0,0,0,0,0,0,0,0,0.0,0
1,mitra,image_anomaly_mitra,1888,met_573269_primary_000__marker_zip_002__002.5deb1532..zip..jpg,data/raw/image_anomaly/anomalous/mitra/files/jpg/met_573269_primary_000/671baa59a823c6f8d848/met_573269_primary_000__marker_zip_002__002.5deb1532..zip..jpg,2902463,62,2,1,0,0,0.22580645161290322,image,0,0,0,1,0,1,1,0,0,0,70,7.966847271021503,5.06368269286672,0.3660711609415865,0.010808406515431893,256,16,0,0,0,0,0,0,0,2,0,0,0,0.011323830829195755,0
1,mitra,image_anomaly_mitra,1889,met_573269_primary_000__marker_pdf_002__001.14387cae..jpg..pdf,data/raw/image_anomaly/anomalous/mitra/files/jpg/met_573269_primary_000/f1f6cd9b4ae57aab4e78/met_573269_primary_000__marker_pdf_002__001.14387cae..jpg..pdf,2873267,62,2,1,0,0,0.22580645161290322,document,0,0,0,0,0,1,0,1,0,0,69,7.966172012467362,5.072845754531357,0.3668103242754676,0.010841665602256943,256,16,0,0,0,0,0,0,0,0,0,0,0,0.0,0
1,mitra,image_anomaly_mitra,1890,met_5790_additional_001__marker_pdf_002__001.797661de..jpg..pdf,data/raw/image_anomaly/anomalous/mitra/files/jpg/met_5790_additional_001/2d0b43bc49b4ab7589c7/met_5790_additional_001__marker_pdf_002__001.797661de..jpg..pdf,1332012,63,2,1,0,0,0.2222222222222222,document,0,0,0,0,0,1,0,1,0,0,18,7.929822993242963,5.072845754531357,0.3705499650153302,0.012522409708020649,256,16,0,0,0,0,0,0,0,0,0,0,0,0.0,0
1,mitra,image_anomaly_mitra,1891,met_5790_additional_001__marker_zip_002__001.ae95c7e2..jpg..zip,data/raw/image_anomaly/anomalous/mitra/files/jpg/met_5790_additional_001/897daf17ed02b2bbadab/met_5790_additional_001__marker_zip_002__001.ae95c7e2..jpg..zip,1361212,63,2,1,0,0,0.2222222222222222,archive,0,0,0,1,0,1,0,1,0,0,19,7.932917224608702,7.988340858219542,0.368893309785691,0.012415406270294414,256,16,0,0,0,0,0,0,0,0,0,0,0,0.0,0
1,mitra,image_anomaly_mitra,1892,met_5790_additional_001__marker_zip_002__002.7c0e7d8b..zip..jpg,data/raw/image_anomaly/anomalous/mitra/files/jpg/met_5790_additional_001/897daf17ed02b2bbadab/met_5790_additional_001__marker_zip_002__002.7c0e7d8b..zip..jpg,1361208,63,2,1,0,0,0.2222222222222222,image,0,0,0,1,0,1,1,0,0,0,19,7.9329160938327075,4.940248601442579,0.36889365916156824,0.012415442753789281,256,16,0,0,0,0,0,0,0,2,0,0,0,0.024145464910579426,0
1,mitra,image_anomaly_mitra,1893,met_5790_additional_001__marker_zip_001__001.f3f6cd16..jpg..zip,data/raw/image_anomaly/anomalous/mitra/files/jpg/met_5790_additional_001/94b36ff7ed036f2fe8c1/met_5790_additional_001__marker_zip_001__001.f3f6cd16..jpg..zip,1328726,63,2,1,0,0,0.2222222222222222,archive,0,0,0,1,0,1,0,1,0,0,19,7.929686657444123,5.649484439638054,0.3687833307995779,0.012619607052168769,256,16,0,0,0,0,0,0,0,0,0,0,0,0.0,0
1,mitra,image_anomaly_mitra,1894,met_5790_additional_001__marker_zip_001__002.7b8a6b42..zip..jpg,data/raw/image_anomaly/anomalous/mitra/files/jpg/met_5790_additional_001/94b36ff7ed036f2fe8c1/met_5790_additional_001__marker_zip_001__002.7b8a6b42..zip..jpg,1328722,63,2,1,0,0,0.2222222222222222,image,0,0,0,1,0,1,1,0,0,0,19,7.929685500930619,4.940248601442579,0.36878368838628395,0.012619645042379068,256,16,0,0,0,0,0,0,0,2,0,0,0,0.0016158383770269477,0
1,mitra,image_anomaly_mitra,1895,met_5790_additional_001__marker_pdf_001__001.5dec2273..jpg..pdf,data/raw/image_anomaly/anomalous/mitra/files/jpg/met_5790_additional_001/d111fc93679ad3d7adbb/met_5790_additional_001__marker_pdf_001__001.5dec2273..jpg..pdf,1330221,63,2,1,0,0,0.2222222222222222,document,0,0,0,0,0,1,0,1,0,0,18,7.929755168537193,5.250824256483538,0.36973104469107015,0.012539269790508494,256,16,0,0,0,0,0,0,0,0,0,0,0,0.0,0
1,mitra,image_anomaly_mitra,1896,met_5790_primary_000__marker_zip_001__001.c7633aef..jpg..zip,data/raw/image_anomaly/anomalous/mitra/files/jpg/met_5790_primary_000/06eb91dbad35c949d6e1/met_5790_primary_000__marker_zip_001__001.c7633aef..jpg..zip,1156903,60,2,1,0,0,0.23333333333333334,archive,0,0,0,1,0,1,0,1,0,0,7,7.716780107901864,5.643081808483511,0.343677041203973,0.018848598369958416,256,15,0,0,0,0,0,0,0,0,0,0,0,0.0,0
1,mitra,image_anomaly_mitra,1897,met_5790_primary_000__marker_zip_001__002.e37a552c..zip..jpg,data/raw/image_anomaly/anomalous/mitra/files/jpg/met_5790_primary_000/06eb91dbad35c949d6e1/met_5790_primary_000__marker_zip_001__002.e37a552c..zip..jpg,1156899,60,2,1,0,0,0.23333333333333334,image,0,0,0,1,0,1,1,0,0,0,7,7.716778890009755,4.934836225745756,0.3436773650941007,0.018848663539340945,256,15,0,0,0,0,0,0,0,2,0,0,0,0.0018558231963205086,0
1,mitra,image_anomaly_mitra,1898,met_5790_primary_000__marker_pdf_002__001.36d1f3f4..jpg..pdf,data/raw/image_anomaly/anomalous/mitra/files/jpg/met_5790_primary_000/1ea30618ffce41f42721/met_5790_primary_000__marker_pdf_002__001.36d1f3f4..jpg..pdf,1160189,60,2,1,0,0,0.23333333333333334,document,0,0,0,0,0,1,0,1,0,0,6,7.718573499518906,5.072845754531357,0.3457764209107309,0.018719363827790127,256,15,0,0,0,0,0,0,0,0,0,0,0,0.0,0
1,mitra,image_anomaly_mitra,1899,met_5790_primary_000__marker_pdf_001__001.e5f1e7b5..jpg..pdf,data/raw/image_anomaly/anomalous/mitra/files/jpg/met_5790_primary_000/8e5020f3b423af0d77ea/met_5790_primary_000__marker_pdf_001__001.e5f1e7b5..jpg..pdf,1158398,60,2,1,0,0,0.23333333333333334,document,0,0,0,0,0,1,0,1,0,0,6,7.717651435014853,5.250824256483538,0.3447977292778475,0.01874830584997557,256,15,0,0,0,0,0,0,0,0,0,0,0,0.0,0
1,mitra,image_anomaly_mitra,1900,met_5790_primary_000__marker_zip_002__001.b3ee6b45..jpg..zip,data/raw/image_anomaly/anomalous/mitra/files/jpg/met_5790_primary_000/d3f08769a3e563e71516/met_5790_primary_000__marker_zip_002__001.b3ee6b45..jpg..zip,1189389,60,2,1,0,0,0.23333333333333334,archive,0,0,0,1,0,1,0,1,0,0,7,7.732200086200963,7.988340858219542,0.34448864080632996,0.018444764496728994,256,15,0,0,0,0,0,0,0,0,0,0,0,0.0,0
1,mitra,image_anomaly_mitra,1901,met_5790_primary_000__marker_zip_002__002.be429d3f..zip..jpg,data/raw/image_anomaly/anomalous/mitra/files/jpg/met_5790_primary_000/d3f08769a3e563e71516/met_5790_primary_000__marker_zip_002__002.be429d3f..zip..jpg,1189385,60,2,1,0,0,0.23333333333333334,image,0,0,0,1,0,1,1,0,0,0,7,7.7321987344755705,4.934836225745756,0.3444889585794339,0.01844482652799556,256,15,0,0,0,0,0,0,0,2,0,0,0,0.027633608965978215,0
1,mitra,image_anomaly_mitra,1902,met_581221_primary_000__marker_pdf_002__001.84fec8c8..jpg..pdf,data/raw/image_anomaly/anomalous/mitra/files/jpg/met_581221_primary_000/68fb8d57005cdf676c6f/met_581221_primary_000__marker_pdf_002__001.84fec8c8..jpg..pdf,3137568,62,2,1,0,0,0.22580645161290322,document,0,0,0,0,0,1,0,1,0,0,49,7.970820668899227,5.072845754531357,0.3690151097920428,0.013432059480463849,256,8,0,0,1,0,0,0,1,0,0,0,0,0.0,0
1,mitra,image_anomaly_mitra,1903,met_581221_primary_000__marker_zip_001__001.2443b7d3..jpg..zip,data/raw/image_anomaly/anomalous/mitra/files/jpg/met_581221_primary_000/96a381c6b762797a3a97/met_581221_primary_000__marker_zip_001__001.2443b7d3..jpg..zip,3134282,62,2,1,0,0,0.22580645161290322,archive,0,0,0,1,0,1,0,1,0,0,50,7.9707631598388895,6.241420452812735,0.36826456585591216,0.013474218337724556,256,8,0,0,1,0,0,0,1,0,0,0,0,0.0,0
1,mitra,image_anomaly_mitra,1904,met_581221_primary_000__marker_zip_001__002.dfa738a9..zip..jpg,data/raw/image_anomaly/anomalous/mitra/files/jpg/met_581221_primary_000/96a381c6b762797a3a97/met_581221_primary_000__marker_zip_001__002.dfa738a9..zip..jpg,3134278,62,2,1,0,0,0.22580645161290322,image,0,0,0,1,0,1,1,0,0,0,50,7.9707630670506235,6.424415748336015,0.3682647167864497,0.013474235533669955,256,8,0,0,1,0,0,0,1,2,0,0,0,0.0006850062438622228,0
1,mitra,image_anomaly_mitra,1905,met_581221_primary_000__marker_zip_002__001.c672e910..jpg..zip,data/raw/image_anomaly/anomalous/mitra/files/jpg/met_581221_primary_000/97d302e215d5278de2e9/met_581221_primary_000__marker_zip_002__001.c672e910..jpg..zip,3166768,62,2,1,0,0,0.22580645161290322,archive,0,0,0,1,0,1,0,1,0,0,50,7.971316244182412,7.988340858219542,0.36831716121926206,0.013377677177488214,256,8,0,0,1,0,0,0,1,0,0,0,0,0.0,0
1,mitra,image_anomaly_mitra,1906,met_581221_primary_000__marker_zip_002__002.0eb383e6..zip..jpg,data/raw/image_anomaly/anomalous/mitra/files/jpg/met_581221_primary_000/97d302e215d5278de2e9/met_581221_primary_000__marker_zip_002__002.0eb383e6..zip..jpg,3166764,62,2,1,0,0,0.22580645161290322,image,0,0,0,1,0,1,1,0,0,0,50,7.971316089340682,6.424415748336015,0.3683173106679247,0.013377694075087376,256,8,0,0,1,0,0,0,1,2,0,0,0,0.010378733622082352,0
1,mitra,image_anomaly_mitra,1907,met_581221_primary_000__marker_pdf_001__001.5ad28ab2..jpg..pdf,data/raw/image_anomaly/anomalous/mitra/files/jpg/met_581221_primary_000/cf0ee7d17f91464f82cb/met_581221_primary_000__marker_pdf_001__001.5ad28ab2..jpg..pdf,3135777,62,2,1,0,0,0.22580645161290322,document,0,0,0,0,0,1,0,1,0,0,49,7.970807505225701,5.250824256483538,0.3686668407861911,0.013439731205375893,256,8,0,0,1,0,0,0,1,0,0,0,0,0.0,0
1,mitra,image_anomaly_mitra,1908,met_58132_primary_000__marker_pdf_001__001.83f84608..jpg..pdf,data/raw/image_anomaly/anomalous/mitra/files/jpg/met_58132_primary_000/37696a2a90201acf3ae2/met_58132_primary_000__marker_pdf_001__001.83f84608..jpg..pdf,1329429,61,2,1,0,0,0.22950819672131148,document,0,0,0,0,0,1,0,1,0,0,13,7.944260231882572,5.250824256483538,0.38258831423114736,0.01401654394480638,256,26,0,0,1,0,0,0,1,0,0,0,0,0.0,0
1,mitra,image_anomaly_mitra,1909,met_58132_primary_000__marker_pdf_002__001.4575065a..jpg..pdf,data/raw/image_anomaly/anomalous/mitra/files/jpg/met_58132_primary_000/6f1b1e64ebdc1e513c17/met_58132_primary_000__marker_pdf_002__001.4575065a..jpg..pdf,1331220,61,2,1,0,0,0.22950819672131148,document,0,0,0,0,0,1,0,1,0,0,13,7.944235520450162,5.072845754531357,0.3833904238217575,0.013997686332837548,256,26,0,0,1,0,0,0,1,0,0,0,0,0.0,0
1,mitra,image_anomaly_mitra,1910,met_58132_primary_000__marker_zip_001__001.f32f0a1a..jpg..zip,data/raw/image_anomaly/anomalous/mitra/files/jpg/met_58132_primary_000/a3847f1daa5a176c9350/met_58132_primary_000__marker_zip_001__001.f32f0a1a..jpg..zip,1327934,61,2,1,0,0,0.22950819672131148,archive,0,0,0,1,0,1,0,1,0,0,14,7.944254369503083,5.66949353277122,0.3816545099379939,0.014098592249313596,256,26,0,0,1,0,0,0,1,0,0,0,0,0.0,0
1,mitra,image_anomaly_mitra,1911,met_58132_primary_000__marker_zip_001__002.a695e830..zip..jpg,data/raw/image_anomaly/anomalous/mitra/files/jpg/met_58132_primary_000/a3847f1daa5a176c9350/met_58132_primary_000__marker_zip_001__002.a695e830..zip..jpg,1327930,61,2,1,0,0,0.22950819672131148,image,0,0,0,1,0,1,1,0,0,0,14,7.944252612936884,5.313429463319996,0.3816549065086262,0.014098634717191418,256,26,0,0,1,0,0,0,1,2,0,0,0,0.0016168020904716363,0
1,mitra,image_anomaly_mitra,1912,met_58132_primary_000__marker_zip_002__001.624d4015..jpg..zip,data/raw/image_anomaly/anomalous/mitra/files/jpg/met_58132_primary_000/e589b61004c23d66d5db/met_58132_primary_000__marker_zip_002__001.624d4015..jpg..zip,1360420,61,2,1,0,0,0.22950819672131148,archive,0,0,0,1,0,1,0,1,0,0,14,7.9467777791225185,7.988340858219542,0.38145719704208997,0.013858955322620955,256,26,0,0,1,0,0,0,1,0,0,0,0,0.0,0
1,mitra,image_anomaly_mitra,1913,met_58132_primary_000__marker_zip_002__002.65b1b3e2..zip..jpg,data/raw/image_anomaly/anomalous/mitra/files/jpg/met_58132_primary_000/e589b61004c23d66d5db/met_58132_primary_000__marker_zip_002__002.65b1b3e2..zip..jpg,1360416,61,2,1,0,0,0.22950819672131148,image,0,0,0,1,0,1,1,0,0,0,14,7.946776535941899,5.313429463319996,0.38145758356267495,0.013858996071789805,256,26,0,0,1,0,0,0,1,2,0,0,0,0.024159521793333805,0
1,mitra,image_anomaly_mitra,1914,met_62636_primary_000__marker_pdf_002__001.515dfd8f..jpg..pdf,data/raw/image_anomaly/anomalous/mitra/files/jpg/met_62636_primary_000/30f8f1a32f3829197d06/met_62636_primary_000__marker_pdf_002__001.515dfd8f..jpg..pdf,128560,61,2,1,0,0,0.22950819672131148,document,0,0,0,0,0,1,0,1,0,0,1,7.854104622810831,5.072845754531357,0.41004200373366523,0.011838830118232732,256,6,0,1,0,0,0,1,1,0,0,0,0,0.0,0
1,mitra,image_anomaly_mitra,1915,met_62636_primary_000__marker_zip_002__001.93e03efd..jpg..zip,data/raw/image_anomaly/anomalous/mitra/files/jpg/met_62636_primary_000/54cb6c958eb0ee0aec68/met_62636_primary_000__marker_zip_002__001.93e03efd..jpg..zip,157760,61,2,1,0,0,0.22950819672131148,archive,0,0,0,1,0,1,0,1,0,0,2,7.907555998325586,7.988340858219542,0.38843813387423937,0.0110420892494929,256,6,0,1,0,0,0,1,1,0,0,0,0,0.0,0
1,mitra,image_anomaly_mitra,1916,met_62636_primary_000__marker_zip_002__002.ad2bfb81..zip..jpg,data/raw/image_anomaly/anomalous/mitra/files/jpg/met_62636_primary_000/54cb6c958eb0ee0aec68/met_62636_primary_000__marker_zip_002__002.ad2bfb81..zip..jpg,157756,61,2,1,0,0,0.22950819672131148,image,0,0,0,1,0,1,1,0,0,0,2,7.907547010774206,3.488819395173774,0.3884416440579122,0.011042369228428713,256,6,0,1,0,0,0,1,1,2,0,0,0,0.20834072872030224,0
1,mitra,image_anomaly_mitra,1917,met_62636_primary_000__marker_zip_001__001.f8dde0e1..jpg..zip,data/raw/image_anomaly/anomalous/mitra/files/jpg/met_62636_primary_000/6cf18e148c56d73d1498/met_62636_primary_000__marker_zip_001__001.f8dde0e1..jpg..zip,125274,61,2,1,0,0,0.22950819672131148,archive,0,0,0,1,0,1,0,1,0,0,2,7.8565154712589935,3.472180854566404,0.3923399907402973,0.012851828791289493,256,6,0,1,0,0,0,1,1,0,0,0,0,0.0,0
1,mitra,image_anomaly_mitra,1918,met_62636_primary_000__marker_zip_001__002.e73c049b..zip..jpg,data/raw/image_anomaly/anomalous/mitra/files/jpg/met_62636_primary_000/6cf18e148c56d73d1498/met_62636_primary_000__marker_zip_001__002.e73c049b..zip..jpg,125270,61,2,1,0,0,0.22950819672131148,image,0,0,0,1,0,1,1,0,0,0,2,7.856485450245713,3.488819395173774,0.39234453580266626,0.012852239163407041,256,6,0,1,0,0,0,1,1,2,0,0,0,0.017138979803624173,0
1,mitra,image_anomaly_mitra,1919,met_62636_primary_000__marker_pdf_001__001.20bb8076..jpg..pdf,data/raw/image_anomaly/anomalous/mitra/files/jpg/met_62636_primary_000/f98441cc0601c812ca4f/met_62636_primary_000__marker_pdf_001__001.20bb8076..jpg..pdf,126769,61,2,1,0,0,0.22950819672131148,document,0,0,0,0,0,1,0,1,0,0,1,7.855160433025807,5.250824256483538,0.40200679976965975,0.012006089816911075,256,6,0,1,0,0,0,1,1,0,0,0,0,0.0,0
1,mitra,image_anomaly_mitra,1920,met_62867_primary_000__marker_zip_001__001.5b5d07e1..jpg..zip,data/raw/image_anomaly/anomalous/mitra/files/jpg/met_62867_primary_000/16f67870aa7cd369a7b8/met_62867_primary_000__marker_zip_001__001.5b5d07e1..jpg..zip,97557,61,2,1,0,0,0.22950819672131148,archive,0,0,0,1,0,1,0,1,0,0,4,7.918136388537155,3.4673050101854788,0.39509210000307515,0.009256127187182878,256,6,0,0,0,0,0,0,0,0,0,0,0,0.0,0
1,mitra,image_anomaly_mitra,1921,met_62867_primary_000__marker_zip_001__002.b3600433..zip..jpg,data/raw/image_anomaly/anomalous/mitra/files/jpg/met_62867_primary_000/16f67870aa7cd369a7b8/met_62867_primary_000__marker_zip_001__002.b3600433..zip..jpg,97553,61,2,1,0,0,0.22950819672131148,image,0,0,0,1,0,1,1,0,0,0,4,7.918110562441533,3.56601079119195,0.39509804926552744,0.009256506719424313,256,6,0,0,0,0,0,0,0,2,0,0,0,0.02200854919889701,0
1,mitra,image_anomaly_mitra,1922,met_62867_primary_000__marker_pdf_001__001.4f13d43b..jpg..pdf,data/raw/image_anomaly/anomalous/mitra/files/jpg/met_62867_primary_000/4b6d7d6e2aa966e024a8/met_62867_primary_000__marker_pdf_001__001.4f13d43b..jpg..pdf,99052,61,2,1,0,0,0.22950819672131148,document,0,0,0,0,0,1,0,1,0,0,3,7.913289624439284,5.250824256483538,0.4074223640108226,0.008228001453781853,256,6,0,0,0,0,0,0,0,0,0,0,0,0.0,0
1,mitra,image_anomaly_mitra,1923,met_62867_primary_000__marker_pdf_002__001.212ffe0d..jpg..pdf,data/raw/image_anomaly/anomalous/mitra/files/jpg/met_62867_primary_000/5d59bf92960bd2d49aa2/met_62867_primary_000__marker_pdf_002__001.212ffe0d..jpg..pdf,100843,61,2,1,0,0,0.22950819672131148,document,0,0,0,0,0,1,0,1,0,0,3,7.909650172248889,5.072845754531357,0.4175698858621818,0.008081869837271799,256,6,0,0,0,0,0,0,0,0,0,0,0,0.0,0
1,mitra,image_anomaly_mitra,1924,met_62867_primary_000__marker_zip_002__001.501fdc76..jpg..zip,data/raw/image_anomaly/anomalous/mitra/files/jpg/met_62867_primary_000/c0b9a3df763a46aa6b08/met_62867_primary_000__marker_zip_002__001.501fdc76..jpg..zip,130043,61,2,1,0,0,0.22950819672131148,archive,0,0,0,1,0,1,0,1,0,0,4,7.949637005461197,7.988340858219542,0.3896711087870935,0.007958905900356037,256,6,0,0,0,0,0,0,0,0,0,0,0,0.0,0
1,mitra,image_anomaly_mitra,1925,met_62867_primary_000__marker_zip_002__002.214bdb44..zip..jpg,data/raw/image_anomaly/anomalous/mitra/files/jpg/met_62867_primary_000/c0b9a3df763a46aa6b08/met_62867_primary_000__marker_zip_002__002.214bdb44..zip..jpg,130039,61,2,1,0,0,0.22950819672131148,image,0,0,0,1,0,1,1,0,0,0,4,7.949627865901421,3.56601079119195,0.38967540507078646,0.007959150716323565,256,6,0,0,0,0,0,0,0,2,0,0,0,0.25274725274725274,0
1,mitra,image_anomaly_mitra,1926,met_633460_primary_000__marker_pdf_001__001.9c4e168d..jpg..pdf,data/raw/image_anomaly/anomalous/mitra/files/jpg/met_633460_primary_000/2392032e31043c8e9fc3/met_633460_primary_000__marker_pdf_001__001.9c4e168d..jpg..pdf,2484142,62,2,1,0,0,0.22580645161290322,document,0,0,0,0,0,1,0,1,0,0,42,7.981797603734498,5.250824256483538,0.3774446066287676,0.009360173452242264,256,28,0,0,0,0,0,0,0,0,0,0,0,0.0,0
1,mitra,image_anomaly_mitra,1927,met_633460_primary_000__marker_pdf_002__001.c204042d..jpg..pdf,data/raw/image_anomaly/anomalous/mitra/files/jpg/met_633460_primary_000/73fe3f38d87384d05fdb/met_633460_primary_000__marker_pdf_002__001.c204042d..jpg..pdf,2485933,62,2,1,0,0,0.22580645161290322,document,0,0,0,0,0,1,0,1,0,0,42,7.981761595556859,5.072845754531357,0.3778778430472583,0.009353429879244533,256,28,0,0,0,0,0,0,0,0,0,0,0,0.0,0
1,mitra,image_anomaly_mitra,1928,met_633460_primary_000__marker_zip_001__001.c1cb0d01..jpg..zip,data/raw/image_anomaly/anomalous/mitra/files/jpg/met_633460_primary_000/9eda02ea63011d19ca85/met_633460_primary_000__marker_zip_001__001.c1cb0d01..jpg..zip,2482647,62,2,1,0,0,0.22580645161290322,archive,0,0,0,1,0,1,0,1,0,0,43,7.981829119546955,5.367409933717209,0.37694203001876625,0.00940125599813425,256,28,0,0,0,0,0,0,0,0,0,0,0,0.0,0
1,mitra,image_anomaly_mitra,1929,met_633460_primary_000__marker_zip_001__002.b1271ad9..zip..jpg,data/raw/image_anomaly/anomalous/mitra/files/jpg/met_633460_primary_000/9eda02ea63011d19ca85/met_633460_primary_000__marker_zip_001__002.b1271ad9..zip..jpg,2482643,62,2,1,0,0,0.22580645161290322,image,0,0,0,1,0,1,1,0,0,0,43,7.981828981053228,4.7933705779953195,0.376942234546006,0.009401271145307642,256,28,0,0,0,0,0,0,0,2,0,0,0,0.0008648041623382822,0
1,mitra,image_anomaly_mitra,1930,met_633460_primary_000__marker_zip_002__001.3ec242ed..jpg..zip,data/raw/image_anomaly/anomalous/mitra/files/jpg/met_633460_primary_000/f62df7bb99f2da9c0c82/met_633460_primary_000__marker_zip_002__001.3ec242ed..jpg..zip,2515133,62,2,1,0,0,0.22580645161290322,archive,0,0,0,1,0,1,0,1,0,0,43,7.9822756555976,7.988340858219542,0.37689617209109816,0.009332309663147038,256,28,0,0,0,0,0,0,0,0,0,0,0,0.0,0
1,mitra,image_anomaly_mitra,1931,met_633460_primary_000__marker_zip_002__002.33602ec2..zip..jpg,data/raw/image_anomaly/anomalous/mitra/files/jpg/met_633460_primary_000/f62df7bb99f2da9c0c82/met_633460_primary_000__marker_zip_002__002.33602ec2..zip..jpg,2515129,62,2,1,0,0,0.22580645161290322,image,0,0,0,1,0,1,1,0,0,0,43,7.982275543179188,4.7933705779953195,0.37689637390368447,0.009332324505025389,256,28,0,0,0,0,0,0,0,2,0,0,0,0.013067719389343448,0
1,mitra,image_anomaly_mitra,1932,met_633652_primary_000__marker_pdf_002__001.96b15e88..jpg..pdf,data/raw/image_anomaly/anomalous/mitra/files/jpg/met_633652_primary_000/73687a9c4b5e30f7c150/met_633652_primary_000__marker_pdf_002__001.96b15e88..jpg..pdf,5409261,62,2,1,0,0,0.22580645161290322,document,0,0,0,0,0,1,0,1,0,0,96,7.967760631905138,5.072845754531357,0.38617437760906714,0.007170110667612452,256,13,0,0,0,0,0,0,0,0,0,0,0,0.0,0
1,mitra,image_anomaly_mitra,1933,met_633652_primary_000__marker_zip_002__001.b6adeb7c..jpg..zip,data/raw/image_anomaly/anomalous/mitra/files/jpg/met_633652_primary_000/be11342c9661eeb00f7f/met_633652_primary_000__marker_zip_002__001.b6adeb7c..jpg..zip,5438461,62,2,1,0,0,0.22580645161290322,archive,0,0,0,1,0,1,0,1,0,0,97,7.968136976816584,7.988340858219542,0.38567583733707017,0.007172065773754744,256,13,0,0,0,0,0,0,0,0,0,0,0,0.0,0
1,mitra,image_anomaly_mitra,1934,met_633652_primary_000__marker_pdf_001__001.f4cd29d7..jpg..pdf,data/raw/image_anomaly/anomalous/mitra/files/jpg/met_633652_primary_000/c7fbd758a0f8638df3bc/met_633652_primary_000__marker_pdf_001__001.f4cd29d7..jpg..pdf,5407470,62,2,1,0,0,0.22580645161290322,document,0,0,0,0,0,1,0,1,0,0,96,7.967768321351979,5.250824256483538,0.3859781006644512,0.007172485469175049,256,13,0,0,0,0,0,0,0,0,0,0,0,0.0,0
1,mitra,image_anomaly_mitra,1935,met_633652_primary_000__marker_zip_001__001.60f47ab0..jpg..zip,data/raw/image_anomaly/anomalous/mitra/files/jpg/met_633652_primary_000/ebc8e1d0799d2cfb9e88/met_633652_primary_000__marker_zip_001__001.60f47ab0..jpg..zip,5405975,62,2,1,0,0,0.22580645161290322,archive,0,0,0,1,0,1,0,1,0,0,97,7.967761626117375,5.129117251960381,0.3857496566299326,0.0071907472750058965,256,13,0,0,0,0,0,0,0,0,0,0,0,0.0,0
1,mitra,image_anomaly_mitra,1936,met_651966_primary_000__marker_pdf_001__001.5682e362..jpg..pdf,data/raw/image_anomaly/anomalous/mitra/files/jpg/met_651966_primary_000/12222bfc818258f8fbeb/met_651966_primary_000__marker_pdf_001__001.5682e362..jpg..pdf,2527407,62,2,1,0,0,0.22580645161290322,document,0,0,0,0,0,1,0,1,0,0,48,7.9808325590063065,5.250824256483538,0.37600790058744,0.009064230652205995,256,13,0,0,0,0,0,0,0,0,0,0,0,0.0,0
1,mitra,image_anomaly_mitra,1937,met_651966_primary_000__marker_pdf_002__001.5d191dbe..jpg..pdf,data/raw/image_anomaly/anomalous/mitra/files/jpg/met_651966_primary_000/86bb565bd0964a776aa4/met_651966_primary_000__marker_pdf_002__001.5d191dbe..jpg..pdf,2529198,62,2,1,0,0,0.22580645161290322,document,0,0,0,0,0,1,0,1,0,0,48,7.9808185716410165,5.072845754531357,0.376434743345519,0.009057812002065476,256,13,0,0,0,0,0,0,0,0,0,0,0,0.0,0
1,mitra,image_anomaly_mitra,1938,met_651966_primary_000__marker_zip_001__001.ed2d543d..jpg..zip,data/raw/image_anomaly/anomalous/mitra/files/jpg/met_651966_primary_000/a2b5a813232af39794a2/met_651966_primary_000__marker_zip_001__001.ed2d543d..jpg..zip,2525912,62,2,1,0,0,0.22580645161290322,archive,0,0,0,1,0,1,0,1,0,0,49,7.980810686030618,6.296220459659782,0.3755130820076075,0.009104434358758342,256,13,0,0,0,0,0,0,0,0,0,0,0,0.0,0
1,mitra,image_anomaly_mitra,1939,met_651966_primary_000__marker_zip_001__002.d7cfc8c3..zip..jpg,data/raw/image_anomaly/anomalous/mitra/files/jpg/met_651966_primary_000/a2b5a813232af39794a2/met_651966_primary_000__marker_zip_001__002.d7cfc8c3..zip..jpg,2525908,62,2,1,0,0,0.22580645161290322,image,0,0,0,1,0,1,1,0,0,0,49,7.98081020007943,6.469281362080157,0.3755132807687374,0.009104448776439997,256,13,0,0,0,0,0,0,0,2,0,0,0,0.0008499913694402172,0
1,mitra,image_anomaly_mitra,1940,met_651966_primary_000__marker_zip_002__001.22a9a46f..jpg..zip,data/raw/image_anomaly/anomalous/mitra/files/jpg/met_651966_primary_000/f5fd49799df7fc77f152/met_651966_primary_000__marker_zip_002__001.22a9a46f..jpg..zip,2558398,62,2,1,0,0,0.22580645161290322,archive,0,0,0,1,0,1,0,1,0,0,49,7.981278901826835,7.988340858219542,0.37548614406358977,0.009040422952175541,256,13,0,0,0,0,0,0,0,0,0,0,0,0.0,0
1,mitra,image_anomaly_mitra,1941,met_651966_primary_000__marker_zip_002__002.bf7d93ab..zip..jpg,data/raw/image_anomaly/anomalous/mitra/files/jpg/met_651966_primary_000/f5fd49799df7fc77f152/met_651966_primary_000__marker_zip_002__002.bf7d93ab..zip..jpg,2558394,62,2,1,0,0,0.22580645161290322,image,0,0,0,1,0,1,1,0,0,0,49,7.981278675230579,6.469281362080157,0.3754863402587717,0.009040437086703611,256,13,0,0,0,0,0,0,0,2,0,0,0,0.012846731191520931,0
1,mitra,image_anomaly_mitra,1942,met_657206_primary_000__marker_pdf_002__001.3da1df2b..jpg..pdf,data/raw/image_anomaly/anomalous/mitra/files/jpg/met_657206_primary_000/3a3b2b5e9f0a14c67e93/met_657206_primary_000__marker_pdf_002__001.3da1df2b..jpg..pdf,2359049,62,2,1,0,0,0.22580645161290322,document,0,0,0,0,0,1,0,1,0,0,54,7.979371707117393,5.072845754531357,0.3834824965483973,0.008104537040137784,256,24,0,0,2,0,0,0,2,0,0,0,0,0.0,0
1,mitra,image_anomaly_mitra,1943,met_657206_primary_000__marker_pdf_001__001.30006497..jpg..pdf,data/raw/image_anomaly/anomalous/mitra/files/jpg/met_657206_primary_000/5fb838808f0eab988bf4/met_657206_primary_000__marker_pdf_001__001.30006497..jpg..pdf,2357258,62,2,1,0,0,0.22580645161290322,document,0,0,0,0,0,1,0,1,0,0,54,7.9794140960690445,5.250824256483538,0.38303019864605403,0.008110694713943064,256,24,0,0,2,0,0,0,2,0,0,0,0,0.0,0
1,mitra,image_anomaly_mitra,1944,met_657206_primary_000__marker_zip_001__001.3525c27f..jpg..zip,data/raw/image_anomaly/anomalous/mitra/files/jpg/met_657206_primary_000/71275532f77d3f33e03e/met_657206_primary_000__marker_zip_001__001.3525c27f..jpg..zip,2355763,62,2,1,0,0,0.22580645161290322,archive,0,0,0,1,0,1,0,1,0,0,55,7.979437807958215,5.400379556429356,0.3825040973985923,0.008153197074578384,256,24,0,0,2,0,0,0,2,0,0,0,0,0.0,0
1,mitra,image_anomaly_mitra,1945,met_657206_primary_000__marker_zip_001__002.479d5c44..zip..jpg,data/raw/image_anomaly/anomalous/mitra/files/jpg/met_657206_primary_000/71275532f77d3f33e03e/met_657206_primary_000__marker_zip_001__002.479d5c44..zip..jpg,2355759,62,2,1,0,0,0.22580645161290322,image,0,0,0,1,0,1,1,0,0,0,55,7.979437063358764,4.837323799390518,0.3825043223861184,0.008153210918434356,256,24,0,0,2,0,0,0,2,2,0,0,0,0.0009113835498452941,0
1,mitra,image_anomaly_mitra,1946,met_657206_primary_000__marker_zip_002__001.15a3d893..jpg..zip,data/raw/image_anomaly/anomalous/mitra/files/jpg/met_657206_primary_000/76d6c5eae70587f48015/met_657206_primary_000__marker_zip_002__001.15a3d893..jpg..zip,2388249,62,2,1,0,0,0.22580645161290322,archive,0,0,0,1,0,1,0,1,0,0,55,7.979979035825287,7.988340858219542,0.3823801454538451,0.008097564366194647,256,24,0,0,2,0,0,0,2,0,0,0,0,0.0,0
1,mitra,image_anomaly_mitra,1947,met_657206_primary_000__marker_zip_002__002.1eb067ad..zip..jpg,data/raw/image_anomaly/anomalous/mitra/files/jpg/met_657206_primary_000/76d6c5eae70587f48015/met_657206_primary_000__marker_zip_002__002.1eb067ad..zip..jpg,2388245,62,2,1,0,0,0.22580645161290322,image,0,0,0,1,0,1,1,0,0,0,55,7.97997860465682,4.837323799390518,0.38238036717338464,0.008097577928562605,256,24,0,0,2,0,0,0,2,2,0,0,0,0.013761988405712144,0
1,mitra,image_anomaly_mitra,1948,met_665360_primary_000__marker_zip_001__001.6629115b..jpg..zip,data/raw/image_anomaly/anomalous/mitra/files/jpg/met_665360_primary_000/072f503ac4ad383025f4/met_665360_primary_000__marker_zip_001__001.6629115b..jpg..zip,2125265,62,2,1,0,0,0.22580645161290322,archive,0,0,0,1,0,1,0,1,0,0,31,7.979627593813742,5.329671902074855,0.3758806548830381,0.008789962663479613,256,22,0,0,0,0,0,0,0,0,0,0,0,0.0,0
1,mitra,image_anomaly_mitra,1949,met_665360_primary_000__marker_zip_001__002.01b9da6b..zip..jpg,data/raw/image_anomaly/anomalous/mitra/files/jpg/met_665360_primary_000/072f503ac4ad383025f4/met_665360_primary_000__marker_zip_001__002.01b9da6b..zip..jpg,2125261,62,2,1,0,0,0.22580645161290322,image,0,0,0,1,0,1,1,0,0,0,31,7.979627372848759,4.8028127578369455,0.3758808918057594,0.00878997920725972,256,22,0,0,0,0,0,0,0,2,0,0,0,0.0010102288613022118,0
1,mitra,image_anomaly_mitra,1950,met_665360_primary_000__marker_zip_002__001.a92c03cf..jpg..zip,data/raw/image_anomaly/anomalous/mitra/files/jpg/met_665360_primary_000/39add4344686bb64cc71/met_665360_primary_000__marker_zip_002__001.a92c03cf..jpg..zip,2157751,62,2,1,0,0,0.22580645161290322,archive,0,0,0,1,0,1,0,1,0,0,31,7.980219728878946,7.988340858219542,0.3758431811640917,0.008718800269354527,256,22,0,0,0,0,0,0,0,0,0,0,0,0.0,0
1,mitra,image_anomaly_mitra,1951,met_665360_primary_000__marker_zip_002__002.686ecbfd..zip..jpg,data/raw/image_anomaly/anomalous/mitra/files/jpg/met_665360_primary_000/39add4344686bb64cc71/met_665360_primary_000__marker_zip_002__002.686ecbfd..zip..jpg,2157747,62,2,1,0,0,0.22580645161290322,image,0,0,0,1,0,1,1,0,0,0,31,7.980219594428677,4.8028127578369455,0.3758434144503503,0.008718816432139634,256,22,0,0,0,0,0,0,0,2,0,0,0,0.015232091621492232,0
1,mitra,image_anomaly_mitra,1952,met_665360_primary_000__marker_pdf_002__001.1fa47bcf..jpg..pdf,data/raw/image_anomaly/anomalous/mitra/files/jpg/met_665360_primary_000/bf964bbf38f485ba35e6/met_665360_primary_000__marker_pdf_002__001.1fa47bcf..jpg..pdf,2128551,62,2,1,0,0,0.22580645161290322,document,0,0,0,0,0,1,0,1,0,0,30,7.9796102274481955,5.072845754531357,0.3769752286884364,0.00873505027598587,256,22,0,0,0,0,0,0,0,0,0,0,0,0.0,0
1,mitra,image_anomaly_mitra,1953,met_665360_primary_000__marker_pdf_001__001.42ae7799..jpg..pdf,data/raw/image_anomaly/anomalous/mitra/files/jpg/met_665360_primary_000/f079ea250d44d85437ad/met_665360_primary_000__marker_pdf_001__001.42ae7799..jpg..pdf,2126760,62,2,1,0,0,0.22580645161290322,document,0,0,0,0,0,1,0,1,0,0,30,7.979633894770436,5.250824256483538,0.3764684308525645,0.00874240628937915,256,22,0,0,0,0,0,0,0,0,0,0,0,0.0,0
1,mitra,image_anomaly_mitra,1954,met_666467_primary_000__marker_zip_001__001.f1c3d0be..jpg..zip,data/raw/image_anomaly/anomalous/mitra/files/jpg/met_666467_primary_000/61d80c04e4826fe995b6/met_666467_primary_000__marker_zip_001__001.f1c3d0be..jpg..zip,741558,62,2,1,0,0,0.22580645161290322,archive,0,0,0,1,0,1,0,1,0,0,19,7.829518507296869,6.285241572609514,0.3612030346918245,0.037881055831101546,256,13,0,0,0,0,0,0,0,0,0,0,0,0.0,0
1,mitra,image_anomaly_mitra,1955,met_666467_primary_000__marker_zip_001__002.3a94e61a..zip..jpg,data/raw/image_anomaly/anomalous/mitra/files/jpg/met_666467_primary_000/61d80c04e4826fe995b6/met_666467_primary_000__marker_zip_001__002.3a94e61a..zip..jpg,741554,62,2,1,0,0,0.22580645161290322,image,0,0,0,1,0,1,1,0,0,0,19,7.829518595734943,6.446289467450733,0.3612036345296499,0.037881260164465434,256,13,0,0,0,0,0,0,0,2,0,0,0,0.0028952712816598656,0
1,mitra,image_anomaly_mitra,1956,met_666467_primary_000__marker_pdf_001__001.c5837a49..jpg..pdf,data/raw/image_anomaly/anomalous/mitra/files/jpg/met_666467_primary_000/9e156d0461a2c6978684/met_666467_primary_000__marker_pdf_001__001.c5837a49..jpg..pdf,743053,62,2,1,0,0,0.22580645161290322,document,0,0,0,0,0,1,0,1,0,0,18,7.829968653867547,5.250824256483538,0.36291489301570684,0.037686409986905374,256,13,0,0,0,0,0,0,0,0,0,0,0,0.0,0
1,mitra,image_anomaly_mitra,1957,met_666467_primary_000__marker_pdf_002__001.97d96bcb..jpg..pdf,data/raw/image_anomaly/anomalous/mitra/files/jpg/met_666467_primary_000/b844fd51a61c01650b77/met_666467_primary_000__marker_pdf_002__001.97d96bcb..jpg..pdf,744844,62,2,1,0,0,0.22580645161290322,document,0,0,0,0,0,1,0,1,0,0,18,7.830327988948583,5.072845754531357,0.36439576609330276,0.037595791870512485,256,13,0,0,0,0,0,0,0,0,0,0,0,0.0,0
1,mitra,image_anomaly_mitra,1958,met_666467_primary_000__marker_zip_002__001.3c24e2a3..jpg..zip,data/raw/image_anomaly/anomalous/mitra/files/jpg/met_666467_primary_000/c9a16f8b9c8d57ed57df/met_666467_primary_000__marker_zip_002__001.3c24e2a3..jpg..zip,774044,62,2,1,0,0,0.22580645161290322,archive,0,0,0,1,0,1,0,1,0,0,19,7.841562922004704,7.988340858219542,0.36171457953294645,0.03646175152833689,256,13,0,0,0,0,0,0,0,0,0,0,0,0.0,0
1,mitra,image_anomaly_mitra,1959,met_666467_primary_000__marker_zip_002__002.d1c6f841..zip..jpg,data/raw/image_anomaly/anomalous/mitra/files/jpg/met_666467_primary_000/c9a16f8b9c8d57ed57df/met_666467_primary_000__marker_zip_002__002.d1c6f841..zip..jpg,774040,62,2,1,0,0,0.22580645161290322,image,0,0,0,1,0,1,1,0,0,0,19,7.841561780226923,6.446289467450733,0.36171515683943983,0.0364619399514237,256,13,0,0,0,0,0,0,0,2,0,0,0,0.04246162988992817,0
1,mitra,image_anomaly_mitra,1960,met_667526_primary_000__marker_zip_002__001.4e1d0e11..jpg..zip,data/raw/image_anomaly/anomalous/mitra/files/jpg/met_667526_primary_000/6dd74eab95be81938813/met_667526_primary_000__marker_zip_002__001.4e1d0e11..jpg..zip,1279558,62,2,1,0,0,0.22580645161290322,archive,0,0,0,1,0,1,0,1,0,0,12,7.927325001961917,7.988340858219542,0.3773724989410406,0.015377184934172582,256,26,0,0,0,0,0,0,0,0,0,0,0,0.0,0
1,mitra,image_anomaly_mitra,1961,met_667526_primary_000__marker_zip_002__002.748ff98b..zip..jpg,data/raw/image_anomaly/anomalous/mitra/files/jpg/met_667526_primary_000/6dd74eab95be81938813/met_667526_primary_000__marker_zip_002__002.748ff98b..zip..jpg,1279554,62,2,1,0,0,0.22580645161290322,image,0,0,0,1,0,1,1,0,0,0,12,7.927323892294425,5.205261120731332,0.37737289711883987,0.01537723300462505,256,26,0,0,0,0,0,0,0,2,0,0,0,0.02568629381800221,0
1,mitra,image_anomaly_mitra,1962,met_667526_primary_000__marker_pdf_002__001.c7ea255b..jpg..pdf,data/raw/image_anomaly/anomalous/mitra/files/jpg/met_667526_primary_000/a577f8edc9133c5eecd2/met_667526_primary_000__marker_pdf_002__001.c7ea255b..jpg..pdf,1250358,62,2,1,0,0,0.22580645161290322,document,0,0,0,0,0,1,0,1,0,0,11,7.923748601817325,5.072845754531357,0.37933535835336757,0.015560343517616555,256,26,0,0,0,0,0,0,0,0,0,0,0,0.0,0
1,mitra,image_anomaly_mitra,1963,met_667526_primary_000__marker_zip_001__001.c55811b3..jpg..zip,data/raw/image_anomaly/anomalous/mitra/files/jpg/met_667526_primary_000/ca4c8b66a71c08abdeee/met_667526_primary_000__marker_zip_001__001.c55811b3..jpg..zip,1247072,62,2,1,0,0,0.22580645161290322,archive,0,0,0,1,0,1,0,1,0,0,12,7.923646258523209,5.527257642440713,0.37747620025146905,0.01567190988170691,256,26,0,0,0,0,0,0,0,0,0,0,0,0.0,0
1,mitra,image_anomaly_mitra,1964,met_667526_primary_000__marker_zip_001__002.d662a091..zip..jpg,data/raw/image_anomaly/anomalous/mitra/files/jpg/met_667526_primary_000/ca4c8b66a71c08abdeee/met_667526_primary_000__marker_zip_001__002.d662a091..zip..jpg,1247068,62,2,1,0,0,0.22580645161290322,image,0,0,0,1,0,1,1,0,0,0,12,7.923644651523513,5.205261120731332,0.37747660913438563,0.0156719601497272,256,26,0,0,0,0,0,0,0,2,0,0,0,0.0017216382747372236,0
1,mitra,image_anomaly_mitra,1965,met_667526_primary_000__marker_pdf_001__001.d8c0198e..jpg..pdf,data/raw/image_anomaly/anomalous/mitra/files/jpg/met_667526_primary_000/cce3ef59f7fb51ff333b/met_667526_primary_000__marker_pdf_001__001.d8c0198e..jpg..pdf,1248567,62,2,1,0,0,0.22580645161290322,document,0,0,0,0,0,1,0,1,0,0,11,7.923703592514083,5.250824256483538,0.378475484295196,0.015582663965970588,256,26,0,0,0,0,0,0,0,0,0,0,0,0.0,0
1,mitra,image_anomaly_mitra,1966,met_669563_primary_000__marker_zip_002__001.b904951e..jpg..zip,data/raw/image_anomaly/anomalous/mitra/files/jpg/met_669563_primary_000/04e45f84967b5719989a/met_669563_primary_000__marker_zip_002__001.b904951e..jpg..zip,1098149,62,2,1,0,0,0.22580645161290322,archive,0,0,0,1,0,1,0,1,0,0,10,7.914709835784685,7.988340858219542,0.37525873082796596,0.016339312789065964,256,26,0,0,0,0,0,0,0,0,0,0,0,0.0,0
1,mitra,image_anomaly_mitra,1967,met_669563_primary_000__marker_zip_002__002.e1b3e975..zip..jpg,data/raw/image_anomaly/anomalous/mitra/files/jpg/met_669563_primary_000/04e45f84967b5719989a/met_669563_primary_000__marker_zip_002__002.e1b3e975..zip..jpg,1098145,62,2,1,0,0,0.22580645161290322,image,0,0,0,1,0,1,1,0,0,0,10,7.91470878561884,5.2086802247815545,0.3752591870836729,0.016339372305114536,256,26,0,0,0,0,0,0,0,2,0,0,0,0.029929563035846814,0
1,mitra,image_anomaly_mitra,1968,met_669563_primary_000__marker_pdf_001__001.a8929d47..jpg..pdf,data/raw/image_anomaly/anomalous/mitra/files/jpg/met_669563_primary_000/6bc8401ded4183efcc72/met_669563_primary_000__marker_pdf_001__001.a8929d47..jpg..pdf,1067158,62,2,1,0,0,0.22580645161290322,document,0,0,0,0,0,1,0,1,0,0,9,7.909741300112863,5.250824256483538,0.37648783029317123,0.016607662595416985,256,26,0,0,0,0,0,0,0,0,0,0,0,0.0,0
1,mitra,image_anomaly_mitra,1969,met_669563_primary_000__marker_zip_001__001.43ba1278..jpg..zip,data/raw/image_anomaly/anomalous/mitra/files/jpg/met_669563_primary_000/9ca45fd938d19e27ee0b/met_669563_primary_000__marker_zip_001__001.43ba1278..jpg..zip,1065663,62,2,1,0,0,0.22580645161290322,archive,0,0,0,1,0,1,0,1,0,0,10,7.9096411940413045,5.530822317168862,0.37531564856807453,0.01671353889550449,256,26,0,0,0,0,0,0,0,0,0,0,0,0.0,0
1,mitra,image_anomaly_mitra,1970,met_669563_primary_000__marker_zip_001__002.e2e98741..zip..jpg,data/raw/image_anomaly/anomalous/mitra/files/jpg/met_669563_primary_000/9ca45fd938d19e27ee0b/met_669563_primary_000__marker_zip_001__002.e2e98741..zip..jpg,1065659,62,2,1,0,0,0.22580645161290322,image,0,0,0,1,0,1,1,0,0,0,10,7.909639513449076,5.2086802247815545,0.3753161189461169,0.01671360163054035,256,26,0,0,0,0,0,0,0,2,0,0,0,0.0020147157768104058,0
1,mitra,image_anomaly_mitra,1971,met_669563_primary_000__marker_pdf_002__001.4e336195..jpg..pdf,data/raw/image_anomaly/anomalous/mitra/files/jpg/met_669563_primary_000/cfc02c39160e9b1d5a4e/met_669563_primary_000__marker_pdf_002__001.4e336195..jpg..pdf,1068949,62,2,1,0,0,0.22580645161290322,document,0,0,0,0,0,1,0,1,0,0,9,7.909838517497697,5.072845754531357,0.37749696196918653,0.016579836830381993,256,26,0,0,0,0,0,0,0,0,0,0,0,0.0,0
1,mitra,image_anomaly_mitra,1972,met_669597_additional_001__marker_zip_002__001.dcccab44..jpg..zip,data/raw/image_anomaly/anomalous/mitra/files/jpg/met_669597_additional_001/1615afeb7985e7be9ad9/met_669597_additional_001__marker_zip_002__001.dcccab44..jpg..zip,1272185,65,2,1,0,0,0.2153846153846154,archive,0,0,0,1,0,1,0,1,0,0,12,7.909575555252607,7.988340858219542,0.3741641349332055,0.016509391322802894,256,26,0,0,0,0,0,0,0,0,0,0,0,0.0,0
1,mitra,image_anomaly_mitra,1973,met_669597_additional_001__marker_zip_002__002.859d3db3..zip..jpg,data/raw/image_anomaly/anomalous/mitra/files/jpg/met_669597_additional_001/1615afeb7985e7be9ad9/met_669597_additional_001__marker_zip_002__002.859d3db3..zip..jpg,1272181,65,2,1,0,0,0.2153846153846154,image,0,0,0,1,0,1,1,0,0,0,12,7.909574475816713,5.210751730533947,0.3741645253309081,0.016509443231741396,256,26,0,0,0,0,0,0,0,2,0,0,0,0.02583516024842377,0
1,mitra,image_anomaly_mitra,1974,met_669597_additional_001__marker_pdf_001__001.d2c87f89..jpg..pdf,data/raw/image_anomaly/anomalous/mitra/files/jpg/met_669597_additional_001/474e79b611906a35edbf/met_669597_additional_001__marker_pdf_001__001.d2c87f89..jpg..pdf,1241194,65,2,1,0,0,0.2153846153846154,document,0,0,0,0,0,1,0,1,0,0,11,7.905064760243399,5.250824256483538,0.3751935636169688,0.016744360672062548,256,26,0,0,0,0,0,0,0,0,0,0,0,0.0,0
1,mitra,image_anomaly_mitra,1975,met_669597_additional_001__marker_pdf_002__001.da3637c3..jpg..pdf,data/raw/image_anomaly/anomalous/mitra/files/jpg/met_669597_additional_001/aa42102fe47904d17d7c/met_669597_additional_001__marker_pdf_002__001.da3637c3..jpg..pdf,1242985,65,2,1,0,0,0.2153846153846154,document,0,0,0,0,0,1,0,1,0,0,11,7.9051777206772735,5.072845754531357,0.37606326705471105,0.016720233952943923,256,26,0,0,0,0,0,0,0,0,0,0,0,0.0,0
1,mitra,image_anomaly_mitra,1976,met_669597_additional_001__marker_zip_001__001.a953482e..jpg..zip,data/raw/image_anomaly/anomalous/mitra/files/jpg/met_669597_additional_001/b2a064f0b31da573f757/met_669597_additional_001__marker_zip_001__001.a953482e..jpg..zip,1239699,65,2,1,0,0,0.2153846153846154,archive,0,0,0,1,0,1,0,1,0,0,12,7.904946354082697,5.532576239836285,0.3741843786273926,0.016835538304056066,256,26,0,0,0,0,0,0,0,0,0,0,0,0.0,0
1,mitra,image_anomaly_mitra,1977,met_669597_additional_001__marker_zip_001__002.bc0e5606..zip..jpg,data/raw/image_anomaly/anomalous/mitra/files/jpg/met_669597_additional_001/b2a064f0b31da573f757/met_669597_additional_001__marker_zip_001__002.bc0e5606..zip..jpg,1239695,65,2,1,0,0,0.2153846153846154,image,0,0,0,1,0,1,1,0,0,0,12,7.904944850152459,5.210751730533947,0.37418477932072003,0.01683559262560549,256,26,0,0,0,0,0,0,0,2,0,0,0,0.0017318775989255421,0
1,mitra,image_anomaly_mitra,1978,met_669597_primary_000__marker_pdf_002__001.3a68b3f4..jpg..pdf,data/raw/image_anomaly/anomalous/mitra/files/jpg/met_669597_primary_000/b0da2e33064fac4bb0c4/met_669597_primary_000__marker_pdf_002__001.3a68b3f4..jpg..pdf,1246603,62,2,1,0,0,0.22580645161290322,document,0,0,0,0,0,1,0,1,0,0,11,7.90999347954108,5.072845754531357,0.37570180723133184,0.016635608930830426,256,26,0,0,0,0,0,0,0,0,0,0,0,0.0,0
1,mitra,image_anomaly_mitra,1979,met_669597_primary_000__marker_zip_002__001.7f95fed8..jpg..zip,data/raw/image_anomaly/anomalous/mitra/files/jpg/met_669597_primary_000/b5c1898d70314c2a2773/met_669597_primary_000__marker_zip_002__001.7f95fed8..jpg..zip,1275803,62,2,1,0,0,0.22580645161290322,archive,0,0,0,1,0,1,0,1,0,0,12,7.914137573690533,7.988340858219542,0.3738163337129635,0.016427301080182442,256,26,0,0,0,0,0,0,0,0,0,0,0,0.0,0
1,mitra,image_anomaly_mitra,1980,met_669597_primary_000__marker_zip_002__002.85622be7..zip..jpg,data/raw/image_anomaly/anomalous/mitra/files/jpg/met_669597_primary_000/b5c1898d70314c2a2773/met_669597_primary_000__marker_zip_002__002.85622be7..zip..jpg,1275799,62,2,1,0,0,0.22580645161290322,image,0,0,0,1,0,1,1,0,0,0,12,7.914136564346643,5.209492105328368,0.37381672191309134,0.01642735258453722,256,26,0,0,0,0,0,0,0,2,0,0,0,0.025761895094760224,0
1,mitra,image_anomaly_mitra,1981,met_669597_primary_000__marker_pdf_001__001.c38d89fb..jpg..pdf,data/raw/image_anomaly/anomalous/mitra/files/jpg/met_669597_primary_000/e7d917fa5b4773674781/met_669597_primary_000__marker_pdf_001__001.c38d89fb..jpg..pdf,1244812,62,2,1,0,0,0.22580645161290322,document,0,0,0,0,0,1,0,1,0,0,11,7.9098875276295235,5.250824256483538,0.3748341114963545,0.016659543770464937,256,26,0,0,0,0,0,0,0,0,0,0,0,0.0,0
1,mitra,image_anomaly_mitra,1982,met_669597_primary_000__marker_zip_001__001.0ff2defa..jpg..zip,data/raw/image_anomaly/anomalous/mitra/files/jpg/met_669597_primary_000/f121d93688fb6b971ee1/met_669597_primary_000__marker_zip_001__001.0ff2defa..jpg..zip,1243317,62,2,1,0,0,0.22580645161290322,archive,0,0,0,1,0,1,0,1,0,0,12,7.9097659549176145,5.5304411936991364,0.3738274309769753,0.016750354093123476,256,26,0,0,0,0,0,0,0,0,0,0,0,0.0,0
1,mitra,image_anomaly_mitra,1983,met_669597_primary_000__marker_zip_001__002.ccbe91d6..zip..jpg,data/raw/image_anomaly/anomalous/mitra/files/jpg/met_669597_primary_000/f121d93688fb6b971ee1/met_669597_primary_000__marker_zip_001__002.ccbe91d6..zip..jpg,1243313,62,2,1,0,0,0.22580645161290322,image,0,0,0,1,0,1,1,0,0,0,12,7.909764456305323,5.209492105328368,0.37382782935592246,0.016750407982543413,256,26,0,0,0,0,0,0,0,2,0,0,0,0.0017268378919869736,0
1,mitra,image_anomaly_mitra,1984,met_671050_primary_000__marker_pdf_002__001.4d5f2f10..jpg..pdf,data/raw/image_anomaly/anomalous/mitra/files/jpg/met_671050_primary_000/367a69276fed34ed0af7/met_671050_primary_000__marker_pdf_002__001.4d5f2f10..jpg..pdf,3049884,62,2,1,0,0,0.22580645161290322,document,0,0,0,0,0,1,0,1,0,0,53,7.984583722487445,5.072845754531357,0.3685848379807232,0.009940705941603024,256,13,0,0,0,0,0,0,0,0,0,0,0,0.0,0
1,mitra,image_anomaly_mitra,1985,met_671050_primary_000__marker_pdf_001__001.f1800526..jpg..pdf,data/raw/image_anomaly/anomalous/mitra/files/jpg/met_671050_primary_000/522d2f2eef261d8b242f/met_671050_primary_000__marker_pdf_001__001.f1800526..jpg..pdf,3048093,62,2,1,0,0,0.22580645161290322,document,0,0,0,0,0,1,0,1,0,0,53,7.984576899161467,5.250824256483538,0.36822629755719394,0.009946546906541237,256,13,0,0,0,0,0,0,0,0,0,0,0,0.0,0
1,mitra,image_anomaly_mitra,1986,met_671050_primary_000__marker_zip_002__001.b43dd90a..jpg..zip,data/raw/image_anomaly/anomalous/mitra/files/jpg/met_671050_primary_000/7b52a9ea377983743a4b/met_671050_primary_000__marker_zip_002__001.b43dd90a..jpg..zip,3079084,62,2,1,0,0,0.22580645161290322,archive,0,0,0,1,0,1,0,1,0,0,54,7.984852384172438,7.988340858219542,0.3678710941305921,0.009917884669596541,256,13,0,0,0,0,0,0,0,0,0,0,0,0.0,0
1,mitra,image_anomaly_mitra,1987,met_671050_primary_000__marker_zip_002__002.a31de2dd..zip..jpg,data/raw/image_anomaly/anomalous/mitra/files/jpg/met_671050_primary_000/7b52a9ea377983743a4b/met_671050_primary_000__marker_zip_002__002.a31de2dd..zip..jpg,3079080,62,2,1,0,0,0.22580645161290322,image,0,0,0,1,0,1,1,0,0,0,54,7.984852358371109,6.4310744405257525,0.3678712472556738,0.009917897553814775,256,13,0,0,0,0,0,0,0,2,0,0,0,0.01067429232108292,0
1,mitra,image_anomaly_mitra,1988,met_671050_primary_000__marker_zip_001__001.3ff7b6c7..jpg..zip,data/raw/image_anomaly/anomalous/mitra/files/jpg/met_671050_primary_000/9d21a076f449599816ed/met_671050_primary_000__marker_zip_001__001.3ff7b6c7..jpg..zip,3046598,62,2,1,0,0,0.22580645161290322,archive,0,0,0,1,0,1,0,1,0,0,54,7.984544838118562,6.257157470040194,0.36781222859071006,0.009980312466561062,256,13,0,0,0,0,0,0,0,0,0,0,0,0.0,0
1,mitra,image_anomaly_mitra,1989,met_671050_primary_000__marker_zip_001__002.ef49cc41..zip..jpg,data/raw/image_anomaly/anomalous/mitra/files/jpg/met_671050_primary_000/9d21a076f449599816ed/met_671050_primary_000__marker_zip_001__002.ef49cc41..zip..jpg,3046594,62,2,1,0,0,0.22580645161290322,image,0,0,0,1,0,1,1,0,0,0,54,7.984544756888282,6.4310744405257525,0.3678123832712859,0.009980325570128477,256,13,0,0,0,0,0,0,0,2,0,0,0,0.0007047214036396054,0
1,mitra,image_anomaly_mitra,1990,met_6804_primary_000__marker_zip_002__001.5570a79a..jpg..zip,data/raw/image_anomaly/anomalous/mitra/files/jpg/met_6804_primary_000/1fbb92d59e1f4e3f748a/met_6804_primary_000__marker_zip_002__001.5570a79a..jpg..zip,456275,60,2,1,0,0,0.23333333333333334,archive,0,0,0,1,0,1,0,1,0,0,5,7.886339644144348,7.988340858219542,0.3779935346008438,0.021831132540682703,256,15,0,0,0,0,0,0,0,0,0,0,0,0.0,0
1,mitra,image_anomaly_mitra,1991,met_6804_primary_000__marker_zip_002__002.73b466f0..zip..jpg,data/raw/image_anomaly/anomalous/mitra/files/jpg/met_6804_primary_000/1fbb92d59e1f4e3f748a/met_6804_primary_000__marker_zip_002__002.73b466f0..zip..jpg,456271,60,2,1,0,0,0.23333333333333334,image,0,0,0,1,0,1,1,0,0,0,5,7.8863356263337,4.922074776927042,0.3779946566842951,0.02183132392810413,256,15,0,0,0,0,0,0,0,2,0,0,0,0.07203394473898188,0
1,mitra,image_anomaly_mitra,1992,met_6804_primary_000__marker_zip_001__001.41c4c161..jpg..zip,data/raw/image_anomaly/anomalous/mitra/files/jpg/met_6804_primary_000/7a9380f8219bee91ebeb/met_6804_primary_000__marker_zip_001__001.41c4c161..jpg..zip,423789,60,2,1,0,0,0.23333333333333334,archive,0,0,0,1,0,1,0,1,0,0,5,7.8694329887191845,5.629400418965675,0.3783462996915918,0.0231931456455925,256,15,0,0,0,0,0,0,0,0,0,0,0,0.0,0
1,mitra,image_anomaly_mitra,1993,met_6804_primary_000__marker_zip_001__002.9fbc81f2..zip..jpg,data/raw/image_anomaly/anomalous/mitra/files/jpg/met_6804_primary_000/7a9380f8219bee91ebeb/met_6804_primary_000__marker_zip_001__002.9fbc81f2..zip..jpg,423785,60,2,1,0,0,0.23333333333333334,image,0,0,0,1,0,1,1,0,0,0,5,7.8694278760201595,4.922074776927042,0.37834751112002546,0.02319336455985936,256,15,0,0,0,0,0,0,0,2,0,0,0,0.0050662482154866266,0
1,mitra,image_anomaly_mitra,1994,met_6804_primary_000__marker_pdf_002__001.bbd06ff6..jpg..pdf,data/raw/image_anomaly/anomalous/mitra/files/jpg/met_6804_primary_000/f1ae4997d72ab3a564a0/met_6804_primary_000__marker_pdf_002__001.bbd06ff6..jpg..pdf,427075,60,2,1,0,0,0.23333333333333334,document,0,0,0,0,0,1,0,1,0,0,4,7.8694288678122275,5.072845754531357,0.3837827079552772,0.022808640168588655,256,15,0,0,0,0,0,0,0,0,0,0,0,0.0,0
1,mitra,image_anomaly_mitra,1995,met_6804_primary_000__marker_pdf_001__001.23c6ca23..jpg..pdf,data/raw/image_anomaly/anomalous/mitra/files/jpg/met_6804_primary_000/f6a47c1ee84bb263ce19/met_6804_primary_000__marker_pdf_001__001.23c6ca23..jpg..pdf,425284,60,2,1,0,0,0.23333333333333334,document,0,0,0,0,0,1,0,1,0,0,4,7.869323210811466,5.250824256483538,0.38127698196969556,0.02290469427488455,256,15,0,0,0,0,0,0,0,0,0,0,0,0.0,0
1,mitra,image_anomaly_mitra,1996,met_68363_primary_000__marker_zip_002__001.9652e42b..jpg..zip,data/raw/image_anomaly/anomalous/mitra/files/jpg/met_68363_primary_000/2ac40f792767444cb41f/met_68363_primary_000__marker_zip_002__001.9652e42b..jpg..zip,113537,61,2,1,0,0,0.22950819672131148,archive,0,0,0,1,0,1,0,1,0,0,2,7.925400429879685,7.988340858219542,0.3924623690955371,0.010172895179544995,256,6,0,0,0,0,0,0,0,0,0,0,0,0.0,0
1,mitra,image_anomaly_mitra,1997,met_68363_primary_000__marker_zip_002__002.7bb06381..zip..jpg,data/raw/image_anomaly/anomalous/mitra/files/jpg/met_68363_primary_000/2ac40f792767444cb41f/met_68363_primary_000__marker_zip_002__002.7bb06381..zip..jpg,113533,61,2,1,0,0,0.22950819672131148,image,0,0,0,1,0,1,1,0,0,0,2,7.925384421248337,3.534857335905623,0.3924673883364308,0.010173253591466798,256,6,0,0,0,0,0,0,0,2,0,0,0,0.2894929227625448,0
1,mitra,image_anomaly_mitra,1998,met_68363_primary_000__marker_pdf_001__001.58271b32..jpg..pdf,data/raw/image_anomaly/anomalous/mitra/files/jpg/met_68363_primary_000/3c73a24e9e1d6bd94382/met_68363_primary_000__marker_pdf_001__001.58271b32..jpg..pdf,82546,61,2,1,0,0,0.22950819672131148,document,0,0,0,0,0,1,0,1,0,0,1,7.862094374046216,5.250824256483538,0.41481113560923605,0.01132701766287888,256,6,0,0,0,0,0,0,0,0,0,0,0,0.0,0
1,mitra,image_anomaly_mitra,1999,met_68363_primary_000__marker_zip_001__001.fac290a8..jpg..zip,data/raw/image_anomaly/anomalous/mitra/files/jpg/met_68363_primary_000/d37e9cb0b3d2e1702047/met_68363_primary_000__marker_zip_001__001.fac290a8..jpg..zip,81051,61,2,1,0,0,0.22950819672131148,archive,0,0,0,1,0,1,0,1,0,0,2,7.867640829001677,3.5205800175986846,0.4001061060320045,0.012621682644261022,256,6,0,0,0,0,0,0,0,0,0,0,0,0.0,0
1,mitra,image_anomaly_mitra,2000,met_68363_primary_000__marker_zip_001__002.d8d588e3..zip..jpg,data/raw/image_anomaly/anomalous/mitra/files/jpg/met_68363_primary_000/d37e9cb0b3d2e1702047/met_68363_primary_000__marker_zip_001__002.d8d588e3..zip..jpg,81047,61,2,1,0,0,0.22950819672131148,image,0,0,0,1,0,1,1,0,0,0,2,7.867596563555385,3.534857335905623,0.4001135143805446,0.012622305575777018,256,6,0,0,0,0,0,0,0,2,0,0,0,0.026490801633619998,0
1,mitra,image_anomaly_mitra,2001,met_68363_primary_000__marker_pdf_002__001.63c8151e..jpg..pdf,data/raw/image_anomaly/anomalous/mitra/files/jpg/met_68363_primary_000/ed4f9e716ce42cc3720c/met_68363_primary_000__marker_pdf_002__001.63c8151e..jpg..pdf,84337,61,2,1,0,0,0.22950819672131148,document,0,0,0,0,0,1,0,1,0,0,1,7.858292680841944,5.072845754531357,0.42678776812075364,0.011086474501108648,256,6,0,0,0,0,0,0,0,0,0,0,0,0.0,0
1,mitra,image_anomaly_mitra,2002,met_689238_additional_001__marker_pdf_001__001.426d7a55..jpg..pdf,data/raw/image_anomaly/anomalous/mitra/files/jpg/met_689238_additional_001/105ca4cc24af29794f51/met_689238_additional_001__marker_pdf_001__001.426d7a55..jpg..pdf,1543889,65,2,1,0,0,0.2153846153846154,document,0,0,0,0,0,1,0,1,0,0,14,7.938464516532259,5.250824256483538,0.38044121047562357,0.013537242638557564,256,26,0,0,0,0,0,0,0,0,0,0,0,0.0,0
1,mitra,image_anomaly_mitra,2003,met_689238_additional_001__marker_zip_001__001.de5dbe61..jpg..zip,data/raw/image_anomaly/anomalous/mitra/files/jpg/met_689238_additional_001/b1c120bdea2050cd9f89/met_689238_additional_001__marker_zip_001__001.de5dbe61..jpg..zip,1542394,65,2,1,0,0,0.2153846153846154,archive,0,0,0,1,0,1,0,1,0,0,15,7.938455187167692,5.495067481498255,0.3796351645558787,0.013607418078649165,256,26,0,0,0,0,0,0,0,0,0,0,0,0.0,0
1,mitra,image_anomaly_mitra,2004,met_689238_additional_001__marker_zip_001__002.19fd0093..zip..jpg,data/raw/image_anomaly/anomalous/mitra/files/jpg/met_689238_additional_001/b1c120bdea2050cd9f89/met_689238_additional_001__marker_zip_001__002.19fd0093..zip..jpg,1542390,65,2,1,0,0,0.2153846153846154,image,0,0,0,1,0,1,1,0,0,0,15,7.938453647310273,5.18681002542578,0.37963550074883784,0.013607453367825258,256,26,0,0,0,0,0,0,0,2,0,0,0,0.0013919955393901671,0
1,mitra,image_anomaly_mitra,2005,met_689238_additional_001__marker_pdf_002__001.f8847e8c..jpg..pdf,data/raw/image_anomaly/anomalous/mitra/files/jpg/met_689238_additional_001/b2d1012b300f4d5e5c3e/met_689238_additional_001__marker_pdf_002__001.f8847e8c..jpg..pdf,1545680,65,2,1,0,0,0.2153846153846154,document,0,0,0,0,0,1,0,1,0,0,14,7.938462229779572,5.072845754531357,0.3811345168469541,0.013521556855235236,256,26,0,0,0,0,0,0,0,0,0,0,0,0.0,0
1,mitra,image_anomaly_mitra,2006,met_689238_additional_001__marker_zip_002__001.dc2cf999..jpg..zip,data/raw/image_anomaly/anomalous/mitra/files/jpg/met_689238_additional_001/e5dea9a207cd3cb7d334/met_689238_additional_001__marker_zip_002__001.dc2cf999..jpg..zip,1574880,65,2,1,0,0,0.2153846153846154,archive,0,0,0,1,0,1,0,1,0,0,15,7.940881507292907,7.988340858219542,0.3795063750888957,0.01341054556537641,256,26,0,0,0,0,0,0,0,0,0,0,0,0.0,0
1,mitra,image_anomaly_mitra,2007,met_689238_additional_001__marker_zip_002__002.71194523..zip..jpg,data/raw/image_anomaly/anomalous/mitra/files/jpg/met_689238_additional_001/e5dea9a207cd3cb7d334/met_689238_additional_001__marker_zip_002__002.71194523..zip..jpg,1574876,65,2,1,0,0,0.2153846153846154,image,0,0,0,1,0,1,1,0,0,0,15,7.940880519076363,5.18681002542578,0.379506704019872,0.013410579626586474,256,26,0,0,0,0,0,0,0,2,0,0,0,0.02086957957324894,0
1,mitra,image_anomaly_mitra,2008,met_689238_primary_000__marker_pdf_002__001.4362e876..jpg..pdf,data/raw/image_anomaly/anomalous/mitra/files/jpg/met_689238_primary_000/2bca10ec495e0820228b/met_689238_primary_000__marker_pdf_002__001.4362e876..jpg..pdf,1541449,62,2,1,0,0,0.22580645161290322,document,0,0,0,0,0,1,0,1,0,0,10,7.9384642125588565,5.072845754531357,0.3802545526968456,0.013330314528732382,256,26,0,0,0,0,0,0,0,0,0,0,0,0.0,0
1,mitra,image_anomaly_mitra,2009,met_689238_primary_000__marker_pdf_001__001.efb73eaf..jpg..pdf,data/raw/image_anomaly/anomalous/mitra/files/jpg/met_689238_primary_000/2ee6d39632fd2c310177/met_689238_primary_000__marker_pdf_001__001.efb73eaf..jpg..pdf,1539658,62,2,1,0,0,0.22580645161290322,document,0,0,0,0,0,1,0,1,0,0,10,7.93845980173931,5.250824256483538,0.379558317496483,0.013345820955043263,256,26,0,0,0,0,0,0,0,0,0,0,0,0.0,0
1,mitra,image_anomaly_mitra,2010,met_689238_primary_000__marker_zip_002__001.47613424..jpg..zip,data/raw/image_anomaly/anomalous/mitra/files/jpg/met_689238_primary_000/308b8f326b36fe8e4f3f/met_689238_primary_000__marker_zip_002__001.47613424..jpg..zip,1570649,62,2,1,0,0,0.22580645161290322,archive,0,0,0,1,0,1,0,1,0,0,11,7.9408826607114795,7.988340858219542,0.3786383845149362,0.01322255959160831,256,26,0,0,0,0,0,0,0,0,0,0,0,0.0,0
1,mitra,image_anomaly_mitra,2011,met_689238_primary_000__marker_zip_002__002.bb8a1be1..zip..jpg,data/raw/image_anomaly/anomalous/mitra/files/jpg/met_689238_primary_000/308b8f326b36fe8e4f3f/met_689238_primary_000__marker_zip_002__002.bb8a1be1..zip..jpg,1570645,62,2,1,0,0,0.22580645161290322,image,0,0,0,1,0,1,1,0,0,0,11,7.940881689612414,5.181657792749251,0.3786387121214533,0.013222593265823913,256,26,0,0,0,0,0,0,0,2,0,0,0,0.020925798000184636,0
1,mitra,image_anomaly_mitra,2012,met_689238_primary_000__marker_zip_001__001.1a1a4d2b..jpg..zip,data/raw/image_anomaly/anomalous/mitra/files/jpg/met_689238_primary_000/bf4a6c391c589f491274/met_689238_primary_000__marker_zip_001__001.1a1a4d2b..jpg..zip,1538163,62,2,1,0,0,0.22580645161290322,archive,0,0,0,1,0,1,0,1,0,0,11,7.93844809286912,5.490932778497256,0.3787491962815384,0.013416003375455007,256,26,0,0,0,0,0,0,0,0,0,0,0,0.0,0
1,mitra,image_anomaly_mitra,2013,met_689238_primary_000__marker_zip_001__002.14a91030..zip..jpg,data/raw/image_anomaly/anomalous/mitra/files/jpg/met_689238_primary_000/bf4a6c391c589f491274/met_689238_primary_000__marker_zip_001__002.14a91030..zip..jpg,1538159,62,2,1,0,0,0.22580645161290322,image,0,0,0,1,0,1,1,0,0,0,11,7.938446616604377,5.181657792749251,0.3787495310952899,0.0134160382639246,256,26,0,0,0,0,0,0,0,2,0,0,0,0.0013958244888857393,0
1,mitra,image_anomaly_mitra,2014,met_691015_primary_000__marker_pdf_001__001.a989fe2c..jpg..pdf,data/raw/image_anomaly/anomalous/mitra/files/jpg/met_691015_primary_000/0700d967f833343a2cf1/met_691015_primary_000__marker_pdf_001__001.a989fe2c..jpg..pdf,2835088,62,2,1,0,0,0.22580645161290322,document,0,0,0,0,0,1,0,1,0,0,81,7.958832192918898,5.250824256483538,0.38941295649376667,0.006867864419023325,256,13,0,0,0,0,0,0,0,0,0,0,0,0.0,0
1,mitra,image_anomaly_mitra,2015,met_691015_primary_000__marker_pdf_002__001.00ca6466..jpg..pdf,data/raw/image_anomaly/anomalous/mitra/files/jpg/met_691015_primary_000/6b5247dc64969f192810/met_691015_primary_000__marker_pdf_002__001.00ca6466..jpg..pdf,2836879,62,2,1,0,0,0.22580645161290322,document,0,0,0,0,0,1,0,1,0,0,81,7.95882965778654,5.072845754531357,0.3897850419422189,0.0068635285466881035,256,13,0,0,0,0,0,0,0,0,0,0,0,0.0,0
1,mitra,image_anomaly_mitra,2016,met_691015_primary_000__marker_zip_002__001.2082f468..jpg..zip,data/raw/image_anomaly/anomalous/mitra/files/jpg/met_691015_primary_000/9ac4981015ab3c8f65bc/met_691015_primary_000__marker_zip_002__001.2082f468..jpg..zip,2866079,62,2,1,0,0,0.22580645161290322,archive,0,0,0,1,0,1,0,1,0,0,82,7.959700118721167,7.988340858219542,0.3888022626033686,0.0068703619125641685,256,13,0,0,0,0,0,0,0,0,0,0,0,0.0,0
1,mitra,image_anomaly_mitra,2017,met_691015_primary_000__marker_zip_002__002.0e282446..zip..jpg,data/raw/image_anomaly/anomalous/mitra/files/jpg/met_691015_primary_000/9ac4981015ab3c8f65bc/met_691015_primary_000__marker_zip_002__002.0e282446..zip..jpg,2866075,62,2,1,0,0,0.22580645161290322,image,0,0,0,1,0,1,1,0,0,0,82,7.959699533686121,6.4063164120827745,0.3888024563209267,0.006870371501094702,256,13,0,0,0,0,0,0,0,2,0,0,0,0.011467599417321598,0
1,mitra,image_anomaly_mitra,2018,met_691015_primary_000__marker_zip_001__001.b2018279..jpg..zip,data/raw/image_anomaly/anomalous/mitra/files/jpg/met_691015_primary_000/ef845e7b07ccfe1db474/met_691015_primary_000__marker_zip_001__001.b2018279..jpg..zip,2833593,62,2,1,0,0,0.22580645161290322,archive,0,0,0,1,0,1,0,1,0,0,82,7.9587875298719535,6.224814437092764,0.38897893945954837,0.006902543872743898,256,13,0,0,0,0,0,0,0,0,0,0,0,0.0,0
1,mitra,image_anomaly_mitra,2019,met_691015_primary_000__marker_zip_001__002.2edbb8e5..zip..jpg,data/raw/image_anomaly/anomalous/mitra/files/jpg/met_691015_primary_000/ef845e7b07ccfe1db474/met_691015_primary_000__marker_zip_001__002.2edbb8e5..zip..jpg,2833589,62,2,1,0,0,0.22580645161290322,image,0,0,0,1,0,1,1,0,0,0,82,7.958786673966663,6.4063164120827745,0.3889791356474069,0.006902553616632476,256,13,0,0,0,0,0,0,0,2,0,0,0,0.0007576963349307186,0
1,mitra,image_anomaly_mitra,2020,met_69420_primary_000__marker_pdf_001__001.d4873e59..jpg..pdf,data/raw/image_anomaly/anomalous/mitra/files/jpg/met_69420_primary_000/8563081b6fdf983eb3ed/met_69420_primary_000__marker_pdf_001__001.d4873e59..jpg..pdf,2292381,61,2,1,0,0,0.22950819672131148,document,0,0,0,0,0,1,0,1,0,0,75,7.9706819787972405,5.250824256483538,0.3785932617658234,0.007657104120126628,256,9,0,0,1,0,0,0,1,0,0,0,0,0.0,0
1,mitra,image_anomaly_mitra,2021,met_69420_primary_000__marker_zip_001__001.1eebdcfa..jpg..zip,data/raw/image_anomaly/anomalous/mitra/files/jpg/met_69420_primary_000/c21e1ab8934ceded29cb/met_69420_primary_000__marker_zip_001__001.1eebdcfa..jpg..zip,2290886,61,2,1,0,0,0.22950819672131148,archive,0,0,0,1,0,1,0,1,0,0,76,7.970627923394034,4.335775828840862,0.37804936605313405,0.007700514124229665,256,9,0,0,1,0,0,0,1,0,0,0,0,0.0,0
1,mitra,image_anomaly_mitra,2022,met_69420_primary_000__marker_zip_001__002.8938a808..zip..jpg,data/raw/image_anomaly/anomalous/mitra/files/jpg/met_69420_primary_000/c21e1ab8934ceded29cb/met_69420_primary_000__marker_zip_001__002.8938a808..zip..jpg,2290882,61,2,1,0,0,0.22950819672131148,image,0,0,0,1,0,1,1,0,0,0,76,7.970627499663583,3.039792198597443,0.3780495896340362,0.007700527569730785,256,9,0,0,1,0,0,0,1,2,0,0,0,0.0009371936223690264,0
1,mitra,image_anomaly_mitra,2023,met_69420_primary_000__marker_pdf_002__001.7f5b169d..jpg..pdf,data/raw/image_anomaly/anomalous/mitra/files/jpg/met_69420_primary_000/dcfe30649285ec2faeb5/met_69420_primary_000__marker_pdf_002__001.7f5b169d..jpg..pdf,2294172,61,2,1,0,0,0.22950819672131148,document,0,0,0,0,0,1,0,1,0,0,75,7.970686459215533,5.072845754531357,0.37906181402266265,0.00765112641946637,256,9,0,0,1,0,0,0,1,0,0,0,0,0.0,0
1,mitra,image_anomaly_mitra,2024,met_69420_primary_000__marker_zip_002__001.271c5dc2..jpg..zip,data/raw/image_anomaly/anomalous/mitra/files/jpg/met_69420_primary_000/f400309b835c19a1419f/met_69420_primary_000__marker_zip_002__001.271c5dc2..jpg..zip,2323372,61,2,1,0,0,0.22950819672131148,archive,0,0,0,1,0,1,0,1,0,0,76,7.971445788329546,7.988340858219542,0.37798424014750975,0.007649657480592862,256,9,0,0,1,0,0,0,1,0,0,0,0,0.0,0
1,mitra,image_anomaly_mitra,2025,met_69420_primary_000__marker_zip_002__002.4d9dcb38..zip..jpg,data/raw/image_anomaly/anomalous/mitra/files/jpg/met_69420_primary_000/f400309b835c19a1419f/met_69420_primary_000__marker_zip_002__002.4d9dcb38..zip..jpg,2323368,61,2,1,0,0,0.22950819672131148,image,0,0,0,1,0,1,1,0,0,0,76,7.9714453865185995,3.039792198597443,0.3779844604901161,0.007649670650538357,256,9,0,0,1,0,0,0,1,2,0,0,0,0.014146273857606716,0
1,mitra,image_anomaly_mitra,2026,met_699366_primary_000__marker_zip_001__001.48ff51d4..jpg..zip,data/raw/image_anomaly/anomalous/mitra/files/jpg/met_699366_primary_000/0ec11b464c8e4aee29c9/met_699366_primary_000__marker_zip_001__001.48ff51d4..jpg..zip,233101,62,2,1,0,0,0.22580645161290322,archive,0,0,0,1,0,1,0,1,0,0,9,7.916113324928376,6.2578060177083215,0.4079261779228746,0.021836028159467356,256,17,0,0,0,0,0,0,0,0,0,0,0,0.0,0
1,mitra,image_anomaly_mitra,2027,met_699366_primary_000__marker_zip_001__002.12d2b788..zip..jpg,data/raw/image_anomaly/anomalous/mitra/files/jpg/met_699366_primary_000/0ec11b464c8e4aee29c9/met_699366_primary_000__marker_zip_001__002.12d2b788..zip..jpg,233097,62,2,1,0,0,0.22580645161290322,image,0,0,0,1,0,1,1,0,0,0,9,7.916113414533803,6.42979766951925,0.4079288879736762,0.02183640287090782,256,17,0,0,0,0,0,0,0,2,0,0,0,0.009210757753210038,0
1,mitra,image_anomaly_mitra,2028,met_699366_primary_000__marker_zip_002__001.f0f47954..jpg..zip,data/raw/image_anomaly/anomalous/mitra/files/jpg/met_699366_primary_000/28a3227f753f2ccc099a/met_699366_primary_000__marker_zip_002__001.f0f47954..jpg..zip,265587,62,2,1,0,0,0.22580645161290322,archive,0,0,0,1,0,1,0,1,0,0,9,7.932957735487931,7.988340858219542,0.4037019884256383,0.01966210695553623,256,17,0,0,0,0,0,0,0,0,0,0,0,0.0,0
1,mitra,image_anomaly_mitra,2029,met_699366_primary_000__marker_zip_002__002.5f5d118f..zip..jpg,data/raw/image_anomaly/anomalous/mitra/files/jpg/met_699366_primary_000/28a3227f753f2ccc099a/met_699366_primary_000__marker_zip_002__002.5f5d118f..zip..jpg,265583,62,2,1,0,0,0.22580645161290322,image,0,0,0,1,0,1,1,0,0,0,9,7.932954824059351,6.42979766951925,0.40370430336279056,0.01966240309055926,256,17,0,0,0,0,0,0,0,2,0,0,0,0.12375415595124688,0
1,mitra,image_anomaly_mitra,2030,met_699366_primary_000__marker_pdf_002__001.6ba7b4ca..jpg..pdf,data/raw/image_anomaly/anomalous/mitra/files/jpg/met_699366_primary_000/bc7b4609c2c10055def3/met_699366_primary_000__marker_pdf_002__001.6ba7b4ca..jpg..pdf,236387,62,2,1,0,0,0.22580645161290322,document,0,0,0,0,0,1,0,1,0,0,8,7.911548372849345,5.072845754531357,0.41733682478308876,0.021160216086333006,256,17,0,0,0,0,0,0,0,0,0,0,0,0.0,0
1,mitra,image_anomaly_mitra,2031,met_699366_primary_000__marker_pdf_001__001.9efdaee3..jpg..pdf,data/raw/image_anomaly/anomalous/mitra/files/jpg/met_699366_primary_000/d543287ef9045d072330/met_699366_primary_000__marker_pdf_001__001.9efdaee3..jpg..pdf,234596,62,2,1,0,0,0.22580645161290322,document,0,0,0,0,0,1,0,1,0,0,8,7.913454591172992,5.250824256483538,0.41305052089549693,0.02132176166686559,256,17,0,0,0,0,0,0,0,0,0,0,0,0.0,0
1,mitra,image_anomaly_mitra,2032,met_703714_primary_000__marker_zip_002__001.dd004a84..jpg..zip,data/raw/image_anomaly/anomalous/mitra/files/jpg/met_703714_primary_000/1aa2b2ae8c95491a79f5/met_703714_primary_000__marker_zip_002__001.dd004a84..jpg..zip,246405,62,2,1,0,0,0.22580645161290322,archive,0,0,0,1,0,1,0,1,0,0,6,7.920127826547714,7.988340858219542,0.4047239301150545,0.021042592479860393,256,17,0,0,0,0,0,0,0,0,0,0,0,0.0,0
1,mitra,image_anomaly_mitra,2033,met_703714_primary_000__marker_zip_002__002.554e1255..zip..jpg,data/raw/image_anomaly/anomalous/mitra/files/jpg/met_703714_primary_000/1aa2b2ae8c95491a79f5/met_703714_primary_000__marker_zip_002__002.554e1255..zip..jpg,246401,62,2,1,0,0,0.22580645161290322,image,0,0,0,1,0,1,1,0,0,0,6,7.920123576106428,6.4010484749184196,0.404726441856973,0.0210429340790013,256,17,0,0,0,0,0,0,0,2,0,0,0,0.13338825735285165,0
1,mitra,image_anomaly_mitra,2034,met_703714_primary_000__marker_pdf_002__001.165ffb96..jpg..pdf,data/raw/image_anomaly/anomalous/mitra/files/jpg/met_703714_primary_000/971a1bd5bee41779f8d5/met_703714_primary_000__marker_pdf_002__001.165ffb96..jpg..pdf,217205,62,2,1,0,0,0.22580645161290322,document,0,0,0,0,0,1,0,1,0,0,5,7.893222975624484,5.072845754531357,0.41970028314265323,0.02285858981146843,256,17,0,0,0,0,0,0,0,0,0,0,0,0.0,0
1,mitra,image_anomaly_mitra,2035,met_703714_primary_000__marker_pdf_001__001.f27658d6..jpg..pdf,data/raw/image_anomaly/anomalous/mitra/files/jpg/met_703714_primary_000/9fa15166201deecc8a02/met_703714_primary_000__marker_pdf_001__001.f27658d6..jpg..pdf,215414,62,2,1,0,0,0.22580645161290322,document,0,0,0,0,0,1,0,1,0,0,5,7.895259820830465,5.250824256483538,0.41505194648444393,0.02304864122109055,256,17,0,0,0,0,0,0,0,0,0,0,0,0.0,0
1,mitra,image_anomaly_mitra,2036,met_703714_primary_000__marker_zip_001__001.1ed55315..jpg..zip,data/raw/image_anomaly/anomalous/mitra/files/jpg/met_703714_primary_000/aac74cd8757da364b57b/met_703714_primary_000__marker_zip_001__001.1ed55315..jpg..zip,213919,62,2,1,0,0,0.22580645161290322,archive,0,0,0,1,0,1,0,1,0,0,6,7.898191868903855,6.241554467429602,0.4094820936896676,0.02362109022573965,256,17,0,0,0,0,0,0,0,0,0,0,0,0.0,0
1,mitra,image_anomaly_mitra,2037,met_703714_primary_000__marker_zip_001__002.a0814e63..zip..jpg,data/raw/image_anomaly/anomalous/mitra/files/jpg/met_703714_primary_000/aac74cd8757da364b57b/met_703714_primary_000__marker_zip_001__002.a0814e63..zip..jpg,213915,62,2,1,0,0,0.22580645161290322,image,0,0,0,1,0,1,1,0,0,0,6,7.898191519349148,6.4010484749184196,0.4094850758478835,0.023621531916882873,256,17,0,0,0,0,0,0,0,2,0,0,0,0.01003669681882991,0
1,mitra,image_anomaly_mitra,2038,met_703767_primary_000__marker_zip_001__001.8704c133..jpg..zip,data/raw/image_anomaly/anomalous/mitra/files/jpg/met_703767_primary_000/047e51f0fe5c68fbc8a4/met_703767_primary_000__marker_zip_001__001.8704c133..jpg..zip,195630,62,2,1,0,0,0.22580645161290322,archive,0,0,0,1,0,1,0,1,0,0,4,7.897580740379061,6.244365439393932,0.4171394980319992,0.01860144149670296,256,17,0,0,0,0,0,0,0,0,0,0,0,0.0,0
1,mitra,image_anomaly_mitra,2039,met_703767_primary_000__marker_zip_001__002.fe96e0cd..zip..jpg,data/raw/image_anomaly/anomalous/mitra/files/jpg/met_703767_primary_000/047e51f0fe5c68fbc8a4/met_703767_primary_000__marker_zip_001__002.fe96e0cd..zip..jpg,195626,62,2,1,0,0,0.22580645161290322,image,0,0,0,1,0,1,1,0,0,0,4,7.897576144982647,6.426403563778851,0.4171429155633709,0.018601821843722204,256,17,0,0,0,0,0,0,0,2,0,0,0,0.010975023769846545,0
1,mitra,image_anomaly_mitra,2040,met_703767_primary_000__marker_pdf_002__001.27067fd9..jpg..pdf,data/raw/image_anomaly/anomalous/mitra/files/jpg/met_703767_primary_000/71de2f551a68356662f7/met_703767_primary_000__marker_pdf_002__001.27067fd9..jpg..pdf,198916,62,2,1,0,0,0.22580645161290322,document,0,0,0,0,0,1,0,1,0,0,3,7.891345985422219,5.072845754531357,0.4281706851133142,0.017851756520340243,256,17,0,0,0,0,0,0,0,0,0,0,0,0.0,0
1,mitra,image_anomaly_mitra,2041,met_703767_primary_000__marker_pdf_001__001.1193d779..jpg..pdf,data/raw/image_anomaly/anomalous/mitra/files/jpg/met_703767_primary_000/b48f026927cf547af07a/met_703767_primary_000__marker_pdf_001__001.1193d779..jpg..pdf,197125,62,2,1,0,0,0.22580645161290322,document,0,0,0,0,0,1,0,1,0,0,3,7.893674477529136,5.250824256483538,0.4231680405833862,0.018013950538998097,256,17,0,0,0,0,0,0,0,0,0,0,0,0.0,0
1,mitra,image_anomaly_mitra,2042,met_703767_primary_000__marker_zip_002__001.d8413f3f..jpg..zip,data/raw/image_anomaly/anomalous/mitra/files/jpg/met_703767_primary_000/f858abd87652636bfabd/met_703767_primary_000__marker_zip_002__001.d8413f3f..jpg..zip,228116,62,2,1,0,0,0.22580645161290322,archive,0,0,0,1,0,1,0,1,0,0,4,7.921540269726224,7.988340858219542,0.4109093619035929,0.01653106314331305,256,17,0,0,0,0,0,0,0,0,0,0,0,0.0,0
1,mitra,image_anomaly_mitra,2043,met_703767_primary_000__marker_zip_002__002.79340d1c..zip..jpg,data/raw/image_anomaly/anomalous/mitra/files/jpg/met_703767_primary_000/f858abd87652636bfabd/met_703767_primary_000__marker_zip_002__002.79340d1c..zip..jpg,228112,62,2,1,0,0,0.22580645161290322,image,0,0,0,1,0,1,1,0,0,0,4,7.921538112995116,6.426403563778851,0.41091218348881253,0.016531353019569334,256,17,0,0,0,0,0,0,0,2,0,0,0,0.14408273128989268,0
1,mitra,image_anomaly_mitra,2044,met_704540_primary_000__marker_pdf_002__001.b166dc65..jpg..pdf,data/raw/image_anomaly/anomalous/mitra/files/jpg/met_704540_primary_000/5f3feddf7f079028bf89/met_704540_primary_000__marker_pdf_002__001.b166dc65..jpg..pdf,3267731,62,2,1,0,0,0.22580645161290322,document,0,0,0,0,0,1,0,1,0,0,51,7.983245618024346,5.072845754531357,0.3761463229378428,0.00861331608997191,256,14,0,0,1,0,0,0,1,0,0,0,0,0.0,0
1,mitra,image_anomaly_mitra,2045,met_704540_primary_000__marker_zip_002__001.6899ca8d..jpg..zip,data/raw/image_anomaly/anomalous/mitra/files/jpg/met_704540_primary_000/7c2baa2baddee0546172/met_704540_primary_000__marker_zip_002__001.6899ca8d..jpg..zip,3296931,62,2,1,0,0,0.22580645161290322,archive,0,0,0,1,0,1,0,1,0,0,52,7.983536507084445,7.988340858219542,0.3754127702399595,0.008603759071694252,256,14,0,0,1,0,0,0,1,0,0,0,0,0.0,0
1,mitra,image_anomaly_mitra,2046,met_704540_primary_000__marker_zip_002__002.6fc75749..zip..jpg,data/raw/image_anomaly/anomalous/mitra/files/jpg/met_704540_primary_000/7c2baa2baddee0546172/met_704540_primary_000__marker_zip_002__002.6fc75749..zip..jpg,3296927,62,2,1,0,0,0.22580645161290322,image,0,0,0,1,0,1,1,0,0,0,52,7.983536399523345,6.376388531685527,0.3754129223971292,0.008603769510213601,256,14,0,0,1,0,0,0,1,2,0,0,0,0.009968980204899896,0
1,mitra,image_anomaly_mitra,2047,met_704540_primary_000__marker_pdf_001__001.65b89e91..jpg..pdf,data/raw/image_anomaly/anomalous/mitra/files/jpg/met_704540_primary_000/8475ab594d087ba6a3a4/met_704540_primary_000__marker_pdf_001__001.65b89e91..jpg..pdf,3265940,62,2,1,0,0,0.22580645161290322,document,0,0,0,0,0,1,0,1,0,0,51,7.983250444002498,5.250824256483538,0.3758158447491381,0.008618039523077582,256,14,0,0,1,0,0,0,1,0,0,0,0,0.0,0
1,mitra,image_anomaly_mitra,2048,met_704540_primary_000__marker_zip_001__001.b6e7c7f7..jpg..zip,data/raw/image_anomaly/anomalous/mitra/files/jpg/met_704540_primary_000/d0750ed16f62c49847f4/met_704540_primary_000__marker_zip_001__001.b6e7c7f7..jpg..zip,3264445,62,2,1,0,0,0.22580645161290322,archive,0,0,0,1,0,1,0,1,0,0,52,7.983217497656032,6.210369448660308,0.3754328836907958,0.008648943388539247,256,14,0,0,1,0,0,0,1,0,0,0,0,0.0,0
1,mitra,image_anomaly_mitra,2049,met_704540_primary_000__marker_zip_001__002.b3a1d0a3..zip..jpg,data/raw/image_anomaly/anomalous/mitra/files/jpg/met_704540_primary_000/d0750ed16f62c49847f4/met_704540_primary_000__marker_zip_001__002.b3a1d0a3..zip..jpg,3264441,62,2,1,0,0,0.22580645161290322,image,0,0,0,1,0,1,1,0,0,0,52,7.983217218070674,6.376388531685527,0.3754330373867992,0.008648953986302709,256,14,0,0,1,0,0,0,1,2,0,0,0,0.000657693001650206,0
1,mitra,image_anomaly_mitra,2050,met_707908_primary_000__marker_pdf_001__001.20c5d4ac..jpg..pdf,data/raw/image_anomaly/anomalous/mitra/files/jpg/met_707908_primary_000/1e6c8fa3a834cd3b76fa/met_707908_primary_000__marker_pdf_001__001.20c5d4ac..jpg..pdf,4404911,62,2,1,0,0,0.22580645161290322,document,0,0,0,0,0,1,0,1,0,0,98,7.970645804601705,5.250824256483538,0.3798962112968911,0.0093343543149907,256,26,0,0,0,0,0,0,0,0,0,0,0,0.0,0
1,mitra,image_anomaly_mitra,2051,met_707908_primary_000__marker_zip_001__001.09a6fd63..jpg..zip,data/raw/image_anomaly/anomalous/mitra/files/jpg/met_707908_primary_000/26d836f0a03c9219e7a0/met_707908_primary_000__marker_zip_001__001.09a6fd63..jpg..zip,4403416,62,2,1,0,0,0.22580645161290322,archive,0,0,0,1,0,1,0,1,0,0,99,7.970638416724841,5.421217940941207,0.3796136908254864,0.009357507898413414,256,26,0,0,0,0,0,0,0,0,0,0,0,0.0,0
1,mitra,image_anomaly_mitra,2052,met_707908_primary_000__marker_pdf_002__001.d10acf7d..jpg..pdf,data/raw/image_anomaly/anomalous/mitra/files/jpg/met_707908_primary_000/7147efe46d2d4037a162/met_707908_primary_000__marker_pdf_002__001.d10acf7d..jpg..pdf,4406702,62,2,1,0,0,0.22580645161290322,document,0,0,0,0,0,1,0,1,0,0,98,7.970638731561809,5.072845754531357,0.38013961461428525,0.009330560587033115,256,26,0,0,0,0,0,0,0,0,0,0,0,0.0,0
1,mitra,image_anomaly_mitra,2053,met_707908_primary_000__marker_zip_002__001.d1bd93f2..jpg..zip,data/raw/image_anomaly/anomalous/mitra/files/jpg/met_707908_primary_000/9a3dda3792ba378b7abe/met_707908_primary_000__marker_zip_002__001.d1bd93f2..jpg..zip,4435902,62,2,1,0,0,0.22580645161290322,archive,0,0,0,1,0,1,0,1,0,0,99,7.9710563819389,7.988340858219542,0.37956812391256617,0.009318736076676175,256,26,0,0,0,0,0,0,0,0,0,0,0,0.0,0
1,mitra,image_anomaly_mitra,2054,met_712912_primary_000__marker_pdf_002__001.3e3728f6..jpg..pdf,data/raw/image_anomaly/anomalous/mitra/files/jpg/met_712912_primary_000/224f887ce18df4234a7c/met_712912_primary_000__marker_pdf_002__001.3e3728f6..jpg..pdf,150690,62,2,1,0,0,0.22580645161290322,document,0,0,0,0,0,1,0,1,0,0,4,7.884271091624469,5.072845754531357,0.4456035569712655,0.01889972791824275,256,15,0,0,0,0,0,0,0,0,0,0,0,0.0,0
1,mitra,image_anomaly_mitra,2055,met_712912_primary_000__marker_zip_002__001.b496e40c..jpg..zip,data/raw/image_anomaly/anomalous/mitra/files/jpg/met_712912_primary_000/4372b1b88ab78294b520/met_712912_primary_000__marker_zip_002__001.b496e40c..jpg..zip,179890,62,2,1,0,0,0.22580645161290322,archive,0,0,0,1,0,1,0,1,0,0,5,7.924775637497289,7.988340858219542,0.4208849852687754,0.017054866863082996,256,15,0,0,0,0,0,0,0,0,0,0,0,0.0,0
1,mitra,image_anomaly_mitra,2056,met_712912_primary_000__marker_zip_002__002.99c0776f..zip..jpg,data/raw/image_anomaly/anomalous/mitra/files/jpg/met_712912_primary_000/4372b1b88ab78294b520/met_712912_primary_000__marker_zip_002__002.99c0776f..zip..jpg,179886,62,2,1,0,0,0.22580645161290322,image,0,0,0,1,0,1,1,0,0,0,5,7.924773786089013,6.4229382765657705,0.42088878511946454,0.017055246100307973,256,15,0,0,0,0,0,0,0,2,0,0,0,0.18271016087966824,0
1,mitra,image_anomaly_mitra,2057,met_712912_primary_000__marker_zip_001__001.b4d49527..jpg..zip,data/raw/image_anomaly/anomalous/mitra/files/jpg/met_712912_primary_000/90fa67f630966af21896/met_712912_primary_000__marker_zip_001__001.b4d49527..jpg..zip,147404,62,2,1,0,0,0.22580645161290322,archive,0,0,0,1,0,1,0,1,0,0,5,7.894301775915872,6.228030176224372,0.4313519307481479,0.019918048356896693,256,15,0,0,0,0,0,0,0,0,0,0,0,0.0,0
1,mitra,image_anomaly_mitra,2058,met_712912_primary_000__marker_zip_001__002.3f38d411..zip..jpg,data/raw/image_anomaly/anomalous/mitra/files/jpg/met_712912_primary_000/90fa67f630966af21896/met_712912_primary_000__marker_zip_001__002.3f38d411..zip..jpg,147400,62,2,1,0,0,0.22580645161290322,image,0,0,0,1,0,1,1,0,0,0,5,7.894295837117935,6.4229382765657705,0.43135685210312075,0.019918588873812756,256,15,0,0,0,0,0,0,0,2,0,0,0,0.014565807327001357,0
1,mitra,image_anomaly_mitra,2059,met_712912_primary_000__marker_pdf_001__001.d67e5549..jpg..pdf,data/raw/image_anomaly/anomalous/mitra/files/jpg/met_712912_primary_000/f9e91f41528654905fde/met_712912_primary_000__marker_pdf_001__001.d67e5549..jpg..pdf,148899,62,2,1,0,0,0.22580645161290322,document,0,0,0,0,0,1,0,1,0,0,4,7.888286062085354,5.250824256483538,0.4391903236422004,0.019127059281795044,256,15,0,0,0,0,0,0,0,0,0,0,0,0.0,0
1,mitra,image_anomaly_mitra,2060,met_713471_primary_000__marker_zip_001__001.82d94692..jpg..zip,data/raw/image_anomaly/anomalous/mitra/files/jpg/met_713471_primary_000/05660ea0796ebee5a9a8/met_713471_primary_000__marker_zip_001__001.82d94692..jpg..zip,281281,62,2,1,0,0,0.22580645161290322,archive,0,0,0,1,0,1,0,1,0,0,7,7.921883490490188,6.261855977600188,0.4116808458445469,0.020221771111450827,256,24,1,0,0,0,0,0,0,0,0,0,0,0.0,0
1,mitra,image_anomaly_mitra,2061,met_713471_primary_000__marker_zip_001__002.7b2c9484..zip..jpg,data/raw/image_anomaly/anomalous/mitra/files/jpg/met_713471_primary_000/05660ea0796ebee5a9a8/met_713471_primary_000__marker_zip_001__002.7b2c9484..zip..jpg,281277,62,2,1,0,0,0.22580645161290322,image,0,0,0,1,0,1,1,0,0,0,7,7.92188158455017,6.43618346305324,0.4116831450847385,0.020222058682366494,256,24,1,0,0,0,0,0,0,2,0,0,0,0.007633045005457254,0
1,mitra,image_anomaly_mitra,2062,met_713471_primary_000__marker_zip_002__001.77354151..jpg..zip,data/raw/image_anomaly/anomalous/mitra/files/jpg/met_713471_primary_000/42b30594619cdc19881a/met_713471_primary_000__marker_zip_002__001.77354151..jpg..zip,313767,62,2,1,0,0,0.22580645161290322,archive,0,0,0,1,0,1,0,1,0,0,7,7.935469028742777,7.988340858219542,0.4077165540034484,0.018548795762460678,256,24,1,0,0,0,0,0,0,0,0,0,0,0.0,0
1,mitra,image_anomaly_mitra,2063,met_713471_primary_000__marker_zip_002__002.126ca5dd..zip..jpg,data/raw/image_anomaly/anomalous/mitra/files/jpg/met_713471_primary_000/42b30594619cdc19881a/met_713471_primary_000__marker_zip_002__002.126ca5dd..zip..jpg,313763,62,2,1,0,0,0.22580645161290322,image,0,0,0,1,0,1,1,0,0,0,7,7.935464508307984,6.43618346305324,0.40771856464911416,0.01854903223133384,256,24,1,0,0,0,0,0,0,2,0,0,0,0.10475103820399473,0
1,mitra,image_anomaly_mitra,2064,met_713471_primary_000__marker_pdf_001__001.f3ba7a4b..jpg..pdf,data/raw/image_anomaly/anomalous/mitra/files/jpg/met_713471_primary_000/61678c0c6809bd7d19d1/met_713471_primary_000__marker_pdf_001__001.f3ba7a4b..jpg..pdf,282776,62,2,1,0,0,0.22580645161290322,document,0,0,0,0,0,1,0,1,0,0,6,7.91972876734472,5.250824256483538,0.4159122414914986,0.019803660848162503,256,24,1,0,0,0,0,0,0,0,0,0,0,0.0,0
1,mitra,image_anomaly_mitra,2065,met_713471_primary_000__marker_pdf_002__001.0e18e9b0..jpg..pdf,data/raw/image_anomaly/anomalous/mitra/files/jpg/met_713471_primary_000/a04d60fe717eda189295/met_713471_primary_000__marker_pdf_002__001.0e18e9b0..jpg..pdf,284567,62,2,1,0,0,0.22580645161290322,document,0,0,0,0,0,1,0,1,0,0,6,7.918126370501243,5.072845754531357,0.41945482083305513,0.019679021109264252,256,24,1,0,0,0,0,0,0,0,0,0,0,0.0,0
1,mitra,image_anomaly_mitra,2066,met_715362_primary_000__marker_pdf_001__001.5ff3b895..jpg..pdf,data/raw/image_anomaly/anomalous/mitra/files/jpg/met_715362_primary_000/2eb29be4ea6a46896edf/met_715362_primary_000__marker_pdf_001__001.5ff3b895..jpg..pdf,156269,62,2,1,0,0,0.22580645161290322,document,0,0,0,0,0,1,0,1,0,0,4,7.8872164071933915,5.250824256483538,0.4346095514785402,0.019869583858602793,256,15,0,0,0,0,0,0,0,0,0,0,0,0.0,0
1,mitra,image_anomaly_mitra,2067,met_715362_primary_000__marker_zip_002__001.b0128a86..jpg..zip,data/raw/image_anomaly/anomalous/mitra/files/jpg/met_715362_primary_000/40e68ec07de0bfcf861e/met_715362_primary_000__marker_zip_002__001.b0128a86..jpg..zip,187260,62,2,1,0,0,0.22580645161290322,archive,0,0,0,1,0,1,0,1,0,0,5,7.922756393149069,7.988340858219542,0.41778276193527714,0.01775606109153049,256,15,0,0,0,0,0,0,0,0,0,0,0,0.0,0
1,mitra,image_anomaly_mitra,2068,met_715362_primary_000__marker_zip_002__002.57b63dd4..zip..jpg,data/raw/image_anomaly/anomalous/mitra/files/jpg/met_715362_primary_000/40e68ec07de0bfcf861e/met_715362_primary_000__marker_zip_002__002.57b63dd4..zip..jpg,187256,62,2,1,0,0,0.22580645161290322,image,0,0,0,1,0,1,1,0,0,0,5,7.922756490701499,6.38381409642328,0.4177863459648823,0.01775644038108258,256,15,0,0,0,0,0,0,0,2,0,0,0,0.17551907549023796,0
1,mitra,image_anomaly_mitra,2069,met_715362_primary_000__marker_zip_001__001.0b1ec597..jpg..zip,data/raw/image_anomaly/anomalous/mitra/files/jpg/met_715362_primary_000/8658d33f9975c3391972/met_715362_primary_000__marker_zip_001__001.0b1ec597..jpg..zip,154774,62,2,1,0,0,0.22580645161290322,archive,0,0,0,1,0,1,0,1,0,0,5,7.8929188613596635,6.2033840328511625,0.4271001589414243,0.020630079987594814,256,15,0,0,0,0,0,0,0,0,0,0,0,0.0,0
1,mitra,image_anomaly_mitra,2070,met_715362_primary_000__marker_zip_001__002.25a6abba..zip..jpg,data/raw/image_anomaly/anomalous/mitra/files/jpg/met_715362_primary_000/8658d33f9975c3391972/met_715362_primary_000__marker_zip_001__002.25a6abba..zip..jpg,154770,62,2,1,0,0,0.22580645161290322,image,0,0,0,1,0,1,1,0,0,0,5,7.892914217015942,6.38381409642328,0.42710473605995997,0.020630613167926602,256,15,0,0,0,0,0,0,0,2,0,0,0,0.013872197454287007,0
1,mitra,image_anomaly_mitra,2071,met_715362_primary_000__marker_pdf_002__001.52319d86..jpg..pdf,data/raw/image_anomaly/anomalous/mitra/files/jpg/met_715362_primary_000/e6316c09d29b632f9fae/met_715362_primary_000__marker_pdf_002__001.52319d86..jpg..pdf,158060,62,2,1,0,0,0.22580645161290322,document,0,0,0,0,0,1,0,1,0,0,4,7.883461828261437,5.072845754531357,0.4407756548146274,0.019644438820701,256,15,0,0,0,0,0,0,0,0,0,0,0,0.0,0
1,mitra,image_anomaly_mitra,2072,met_71997_primary_000__marker_pdf_001__001.160a843e..jpg..pdf,data/raw/image_anomaly/anomalous/mitra/files/jpg/met_71997_primary_000/273873d6ebf48c2fa001/met_71997_primary_000__marker_pdf_001__001.160a843e..jpg..pdf,92578,61,2,1,0,0,0.22950819672131148,document,0,0,0,0,0,1,0,1,0,0,3,7.858505597208252,5.250824256483538,0.4032275486616691,0.016310570545918036,256,6,0,1,0,0,0,1,1,0,0,0,0,0.0,0
1,mitra,image_anomaly_mitra,2073,met_71997_primary_000__marker_pdf_002__001.3f64b0f9..jpg..pdf,data/raw/image_anomaly/anomalous/mitra/files/jpg/met_71997_primary_000/31d97dd7be68d986fecf/met_71997_primary_000__marker_pdf_002__001.3f64b0f9..jpg..pdf,94369,61,2,1,0,0,0.22950819672131148,document,0,0,0,0,0,1,0,1,0,0,3,7.856224239041947,5.072845754531357,0.41415083343046977,0.016001017283218007,256,6,0,1,0,0,0,1,1,0,0,0,0,0.0,0
1,mitra,image_anomaly_mitra,2074,met_71997_primary_000__marker_zip_001__001.447c6e64..jpg..zip,data/raw/image_anomaly/anomalous/mitra/files/jpg/met_71997_primary_000/6ae1fcfe76db1db11e66/met_71997_primary_000__marker_zip_001__001.447c6e64..jpg..zip,91083,61,2,1,0,0,0.22950819672131148,archive,0,0,0,1,0,1,0,1,0,0,4,7.861776452479969,3.470524595254358,0.3899520217823304,0.017544437491079565,256,6,0,1,0,0,0,1,1,0,0,0,0,0.0,0
1,mitra,image_anomaly_mitra,2075,met_71997_primary_000__marker_zip_001__002.1b4cc465..zip..jpg,data/raw/image_anomaly/anomalous/mitra/files/jpg/met_71997_primary_000/6ae1fcfe76db1db11e66/met_71997_primary_000__marker_zip_001__002.1b4cc465..zip..jpg,91079,61,2,1,0,0,0.22950819672131148,image,0,0,0,1,0,1,1,0,0,0,4,7.861755833838797,3.486129139354755,0.38995816818366474,0.017545208006236344,256,6,0,1,0,0,0,1,1,2,0,0,0,0.02357294217108225,0
1,mitra,image_anomaly_mitra,2076,met_71997_primary_000__marker_zip_002__001.e0ea93a2..jpg..zip,data/raw/image_anomaly/anomalous/mitra/files/jpg/met_71997_primary_000/800fd7432001c7a7044e/met_71997_primary_000__marker_zip_002__001.e0ea93a2..jpg..zip,123569,61,2,1,0,0,0.22950819672131148,archive,0,0,0,1,0,1,0,1,0,0,4,7.917903116192829,7.988340858219542,0.38559832967815555,0.01400027514991624,256,6,0,1,0,0,0,1,1,0,0,0,0,0.0,0
1,mitra,image_anomaly_mitra,2077,met_71997_primary_000__marker_zip_002__002.8d9cdae2..zip..jpg,data/raw/image_anomaly/anomalous/mitra/files/jpg/met_71997_primary_000/800fd7432001c7a7044e/met_71997_primary_000__marker_zip_002__002.8d9cdae2..zip..jpg,123565,61,2,1,0,0,0.22950819672131148,image,0,0,0,1,0,1,1,0,0,0,4,7.91789598074119,3.486129139354755,0.38560271921660666,0.014000728361591065,256,6,0,1,0,0,0,1,1,2,0,0,0,0.26598956015052805,0
1,mitra,image_anomaly_mitra,2078,met_721371_primary_000__marker_pdf_002__001.0280273b..jpg..pdf,data/raw/image_anomaly/anomalous/mitra/files/jpg/met_721371_primary_000/408aa4a37bfc5e118d66/met_721371_primary_000__marker_pdf_002__001.0280273b..jpg..pdf,224198,62,2,1,0,0,0.22580645161290322,document,0,0,0,0,0,1,0,1,0,0,5,7.912920585897325,5.072845754531357,0.41360315435463296,0.01698944682825003,256,17,0,0,0,0,0,0,0,0,0,0,0,0.0,0
1,mitra,image_anomaly_mitra,2079,met_721371_primary_000__marker_pdf_001__001.a78c8e01..jpg..pdf,data/raw/image_anomaly/anomalous/mitra/files/jpg/met_721371_primary_000/5f1a7879c1b54968ee5a/met_721371_primary_000__marker_pdf_001__001.a78c8e01..jpg..pdf,222407,62,2,1,0,0,0.22580645161290322,document,0,0,0,0,0,1,0,1,0,0,5,7.914655535574034,5.250824256483538,0.4090518733672951,0.0171262595152131,256,17,0,0,0,0,0,0,0,0,0,0,0,0.0,0
1,mitra,image_anomaly_mitra,2080,met_721371_primary_000__marker_zip_002__001.38124032..jpg..zip,data/raw/image_anomaly/anomalous/mitra/files/jpg/met_721371_primary_000/6e2132a364c218f20860/met_721371_primary_000__marker_zip_002__001.38124032..jpg..zip,253398,62,2,1,0,0,0.22580645161290322,archive,0,0,0,1,0,1,0,1,0,0,6,7.935060371519813,7.988340858219542,0.3997426972588576,0.015899888712618094,256,17,0,0,0,0,0,0,0,0,0,0,0,0.0,0
1,mitra,image_anomaly_mitra,2081,met_721371_primary_000__marker_zip_002__002.520431c8..zip..jpg,data/raw/image_anomaly/anomalous/mitra/files/jpg/met_721371_primary_000/6e2132a364c218f20860/met_721371_primary_000__marker_zip_002__002.520431c8..zip..jpg,253394,62,2,1,0,0,0.22580645161290322,image,0,0,0,1,0,1,1,0,0,0,6,7.935059827575552,6.424592742538165,0.3997450610511693,0.01590013970338682,256,17,0,0,0,0,0,0,0,2,0,0,0,0.1297070964584797,0
1,mitra,image_anomaly_mitra,2082,met_721371_primary_000__marker_zip_001__001.a0a94024..jpg..zip,data/raw/image_anomaly/anomalous/mitra/files/jpg/met_721371_primary_000/d526a8c3a21f04dc394c/met_721371_primary_000__marker_zip_001__001.a0a94024..jpg..zip,220912,62,2,1,0,0,0.22580645161290322,archive,0,0,0,1,0,1,0,1,0,0,6,7.917557357082481,6.253725294469137,0.40361773013688707,0.017640508437748968,256,17,0,0,0,0,0,0,0,0,0,0,0,0.0,0
1,mitra,image_anomaly_mitra,2083,met_721371_primary_000__marker_zip_001__002.2090e54a..zip..jpg,data/raw/image_anomaly/anomalous/mitra/files/jpg/met_721371_primary_000/d526a8c3a21f04dc394c/met_721371_primary_000__marker_zip_001__002.2090e54a..zip..jpg,220908,62,2,1,0,0,0.22580645161290322,image,0,0,0,1,0,1,1,0,0,0,6,7.91755696761119,6.424592742538165,0.40362051170623064,0.01764082785594003,256,17,0,0,0,0,0,0,0,2,0,0,0,0.009718978036105528,0
1,mitra,image_anomaly_mitra,2084,met_721395_primary_000__marker_zip_002__001.ab6e975b..jpg..zip,data/raw/image_anomaly/anomalous/mitra/files/jpg/met_721395_primary_000/1730f541ce916d03e299/met_721395_primary_000__marker_zip_002__001.ab6e975b..jpg..zip,242451,62,2,1,0,0,0.22580645161290322,archive,0,0,0,1,0,1,0,1,0,0,6,7.931932757336421,7.988340858219542,0.40907647318427226,0.018680063188025623,256,17,0,0,0,0,0,0,0,0,0,0,0,0.0,0
1,mitra,image_anomaly_mitra,2085,met_721395_primary_000__marker_zip_002__002.f78cd1d7..zip..jpg,data/raw/image_anomaly/anomalous/mitra/files/jpg/met_721395_primary_000/1730f541ce916d03e299/met_721395_primary_000__marker_zip_002__002.f78cd1d7..zip..jpg,242447,62,2,1,0,0,0.22580645161290322,image,0,0,0,1,0,1,1,0,0,0,6,7.931928177374411,6.407458189847872,0.40907909769970346,0.01868037138013669,256,17,0,0,0,0,0,0,0,2,0,0,0,0.13556364896245365,0
1,mitra,image_anomaly_mitra,2086,met_721395_primary_000__marker_pdf_001__001.e2c6fea9..jpg..pdf,data/raw/image_anomaly/anomalous/mitra/files/jpg/met_721395_primary_000/29c024f0ba005b2640f0/met_721395_primary_000__marker_pdf_001__001.e2c6fea9..jpg..pdf,211460,62,2,1,0,0,0.22580645161290322,document,0,0,0,0,0,1,0,1,0,0,5,7.909410712262992,5.250824256483538,0.4202355055329613,0.020377376335950062,256,17,0,0,0,0,0,0,0,0,0,0,0,0.0,0
1,mitra,image_anomaly_mitra,2087,met_721395_primary_000__marker_pdf_002__001.13ebad3d..jpg..pdf,data/raw/image_anomaly/anomalous/mitra/files/jpg/met_721395_primary_000/692565a87c0c0faf17f5/met_721395_primary_000__marker_pdf_002__001.13ebad3d..jpg..pdf,213251,62,2,1,0,0,0.22580645161290322,document,0,0,0,0,0,1,0,1,0,0,5,7.907066249521842,5.072845754531357,0.4249264950691908,0.0202062358441461,256,17,0,0,0,0,0,0,0,0,0,0,0,0.0,0
1,mitra,image_anomaly_mitra,2088,met_721395_primary_000__marker_zip_001__001.735dc07b..jpg..zip,data/raw/image_anomaly/anomalous/mitra/files/jpg/met_721395_primary_000/d7a14877b0b907f0717c/met_721395_primary_000__marker_zip_001__001.735dc07b..jpg..zip,209965,62,2,1,0,0,0.22580645161290322,archive,0,0,0,1,0,1,0,1,0,0,6,7.912790229805712,6.238208560222191,0.4145976710404115,0.02094158550234563,256,17,0,0,0,0,0,0,0,0,0,0,0,0.0,0
1,mitra,image_anomaly_mitra,2089,met_721395_primary_000__marker_zip_001__002.7a50cc1e..zip..jpg,data/raw/image_anomaly/anomalous/mitra/files/jpg/met_721395_primary_000/d7a14877b0b907f0717c/met_721395_primary_000__marker_zip_001__002.7a50cc1e..zip..jpg,209961,62,2,1,0,0,0.22580645161290322,image,0,0,0,1,0,1,1,0,0,0,6,7.912788958895399,6.407458189847872,0.414600806816504,0.020941984463781368,256,17,0,0,0,0,0,0,0,2,0,0,0,0.01022570858397512,0
1,mitra,image_anomaly_mitra,2090,met_726554_primary_000__marker_zip_002__001.6ad99dd3..jpg..zip,data/raw/image_anomaly/anomalous/mitra/files/jpg/met_726554_primary_000/408ebace034d48fac8f4/met_726554_primary_000__marker_zip_002__001.6ad99dd3..jpg..zip,313976,62,2,1,0,0,0.22580645161290322,archive,0,0,0,1,0,1,0,1,0,0,6,7.959073481436415,7.988340858219542,0.4009765077585548,0.013599765587178637,256,15,0,2,0,0,0,2,2,0,0,0,0,0.0,0
1,mitra,image_anomaly_mitra,2091,met_726554_primary_000__marker_zip_002__002.8a4db7c1..zip..jpg,data/raw/image_anomaly/anomalous/mitra/files/jpg/met_726554_primary_000/408ebace034d48fac8f4/met_726554_primary_000__marker_zip_002__002.8a4db7c1..zip..jpg,313972,62,2,1,0,0,0.22580645161290322,image,0,0,0,1,0,1,1,0,0,0,6,7.959072348165153,6.395037240742477,0.4009784311976864,0.013599938848050145,256,15,0,2,0,0,0,2,2,2,0,0,0,0.1046813091613265,0
1,mitra,image_anomaly_mitra,2092,met_726554_primary_000__marker_pdf_002__001.b4d74cdf..jpg..pdf,data/raw/image_anomaly/anomalous/mitra/files/jpg/met_726554_primary_000/534ffadcf4fd71794518/met_726554_primary_000__marker_pdf_002__001.b4d74cdf..jpg..pdf,284776,62,2,1,0,0,0.22580645161290322,document,0,0,0,0,0,1,0,1,0,0,5,7.9467048587591975,5.072845754531357,0.4120150574486614,0.014221704076186196,256,15,0,2,0,0,0,2,2,0,0,0,0,0.0,0
1,mitra,image_anomaly_mitra,2093,met_726554_primary_000__marker_zip_001__001.caa85d76..jpg..zip,data/raw/image_anomaly/anomalous/mitra/files/jpg/met_726554_primary_000/a3ef8ef31ac924913c18/met_726554_primary_000__marker_zip_001__001.caa85d76..jpg..zip,281490,62,2,1,0,0,0.22580645161290322,archive,0,0,0,1,0,1,0,1,0,0,6,7.9502842851151465,6.217409344129725,0.40416000568403854,0.01470034459483463,256,15,0,2,0,0,0,2,2,0,0,0,0,0.0,0
1,mitra,image_anomaly_mitra,2094,met_726554_primary_000__marker_zip_001__002.055d9faf..zip..jpg,data/raw/image_anomaly/anomalous/mitra/files/jpg/met_726554_primary_000/a3ef8ef31ac924913c18/met_726554_primary_000__marker_zip_001__002.055d9faf..zip..jpg,281486,62,2,1,0,0,0.22580645161290322,image,0,0,0,1,0,1,1,0,0,0,6,7.950281248479037,6.395037240742477,0.40416219634369027,0.014700553491115011,256,15,0,2,0,0,0,2,2,2,0,0,0,0.007627377560518107,0
1,mitra,image_anomaly_mitra,2095,met_726554_primary_000__marker_pdf_001__001.9a7831bf..jpg..pdf,data/raw/image_anomaly/anomalous/mitra/files/jpg/met_726554_primary_000/b21797e17ea2054b0a9c/met_726554_primary_000__marker_pdf_001__001.9a7831bf..jpg..pdf,282985,62,2,1,0,0,0.22580645161290322,document,0,0,0,0,0,1,0,1,0,0,5,7.948246120492757,5.250824256483538,0.40842800855169004,0.014311712634945316,256,15,0,2,0,0,0,2,2,0,0,0,0,0.0,0
1,mitra,image_anomaly_mitra,2096,met_729060_primary_000__marker_zip_002__001.40e0d0c3..jpg..zip,data/raw/image_anomaly/anomalous/mitra/files/jpg/met_729060_primary_000/4c8eaedf6ed89f37112c/met_729060_primary_000__marker_zip_002__001.40e0d0c3..jpg..zip,391737,62,2,1,0,0,0.22580645161290322,archive,0,0,0,1,0,1,0,1,0,0,10,7.956154141983726,7.988340858219542,0.3972997189440875,0.015911185310552745,256,17,0,0,0,0,0,0,0,0,0,0,0,0.0,0
1,mitra,image_anomaly_mitra,2097,met_729060_primary_000__marker_zip_002__002.3055eab7..zip..jpg,data/raw/image_anomaly/anomalous/mitra/files/jpg/met_729060_primary_000/4c8eaedf6ed89f37112c/met_729060_primary_000__marker_zip_002__002.3055eab7..zip..jpg,391733,62,2,1,0,0,0.22580645161290322,image,0,0,0,1,0,1,1,0,0,0,10,7.956151692299933,6.434855033037059,0.3973012230269086,0.015911347780248282,256,17,0,0,0,0,0,0,0,2,0,0,0,0.08390153497407674,0
1,mitra,image_anomaly_mitra,2098,met_729060_primary_000__marker_zip_001__001.a183e726..jpg..zip,data/raw/image_anomaly/anomalous/mitra/files/jpg/met_729060_primary_000/d3b4665fdcb98a5f8a78/met_729060_primary_000__marker_zip_001__001.a183e726..jpg..zip,359251,62,2,1,0,0,0.22580645161290322,archive,0,0,0,1,0,1,0,1,0,0,10,7.948861590410438,6.261535681377149,0.39946165772677045,0.016982555372149277,256,17,0,0,0,0,0,0,0,0,0,0,0,0.0,0
1,mitra,image_anomaly_mitra,2099,met_729060_primary_000__marker_zip_001__002.977cd809..zip..jpg,data/raw/image_anomaly/anomalous/mitra/files/jpg/met_729060_primary_000/d3b4665fdcb98a5f8a78/met_729060_primary_000__marker_zip_001__002.977cd809..zip..jpg,359247,62,2,1,0,0,0.22580645161290322,image,0,0,0,1,0,1,1,0,0,0,10,7.948860584020891,6.434855033037059,0.39946332189273676,0.01698274446272342,256,17,0,0,0,0,0,0,0,2,0,0,0,0.005976389503600587,0
1,mitra,image_anomaly_mitra,2100,met_729060_primary_000__marker_pdf_001__001.4a970e3e..jpg..pdf,data/raw/image_anomaly/anomalous/mitra/files/jpg/met_729060_primary_000/d9e8cf098e290f22dfad/met_729060_primary_000__marker_pdf_001__001.4a970e3e..jpg..pdf,360746,62,2,1,0,0,0.22580645161290322,document,0,0,0,0,0,1,0,1,0,0,9,7.947617411417147,5.250824256483538,0.40282913739861287,0.016668237485654727,256,17,0,0,0,0,0,0,0,0,0,0,0,0.0,0
1,mitra,image_anomaly_mitra,2101,met_729060_primary_000__marker_pdf_002__001.6307206e..jpg..pdf,data/raw/image_anomaly/anomalous/mitra/files/jpg/met_729060_primary_000/ef496f25e093457012fb/met_729060_primary_000__marker_pdf_002__001.6307206e..jpg..pdf,362537,62,2,1,0,0,0.22580645161290322,document,0,0,0,0,0,1,0,1,0,0,9,7.946617928802409,5.072845754531357,0.4056744552969766,0.016585893301925045,256,17,0,0,0,0,0,0,0,0,0,0,0,0.0,0
1,mitra,image_anomaly_mitra,2102,met_733332_primary_000__marker_zip_002__001.798aaf43..jpg..zip,data/raw/image_anomaly/anomalous/mitra/files/jpg/met_733332_primary_000/3a3af5dbcabde61dad36/met_733332_primary_000__marker_zip_002__001.798aaf43..jpg..zip,386031,62,2,1,0,0,0.22580645161290322,archive,0,0,0,1,0,1,0,1,0,0,13,7.945921446982938,7.988340858219542,0.39597597084172,0.018073678020677095,256,17,0,0,0,0,0,0,0,0,0,0,0,0.0,0
1,mitra,image_anomaly_mitra,2103,met_733332_primary_000__marker_zip_002__002.072309de..zip..jpg,data/raw/image_anomaly/anomalous/mitra/files/jpg/met_733332_primary_000/3a3af5dbcabde61dad36/met_733332_primary_000__marker_zip_002__002.072309de..zip..jpg,386027,62,2,1,0,0,0.22580645161290322,image,0,0,0,1,0,1,1,0,0,0,13,7.94591839709815,6.401299658268454,0.3959774834402775,0.01807386529957749,256,17,0,0,0,0,0,0,0,2,0,0,0,0.08514171288536812,0
1,mitra,image_anomaly_mitra,2104,met_733332_primary_000__marker_zip_001__001.012d6708..jpg..zip,data/raw/image_anomaly/anomalous/mitra/files/jpg/met_733332_primary_000/b290c750e287b4070ea5/met_733332_primary_000__marker_zip_001__001.012d6708..jpg..zip,353545,62,2,1,0,0,0.22580645161290322,archive,0,0,0,1,0,1,0,1,0,0,13,7.936854456302299,6.249257194149369,0.3980511674610021,0.0193610431486798,256,17,0,0,0,0,0,0,0,0,0,0,0,0.0,0
1,mitra,image_anomaly_mitra,2105,met_733332_primary_000__marker_zip_001__002.cccab5cc..zip..jpg,data/raw/image_anomaly/anomalous/mitra/files/jpg/met_733332_primary_000/b290c750e287b4070ea5/met_733332_primary_000__marker_zip_001__002.cccab5cc..zip..jpg,353541,62,2,1,0,0,0.22580645161290322,image,0,0,0,1,0,1,1,0,0,0,13,7.936854476946511,6.401299658268454,0.39805284252745793,0.019361262201555124,256,17,0,0,0,0,0,0,0,2,0,0,0,0.006072845865118897,0
1,mitra,image_anomaly_mitra,2106,met_733332_primary_000__marker_pdf_002__001.1eeeec59..jpg..pdf,data/raw/image_anomaly/anomalous/mitra/files/jpg/met_733332_primary_000/db7e88172873cde145fa/met_733332_primary_000__marker_pdf_002__001.1eeeec59..jpg..pdf,356831,62,2,1,0,0,0.22580645161290322,document,0,0,0,0,0,1,0,1,0,0,12,7.934630631154217,5.072845754531357,0.4043763013863706,0.018936135033110913,256,17,0,0,0,0,0,0,0,0,0,0,0,0.0,0
1,mitra,image_anomaly_mitra,2107,met_733332_primary_000__marker_pdf_001__001.7db46192..jpg..pdf,data/raw/image_anomaly/anomalous/mitra/files/jpg/met_733332_primary_000/ef60bc7b3ff3925ec0b5/met_733332_primary_000__marker_pdf_001__001.7db46192..jpg..pdf,355040,62,2,1,0,0,0.22580645161290322,document,0,0,0,0,0,1,0,1,0,0,12,7.935635966146383,5.250824256483538,0.40147870662460566,0.019031658404686794,256,17,0,0,0,0,0,0,0,0,0,0,0,0.0,0
1,mitra,image_anomaly_mitra,2108,met_737236_primary_000__marker_zip_002__001.4263d71e..jpg..zip,data/raw/image_anomaly/anomalous/mitra/files/jpg/met_737236_primary_000/2a821a487668d433835d/met_737236_primary_000__marker_zip_002__001.4263d71e..jpg..zip,227869,62,2,1,0,0,0.22580645161290322,archive,0,0,0,1,0,1,0,1,0,0,6,7.92691037626229,7.988340858219542,0.4089937639608723,0.019577037683932434,256,17,0,0,0,0,0,0,0,0,0,0,0,0.0,0
1,mitra,image_anomaly_mitra,2109,met_737236_primary_000__marker_zip_002__002.5916fcaf..zip..jpg,data/raw/image_anomaly/anomalous/mitra/files/jpg/met_737236_primary_000/2a821a487668d433835d/met_737236_primary_000__marker_zip_002__002.5916fcaf..zip..jpg,227865,62,2,1,0,0,0.22580645161290322,image,0,0,0,1,0,1,1,0,0,0,6,7.926905522655983,6.401087981326552,0.408996554977728,0.019577381344216972,256,17,0,0,0,0,0,0,0,2,0,0,0,0.14423891339170122,0
1,mitra,image_anomaly_mitra,2110,met_737236_primary_000__marker_pdf_002__001.ea19bf9d..jpg..pdf,data/raw/image_anomaly/anomalous/mitra/files/jpg/met_737236_primary_000/4f7e3a4d97e212439ff1/met_737236_primary_000__marker_pdf_002__001.ea19bf9d..jpg..pdf,198669,62,2,1,0,0,0.22580645161290322,document,0,0,0,0,0,1,0,1,0,0,5,7.898804220514219,5.072845754531357,0.42599499670305885,0.02134706471568287,256,17,0,0,0,0,0,0,0,0,0,0,0,0.0,0
1,mitra,image_anomaly_mitra,2111,met_737236_primary_000__marker_pdf_001__001.3e5b2e75..jpg..pdf,data/raw/image_anomaly/anomalous/mitra/files/jpg/met_737236_primary_000/a0036986e417b3a89119/met_737236_primary_000__marker_pdf_001__001.3e5b2e75..jpg..pdf,196878,62,2,1,0,0,0.22580645161290322,document,0,0,0,0,0,1,0,1,0,0,5,7.901297718364906,5.250824256483538,0.4209662836883755,0.02154125905383029,256,17,0,0,0,0,0,0,0,0,0,0,0,0.0,0
1,mitra,image_anomaly_mitra,2112,met_737236_primary_000__marker_zip_001__001.031aeb4b..jpg..zip,data/raw/image_anomaly/anomalous/mitra/files/jpg/met_737236_primary_000/ff802b7fffb7b779f9c7/met_737236_primary_000__marker_zip_001__001.031aeb4b..jpg..zip,195383,62,2,1,0,0,0.22580645161290322,archive,0,0,0,1,0,1,0,1,0,0,6,7.904953054494927,6.2389983924015535,0.41491327290501223,0.0221564823961143,256,17,0,0,0,0,0,0,0,0,0,0,0,0.0,0
1,mitra,image_anomaly_mitra,2113,met_737236_primary_000__marker_zip_001__002.a3b03e14..zip..jpg,data/raw/image_anomaly/anomalous/mitra/files/jpg/met_737236_primary_000/ff802b7fffb7b779f9c7/met_737236_primary_000__marker_zip_001__002.a3b03e14..zip..jpg,195379,62,2,1,0,0,0.22580645161290322,image,0,0,0,1,0,1,1,0,0,0,6,7.904951635266604,6.401087981326552,0.41491664917928744,0.02215693600642853,256,17,0,0,0,0,0,0,0,2,0,0,0,0.010988898499838775,0
1,mitra,image_anomaly_mitra,2114,met_738940_primary_000__marker_pdf_002__001.94e71ede..jpg..pdf,data/raw/image_anomaly/anomalous/mitra/files/jpg/met_738940_primary_000/06ebbaf995e3ab29e697/met_738940_primary_000__marker_pdf_002__001.94e71ede..jpg..pdf,1515587,62,2,1,0,0,0.22580645161290322,document,0,0,0,0,0,1,0,1,0,0,40,7.9578864440272,5.072845754531357,0.3957608504163733,0.007511281107584058,256,17,0,0,0,0,0,0,0,0,0,0,0,0.0,0
1,mitra,image_anomaly_mitra,2115,met_738940_primary_000__marker_zip_002__001.194c7837..jpg..zip,data/raw/image_anomaly/anomalous/mitra/files/jpg/met_738940_primary_000/0a074a870b23274120e1/met_738940_primary_000__marker_zip_002__001.194c7837..jpg..zip,1544787,62,2,1,0,0,0.22580645161290322,archive,0,0,0,1,0,1,0,1,0,0,41,7.959693526785595,7.988340858219542,0.39382452079153957,0.007511715207339264,256,17,0,0,0,0,0,0,0,0,0,0,0,0.0,0
1,mitra,image_anomaly_mitra,2116,met_738940_primary_000__marker_zip_002__002.ba530342..zip..jpg,data/raw/image_anomaly/anomalous/mitra/files/jpg/met_738940_primary_000/0a074a870b23274120e1/met_738940_primary_000__marker_zip_002__002.ba530342..zip..jpg,1544783,62,2,1,0,0,0.22580645161290322,image,0,0,0,1,0,1,1,0,0,0,41,7.959692590207775,5.136572261523975,0.39382489320506503,0.0075117346578775146,256,17,0,0,0,0,0,0,0,2,0,0,0,0.0212761274560893,0
1,mitra,image_anomaly_mitra,2117,met_738940_primary_000__marker_zip_001__001.1f6d4d23..jpg..zip,data/raw/image_anomaly/anomalous/mitra/files/jpg/met_738940_primary_000/f8002e36529fe254ae84/met_738940_primary_000__marker_zip_001__001.1f6d4d23..jpg..zip,1512301,62,2,1,0,0,0.22580645161290322,archive,0,0,0,1,0,1,0,1,0,0,41,7.9579791467597865,5.125173163886668,0.39426344358695786,0.007585791452891984,256,17,0,0,0,0,0,0,0,0,0,0,0,0.0,0
1,mitra,image_anomaly_mitra,2118,met_738940_primary_000__marker_zip_001__002.ebc7809b..zip..jpg,data/raw/image_anomaly/anomalous/mitra/files/jpg/met_738940_primary_000/f8002e36529fe254ae84/met_738940_primary_000__marker_zip_001__002.ebc7809b..zip..jpg,1512297,62,2,1,0,0,0.22580645161290322,image,0,0,0,1,0,1,1,0,0,0,41,7.957977639905693,5.136572261523975,0.39426382516132746,0.0075858115171821405,256,17,0,0,0,0,0,0,0,2,0,0,0,0.0014196946763763995,0
1,mitra,image_anomaly_mitra,2119,met_738940_primary_000__marker_pdf_001__001.0e6c1f7a..jpg..pdf,data/raw/image_anomaly/anomalous/mitra/files/jpg/met_738940_primary_000/fcea44e60ffcb7b7e924/met_738940_primary_000__marker_pdf_001__001.0e6c1f7a..jpg..pdf,1513796,62,2,1,0,0,0.22580645161290322,document,0,0,0,0,0,1,0,1,0,0,40,7.957959782852773,5.250824256483538,0.39507106637882516,0.007520167842959025,256,17,0,0,0,0,0,0,0,0,0,0,0,0.0,0
1,mitra,image_anomaly_mitra,2120,met_739936_additional_001__marker_pdf_002__001.695dcb65..jpg..pdf,data/raw/image_anomaly/anomalous/mitra/files/jpg/met_739936_additional_001/37d0aed2be2f23a9eefa/met_739936_additional_001__marker_pdf_002__001.695dcb65..jpg..pdf,358166,65,2,1,0,0,0.2153846153846154,document,0,0,0,0,0,1,0,1,0,0,7,7.936955548261296,5.072845754531357,0.4075400791811618,0.01713451304702289,256,17,0,0,0,0,0,0,0,0,0,0,0,0.0,0
1,mitra,image_anomaly_mitra,2121,met_739936_additional_001__marker_zip_001__001.d6bea410..jpg..zip,data/raw/image_anomaly/anomalous/mitra/files/jpg/met_739936_additional_001/593cbb3030aa0abb151a/met_739936_additional_001__marker_zip_001__001.d6bea410..jpg..zip,354880,65,2,1,0,0,0.2153846153846154,archive,0,0,0,1,0,1,0,1,0,0,8,7.9394100284104825,6.245585886433778,0.4012680342651037,0.017541140667267807,256,17,0,0,0,0,0,0,0,0,0,0,0,0.0,0
1,mitra,image_anomaly_mitra,2122,met_739936_additional_001__marker_zip_001__002.38c45a7a..zip..jpg,data/raw/image_anomaly/anomalous/mitra/files/jpg/met_739936_additional_001/593cbb3030aa0abb151a/met_739936_additional_001__marker_zip_001__002.38c45a7a..zip..jpg,354876,65,2,1,0,0,0.2153846153846154,image,0,0,0,1,0,1,1,0,0,0,8,7.9394087445606285,6.4076240274651655,0.4012697392892165,0.017541338382984478,256,17,0,0,0,0,0,0,0,2,0,0,0,0.006050000563577137,0
1,mitra,image_anomaly_mitra,2123,met_739936_additional_001__marker_pdf_001__001.a57c5821..jpg..pdf,data/raw/image_anomaly/anomalous/mitra/files/jpg/met_739936_additional_001/65c5afb1f4a77ffac6fd/met_739936_additional_001__marker_pdf_001__001.a57c5821..jpg..pdf,356375,65,2,1,0,0,0.2153846153846154,document,0,0,0,0,0,1,0,1,0,0,7,7.938047609517831,5.250824256483538,0.40466923886355666,0.01722062434233602,256,17,0,0,0,0,0,0,0,0,0,0,0,0.0,0
1,mitra,image_anomaly_mitra,2124,met_739936_additional_001__marker_zip_002__001.42fd8ef4..jpg..zip,data/raw/image_anomaly/anomalous/mitra/files/jpg/met_739936_additional_001/7238c86f01b9b320613d/met_739936_additional_001__marker_zip_002__001.42fd8ef4..jpg..zip,387366,65,2,1,0,0,0.2153846153846154,archive,0,0,0,1,0,1,0,1,0,0,8,7.94813807024187,7.988340858219542,0.39893021070512125,0.01641083626337882,256,17,0,0,0,0,0,0,0,0,0,0,0,0.0,0
1,mitra,image_anomaly_mitra,2125,met_739936_additional_001__marker_zip_002__002.e2a39cb7..zip..jpg,data/raw/image_anomaly/anomalous/mitra/files/jpg/met_739936_additional_001/7238c86f01b9b320613d/met_739936_additional_001__marker_zip_002__002.e2a39cb7..zip..jpg,387362,65,2,1,0,0,0.2153846153846154,image,0,0,0,1,0,1,1,0,0,0,8,7.948134497968529,6.4076240274651655,0.39893174859691966,0.01641100572591013,256,17,0,0,0,0,0,0,0,2,0,0,0,0.08484828145249147,0
1,mitra,image_anomaly_mitra,2126,met_739936_primary_000__marker_pdf_001__001.f940d791..jpg..pdf,data/raw/image_anomaly/anomalous/mitra/files/jpg/met_739936_primary_000/3b1044aed5ada9353408/met_739936_primary_000__marker_pdf_001__001.f940d791..jpg..pdf,363511,62,2,1,0,0,0.22580645161290322,document,0,0,0,0,0,1,0,1,0,0,9,7.94036582557837,5.250824256483538,0.40052983265980946,0.017509786498895494,256,17,0,0,0,0,0,0,0,0,0,0,0,0.0,0
1,mitra,image_anomaly_mitra,2127,met_739936_primary_000__marker_zip_001__001.adbe597b..jpg..zip,data/raw/image_anomaly/anomalous/mitra/files/jpg/met_739936_primary_000/4f059086ad794293b756/met_739936_primary_000__marker_zip_001__001.adbe597b..jpg..zip,362016,62,2,1,0,0,0.22580645161290322,archive,0,0,0,1,0,1,0,1,0,0,10,7.941605841235659,6.24986330854347,0.3971785777424202,0.017825178997613364,256,17,0,0,0,0,0,0,0,0,0,0,0,0.0,0
1,mitra,image_anomaly_mitra,2128,met_739936_primary_000__marker_zip_001__002.5961ccf5..zip..jpg,data/raw/image_anomaly/anomalous/mitra/files/jpg/met_739936_primary_000/4f059086ad794293b756/met_739936_primary_000__marker_zip_001__002.5961ccf5..zip..jpg,362012,62,2,1,0,0,0.22580645161290322,image,0,0,0,1,0,1,1,0,0,0,10,7.941604800877503,6.421842317193549,0.39718020397113907,0.017825375954388253,256,17,0,0,0,0,0,0,0,2,0,0,0,0.005930742627316222,0
1,mitra,image_anomaly_mitra,2129,met_739936_primary_000__marker_pdf_002__001.6362f5d8..jpg..pdf,data/raw/image_anomaly/anomalous/mitra/files/jpg/met_739936_primary_000/d0d43f284eb86948ebbc/met_739936_primary_000__marker_pdf_002__001.6362f5d8..jpg..pdf,365302,62,2,1,0,0,0.22580645161290322,document,0,0,0,0,0,1,0,1,0,0,9,7.939369425235081,5.072845754531357,0.4033648871344805,0.01742393964445856,256,17,0,0,0,0,0,0,0,0,0,0,0,0.0,0
1,mitra,image_anomaly_mitra,2130,met_739936_primary_000__marker_zip_002__001.429f352f..jpg..zip,data/raw/image_anomaly/anomalous/mitra/files/jpg/met_739936_primary_000/e408b7efc5818c1f1513/met_739936_primary_000__marker_zip_002__001.429f352f..jpg..zip,394502,62,2,1,0,0,0.22580645161290322,archive,0,0,0,1,0,1,0,1,0,0,10,7.949850367433195,7.988340858219542,0.3952197960973582,0.01669193058590324,256,17,0,0,0,0,0,0,0,0,0,0,0,0.0,0
1,mitra,image_anomaly_mitra,2131,met_739936_primary_000__marker_zip_002__002.1ae784ca..zip..jpg,data/raw/image_anomaly/anomalous/mitra/files/jpg/met_739936_primary_000/e408b7efc5818c1f1513/met_739936_primary_000__marker_zip_002__002.1ae784ca..zip..jpg,394498,62,2,1,0,0,0.22580645161290322,image,0,0,0,1,0,1,1,0,0,0,10,7.949847348749747,6.421842317193549,0.39522126854889,0.016692099833205746,256,17,0,0,0,0,0,0,0,2,0,0,0,0.08331347687440747,0
1,mitra,image_anomaly_mitra,2132,met_741768_additional_001__marker_pdf_002__001.87f1717f..jpg..pdf,data/raw/image_anomaly/anomalous/mitra/files/jpg/met_741768_additional_001/4297ccbeadc6255cd7b2/met_741768_additional_001__marker_pdf_002__001.87f1717f..jpg..pdf,3128460,65,2,1,0,0,0.2153846153846154,document,0,0,0,0,0,1,0,1,0,0,107,7.95784554051228,5.072845754531357,0.3779450592304201,0.013939126599029555,256,8,0,0,2,0,0,0,2,0,0,0,0,0.0,0
1,mitra,image_anomaly_mitra,2133,met_741768_additional_001__marker_pdf_001__001.70c6a9cd..jpg..pdf,data/raw/image_anomaly/anomalous/mitra/files/jpg/met_741768_additional_001/67be1cbbfa81a4959da1/met_741768_additional_001__marker_pdf_001__001.70c6a9cd..jpg..pdf,3126669,65,2,1,0,0,0.2153846153846154,document,0,0,0,0,0,1,0,1,0,0,107,7.957863466153849,5.250824256483538,0.3776008909161795,0.013947111126889351,256,8,0,0,2,0,0,0,2,0,0,0,0,0.0,0
1,mitra,image_anomaly_mitra,2134,met_741768_additional_001__marker_zip_002__001.8cfe8bb0..jpg..zip,data/raw/image_anomaly/anomalous/mitra/files/jpg/met_741768_additional_001/711ca63fc0f76f74897d/met_741768_additional_001__marker_zip_002__001.8cfe8bb0..jpg..zip,3157660,65,2,1,0,0,0.2153846153846154,archive,0,0,0,1,0,1,0,1,0,0,108,7.958669140963057,7.988340858219542,0.377162519080585,0.013879898405781497,256,8,0,0,2,0,0,0,2,0,0,0,0,0.0,0
1,mitra,image_anomaly_mitra,2135,met_741768_additional_001__marker_zip_002__002.66c3336b..zip..jpg,data/raw/image_anomaly/anomalous/mitra/files/jpg/met_741768_additional_001/711ca63fc0f76f74897d/met_741768_additional_001__marker_zip_002__002.66c3336b..zip..jpg,3157656,65,2,1,0,0,0.2153846153846154,image,0,0,0,1,0,1,1,0,0,0,108,7.958669018531261,2.4162686347695637,0.37716268016528715,0.013879915988315384,256,8,0,0,2,0,0,0,2,2,0,0,0,0.010408670228802631,0
1,mitra,image_anomaly_mitra,2136,met_741768_additional_001__marker_zip_001__001.675dad40..jpg..zip,data/raw/image_anomaly/anomalous/mitra/files/jpg/met_741768_additional_001/b18db666a9d3445060ba/met_741768_additional_001__marker_zip_001__001.675dad40..jpg..zip,3125174,65,2,1,0,0,0.2153846153846154,archive,0,0,0,1,0,1,0,1,0,0,108,7.957851157837112,3.5703057604178334,0.3772017174083747,0.013981941485498087,256,8,0,0,2,0,0,0,2,0,0,0,0,0.0,0
1,mitra,image_anomaly_mitra,2137,met_741768_additional_001__marker_zip_001__002.6f1fcb2b..zip..jpg,data/raw/image_anomaly/anomalous/mitra/files/jpg/met_741768_additional_001/b18db666a9d3445060ba/met_741768_additional_001__marker_zip_001__002.6f1fcb2b..zip..jpg,3125170,65,2,1,0,0,0.2153846153846154,image,0,0,0,1,0,1,1,0,0,0,108,7.957850929133475,2.4162686347695637,0.37720188021771617,0.01398195938140965,256,8,0,0,2,0,0,0,2,2,0,0,0,0.0006870026270570881,0
1,mitra,image_anomaly_mitra,2138,met_741768_primary_000__marker_pdf_001__001.f41b18da..jpg..pdf,data/raw/image_anomaly/anomalous/mitra/files/jpg/met_741768_primary_000/45796b53f54079ad7b42/met_741768_primary_000__marker_pdf_001__001.f41b18da..jpg..pdf,3203599,62,2,1,0,0,0.22580645161290322,document,0,0,0,0,0,1,0,1,0,0,85,7.959898109614656,5.250824256483538,0.3778378629784814,0.013633104517762678,256,8,0,0,1,0,0,0,1,0,0,0,0,0.0,0
1,mitra,image_anomaly_mitra,2139,met_741768_primary_000__marker_pdf_002__001.18fd8ea3..jpg..pdf,data/raw/image_anomaly/anomalous/mitra/files/jpg/met_741768_primary_000/712dc28a33b344c13329/met_741768_primary_000__marker_pdf_002__001.18fd8ea3..jpg..pdf,3205390,62,2,1,0,0,0.22580645161290322,document,0,0,0,0,0,1,0,1,0,0,85,7.9598818224626555,5.072845754531357,0.3781736387771847,0.013625487070216104,256,8,0,0,1,0,0,0,1,0,0,0,0,0.0,0
1,mitra,image_anomaly_mitra,2140,met_741768_primary_000__marker_zip_001__001.20a51416..jpg..zip,data/raw/image_anomaly/anomalous/mitra/files/jpg/met_741768_primary_000/ac8a89a4b37930624a3f/met_741768_primary_000__marker_zip_001__001.20a51416..jpg..zip,3202104,62,2,1,0,0,0.22580645161290322,archive,0,0,0,1,0,1,0,1,0,0,86,7.959881738625409,3.5705658088302488,0.3774483901834544,0.013666951479402292,256,8,0,0,1,0,0,0,1,0,0,0,0,0.0,0
1,mitra,image_anomaly_mitra,2141,met_741768_primary_000__marker_zip_001__002.6f10a59d..zip..jpg,data/raw/image_anomaly/anomalous/mitra/files/jpg/met_741768_primary_000/ac8a89a4b37930624a3f/met_741768_primary_000__marker_zip_001__002.6f10a59d..zip..jpg,3202100,62,2,1,0,0,0.22580645161290322,image,0,0,0,1,0,1,1,0,0,0,86,7.959881526182998,2.420390858206687,0.37744854938946315,0.013666968551887823,256,8,0,0,1,0,0,0,1,2,0,0,0,0.0006704974860247962,0
1,mitra,image_anomaly_mitra,2142,met_741768_primary_000__marker_zip_002__001.6e4c1d55..jpg..zip,data/raw/image_anomaly/anomalous/mitra/files/jpg/met_741768_primary_000/c246bb7b7cf69b7e752d/met_741768_primary_000__marker_zip_002__001.6e4c1d55..jpg..zip,3234590,62,2,1,0,0,0.22580645161290322,archive,0,0,0,1,0,1,0,1,0,0,86,7.960643118534408,7.988340858219542,0.3774076467187495,0.013570498888576296,256,8,0,0,1,0,0,0,1,0,0,0,0,0.0,0
1,mitra,image_anomaly_mitra,2143,met_741768_primary_000__marker_zip_002__002.a2a12833..zip..jpg,data/raw/image_anomaly/anomalous/mitra/files/jpg/met_741768_primary_000/c246bb7b7cf69b7e752d/met_741768_primary_000__marker_zip_002__002.a2a12833..zip..jpg,3234586,62,2,1,0,0,0.22580645161290322,image,0,0,0,1,0,1,1,0,0,0,86,7.960643020932177,2.420390858206687,0.37740780427541576,0.013570515670320716,256,8,0,0,1,0,0,0,1,2,0,0,0,0.010161114900021207,0
1,mitra,image_anomaly_mitra,2144,met_754439_primary_000__marker_pdf_002__001.b3b565f3..jpg..pdf,data/raw/image_anomaly/anomalous/mitra/files/jpg/met_754439_primary_000/3d3969d07c00a82eb064/met_754439_primary_000__marker_pdf_002__001.b3b565f3..jpg..pdf,4624985,62,2,1,0,0,0.22580645161290322,document,0,0,0,0,0,1,0,1,0,0,80,7.973399775629844,5.072845754531357,0.3784671734070489,0.008128242578084036,256,17,0,2,0,0,0,2,2,0,0,0,0,0.0,0
1,mitra,image_anomaly_mitra,2145,met_754439_primary_000__marker_zip_002__001.069aa3a2..jpg..zip,data/raw/image_anomaly/anomalous/mitra/files/jpg/met_754439_primary_000/a6606cb9dc223204a103/met_754439_primary_000__marker_zip_002__001.069aa3a2..jpg..zip,4654185,62,2,1,0,0,0.22580645161290322,archive,0,0,0,1,0,1,0,1,0,0,81,7.9737302475750225,7.988340858219542,0.37793297859883096,0.00812451589268583,256,17,0,2,0,0,0,2,2,0,0,0,0,0.0,0
1,mitra,image_anomaly_mitra,2146,met_754439_primary_000__marker_zip_001__001.166b5f80..jpg..zip,data/raw/image_anomaly/anomalous/mitra/files/jpg/met_754439_primary_000/e1737d899311eb6ad6d6/met_754439_primary_000__marker_zip_001__001.166b5f80..jpg..zip,4621699,62,2,1,0,0,0.22580645161290322,archive,0,0,0,1,0,1,0,1,0,0,81,7.973362005860826,5.12666845244153,0.3779648999210031,0.008153062326213802,256,17,0,2,0,0,0,2,2,0,0,0,0,0.0,0
1,mitra,image_anomaly_mitra,2147,met_754439_primary_000__marker_pdf_001__001.2e027c23..jpg..pdf,data/raw/image_anomaly/anomalous/mitra/files/jpg/met_754439_primary_000/e97d1d24ff3bd367d5ff/met_754439_primary_000__marker_pdf_001__001.2e027c23..jpg..pdf,4623194,62,2,1,0,0,0.22580645161290322,document,0,0,0,0,0,1,0,1,0,0,80,7.973395616278993,5.250824256483538,0.3782346144245731,0.008131391414679981,256,17,0,2,0,0,0,2,2,0,0,0,0,0.0,0
1,mitra,image_anomaly_mitra,2148,met_755312_primary_000__marker_pdf_001__001.ad32edb5..jpg..pdf,data/raw/image_anomaly/anomalous/mitra/files/jpg/met_755312_primary_000/11d6a6a4d7e11bd97636/met_755312_primary_000__marker_pdf_001__001.ad32edb5..jpg..pdf,4641154,62,2,1,0,0,0.22580645161290322,document,0,0,0,0,0,1,0,1,0,0,62,7.978600571041473,5.250824256483538,0.3802625381532265,0.008234589931728186,256,17,0,2,0,0,0,2,2,0,0,0,0,0.0,0
1,mitra,image_anomaly_mitra,2149,met_755312_primary_000__marker_zip_002__001.a2a1a009..jpg..zip,data/raw/image_anomaly/anomalous/mitra/files/jpg/met_755312_primary_000/1cedfe94195fd07aa064/met_755312_primary_000__marker_zip_002__001.a2a1a009..jpg..zip,4672145,62,2,1,0,0,0.22580645161290322,archive,0,0,0,1,0,1,0,1,0,0,63,7.978868057239853,7.988340858219542,0.37994861032780447,0.008227056309254101,256,17,0,2,0,0,0,2,2,0,0,0,0,0.0,0
1,mitra,image_anomaly_mitra,2150,met_755312_primary_000__marker_zip_001__001.e403f4f8..jpg..zip,data/raw/image_anomaly/anomalous/mitra/files/jpg/met_755312_primary_000/6f5e163f80593ee176f1/met_755312_primary_000__marker_zip_001__001.e403f4f8..jpg..zip,4639659,62,2,1,0,0,0.22580645161290322,archive,0,0,0,1,0,1,0,1,0,0,63,7.978578332835198,6.229933587802202,0.37999452114907584,0.008256210208551966,256,17,0,2,0,0,0,2,2,0,0,0,0,0.0,0
1,mitra,image_anomaly_mitra,2151,met_755312_primary_000__marker_pdf_002__001.ecc154ca..jpg..pdf,data/raw/image_anomaly/anomalous/mitra/files/jpg/met_755312_primary_000/da22c3a78d3249656883/met_755312_primary_000__marker_pdf_002__001.ecc154ca..jpg..pdf,4642945,62,2,1,0,0,0.22580645161290322,document,0,0,0,0,0,1,0,1,0,0,62,7.978594528680164,5.072845754531357,0.3804934152784493,0.008231413467099007,256,17,0,2,0,0,0,2,2,0,0,0,0,0.0,0
1,mitra,image_anomaly_mitra,2152,met_759863_primary_000__marker_zip_002__001.20b8efb8..jpg..zip,data/raw/image_anomaly/anomalous/mitra/files/jpg/met_759863_primary_000/32bcc759fa56be60f8f0/met_759863_primary_000__marker_zip_002__001.20b8efb8..jpg..zip,248127,62,2,1,0,0,0.22580645161290322,archive,0,0,0,1,0,1,0,1,0,0,8,7.9275437183881,7.988340858219542,0.411297440423654,0.01921596601740238,256,17,0,0,0,0,0,0,0,0,0,0,0,0.0,0
1,mitra,image_anomaly_mitra,2153,met_759863_primary_000__marker_zip_002__002.a91b3477..zip..jpg,data/raw/image_anomaly/anomalous/mitra/files/jpg/met_759863_primary_000/32bcc759fa56be60f8f0/met_759863_primary_000__marker_zip_002__002.a91b3477..zip..jpg,248123,62,2,1,0,0,0.22580645161290322,image,0,0,0,1,0,1,1,0,0,0,8,7.927538734642116,6.425343020389497,0.41130004070561776,0.019216275798696614,256,17,0,0,0,0,0,0,0,2,0,0,0,0.13246252866521846,0
1,mitra,image_anomaly_mitra,2154,met_759863_primary_000__marker_zip_001__001.617ca6dd..jpg..zip,data/raw/image_anomaly/anomalous/mitra/files/jpg/met_759863_primary_000/43cd559d9e829b1070af/met_759863_primary_000__marker_zip_001__001.617ca6dd..jpg..zip,215641,62,2,1,0,0,0.22580645161290322,archive,0,0,0,1,0,1,0,1,0,0,8,7.907569292348062,6.239553788884798,0.41700789738500565,0.021498694589618856,256,17,0,0,0,0,0,0,0,0,0,0,0,0.0,0
1,mitra,image_anomaly_mitra,2155,met_759863_primary_000__marker_zip_001__002.e490cf19..zip..jpg,data/raw/image_anomaly/anomalous/mitra/files/jpg/met_759863_primary_000/43cd559d9e829b1070af/met_759863_primary_000__marker_zip_001__002.e490cf19..zip..jpg,215637,62,2,1,0,0,0.22580645161290322,image,0,0,0,1,0,1,1,0,0,0,8,7.907566867975967,6.425343020389497,0.417010995330115,0.021499093383788498,256,17,0,0,0,0,0,0,0,2,0,0,0,0.009956547345770903,0
1,mitra,image_anomaly_mitra,2156,met_759863_primary_000__marker_pdf_002__001.ef92bfbb..jpg..pdf,data/raw/image_anomaly/anomalous/mitra/files/jpg/met_759863_primary_000/61e9a30cf2f511cd46c6/met_759863_primary_000__marker_pdf_002__001.ef92bfbb..jpg..pdf,218927,62,2,1,0,0,0.22580645161290322,document,0,0,0,0,0,1,0,1,0,0,7,7.901940927109358,5.072845754531357,0.427032755210641,0.02077404797032801,256,17,0,0,0,0,0,0,0,0,0,0,0,0.0,0
1,mitra,image_anomaly_mitra,2157,met_759863_primary_000__marker_pdf_001__001.3adb4a35..jpg..pdf,data/raw/image_anomaly/anomalous/mitra/files/jpg/met_759863_primary_000/b70f8450dce1ed8c4e23/met_759863_primary_000__marker_pdf_001__001.3adb4a35..jpg..pdf,217136,62,2,1,0,0,0.22580645161290322,document,0,0,0,0,0,1,0,1,0,0,7,7.904242547932191,5.250824256483538,0.4224817625819763,0.020945398275735022,256,17,0,0,0,0,0,0,0,0,0,0,0,0.0,0
1,mitra,image_anomaly_mitra,2158,met_760199_primary_000__marker_pdf_002__001.58399bb3..jpg..pdf,data/raw/image_anomaly/anomalous/mitra/files/jpg/met_760199_primary_000/1b1d7be165c50d3c19a9/met_760199_primary_000__marker_pdf_002__001.58399bb3..jpg..pdf,5543330,62,2,1,0,0,0.22580645161290322,document,0,0,0,0,0,1,0,1,0,0,130,7.961718365336132,5.072845754531357,0.3833428643071944,0.007764105690983579,256,17,0,2,1,0,0,2,3,0,0,0,0,0.0,0
1,mitra,image_anomaly_mitra,2159,met_760199_primary_000__marker_pdf_001__001.b034d5fc..jpg..pdf,data/raw/image_anomaly/anomalous/mitra/files/jpg/met_760199_primary_000/2a6cba8da09fc9c0832b/met_760199_primary_000__marker_pdf_001__001.b034d5fc..jpg..pdf,5541539,62,2,1,0,0,0.22580645161290322,document,0,0,0,0,0,1,0,1,0,0,130,7.961712624089745,5.250824256483538,0.3831504208487931,0.007766615014348902,256,17,0,2,1,0,0,2,3,0,0,0,0,0.0,0
1,mitra,image_anomaly_mitra,2160,met_760199_primary_000__marker_zip_002__001.bc5b71af..jpg..zip,data/raw/image_anomaly/anomalous/mitra/files/jpg/met_760199_primary_000/6a28d15fe37e8983f3a6/met_760199_primary_000__marker_zip_002__001.bc5b71af..jpg..zip,5572530,62,2,1,0,0,0.22580645161290322,archive,0,0,0,1,0,1,0,1,0,0,131,7.962122985976832,7.988340858219542,0.38287115547157213,0.00776290123157704,256,17,0,2,1,0,0,2,3,0,0,0,0,0.0,0
1,mitra,image_anomaly_mitra,2161,met_760199_primary_000__marker_zip_001__001.fe724c48..jpg..zip,data/raw/image_anomaly/anomalous/mitra/files/jpg/met_760199_primary_000/741c0f09c957dca62a72/met_760199_primary_000__marker_zip_001__001.fe724c48..jpg..zip,5540044,62,2,1,0,0,0.22580645161290322,archive,0,0,0,1,0,1,0,1,0,0,131,7.961678510222057,5.127188664484917,0.3829267420980772,0.0077845952126012,256,17,0,2,1,0,0,2,3,0,0,0,0,0.0,0
1,mitra,image_anomaly_mitra,2162,met_764753_primary_000__marker_zip_002__001.e60e0038..jpg..zip,data/raw/image_anomaly/anomalous/mitra/files/jpg/met_764753_primary_000/277eb44b1dcb15385fad/met_764753_primary_000__marker_zip_002__001.e60e0038..jpg..zip,2043233,62,2,1,0,0,0.22580645161290322,archive,0,0,0,1,0,1,0,1,0,0,32,7.98296808998822,7.988340858219542,0.37713222133745883,0.009333247847895958,256,13,0,0,0,0,0,0,0,0,0,0,0,0.0,0
1,mitra,image_anomaly_mitra,2163,met_764753_primary_000__marker_zip_002__002.92602a80..zip..jpg,data/raw/image_anomaly/anomalous/mitra/files/jpg/met_764753_primary_000/277eb44b1dcb15385fad/met_764753_primary_000__marker_zip_002__002.92602a80..zip..jpg,2043229,62,2,1,0,0,0.22580645161290322,image,0,0,0,1,0,1,1,0,0,0,32,7.9829680325461965,6.351178553542187,0.3771324702223784,0.009333266119460911,256,13,0,0,0,0,0,0,0,2,0,0,0,0.01608581319078772,0
1,mitra,image_anomaly_mitra,2164,met_764753_primary_000__marker_pdf_001__001.5ec3d92d..jpg..pdf,data/raw/image_anomaly/anomalous/mitra/files/jpg/met_764753_primary_000/2dbb5822a5abcd75e77e/met_764753_primary_000__marker_pdf_001__001.5ec3d92d..jpg..pdf,2012242,62,2,1,0,0,0.22580645161290322,document,0,0,0,0,0,1,0,1,0,0,31,7.982427964345326,5.250824256483538,0.37781290719505906,0.009367660549774828,256,13,0,0,0,0,0,0,0,0,0,0,0,0.0,0
1,mitra,image_anomaly_mitra,2165,met_764753_primary_000__marker_pdf_002__001.6712b216..jpg..pdf,data/raw/image_anomaly/anomalous/mitra/files/jpg/met_764753_primary_000/a641da20e1a7fd0c70d7/met_764753_primary_000__marker_pdf_002__001.6712b216..jpg..pdf,2014033,62,2,1,0,0,0.22580645161290322,document,0,0,0,0,0,1,0,1,0,0,31,7.982389506350434,5.072845754531357,0.3783473259872107,0.009359330259236071,256,13,0,0,0,0,0,0,0,0,0,0,0,0.0,0
1,mitra,image_anomaly_mitra,2166,met_764753_primary_000__marker_zip_001__001.b392f3d5..jpg..zip,data/raw/image_anomaly/anomalous/mitra/files/jpg/met_764753_primary_000/fc4fd139b50b544e6246/met_764753_primary_000__marker_zip_001__001.b392f3d5..jpg..zip,2010747,62,2,1,0,0,0.22580645161290322,archive,0,0,0,1,0,1,0,1,0,0,32,7.982434781970627,6.183772296832016,0.3771926552669232,0.009418390279831327,256,13,0,0,0,0,0,0,0,0,0,0,0,0.0,0
1,mitra,image_anomaly_mitra,2167,met_764753_primary_000__marker_zip_001__002.4118563e..zip..jpg,data/raw/image_anomaly/anomalous/mitra/files/jpg/met_764753_primary_000/fc4fd139b50b544e6246/met_764753_primary_000__marker_zip_001__002.4118563e..zip..jpg,2010743,62,2,1,0,0,0.22580645161290322,image,0,0,0,1,0,1,1,0,0,0,32,7.982434606780675,6.351178553542187,0.3771929082931036,0.009418409015970713,256,13,0,0,0,0,0,0,0,2,0,0,0,0.0010677645029722844,0
1,mitra,image_anomaly_mitra,2168,met_77299_primary_000__marker_pdf_001__001.47c14695..jpg..pdf,data/raw/image_anomaly/anomalous/mitra/files/jpg/met_77299_primary_000/20cd32d421c334bb8cac/met_77299_primary_000__marker_pdf_001__001.47c14695..jpg..pdf,109955,61,2,1,0,0,0.22950819672131148,document,0,0,0,0,0,1,0,1,0,0,2,7.947511848204433,5.250824256483538,0.37554454094856987,0.007439407030148697,256,0,0,0,0,0,0,0,0,0,0,0,0,0.0,0
1,mitra,image_anomaly_mitra,2169,met_77299_primary_000__marker_zip_001__001.768f2da6..jpg..zip,data/raw/image_anomaly/anomalous/mitra/files/jpg/met_77299_primary_000/4d1499083d8baa279ffe/met_77299_primary_000__marker_zip_001__001.768f2da6..jpg..zip,108460,61,2,1,0,0,0.22950819672131148,archive,0,0,0,1,0,1,0,1,0,0,3,7.948903245124181,7.689565964630391,0.36401438318274015,0.008353309976028029,256,0,0,0,0,0,0,0,0,0,0,0,0,0.0,0
1,mitra,image_anomaly_mitra,2170,met_77299_primary_000__marker_zip_001__002.c1bd00b9..zip..jpg,data/raw/image_anomaly/anomalous/mitra/files/jpg/met_77299_primary_000/4d1499083d8baa279ffe/met_77299_primary_000__marker_zip_001__002.c1bd00b9..zip..jpg,108456,61,2,1,0,0,0.22950819672131148,image,0,0,0,1,0,1,1,0,0,0,3,7.948896232750553,7.739151536861826,0.36401858818322635,0.008353618057092277,256,0,0,0,0,0,0,0,0,2,0,0,0,0.019796046322932803,0
1,mitra,image_anomaly_mitra,2171,met_77299_primary_000__marker_zip_002__001.e2fbd286..jpg..zip,data/raw/image_anomaly/anomalous/mitra/files/jpg/met_77299_primary_000/7d359a60ddc4bbfbf4a8/met_77299_primary_000__marker_zip_002__001.e2fbd286..jpg..zip,140946,61,2,1,0,0,0.22950819672131148,archive,0,0,0,1,0,1,0,1,0,0,3,7.96881455441075,7.988340858219542,0.36617569849445886,0.0073645225831169385,256,0,0,0,0,0,0,0,0,0,0,0,0,0.0,0
1,mitra,image_anomaly_mitra,2172,met_77299_primary_000__marker_zip_002__002.98f7ea47..zip..jpg,data/raw/image_anomaly/anomalous/mitra/files/jpg/met_77299_primary_000/7d359a60ddc4bbfbf4a8/met_77299_primary_000__marker_zip_002__002.98f7ea47..zip..jpg,140942,61,2,1,0,0,0.22950819672131148,image,0,0,0,1,0,1,1,0,0,0,3,7.968812237167732,7.739151536861826,0.3661789956152176,0.007364731591718579,256,0,0,0,0,0,0,0,0,2,0,0,0,0.23319521505300053,0
1,mitra,image_anomaly_mitra,2173,met_77299_primary_000__marker_pdf_002__001.162e8ef8..jpg..pdf,data/raw/image_anomaly/anomalous/mitra/files/jpg/met_77299_primary_000/fa1ddb181d70dc4f833a/met_77299_primary_000__marker_pdf_002__001.162e8ef8..jpg..pdf,111746,61,2,1,0,0,0.22950819672131148,document,0,0,0,0,0,1,0,1,0,0,2,7.9461132306603055,5.072845754531357,0.3852128935263902,0.007320172534139925,256,0,0,0,0,0,0,0,0,0,0,0,0,0.0,0
1,mitra,image_anomaly_mitra,2174,met_773855_additional_001__marker_pdf_001__001.aa34825c..jpg..pdf,data/raw/image_anomaly/anomalous/mitra/files/jpg/met_773855_additional_001/a1bdf18126d2fdeb83af/met_773855_additional_001__marker_pdf_001__001.aa34825c..jpg..pdf,1703507,65,2,1,0,0,0.2153846153846154,document,0,0,0,0,0,1,0,1,0,0,34,7.9548866440143025,5.250824256483538,0.3866500108305983,0.013604875119386066,256,17,0,0,0,0,0,0,0,0,0,0,0,0.0,0
1,mitra,image_anomaly_mitra,2175,met_773855_additional_001__marker_pdf_002__001.e6f97156..jpg..pdf,data/raw/image_anomaly/anomalous/mitra/files/jpg/met_773855_additional_001/a84047e328eaf0d6092f/met_773855_additional_001__marker_pdf_002__001.e6f97156..jpg..pdf,1705298,65,2,1,0,0,0.2153846153846154,document,0,0,0,0,0,1,0,1,0,0,34,7.954801679982251,5.072845754531357,0.3872719020370633,0.013590586513324943,256,17,0,0,0,0,0,0,0,0,0,0,0,0.0,0
1,mitra,image_anomaly_mitra,2176,met_773855_additional_001__marker_zip_002__001.1a82f4af..jpg..zip,data/raw/image_anomaly/anomalous/mitra/files/jpg/met_773855_additional_001/e43b18b382384569ce1f/met_773855_additional_001__marker_zip_002__001.1a82f4af..jpg..zip,1734498,65,2,1,0,0,0.2153846153846154,archive,0,0,0,1,0,1,0,1,0,0,35,7.956497810709008,7.988340858219542,0.38569026888471475,0.013488628986600158,256,17,0,0,0,0,0,0,0,0,0,0,0,0.0,0
1,mitra,image_anomaly_mitra,2177,met_773855_additional_001__marker_zip_002__002.70619759..zip..jpg,data/raw/image_anomaly/anomalous/mitra/files/jpg/met_773855_additional_001/e43b18b382384569ce1f/met_773855_additional_001__marker_zip_002__002.70619759..zip..jpg,1734494,65,2,1,0,0,0.2153846153846154,image,0,0,0,1,0,1,1,0,0,0,35,7.956496981864781,6.382108389587502,0.38569058180656723,0.013488660093375935,256,17,0,0,0,0,0,0,0,2,0,0,0,0.01894904219905056,0
1,mitra,image_anomaly_mitra,2178,met_773855_additional_001__marker_zip_001__001.6c8777e3..jpg..zip,data/raw/image_anomaly/anomalous/mitra/files/jpg/met_773855_additional_001/f357418213c367124928/met_773855_additional_001__marker_zip_001__001.6c8777e3..jpg..zip,1702012,65,2,1,0,0,0.2153846153846154,archive,0,0,0,1,0,1,0,1,0,0,35,7.95493329967742,6.2197581566819915,0.38592501110450456,0.013668528776530365,256,17,0,0,0,0,0,0,0,0,0,0,0,0.0,0
1,mitra,image_anomaly_mitra,2179,met_773855_additional_001__marker_zip_001__002.63414cc0..zip..jpg,data/raw/image_anomaly/anomalous/mitra/files/jpg/met_773855_additional_001/f357418213c367124928/met_773855_additional_001__marker_zip_001__002.63414cc0..zip..jpg,1702008,65,2,1,0,0,0.2153846153846154,image,0,0,0,1,0,1,1,0,0,0,35,7.954932896685488,6.382108389587502,0.38592533055073774,0.013668560899831258,256,17,0,0,0,0,0,0,0,2,0,0,0,0.0012614511800179552,0
1,mitra,image_anomaly_mitra,2180,met_773855_primary_000__marker_zip_002__001.cf463028..jpg..zip,data/raw/image_anomaly/anomalous/mitra/files/jpg/met_773855_primary_000/1c076326b134444473f5/met_773855_primary_000__marker_zip_002__001.cf463028..jpg..zip,1679305,62,2,1,0,0,0.22580645161290322,archive,0,0,0,1,0,1,0,1,0,0,35,7.967750544617434,7.988340858219542,0.37503252833761586,0.011667922146364121,256,17,0,0,0,0,0,0,0,0,0,0,0,0.0,0
1,mitra,image_anomaly_mitra,2181,met_773855_primary_000__marker_zip_002__002.f00c2e52..zip..jpg,data/raw/image_anomaly/anomalous/mitra/files/jpg/met_773855_primary_000/1c076326b134444473f5/met_773855_primary_000__marker_zip_002__002.f00c2e52..zip..jpg,1679301,62,2,1,0,0,0.22580645161290322,image,0,0,0,1,0,1,1,0,0,0,35,7.967750350883438,6.426486212817394,0.37503282615802647,0.01166794993869473,256,17,0,0,0,0,0,0,0,2,0,0,0,0.019571833757021522,0
1,mitra,image_anomaly_mitra,2182,met_773855_primary_000__marker_zip_001__001.f26d0625..jpg..zip,data/raw/image_anomaly/anomalous/mitra/files/jpg/met_773855_primary_000/5ff48b277493d52e9c1b/met_773855_primary_000__marker_zip_001__001.f26d0625..jpg..zip,1646819,62,2,1,0,0,0.22580645161290322,archive,0,0,0,1,0,1,0,1,0,0,35,7.966535749185903,6.247454131802525,0.37506489784244657,0.011817935061473057,256,17,0,0,0,0,0,0,0,0,0,0,0,0.0,0
1,mitra,image_anomaly_mitra,2183,met_773855_primary_000__marker_zip_001__002.a0c277a1..zip..jpg,data/raw/image_anomaly/anomalous/mitra/files/jpg/met_773855_primary_000/5ff48b277493d52e9c1b/met_773855_primary_000__marker_zip_001__002.a0c277a1..zip..jpg,1646815,62,2,1,0,0,0.22580645161290322,image,0,0,0,1,0,1,1,0,0,0,35,7.966535390421329,6.426486212817394,0.37506520161645357,0.01181796376642185,256,17,0,0,0,0,0,0,0,2,0,0,0,0.0013037287126969332,0
1,mitra,image_anomaly_mitra,2184,met_773855_primary_000__marker_pdf_002__001.85a41002..jpg..pdf,data/raw/image_anomaly/anomalous/mitra/files/jpg/met_773855_primary_000/8194af3060351ad5fb43/met_773855_primary_000__marker_pdf_002__001.85a41002..jpg..pdf,1650105,62,2,1,0,0,0.22580645161290322,document,0,0,0,0,0,1,0,1,0,0,34,7.966424358637182,5.072845754531357,0.3764784665218274,0.011741071022753097,256,17,0,0,0,0,0,0,0,0,0,0,0,0.0,0
1,mitra,image_anomaly_mitra,2185,met_773855_primary_000__marker_pdf_001__001.a5ab2c5e..jpg..pdf,data/raw/image_anomaly/anomalous/mitra/files/jpg/met_773855_primary_000/a7c6648362e44a889d03/met_773855_primary_000__marker_pdf_001__001.a5ab2c5e..jpg..pdf,1648314,62,2,1,0,0,0.22580645161290322,document,0,0,0,0,0,1,0,1,0,0,34,7.96647607328205,5.250824256483538,0.37582402382070407,0.011753828457441967,256,17,0,0,0,0,0,0,0,0,0,0,0,0.0,0
1,mitra,image_anomaly_mitra,2186,met_8068_primary_000__marker_zip_001__001.ed6087dc..jpg..zip,data/raw/image_anomaly/anomalous/mitra/files/jpg/met_8068_primary_000/1dfb675c5fdb490b2448/met_8068_primary_000__marker_zip_001__001.ed6087dc..jpg..zip,324284,60,2,1,0,0,0.23333333333333334,archive,0,0,0,1,0,1,0,1,0,0,4,7.89201739017882,5.62993074125,0.38656239592455993,0.02152742657670437,256,15,0,0,0,0,0,0,0,0,0,0,0,0.0,0
1,mitra,image_anomaly_mitra,2187,met_8068_primary_000__marker_zip_001__002.35752ab7..zip..jpg,data/raw/image_anomaly/anomalous/mitra/files/jpg/met_8068_primary_000/1dfb675c5fdb490b2448/met_8068_primary_000__marker_zip_001__002.35752ab7..zip..jpg,324280,60,2,1,0,0,0.23333333333333334,image,0,0,0,1,0,1,1,0,0,0,4,7.892011634999915,4.922199015106412,0.38656408042432466,0.021527692117922784,256,15,0,0,0,0,0,0,0,2,0,0,0,0.006620821512273344,0
1,mitra,image_anomaly_mitra,2188,met_8068_primary_000__marker_zip_002__001.484d3cf6..jpg..zip,data/raw/image_anomaly/anomalous/mitra/files/jpg/met_8068_primary_000/26d3a41fb9afe41e4155/met_8068_primary_000__marker_zip_002__001.484d3cf6..jpg..zip,356770,60,2,1,0,0,0.23333333333333334,archive,0,0,0,1,0,1,0,1,0,0,4,7.909559134442763,7.988340858219542,0.3853631190963366,0.019937214451887772,256,15,0,0,0,0,0,0,0,0,0,0,0,0.0,0
1,mitra,image_anomaly_mitra,2189,met_8068_primary_000__marker_zip_002__002.81e8e6e6..zip..jpg,data/raw/image_anomaly/anomalous/mitra/files/jpg/met_8068_primary_000/26d3a41fb9afe41e4155/met_8068_primary_000__marker_zip_002__002.81e8e6e6..zip..jpg,356766,60,2,1,0,0,0.23333333333333334,image,0,0,0,1,0,1,1,0,0,0,4,7.909554549128111,4.922199015106412,0.3853646367647141,0.01993743798456131,256,15,0,0,0,0,0,0,0,2,0,0,0,0.09212481009961712,0
1,mitra,image_anomaly_mitra,2190,met_8068_primary_000__marker_pdf_002__001.18364775..jpg..pdf,data/raw/image_anomaly/anomalous/mitra/files/jpg/met_8068_primary_000/333e7113e6e474a946d2/met_8068_primary_000__marker_pdf_002__001.18364775..jpg..pdf,327570,60,2,1,0,0,0.23333333333333334,document,0,0,0,0,0,1,0,1,0,0,3,7.890978164674378,5.072845754531357,0.39356778703788503,0.021042830540037243,256,15,0,0,0,0,0,0,0,0,0,0,0,0.0,0
1,mitra,image_anomaly_mitra,2191,met_8068_primary_000__marker_pdf_001__001.bd3d4d16..jpg..pdf,data/raw/image_anomaly/anomalous/mitra/files/jpg/met_8068_primary_000/4542224473b34940b338/met_8068_primary_000__marker_pdf_001__001.bd3d4d16..jpg..pdf,325779,60,2,1,0,0,0.23333333333333334,document,0,0,0,0,0,1,0,1,0,0,3,7.891343847128092,5.250824256483538,0.3903505136917972,0.02115851543531044,256,15,0,0,0,0,0,0,0,0,0,0,0,0.0,0
1,mitra,image_anomaly_mitra,2192,met_813191_primary_000__marker_zip_002__001.fc55c2d5..jpg..zip,data/raw/image_anomaly/anomalous/mitra/files/jpg/met_813191_primary_000/813d70e5f95723fe7bae/met_813191_primary_000__marker_zip_002__001.fc55c2d5..jpg..zip,2546172,62,2,1,0,0,0.22580645161290322,archive,0,0,0,1,0,1,0,1,0,0,19,7.986949994774833,7.988340858219542,0.37157466188458593,0.009537847403867452,256,13,0,0,1,0,0,0,1,0,0,0,0,0.0,0
1,mitra,image_anomaly_mitra,2193,met_813191_primary_000__marker_zip_002__002.42a4118c..zip..jpg,data/raw/image_anomaly/anomalous/mitra/files/jpg/met_813191_primary_000/813d70e5f95723fe7bae/met_813191_primary_000__marker_zip_002__002.42a4118c..zip..jpg,2546168,62,2,1,0,0,0.22580645161290322,image,0,0,0,1,0,1,1,0,0,0,19,7.986950094643169,6.446212057391627,0.3715748528769508,0.009537862387713616,256,13,0,0,1,0,0,0,1,2,0,0,0,0.012908417669218998,0
1,mitra,image_anomaly_mitra,2194,met_813191_primary_000__marker_pdf_002__001.3636026c..jpg..pdf,data/raw/image_anomaly/anomalous/mitra/files/jpg/met_813191_primary_000/ae3cdaa7cf0282523385/met_813191_primary_000__marker_pdf_002__001.3636026c..jpg..pdf,2516972,62,2,1,0,0,0.22580645161290322,document,0,0,0,0,0,1,0,1,0,0,18,7.986625664781335,5.072845754531357,0.3724824908660088,0.009561091660932263,256,13,0,0,1,0,0,0,1,0,0,0,0,0.0,0
1,mitra,image_anomaly_mitra,2195,met_813191_primary_000__marker_zip_001__001.43c0fb28..jpg..zip,data/raw/image_anomaly/anomalous/mitra/files/jpg/met_813191_primary_000/e37f1f25f2b67c514b02/met_813191_primary_000__marker_zip_001__001.43c0fb28..jpg..zip,2513686,62,2,1,0,0,0.22580645161290322,archive,0,0,0,1,0,1,0,1,0,0,19,7.986628834084819,6.275619089076044,0.37155118021900907,0.009608598687345994,256,13,0,0,1,0,0,0,1,0,0,0,0,0.0,0
1,mitra,image_anomaly_mitra,2196,met_813191_primary_000__marker_zip_001__002.8f979072..zip..jpg,data/raw/image_anomaly/anomalous/mitra/files/jpg/met_813191_primary_000/e37f1f25f2b67c514b02/met_813191_primary_000__marker_zip_001__002.8f979072..zip..jpg,2513682,62,2,1,0,0,0.22580645161290322,image,0,0,0,1,0,1,1,0,0,0,19,7.986628906002493,6.446212057391627,0.37155137364233026,0.009608613977424352,256,13,0,0,1,0,0,0,1,2,0,0,0,0.0008541255417351916,0
1,mitra,image_anomaly_mitra,2197,met_813191_primary_000__marker_pdf_001__001.6a3672ae..jpg..pdf,data/raw/image_anomaly/anomalous/mitra/files/jpg/met_813191_primary_000/e7d74a652f110ea0966f/met_813191_primary_000__marker_pdf_001__001.6a3672ae..jpg..pdf,2515181,62,2,1,0,0,0.22580645161290322,document,0,0,0,0,0,1,0,1,0,0,18,7.986640089522052,5.250824256483538,0.37205075897122314,0.009567899884739906,256,13,0,0,1,0,0,0,1,0,0,0,0,0.0,0
1,mitra,image_anomaly_mitra,2198,met_813301_primary_000__marker_zip_002__001.e0cd81ae..jpg..zip,data/raw/image_anomaly/anomalous/mitra/files/jpg/met_813301_primary_000/a29936148689bcf82264/met_813301_primary_000__marker_zip_002__001.e0cd81ae..jpg..zip,2660775,62,2,1,0,0,0.22580645161290322,archive,0,0,0,1,0,1,0,1,0,0,34,7.9835592165537355,7.988340858219542,0.3799103644614821,0.007565464949121966,256,13,0,0,0,0,0,0,0,0,0,0,0,0.0,0
1,mitra,image_anomaly_mitra,2199,met_813301_primary_000__marker_zip_002__002.ddcd105d..zip..jpg,data/raw/image_anomaly/anomalous/mitra/files/jpg/met_813301_primary_000/a29936148689bcf82264/met_813301_primary_000__marker_zip_002__002.ddcd105d..zip..jpg,2660771,62,2,1,0,0,0.22580645161290322,image,0,0,0,1,0,1,1,0,0,0,34,7.983559107382476,6.399558227286328,0.3799105597588068,0.007565476322464428,256,13,0,0,0,0,0,0,0,2,0,0,0,0.012352434689043137,0
1,mitra,image_anomaly_mitra,2200,met_813301_primary_000__marker_zip_001__001.b052e781..jpg..zip,data/raw/image_anomaly/anomalous/mitra/files/jpg/met_813301_primary_000/cb3868d9253d94d8b334/met_813301_primary_000__marker_zip_001__001.b052e781..jpg..zip,2628289,62,2,1,0,0,0.22580645161290322,archive,0,0,0,1,0,1,0,1,0,0,34,7.98315776820644,6.220752382882183,0.3799909370697058,0.0076087523099628695,256,13,0,0,0,0,0,0,0,0,0,0,0,0.0,0
1,mitra,image_anomaly_mitra,2201,met_813301_primary_000__marker_zip_001__002.8ce3a503..zip..jpg,data/raw/image_anomaly/anomalous/mitra/files/jpg/met_813301_primary_000/cb3868d9253d94d8b334/met_813301_primary_000__marker_zip_001__002.8ce3a503..zip..jpg,2628285,62,2,1,0,0,0.22580645161290322,image,0,0,0,1,0,1,1,0,0,0,34,7.983157505328268,6.399558227286328,0.3799911349035588,0.007608763889760814,256,13,0,0,0,0,0,0,0,2,0,0,0,0.0008168824918150048,0
1,mitra,image_anomaly_mitra,2202,met_813301_primary_000__marker_pdf_001__001.25e751f8..jpg..pdf,data/raw/image_anomaly/anomalous/mitra/files/jpg/met_813301_primary_000/ee91f04d03fd062e6908/met_813301_primary_000__marker_pdf_001__001.25e751f8..jpg..pdf,2629784,62,2,1,0,0,0.22580645161290322,document,0,0,0,0,0,1,0,1,0,0,33,7.983173537650251,5.250824256483538,0.3804639468488667,0.007570964003127253,256,13,0,0,0,0,0,0,0,0,0,0,0,0.0,0
1,mitra,image_anomaly_mitra,2203,met_813301_primary_000__marker_pdf_002__001.db9c5d56..jpg..pdf,data/raw/image_anomaly/anomalous/mitra/files/jpg/met_813301_primary_000/f295fa378d309f7858da/met_813301_primary_000__marker_pdf_002__001.db9c5d56..jpg..pdf,2631575,62,2,1,0,0,0.22580645161290322,document,0,0,0,0,0,1,0,1,0,0,33,7.983154284985496,5.072845754531357,0.38087115130672694,0.007565811348717023,256,13,0,0,0,0,0,0,0,0,0,0,0,0.0,0
1,mitra,image_anomaly_mitra,2204,met_8181_primary_000__marker_zip_001__001.dcd4cab4..jpg..zip,data/raw/image_anomaly/anomalous/mitra/files/jpg/met_8181_primary_000/66ad575e8a0499b572d0/met_8181_primary_000__marker_zip_001__001.dcd4cab4..jpg..zip,744292,60,2,1,0,0,0.23333333333333334,archive,0,0,0,1,0,1,0,1,0,0,10,7.943093739927497,4.326558136476071,0.3657113068526868,0.018876999887141067,256,9,0,0,0,0,0,0,0,0,0,0,0,0.0,0
1,mitra,image_anomaly_mitra,2205,met_8181_primary_000__marker_zip_001__002.8ae675ce..zip..jpg,data/raw/image_anomaly/anomalous/mitra/files/jpg/met_8181_primary_000/66ad575e8a0499b572d0/met_8181_primary_000__marker_zip_001__002.8ae675ce..zip..jpg,744288,60,2,1,0,0,0.23333333333333334,image,0,0,0,1,0,1,1,0,0,0,10,7.943093256787114,3.029384672762495,0.36571192871576597,0.018877101337116814,256,9,0,0,0,0,0,0,0,2,0,0,0,0.002884636054860484,0
1,mitra,image_anomaly_mitra,2206,met_8181_primary_000__marker_pdf_002__001.c7b22f0e..jpg..pdf,data/raw/image_anomaly/anomalous/mitra/files/jpg/met_8181_primary_000/b0288c08cc8c7fdb064b/met_8181_primary_000__marker_pdf_002__001.c7b22f0e..jpg..pdf,747578,60,2,1,0,0,0.23333333333333334,document,0,0,0,0,0,1,0,1,0,0,9,7.943490820838301,5.072845754531357,0.36887254574104644,0.018676312037004834,256,9,0,0,0,0,0,0,0,0,0,0,0,0.0,0
1,mitra,image_anomaly_mitra,2207,met_8181_primary_000__marker_pdf_001__001.478244b8..jpg..pdf,data/raw/image_anomaly/anomalous/mitra/files/jpg/met_8181_primary_000/bdb6f151db02daa0abd1/met_8181_primary_000__marker_pdf_001__001.478244b8..jpg..pdf,745787,60,2,1,0,0,0.23333333333333334,document,0,0,0,0,0,1,0,1,0,0,9,7.943369956264518,5.250824256483538,0.3674078523760806,0.01872116301303187,256,9,0,0,0,0,0,0,0,0,0,0,0,0.0,0
1,mitra,image_anomaly_mitra,2208,met_8181_primary_000__marker_zip_002__001.82f1c07a..jpg..zip,data/raw/image_anomaly/anomalous/mitra/files/jpg/met_8181_primary_000/c41985c4bfc331b8d8a2/met_8181_primary_000__marker_zip_002__001.82f1c07a..jpg..zip,776778,60,2,1,0,0,0.23333333333333334,archive,0,0,0,1,0,1,0,1,0,0,10,7.9473525333861135,7.988340858219542,0.36603250864468356,0.01825746867187279,256,9,0,0,0,0,0,0,0,0,0,0,0,0.0,0
1,mitra,image_anomaly_mitra,2209,met_8181_primary_000__marker_zip_002__002.b4ad2ad4..zip..jpg,data/raw/image_anomaly/anomalous/mitra/files/jpg/met_8181_primary_000/c41985c4bfc331b8d8a2/met_8181_primary_000__marker_zip_002__002.b4ad2ad4..zip..jpg,776774,60,2,1,0,0,0.23333333333333334,image,0,0,0,1,0,1,1,0,0,0,10,7.947352468991888,3.029384672762495,0.36603310615442847,0.018257562688761466,256,9,0,0,0,0,0,0,0,2,0,0,0,0.042312178316987956,0
1,mitra,image_anomaly_mitra,2210,met_82115_additional_001__marker_pdf_001__001.ef5dc646..jpg..pdf,data/raw/image_anomaly/anomalous/mitra/files/jpg/met_82115_additional_001/105b0d791e2163d84c24/met_82115_additional_001__marker_pdf_001__001.ef5dc646..jpg..pdf,537691,64,2,1,0,0,0.21875,document,0,0,0,0,0,1,0,1,0,0,8,7.9711620087574495,5.250824256483538,0.3756878950921626,0.008964256422368982,256,6,0,1,0,0,0,1,1,0,0,0,0,0.0,0
1,mitra,image_anomaly_mitra,2211,met_82115_additional_001__marker_pdf_002__001.931e8958..jpg..pdf,data/raw/image_anomaly/anomalous/mitra/files/jpg/met_82115_additional_001/3bd91c39d2d1fe5ccfa0/met_82115_additional_001__marker_pdf_002__001.931e8958..jpg..pdf,539482,64,2,1,0,0,0.21875,document,0,0,0,0,0,1,0,1,0,0,8,7.9711202623348445,5.072845754531357,0.377690080484613,0.0089344964243478,256,6,0,1,0,0,0,1,1,0,0,0,0,0.0,0
1,mitra,image_anomaly_mitra,2212,met_82115_additional_001__marker_zip_002__001.046f84de..jpg..zip,data/raw/image_anomaly/anomalous/mitra/files/jpg/met_82115_additional_001/3cec013441ae4af37428/met_82115_additional_001__marker_zip_002__001.046f84de..jpg..zip,568682,64,2,1,0,0,0.21875,archive,0,0,0,1,0,1,0,1,0,0,9,7.974228653049628,7.988340858219542,0.3733580454454335,0.008862598077660273,256,6,0,1,0,0,0,1,1,0,0,0,0,0.0,0
1,mitra,image_anomaly_mitra,2213,met_82115_additional_001__marker_zip_002__002.85c94e63..zip..jpg,data/raw/image_anomaly/anomalous/mitra/files/jpg/met_82115_additional_001/3cec013441ae4af37428/met_82115_additional_001__marker_zip_002__002.85c94e63..zip..jpg,568678,64,2,1,0,0,0.21875,image,0,0,0,1,0,1,1,0,0,0,9,7.974228252898542,3.5401364589386053,0.3733589131283433,0.008862660415911992,256,6,0,1,0,0,0,1,1,2,0,0,0,0.05779544839082926,0
1,mitra,image_anomaly_mitra,2214,met_82115_additional_001__marker_zip_001__001.210f47b3..jpg..zip,data/raw/image_anomaly/anomalous/mitra/files/jpg/met_82115_additional_001/68428b98b451edfaa24a/met_82115_additional_001__marker_zip_001__001.210f47b3..jpg..zip,536196,64,2,1,0,0,0.21875,archive,0,0,0,1,0,1,0,1,0,0,9,7.9711138887410184,3.521168095986934,0.3733560116076957,0.009153369290334131,256,6,0,1,0,0,0,1,1,0,0,0,0,0.0,0
1,mitra,image_anomaly_mitra,2215,met_82115_additional_001__marker_zip_001__002.34714726..zip..jpg,data/raw/image_anomaly/anomalous/mitra/files/jpg/met_82115_additional_001/68428b98b451edfaa24a/met_82115_additional_001__marker_zip_001__002.34714726..zip..jpg,536192,64,2,1,0,0,0.21875,image,0,0,0,1,0,1,1,0,0,0,9,7.971112735673912,3.5401364589386053,0.37335693184530916,0.009153437574600144,256,6,0,1,0,0,0,1,1,2,0,0,0,0.004004162687992361,0
1,mitra,image_anomaly_mitra,2216,met_82115_additional_002__marker_pdf_001__001.a635008e..jpg..pdf,data/raw/image_anomaly/anomalous/mitra/files/jpg/met_82115_additional_002/2189cb2c81591503b825/met_82115_additional_002__marker_pdf_001__001.a635008e..jpg..pdf,674829,64,2,1,0,0,0.21875,document,0,0,0,0,0,1,0,1,0,0,8,7.967461727776842,5.250824256483538,0.3635839597883316,0.011631094692136823,256,6,0,1,0,0,0,1,1,0,0,0,0,0.0,0
1,mitra,image_anomaly_mitra,2217,met_82115_additional_002__marker_pdf_002__001.e7c555f2..jpg..pdf,data/raw/image_anomaly/anomalous/mitra/files/jpg/met_82115_additional_002/c995ff80335c03ae497d/met_82115_additional_002__marker_pdf_002__001.e7c555f2..jpg..pdf,676620,64,2,1,0,0,0.21875,document,0,0,0,0,0,1,0,1,0,0,8,7.967600822855316,5.072845754531357,0.3652123791788596,0.011600307410363277,256,6,0,1,0,0,0,1,1,0,0,0,0,0.0,0
1,mitra,image_anomaly_mitra,2218,met_82115_additional_002__marker_zip_001__001.bc6bc211..jpg..zip,data/raw/image_anomaly/anomalous/mitra/files/jpg/met_82115_additional_002/d0cf9adcdbc3b5155961/met_82115_additional_002__marker_zip_001__001.bc6bc211..jpg..zip,673334,64,2,1,0,0,0.21875,archive,0,0,0,1,0,1,0,1,0,0,9,7.967183800422717,3.521168095986934,0.36170013693055747,0.011787612091473177,256,6,0,1,0,0,0,1,1,0,0,0,0,0.0,0
1,mitra,image_anomaly_mitra,2219,met_82115_additional_002__marker_zip_001__002.fea56fc1..zip..jpg,data/raw/image_anomaly/anomalous/mitra/files/jpg/met_82115_additional_002/d0cf9adcdbc3b5155961/met_82115_additional_002__marker_zip_001__002.fea56fc1..zip..jpg,673330,64,2,1,0,0,0.21875,image,0,0,0,1,0,1,1,0,0,0,9,7.967184741240825,3.5363707679546996,0.3617008004990124,0.011787682117238204,256,6,0,1,0,0,0,1,1,2,0,0,0,0.003188629646681419,0
1,mitra,image_anomaly_mitra,2220,met_82115_additional_002__marker_zip_002__001.1277c843..jpg..zip,data/raw/image_anomaly/anomalous/mitra/files/jpg/met_82115_additional_002/da3eceb0ae88197a1f34/met_82115_additional_002__marker_zip_002__001.1277c843..jpg..zip,705820,64,2,1,0,0,0.21875,archive,0,0,0,1,0,1,0,1,0,0,9,7.9700225055805145,7.988340858219542,0.36223824771188123,0.01143209316822986,256,6,0,1,0,0,0,1,1,0,0,0,0,0.0,0
1,mitra,image_anomaly_mitra,2221,met_82115_additional_002__marker_zip_002__002.d730cde0..zip..jpg,data/raw/image_anomaly/anomalous/mitra/files/jpg/met_82115_additional_002/da3eceb0ae88197a1f34/met_82115_additional_002__marker_zip_002__002.d730cde0..zip..jpg,705816,64,2,1,0,0,0.21875,image,0,0,0,1,0,1,1,0,0,0,9,7.970023618098126,3.5363707679546996,0.36223888378840946,0.011432157956181214,256,6,0,1,0,0,0,1,1,2,0,0,0,0.046565960533623496,0
1,mitra,image_anomaly_mitra,2222,met_82115_additional_003__marker_pdf_002__001.f09fdb0b..jpg..pdf,data/raw/image_anomaly/anomalous/mitra/files/jpg/met_82115_additional_003/377ea5c86236aebb134c/met_82115_additional_003__marker_pdf_002__001.f09fdb0b..jpg..pdf,299615,64,2,1,0,0,0.21875,document,0,0,0,0,0,1,0,1,0,0,4,7.968015600977736,5.072845754531357,0.3824608247250638,0.009956110341605059,256,6,0,1,0,0,0,1,1,0,0,0,0,0.0,0
1,mitra,image_anomaly_mitra,2223,met_82115_additional_003__marker_pdf_001__001.517b305f..jpg..pdf,data/raw/image_anomaly/anomalous/mitra/files/jpg/met_82115_additional_003/5da806e34e2031f0dcfd/met_82115_additional_003__marker_pdf_001__001.517b305f..jpg..pdf,297824,64,2,1,0,0,0.21875,document,0,0,0,0,0,1,0,1,0,0,4,7.968418505224972,5.250824256483538,0.3788747716772322,0.010015982593746642,256,6,0,1,0,0,0,1,1,0,0,0,0,0.0,0
1,mitra,image_anomaly_mitra,2224,met_82115_additional_003__marker_zip_002__001.cb5e1a85..jpg..zip,data/raw/image_anomaly/anomalous/mitra/files/jpg/met_82115_additional_003/899f2456fbe0e65d36ee/met_82115_additional_003__marker_zip_002__001.cb5e1a85..jpg..zip,328815,64,2,1,0,0,0.21875,archive,0,0,0,1,0,1,0,1,0,0,5,7.974305493682411,7.988340858219542,0.3745449568906528,0.009741039794413271,256,6,0,1,0,0,0,1,1,0,0,0,0,0.0,0
1,mitra,image_anomaly_mitra,2225,met_82115_additional_003__marker_zip_002__002.cf2cabe7..zip..jpg,data/raw/image_anomaly/anomalous/mitra/files/jpg/met_82115_additional_003/899f2456fbe0e65d36ee/met_82115_additional_003__marker_zip_002__002.cf2cabe7..zip..jpg,328811,64,2,1,0,0,0.21875,image,0,0,0,1,0,1,1,0,0,0,5,7.974305754778684,3.54130924786459,0.3745464719854263,0.009741158294582603,256,6,0,1,0,0,0,1,1,2,0,0,0,0.0999571182229305,0
1,mitra,image_anomaly_mitra,2226,met_82115_additional_003__marker_zip_001__001.33e793b5..jpg..zip,data/raw/image_anomaly/anomalous/mitra/files/jpg/met_82115_additional_003/8bea3efabf4ff716e8d0/met_82115_additional_003__marker_zip_001__001.33e793b5..jpg..zip,296329,64,2,1,0,0,0.21875,archive,0,0,0,1,0,1,0,1,0,0,5,7.968779981322493,3.521168095986934,0.3746713956447057,0.01036348113077019,256,6,0,1,0,0,0,1,1,0,0,0,0,0.0,0
1,mitra,image_anomaly_mitra,2227,met_82115_additional_003__marker_zip_001__002.9c04c60e..zip..jpg,data/raw/image_anomaly/anomalous/mitra/files/jpg/met_82115_additional_003/8bea3efabf4ff716e8d0/met_82115_additional_003__marker_zip_001__002.9c04c60e..zip..jpg,296325,64,2,1,0,0,0.21875,image,0,0,0,1,0,1,1,0,0,0,5,7.968779911793231,3.54130924786459,0.3746730785455159,0.010363621024213279,256,6,0,1,0,0,0,1,1,2,0,0,0,0.007245423099637223,0
1,mitra,image_anomaly_mitra,2228,met_82115_additional_004__marker_pdf_001__001.339094b7..jpg..pdf,data/raw/image_anomaly/anomalous/mitra/files/jpg/met_82115_additional_004/2a89dab2e011ba207ecc/met_82115_additional_004__marker_pdf_001__001.339094b7..jpg..pdf,372543,64,2,1,0,0,0.21875,document,0,0,0,0,0,1,0,1,0,0,19,7.691704041134542,5.250824256483538,0.37776041960256934,0.00833729260783319,256,6,0,0,0,0,0,0,0,0,0,0,0,0.0,0
1,mitra,image_anomaly_mitra,2229,met_82115_additional_004__marker_zip_001__001.e95c202a..jpg..zip,data/raw/image_anomaly/anomalous/mitra/files/jpg/met_82115_additional_004/2e30d13f9d0192dfa20f/met_82115_additional_004__marker_zip_001__001.e95c202a..jpg..zip,371048,64,2,1,0,0,0.21875,archive,0,0,0,1,0,1,0,1,0,0,20,7.689010665538641,3.5222959356993737,0.3743989995903495,0.008608050710420215,256,6,0,0,0,0,0,0,0,0,0,0,0,0.0,0
1,mitra,image_anomaly_mitra,2230,met_82115_additional_004__marker_zip_001__002.e41e1bcd..zip..jpg,data/raw/image_anomaly/anomalous/mitra/files/jpg/met_82115_additional_004/2e30d13f9d0192dfa20f/met_82115_additional_004__marker_zip_001__002.e41e1bcd..zip..jpg,371044,64,2,1,0,0,0.21875,image,0,0,0,1,0,1,1,0,0,0,20,7.689007797469276,3.624137886603024,0.37440034066040684,0.008608143508586583,256,6,0,0,0,0,0,0,0,2,0,0,0,0.005786375739804443,0
1,mitra,image_anomaly_mitra,2231,met_82115_additional_004__marker_pdf_002__001.fe2b51e3..jpg..pdf,data/raw/image_anomaly/anomalous/mitra/files/jpg/met_82115_additional_004/56f872e1216d0fd1172d/met_82115_additional_004__marker_pdf_002__001.fe2b51e3..jpg..pdf,374334,64,2,1,0,0,0.21875,document,0,0,0,0,0,1,0,1,0,0,19,7.694130821864209,5.072845754531357,0.38063600955296606,0.008297402854135612,256,6,0,0,0,0,0,0,0,0,0,0,0,0.0,0
1,mitra,image_anomaly_mitra,2232,met_82115_additional_004__marker_zip_002__001.c5e20aff..jpg..zip,data/raw/image_anomaly/anomalous/mitra/files/jpg/met_82115_additional_004/7d45d422cb63e481fc32/met_82115_additional_004__marker_zip_002__001.c5e20aff..jpg..zip,403534,64,2,1,0,0,0.21875,archive,0,0,0,1,0,1,0,1,0,0,20,7.740612002260612,7.988340858219542,0.37431790134164655,0.008242180336725035,256,6,0,0,0,0,0,0,0,0,0,0,0,0.0,0
1,mitra,image_anomaly_mitra,2233,met_82115_additional_004__marker_zip_002__002.26cf288b..zip..jpg,data/raw/image_anomaly/anomalous/mitra/files/jpg/met_82115_additional_004/7d45d422cb63e481fc32/met_82115_additional_004__marker_zip_002__002.26cf288b..zip..jpg,403530,64,2,1,0,0,0.21875,image,0,0,0,1,0,1,1,0,0,0,20,7.740611545472184,3.624137886603024,0.3743191336455778,0.008242262037518896,256,6,0,0,0,0,0,0,0,2,0,0,0,0.0814487150893366,0
1,mitra,image_anomaly_mitra,2234,met_82115_primary_000__marker_pdf_001__001.9bf9033a..jpg..pdf,data/raw/image_anomaly/anomalous/mitra/files/jpg/met_82115_primary_000/c2903d003a6b38b5be8b/met_82115_primary_000__marker_pdf_001__001.9bf9033a..jpg..pdf,647803,61,2,1,0,0,0.22950819672131148,document,0,0,0,0,0,1,0,1,0,0,5,7.972147288647381,5.250824256483538,0.3722227282059515,0.010287078016001778,256,6,0,1,0,0,0,1,1,0,0,0,0,0.0,0
1,mitra,image_anomaly_mitra,2235,met_82115_primary_000__marker_pdf_002__001.06cb490f..jpg..pdf,data/raw/image_anomaly/anomalous/mitra/files/jpg/met_82115_primary_000/d7ba34aab3dad8790c0d/met_82115_primary_000__marker_pdf_002__001.06cb490f..jpg..pdf,649594,61,2,1,0,0,0.22950819672131148,document,0,0,0,0,0,1,0,1,0,0,5,7.972164949242269,5.072845754531357,0.3738950790801639,0.010258715443800281,256,6,0,1,0,0,0,1,1,0,0,0,0,0.0,0
1,mitra,image_anomaly_mitra,2236,met_82115_primary_000__marker_zip_001__001.e5cb8307..jpg..zip,data/raw/image_anomaly/anomalous/mitra/files/jpg/met_82115_primary_000/fd6c5232b2787411f338/met_82115_primary_000__marker_zip_001__001.e5cb8307..jpg..zip,646308,61,2,1,0,0,0.22950819672131148,archive,0,0,0,1,0,1,0,1,0,0,6,7.972006835049377,3.521168095986934,0.37028011412515394,0.010447031446307334,256,6,0,1,0,0,0,1,1,0,0,0,0,0.0,0
1,mitra,image_anomaly_mitra,2237,met_82115_primary_000__marker_zip_001__002.1afb9a52..zip..jpg,data/raw/image_anomaly/anomalous/mitra/files/jpg/met_82115_primary_000/fd6c5232b2787411f338/met_82115_primary_000__marker_zip_001__002.1afb9a52..zip..jpg,646304,61,2,1,0,0,0.22950819672131148,image,0,0,0,1,0,1,1,0,0,0,6,7.972006324520689,3.5346553989731953,0.370280858543348,0.01044709610338169,256,6,0,1,0,0,0,1,1,2,0,0,0,0.0033219661335841958,0
1,mitra,image_anomaly_mitra,2238,met_82115_primary_000__marker_zip_002__001.31c14ace..jpg..zip,data/raw/image_anomaly/anomalous/mitra/files/jpg/met_82115_primary_000/fdc77afceff141f2ad6d/met_82115_primary_000__marker_zip_002__001.31c14ace..jpg..zip,678794,61,2,1,0,0,0.22950819672131148,archive,0,0,0,1,0,1,0,1,0,0,6,7.9745326101590885,7.988340858219542,0.3704290255953942,0.010141515688117456,256,6,0,1,0,0,0,1,1,0,0,0,0,0.0,0
1,mitra,image_anomaly_mitra,2239,met_82115_primary_000__marker_zip_002__002.8caa623f..zip..jpg,data/raw/image_anomaly/anomalous/mitra/files/jpg/met_82115_primary_000/fdc77afceff141f2ad6d/met_82115_primary_000__marker_zip_002__002.8caa623f..zip..jpg,678790,61,2,1,0,0,0.22950819672131148,image,0,0,0,1,0,1,1,0,0,0,6,7.97453270304514,3.5346553989731953,0.3704297352642202,0.01014157545043386,256,6,0,1,0,0,0,1,1,2,0,0,0,0.048419982616125755,0
1,mitra,image_anomaly_mitra,2240,met_821168_additional_001__marker_pdf_001__001.d067f6c3..jpg..pdf,data/raw/image_anomaly/anomalous/mitra/files/jpg/met_821168_additional_001/0f275c2c578fd9d2f980/met_821168_additional_001__marker_pdf_001__001.d067f6c3..jpg..pdf,3477397,65,2,1,0,0,0.2153846153846154,document,0,0,0,0,0,1,0,1,0,0,84,7.969254813332038,5.250824256483538,0.3789147457135323,0.010760922609641637,256,12,0,0,0,0,0,0,0,0,0,0,0,0.0,0
1,mitra,image_anomaly_mitra,2241,met_821168_additional_001__marker_pdf_002__001.34b3ed0d..jpg..pdf,data/raw/image_anomaly/anomalous/mitra/files/jpg/met_821168_additional_001/820ec0caeaa45a56949d/met_821168_additional_001__marker_pdf_002__001.34b3ed0d..jpg..pdf,3479188,65,2,1,0,0,0.2153846153846154,document,0,0,0,0,0,1,0,1,0,0,84,7.969249069078889,5.072845754531357,0.3792235429646228,0.010755383152620668,256,12,0,0,0,0,0,0,0,0,0,0,0,0.0,0
1,mitra,image_anomaly_mitra,2242,met_821168_additional_001__marker_zip_002__001.352bcd92..jpg..zip,data/raw/image_anomaly/anomalous/mitra/files/jpg/met_821168_additional_001/aa86fc3c635b38c88ad2/met_821168_additional_001__marker_zip_002__001.352bcd92..jpg..zip,3508388,65,2,1,0,0,0.2153846153846154,archive,0,0,0,1,0,1,0,1,0,0,85,7.969770512394219,7.988340858219542,0.3785085914100721,0.010728573920558388,256,12,0,0,0,0,0,0,0,0,0,0,0,0.0,0
1,mitra,image_anomaly_mitra,2243,met_821168_additional_001__marker_zip_002__002.372ce8ed..zip..jpg,data/raw/image_anomaly/anomalous/mitra/files/jpg/met_821168_additional_001/aa86fc3c635b38c88ad2/met_821168_additional_001__marker_zip_002__002.372ce8ed..zip..jpg,3508384,65,2,1,0,0,0.2153846153846154,image,0,0,0,1,0,1,1,0,0,0,85,7.9697703278986145,6.391988599777972,0.3785087379260651,0.01072858615248502,256,12,0,0,0,0,0,0,0,2,0,0,0,0.009368130740534674,0
1,mitra,image_anomaly_mitra,2244,met_821168_additional_001__marker_zip_001__001.81968008..jpg..zip,data/raw/image_anomaly/anomalous/mitra/files/jpg/met_821168_additional_001/b4b8f1810f1b982f01b6/met_821168_additional_001__marker_zip_001__001.81968008..jpg..zip,3475902,65,2,1,0,0,0.2153846153846154,archive,0,0,0,1,0,1,0,1,0,0,85,7.969224171880703,6.235765181738284,0.3785564149967404,0.010790868096971664,256,12,0,0,0,0,0,0,0,0,0,0,0,0.0,0
1,mitra,image_anomaly_mitra,2245,met_821168_additional_001__marker_zip_001__002.773b1376..zip..jpg,data/raw/image_anomaly/anomalous/mitra/files/jpg/met_821168_additional_001/b4b8f1810f1b982f01b6/met_821168_additional_001__marker_zip_001__002.773b1376..zip..jpg,3475898,65,2,1,0,0,0.2153846153846154,image,0,0,0,1,0,1,1,0,0,0,85,7.969223734667646,6.391988599777972,0.37855656293711726,0.010790880514905789,256,12,0,0,0,0,0,0,0,2,0,0,0,0.000617682106897268,0
1,mitra,image_anomaly_mitra,2246,met_821168_additional_002__marker_zip_002__001.6554ce79..jpg..zip,data/raw/image_anomaly/anomalous/mitra/files/jpg/met_821168_additional_002/23c7b2638b8df6f6e649/met_821168_additional_002__marker_zip_002__001.6554ce79..jpg..zip,3747257,65,2,1,0,0,0.2153846153846154,archive,0,0,0,1,0,1,0,1,0,0,79,7.97053282800471,7.988340858219542,0.383005489081747,0.008563597319319171,256,12,0,0,0,0,0,0,0,0,0,0,0,0.0,0
1,mitra,image_anomaly_mitra,2247,met_821168_additional_002__marker_zip_002__002.3bd0a4f2..zip..jpg,data/raw/image_anomaly/anomalous/mitra/files/jpg/met_821168_additional_002/23c7b2638b8df6f6e649/met_821168_additional_002__marker_zip_002__002.3bd0a4f2..zip..jpg,3747253,65,2,1,0,0,0.2153846153846154,image,0,0,0,1,0,1,1,0,0,0,79,7.970532546060418,6.434204764311032,0.38300563105827123,0.008563606460519213,256,12,0,0,0,0,0,0,0,2,0,0,0,0.008770958352691958,0
1,mitra,image_anomaly_mitra,2248,met_821168_additional_002__marker_zip_001__001.7479c8dd..jpg..zip,data/raw/image_anomaly/anomalous/mitra/files/jpg/met_821168_additional_002/4fa3ca31d5c17c7ca9c9/met_821168_additional_002__marker_zip_001__001.7479c8dd..jpg..zip,3714771,65,2,1,0,0,0.2153846153846154,archive,0,0,0,1,0,1,0,1,0,0,79,7.9700222782823245,6.264924559710618,0.3830895632597541,0.008602952914190404,256,12,0,0,0,0,0,0,0,0,0,0,0,0.0,0
1,mitra,image_anomaly_mitra,2249,met_821168_additional_002__marker_zip_001__002.da5cbc2e..zip..jpg,data/raw/image_anomaly/anomalous/mitra/files/jpg/met_821168_additional_002/4fa3ca31d5c17c7ca9c9/met_821168_additional_002__marker_zip_001__002.da5cbc2e..zip..jpg,3714767,65,2,1,0,0,0.2153846153846154,image,0,0,0,1,0,1,1,0,0,0,79,7.970021708476808,6.434204764311032,0.3830897065684066,0.008602962177708588,256,12,0,0,0,0,0,0,0,2,0,0,0,0.0005779635707973071,0
1,mitra,image_anomaly_mitra,2250,met_821168_additional_002__marker_pdf_001__001.7c17372a..jpg..pdf,data/raw/image_anomaly/anomalous/mitra/files/jpg/met_821168_additional_002/8b8e9a585e2cd83a611b/met_821168_additional_002__marker_pdf_001__001.7c17372a..jpg..pdf,3716266,65,2,1,0,0,0.2153846153846154,document,0,0,0,0,0,1,0,1,0,0,78,7.970032997673058,5.250824256483538,0.38342303807100997,0.008575812388026046,256,12,0,0,0,0,0,0,0,0,0,0,0,0.0,0
1,mitra,image_anomaly_mitra,2251,met_821168_additional_002__marker_pdf_002__001.85ee357b..jpg..pdf,data/raw/image_anomaly/anomalous/mitra/files/jpg/met_821168_additional_002/9ab48bab74d8ba5c2dfe/met_821168_additional_002__marker_pdf_002__001.85ee357b..jpg..pdf,3718057,65,2,1,0,0,0.2153846153846154,document,0,0,0,0,0,1,0,1,0,0,78,7.970018638361905,5.072845754531357,0.38370982478213755,0.008571681391651608,256,12,0,0,0,0,0,0,0,0,0,0,0,0.0,0
1,mitra,image_anomaly_mitra,2252,met_821168_additional_003__marker_zip_002__001.5e888db8..jpg..zip,data/raw/image_anomaly/anomalous/mitra/files/jpg/met_821168_additional_003/356b125f43ea51fb89a8/met_821168_additional_003__marker_zip_002__001.5e888db8..jpg..zip,4334060,65,2,1,0,0,0.2153846153846154,archive,0,0,0,1,0,1,0,1,0,0,73,7.975006700507137,7.988340858219542,0.38156255335643713,0.00811894620748213,256,12,0,0,0,0,0,0,0,0,0,0,0,0.0,0
1,mitra,image_anomaly_mitra,2253,met_821168_additional_003__marker_pdf_002__001.5cfdd568..jpg..pdf,data/raw/image_anomaly/anomalous/mitra/files/jpg/met_821168_additional_003/3e7e992ff1de8307fa01/met_821168_additional_003__marker_pdf_002__001.5cfdd568..jpg..pdf,4304860,65,2,1,0,0,0.2153846153846154,document,0,0,0,0,0,1,0,1,0,0,72,7.974642648829367,5.072845754531357,0.38216109234678947,0.008122912243371446,256,12,0,0,0,0,0,0,0,0,0,0,0,0.0,0
1,mitra,image_anomaly_mitra,2254,met_821168_additional_003__marker_pdf_001__001.c8e71e4d..jpg..pdf,data/raw/image_anomaly/anomalous/mitra/files/jpg/met_821168_additional_003/6e5c4d293b176ef6d080/met_821168_additional_003__marker_pdf_001__001.c8e71e4d..jpg..pdf,4303069,65,2,1,0,0,0.2153846153846154,document,0,0,0,0,0,1,0,1,0,0,72,7.974649730317816,5.250824256483538,0.38191276969995136,0.008126293117772455,256,12,0,0,0,0,0,0,0,0,0,0,0,0.0,0
1,mitra,image_anomaly_mitra,2255,met_821168_additional_003__marker_zip_001__001.2f2f7e13..jpg..zip,data/raw/image_anomaly/anomalous/mitra/files/jpg/met_821168_additional_003/c768caeac762e17aee09/met_821168_additional_003__marker_zip_001__001.2f2f7e13..jpg..zip,4301574,65,2,1,0,0,0.2153846153846154,archive,0,0,0,1,0,1,0,1,0,0,73,7.974635192889143,6.26005293597519,0.38162426125878574,0.008149575016029016,256,12,0,0,0,0,0,0,0,0,0,0,0,0.0,0
1,mitra,image_anomaly_mitra,2256,met_821168_primary_000__marker_pdf_001__001.295e2446..jpg..pdf,data/raw/image_anomaly/anomalous/mitra/files/jpg/met_821168_primary_000/4cc38337bc67adbbcc32/met_821168_primary_000__marker_pdf_001__001.295e2446..jpg..pdf,6223804,62,2,1,0,0,0.22580645161290322,document,0,0,0,0,0,1,0,1,0,0,162,7.9613179599246715,5.250824256483538,0.38467342480579403,0.007052760658915351,256,13,0,0,1,0,0,0,1,0,0,0,0,0.0,0
1,mitra,image_anomaly_mitra,2257,met_821168_primary_000__marker_pdf_002__001.e0cefa2e..jpg..pdf,data/raw/image_anomaly/anomalous/mitra/files/jpg/met_821168_primary_000/acce32a1f1de3d8e7134/met_821168_primary_000__marker_pdf_002__001.e0cefa2e..jpg..pdf,6225595,62,2,1,0,0,0.22580645161290322,document,0,0,0,0,0,1,0,1,0,0,162,7.961318418598553,5.072845754531357,0.38484434017953306,0.007050731697130957,256,13,0,0,1,0,0,0,1,0,0,0,0,0.0,0
1,mitra,image_anomaly_mitra,2258,met_821168_primary_000__marker_zip_002__001.8e2c1cd0..jpg..zip,data/raw/image_anomaly/anomalous/mitra/files/jpg/met_821168_primary_000/ea0a8ada78a7f8d9f6d4/met_821168_primary_000__marker_zip_002__001.8e2c1cd0..jpg..zip,6254795,62,2,1,0,0,0.22580645161290322,archive,0,0,0,1,0,1,0,1,0,0,163,7.961696142900775,7.988340858219542,0.3844170752198913,0.007052988946879953,256,13,0,0,1,0,0,0,1,0,0,0,0,0.0,0
1,mitra,image_anomaly_mitra,2259,met_821168_primary_000__marker_zip_001__001.b8dd5da7..jpg..zip,data/raw/image_anomaly/anomalous/mitra/files/jpg/met_821168_primary_000/ea4e8005dbb9109c410c/met_821168_primary_000__marker_zip_001__001.b8dd5da7..jpg..zip,6222309,62,2,1,0,0,0.22580645161290322,archive,0,0,0,1,0,1,0,1,0,0,163,7.961295573903124,6.223329819681562,0.38447463795192427,0.007068597846876457,256,13,0,0,1,0,0,0,1,0,0,0,0,0.0,0
1,mitra,image_anomaly_mitra,2260,met_821348_primary_000__marker_pdf_002__001.6b556835..jpg..pdf,data/raw/image_anomaly/anomalous/mitra/files/jpg/met_821348_primary_000/3b36032497f5cc705144/met_821348_primary_000__marker_pdf_002__001.6b556835..jpg..pdf,3756245,62,2,1,0,0,0.22580645161290322,document,0,0,0,0,0,1,0,1,0,0,50,7.986012854150126,5.072845754531357,0.3794741823283625,0.007626765559754489,256,13,0,0,0,0,0,0,0,0,0,0,0,0.0,0
1,mitra,image_anomaly_mitra,2261,met_821348_primary_000__marker_pdf_001__001.1dfa250d..jpg..pdf,data/raw/image_anomaly/anomalous/mitra/files/jpg/met_821348_primary_000/7ab8aefcd7e6666f1d02/met_821348_primary_000__marker_pdf_001__001.1dfa250d..jpg..pdf,3754454,62,2,1,0,0,0.22580645161290322,document,0,0,0,0,0,1,0,1,0,0,50,7.986022535115237,5.250824256483538,0.3791882920925386,0.007630403781748291,256,13,0,0,0,0,0,0,0,0,0,0,0,0.0,0
1,mitra,image_anomaly_mitra,2262,met_821348_primary_000__marker_zip_001__001.953a1f98..jpg..zip,data/raw/image_anomaly/anomalous/mitra/files/jpg/met_821348_primary_000/9cbc9470a0d55d27b2fd/met_821348_primary_000__marker_zip_001__001.953a1f98..jpg..zip,3752959,62,2,1,0,0,0.22580645161290322,archive,0,0,0,1,0,1,0,1,0,0,51,7.986004710163763,6.267433948079961,0.3788565236124349,0.007656891535452425,256,13,0,0,0,0,0,0,0,0,0,0,0,0.0,0
1,mitra,image_anomaly_mitra,2263,met_821348_primary_000__marker_zip_001__002.5cf13a25..zip..jpg,data/raw/image_anomaly/anomalous/mitra/files/jpg/met_821348_primary_000/9cbc9470a0d55d27b2fd/met_821348_primary_000__marker_zip_001__002.5cf13a25..zip..jpg,3752955,62,2,1,0,0,0.22580645161290322,image,0,0,0,1,0,1,1,0,0,0,51,7.986004551207104,6.454464963454321,0.3788566609511705,0.0076568996963725915,256,13,0,0,0,0,0,0,0,2,0,0,0,0.0005720825322978827,0
1,mitra,image_anomaly_mitra,2264,met_821348_primary_000__marker_zip_002__001.c9ebb6f4..jpg..zip,data/raw/image_anomaly/anomalous/mitra/files/jpg/met_821348_primary_000/c03d3c30d27b56dd0f5d/met_821348_primary_000__marker_zip_002__001.c9ebb6f4..jpg..zip,3785445,62,2,1,0,0,0.22580645161290322,archive,0,0,0,1,0,1,0,1,0,0,51,7.986236512863451,7.988340858219542,0.3788096247601009,0.007626051890860916,256,13,0,0,0,0,0,0,0,0,0,0,0,0.0,0
1,mitra,image_anomaly_mitra,2265,met_821348_primary_000__marker_zip_002__002.faf05ab8..zip..jpg,data/raw/image_anomaly/anomalous/mitra/files/jpg/met_821348_primary_000/c03d3c30d27b56dd0f5d/met_821348_primary_000__marker_zip_002__002.faf05ab8..zip..jpg,3785441,62,2,1,0,0,0.22580645161290322,image,0,0,0,1,0,1,1,0,0,0,51,7.986236474535714,6.454464963454321,0.3788097608706621,0.007626059949157839,256,13,0,0,0,0,0,0,0,2,0,0,0,0.008682475833066743,0
1,mitra,image_anomaly_mitra,2266,met_911851_primary_000__marker_zip_001__001.88584dce..jpg..zip,data/raw/image_anomaly/anomalous/mitra/files/jpg/met_911851_primary_000/84257ca2ef98871f3f5e/met_911851_primary_000__marker_zip_001__001.88584dce..jpg..zip,3210177,62,2,1,0,0,0.22580645161290322,archive,0,0,0,1,0,1,0,1,0,0,61,7.984251778502006,6.179149953033754,0.3825505571811149,0.007308942777921591,256,15,0,0,0,0,0,0,0,0,0,0,0,0.0,0
1,mitra,image_anomaly_mitra,2267,met_911851_primary_000__marker_zip_001__002.f6d9b650..zip..jpg,data/raw/image_anomaly/anomalous/mitra/files/jpg/met_911851_primary_000/84257ca2ef98871f3f5e/met_911851_primary_000__marker_zip_001__002.f6d9b650..zip..jpg,3210173,62,2,1,0,0,0.22580645161290322,image,0,0,0,1,0,1,1,0,0,0,61,7.984251347041618,6.354355215238762,0.3825507223442475,0.007308951885147623,256,15,0,0,0,0,0,0,0,2,0,0,0,0.0006688113070541681,0
1,mitra,image_anomaly_mitra,2268,met_911851_primary_000__marker_pdf_002__001.22a4b47f..jpg..pdf,data/raw/image_anomaly/anomalous/mitra/files/jpg/met_911851_primary_000/84eab1ed2e83bf253f30/met_911851_primary_000__marker_pdf_002__001.22a4b47f..jpg..pdf,3213463,62,2,1,0,0,0.22580645161290322,document,0,0,0,0,0,1,0,1,0,0,60,7.984217212865879,5.072845754531357,0.38326876643670704,0.007274084064450096,256,15,0,0,0,0,0,0,0,0,0,0,0,0.0,0
1,mitra,image_anomaly_mitra,2269,met_911851_primary_000__marker_zip_002__001.4c88f7f9..jpg..zip,data/raw/image_anomaly/anomalous/mitra/files/jpg/met_911851_primary_000/cdcfad7c1e6b4897bc4f/met_911851_primary_000__marker_zip_002__001.4c88f7f9..jpg..zip,3242663,62,2,1,0,0,0.22580645161290322,archive,0,0,0,1,0,1,0,1,0,0,61,7.984555172230088,7.988340858219542,0.3824588000664886,0.007276426813393806,256,15,0,0,0,0,0,0,0,0,0,0,0,0.0,0
1,mitra,image_anomaly_mitra,2270,met_911851_primary_000__marker_zip_002__002.89e1ccae..zip..jpg,data/raw/image_anomaly/anomalous/mitra/files/jpg/met_911851_primary_000/cdcfad7c1e6b4897bc4f/met_911851_primary_000__marker_zip_002__002.89e1ccae..zip..jpg,3242659,62,2,1,0,0,0.22580645161290322,image,0,0,0,1,0,1,1,0,0,0,61,7.984554898258034,6.354355215238762,0.38245896346177627,0.007276435789270472,256,15,0,0,0,0,0,0,0,2,0,0,0,0.010135817549733105,0
1,mitra,image_anomaly_mitra,2271,met_911851_primary_000__marker_pdf_001__001.a2db1e03..jpg..pdf,data/raw/image_anomaly/anomalous/mitra/files/jpg/met_911851_primary_000/e960f9308c3ce2ad8532/met_911851_primary_000__marker_pdf_001__001.a2db1e03..jpg..pdf,3211672,62,2,1,0,0,0.22580645161290322,document,0,0,0,0,0,1,0,1,0,0,60,7.9842448374005475,5.250824256483538,0.3829366759743834,0.0072781404825897535,256,15,0,0,0,0,0,0,0,0,0,0,0,0.0,0
1,mitra,image_anomaly_mitra,2272,met_912370_primary_000__marker_zip_001__001.37c73c9f..jpg..zip,data/raw/image_anomaly/anomalous/mitra/files/jpg/met_912370_primary_000/1879ee8f712c2d36ac3b/met_912370_primary_000__marker_zip_001__001.37c73c9f..jpg..zip,2682208,62,2,1,0,0,0.22580645161290322,archive,0,0,0,1,0,1,0,1,0,0,47,7.982040573778834,7.588537517164965,0.3811110100335246,0.008011682911988928,256,15,0,2,0,0,0,2,2,0,0,0,0,0.0,0
1,mitra,image_anomaly_mitra,2273,met_912370_primary_000__marker_zip_001__002.00ef7984..zip..jpg,data/raw/image_anomaly/anomalous/mitra/files/jpg/met_912370_primary_000/1879ee8f712c2d36ac3b/met_912370_primary_000__marker_zip_001__002.00ef7984..zip..jpg,2682204,62,2,1,0,0,0.22580645161290322,image,0,0,0,1,0,1,1,0,0,0,47,7.982039988513099,7.682332837415175,0.3811112055608,0.0080116948598988,256,15,0,2,0,0,0,2,2,2,0,0,0,0.0008004611133232223,0
1,mitra,image_anomaly_mitra,2274,met_912370_primary_000__marker_pdf_001__001.b776da4d..jpg..pdf,data/raw/image_anomaly/anomalous/mitra/files/jpg/met_912370_primary_000/28a5ebc3a103c2ddbf04/met_912370_primary_000__marker_pdf_001__001.b776da4d..jpg..pdf,2683703,62,2,1,0,0,0.22580645161290322,document,0,0,0,0,0,1,0,1,0,0,46,7.982036746759003,5.250824256483538,0.38157389249108414,0.007974429361222161,256,15,0,2,0,0,0,2,2,0,0,0,0,0.0,0
1,mitra,image_anomaly_mitra,2275,met_912370_primary_000__marker_zip_002__001.0e460eee..jpg..zip,data/raw/image_anomaly/anomalous/mitra/files/jpg/met_912370_primary_000/38aba96becf482a15331/met_912370_primary_000__marker_zip_002__001.0e460eee..jpg..zip,2714694,62,2,1,0,0,0.22580645161290322,archive,0,0,0,1,0,1,0,1,0,0,47,7.9824569622042,7.988340858219542,0.3810186341444008,0.007964433560467589,256,15,0,2,0,0,0,2,2,0,0,0,0,0.0,0
1,mitra,image_anomaly_mitra,2276,met_912370_primary_000__marker_zip_002__002.b3150d2c..zip..jpg,data/raw/image_anomaly/anomalous/mitra/files/jpg/met_912370_primary_000/38aba96becf482a15331/met_912370_primary_000__marker_zip_002__002.b3150d2c..zip..jpg,2714690,62,2,1,0,0,0.22580645161290322,image,0,0,0,1,0,1,1,0,0,0,47,7.982456637546386,7.682332837415175,0.38101882719573876,0.007964445295779629,256,15,0,2,0,0,0,2,2,2,0,0,0,0.012107091417436246,0
1,mitra,image_anomaly_mitra,2277,met_912370_primary_000__marker_pdf_002__001.23649571..jpg..pdf,data/raw/image_anomaly/anomalous/mitra/files/jpg/met_912370_primary_000/e8e0699e4b799e2a2468/met_912370_primary_000__marker_pdf_002__001.23649571..jpg..pdf,2685494,62,2,1,0,0,0.22580645161290322,document,0,0,0,0,0,1,0,1,0,0,46,7.982008162747233,5.072845754531357,0.38197218090973206,0.00796911108347291,256,15,0,2,0,0,0,2,2,0,0,0,0,0.0,0
1,mitra,image_anomaly_mitra,2278,st6-cdj83_1__marker_pdf_002__001.1f178fa3..jpg..pdf,data/raw/image_anomaly/anomalous/mitra/files/jpg/st6-cdj83_1/7e56783ab54ea52ef965/st6-cdj83_1__marker_pdf_002__001.1f178fa3..jpg..pdf,134034,51,2,1,0,0,0.2549019607843137,document,0,0,0,0,0,1,0,1,0,0,2,7.704473991783173,5.072845754531357,0.3212393870212036,0.025612904188489487,256,0,0,0,0,0,0,0,0,0,0,0,0,0.0,0
1,mitra,image_anomaly_mitra,2279,st6-cdj83_1__marker_zip_001__001.bcc4bab6..jpg..zip,data/raw/image_anomaly/anomalous/mitra/files/jpg/st6-cdj83_1/cd05a0b5dc304a43a6df/st6-cdj83_1__marker_zip_001__001.bcc4bab6..jpg..zip,130748,51,2,1,0,0,0.2549019607843137,archive,0,0,0,1,0,1,0,1,0,0,3,7.681754849281022,7.496521510393354,0.30204668522654265,0.026929666228164104,256,0,0,0,0,0,0,0,0,0,0,0,0,0.0,0
1,mitra,image_anomaly_mitra,2280,st6-cdj83_1__marker_zip_001__002.50f4ebe2..zip..jpg,data/raw/image_anomaly/anomalous/mitra/files/jpg/st6-cdj83_1/cd05a0b5dc304a43a6df/st6-cdj83_1__marker_zip_001__002.50f4ebe2..zip..jpg,130744,51,2,1,0,0,0.2549019607843137,image,0,0,0,1,0,1,1,0,0,0,3,7.681771497998986,7.493440485054453,0.3020482775500214,0.026930490118093373,256,0,0,0,0,0,0,0,0,2,0,0,0,0.016421403659058923,0
1,mitra,image_anomaly_mitra,2281,st6-cdj83_1__marker_zip_002__001.2322017b..jpg..zip,data/raw/image_anomaly/anomalous/mitra/files/jpg/st6-cdj83_1/d13b847e3fcc88982059/st6-cdj83_1__marker_zip_002__001.2322017b..jpg..zip,163234,51,2,1,0,0,0.2549019607843137,archive,0,0,0,1,0,1,0,1,0,0,3,7.791240793238517,7.988340858219542,0.31624539005354274,0.022378916157173138,256,0,0,0,0,0,0,0,0,0,0,0,0,0.0,0
1,mitra,image_anomaly_mitra,2282,st6-cdj83_1__marker_zip_002__002.466f4b43..zip..jpg,data/raw/image_anomaly/anomalous/mitra/files/jpg/st6-cdj83_1/d13b847e3fcc88982059/st6-cdj83_1__marker_zip_002__002.466f4b43..zip..jpg,163230,51,2,1,0,0,0.2549019607843137,image,0,0,0,1,0,1,1,0,0,0,3,7.791249782970895,7.493440485054453,0.31624701341665135,0.02237946455921093,256,0,0,0,0,0,0,0,0,2,0,0,0,0.20135391778472095,0
1,mitra,image_anomaly_mitra,2283,st6-cdj83_1__marker_pdf_001__001.f959a7cf..jpg..pdf,data/raw/image_anomaly/anomalous/mitra/files/jpg/st6-cdj83_1/da79fe21b74291e9f8a0/st6-cdj83_1__marker_pdf_001__001.f959a7cf..jpg..pdf,132243,51,2,1,0,0,0.2549019607843137,document,0,0,0,0,0,1,0,1,0,0,2,7.694999612625966,5.250824256483538,0.31233411220253626,0.025959786151251864,256,0,0,0,0,0,0,0,0,0,0,0,0,0.0,0
1,mitra,image_anomaly_mitra,2284,-__marker_zip_002__001.4bbb93d7..jpg..zip,data/raw/image_anomaly/anomalous/mitra/files/jpg/갓오브워 - 복사본/0f358be341a681f40753/-__marker_zip_002__001.4bbb93d7..jpg..zip,272310,41,2,1,0,0,0.2926829268292683,archive,0,0,0,1,0,1,0,1,0,0,5,7.964999664068927,7.988340858219542,0.3776174213212882,0.00531012449047042,256,0,0,0,0,0,0,0,0,0,0,0,0,0.0,0
1,mitra,image_anomaly_mitra,2285,-__marker_zip_002__002.f42c8a4f..zip..jpg,data/raw/image_anomaly/anomalous/mitra/files/jpg/갓오브워 - 복사본/0f358be341a681f40753/-__marker_zip_002__002.f42c8a4f..zip..jpg,272306,41,2,1,0,0,0.2926829268292683,image,0,0,0,1,0,1,1,0,0,0,5,7.9649969949344515,7.785387404550233,0.3776192959391273,0.005310202492783854,256,0,0,0,0,0,0,0,0,2,0,0,0,0.12069877270423715,0
1,mitra,image_anomaly_mitra,2286,-__marker_pdf_001__001.4cc2e611..jpg..pdf,data/raw/image_anomaly/anomalous/mitra/files/jpg/갓오브워 - 복사본/d421d26879efc8cb5a0f/-__marker_pdf_001__001.4cc2e611..jpg..pdf,241319,41,2,1,0,0,0.2926829268292683,document,0,0,0,0,0,1,0,1,0,0,4,7.955184536466407,5.250824256483538,0.3833556412880876,0.005080412234428288,256,0,0,0,0,0,0,0,0,0,0,0,0,0.0,0
1,mitra,image_anomaly_mitra,2287,-__marker_zip_001__001.60e9500d..jpg..zip,data/raw/image_anomaly/anomalous/mitra/files/jpg/갓오브워 - 복사본/d6692fc868e4cdf20e73/-__marker_zip_001__001.60e9500d..jpg..zip,239824,41,2,1,0,0,0.2926829268292683,archive,0,0,0,1,0,1,0,1,0,0,5,7.954509302155422,7.744168661733874,0.37818983921542465,0.005479017946494096,256,0,0,0,0,0,0,0,0,0,0,0,0,0.0,0
1,mitra,image_anomaly_mitra,2288,-__marker_zip_001__002.aa78fe06..zip..jpg,data/raw/image_anomaly/anomalous/mitra/files/jpg/갓오브워 - 복사본/d6692fc868e4cdf20e73/-__marker_zip_001__002.aa78fe06..zip..jpg,239820,41,2,1,0,0,0.2926829268292683,image,0,0,0,1,0,1,1,0,0,0,5,7.954505018155138,7.785387404550233,0.3781919773163206,0.005479109331998999,256,0,0,0,0,0,0,0,0,2,0,0,0,0.00895254774414144,0
1,mitra,image_anomaly_mitra,2289,-__marker_pdf_002__001.3d438d31..jpg..pdf,data/raw/image_anomaly/anomalous/mitra/files/jpg/갓오브워 - 복사본/e9d3fc56ce1e20f214c5/-__marker_pdf_002__001.3d438d31..jpg..pdf,243110,41,2,1,0,0,0.2926829268292683,document,0,0,0,0,0,1,0,1,0,0,4,7.955183395985154,5.072845754531357,0.3877421743243799,0.005042984657151084,256,0,0,0,0,0,0,0,0,0,0,0,0,0.0,0
1,mitra,image_anomaly_mitra,2290,commons_16116361__marker_pdf_001__001.a6ffc0f4..png..pdf,data/raw/image_anomaly/anomalous/mitra/files/png/commons_16116361/0a674a2a4bebae90f6ef/commons_16116361__marker_pdf_001__001.a6ffc0f4..png..pdf,249562,56,2,1,0,0,0.21428571428571427,document,0,0,0,0,0,1,0,1,0,0,10,7.988432265266064,5.2736317444882275,0.383720277926928,0.0034700795794231493,256,0,0,0,0,0,0,0,0,0,0,0,0,0.0,0
1,mitra,image_anomaly_mitra,2291,commons_16116361__marker_zip_002__001.9b09fffb..png..zip,data/raw/image_anomaly/anomalous/mitra/files/png/commons_16116361/1fbdab291d8fa57264f4/commons_16116361__marker_zip_002__001.9b09fffb..png..zip,280553,56,2,1,0,0,0.21428571428571427,archive,0,0,0,1,0,1,0,1,0,0,11,7.991274813684497,7.987127701736326,0.37811037486678095,0.0038709263490320904,256,0,0,0,0,0,0,0,0,0,0,0,0,0.0,0
1,mitra,image_anomaly_mitra,2292,commons_16116361__marker_zip_002__002.0dc295a7..zip..png,data/raw/image_anomaly/anomalous/mitra/files/png/commons_16116361/1fbdab291d8fa57264f4/commons_16116361__marker_zip_002__002.0dc295a7..zip..png,280541,56,2,1,0,0,0.21428571428571427,image,0,0,0,1,0,1,1,0,0,0,11,7.991276015499483,4.293852353126395,0.37810159655807885,0.003863962843220777,256,0,0,0,0,0,0,0,0,2,0,0,0,0.11715578115141816,0
1,mitra,image_anomaly_mitra,2293,commons_16116361__marker_zip_001__001.6c466387..png..zip,data/raw/image_anomaly/anomalous/mitra/files/png/commons_16116361/741a1efbb5f4378e23d9/commons_16116361__marker_zip_001__001.6c466387..png..zip,248067,56,2,1,0,0,0.21428571428571427,archive,0,0,0,1,0,1,0,1,0,0,11,7.988934976210762,7.865899912205783,0.37872429625867204,0.0038457352247578277,256,0,0,0,0,0,0,0,0,0,0,0,0,0.0,0
1,mitra,image_anomaly_mitra,2294,commons_16116361__marker_zip_001__002.2f1c6c1c..zip..png,data/raw/image_anomaly/anomalous/mitra/files/png/commons_16116361/741a1efbb5f4378e23d9/commons_16116361__marker_zip_001__002.2f1c6c1c..zip..png,248055,56,2,1,0,0,0.21428571428571427,image,0,0,0,1,0,1,1,0,0,0,11,7.988934617788159,4.293852353126395,0.3787184293805809,0.0038378585394368185,256,0,0,0,0,0,0,0,0,2,0,0,0,0.00865533853379291,0
1,mitra,image_anomaly_mitra,2295,commons_16116361__marker_pdf_002__001.13f59cca..png..pdf,data/raw/image_anomaly/anomalous/mitra/files/png/commons_16116361/d169f8103b425c31493f/commons_16116361__marker_pdf_002__001.13f59cca..png..pdf,251353,56,2,1,0,0,0.21428571428571427,document,0,0,0,0,0,1,0,1,0,0,10,7.987752341251564,5.104877297470042,0.38796035853958377,0.003445353745529196,256,0,0,0,0,0,0,0,0,0,0,0,0,0.0,0
1,mitra,image_anomaly_mitra,2296,commons_922761__marker_zip_002__001.a2843d96..png..zip,data/raw/image_anomaly/anomalous/mitra/files/png/commons_922761/7f5160fec60cf7b1f9df/commons_922761__marker_zip_002__001.a2843d96..png..zip,896821,54,2,1,0,0,0.2222222222222222,archive,0,0,0,1,0,1,0,1,0,0,13,7.992849729369248,7.987127701736326,0.3792562841414284,0.0019602573980760933,256,0,0,0,0,0,0,0,0,0,0,0,0,0.0,0
1,mitra,image_anomaly_mitra,2297,commons_922761__marker_zip_002__002.1e71c81c..zip..png,data/raw/image_anomaly/anomalous/mitra/files/png/commons_922761/7f5160fec60cf7b1f9df/commons_922761__marker_zip_002__002.1e71c81c..zip..png,896809,54,2,1,0,0,0.2222222222222222,image,0,0,0,1,0,1,1,0,0,0,13,7.992847499901115,5.029598182252591,0.3792535534322247,0.0019580534985710447,256,0,0,0,0,0,0,0,0,2,0,0,0,0.03664882934939324,0
1,mitra,image_anomaly_mitra,2298,commons_922761__marker_pdf_001__001.35614843..png..pdf,data/raw/image_anomaly/anomalous/mitra/files/png/commons_922761/de7b0f17741138a9176c/commons_922761__marker_pdf_001__001.35614843..png..pdf,865830,54,2,1,0,0,0.2222222222222222,document,0,0,0,0,0,1,0,1,0,0,12,7.992132457223535,5.2736317444882275,0.38091426723490757,0.0017763302264878786,256,0,0,0,0,0,0,0,0,0,0,0,0,0.0,0
1,mitra,image_anomaly_mitra,2299,commons_922761__marker_pdf_002__001.7c189577..png..pdf,data/raw/image_anomaly/anomalous/mitra/files/png/commons_922761/ea62196b529aea05b3c3/commons_922761__marker_pdf_002__001.7c189577..png..pdf,867621,54,2,1,0,0,0.2222222222222222,document,0,0,0,0,0,1,0,1,0,0,12,7.992076093908847,5.104877297470042,0.38214842655952314,0.001772663409484095,256,0,0,0,0,0,0,0,0,0,0,0,0,0.0,0
1,mitra,image_anomaly_mitra,2300,commons_922761__marker_zip_001__001.8fae029c..png..zip,data/raw/image_anomaly/anomalous/mitra/files/png/commons_922761/f30e3a1e2010a35bd25d/commons_922761__marker_zip_001__001.8fae029c..png..zip,864335,54,2,1,0,0,0.2222222222222222,archive,0,0,0,1,0,1,0,1,0,0,13,7.992270353869392,6.948394798169557,0.37947555056777754,0.001881215038150717,256,0,0,0,0,0,0,0,0,0,0,0,0,0.0,0
1,mitra,image_anomaly_mitra,2301,commons_922761__marker_zip_001__002.30597039..zip..png,data/raw/image_anomaly/anomalous/mitra/files/png/commons_922761/f30e3a1e2010a35bd25d/commons_922761__marker_zip_001__002.30597039..zip..png,864323,54,2,1,0,0,0.2222222222222222,image,0,0,0,1,0,1,1,0,0,0,13,7.992267606528586,5.029598182252591,0.3794738772426512,0.0018789272066114173,256,0,0,0,0,0,0,0,0,2,0,0,0,0.0024840250693317196,0
