label,filename,filepath,file_size,filename_length,extension_count,has_double_extension,has_uppercase_extension,has_unicode_control_char,special_char_ratio,extension_category,is_executable_extension,is_script_extension,is_macro_document,is_archive_extension,is_unknown_extension,magic_bytes_known,magic_bytes_valid,extension_mime_mismatch,has_content_type,claimed_mime_mismatch,embedded_file_signature_count,byte_entropy,header_entropy,printable_ratio,null_byte_ratio,unique_byte_count,url_count,ip_address_count,base64_candidate_count,suspicious_command_count,execution_api_count,network_api_count,obfuscation_pattern_count,suspicious_string_count,archive_entry_count,executable_entry_count,script_entry_count,archive_depth,compression_ratio,archive_bomb_suspected
benign,002ce0d28ec990aadbbc89df457189de37d8adaadc9c084b78eb7be9a9820c81.exe,data\raw\benign\002ce0d28ec990aadbbc89df457189de37d8adaadc9c084b78eb7be9a9820c81.exe,400848,68,1,0,0,0,0.014705882352941176,executable,1,0,0,0,0,1,1,0,0,0,4,6.205815553975595,5.79758821195126,0.32219943719315053,0.21532600886121422,256,16,1,1,0,0,0,1,1,0,0,0,0,0.0,0
benign,003851675800dc05cdac1baa84cab8f68534b244906d97ced0c40f50da27df0a.exe,data\raw\benign\003851675800dc05cdac1baa84cab8f68534b244906d97ced0c40f50da27df0a.exe,54264,68,1,0,0,0,0.014705882352941176,executable,1,0,0,0,0,1,1,0,0,0,9,5.7756931132187335,5.167075108397987,0.38629662391272296,0.3273625239569512,256,22,1,0,0,0,0,0,0,0,0,0,0,0.0,0
benign,00eea85752664955047caad7d6280bc7bf1ab91c61eb9a2542c26b747a12e963.exe,data\raw\benign\00eea85752664955047caad7d6280bc7bf1ab91c61eb9a2542c26b747a12e963.exe,38400,68,1,0,0,0,0.014705882352941176,executable,1,0,0,0,0,1,1,0,0,0,9,5.8243819996080575,5.303305046158989,0.39403645833333334,0.27979166666666666,256,0,0,0,0,0,0,0,0,0,0,0,0,0.0,0
benign,0111bddac92a792c7b2ee3ab77642c33df0e01afe737b0d1fa0cbbf331d9572c.exe,data\raw\benign\0111bddac92a792c7b2ee3ab77642c33df0e01afe737b0d1fa0cbbf331d9572c.exe,65536,68,1,0,0,0,0.014705882352941176,executable,1,0,0,0,0,1,1,0,0,0,1,6.395914265227364,5.202085865594572,0.3675994873046875,0.1632843017578125,256,1,0,0,0,0,0,0,0,0,0,0,0,0.0,0
benign,016584e586de67b725ac1e3974fcca320bf81c8c489ebb17d9909735d517e7ae.exe,data\raw\benign\016584e586de67b725ac1e3974fcca320bf81c8c489ebb17d9909735d517e7ae.exe,74936,68,1,0,0,0,0.014705882352941176,executable,1,0,0,0,0,1,1,0,0,0,1,6.507932745491894,4.971791151135959,0.33962314508380487,0.19947688694352514,256,12,0,0,0,0,0,0,0,0,0,0,0,0.0,0
benign,01a38ae91ae28ca9dcc89790292ad106a3f5bf8c16318b7ac9c1e7ab4ca628d4.exe,data\raw\benign\01a38ae91ae28ca9dcc89790292ad106a3f5bf8c16318b7ac9c1e7ab4ca628d4.exe,308271,68,1,0,0,0,0.014705882352941176,executable,1,0,0,0,0,1,1,0,0,0,24,7.983542726366662,6.359161522369793,0.3602285002481583,0.012956132753324185,256,0,0,0,0,0,0,0,0,0,0,0,0,0.0,0
benign,0222aaf048e5bc28f88d03862f133bc444d358f06201e00dcc93422c81e5bcca.exe,data\raw\benign\0222aaf048e5bc28f88d03862f133bc444d358f06201e00dcc93422c81e5bcca.exe,333680,68,1,0,0,0,0.014705882352941176,executable,1,0,0,0,0,1,1,0,0,0,5,6.489113883731338,5.221951314609696,0.32445456725005994,0.21272776312634858,256,13,1,0,0,0,0,0,0,0,0,0,0,0.0,0
benign,02253301617f5201605443ec0c4ab9e3bf8667caa3ea57a0be4d0641e2394ef6.exe,data\raw\benign\02253301617f5201605443ec0c4ab9e3bf8667caa3ea57a0be4d0641e2394ef6.exe,39936,68,1,0,0,0,0.014705882352941176,executable,1,0,0,0,0,1,1,0,0,0,10,5.632788596566447,5.146996000139019,0.32677283653846156,0.3213641826923077,256,0,0,0,0,0,0,0,0,0,0,0,0,0.0,0
benign,02431aa60089b968bc59acc69796ed9418546894752d0c9766fbe3aae0a85031.exe,data\raw\benign\02431aa60089b968bc59acc69796ed9418546894752d0c9766fbe3aae0a85031.exe,35272,68,1,0,0,0,0.014705882352941176,executable,1,0,0,0,0,1,1,0,0,0,3,6.544705529079121,5.386849790621982,0.4074053073259242,0.2170843728736675,256,18,1,0,0,0,0,0,0,0,0,0,0,0.0,0
benign,03aed529543ac4ce2d9bb6b325f59686a06f1e9df112cf719a8e5222fffda801.exe,data\raw\benign\03aed529543ac4ce2d9bb6b325f59686a06f1e9df112cf719a8e5222fffda801.exe,43850,68,1,0,0,0,0.014705882352941176,executable,1,0,0,0,0,1,1,0,0,0,0,6.444695801658393,5.428785294599729,0.32775370581527935,0.12255416191562143,256,0,0,0,0,0,0,0,0,0,0,0,0,0.0,0
benign,046041aba6ba77534c36bb0c2496408d23c6a09f930c46b392f1edc70dfd66de.exe,data\raw\benign\046041aba6ba77534c36bb0c2496408d23c6a09f930c46b392f1edc70dfd66de.exe,537432,68,1,0,0,0,0.014705882352941176,executable,1,0,0,0,0,1,1,0,0,0,2,5.726576720014645,4.99572153388095,0.2976488188273121,0.2804447818514714,256,5,34,1,0,0,0,1,1,0,0,0,0,0.0,0
benign,04631dabeccc7d887cc5317c6de48266272f1c90920d644c08895bc956ba3b3b.exe,data\raw\benign\04631dabeccc7d887cc5317c6de48266272f1c90920d644c08895bc956ba3b3b.exe,125904,68,1,0,0,0,0.014705882352941176,executable,1,0,0,0,0,1,1,0,0,0,3,6.530976358908165,4.6735116962810626,0.3676531325454314,0.18096327360528658,256,16,1,0,0,0,0,0,0,0,0,0,0,0.0,0
benign,04720bfdcf20864606b17eabea2b9ead471c1fbd71bf8ce8246edb7247b5d148.exe,data\raw\benign\04720bfdcf20864606b17eabea2b9ead471c1fbd71bf8ce8246edb7247b5d148.exe,83456,68,1,0,0,0,0.014705882352941176,executable,1,0,0,0,0,1,1,0,0,0,3,6.035999044511012,3.4263356451380336,0.3675709355828221,0.24320600076687116,256,0,1,0,0,0,0,0,0,0,0,0,0,0.0,0
benign,04c3fad7c843c2155a69e4a54fcc18324d1b4d366a0868550af02dfdd9186366.exe,data\raw\benign\04c3fad7c843c2155a69e4a54fcc18324d1b4d366a0868550af02dfdd9186366.exe,140800,68,1,0,0,0,0.014705882352941176,executable,1,0,0,0,0,1,1,0,0,0,2,5.8778511948283905,5.814125892910984,0.2605184659090909,0.25509943181818184,256,1,0,0,0,0,0,0,0,0,0,0,0,0.0,0
benign,04ffb8d60a17d6405a9408e73e9cabcdaf5e396f7c4784874dc49c353e97315b.exe,data\raw\benign\04ffb8d60a17d6405a9408e73e9cabcdaf5e396f7c4784874dc49c353e97315b.exe,80896,68,1,0,0,0,0.014705882352941176,executable,1,0,0,0,0,1,1,0,0,0,2,6.0494053525491305,4.2649148857610415,0.35628461234177217,0.24280557753164558,256,0,1,0,0,0,0,0,0,0,0,0,0,0.0,0
benign,050171bc07ebcd963ce724b6b66ff8d1b6c1258e2676c59fd36db0384427bb59.exe,data\raw\benign\050171bc07ebcd963ce724b6b66ff8d1b6c1258e2676c59fd36db0384427bb59.exe,149736,68,1,0,0,0,0.014705882352941176,executable,1,0,0,0,0,1,1,0,0,0,9,5.238297186936637,5.45304856834678,0.30334722444836243,0.40053160228669127,256,20,1,0,0,0,0,0,0,0,0,0,0,0.0,0
benign,0524d1cc0e49105631e29f5e13f5dd2d1eb580899297b29cf67aa9644da62e20.exe,data\raw\benign\0524d1cc0e49105631e29f5e13f5dd2d1eb580899297b29cf67aa9644da62e20.exe,26112,68,1,0,0,0,0.014705882352941176,executable,1,0,0,0,0,1,1,0,0,0,9,5.273236910224869,5.131314059827125,0.3043811274509804,0.37997855392156865,255,0,0,0,0,0,0,0,0,0,0,0,0,0.0,0
benign,056ef243d86778e7a84a840a8562f14ae6dcf1a00492bc82c74b2d1e3c165056.exe,data\raw\benign\056ef243d86778e7a84a840a8562f14ae6dcf1a00492bc82c74b2d1e3c165056.exe,35603,68,1,0,0,0,0.014705882352941176,executable,1,0,0,0,0,0,0,0,0,0,0,7.990725946626103,7.911460278877473,0.3722439120298851,0.004241215627896525,256,0,0,0,0,0,0,0,0,0,0,0,0,0.0,0
benign,05bff93d5b773dd409d8677c4601d76a774a8ecaf6f96e8a6a06a40daee4053c.ole,data\raw\benign\05bff93d5b773dd409d8677c4601d76a774a8ecaf6f96e8a6a06a40daee4053c.ole,54784,68,0,0,0,0,0.014705882352941176,unknown,0,0,0,0,1,0,0,0,0,0,0,3.7736622028404954,4.091446597634931,0.2682717581775701,0.5629380841121495,247,32,0,1,0,0,0,1,1,0,0,0,0,0.0,0
benign,05c73c13c3635fab5c7daa5bcae4ea3a21ec0bd620291762cd13c03cd786b438.exe,data\raw\benign\05c73c13c3635fab5c7daa5bcae4ea3a21ec0bd620291762cd13c03cd786b438.exe,53704,68,1,0,0,0,0.014705882352941176,executable,1,0,0,0,0,1,1,0,0,0,2,6.3653003074471295,3.971162287337347,0.3951474750484135,0.24592209146432295,256,16,2,1,0,0,0,1,1,0,0,0,0,0.0,0
benign,069d020e698f5faaa4912dcf5c2c900d431bf4182ce549c0501af48cae61450f.exe,data\raw\benign\069d020e698f5faaa4912dcf5c2c900d431bf4182ce549c0501af48cae61450f.exe,2109728,68,1,0,0,0,0.014705882352941176,executable,1,0,0,0,0,1,1,0,0,0,5,6.408787383499776,5.14024825580868,0.33278839736686433,0.17427459843164617,256,8,0,0,0,0,2,0,2,0,0,0,0,0.0,0
benign,06ee87f1ff7d24764b66261adb6acfd0c378b62fb3a4403349a5861e06bc540b.ole,data\raw\benign\06ee87f1ff7d24764b66261adb6acfd0c378b62fb3a4403349a5861e06bc540b.ole,15701,68,0,0,0,0,0.014705882352941176,unknown,0,0,0,0,1,1,0,0,0,0,11,7.380567753135438,6.197004383284001,0.33418253614419463,0.14909878351697345,256,0,0,0,0,0,0,0,0,0,0,0,0,0.0,0
benign,07028b82ed457f66a17b116a6c66593ea5c74b8db4e6d1c1ea7a366a2570b87e.exe,data\raw\benign\07028b82ed457f66a17b116a6c66593ea5c74b8db4e6d1c1ea7a366a2570b87e.exe,53888,68,1,0,0,0,0.014705882352941176,executable,1,0,0,0,0,1,1,0,0,0,9,6.157883564208994,5.7080673513712625,0.4030581947743468,0.27117354513064135,256,20,1,0,0,0,0,0,0,0,0,0,0,0.0,0
benign,0704b67194c1ac90f93c62cd00d1742dfb0069dfc837657e29c63884a989fbb4.exe,data\raw\benign\0704b67194c1ac90f93c62cd00d1742dfb0069dfc837657e29c63884a989fbb4.exe,209920,68,1,0,0,0,0.014705882352941176,executable,1,0,0,0,0,1,1,0,0,0,0,6.542364511678223,5.424290205012997,0.311937881097561,0.13638528963414634,256,2,0,0,0,1,0,0,1,0,0,0,0,0.0,0
benign,0727bb0cfd046e9c9b57c0e23b6fe1664a369cfdd2aaf7efa78a22e5dfb3f4f2.exe,data\raw\benign\0727bb0cfd046e9c9b57c0e23b6fe1664a369cfdd2aaf7efa78a22e5dfb3f4f2.exe,43568,68,1,0,0,0,0.014705882352941176,executable,1,0,0,0,0,1,1,0,0,0,9,6.073521329062333,5.3451733697119845,0.40160209327947116,0.2855765699596034,256,20,1,0,0,0,0,0,0,0,0,0,0,0.0,0
benign,072ceab189d6abc94a7a4a76245c361a16e6a1e1b731fe0874d7399860f61227.exe,data\raw\benign\072ceab189d6abc94a7a4a76245c361a16e6a1e1b731fe0874d7399860f61227.exe,106328,68,1,0,0,0,0.014705882352941176,executable,1,0,0,0,0,1,1,0,0,0,2,6.4619002248881685,4.736033206464661,0.35867316229027163,0.1871567225942367,256,5,2,0,0,0,0,0,0,0,0,0,0,0.0,0
benign,074f238eaecb13d1c6304ead46c31ceca7e8f56d4c6d2d53b91d849efb539cd2.exe,data\raw\benign\074f238eaecb13d1c6304ead46c31ceca7e8f56d4c6d2d53b91d849efb539cd2.exe,39424,68,1,0,0,0,0.014705882352941176,executable,1,0,0,0,0,1,1,0,0,0,3,6.133424885065222,4.626594392905729,0.408887987012987,0.24003145292207792,256,1,2,0,0,0,0,0,0,0,0,0,0,0.0,0
benign,0757acc2fa68b90fbd889e673bfe5f619b8f8f92a1fa28888fac9a3dba5f3708.exe,data\raw\benign\0757acc2fa68b90fbd889e673bfe5f619b8f8f92a1fa28888fac9a3dba5f3708.exe,80896,68,1,0,0,0,0.014705882352941176,executable,1,0,0,0,0,1,1,0,0,0,3,4.984468226197889,5.632869369735693,0.3161095727848101,0.4250271954113924,256,0,1,0,0,0,0,0,0,0,0,0,0,0.0,0
benign,0758b74302db6964914e3117fb52f6b0cd4dd84d2b6c1df1aeabd2d4343acf88.exe,data\raw\benign\0758b74302db6964914e3117fb52f6b0cd4dd84d2b6c1df1aeabd2d4343acf88.exe,387152,68,1,0,0,0,0.014705882352941176,executable,1,0,0,0,0,1,1,0,0,0,4,6.32171259232491,4.7715873448651696,0.3036455965615572,0.20441583667396784,256,7,0,1,0,0,0,1,1,0,0,0,0,0.0,0
benign,07615d1ba250df0b9c8772c31ec13e14b304d62ebe6258e6ae085cd8d3bacdb4.exe,data\raw\benign\07615d1ba250df0b9c8772c31ec13e14b304d62ebe6258e6ae085cd8d3bacdb4.exe,1471512,68,1,0,0,0,0.014705882352941176,executable,1,0,0,0,0,1,1,0,0,0,5,5.545631333089847,5.5605566608330665,0.2707867825746579,0.3230473145988616,256,30,1,88,0,0,0,88,88,0,0,0,0,0.0,0
benign,077a5c96cfd8644425f870444b604bfe3aa62587073fd85a4dc75244775b99ab.exe,data\raw\benign\077a5c96cfd8644425f870444b604bfe3aa62587073fd85a4dc75244775b99ab.exe,59392,68,1,0,0,0,0.014705882352941176,executable,1,0,0,0,0,1,1,0,0,0,3,5.817026919736117,5.561236963793053,0.35193292025862066,0.27463294719827586,256,0,1,0,0,0,0,0,0,0,0,0,0,0.0,0
benign,077f6a102329e2a1da967fd3350981d2eb9c169a3c00408fe0c6ed9c0a8d1a7c.exe,data\raw\benign\077f6a102329e2a1da967fd3350981d2eb9c169a3c00408fe0c6ed9c0a8d1a7c.exe,214528,68,1,0,0,0,0.014705882352941176,executable,1,0,0,0,0,1,1,0,0,0,9,5.840342386772365,5.095488324119853,0.33838473299522676,0.2209128878281623,256,0,0,0,0,0,0,0,0,0,0,0,0,0.0,0
benign,08108ba453bc6222f93d236b3f29265aebd8b286b2f7d29de588db6a23dce550.exe,data\raw\benign\08108ba453bc6222f93d236b3f29265aebd8b286b2f7d29de588db6a23dce550.exe,29136,68,1,0,0,0,0.014705882352941176,executable,1,0,0,0,0,1,1,0,0,0,1,6.748738830226812,5.162274688777785,0.49251784733662823,0.14432317408017573,256,17,2,0,0,0,0,0,0,0,0,0,0,0.0,0
benign,081529ae6785cf10838b4e9417c42935f10793f8acab6277b5c4821b390585e3.exe,data\raw\benign\081529ae6785cf10838b4e9417c42935f10793f8acab6277b5c4821b390585e3.exe,1588224,68,1,0,0,0,0.014705882352941176,executable,1,0,0,0,0,1,1,0,0,0,138,6.624624983948848,5.266248097602801,0.32468090143455836,0.16861664349613154,256,1,2,16,0,0,0,16,16,0,0,0,0,0.0,0
benign,08805d42f83cab69e6b93d9717da43d4d61892942b2573e45ec0e97adc6b506e.exe,data\raw\benign\08805d42f83cab69e6b93d9717da43d4d61892942b2573e45ec0e97adc6b506e.exe,59904,68,1,0,0,0,0.014705882352941176,executable,1,0,0,0,0,1,1,0,0,0,9,6.000618620347384,5.406129225073825,0.3099959935897436,0.25444043803418803,256,0,0,1,1,0,0,1,2,0,0,0,0,0.0,0
benign,08bf892562a748f1582b00283d8f15ec6f9a2f252c7ba95c2b55fbc60abfbd49.exe,data\raw\benign\08bf892562a748f1582b00283d8f15ec6f9a2f252c7ba95c2b55fbc60abfbd49.exe,100336,68,1,0,0,0,0.014705882352941176,executable,1,0,0,0,0,1,1,0,0,0,2,6.204963234211213,5.598016836401266,0.3348050550151491,0.2407211768457981,256,16,1,1,0,0,0,1,1,0,0,0,0,0.0,0
benign,0945da9d00b2629379df481a2be0d9d420c05a727ec2dcbc16255acfd76a8cb3.exe,data\raw\benign\0945da9d00b2629379df481a2be0d9d420c05a727ec2dcbc16255acfd76a8cb3.exe,41368,68,1,0,0,0,0.014705882352941176,executable,1,0,0,0,0,1,1,0,0,0,9,6.026581145062131,5.220808763376341,0.3848868690775479,0.2957841810094759,256,20,1,0,0,0,0,0,0,0,0,0,0,0.0,0
benign,09df3bc5b5ba838e5898c9386252217f3361506b5798f1669dbdafe888d0f171.ole,data\raw\benign\09df3bc5b5ba838e5898c9386252217f3361506b5798f1669dbdafe888d0f171.ole,59817,68,0,0,0,0,0.014705882352941176,unknown,0,0,0,0,1,1,0,0,0,0,11,7.903120920484023,6.144820480531493,0.36375946637243595,0.04214520955581189,256,0,0,0,0,0,0,0,0,0,0,0,0,0.0,0
benign,0a2027ea20fd995fd41fbe1a6e6a361dbdc09a83741f1d9e928eddf50030c6b3.exe,data\raw\benign\0a2027ea20fd995fd41fbe1a6e6a361dbdc09a83741f1d9e928eddf50030c6b3.exe,166048,68,1,0,0,0,0.014705882352941176,executable,1,0,0,0,0,1,1,0,0,0,0,5.889641938959932,5.005795265889311,0.491062825207169,0.23452254769705144,256,8,3,1,0,0,0,1,1,0,0,0,0,0.0,0
benign,0a464a3765ffc0c23cf47345bf1185426af8e6b5711e015ca18027afcac2f2e0.exe,data\raw\benign\0a464a3765ffc0c23cf47345bf1185426af8e6b5711e015ca18027afcac2f2e0.exe,384280,68,1,0,0,0,0.014705882352941176,executable,1,0,0,0,0,1,1,0,0,0,11,6.058706599383555,5.6737626753564285,0.2781435411678984,0.221890288331425,256,10,2,0,0,0,0,0,0,0,0,0,0,0.0,0
benign,0a8deb24eef193e13c691190758c349776eab1cd65fba7b5dae77c7ee9fcc906.exe,data\raw\benign\0a8deb24eef193e13c691190758c349776eab1cd65fba7b5dae77c7ee9fcc906.exe,117760,68,1,0,0,0,0.014705882352941176,executable,1,0,0,0,0,1,1,0,0,0,10,6.097660890648286,5.3775463205217955,0.3720108695652174,0.1927139945652174,256,0,0,0,0,0,0,0,0,0,0,0,0,0.0,0
benign,0b65c9b63092c96fc737ef39a1f05e437d5bbe57f0ca2bc634a14a34a92ebcb4.exe,data\raw\benign\0b65c9b63092c96fc737ef39a1f05e437d5bbe57f0ca2bc634a14a34a92ebcb4.exe,63448,68,1,0,0,0,0.014705882352941176,executable,1,0,0,0,0,1,1,0,0,0,9,6.055306722444391,5.364752540714573,0.3970810742655403,0.2817110074391628,256,20,1,0,0,0,0,0,0,0,0,0,0,0.0,0
benign,0b832ebbd0d324e28292d883ad532fd64a344c82360cf7fa052b4028559b4427.exe,data\raw\benign\0b832ebbd0d324e28292d883ad532fd64a344c82360cf7fa052b4028559b4427.exe,78848,68,1,0,0,0,0.014705882352941176,executable,1,0,0,0,0,1,1,0,0,0,3,6.187968044129996,3.6841105403509706,0.2627714082792208,0.1891106939935065,256,0,1,0,0,0,0,0,0,0,0,0,0,0.0,0
benign,0be00b72a65e558aa92a4f197663f3496b2a3ceaa5f77bafe309727141ad77af.exe,data\raw\benign\0be00b72a65e558aa92a4f197663f3496b2a3ceaa5f77bafe309727141ad77af.exe,47744,68,1,0,0,0,0.014705882352941176,executable,1,0,0,0,0,1,1,0,0,0,9,6.021221874586258,5.2207776922704525,0.400762399463807,0.29094755361930297,256,20,1,0,0,0,0,0,0,0,0,0,0,0.0,0
benign,0bf9cfc88d56b52982655b56d577f69d2ee4b136908684015001c52c64f0a84b.exe,data\raw\benign\0bf9cfc88d56b52982655b56d577f69d2ee4b136908684015001c52c64f0a84b.exe,58552,68,1,0,0,0,0.014705882352941176,executable,1,0,0,0,0,1,1,0,0,0,2,6.518486535536848,5.041665785627033,0.34886938106298676,0.19908799016259052,256,12,0,0,0,0,0,0,0,0,0,0,0,0.0,0
benign,0c1134c20c7f2a20eeda30f998c5e70336e56fa1fde05434028d97f3eeb31c33.exe,data\raw\benign\0c1134c20c7f2a20eeda30f998c5e70336e56fa1fde05434028d97f3eeb31c33.exe,235464,68,1,0,0,0,0.014705882352941176,executable,1,0,0,0,0,1,1,0,0,0,2,6.290336883212071,4.535274021861973,0.36953419631026396,0.244534196310264,256,16,1,3,0,0,0,3,3,0,0,0,0,0.0,0
benign,0c8af4bbf3e29c4ab7dd8372725a931985b669d15b82615ab05838ed348bf558.exe,data\raw\benign\0c8af4bbf3e29c4ab7dd8372725a931985b669d15b82615ab05838ed348bf558.exe,205824,68,1,0,0,0,0.014705882352941176,executable,1,0,0,0,0,1,1,0,0,0,9,5.722149394029106,5.152626904738882,0.3107509328358209,0.2416384872512438,256,0,0,0,0,0,0,0,0,0,0,0,0,0.0,0
benign,0c9baed0badb2431a9b173609d3990ccbba7cba4455ba0e8ebe6267d8b4ae3ef.exe,data\raw\benign\0c9baed0badb2431a9b173609d3990ccbba7cba4455ba0e8ebe6267d8b4ae3ef.exe,1132320,68,1,0,0,0,0.014705882352941176,executable,1,0,0,0,0,1,1,0,0,0,5,6.3643448973668315,5.055997391697823,0.34972181008902076,0.17297848664688428,256,8,0,0,0,0,2,0,2,0,0,0,0,0.0,0
benign,0cc6ad38534c09c71a7f9366d9561d48aef9616a643466707969714c7595fd57.ole,data\raw\benign\0cc6ad38534c09c71a7f9366d9561d48aef9616a643466707969714c7595fd57.ole,41311,68,0,0,0,0,0.014705882352941176,unknown,0,0,0,0,1,1,0,0,0,0,22,7.722885630554934,6.2211540940129,0.3461305705502167,0.08496526348914332,256,0,0,0,0,0,0,0,0,0,0,0,0,0.0,0
benign,0d23b6f46e848a65911518e6658488070a7462cd605cfc3737a6bb1ef71cceac.exe,data\raw\benign\0d23b6f46e848a65911518e6658488070a7462cd605cfc3737a6bb1ef71cceac.exe,49328,68,1,0,0,0,0.014705882352941176,executable,1,0,0,0,0,1,1,0,0,0,9,6.030521802531463,5.309620764428214,0.4030368147907882,0.28865958481998055,256,20,1,0,0,0,0,0,0,0,0,0,0,0.0,0
benign,0d8d47b0b0bf9291e01f426782ba721d5be30ea9b2547f315c7ca48c367b2aa9.exe,data\raw\benign\0d8d47b0b0bf9291e01f426782ba721d5be30ea9b2547f315c7ca48c367b2aa9.exe,394200,68,1,0,0,0,0.014705882352941176,executable,1,0,0,0,0,1,1,0,0,0,2,6.611530120380664,5.527172378855762,0.33619989852866566,0.1663216641298833,256,30,0,1,1,0,0,1,2,0,0,0,0,0.0,0
benign,0db49b91804cdc30b301e0cb42ac19b1db4d13467bbd66444abfcdac2da4f6b6.exe,data\raw\benign\0db49b91804cdc30b301e0cb42ac19b1db4d13467bbd66444abfcdac2da4f6b6.exe,182736,68,1,0,0,0,0.014705882352941176,executable,1,0,0,0,0,1,1,0,0,0,2,6.37558059418826,5.746342705678502,0.3233571928902898,0.20891340513089923,256,8,0,1,0,0,0,1,1,0,0,0,0,0.0,0
benign,0db5da86ba2b75cb6ab496c8a7b37182c139b930aa0a8d8e8d2b37b1ac4b7a2c.ole,data\raw\benign\0db5da86ba2b75cb6ab496c8a7b37182c139b930aa0a8d8e8d2b37b1ac4b7a2c.ole,25105,68,0,0,0,0,0.014705882352941176,unknown,0,0,0,0,1,1,0,0,0,0,15,7.632257270394763,6.150590978462732,0.34949213304122684,0.10193188607847042,256,0,0,0,0,0,0,0,0,0,0,0,0,0.0,0
benign,0dfd9b9733913d7e1fc1ca19798b9ed57c2d4138ae5fa1ad9c6e12f1dee7062c.exe,data\raw\benign\0dfd9b9733913d7e1fc1ca19798b9ed57c2d4138ae5fa1ad9c6e12f1dee7062c.exe,21504,68,1,0,0,0,0.014705882352941176,executable,1,0,0,0,0,1,1,0,0,0,9,5.176639995654751,5.048776967828104,0.29636346726190477,0.3929036458333333,256,0,0,0,0,0,0,0,0,0,0,0,0,0.0,0
benign,0e3de1806def011049d011b07a3a012cecce53cac8ff49f52ecf6db96aa0dcdc.exe,data\raw\benign\0e3de1806def011049d011b07a3a012cecce53cac8ff49f52ecf6db96aa0dcdc.exe,132096,68,1,0,0,0,0.014705882352941176,executable,1,0,0,0,0,1,1,0,0,0,4,5.245603336614157,5.182998793901754,0.15118550145348839,0.26646529796511625,256,0,2,0,0,0,0,0,0,0,0,0,0,0.0,0
benign,0e69c9e8e2447ea2c355e3daa30c1697427fe40748a0daabf2d996ab254e89cf.exe,data\raw\benign\0e69c9e8e2447ea2c355e3daa30c1697427fe40748a0daabf2d996ab254e89cf.exe,67768,68,1,0,0,0,0.014705882352941176,executable,1,0,0,0,0,1,1,0,0,0,9,5.964788745002186,5.1981170437720845,0.4035532994923858,0.29227659072128437,256,20,1,0,0,0,0,0,0,0,0,0,0,0.0,0
benign,0e73886d15f788471581cbf3864703206fd96eb79e4683ffa332463507fdcda4.exe,data\raw\benign\0e73886d15f788471581cbf3864703206fd96eb79e4683ffa332463507fdcda4.exe,52528,68,1,0,0,0,0.014705882352941176,executable,1,0,0,0,0,1,1,0,0,0,9,6.141672582606748,5.471792819744913,0.391981419433445,0.2763097776424002,256,20,1,0,0,0,0,0,0,0,0,0,0,0.0,0
benign,0f4ecc7f67b6d098ba1dae6e2b9700caeb7a736054e6de1286835023d328decb.ole,data\raw\benign\0f4ecc7f67b6d098ba1dae6e2b9700caeb7a736054e6de1286835023d328decb.ole,2434079,68,0,0,0,0,0.014705882352941176,unknown,0,0,0,0,1,1,0,0,0,0,178,7.9663942551268825,6.386413851043218,0.3624142848280602,0.016992874923122875,256,5,0,0,0,0,0,0,0,0,0,0,0,0.0,0
benign,0fbcedf08d9e262137afba702687b2de15822149e4a282b9249907134e5ef151.exe,data\raw\benign\0fbcedf08d9e262137afba702687b2de15822149e4a282b9249907134e5ef151.exe,46608,68,1,0,0,0,0.014705882352941176,executable,1,0,0,0,0,1,1,0,0,0,9,6.040992322992448,5.23571335401361,0.4024630964641263,0.2879334019910745,256,20,1,0,0,0,0,0,0,0,0,0,0,0.0,0
benign,0fbe33fb688bc8b21db405ffc08f696f5eea215264952fb41027be527da384e7.exe,data\raw\benign\0fbe33fb688bc8b21db405ffc08f696f5eea215264952fb41027be527da384e7.exe,57344,68,1,0,0,0,0.014705882352941176,executable,1,0,0,0,0,1,1,0,0,0,3,6.1343017197214875,4.490431276948611,0.34068080357142855,0.22560337611607142,256,0,1,0,0,0,0,0,0,0,0,0,0,0.0,0
benign,0fe87602f6f2a6dd5acf209eea81ec0555fe1e02d6f781299724238b4cb2e2c1.exe,data\raw\benign\0fe87602f6f2a6dd5acf209eea81ec0555fe1e02d6f781299724238b4cb2e2c1.exe,279552,68,1,0,0,0,0.014705882352941176,executable,1,0,0,0,0,1,1,0,0,0,11,5.776297082835801,5.208343269180056,0.30316721039377287,0.21784855769230768,256,0,0,0,0,0,0,0,0,0,0,0,0,0.0,0
benign,0ff0a7429ebd5f19eac9fef4504d12c2b2b66a2b060de1c25d6e8fd08262f6d9.exe,data\raw\benign\0ff0a7429ebd5f19eac9fef4504d12c2b2b66a2b060de1c25d6e8fd08262f6d9.exe,30720,68,1,0,0,0,0.014705882352941176,executable,1,0,0,0,0,1,1,0,0,0,4,5.441002230979997,5.179766318751423,0.3277994791666667,0.30543619791666665,256,0,0,0,0,0,0,0,0,0,0,0,0,0.0,0
benign,103359c8ceb3fb7753e22f1b953a5ad7717eb89ecf699fe6fa827d2bca56f7c0.exe,data\raw\benign\103359c8ceb3fb7753e22f1b953a5ad7717eb89ecf699fe6fa827d2bca56f7c0.exe,41984,68,1,0,0,0,0.014705882352941176,executable,1,0,0,0,0,1,1,0,0,0,10,5.542446409548268,5.303969699036693,0.3568264100609756,0.33257907774390244,256,0,0,0,0,0,0,0,0,0,0,0,0,0.0,0
benign,1093d64194b6d6ad61185f5996ffa0b474dfdc88f0eb793479573fe1d7550929.ole,data\raw\benign\1093d64194b6d6ad61185f5996ffa0b474dfdc88f0eb793479573fe1d7550929.ole,8962659,68,0,0,0,0,0.014705882352941176,unknown,0,0,0,0,1,1,0,0,0,0,221,7.964580707597231,6.281773404051603,0.35126394968278946,0.008471816232214123,256,0,0,0,1,0,0,0,1,0,0,0,0,0.0,0
benign,10cfee2da8c02724184a60a0bf386df8ac988ca498dd39a64cdca65a58dd320a.exe,data\raw\benign\10cfee2da8c02724184a60a0bf386df8ac988ca498dd39a64cdca65a58dd320a.exe,19456,68,1,0,0,0,0.014705882352941176,executable,1,0,0,0,0,1,1,0,0,0,9,4.848824577103212,5.146914424538256,0.2745168585526316,0.4438219572368421,256,0,0,0,0,0,0,0,0,0,0,0,0,0.0,0
benign,10ddc91db7463138fee1d01c97d4b540168557dad58e2dfee8cb1393497bde3a.exe,data\raw\benign\10ddc91db7463138fee1d01c97d4b540168557dad58e2dfee8cb1393497bde3a.exe,23040,68,1,0,0,0,0.014705882352941176,executable,1,0,0,0,0,1,1,0,0,0,9,4.989142546386801,5.211234379459971,0.3161892361111111,0.42022569444444446,256,1,1,0,1,0,0,0,1,0,0,0,0,0.0,0
benign,10feeb1b0fde32e0d3699bb8bb8558fafb03da45b7d204dd5b7200439a39cf2f.exe,data\raw\benign\10feeb1b0fde32e0d3699bb8bb8558fafb03da45b7d204dd5b7200439a39cf2f.exe,30704,68,1,0,0,0,0.014705882352941176,executable,1,0,0,0,0,1,1,0,0,0,1,6.651224607522217,5.2497422804282285,0.4818590411672746,0.16965216258467952,256,16,4,2,0,0,0,2,2,0,0,0,0,0.0,0
benign,117b745bbd6ccc5cc6b2c0d1c004daa02a31c1ad9156c19afbdbd308d7c3c44f.ole,data\raw\benign\117b745bbd6ccc5cc6b2c0d1c004daa02a31c1ad9156c19afbdbd308d7c3c44f.ole,184832,68,0,0,0,0,0.014705882352941176,unknown,0,0,0,0,1,0,0,0,0,0,0,4.614791088722464,3.9200549031811116,0.31666594529085873,0.44917546745152354,256,34,0,0,0,1,0,0,1,0,0,0,0,0.0,0
benign,11a1f22cc5614d2f8c58e698da5616f94805b5f9a4cd24d5433ea3d9aa3cfe02.exe,data\raw\benign\11a1f22cc5614d2f8c58e698da5616f94805b5f9a4cd24d5433ea3d9aa3cfe02.exe,36864,68,1,0,0,0,0.014705882352941176,executable,1,0,0,0,0,1,1,0,0,0,3,5.5909607718508045,5.53075328333706,0.3219401041666667,0.3286946614583333,256,0,2,0,0,0,0,0,0,0,0,0,0,0.0,0
benign,11a777c5f799e021448c9f3b210efce548340438e545afe2fde00e6e9f136f8e.ole,data\raw\benign\11a777c5f799e021448c9f3b210efce548340438e545afe2fde00e6e9f136f8e.ole,44527,68,0,0,0,0,0.014705882352941176,unknown,0,0,0,0,1,1,0,0,0,0,17,7.772644276907522,6.657332438134627,0.3393671255642644,0.06863251510319582,256,0,0,0,0,0,0,0,0,0,0,0,0,0.0,0
benign,120278154abac09fdcbb30fa6444dc13224373bf8d42d2c3fa40ecdf5c308757.exe,data\raw\benign\120278154abac09fdcbb30fa6444dc13224373bf8d42d2c3fa40ecdf5c308757.exe,57272,68,1,0,0,0,0.014705882352941176,executable,1,0,0,0,0,1,1,0,0,0,9,6.068618366193361,5.376079383196734,0.3968605950551753,0.28373376169856124,256,20,1,0,0,0,0,0,0,0,0,0,0,0.0,0
benign,1217e3eeceb14ec67b66f0af056733efd7f9ea00213c420bded8d76d6ca80184.exe,data\raw\benign\1217e3eeceb14ec67b66f0af056733efd7f9ea00213c420bded8d76d6ca80184.exe,151480,68,1,0,0,0,0.014705882352941176,executable,1,0,0,0,0,1,1,0,0,0,3,5.946021753165034,5.04745538242091,0.45042909955109584,0.1971415368365461,256,16,4,8,0,0,0,8,8,0,0,0,0,0.0,0
benign,1232ef4c8b3eb1e38cd6df07d609470f8efe129625ad29dc27aa93848e7dfb8c.exe,data\raw\benign\1232ef4c8b3eb1e38cd6df07d609470f8efe129625ad29dc27aa93848e7dfb8c.exe,1187152,68,1,0,0,0,0.014705882352941176,executable,1,0,0,0,0,1,1,0,0,0,4,6.407082566085916,5.578289457090093,0.3211349515479062,0.1816330175074464,256,9,3,1,0,1,0,1,2,0,0,0,0,0.0,0
benign,12583e6a823028d30f25a31bf950a22281e8fe0e751df565bdb82545ba787533.exe,data\raw\benign\12583e6a823028d30f25a31bf950a22281e8fe0e751df565bdb82545ba787533.exe,102160,68,1,0,0,0,0.014705882352941176,executable,1,0,0,0,0,1,1,0,0,0,1,5.359945997385412,0.46681755045136053,0.31319498825371966,0.35924040720438527,256,9,2,2,0,0,0,2,2,0,0,0,0,0.0,0
benign,1296acd35b7b7c0754e887430518b65c3a9efb89f111961a852806a07055d344.exe,data\raw\benign\1296acd35b7b7c0754e887430518b65c3a9efb89f111961a852806a07055d344.exe,38400,68,1,0,0,0,0.014705882352941176,executable,1,0,0,0,0,1,1,0,0,0,3,5.680006566636142,4.441125511150401,0.385546875,0.3103125,256,0,1,0,0,0,0,0,0,0,0,0,0,0.0,0
benign,12e5133a7afe6b63885323e76c12871a06062fabcafcf55b32d77f5278dc7509.ole,data\raw\benign\12e5133a7afe6b63885323e76c12871a06062fabcafcf55b32d77f5278dc7509.ole,43685,68,0,0,0,0,0.014705882352941176,unknown,0,0,0,0,1,1,0,0,0,0,31,7.599981067759746,6.226145116025664,0.34389378505207735,0.10889321277326314,256,0,0,0,0,0,0,0,0,0,0,0,0,0.0,0
benign,1302667485bd8b4dfcb5cc273cd05da1ca61927b5e923a5acbc2aaa1829ecfa1.exe,data\raw\benign\1302667485bd8b4dfcb5cc273cd05da1ca61927b5e923a5acbc2aaa1829ecfa1.exe,9360,68,1,0,0,0,0.014705882352941176,executable,1,0,0,0,0,1,1,0,0,0,0,5.944950252856848,6.5654682928461,0.27307692307692305,0.26463675213675214,248,0,0,0,0,0,0,0,0,0,0,0,0,0.0,0
benign,13adc27c933219863b7914e1ae01592bf838211f74f893962745a7e902fe0a00.ole,data\raw\benign\13adc27c933219863b7914e1ae01592bf838211f74f893962745a7e902fe0a00.ole,2071945,68,0,0,0,0,0.014705882352941176,unknown,0,0,0,0,1,1,0,0,0,0,159,7.935736204830207,6.446287510451225,0.3537164355231437,0.021879924418843164,256,22,0,0,0,0,0,0,0,0,0,0,0,0.0,0
benign,1427a1fbdc06e9942fccb80431261c4d145a53978f4c466a1ad6373b828a863a.exe,data\raw\benign\1427a1fbdc06e9942fccb80431261c4d145a53978f4c466a1ad6373b828a863a.exe,57344,68,1,0,0,0,0.014705882352941176,executable,1,0,0,0,0,1,1,0,0,0,0,5.848442193515428,0.6171060489801347,0.2720424107142857,0.3026646205357143,256,0,0,0,2,0,0,0,2,0,0,0,0,0.0,0
benign,14560f2199a38d754dd865b162d8c50ea50f0da5514b763e1e7bfb0f06f4a35b.ole,data\raw\benign\14560f2199a38d754dd865b162d8c50ea50f0da5514b763e1e7bfb0f06f4a35b.ole,12906,68,0,0,0,0,0.014705882352941176,unknown,0,0,0,0,1,1,0,0,0,0,12,7.1659537070846335,6.138067074361618,0.3265147993181466,0.1848752518208585,256,0,0,0,0,0,0,0,0,0,0,0,0,0.0,0
benign,147192b01741bc0862d13b7d9c47345d04962e9b26a9abb5a606256131f85a0d.exe,data\raw\benign\147192b01741bc0862d13b7d9c47345d04962e9b26a9abb5a606256131f85a0d.exe,69120,68,1,0,0,0,0.014705882352941176,executable,1,0,0,0,0,1,1,0,0,0,2,6.362637333280207,5.390013994566464,0.40480324074074076,0.20700231481481482,256,1,0,1,0,0,0,1,1,0,0,0,0,0.0,0
benign,14e64436677fdd74a0e1923f7b2a10d191620e16f1fa6069805ab034b8ff09df.exe,data\raw\benign\14e64436677fdd74a0e1923f7b2a10d191620e16f1fa6069805ab034b8ff09df.exe,57352,68,1,0,0,0,0.014705882352941176,executable,1,0,0,0,0,1,1,0,0,0,9,6.155370490903433,5.500207604188204,0.3909715441484168,0.26815106709443437,256,20,1,0,0,0,0,0,0,0,0,0,0,0.0,0
benign,155375bf02e4cf36dbe0db6eec3e39f35958fb13283d09a20b758539f490a780.exe,data\raw\benign\155375bf02e4cf36dbe0db6eec3e39f35958fb13283d09a20b758539f490a780.exe,118784,68,1,0,0,0,0.014705882352941176,executable,1,0,0,0,0,1,1,0,0,0,2,6.00410779929804,0.6680321517625404,0.2584018049568966,0.24075633081896552,256,0,0,0,1,0,0,0,1,0,0,0,0,0.0,0
benign,1566460d4c89f8a26fcde4b0fd4f70d7ccbf873dbeaf5f52e44f96a45c0e3807.exe,data\raw\benign\1566460d4c89f8a26fcde4b0fd4f70d7ccbf873dbeaf5f52e44f96a45c0e3807.exe,84344,68,1,0,0,0,0.014705882352941176,executable,1,0,0,0,0,1,1,0,0,0,9,6.110424296306348,5.364666855755632,0.4014986246798824,0.262140756900313,256,20,1,0,0,0,0,0,0,0,0,0,0,0.0,0
benign,1629630cf717f6abe87bd15813ff693441ea6ea32785c08eb88fe82c9e05f45f.exe,data\raw\benign\1629630cf717f6abe87bd15813ff693441ea6ea32785c08eb88fe82c9e05f45f.exe,97792,68,1,0,0,0,0.014705882352941176,executable,1,0,0,0,0,1,1,0,0,0,2,6.047453889825768,5.653410759100906,0.28460405759162305,0.25589005235602097,256,0,0,1,0,0,0,1,1,0,0,0,0,0.0,0
benign,1677d160b38b55b8e27e0c012a5ebb1a2ac34d87e515ca82412d9d3465507d80.exe,data\raw\benign\1677d160b38b55b8e27e0c012a5ebb1a2ac34d87e515ca82412d9d3465507d80.exe,126328,68,1,0,0,0,0.014705882352941176,executable,1,0,0,0,0,1,1,0,0,0,3,6.427767991686192,5.064030395133826,0.4519346463175226,0.16052656576530935,256,7,2,0,0,0,0,0,0,0,0,0,0,0.0,0
benign,16f33d7e7ed9364b7304b98745da7da5697d6baf6124262de46515f722dc98b5.ole,data\raw\benign\16f33d7e7ed9364b7304b98745da7da5697d6baf6124262de46515f722dc98b5.ole,623104,68,0,0,0,0,0.014705882352941176,unknown,0,0,0,0,1,0,0,0,0,0,178,7.4753780709373885,7.195810365161645,0.3348285358463435,0.1155665827855382,256,3,0,29,0,0,0,29,29,0,0,0,0,0.0,0
benign,17bbf89e686da7e0ec6afc47109a3288691fe8bf47651eae561450a652ef6c2e.exe,data\raw\benign\17bbf89e686da7e0ec6afc47109a3288691fe8bf47651eae561450a652ef6c2e.exe,59904,68,1,0,0,0,0.014705882352941176,executable,1,0,0,0,0,1,1,0,0,0,9,5.998014423711505,5.409043137476148,0.30969551282051283,0.2548577724358974,256,0,0,1,1,0,0,1,2,0,0,0,0,0.0,0
benign,17e88c51e6086df7eb89a14584d0e21120442f30764e61080549bd281286f42b.exe,data\raw\benign\17e88c51e6086df7eb89a14584d0e21120442f30764e61080549bd281286f42b.exe,41984,68,1,0,0,0,0.014705882352941176,executable,1,0,0,0,0,1,1,0,0,0,9,6.073393517490008,5.37736450453024,0.3858374618902439,0.2891339557926829,256,20,1,0,0,0,0,0,0,0,0,0,0,0.0,0
benign,17e977e2f4d8f9a3de8e01eaa1c82ccca63789cacc135859f665046a4a990dc8.exe,data\raw\benign\17e977e2f4d8f9a3de8e01eaa1c82ccca63789cacc135859f665046a4a990dc8.exe,45528,68,1,0,0,0,0.014705882352941176,executable,1,0,0,0,0,1,1,0,0,0,10,6.095553245348948,5.2512863985805245,0.39380161658759444,0.284374450887366,256,20,1,0,0,0,0,0,0,0,0,0,0,0.0,0
benign,182b76c6236027029d3afd9482e5c0e4bb89116dd214c11897c56517fc25a87b.exe,data\raw\benign\182b76c6236027029d3afd9482e5c0e4bb89116dd214c11897c56517fc25a87b.exe,36864,68,1,0,0,0,0.014705882352941176,executable,1,0,0,0,0,1,1,0,0,0,3,6.109456119567179,4.1903177980311455,0.3581814236111111,0.2272677951388889,256,1,2,0,0,0,0,0,0,0,0,0,0,0.0,0
benign,1838738d252ac24ba52a695fc5eb847363c1d694b21be09bf93a0dcf88c3999f.exe,data\raw\benign\1838738d252ac24ba52a695fc5eb847363c1d694b21be09bf93a0dcf88c3999f.exe,193072,68,1,0,0,0,0.014705882352941176,executable,1,0,0,0,0,1,1,0,0,0,9,6.141510310021709,5.335459576489006,0.38100294190768214,0.234881287809729,256,20,4,0,0,0,0,0,0,0,0,0,0,0.0,0
benign,187821ce11c317d6a4749168e2434b29576854d0fe8b63339d907218f0bfe222.exe,data\raw\benign\187821ce11c317d6a4749168e2434b29576854d0fe8b63339d907218f0bfe222.exe,186368,68,1,0,0,0,0.014705882352941176,executable,1,0,0,0,0,1,1,0,0,0,0,6.463964717391696,4.904779751775355,0.3396237551510989,0.15503734546703296,256,0,0,0,1,0,0,0,1,0,0,0,0,0.0,0
benign,18ef1715677de1aee41945784481cbcaa16c4e99753340b8844d2f9ad4c60b36.exe,data\raw\benign\18ef1715677de1aee41945784481cbcaa16c4e99753340b8844d2f9ad4c60b36.exe,65744,68,1,0,0,0,0.014705882352941176,executable,1,0,0,0,0,1,1,0,0,0,9,6.095002890674235,5.309029926062657,0.41206802141640303,0.27176624482842543,256,20,1,0,0,0,0,0,0,0,0,0,0,0.0,0
benign,193cd70a73e750a178eb91b05b8a15f988b1499cb77c37c9a9f2e2e22d98ce59.exe,data\raw\benign\193cd70a73e750a178eb91b05b8a15f988b1499cb77c37c9a9f2e2e22d98ce59.exe,50264,68,1,0,0,0,0.014705882352941176,executable,1,0,0,0,0,1,1,0,0,0,0,6.2709581809874235,4.988065922005903,0.4891970396307496,0.2092750278529365,256,18,13,0,0,0,0,0,0,0,0,0,0,0.0,0
benign,197d0ad8e3f6591e4493daaee9e52e53ecf192e32f9d167c67f2ffb408c76f2c.exe,data\raw\benign\197d0ad8e3f6591e4493daaee9e52e53ecf192e32f9d167c67f2ffb408c76f2c.exe,68064,68,1,0,0,0,0.014705882352941176,executable,1,0,0,0,0,1,1,0,0,0,2,6.228313708462259,4.039099230532478,0.3243417959567466,0.25772802068641276,256,16,2,1,0,0,0,1,1,0,0,0,0,0.0,0
benign,19d36aabe344cae70a3658db4752c0c604d226b69fabf6cd07fe467884fccf84.exe,data\raw\benign\19d36aabe344cae70a3658db4752c0c604d226b69fabf6cd07fe467884fccf84.exe,132096,68,1,0,0,0,0.014705882352941176,executable,1,0,0,0,0,1,1,0,0,0,2,5.750259110046291,5.198899880297712,0.39963359980620156,0.2282279554263566,256,2,0,1,0,0,0,1,1,0,0,0,0,0.0,0
benign,19d4bf06db1d8e6eddf17deb439534bdd04f32a4d0bbd66758bfbb851687a992.exe,data\raw\benign\19d4bf06db1d8e6eddf17deb439534bdd04f32a4d0bbd66758bfbb851687a992.exe,54448,68,1,0,0,0,0.014705882352941176,executable,1,0,0,0,0,1,1,0,0,0,9,6.040844448946723,5.188431100265757,0.40148398471936525,0.28570379077284747,256,22,1,0,0,0,0,0,0,0,0,0,0,0.0,0
benign,19d574967f0d5612621810f928d27fd1218f8286c401901ec5c7fef75284f2b9.exe,data\raw\benign\19d574967f0d5612621810f928d27fd1218f8286c401901ec5c7fef75284f2b9.exe,659648,68,1,0,0,0,0.014705882352941176,executable,1,0,0,0,0,1,1,0,0,0,4,6.558500042341034,5.27674881882677,0.3417731881245755,0.19600150383234693,256,15,2,1,0,0,0,1,1,0,0,0,0,0.0,0
benign,1a6955d26907b3c83f10ede259494ff2d68ab210e1090cb6806e05d1dca36869.exe,data\raw\benign\1a6955d26907b3c83f10ede259494ff2d68ab210e1090cb6806e05d1dca36869.exe,82944,68,1,0,0,0,0.014705882352941176,executable,1,0,0,0,0,1,1,0,0,0,4,7.131553466722207,5.1768053540736885,0.2837938850308642,0.18082079475308643,256,1,2,0,0,0,0,0,0,0,0,0,0,0.0,0
benign,1a6b0ccc16974c3edd98687ece68beb45b75b8684719e764fd16b3c296acef39.exe,data\raw\benign\1a6b0ccc16974c3edd98687ece68beb45b75b8684719e764fd16b3c296acef39.exe,59960,68,1,0,0,0,0.014705882352941176,executable,1,0,0,0,0,1,1,0,0,0,9,6.005410359504814,5.360512575338321,0.3960973982655103,0.29116077384923283,256,20,1,0,0,0,0,0,0,0,0,0,0,0.0,0
benign,1aa177b92c99b9458b270907d65d5687af48385fbbf42c3aef9b69d61d284721.exe,data\raw\benign\1aa177b92c99b9458b270907d65d5687af48385fbbf42c3aef9b69d61d284721.exe,758784,68,1,0,0,0,0.014705882352941176,executable,1,0,0,0,0,1,1,0,0,0,7,6.503290787427448,5.775870751849758,0.45929276315789475,0.17494306680161945,256,0,2,0,0,0,0,0,0,0,0,0,0,0.0,0
benign,1accf6605bf18e60fb0bf11087a21417eddfb26e16d396dbca7658ec4d6e7c88.exe,data\raw\benign\1accf6605bf18e60fb0bf11087a21417eddfb26e16d396dbca7658ec4d6e7c88.exe,62464,68,1,0,0,0,0.014705882352941176,executable,1,0,0,0,0,1,1,0,0,0,0,6.215402606757728,5.278513685390782,0.30294249487704916,0.19464011270491804,256,1,0,0,0,0,0,0,0,0,0,0,0,0.0,0
benign,1b399f61e57266427a5fceb4f3df6a337304832e24579c43385b59cfd660e068.exe,data\raw\benign\1b399f61e57266427a5fceb4f3df6a337304832e24579c43385b59cfd660e068.exe,151040,68,1,0,0,0,0.014705882352941176,executable,1,0,0,0,0,1,1,0,0,0,0,6.521175646591507,5.691464951627218,0.296775688559322,0.1342425847457627,256,3,0,0,0,0,0,0,0,0,0,0,0,0.0,0
benign,1b62269bcbd95334003b4dd59476753e382ba164a1443f27edb4df0f55317753.exe,data\raw\benign\1b62269bcbd95334003b4dd59476753e382ba164a1443f27edb4df0f55317753.exe,31696,68,1,0,0,0,0.014705882352941176,executable,1,0,0,0,0,1,1,0,0,0,1,6.614408357303483,5.184970564718857,0.5053003533568905,0.16957975769813224,256,17,2,2,0,0,0,2,2,0,0,0,0,0.0,0
benign,1b67441f080adf23da22736c557813d3bb459c915a1b84d8253b8e9599df2708.exe,data\raw\benign\1b67441f080adf23da22736c557813d3bb459c915a1b84d8253b8e9599df2708.exe,54272,68,1,0,0,0,0.014705882352941176,executable,1,0,0,0,0,1,1,0,0,0,9,5.8714162593557715,5.385110653452851,0.3328788325471698,0.2791678950471698,256,1,0,1,1,0,0,1,2,0,0,0,0,0.0,0
benign,1b8342c0048e13b323224c48caa9aec2952f3a93ed732c85f160916475910675.exe,data\raw\benign\1b8342c0048e13b323224c48caa9aec2952f3a93ed732c85f160916475910675.exe,145328,68,1,0,0,0,0.014705882352941176,executable,1,0,0,0,0,1,1,0,0,0,10,7.092070516053701,5.2204203103513835,0.32241550148629305,0.16448998128371684,256,19,2,0,0,0,0,0,0,0,0,0,0,0.0,0
benign,1c2fba06cc7e47dceb2a2670f6fcfbec90a24d053b9bb3715698202afdb03b97.exe,data\raw\benign\1c2fba06cc7e47dceb2a2670f6fcfbec90a24d053b9bb3715698202afdb03b97.exe,53816,68,1,0,0,0,0.014705882352941176,executable,1,0,0,0,0,1,1,0,0,0,9,6.135627363335308,5.259949870317858,0.383138843466627,0.27817006094841684,256,20,1,0,0,0,0,0,0,0,0,0,0,0.0,0
benign,1c309be2afef0bcdba3f3df8a7649127b898987ddac6fb6c69b25fd617f421d9.exe,data\raw\benign\1c309be2afef0bcdba3f3df8a7649127b898987ddac6fb6c69b25fd617f421d9.exe,31728,68,1,0,0,0,0.014705882352941176,executable,1,0,0,0,0,1,1,0,0,0,1,6.631690852994724,5.3609182215345585,0.5062405446293494,0.16556354009077157,256,16,4,2,0,0,0,2,2,0,0,0,0,0.0,0
benign,1c344888c75ef573d259b23a96f8e1869094ebab109ede37cb6a9d0cdc8d186e.exe,data\raw\benign\1c344888c75ef573d259b23a96f8e1869094ebab109ede37cb6a9d0cdc8d186e.exe,599232,68,1,0,0,0,0.014705882352941176,executable,1,0,0,0,0,1,1,0,0,0,3,6.36609230640632,5.812200449827853,0.32814836323827834,0.21500186905906227,256,15,2,2,1,0,0,2,3,0,0,0,0,0.0,0
benign,1c639fbba837b57f28691e7f210a034dd1b55380a13649a64e47be55bb8308a0.exe,data\raw\benign\1c639fbba837b57f28691e7f210a034dd1b55380a13649a64e47be55bb8308a0.exe,34304,68,1,0,0,0,0.014705882352941176,executable,1,0,0,0,0,1,1,0,0,0,3,5.771885528807674,5.869544437773422,0.335908348880597,0.2986532182835821,256,0,1,0,0,0,0,0,0,0,0,0,0,0.0,0
benign,1c7c07802af60cddfbe62ce037135297417517f3751729bd02ce65d50f4e715d.exe,data\raw\benign\1c7c07802af60cddfbe62ce037135297417517f3751729bd02ce65d50f4e715d.exe,411072,68,1,0,0,0,0.014705882352941176,executable,1,0,0,0,0,1,1,0,0,0,6,6.237770975380689,5.123149501529251,0.3844095438268722,0.19509234392028646,256,26,0,0,0,0,0,0,0,0,0,0,0,0.0,0
benign,1d083467cb9fbd7d2b21fcd4f8f9cb0c36718d0a327052313f46a2a83bd715e2.exe,data\raw\benign\1d083467cb9fbd7d2b21fcd4f8f9cb0c36718d0a327052313f46a2a83bd715e2.exe,78936,68,1,0,0,0,0.014705882352941176,executable,1,0,0,0,0,1,1,0,0,0,2,6.376983483608008,3.0784830978023776,0.3645738319651363,0.21384412688760515,256,18,0,1,0,0,0,1,1,0,0,0,0,0.0,0
benign,1d2b8e3bbfcd7546b402c2f379e40d850fd4eceaf20c45fdbfcba0b859e0a7fb.exe,data\raw\benign\1d2b8e3bbfcd7546b402c2f379e40d850fd4eceaf20c45fdbfcba0b859e0a7fb.exe,78848,68,1,0,0,0,0.014705882352941176,executable,1,0,0,0,0,1,1,0,0,0,4,5.988201912958879,5.51220811937378,0.32943131087662336,0.2524223823051948,256,1,2,1,0,0,0,1,1,0,0,0,0,0.0,0
benign,1d2d450742e4ed4fb8486fd7e3892828dd97bbf63f0e23b0975725bdc18ce766.exe,data\raw\benign\1d2d450742e4ed4fb8486fd7e3892828dd97bbf63f0e23b0975725bdc18ce766.exe,58368,68,1,0,0,0,0.014705882352941176,executable,1,0,0,0,0,1,1,0,0,0,4,6.146138793364512,5.415285286949041,0.23190789473684212,0.29132401315789475,256,1,2,0,0,0,0,0,0,0,0,0,0,0.0,0
benign,1d720ca43b54420dc297a0c40a4541017feb6bdc10765197867818d1810d21bf.exe,data\raw\benign\1d720ca43b54420dc297a0c40a4541017feb6bdc10765197867818d1810d21bf.exe,224448,68,1,0,0,0,0.014705882352941176,executable,1,0,0,0,0,1,1,0,0,0,9,6.051339765885733,5.40649089515647,0.3745143641288851,0.2547850727117194,256,20,0,0,0,0,0,0,0,0,0,0,0,0.0,0
benign,1d9284fd7818d17f4aa4d07b6497735ed8522f9925b348a3fa5ba96a976a5927.exe,data\raw\benign\1d9284fd7818d17f4aa4d07b6497735ed8522f9925b348a3fa5ba96a976a5927.exe,57856,68,1,0,0,0,0.014705882352941176,executable,1,0,0,0,0,1,1,0,0,0,4,6.099463045548836,3.8730676205917223,0.24977530420353983,0.24535052544247787,256,1,2,0,0,0,0,0,0,0,0,0,0,0.0,0
benign,1e171264f1310680b03bb9122633db660378bc411b28ae25c2bfab9f0f06da51.exe,data\raw\benign\1e171264f1310680b03bb9122633db660378bc411b28ae25c2bfab9f0f06da51.exe,69752,68,1,0,0,0,0.014705882352941176,executable,1,0,0,0,0,1,1,0,0,0,9,6.090463233936504,5.5990874822867065,0.40067668310586074,0.275992086248423,256,20,1,0,0,0,0,0,0,0,0,0,0,0.0,0
benign,1e83c1a2f6f2b7080c7fefccff1fde4bb14aa8a57e851817c92a6f1c946ca17a.exe,data\raw\benign\1e83c1a2f6f2b7080c7fefccff1fde4bb14aa8a57e851817c92a6f1c946ca17a.exe,1858400,68,1,0,0,0,0.014705882352941176,executable,1,0,0,0,0,1,1,0,0,0,19,6.082461697171627,2.80896177996886,0.15828346965131296,0.23111655187257857,256,5,1,1,0,0,0,1,1,0,0,0,0,0.0,0
benign,1f49ba3bc8f2f78a2d683c02b34023b61b3bf3464fc15b629dd30b184e49306b.exe,data\raw\benign\1f49ba3bc8f2f78a2d683c02b34023b61b3bf3464fc15b629dd30b184e49306b.exe,36864,68,1,0,0,0,0.014705882352941176,executable,1,0,0,0,0,1,1,0,0,0,3,6.1434954274349325,4.140315537294255,0.3328721788194444,0.239013671875,256,0,1,0,0,0,0,0,0,0,0,0,0,0.0,0
benign,1f7a2d419df3b95ade7f400446abeefaf3c872e8e6033a7e6ac413b17addbaf4.exe,data\raw\benign\1f7a2d419df3b95ade7f400446abeefaf3c872e8e6033a7e6ac413b17addbaf4.exe,106496,68,1,0,0,0,0.014705882352941176,executable,1,0,0,0,0,1,1,0,0,0,4,6.328949482986374,5.588009807552063,0.21754807692307693,0.2901611328125,256,0,0,0,0,0,0,0,0,0,0,0,0,0.0,0
benign,1f81d3b756ec1430f476a5ae7af7b360b4acd923d4baceb91be49ab6515459fc.exe,data\raw\benign\1f81d3b756ec1430f476a5ae7af7b360b4acd923d4baceb91be49ab6515459fc.exe,337776,68,1,0,0,0,0.014705882352941176,executable,1,0,0,0,0,1,1,0,0,0,2,6.051963066706886,5.0343813728312075,0.33327708303727915,0.2293176543034437,256,12,2,1,0,0,0,1,1,0,0,0,0,0.0,0
benign,1fa3bb9680b457aa11bfed328171172a477813b281f78b43243f9dc3c6afdeba.exe,data\raw\benign\1fa3bb9680b457aa11bfed328171172a477813b281f78b43243f9dc3c6afdeba.exe,283136,68,1,0,0,0,0.014705882352941176,executable,1,0,0,0,0,1,1,0,0,0,9,6.236461162409012,5.32057289161299,0.3748269382911392,0.20729260849909584,256,4,6,0,0,0,0,0,0,0,0,0,0,0.0,0
benign,1fb99bdac97dcaaf7e23b7826b42ed934c62ca866a282d0606320a0a476d6f81.ole,data\raw\benign\1fb99bdac97dcaaf7e23b7826b42ed934c62ca866a282d0606320a0a476d6f81.ole,20484,68,0,0,0,0,0.014705882352941176,unknown,0,0,0,0,1,1,0,0,0,0,14,7.450395545900599,6.23043101913529,0.3379710993946495,0.13737551259519626,256,0,0,0,0,0,0,0,0,0,0,0,0,0.0,0
benign,1fcbe5d51360bee55f55c791a95df8c61f73e117bda89b9439d74df5cee7aa71.exe,data\raw\benign\1fcbe5d51360bee55f55c791a95df8c61f73e117bda89b9439d74df5cee7aa71.exe,180736,68,1,0,0,0,0.014705882352941176,executable,1,0,0,0,0,1,1,0,0,0,2,6.087380537952362,5.066271815137016,0.37099415722379603,0.1849161207507082,256,0,1,1,0,0,2,1,3,0,0,0,0,0.0,0
benign,1fe78298f8fa9d9da3fab32c57975101ea3ff5dcebeedc2cde5bea6c8df9a7ef.exe,data\raw\benign\1fe78298f8fa9d9da3fab32c57975101ea3ff5dcebeedc2cde5bea6c8df9a7ef.exe,55360,68,1,0,0,0,0.014705882352941176,executable,1,0,0,0,0,1,1,0,0,0,9,6.1129342354009415,5.322802906044937,0.39920520231213874,0.27702312138728324,256,20,1,0,0,0,0,0,0,0,0,0,0,0.0,0
benign,20601ed7e2bfc85362f090f0f5b72366f213c191e93b0c756acd98fef626e5e0.exe,data\raw\benign\20601ed7e2bfc85362f090f0f5b72366f213c191e93b0c756acd98fef626e5e0.exe,67576,68,1,0,0,0,0.014705882352941176,executable,1,0,0,0,0,1,1,0,0,0,11,5.956805192551677,5.1515384536328765,0.41414111518882446,0.2867142180655854,256,20,1,0,0,0,0,0,0,0,0,0,0,0.0,0
benign,20a80b9d290223a304c752287ea4ac7371f928c4455fcb29bf5224f1096f8530.exe,data\raw\benign\20a80b9d290223a304c752287ea4ac7371f928c4455fcb29bf5224f1096f8530.exe,27136,68,1,0,0,0,0.014705882352941176,executable,1,0,0,0,0,1,1,0,0,0,9,5.370323950856077,5.098325296986132,0.3572376179245283,0.34761939858490565,256,0,0,0,0,0,0,0,0,0,0,0,0,0.0,0
benign,20d29a34b44fb9ea9a82e60a4b4118cf541eb86f04f69309ef6bf67c42f2272d.exe,data\raw\benign\20d29a34b44fb9ea9a82e60a4b4118cf541eb86f04f69309ef6bf67c42f2272d.exe,74768,68,1,0,0,0,0.014705882352941176,executable,1,0,0,0,0,1,1,0,0,0,9,6.17696621527112,5.534679428161062,0.3792799058420715,0.25866680933019476,256,20,1,0,0,0,0,0,0,0,0,0,0,0.0,0
benign,20e3dc90a3e83b6202e2a7f4603b60e5e859639cb68693426c400b13aaeabd78.exe,data\raw\benign\20e3dc90a3e83b6202e2a7f4603b60e5e859639cb68693426c400b13aaeabd78.exe,9728,68,1,0,0,0,0.014705882352941176,executable,1,0,0,0,0,1,1,0,0,0,1,5.054938689006793,5.48586965078554,0.3280222039473684,0.4139597039473684,249,0,0,0,0,0,0,0,0,0,0,0,0,0.0,0
benign,21a5414969559912f303002b46fc33297ff47be9659162990057fbba720c25b0.exe,data\raw\benign\21a5414969559912f303002b46fc33297ff47be9659162990057fbba720c25b0.exe,96768,68,1,0,0,0,0.014705882352941176,executable,1,0,0,0,0,1,1,0,0,0,0,6.463795310759872,5.395823945950695,0.33215525793650796,0.14731109457671956,256,1,0,0,0,0,0,0,0,0,0,0,0,0.0,0
benign,21e5b7204197f05f1ba6dbb2698521d89d8ddab40a219d9ebaf8c5918db40f8d.exe,data\raw\benign\21e5b7204197f05f1ba6dbb2698521d89d8ddab40a219d9ebaf8c5918db40f8d.exe,365888,68,1,0,0,0,0.014705882352941176,executable,1,0,0,0,0,1,1,0,0,0,14,5.457701286755557,4.62235551647972,0.3485137528423999,0.13085698355781003,256,25,58,0,0,0,0,0,0,0,0,0,0,0.0,0
benign,21e796161a49b6dcdabb5e86906d69eb34f61bcb43e9722e815b3c491be43840.exe,data\raw\benign\21e796161a49b6dcdabb5e86906d69eb34f61bcb43e9722e815b3c491be43840.exe,68080,68,1,0,0,0,0.014705882352941176,executable,1,0,0,0,0,1,1,0,0,0,9,6.121054575234976,5.300083469456346,0.3891891891891892,0.27276733254994123,256,20,1,0,0,0,0,0,0,0,0,0,0,0.0,0
benign,226c062632c3efca237814978b0443bdeb43fe5418ad508716f671f19f56c051.exe,data\raw\benign\226c062632c3efca237814978b0443bdeb43fe5418ad508716f671f19f56c051.exe,23680,68,1,0,0,0,0.014705882352941176,executable,1,0,0,0,0,1,1,0,0,0,2,6.447523073726944,5.435646806093213,0.46849662162162165,0.20988175675675674,256,10,0,1,0,0,0,1,1,0,0,0,0,0.0,0
benign,22db23e22f47c6ecae717888a7a32f80883daad29989e599401ab022f95a3ed4.exe,data\raw\benign\22db23e22f47c6ecae717888a7a32f80883daad29989e599401ab022f95a3ed4.exe,59456,68,1,0,0,0,0.014705882352941176,executable,1,0,0,0,0,1,1,0,0,0,9,6.079873975347912,5.166448569587692,0.38457010226049515,0.2826628094725511,256,20,1,0,0,0,0,0,0,0,0,0,0,0.0,0
benign,22ddabf71254d873f6aef02b12e5c4923bbafe67a9c7e2f394fcf863813230be.exe,data\raw\benign\22ddabf71254d873f6aef02b12e5c4923bbafe67a9c7e2f394fcf863813230be.exe,41472,68,1,0,0,0,0.014705882352941176,executable,1,0,0,0,0,1,1,0,0,0,3,5.5727777924488455,5.643646896850788,0.3483072916666667,0.3161651234567901,255,0,1,0,0,0,0,0,0,0,0,0,0,0.0,0
benign,2312612e0004201cc5231565d3ed57c7c3bb84ec439b120370fb5e27e3602e49.exe,data\raw\benign\2312612e0004201cc5231565d3ed57c7c3bb84ec439b120370fb5e27e3602e49.exe,139264,68,1,0,0,0,0.014705882352941176,executable,1,0,0,0,0,1,1,0,0,0,0,6.2867030656643115,0.6068521778630117,0.31400074678308826,0.23021024816176472,256,0,0,0,4,0,0,0,4,0,0,0,0,0.0,0
benign,2338514a304a341b2ee7c1de696bf01e9179805da2c4edbdecf040adecfe8ab3.exe,data\raw\benign\2338514a304a341b2ee7c1de696bf01e9179805da2c4edbdecf040adecfe8ab3.exe,46424,68,1,0,0,0,0.014705882352941176,executable,1,0,0,0,0,1,1,0,0,0,3,6.1548269315087465,5.423479211361142,0.3676546613820438,0.2112915733241427,256,12,0,2,0,0,0,2,2,0,0,0,0,0.0,0
benign,23386407de894b70cb13e825420b7add88856cef0a2481883b79068cc4276369.exe,data\raw\benign\23386407de894b70cb13e825420b7add88856cef0a2481883b79068cc4276369.exe,65536,68,1,0,0,0,0.014705882352941176,executable,1,0,0,0,0,1,1,0,0,0,1,5.436285342583594,0.4240655164038017,0.4011688232421875,0.3388824462890625,256,0,3,1,0,0,0,1,1,0,0,0,0,0.0,0
benign,2367031635d27b6dd8645d914beb88600b1183d5fe87a04e1766ebb230cbc588.exe,data\raw\benign\2367031635d27b6dd8645d914beb88600b1183d5fe87a04e1766ebb230cbc588.exe,1352896,68,1,0,0,0,0.014705882352941176,executable,1,0,0,0,0,1,1,0,0,0,3,6.646403058932574,5.716766420801175,0.43270953569232223,0.15524918397275178,256,15,2,4,1,0,0,4,5,0,0,0,0,0.0,0
benign,238a9de495ddb87555913ec5d1f67bcc22b5d754b21b7ae9da3158461547da00.exe,data\raw\benign\238a9de495ddb87555913ec5d1f67bcc22b5d754b21b7ae9da3158461547da00.exe,83456,68,1,0,0,0,0.014705882352941176,executable,1,0,0,0,0,1,1,0,0,0,5,6.769222532825075,5.533273936818626,0.2658886119631902,0.23227808665644173,256,1,1,0,0,0,0,0,0,0,0,0,0,0.0,0
benign,23e307174ac5c0ecf419b1a727ad499e1d939a8d2142d1245b7a61e70242ec6e.exe,data\raw\benign\23e307174ac5c0ecf419b1a727ad499e1d939a8d2142d1245b7a61e70242ec6e.exe,50152,68,1,0,0,0,0.014705882352941176,executable,1,0,0,0,0,1,1,0,0,0,9,6.059032705798672,5.169056519181029,0.39402217259531025,0.28824373903333866,256,20,1,0,0,0,0,0,0,0,0,0,0,0.0,0
benign,2496c9a90fd7e90d39a9cea02b27e91a3ecf09a39a6f0887463b4addf29496b1.ole,data\raw\benign\2496c9a90fd7e90d39a9cea02b27e91a3ecf09a39a6f0887463b4addf29496b1.ole,52224,68,0,0,0,0,0.014705882352941176,unknown,0,0,0,0,1,0,0,0,0,0,5,3.7646820347484806,3.8126909198235936,0.25666360294117646,0.5714805453431373,256,1,0,0,0,0,0,0,0,0,0,0,0,0.0,0
benign,24a6678b15c92e069a575dc2c584e2665cb98867b9e6823dff288a47644d1fb5.exe,data\raw\benign\24a6678b15c92e069a575dc2c584e2665cb98867b9e6823dff288a47644d1fb5.exe,26112,68,1,0,0,0,0.014705882352941176,executable,1,0,0,0,0,1,1,0,0,0,9,5.161972735639053,5.0180567316707805,0.33340992647058826,0.39073988970588236,256,0,0,0,0,0,0,0,0,0,0,0,0,0.0,0
benign,2513eb274a9507ee598af02dd9338ec08da908971a19f470d704cc3cc6234daa.exe,data\raw\benign\2513eb274a9507ee598af02dd9338ec08da908971a19f470d704cc3cc6234daa.exe,66560,68,1,0,0,0,0.014705882352941176,executable,1,0,0,0,0,1,1,0,0,0,3,5.839066224463275,5.413869504458762,0.34322415865384615,0.2730018028846154,256,0,1,2,0,0,0,2,2,0,0,0,0,0.0,0
benign,255ef9288394de9307866208c65b3a2e1c7b0d30d9fb27c7572439a1bdab677b.exe,data\raw\benign\255ef9288394de9307866208c65b3a2e1c7b0d30d9fb27c7572439a1bdab677b.exe,57768,68,1,0,0,0,0.014705882352941176,executable,1,0,0,0,0,1,1,0,0,0,9,6.120156131314213,5.404724109958612,0.40096593269630243,0.2710843373493976,256,20,1,0,0,0,0,0,0,0,0,0,0,0.0,0
benign,256125aa18a03ce9dd77811091d8e16a6a0f6dba3d3efe285f1242c8c2240769.exe,data\raw\benign\256125aa18a03ce9dd77811091d8e16a6a0f6dba3d3efe285f1242c8c2240769.exe,13312,68,1,0,0,0,0.014705882352941176,executable,1,0,0,0,0,1,1,0,0,0,0,5.758955299526303,5.522496306518936,0.31986177884615385,0.28380408653846156,247,0,0,0,1,0,0,0,1,0,0,0,0,0.0,0
benign,25975c1618ea62819ee7654a1ed64ef80fe466f69a8568facec235a2f462a35f.exe,data\raw\benign\25975c1618ea62819ee7654a1ed64ef80fe466f69a8568facec235a2f462a35f.exe,88960,68,1,0,0,0,0.014705882352941176,executable,1,0,0,0,0,1,1,0,0,0,2,6.399548332659268,4.864562843345411,0.33817446043165467,0.2000562050359712,256,5,1,0,0,0,0,0,0,0,0,0,0,0.0,0
benign,26095cd531cc7ee2a9fe36c64be7ba8df3f912e881f085c32bd485d34c960eaf.ole,data\raw\benign\26095cd531cc7ee2a9fe36c64be7ba8df3f912e881f085c32bd485d34c960eaf.ole,39424,68,0,0,0,0,0.014705882352941176,unknown,0,0,0,0,1,0,0,0,0,0,0,3.0210122418847223,3.77612738747106,0.1658887987012987,0.664848823051948,240,0,0,0,0,0,0,0,0,0,0,0,0,0.0,0
benign,262aa82cfd43744433d44228d12c28b322970afd382587ad82f6bb07b903a501.exe,data\raw\benign\262aa82cfd43744433d44228d12c28b322970afd382587ad82f6bb07b903a501.exe,96336,68,1,0,0,0,0.014705882352941176,executable,1,0,0,0,0,1,1,0,0,0,3,6.455044850683471,5.895222198305167,0.32557922272047835,0.2254920279023418,256,19,1,0,0,0,0,0,0,0,0,0,0,0.0,0
benign,2653daafcf471d82e362572216b8b11ac37dc44c3baefc3c30a0c0c88f882af3.exe,data\raw\benign\2653daafcf471d82e362572216b8b11ac37dc44c3baefc3c30a0c0c88f882af3.exe,166048,68,1,0,0,0,0.014705882352941176,executable,1,0,0,0,0,1,1,0,0,0,0,5.88910562414053,4.986559850672376,0.4908520427828098,0.23459481595683176,256,8,3,1,0,0,0,1,1,0,0,0,0,0.0,0
benign,26ddd2790fff669f1fdcd301f777ec8975b88a2e8d6d023a1576cebbe81f76e9.ole,data\raw\benign\26ddd2790fff669f1fdcd301f777ec8975b88a2e8d6d023a1576cebbe81f76e9.ole,380928,68,0,0,0,0,0.014705882352941176,unknown,0,0,0,0,1,0,0,0,0,0,2,4.43681614220983,3.4643639238704775,0.1705991683467742,0.5127766927083334,256,0,0,0,0,0,0,0,0,0,0,0,0,0.0,0
benign,26f2e577524304ed552d8665b44963eae8453a962de1a9cc093a16e84ed2a527.exe,data\raw\benign\26f2e577524304ed552d8665b44963eae8453a962de1a9cc093a16e84ed2a527.exe,50048,68,1,0,0,0,0.014705882352941176,executable,1,0,0,0,0,1,1,0,0,0,9,5.98103872567061,5.098302728525849,0.39803788363171355,0.2989530051150895,256,20,1,0,0,0,0,0,0,0,0,0,0,0.0,0
benign,26fa2a7473445e296ebb56322d8ea2f5653eb9050b058032b9dc5cd33a690d13.exe,data\raw\benign\26fa2a7473445e296ebb56322d8ea2f5653eb9050b058032b9dc5cd33a690d13.exe,89656,68,1,0,0,0,0.014705882352941176,executable,1,0,0,0,0,1,1,0,0,0,9,5.589559093246987,5.353437191781942,0.3376684215222629,0.22263986793968055,256,20,1,0,0,0,0,0,0,0,0,0,0,0.0,0
benign,270192196cb5dc6b0fc987e19c99701acce994ee826447e8ae011eb70681ff9f.exe,data\raw\benign\270192196cb5dc6b0fc987e19c99701acce994ee826447e8ae011eb70681ff9f.exe,319488,68,1,0,0,0,0.014705882352941176,executable,1,0,0,0,0,1,1,0,0,0,1,5.592259418520621,0.6307200565008717,0.15999974959935898,0.2620129707532051,256,0,2,0,0,0,0,0,0,0,0,0,0,0.0,0
benign,270f6e7751d9866ca0334ce84e955f2789cd7a07c2a765e90539016b071fd950.exe,data\raw\benign\270f6e7751d9866ca0334ce84e955f2789cd7a07c2a765e90539016b071fd950.exe,1034016,68,1,0,0,0,0.014705882352941176,executable,1,0,0,0,0,1,1,0,0,0,4,6.4017653883313885,5.022642248676058,0.35061836567325844,0.16416380404171696,256,8,0,0,0,0,2,0,2,0,0,0,0,0.0,0
benign,27442c2dbdef8c0cb2ff118773a0c1d90ce619139c0d4bdb20e799f6ec421853.exe,data\raw\benign\27442c2dbdef8c0cb2ff118773a0c1d90ce619139c0d4bdb20e799f6ec421853.exe,1346648,68,1,0,0,0,0.014705882352941176,executable,1,0,0,0,0,1,1,0,0,0,55,6.410307812186957,0.4929532139710968,0.4553105191557111,0.19947231941828897,256,19,2077,3,0,0,0,3,3,0,0,0,0,0.0,0
benign,2761ae5bfae0ea811c7bf7001553949c4cbca5c792e56998742b537e5ca8e322.exe,data\raw\benign\2761ae5bfae0ea811c7bf7001553949c4cbca5c792e56998742b537e5ca8e322.exe,107520,68,1,0,0,0,0.014705882352941176,executable,1,0,0,0,0,1,1,0,0,0,0,6.498102043812824,5.523788249912225,0.3271112351190476,0.14704241071428573,256,0,0,0,0,0,0,0,0,0,0,0,0,0.0,0
benign,27f1277673d83f49d757265db319753cb6c2b497df3b9f4007ff81bd56cc930b.exe,data\raw\benign\27f1277673d83f49d757265db319753cb6c2b497df3b9f4007ff81bd56cc930b.exe,88200,68,1,0,0,0,0.014705882352941176,executable,1,0,0,0,0,1,1,0,0,0,9,5.475652399441465,5.315753636186478,0.32587301587301587,0.3719954648526077,256,20,1,0,0,0,0,0,0,0,0,0,0,0.0,0
benign,282734e89b24d4ff6cee7776cdbf6b6f140505354708c491806a86873cb69767.ole,data\raw\benign\282734e89b24d4ff6cee7776cdbf6b6f140505354708c491806a86873cb69767.ole,108032,68,0,0,0,0,0.014705882352941176,unknown,0,0,0,0,1,0,0,0,0,0,1,5.837502767183795,3.9583992581225655,0.26855005924170616,0.3674559389810427,256,2,0,0,0,0,0,0,0,0,0,0,0,0.0,0
benign,282bfca7e0d52f4d3f0bbd443a56e52b0b7a5444a489ff51478e5cbc91aa2c94.exe,data\raw\benign\282bfca7e0d52f4d3f0bbd443a56e52b0b7a5444a489ff51478e5cbc91aa2c94.exe,21504,68,1,0,0,0,0.014705882352941176,executable,1,0,0,0,0,1,1,0,0,0,0,5.925745369744568,5.423142270537714,0.33212425595238093,0.24116443452380953,253,1,0,0,0,0,0,0,0,0,0,0,0,0.0,0
benign,282f6f7fb0c5b0de73b72301646791901ae28c8c69cc25cf47b2ff773cb5dc20.exe,data\raw\benign\282f6f7fb0c5b0de73b72301646791901ae28c8c69cc25cf47b2ff773cb5dc20.exe,142848,68,1,0,0,0,0.014705882352941176,executable,1,0,0,0,0,1,1,0,0,0,2,6.042852695496376,5.349575121892495,0.405605958781362,0.21395469310035842,256,0,2,1,0,0,0,1,1,0,0,0,0,0.0,0
benign,2843b864289b254a57ede8ccebc41f77ca02f058c401ce6863a2a40a681247ac.exe,data\raw\benign\2843b864289b254a57ede8ccebc41f77ca02f058c401ce6863a2a40a681247ac.exe,49712,68,1,0,0,0,0.014705882352941176,executable,1,0,0,0,0,1,1,0,0,0,9,6.023598387502437,5.287134537489229,0.41064531702607016,0.28642983585452203,256,20,1,0,0,0,0,0,0,0,0,0,0,0.0,0
benign,2844b24385ae3e9ed11105b02ca87b7bc0e49ee5086739138640ca42b6b60df3.exe,data\raw\benign\2844b24385ae3e9ed11105b02ca87b7bc0e49ee5086739138640ca42b6b60df3.exe,35480,68,1,0,0,0,0.014705882352941176,executable,1,0,0,0,0,1,1,0,0,0,0,4.259168358500091,0.4568351437575937,0.329706877113867,0.52728297632469,256,7,1,0,0,0,0,0,0,0,0,0,0,0.0,0
benign,2889b601d0a0bbee5951f47adc2ae627708b9004ee4aed08ce70bfef492a2f84.exe,data\raw\benign\2889b601d0a0bbee5951f47adc2ae627708b9004ee4aed08ce70bfef492a2f84.exe,636416,68,1,0,0,0,0.014705882352941176,executable,1,0,0,0,0,1,1,0,0,0,24,7.051121996200117,4.782948011023069,0.29980390185036204,0.16117445193081256,256,0,8,0,0,0,0,0,0,0,0,0,0,0.0,0
benign,2947757db8135ac19893707e98680aa279ec99eddbad267d8f20ffd9e4e2feec.exe,data\raw\benign\2947757db8135ac19893707e98680aa279ec99eddbad267d8f20ffd9e4e2feec.exe,208384,68,1,0,0,0,0.014705882352941176,executable,1,0,0,0,0,1,1,0,0,0,9,6.269300163794245,5.5088578951360105,0.3602627840909091,0.20220842291154792,256,8,0,3,0,0,0,3,3,0,0,0,0,0.0,0
benign,2959c295d8505b6e8bdbc2fc82d998ddf32d3613c1a50cc3dfb2f43b2f440717.exe,data\raw\benign\2959c295d8505b6e8bdbc2fc82d998ddf32d3613c1a50cc3dfb2f43b2f440717.exe,550128,68,1,0,0,0,0.014705882352941176,executable,1,0,0,0,0,1,1,0,0,0,3,5.312057152768452,5.660895401886713,0.17299246720763167,0.126499650990315,256,14,0,0,0,0,0,0,0,0,0,0,0,0.0,0
benign,2999b0709f50ed5026039496142254af172990a50e2a6e1d327b7cb94b072f7c.exe,data\raw\benign\2999b0709f50ed5026039496142254af172990a50e2a6e1d327b7cb94b072f7c.exe,109568,68,1,0,0,0,0.014705882352941176,executable,1,0,0,0,0,1,1,0,0,0,0,6.456085468960303,5.431487731540075,0.28799466997663553,0.13858973422897197,256,3,0,0,0,0,0,0,0,0,0,0,0,0.0,0
benign,29ae907901b116a8d656672706e9f3f9467c84c914c47a65176c6a2e9a428ffe.exe,data\raw\benign\29ae907901b116a8d656672706e9f3f9467c84c914c47a65176c6a2e9a428ffe.exe,79872,68,1,0,0,0,0.014705882352941176,executable,1,0,0,0,0,1,1,0,0,0,4,6.700764752235955,5.279764795007181,0.2739007411858974,0.24407802483974358,256,0,1,0,0,0,0,0,0,0,0,0,0,0.0,0
benign,29b946238beb2a8c557a8a883b6666f3fe7314254fe61e067037d650fad88a3d.exe,data\raw\benign\29b946238beb2a8c557a8a883b6666f3fe7314254fe61e067037d650fad88a3d.exe,40128,68,1,0,0,0,0.014705882352941176,executable,1,0,0,0,0,1,1,0,0,0,2,6.551921881696469,4.672125789128604,0.5358104066985646,0.15794457735247208,256,18,4,2,0,0,0,2,2,0,0,0,0,0.0,0
benign,29f465a5a8a791d2aba88de33e84e74b7fd8c47c753747ca7b45b24d7121a9e6.exe,data\raw\benign\29f465a5a8a791d2aba88de33e84e74b7fd8c47c753747ca7b45b24d7121a9e6.exe,55808,68,1,0,0,0,0.014705882352941176,executable,1,0,0,0,0,1,1,0,0,0,3,5.840069037008634,5.456139928386919,0.31380805619266056,0.2701225630733945,256,0,1,0,0,0,0,0,0,0,0,0,0,0.0,0
benign,2a053f32b1d48539e3e2807f86754be87ce95b08378467e66cab2bac0e67a825.exe,data\raw\benign\2a053f32b1d48539e3e2807f86754be87ce95b08378467e66cab2bac0e67a825.exe,102336,68,1,0,0,0,0.014705882352941176,executable,1,0,0,0,0,1,1,0,0,0,2,6.658718435527005,4.058508364600799,0.3807946372732958,0.18408966541588492,256,16,1,1,0,0,0,1,1,0,0,0,0,0.0,0
benign,2a1c7574a5c42eb8c9348d9dba505ce49f2c88231d7ea6edd3715a39a5decd94.exe,data\raw\benign\2a1c7574a5c42eb8c9348d9dba505ce49f2c88231d7ea6edd3715a39a5decd94.exe,62224,68,1,0,0,0,0.014705882352941176,executable,1,0,0,0,0,1,1,0,0,0,11,6.084361562229878,5.287502651754019,0.41292748778606325,0.2676137824633582,256,20,1,0,0,0,0,0,0,0,0,0,0,0.0,0
benign,2a1d8692f445791dc9dc9700e11f2ce68fce9ac5ad2abd56aa0f41f1047b38f1.exe,data\raw\benign\2a1d8692f445791dc9dc9700e11f2ce68fce9ac5ad2abd56aa0f41f1047b38f1.exe,397824,68,1,0,0,0,0.014705882352941176,executable,1,0,0,0,0,1,1,0,0,0,9,6.268104298616575,5.557077332803207,0.3150036196911197,0.19600124678249678,256,2,0,2,1,0,0,2,3,0,0,0,0,0.0,0
benign,2a922ebe7edb08480baa1721ce1b5185fb5af7f64ec0f128d6a7a37711784815.exe,data\raw\benign\2a922ebe7edb08480baa1721ce1b5185fb5af7f64ec0f128d6a7a37711784815.exe,243696,68,1,0,0,0,0.014705882352941176,executable,1,0,0,0,0,1,1,0,0,0,3,6.058558238553346,5.498909676142893,0.3322294990479942,0.2383994813209901,256,13,0,1,0,0,0,1,1,0,0,0,0,0.0,0
benign,2acf8f6f068976f75dd70e6195f8a94c3e623a0137c99d78f9055a5dbbbf75bf.exe,data\raw\benign\2acf8f6f068976f75dd70e6195f8a94c3e623a0137c99d78f9055a5dbbbf75bf.exe,108232,68,1,0,0,0,0.014705882352941176,executable,1,0,0,0,0,1,1,0,0,0,9,6.134171781151924,5.491270916446529,0.3966479414590879,0.252697908197206,256,20,1,0,0,1,0,0,1,0,0,0,0,0.0,0
benign,2adbc2a2227756286fb140ca5877a00cee7fedc0d4ae3af098d9b2530c3648f8.exe,data\raw\benign\2adbc2a2227756286fb140ca5877a00cee7fedc0d4ae3af098d9b2530c3648f8.exe,58832,68,1,0,0,0,0.014705882352941176,executable,1,0,0,0,0,1,1,0,0,0,9,6.067879135790264,5.347805748197041,0.3878841446831656,0.2867487081860212,256,20,1,0,0,0,0,0,0,0,0,0,0,0.0,0
benign,2b672dd0e086dd4196087712ba0e34af205f518231545646c81d01411fe9bda8.exe,data\raw\benign\2b672dd0e086dd4196087712ba0e34af205f518231545646c81d01411fe9bda8.exe,94920,68,1,0,0,0,0.014705882352941176,executable,1,0,0,0,0,1,1,0,0,0,9,6.088714768311363,5.390821274291659,0.4088811630847029,0.25910240202275603,256,20,1,0,0,0,0,0,0,0,0,0,0,0.0,0
benign,2b70c56855937a6f0ff82113f8d934641ad9e829b976a4435c805f42b349bdd0.exe,data\raw\benign\2b70c56855937a6f0ff82113f8d934641ad9e829b976a4435c805f42b349bdd0.exe,75536,68,1,0,0,0,0.014705882352941176,executable,1,0,0,0,0,1,1,0,0,0,9,6.249060208859638,5.614242450992048,0.37952764244863374,0.243751323872061,256,20,1,0,0,0,0,0,0,0,0,0,0,0.0,0
benign,2b8870316e872ec419f2f7a0089182cb09ec39565b0b3e21bcd121beea54d544.ole,data\raw\benign\2b8870316e872ec419f2f7a0089182cb09ec39565b0b3e21bcd121beea54d544.ole,1325568,68,0,0,0,0,0.014705882352941176,unknown,0,0,0,0,1,0,0,0,0,0,8,3.1930670981897085,4.048708245491994,0.22315113219389726,0.5139781587968327,256,1,0,0,0,0,0,0,0,0,0,0,0,0.0,0
benign,2b8f77719ff7528fc7147d381d98f0171390b94b85f84f9b4483e9322f140726.exe,data\raw\benign\2b8f77719ff7528fc7147d381d98f0171390b94b85f84f9b4483e9322f140726.exe,196400,68,1,0,0,0,0.014705882352941176,executable,1,0,0,0,0,1,1,0,0,0,2,6.325120730799436,5.129828836994623,0.5334572301425662,0.17180244399185335,256,16,0,0,1,0,0,0,1,0,0,0,0,0.0,0
benign,2c0537b91ea3df61f7dd353ecf98d80201f2276c1e9c6135b031b0f4cb14e163.exe,data\raw\benign\2c0537b91ea3df61f7dd353ecf98d80201f2276c1e9c6135b031b0f4cb14e163.exe,1523704,68,1,0,0,0,0.014705882352941176,executable,1,0,0,0,0,1,1,0,0,0,10,5.860975128472105,4.722667598733511,0.3437124270855757,0.27833621228270056,256,27,16,11,3,0,0,11,14,0,0,0,0,0.0,0
benign,2c1049909ea2288527d4ed08001c8056f4bf9c38336a6a2955c33e8de95e9973.exe,data\raw\benign\2c1049909ea2288527d4ed08001c8056f4bf9c38336a6a2955c33e8de95e9973.exe,121856,68,1,0,0,0,0.014705882352941176,executable,1,0,0,0,0,1,1,0,0,0,0,6.454604570147325,5.2402635768821995,0.2904904149159664,0.13689929096638656,256,1,0,0,0,0,0,0,0,0,0,0,0,0.0,0
benign,2c8b6b0497ac12ab7641342e07eca16b661b31e81444798799d4b186306a9a77.exe,data\raw\benign\2c8b6b0497ac12ab7641342e07eca16b661b31e81444798799d4b186306a9a77.exe,85504,68,1,0,0,0,0.014705882352941176,executable,1,0,0,0,0,1,1,0,0,0,2,6.093643527766909,5.741673415128816,0.2580113211077844,0.24743871631736528,256,0,0,1,0,0,0,1,1,0,0,0,0,0.0,0
benign,2cb483aa33ef8032915fa817ca5c6ef7fc424e8a371caa34e392d780bf4d06ce.ole,data\raw\benign\2cb483aa33ef8032915fa817ca5c6ef7fc424e8a371caa34e392d780bf4d06ce.ole,33002,68,0,0,0,0,0.014705882352941176,unknown,0,0,0,0,1,1,0,0,0,0,12,7.77341121444241,6.171258720658083,0.3548269801830192,0.07290467244409429,256,0,0,0,0,0,0,0,0,0,0,0,0,0.0,0
benign,2d09798210455d443e62351b7b9f02fe7412930623a6bcf6b009c94da3f0fb94.exe,data\raw\benign\2d09798210455d443e62351b7b9f02fe7412930623a6bcf6b009c94da3f0fb94.exe,22016,68,1,0,0,0,0.014705882352941176,executable,1,0,0,0,0,1,1,0,0,0,0,6.026784085780713,5.436213811199439,0.34038880813953487,0.22088481104651161,256,1,0,0,0,0,0,0,0,0,0,0,0,0.0,0
benign,2d28f554f86904da04e39affeda9c4da6e649fe5a9530cc44d67cc4cf3706d27.ole,data\raw\benign\2d28f554f86904da04e39affeda9c4da6e649fe5a9530cc44d67cc4cf3706d27.ole,61680,68,0,0,0,0,0.014705882352941176,unknown,0,0,0,0,1,1,0,0,0,0,31,7.750501181005058,6.215387563787674,0.35654993514915695,0.07915045395590142,256,0,0,0,0,0,0,0,0,0,0,0,0,0.0,0
benign,2d901bf0cb31995d596329a8406471c6e82671811c0d16255cfa02154e6dd90b.exe,data\raw\benign\2d901bf0cb31995d596329a8406471c6e82671811c0d16255cfa02154e6dd90b.exe,670048,68,1,0,0,0,0.014705882352941176,executable,1,0,0,0,0,1,1,0,0,0,2,6.618647421383915,4.546292542626189,0.307007856153589,0.11163827069105497,256,5,1,0,0,0,0,0,0,0,0,0,0,0.0,0
benign,2d9861d0185e05d493c8d5bbae368263f15c0fa66fc7e70c9eae8bba1b43be26.exe,data\raw\benign\2d9861d0185e05d493c8d5bbae368263f15c0fa66fc7e70c9eae8bba1b43be26.exe,426696,68,1,0,0,0,0.014705882352941176,executable,1,0,0,0,0,1,1,0,0,0,3,6.493340921507363,5.116375273389446,0.4027574666741662,0.1825280761947616,256,16,0,0,1,0,0,0,1,0,0,0,0,0.0,0
benign,2db10930c59a7e3cc26be1e8bae834a875221072f9571ccd1d8e3fd6b9a1b52e.exe,data\raw\benign\2db10930c59a7e3cc26be1e8bae834a875221072f9571ccd1d8e3fd6b9a1b52e.exe,51016,68,1,0,0,0,0.014705882352941176,executable,1,0,0,0,0,1,1,0,0,0,1,5.220583689421525,0.4268978029384828,0.4568566724164968,0.3643170769954524,256,5,4,0,0,0,0,0,0,0,0,0,0,0.0,0
benign,2de6f802400d6673a5a6e175ee47b2537950f70e847041b9bbd27b5931cc1637.exe,data\raw\benign\2de6f802400d6673a5a6e175ee47b2537950f70e847041b9bbd27b5931cc1637.exe,322120,68,1,0,0,0,0.014705882352941176,executable,1,0,0,0,0,1,1,0,0,0,1,5.893018265073848,4.427317113592978,0.21418105054017136,0.341903638395629,256,11,11,0,0,0,0,0,0,0,0,0,0,0.0,0
benign,2debeb3bd8ee05e342aec360134d65f6f3e637145ebc001f243e21e58d8503f2.exe,data\raw\benign\2debeb3bd8ee05e342aec360134d65f6f3e637145ebc001f243e21e58d8503f2.exe,33232,68,1,0,0,0,0.014705882352941176,executable,1,0,0,0,0,1,1,0,0,0,1,6.614579888477038,5.098553566133224,0.4979236880115551,0.17477130476649014,256,16,4,2,0,0,0,2,2,0,0,0,0,0.0,0
benign,2df7b0d6ed9d2ad1dba3a9ba6b4d44bc4d7667b25b78b02b81cb0fa5b04fb9dd.exe,data\raw\benign\2df7b0d6ed9d2ad1dba3a9ba6b4d44bc4d7667b25b78b02b81cb0fa5b04fb9dd.exe,53248,68,1,0,0,0,0.014705882352941176,executable,1,0,0,0,0,1,1,0,0,0,9,5.994923689719856,5.334766780069966,0.30318509615384615,0.25353064903846156,256,0,0,0,0,0,0,0,0,0,0,0,0,0.0,0
benign,2e2a40d004346e95cdb0a91dcd881be1f2ee6d9eef16f239c40f6b4e2383c656.exe,data\raw\benign\2e2a40d004346e95cdb0a91dcd881be1f2ee6d9eef16f239c40f6b4e2383c656.exe,36864,68,1,0,0,0,0.014705882352941176,executable,1,0,0,0,0,1,1,0,0,0,1,3.8244284917515023,0.44820890603654057,0.3282063802083333,0.5544162326388888,255,0,2,0,0,0,0,0,0,0,0,0,0,0.0,0
benign,2e7b459f7c57f287f59f382f5d37d29b4c7889c82ea012bf3837b0b732de3c49.exe,data\raw\benign\2e7b459f7c57f287f59f382f5d37d29b4c7889c82ea012bf3837b0b732de3c49.exe,39424,68,1,0,0,0,0.014705882352941176,executable,1,0,0,0,0,1,1,0,0,0,0,6.311506284035852,5.430052485825005,0.27632913961038963,0.15054281655844157,256,1,0,0,0,0,0,0,0,0,0,0,0,0.0,0
benign,2ea4e14ea0250e212e217cc3663be8b1dde72a181016d6ba9a918299266953fc.exe,data\raw\benign\2ea4e14ea0250e212e217cc3663be8b1dde72a181016d6ba9a918299266953fc.exe,36462,68,1,0,0,0,0.014705882352941176,executable,1,0,0,0,0,0,0,0,0,0,0,7.992344254978525,7.945241486569974,0.3694531292852833,0.0044155559212330645,256,0,0,0,0,0,0,0,0,0,0,0,0,0.0,0
benign,2edf7c8fd59cd5fcd19fa528f60cbd6ddb9a8076ae0280b11d8ea8eaf7d39958.exe,data\raw\benign\2edf7c8fd59cd5fcd19fa528f60cbd6ddb9a8076ae0280b11d8ea8eaf7d39958.exe,83032,68,1,0,0,0,0.014705882352941176,executable,1,0,0,0,0,1,1,0,0,0,2,6.14386966041101,5.085330964607193,0.3170343963773003,0.2180243761441372,256,11,0,2,0,0,0,2,2,0,0,0,0,0.0,0
benign,2f031a1752f7067fb9f483ae0ac5f3036c9b66cc4af40e6ae609c0aba7c886d0.exe,data\raw\benign\2f031a1752f7067fb9f483ae0ac5f3036c9b66cc4af40e6ae609c0aba7c886d0.exe,35328,68,1,0,0,0,0.014705882352941176,executable,1,0,0,0,0,1,1,0,0,0,3,5.889944289121744,5.478186294722254,0.38598278985507245,0.2628509963768116,256,0,1,0,0,0,0,0,0,0,0,0,0,0.0,0
benign,2f319ab076f8694f6966beb2a353d98688438d4dbb44f5b669cf562409437b47.exe,data\raw\benign\2f319ab076f8694f6966beb2a353d98688438d4dbb44f5b669cf562409437b47.exe,107496,68,1,0,0,0,0.014705882352941176,executable,1,0,0,0,0,1,1,0,0,0,1,5.982932569766838,4.9941748651839015,0.4907810523182258,0.23641809927811266,256,19,7,12,0,0,0,12,12,0,0,0,0,0.0,0
benign,3006221cb8c23a1d3c9f059445a3c9df96fda1df7bae1b808b76dd453fc8db35.exe,data\raw\benign\3006221cb8c23a1d3c9f059445a3c9df96fda1df7bae1b808b76dd453fc8db35.exe,57512,68,1,0,0,0,0.014705882352941176,executable,1,0,0,0,0,1,1,0,0,0,9,6.159179451171749,5.457939610689831,0.40435039643900406,0.26641396578105436,256,20,1,0,0,0,0,0,0,0,0,0,0,0.0,0
benign,303b238312b9a5de8399a0f4037b53f02627646a3cbb99b37f383e903f3cd7f9.exe,data\raw\benign\303b238312b9a5de8399a0f4037b53f02627646a3cbb99b37f383e903f3cd7f9.exe,60128,68,1,0,0,0,0.014705882352941176,executable,1,0,0,0,0,1,1,0,0,0,9,6.185444789690644,5.4822731832329525,0.3892030335284726,0.2651510111761575,256,20,1,0,0,0,0,0,0,0,0,0,0,0.0,0
benign,304f34f5a9d1c1c7a3fd894dd93d8b6616a615600d475923443bca4e7587c9b8.exe,data\raw\benign\304f34f5a9d1c1c7a3fd894dd93d8b6616a615600d475923443bca4e7587c9b8.exe,53856,68,1,0,0,0,0.014705882352941176,executable,1,0,0,0,0,1,1,0,0,0,10,6.172444634401097,5.272748975336079,0.38968731431966724,0.26999777183600715,256,20,1,0,0,0,0,0,0,0,0,0,0,0.0,0
benign,3069656c32874d84e7cad06b4c0c39fb43393bfa8c57c1afe806eb9990f91c07.exe,data\raw\benign\3069656c32874d84e7cad06b4c0c39fb43393bfa8c57c1afe806eb9990f91c07.exe,49152,68,1,0,0,0,0.014705882352941176,executable,1,0,0,0,0,1,1,0,0,0,3,6.338292842988457,3.4558869604057487,0.35888671875,0.2139892578125,256,0,1,0,0,0,0,0,0,0,0,0,0,0.0,0
benign,3088b3479bf282bffbb9929a6acc9f61fe993f7ad51cfb2917205d2dbfa1fbc9.exe,data\raw\benign\3088b3479bf282bffbb9929a6acc9f61fe993f7ad51cfb2917205d2dbfa1fbc9.exe,40448,68,1,0,0,0,0.014705882352941176,executable,1,0,0,0,0,1,1,0,0,0,9,5.749499754102427,5.390570071252219,0.4313192246835443,0.2899278085443038,256,1,0,2,0,0,0,2,2,0,0,0,0,0.0,0
benign,308e8bb2e8a3b67607d2454370e0b50147b42049bda8130ee519e0de86b8a9ff.exe,data\raw\benign\308e8bb2e8a3b67607d2454370e0b50147b42049bda8130ee519e0de86b8a9ff.exe,88664,68,1,0,0,0,0.014705882352941176,executable,1,0,0,0,0,1,1,0,0,0,2,6.529590143546421,3.4678759928913485,0.3595822430749797,0.1937426689524497,256,18,0,1,0,0,0,1,1,0,0,0,0,0.0,0
benign,30cf13377fc9fa9252c194acfbf7e9458f4625f4754da5ccb625f98de62b6782.exe,data\raw\benign\30cf13377fc9fa9252c194acfbf7e9458f4625f4754da5ccb625f98de62b6782.exe,278016,68,1,0,0,0,0.014705882352941176,executable,1,0,0,0,0,1,1,0,0,0,9,5.93723633347479,5.218614416697383,0.3182011107274402,0.20537666896869244,256,0,0,0,0,0,0,0,0,0,0,0,0,0.0,0
benign,30e76f37938413ff5ffcd80ec35bc4ca353a64a5aa3a197a00cc23eb11ad8f8b.exe,data\raw\benign\30e76f37938413ff5ffcd80ec35bc4ca353a64a5aa3a197a00cc23eb11ad8f8b.exe,15872,68,1,0,0,0,0.014705882352941176,executable,1,0,0,0,0,1,1,0,0,0,0,5.520429647158612,5.151050232221446,0.40158770161290325,0.2860383064516129,253,0,0,0,0,0,0,0,0,0,0,0,0,0.0,0
benign,30fa3790d2049953b8063d77689133c712e58df4cc4f9cbbbddaa96bf79941ee.exe,data\raw\benign\30fa3790d2049953b8063d77689133c712e58df4cc4f9cbbbddaa96bf79941ee.exe,18944,68,1,0,0,0,0.014705882352941176,executable,1,0,0,0,0,1,1,0,0,0,9,4.977858693593599,5.212363299052446,0.2883762668918919,0.4233530405405405,256,0,0,0,0,0,0,0,0,0,0,0,0,0.0,0
benign,311129b9debdb192020e2038697de1f23bc8572d02dfbfeb742b3f603df950da.exe,data\raw\benign\311129b9debdb192020e2038697de1f23bc8572d02dfbfeb742b3f603df950da.exe,208896,68,1,0,0,0,0.014705882352941176,executable,1,0,0,0,0,1,1,0,0,0,2,6.437878956594487,0.7165663051520949,0.35114602481617646,0.18458946078431374,256,0,0,0,3,2,0,0,5,0,0,0,0,0.0,0
benign,317bad4e1c85573a0ed69433dc4be1055d61adfba88b18fbdd2289d64183fa6c.exe,data\raw\benign\317bad4e1c85573a0ed69433dc4be1055d61adfba88b18fbdd2289d64183fa6c.exe,91936,68,1,0,0,0,0.014705882352941176,executable,1,0,0,0,0,1,1,0,0,0,2,6.171120196413019,5.639049591453347,0.34719805081796035,0.2244713713887922,256,11,0,1,0,0,0,1,1,0,0,0,0,0.0,0
benign,31a079b5bdd155cb58860afa1e068f8564d7a4a9492aab347e35a724db1849e9.exe,data\raw\benign\31a079b5bdd155cb58860afa1e068f8564d7a4a9492aab347e35a724db1849e9.exe,580264,68,1,0,0,0,0.014705882352941176,executable,1,0,0,0,0,1,1,0,0,0,9,6.136446574757199,5.440208973195711,0.34140494671390953,0.253600085478334,256,31,1,67,0,0,0,67,67,0,0,0,0,0.0,0
benign,31aaba443b9869e6e68c17125f8d7989cbd762fb38ae3a10e58f4759548a7745.exe,data\raw\benign\31aaba443b9869e6e68c17125f8d7989cbd762fb38ae3a10e58f4759548a7745.exe,124872,68,1,0,0,0,0.014705882352941176,executable,1,0,0,0,0,1,1,0,0,0,2,6.23964688321785,4.599591896148561,0.3699948747517458,0.23317477096546865,256,16,1,1,0,0,0,1,1,0,0,0,0,0.0,0
benign,322faaaa59d1a8290462dcb75abd05deb645689b4516040a9f0e848e57b92577.exe,data\raw\benign\322faaaa59d1a8290462dcb75abd05deb645689b4516040a9f0e848e57b92577.exe,624328,68,1,0,0,0,0.014705882352941176,executable,1,0,0,0,0,1,1,0,0,0,1,3.419791672699808,2.3411178380658275,0.27482509193885263,0.25201656821414387,256,16,1,0,0,0,0,0,0,0,0,0,0,0.0,0
benign,32b52e6d9366292f8664518b887d37b551d9fc911689e5c0e89d33a69f526e5d.exe,data\raw\benign\32b52e6d9366292f8664518b887d37b551d9fc911689e5c0e89d33a69f526e5d.exe,21504,68,1,0,0,0,0.014705882352941176,executable,1,0,0,0,0,1,1,0,0,0,0,5.98181853203242,5.367182481258334,0.32514880952380953,0.22842261904761904,255,1,0,0,0,0,0,0,0,0,0,0,0,0.0,0
benign,33a5b015af1ecd057057eada64b2f8fe3633b467bd43454f5278f76b94cd09ab.exe,data\raw\benign\33a5b015af1ecd057057eada64b2f8fe3633b467bd43454f5278f76b94cd09ab.exe,79360,68,1,0,0,0,0.014705882352941176,executable,1,0,0,0,0,1,1,0,0,0,3,5.810540326444085,5.638365440991054,0.33108618951612906,0.2646295362903226,256,0,1,2,0,0,0,2,2,0,0,0,0,0.0,0
benign,33aaf68843e2936dfd3665e5cdb76a3d5372fff42fe66f4f2b35886066a0380e.exe,data\raw\benign\33aaf68843e2936dfd3665e5cdb76a3d5372fff42fe66f4f2b35886066a0380e.exe,62464,68,1,0,0,0,0.014705882352941176,executable,1,0,0,0,0,1,1,0,0,0,1,6.360281618009022,5.401228570868248,0.3661629098360656,0.16214139344262296,256,1,0,0,0,0,0,0,0,0,0,0,0,0.0,0
benign,33d869a74dbd68243d75d97c92ce1b3052117c729b81e79098e7c5b0ba4881f8.ole,data\raw\benign\33d869a74dbd68243d75d97c92ce1b3052117c729b81e79098e7c5b0ba4881f8.ole,22977,68,0,0,0,0,0.014705882352941176,unknown,0,0,0,0,1,1,0,0,0,0,12,7.614794328288202,6.222862750971035,0.34564999782391087,0.10636723680201941,256,0,0,0,0,0,0,0,0,0,0,0,0,0.0,0
benign,341e757fe21e236ff2162c678f940558196ae1988a5f5efc4a4b25e425fa0ea0.exe,data\raw\benign\341e757fe21e236ff2162c678f940558196ae1988a5f5efc4a4b25e425fa0ea0.exe,204288,68,1,0,0,0,0.014705882352941176,executable,1,0,0,0,0,1,1,0,0,0,10,6.838696318306526,5.486941436290998,0.38920543546365916,0.17514489348370926,256,4,2,0,1,0,0,0,1,0,0,0,0,0.0,0
benign,3422f2fbef0b4135b4e85c7bcfeaccc2a399ab2681080bc53733628af6b215b6.exe,data\raw\benign\3422f2fbef0b4135b4e85c7bcfeaccc2a399ab2681080bc53733628af6b215b6.exe,258240,68,1,0,0,0,0.014705882352941176,executable,1,0,0,0,0,1,1,0,0,0,3,5.960982051882142,5.614681832639796,0.29354089219330853,0.2935292750929368,256,14,1,2,0,0,0,2,2,0,0,0,0,0.0,0
benign,3432b52dffcbb380c081d04554bb3d972d7809c7226713cc27ac04e9df27d362.exe,data\raw\benign\3432b52dffcbb380c081d04554bb3d972d7809c7226713cc27ac04e9df27d362.exe,82944,68,1,0,0,0,0.014705882352941176,executable,1,0,0,0,0,1,1,0,0,0,4,7.1290964696595625,5.166749298908803,0.28329957561728397,0.1812548225308642,256,1,2,0,0,0,0,0,0,0,0,0,0,0.0,0
benign,343564ae7b089278180f139230e02a587598bbc10ceb2ace00268c63127a792d.exe,data\raw\benign\343564ae7b089278180f139230e02a587598bbc10ceb2ace00268c63127a792d.exe,121344,68,1,0,0,0,0.014705882352941176,executable,1,0,0,0,0,1,1,0,0,0,2,5.951008718313429,5.266064865512203,0.46232199367088606,0.24863198839662448,256,5,1,1,0,0,0,1,1,0,0,0,0,0.0,0
benign,343883df0625d9ab21c3de31c2c5fbcc24c6d0c151d2dcacd2ba1f04e6a40ad6.exe,data\raw\benign\343883df0625d9ab21c3de31c2c5fbcc24c6d0c151d2dcacd2ba1f04e6a40ad6.exe,1734000,68,1,0,0,0,0.014705882352941176,executable,1,0,0,0,0,1,1,0,0,0,19,6.645585961702725,4.784814406765669,0.3359544405997693,0.1620040369088812,256,86,2,7,0,4,0,7,11,0,0,0,0,0.0,0
benign,346fb6819d138bee09beb553c8ea03c46418f963acae909997e365c07e0d6519.exe,data\raw\benign\346fb6819d138bee09beb553c8ea03c46418f963acae909997e365c07e0d6519.exe,55872,68,1,0,0,0,0.014705882352941176,executable,1,0,0,0,0,1,1,0,0,0,10,6.135776264384115,5.258034308835438,0.39679982817869414,0.2712270904925544,256,20,1,0,0,0,0,0,0,0,0,0,0,0.0,0
benign,34e718e7c5644f147bec3af69f9fa789be1220e56a7bf827bf1c11afc9c3b0d0.exe,data\raw\benign\34e718e7c5644f147bec3af69f9fa789be1220e56a7bf827bf1c11afc9c3b0d0.exe,1322496,68,1,0,0,0,0.014705882352941176,executable,1,0,0,0,0,1,1,0,0,0,8,6.2942485900504765,5.115090455148819,0.31006899075687183,0.20299947977158342,256,1,2,1,0,0,0,1,1,0,0,0,0,0.0,0
benign,35a2d73b7a196673c4056e18c44729cf65806f55763aa6c026776f77509b3344.exe,data\raw\benign\35a2d73b7a196673c4056e18c44729cf65806f55763aa6c026776f77509b3344.exe,34144,68,1,0,0,0,0.014705882352941176,executable,1,0,0,0,0,1,1,0,0,0,0,5.997230178164986,4.204041860902746,0.22952788191190254,0.27507029053420806,256,5,1,0,0,0,0,0,0,0,0,0,0,0.0,0
benign,3686c09b2a7755811095196bd155757b5316883d27266ca2d808ba38b410163a.exe,data\raw\benign\3686c09b2a7755811095196bd155757b5316883d27266ca2d808ba38b410163a.exe,56624,68,1,0,0,0,0.014705882352941176,executable,1,0,0,0,0,1,1,0,0,0,9,6.040055992987831,5.218520907401557,0.39550367335405484,0.2866275784119808,256,20,1,0,0,0,0,0,0,0,0,0,0,0.0,0
benign,373d0778d083a04943032826a3571e5e8d450a9535f5a901db43c791200a774d.exe,data\raw\benign\373d0778d083a04943032826a3571e5e8d450a9535f5a901db43c791200a774d.exe,363944,68,1,0,0,0,0.014705882352941176,executable,1,0,0,0,0,1,1,0,0,0,3,6.04119235867533,5.721697268964736,0.362080429956257,0.2530801441980085,256,16,0,0,0,0,0,0,0,0,0,0,0,0.0,0
benign,3777466cacecedcab6f2e7adc82cfc5f18c0c7f41bea1c68192c4027d53c0d0e.exe,data\raw\benign\3777466cacecedcab6f2e7adc82cfc5f18c0c7f41bea1c68192c4027d53c0d0e.exe,55152,68,1,0,0,0,0.014705882352941176,executable,1,0,0,0,0,1,1,0,0,0,9,5.942690941093519,5.055785244155324,0.39683057731360605,0.30149405279953584,256,20,1,0,0,0,0,0,0,0,0,0,0,0.0,0
benign,377c0e34938c5c87ce613c5f2ea64c702baa55d2368c20ab375ecc8b605d0a76.exe,data\raw\benign\377c0e34938c5c87ce613c5f2ea64c702baa55d2368c20ab375ecc8b605d0a76.exe,68096,68,1,0,0,0,0.014705882352941176,executable,1,0,0,0,0,1,1,0,0,0,2,6.260963807496134,5.6993060571303715,0.31834468984962405,0.20838228383458646,256,0,0,0,0,0,0,0,0,0,0,0,0,0.0,0
benign,37ad74048035735bda661eec2bf47e117c9819698c73546f4ab4eae78fe660ac.exe,data\raw\benign\37ad74048035735bda661eec2bf47e117c9819698c73546f4ab4eae78fe660ac.exe,1202385,68,1,0,0,0,0.014705882352941176,executable,1,0,0,0,0,1,1,0,0,0,4,6.367638283714347,5.567633474377904,0.3232650107910528,0.1886392461649139,256,1,3,1,0,1,0,1,2,0,0,0,0,0.0,0
benign,37df0036b3a3d49c4d2d717ae8cff0576811b9a2726fa3b044af5934a48f48f9.exe,data\raw\benign\37df0036b3a3d49c4d2d717ae8cff0576811b9a2726fa3b044af5934a48f48f9.exe,145920,68,1,0,0,0,0.014705882352941176,executable,1,0,0,0,0,1,1,0,0,0,10,5.687507934447971,5.083942515126517,0.3023163377192982,0.24446271929824562,256,0,0,0,0,0,0,0,0,0,0,0,0,0.0,0
benign,37df607966b7219faf58bb94e931b455b27e86c52c54878307c9a4c564067cf4.exe,data\raw\benign\37df607966b7219faf58bb94e931b455b27e86c52c54878307c9a4c564067cf4.exe,41778,68,1,0,0,0,0.014705882352941176,executable,1,0,0,0,0,0,0,0,0,0,2,7.993833935327631,7.9581973860383854,0.37438364689549525,0.0043802958494901624,256,0,0,0,0,0,0,0,0,0,0,0,0,0.0,0
benign,380616b38e867f0d99ef4666f8d551e97ce56e83be29fcd4567e68b95d707d01.exe,data\raw\benign\380616b38e867f0d99ef4666f8d551e97ce56e83be29fcd4567e68b95d707d01.exe,14848,68,1,0,0,0,0.014705882352941176,executable,1,0,0,0,0,1,1,0,0,0,0,5.720860115940842,5.552626013547079,0.3234779094827586,0.2706088362068966,250,1,0,0,0,0,0,0,0,0,0,0,0,0.0,0
benign,3846f2ce94d43e9ef6c08cd0abfb5c6c6c993b00d8690bbea40cc525b44cc0a3.exe,data\raw\benign\3846f2ce94d43e9ef6c08cd0abfb5c6c6c993b00d8690bbea40cc525b44cc0a3.exe,273322,68,1,0,0,0,0.014705882352941176,executable,1,0,0,0,0,1,1,0,0,0,0,6.697279722258322,6.1744411215763,0.32243654005166067,0.07783859330752739,256,0,0,0,0,0,0,0,0,0,0,0,0,0.0,0
benign,38515483413002d884d7354be2a724117ca9e6b0baecfc9d47292a194996f72b.exe,data\raw\benign\38515483413002d884d7354be2a724117ca9e6b0baecfc9d47292a194996f72b.exe,59224,68,1,0,0,0,0.014705882352941176,executable,1,0,0,0,0,1,1,0,0,0,0,5.081080211710198,0.42571860844783016,0.356021207618533,0.4026070511954613,256,5,3,1,0,0,0,1,1,0,0,0,0,0.0,0
benign,387d26467015fe41d1a694b0dc9f3a4a52e7e57f4ec0cfc63d636bef1d9f4df7.exe,data\raw\benign\387d26467015fe41d1a694b0dc9f3a4a52e7e57f4ec0cfc63d636bef1d9f4df7.exe,51712,68,1,0,0,0,0.014705882352941176,executable,1,0,0,0,0,1,1,0,0,0,2,6.218403718537048,5.625799378025056,0.37443920173267325,0.23553527227722773,256,2,0,1,0,0,0,1,1,0,0,0,0,0.0,0
benign,392b91d6f81850708be8fe0cd10ba983a50d0ffb51ec40af56008333fc43af89.exe,data\raw\benign\392b91d6f81850708be8fe0cd10ba983a50d0ffb51ec40af56008333fc43af89.exe,71352,68,1,0,0,0,0.014705882352941176,executable,1,0,0,0,0,1,1,0,0,0,9,6.03277199356774,5.368514417459182,0.3937941473259334,0.28496748514407444,256,20,1,0,0,0,0,0,0,0,0,0,0,0.0,0
benign,399c31b1a07dc44318132b15727fffbcba6288c6b2dfb8485567b47b9841c726.ole,data\raw\benign\399c31b1a07dc44318132b15727fffbcba6288c6b2dfb8485567b47b9841c726.ole,2100810,68,0,0,0,0,0.014705882352941176,unknown,0,0,0,0,1,1,0,0,0,0,448,7.861527553610575,6.536117441713867,0.3529800410317925,0.03385884492172067,256,18,0,0,0,0,0,0,0,0,0,0,0,0.0,0
benign,39bbaf0755a1f571d03a1e77a578f59bc5a11635270ad758757abbe55bad8e30.exe,data\raw\benign\39bbaf0755a1f571d03a1e77a578f59bc5a11635270ad758757abbe55bad8e30.exe,189352,68,1,0,0,0,0.014705882352941176,executable,1,0,0,0,0,1,1,0,0,0,3,6.583855966900199,5.563328321555179,0.3223256157843593,0.18005091047361527,256,13,1,1,1,1,0,1,3,0,0,0,0,0.0,0
benign,3a001b8c4d0e52362bba32d326158c4fbdbf48cefd49e5b1ac23d77bca98093f.exe,data\raw\benign\3a001b8c4d0e52362bba32d326158c4fbdbf48cefd49e5b1ac23d77bca98093f.exe,36352,68,1,0,0,0,0.014705882352941176,executable,1,0,0,0,0,1,1,0,0,0,3,6.005169959321493,3.701721185568686,0.35497359154929575,0.25698723591549294,255,1,2,0,0,0,0,0,0,0,0,0,0,0.0,0
benign,3a26e84b22e7665a55f0857da23a05e3ef3ed430242b6f7635909981cdbeba94.exe,data\raw\benign\3a26e84b22e7665a55f0857da23a05e3ef3ed430242b6f7635909981cdbeba94.exe,316504,68,1,0,0,0,0.014705882352941176,executable,1,0,0,0,0,1,1,0,0,0,6,5.945521765639513,4.987761909793024,0.42514154639435836,0.2793361221343174,256,18,320,1,0,0,0,1,1,0,0,0,0,0.0,0
benign,3a44fa455ada6aede5098355efc22825ac336a3faa18d7695054fcf3a7bbffc0.exe,data\raw\benign\3a44fa455ada6aede5098355efc22825ac336a3faa18d7695054fcf3a7bbffc0.exe,38488,68,1,0,0,0,0.014705882352941176,executable,1,0,0,0,0,1,1,0,0,0,2,6.575240758370929,3.346804280012543,0.3866399916857202,0.2027125337767616,256,18,0,1,0,0,0,1,1,0,0,0,0,0.0,0
benign,3ac5bfd046112d5514a91ed9dc8a67ee5e61e0b8e468a6668ade72da6549c358.ole,data\raw\benign\3ac5bfd046112d5514a91ed9dc8a67ee5e61e0b8e468a6668ade72da6549c358.ole,1219563,68,0,0,0,0,0.014705882352941176,unknown,0,0,0,0,1,1,0,0,0,0,174,7.889782858598593,6.4040254431584565,0.3825526028585649,0.032171359741153184,256,67,0,0,2,0,0,0,2,0,0,0,0,0.0,0
benign,3aeec86e232b09526dc62362f3d37c010bdb962eb31e5a18f2e781aa25423033.exe,data\raw\benign\3aeec86e232b09526dc62362f3d37c010bdb962eb31e5a18f2e781aa25423033.exe,36864,68,1,0,0,0,0.014705882352941176,executable,1,0,0,0,0,1,1,0,0,0,3,4.217876634572162,5.125188944679582,0.24617513020833334,0.4890679253472222,256,1,1,0,0,0,0,0,0,0,0,0,0,0.0,0
benign,3b120c2b06afd93fc3c84a98c497afff4d93e64168ad809498f86568600b38f3.exe,data\raw\benign\3b120c2b06afd93fc3c84a98c497afff4d93e64168ad809498f86568600b38f3.exe,125440,68,1,0,0,0,0.014705882352941176,executable,1,0,0,0,0,1,1,0,0,0,0,6.449742198615364,5.241327439803479,0.29323182397959185,0.13655133928571428,256,1,0,0,0,0,0,0,0,0,0,0,0,0.0,0
benign,3b812075fee45f45ae2d9801c25eb4cadef412b703a1df9c29060bad61fbb039.exe,data\raw\benign\3b812075fee45f45ae2d9801c25eb4cadef412b703a1df9c29060bad61fbb039.exe,50888,68,1,0,0,0,0.014705882352941176,executable,1,0,0,0,0,1,1,0,0,0,3,6.197095634616753,5.63280871065941,0.36004559031598804,0.274917465807263,256,16,0,1,0,0,0,1,1,0,0,0,0,0.0,0
benign,3bc5906d625e95dfb4744c2baa1e1a5d1b3f73ee663cc149f02ef7eaf23986c0.exe,data\raw\benign\3bc5906d625e95dfb4744c2baa1e1a5d1b3f73ee663cc149f02ef7eaf23986c0.exe,68680,68,1,0,0,0,0.014705882352941176,executable,1,0,0,0,0,1,1,0,0,0,2,6.25975283016262,3.490768948896823,0.32032615026208505,0.2383080955154339,256,7,1,1,0,0,0,1,1,0,0,0,0,0.0,0
benign,3be77cde3fe49040e294b6e4b4fceb284fcfb65279fcdcad9dc087d2d4406058.exe,data\raw\benign\3be77cde3fe49040e294b6e4b4fceb284fcfb65279fcdcad9dc087d2d4406058.exe,122200,68,1,0,0,0,0.014705882352941176,executable,1,0,0,0,0,1,1,0,0,0,5,6.7716065539739025,5.048244425770402,0.33402618657937805,0.21483633387888706,256,13,1,0,0,0,0,0,0,0,0,0,0,0.0,0
benign,3ca96b622f4af8cfdf1d65b9c1c2ee118bc924753ad95d3376b97c6f08153a54.exe,data\raw\benign\3ca96b622f4af8cfdf1d65b9c1c2ee118bc924753ad95d3376b97c6f08153a54.exe,55296,68,1,0,0,0,0.014705882352941176,executable,1,0,0,0,0,1,1,0,0,0,3,5.770299021204359,5.518667156739974,0.3340928819444444,0.27741608796296297,256,0,1,0,0,0,0,0,0,0,0,0,0,0.0,0
benign,3ccc132059602cbf7dc3acf61a7f83d443a8379a784cc660575858bdb455e6cc.exe,data\raw\benign\3ccc132059602cbf7dc3acf61a7f83d443a8379a784cc660575858bdb455e6cc.exe,18944,68,1,0,0,0,0.014705882352941176,executable,1,0,0,0,0,1,1,0,0,0,9,5.0153754702348765,5.240416875152898,0.2756545608108108,0.4197635135135135,255,0,0,0,0,0,0,0,0,0,0,0,0,0.0,0
benign,3cccf40d984007ee8b64fdb0216efa50e850306531dd3f4ac7710a6dc155351b.exe,data\raw\benign\3cccf40d984007ee8b64fdb0216efa50e850306531dd3f4ac7710a6dc155351b.exe,26624,68,1,0,0,0,0.014705882352941176,executable,1,0,0,0,0,1,1,0,0,0,3,4.902904549921336,4.957636382178723,0.2580378605769231,0.4127854567307692,256,0,0,1,0,0,0,1,1,0,0,0,0,0.0,0
benign,3ce6f5e9aee5a3f921d1a21144ae5b7b557dbfc7999f282adcc2fc522fc787bb.exe,data\raw\benign\3ce6f5e9aee5a3f921d1a21144ae5b7b557dbfc7999f282adcc2fc522fc787bb.exe,20480,68,1,0,0,0,0.014705882352941176,executable,1,0,0,0,0,1,1,0,0,0,9,5.114072258813339,5.2659770150079535,0.285791015625,0.402978515625,256,0,0,0,0,0,0,0,0,0,0,0,0,0.0,0
benign,3cefaa966d5e204fe6601160e7ba4d27910437bd1e83b8e0e9f2c4c3de210227.exe,data\raw\benign\3cefaa966d5e204fe6601160e7ba4d27910437bd1e83b8e0e9f2c4c3de210227.exe,29784,68,1,0,0,0,0.014705882352941176,executable,1,0,0,0,0,1,1,0,0,0,0,6.6629603577329855,5.3038128478122495,0.47381144238517325,0.17610126242277732,256,18,2,0,0,0,0,0,0,0,0,0,0,0.0,0
benign,3d1ac5f16b486805bfea6e9152cc60251b7e8f4a8580187afef978347e523f46.exe,data\raw\benign\3d1ac5f16b486805bfea6e9152cc60251b7e8f4a8580187afef978347e523f46.exe,30200,68,1,0,0,0,0.014705882352941176,executable,1,0,0,0,0,1,1,0,0,0,1,6.634369646156799,5.276935865195263,0.48526490066225164,0.16986754966887418,256,17,2,2,0,0,0,2,2,0,0,0,0,0.0,0
benign,3d8b868359f623a9441e336d32c360352bf819114052599d3c85ab69e60d1de9.exe,data\raw\benign\3d8b868359f623a9441e336d32c360352bf819114052599d3c85ab69e60d1de9.exe,185024,68,1,0,0,0,0.014705882352941176,executable,1,0,0,0,0,1,1,0,0,0,3,6.28696739939858,4.6638792121631045,0.4345111985472155,0.24345490314769977,256,16,224,0,0,0,0,0,0,0,0,0,0,0.0,0
benign,3df47f4ebe158f4394bd3e0c2052262e92192998c0637c259629b8e75fe85203.exe,data\raw\benign\3df47f4ebe158f4394bd3e0c2052262e92192998c0637c259629b8e75fe85203.exe,1658368,68,1,0,0,0,0.014705882352941176,executable,1,0,0,0,0,1,1,0,0,0,3,5.911482233127619,5.439825172211493,0.36499799803179994,0.3216945816610065,256,1,4,91,0,0,0,91,91,0,0,0,0,0.0,0
benign,3e71f762320a9af8159d51e374a64ebd4916a92e3de3be8dc1e22d86410982c5.exe,data\raw\benign\3e71f762320a9af8159d51e374a64ebd4916a92e3de3be8dc1e22d86410982c5.exe,24576,68,1,0,0,0,0.014705882352941176,executable,1,0,0,0,0,1,1,0,0,0,9,5.155556485039243,5.200430027283394,0.284912109375,0.4009602864583333,256,0,0,0,0,0,0,0,0,0,0,0,0,0.0,0
benign,3e917376199b13523dfb4fcc445583d9df0606ad0a6a02b111d8a3ee6b71e117.exe,data\raw\benign\3e917376199b13523dfb4fcc445583d9df0606ad0a6a02b111d8a3ee6b71e117.exe,191064,68,1,0,0,0,0.014705882352941176,executable,1,0,0,0,0,1,1,0,0,0,2,6.076975267073509,3.1551133921615526,0.31654838169409205,0.2207113846669179,256,18,0,0,0,0,0,0,0,0,0,0,0,0.0,0
benign,3e95000db27b940bd46d62b8117ea9f3bd4ea9ee203fc54d1244deb429e6785f.exe,data\raw\benign\3e95000db27b940bd46d62b8117ea9f3bd4ea9ee203fc54d1244deb429e6785f.exe,52120,68,1,0,0,0,0.014705882352941176,executable,1,0,0,0,0,1,1,0,0,0,9,6.05792294299707,5.4840415022728966,0.40218726016884115,0.2857252494244052,256,20,1,0,0,0,0,0,0,0,0,0,0,0.0,0
benign,3f1bfc4be00fa0c07778a986e81bf21453ba45f76fecd261d7e88e7db76a15a1.exe,data\raw\benign\3f1bfc4be00fa0c07778a986e81bf21453ba45f76fecd261d7e88e7db76a15a1.exe,86656,68,1,0,0,0,0.014705882352941176,executable,1,0,0,0,0,1,1,0,0,0,3,5.974789024049656,5.733006697938207,0.3434038035450517,0.2748453655834564,256,10,3,0,1,0,0,0,1,0,0,0,0,0.0,0
benign,3f3fe9ecad7f30fc80cdfb678d7ca27a30d0575a73818746e98be9170d3be348.exe,data\raw\benign\3f3fe9ecad7f30fc80cdfb678d7ca27a30d0575a73818746e98be9170d3be348.exe,34304,68,1,0,0,0,0.014705882352941176,executable,1,0,0,0,0,1,1,0,0,0,3,5.463374797483084,5.528320394855559,0.3187091884328358,0.3537779850746269,256,0,1,0,0,0,0,0,0,0,0,0,0,0.0,0
benign,3fb239d7ac7719328c58a1eb3ce2abd900949b6f6e5d5db4f95852325bf67473.exe,data\raw\benign\3fb239d7ac7719328c58a1eb3ce2abd900949b6f6e5d5db4f95852325bf67473.exe,51200,68,1,0,0,0,0.014705882352941176,executable,1,0,0,0,0,1,1,0,0,0,3,6.243159786271185,4.7458738595052266,0.29421875,0.20291015625,256,0,1,0,0,0,0,0,0,0,0,0,0,0.0,0
benign,405865f8af5ff082926927140e1915d1f77f63d3dcd703b3f0fe72102fd80abd.exe,data\raw\benign\405865f8af5ff082926927140e1915d1f77f63d3dcd703b3f0fe72102fd80abd.exe,35656,68,1,0,0,0,0.014705882352941176,executable,1,0,0,0,0,1,1,0,0,0,3,6.0013502433823165,5.571170784384769,0.3599674669059906,0.29714494054296614,256,9,1,0,0,0,0,0,0,0,0,0,0,0.0,0
benign,4095c33ca52203420d14bf3402cdbae1f237a221c270fae8b302a0e06664ad6c.exe,data\raw\benign\4095c33ca52203420d14bf3402cdbae1f237a221c270fae8b302a0e06664ad6c.exe,26112,68,1,0,0,0,0.014705882352941176,executable,1,0,0,0,0,1,1,0,0,0,9,5.428841812860402,5.2179871192833716,0.33095894607843135,0.34654564950980393,256,0,0,0,0,0,0,0,0,0,0,0,0,0.0,0
benign,40973d2b21fc99adda02a0785133fbf4ec53602d8e26c79503ef357234b6b579.exe,data\raw\benign\40973d2b21fc99adda02a0785133fbf4ec53602d8e26c79503ef357234b6b579.exe,71680,68,1,0,0,0,0.014705882352941176,executable,1,0,0,0,0,1,1,0,0,0,3,5.808794283630387,5.394203276635645,0.3556501116071429,0.2713030133928571,256,0,0,1,0,0,0,1,1,0,0,0,0,0.0,0
benign,40f0b1743dd050949c942debbbaf87b3a070ab87d792550bf9320032ba214fbe.exe,data\raw\benign\40f0b1743dd050949c942debbbaf87b3a070ab87d792550bf9320032ba214fbe.exe,58672,68,1,0,0,0,0.014705882352941176,executable,1,0,0,0,0,1,1,0,0,0,9,6.027672208985424,5.620582676664658,0.3939357785655849,0.28897941096263974,256,20,1,0,0,0,0,0,0,0,0,0,0,0.0,0
benign,410d442aa93e4a593e651da540c0debd3f60d150671529a461c1c73a7f82473c.exe,data\raw\benign\410d442aa93e4a593e651da540c0debd3f60d150671529a461c1c73a7f82473c.exe,23040,68,1,0,0,0,0.014705882352941176,executable,1,0,0,0,0,1,1,0,0,0,9,5.239481710700856,5.204532834022464,0.29639756944444445,0.3844184027777778,256,0,0,0,0,0,0,0,0,0,0,0,0,0.0,0
benign,413313e7920c29dc1219593edd2c4f8d5374f4cbcbae43ea61d6a3948c8de779.exe,data\raw\benign\413313e7920c29dc1219593edd2c4f8d5374f4cbcbae43ea61d6a3948c8de779.exe,30720,68,1,0,0,0,0.014705882352941176,executable,1,0,0,0,0,1,1,0,0,0,3,5.42227373065698,5.127222432375294,0.32594401041666665,0.3059895833333333,256,0,0,0,0,0,0,0,0,0,0,0,0,0.0,0
benign,4197fc76b3e00145191b260c9ae8e98531d966202669ad39d34137ce303d3566.exe,data\raw\benign\4197fc76b3e00145191b260c9ae8e98531d966202669ad39d34137ce303d3566.exe,17408,68,1,0,0,0,0.014705882352941176,executable,1,0,0,0,0,1,1,0,0,0,9,5.009969429528788,5.233426311108876,0.29015395220588236,0.4188878676470588,254,0,0,0,0,0,0,0,0,0,0,0,0,0.0,0
benign,41fc284f5c860580dd5fa32de705b66be97cb01c77c9d0aea3acbe38a5f8aa96.exe,data\raw\benign\41fc284f5c860580dd5fa32de705b66be97cb01c77c9d0aea3acbe38a5f8aa96.exe,162304,68,1,0,0,0,0.014705882352941176,executable,1,0,0,0,0,1,1,0,0,0,9,6.200071038011579,5.2701189715417325,0.3676927247634069,0.1939323738170347,256,1,0,0,0,0,0,0,0,0,0,0,0,0.0,0
benign,424451b348b3596f08e28772ee3afb3f16676687f6192746f132394c25112814.exe,data\raw\benign\424451b348b3596f08e28772ee3afb3f16676687f6192746f132394c25112814.exe,61856,68,1,0,0,0,0.014705882352941176,executable,1,0,0,0,0,1,1,0,0,0,9,6.07431019025317,5.21011711739031,0.3926539058458355,0.2801991722710812,256,20,1,0,0,0,0,0,0,0,0,0,0,0.0,0
benign,4254345e5fa80fec2542e57e3134be06334d50f9fb8cbacba54f560f386da9bf.ole,data\raw\benign\4254345e5fa80fec2542e57e3134be06334d50f9fb8cbacba54f560f386da9bf.ole,1104828,68,0,0,0,0,0.014705882352941176,unknown,0,0,0,0,1,1,0,0,0,0,75,7.87841140018274,6.215088495017127,0.3543203104917689,0.031037410348036074,256,0,0,0,0,0,0,0,0,0,0,0,0,0.0,0
benign,42ad5682ca815e21b8c44e3863b202e47ad3bcda209c0bc8484922d6dbdf31d5.exe,data\raw\benign\42ad5682ca815e21b8c44e3863b202e47ad3bcda209c0bc8484922d6dbdf31d5.exe,53248,68,1,0,0,0,0.014705882352941176,executable,1,0,0,0,0,1,1,0,0,0,1,4.353861718011667,0.6641810953578353,0.23719200721153846,0.5159818209134616,256,0,2,1,0,0,0,1,1,0,0,0,0,0.0,0
benign,42f9e10113f04d60ab45760862f8c371e9d1a3f5f6f3d9457ed5d1f299bc0a38.exe,data\raw\benign\42f9e10113f04d60ab45760862f8c371e9d1a3f5f6f3d9457ed5d1f299bc0a38.exe,46688,68,1,0,0,0,0.014705882352941176,executable,1,0,0,0,0,1,1,0,0,0,9,6.032233904656859,5.261710965986794,0.4014521932830706,0.29016021247429746,256,20,1,0,0,0,0,0,0,0,0,0,0,0.0,0
benign,42fd07c963c0e20be60de897497fb7783eb25f09480d9a03ea3d462182b08a74.exe,data\raw\benign\42fd07c963c0e20be60de897497fb7783eb25f09480d9a03ea3d462182b08a74.exe,38912,68,1,0,0,0,0.014705882352941176,executable,1,0,0,0,0,1,1,0,0,0,3,6.218182399094,4.114412881504623,0.33321340460526316,0.22062602796052633,256,1,1,0,0,0,0,0,0,0,0,0,0,0.0,0
benign,432abbae25f6b91a977bc9f75c4a8edd3bffa5d152d67eb8a358122aa82770e2.exe,data\raw\benign\432abbae25f6b91a977bc9f75c4a8edd3bffa5d152d67eb8a358122aa82770e2.exe,82944,68,1,0,0,0,0.014705882352941176,executable,1,0,0,0,0,1,1,0,0,0,4,7.135713819037604,5.198683501509094,0.28449315200617287,0.1800733024691358,256,1,2,0,0,0,0,0,0,0,0,0,0,0.0,0
benign,432f3499c38a069b0eccc1f19b11d13760da2dd6fba517f215e5dd03285f9b5a.exe,data\raw\benign\432f3499c38a069b0eccc1f19b11d13760da2dd6fba517f215e5dd03285f9b5a.exe,24576,68,1,0,0,0,0.014705882352941176,executable,1,0,0,0,0,1,1,0,0,0,0,6.077704821371567,5.337449965591646,0.3201497395833333,0.2122802734375,255,1,0,0,0,0,0,0,0,0,0,0,0,0.0,0
benign,4363bb5c5ca4bc909d7eed5940fd71b5d93551267563792e58ba4b6fa5f6e312.ole,data\raw\benign\4363bb5c5ca4bc909d7eed5940fd71b5d93551267563792e58ba4b6fa5f6e312.ole,184320,68,0,0,0,0,0.014705882352941176,unknown,0,0,0,0,1,0,0,0,0,0,4,7.448226287971234,7.457589492250904,0.31690538194444445,0.13606770833333334,256,0,0,0,0,0,0,0,0,0,0,0,0,0.0,0
benign,43b1d7cb1a978bd95a2c7e024401e960447883f6033e48bc4c1217dc9ba924cf.exe,data\raw\benign\43b1d7cb1a978bd95a2c7e024401e960447883f6033e48bc4c1217dc9ba924cf.exe,42968,68,1,0,0,0,0.014705882352941176,executable,1,0,0,0,0,1,1,0,0,0,1,6.433916073106288,5.308077932807891,0.6622835598584993,0.09837553528207038,256,16,5,44,1,0,0,44,45,0,0,0,0,0.0,0
benign,448ef2796ee9f2d7b8d19ebff14a709b3ee0dfac37319577a7518190547e47c6.exe,data\raw\benign\448ef2796ee9f2d7b8d19ebff14a709b3ee0dfac37319577a7518190547e47c6.exe,1186161,68,1,0,0,0,0.014705882352941176,executable,1,0,0,0,0,1,1,0,0,0,5,6.364706088640247,5.582587327871209,0.32178009561939735,0.18943212599301443,256,1,3,0,0,1,0,0,1,0,0,0,0,0.0,0
benign,448f6390c213c83f2f8d874047eeb80131a522a0751020a21a2e413cdb8b3675.exe,data\raw\benign\448f6390c213c83f2f8d874047eeb80131a522a0751020a21a2e413cdb8b3675.exe,31688,68,1,0,0,0,0.014705882352941176,executable,1,0,0,0,0,1,1,0,0,0,1,6.615269606496545,5.198165457475382,0.5040393839939409,0.1698434738702348,256,17,2,2,0,0,0,2,2,0,0,0,0,0.0,0
benign,44b6a440aa28893b3a9d20a9d3b729a3da38e27934db839b7b427331f814319d.exe,data\raw\benign\44b6a440aa28893b3a9d20a9d3b729a3da38e27934db839b7b427331f814319d.exe,39424,68,1,0,0,0,0.014705882352941176,executable,1,0,0,0,0,1,1,0,0,0,9,5.544063268119008,5.256886907786119,0.31851156655844154,0.34075689935064934,256,0,0,0,0,0,0,0,0,0,0,0,0,0.0,0
benign,44c53c1111a6cd1c02567d9afa2465ba6eb3c01ed485663586af1d442f77d493.exe,data\raw\benign\44c53c1111a6cd1c02567d9afa2465ba6eb3c01ed485663586af1d442f77d493.exe,25016,68,1,0,0,0,0.014705882352941176,executable,1,0,0,0,0,1,1,0,0,0,2,6.750277363864391,5.152542116106134,0.4230892228973457,0.18843939878477775,256,16,1,1,0,0,0,1,1,0,0,0,0,0.0,0
benign,44def887eaf39b6e4a76daa8c59ecb34baa30035825cf5737690d8fc8379ec94.exe,data\raw\benign\44def887eaf39b6e4a76daa8c59ecb34baa30035825cf5737690d8fc8379ec94.exe,24576,68,1,0,0,0,0.014705882352941176,executable,1,0,0,0,0,1,1,0,0,0,9,5.292123326505431,5.241657644230037,0.4608154296875,0.3226725260416667,256,1,0,0,0,0,0,0,0,0,0,0,0,0.0,0
benign,44f4cc87b43e3add1d1b9b75f1e4e3b5b0db549349c0f554ff28eaa0312c96ab.exe,data\raw\benign\44f4cc87b43e3add1d1b9b75f1e4e3b5b0db549349c0f554ff28eaa0312c96ab.exe,33824,68,1,0,0,0,0.014705882352941176,executable,1,0,0,0,0,1,1,0,0,0,1,6.5567379240350645,5.111921692547207,0.4694595553453169,0.18274006622516556,256,18,2,2,0,0,0,2,2,0,0,0,0,0.0,0
benign,44f94f1d88cbc98e96ef947b48b17fee609682dccfa4184294c23cd1b1afe75e.ole,data\raw\benign\44f94f1d88cbc98e96ef947b48b17fee609682dccfa4184294c23cd1b1afe75e.ole,66998,68,0,0,0,0,0.014705882352941176,unknown,0,0,0,0,1,1,0,0,0,0,22,5.889364895643998,6.202039861833416,0.22445446132720379,0.302546344667005,256,2,0,2,0,0,0,2,2,0,0,0,0,0.0,0
benign,456f313edbf89371a27f0c30aafb0cd5b048af299f443256b4e4da3aca78e49c.exe,data\raw\benign\456f313edbf89371a27f0c30aafb0cd5b048af299f443256b4e4da3aca78e49c.exe,538112,68,1,0,0,0,0.014705882352941176,executable,1,0,0,0,0,1,1,0,0,0,9,5.871601250293343,5.6378895643397104,0.26090293470504283,0.2965219136536632,256,1,0,5,2,0,0,5,7,0,0,0,0,0.0,0
benign,457208d67a63689b65a6d209b95ec1e3714601fc1d96fd5b1402d5034a448931.exe,data\raw\benign\457208d67a63689b65a6d209b95ec1e3714601fc1d96fd5b1402d5034a448931.exe,57344,68,1,0,0,0,0.014705882352941176,executable,1,0,0,0,0,1,1,0,0,0,0,6.37049216664647,5.132159481638845,0.30044991629464285,0.15792410714285715,256,1,0,0,0,0,0,0,0,0,0,0,0,0.0,0
benign,45d82ff82b57f8403e6d0167f2e8c91f682f43dead77b74870a01a56a78a0652.exe,data\raw\benign\45d82ff82b57f8403e6d0167f2e8c91f682f43dead77b74870a01a56a78a0652.exe,308736,68,1,0,0,0,0.014705882352941176,executable,1,0,0,0,0,1,1,0,0,0,1,6.489477976306097,5.44766843081276,0.31754314365671643,0.14463165941127695,256,3,0,2,0,0,0,2,2,0,0,0,0,0.0,0
benign,45de04fff6b76075a2bf0c2354e4d8951b390cbe72d0e5c53b162228d6489b9a.exe,data\raw\benign\45de04fff6b76075a2bf0c2354e4d8951b390cbe72d0e5c53b162228d6489b9a.exe,20992,68,1,0,0,0,0.014705882352941176,executable,1,0,0,0,0,1,1,0,0,0,9,4.928991806946129,5.246408891430077,0.31469131097560976,0.4281154725609756,256,1,1,0,0,0,0,0,0,0,0,0,0,0.0,0
benign,463046a6d4263478667cb43d534df3cf65b4e3b26a71ccfa7c3d64d29e2c6d8a.exe,data\raw\benign\463046a6d4263478667cb43d534df3cf65b4e3b26a71ccfa7c3d64d29e2c6d8a.exe,34992,68,1,0,0,0,0.014705882352941176,executable,1,0,0,0,0,1,1,0,0,0,2,6.212169489647997,5.476468215043049,0.4353280749885688,0.25442958390489256,256,12,0,1,0,0,0,1,1,0,0,0,0,0.0,0
benign,463821640265e75e16ca21d4c3977d8bddb774c3018227e27d6b63352e599b6e.exe,data\raw\benign\463821640265e75e16ca21d4c3977d8bddb774c3018227e27d6b63352e599b6e.exe,198072,68,1,0,0,0,0.014705882352941176,executable,1,0,0,0,0,1,1,0,0,0,0,6.134344557376368,5.2840321518162945,0.41897390847772525,0.21978876368189346,256,16,3,0,0,0,0,0,0,0,0,0,0,0.0,0
benign,464262da62722cf9540fa2bff1c93b65c83254cb5be47272593d71adc31daa79.exe,data\raw\benign\464262da62722cf9540fa2bff1c93b65c83254cb5be47272593d71adc31daa79.exe,57344,68,1,0,0,0,0.014705882352941176,executable,1,0,0,0,0,1,1,0,0,0,2,5.840956616934231,5.576997286768083,0.29800851004464285,0.3084019252232143,256,0,0,0,0,0,0,0,0,0,0,0,0,0.0,0
benign,464d6f177b27f77e27c20eba1dc0ee6e85ec4eb1715043c6af6deffb63982fd4.exe,data\raw\benign\464d6f177b27f77e27c20eba1dc0ee6e85ec4eb1715043c6af6deffb63982fd4.exe,96992,68,1,0,0,0,0.014705882352941176,executable,1,0,0,0,0,1,1,0,0,0,9,6.029028043529693,5.217602722663728,0.40667271527548665,0.2686407126360937,256,22,1,0,0,0,0,0,0,0,0,0,0,0.0,0
benign,467823968d057c72e14cb0dab019c232231b7ecc34f55225b259627e3b05ea1c.exe,data\raw\benign\467823968d057c72e14cb0dab019c232231b7ecc34f55225b259627e3b05ea1c.exe,142848,68,1,0,0,0,0.014705882352941176,executable,1,0,0,0,0,1,1,0,0,0,9,6.181171421585738,5.476971982970438,0.36591341845878134,0.22369231630824374,256,1,0,0,0,0,0,0,0,0,0,0,0,0.0,0
benign,46989ac9d1c49aad8d9acac1766b06ea4cbfef548eeedd5f5559fb01a86ce040.ole,data\raw\benign\46989ac9d1c49aad8d9acac1766b06ea4cbfef548eeedd5f5559fb01a86ce040.ole,24382,68,0,0,0,0,0.014705882352941176,unknown,0,0,0,0,1,1,0,0,0,0,26,7.212516621878005,6.179045122799495,0.3348371749651382,0.17492412435403165,256,0,0,0,0,0,0,0,0,0,0,0,0,0.0,0
benign,46c629e4918166b75671f1fa6a6f467bd1948abbf0e9e4ea30f5d0e5fdfd84f4.exe,data\raw\benign\46c629e4918166b75671f1fa6a6f467bd1948abbf0e9e4ea30f5d0e5fdfd84f4.exe,16384,68,1,0,0,0,0.014705882352941176,executable,1,0,0,0,0,1,1,0,0,0,2,5.5723316663802045,5.731565352432473,0.34808349609375,0.34234619140625,256,0,0,0,0,0,0,0,0,0,0,0,0,0.0,0
benign,47345897afc335e518e03bc2b4afa016dd8cbe33cb79b1a02424310b769a0e56.exe,data\raw\benign\47345897afc335e518e03bc2b4afa016dd8cbe33cb79b1a02424310b769a0e56.exe,60928,68,1,0,0,0,0.014705882352941176,executable,1,0,0,0,0,1,1,0,0,0,9,6.018330739665279,5.208308022839315,0.39929096638655465,0.22984506302521007,256,1,0,0,0,0,0,0,0,0,0,0,0,0.0,0
benign,47ae084ef854a1c6664595f4369b15d386c95219f850584f2ae9e65b41c6441f.exe,data\raw\benign\47ae084ef854a1c6664595f4369b15d386c95219f850584f2ae9e65b41c6441f.exe,64512,68,1,0,0,0,0.014705882352941176,executable,1,0,0,0,0,1,1,0,0,0,3,6.391010163573799,5.379204211441861,0.3147631448412698,0.19129774305555555,256,1,0,0,0,0,0,0,0,0,0,0,0,0.0,0
benign,47b3c091ff42a93e913d777f5db830f9ccc2d150ce610d4d7e74c8c0f7510167.exe,data\raw\benign\47b3c091ff42a93e913d777f5db830f9ccc2d150ce610d4d7e74c8c0f7510167.exe,55720,68,1,0,0,0,0.014705882352941176,executable,1,0,0,0,0,1,1,0,0,0,4,4.753598032776563,5.022443318325563,0.25638908829863605,0.3354630294328787,256,12,0,1,0,0,0,1,1,0,0,0,0,0.0,0
benign,47f2e16177373b0f0fc9ea80f468030c39808d1a8c72271f71a7358a4a1bc0e5.exe,data\raw\benign\47f2e16177373b0f0fc9ea80f468030c39808d1a8c72271f71a7358a4a1bc0e5.exe,72344,68,1,0,0,0,0.014705882352941176,executable,1,0,0,0,0,1,1,0,0,0,0,4.99056177547094,0.46496276131647796,0.3996737808249475,0.40867245383169304,256,8,3,0,0,0,0,0,0,0,0,0,0,0.0,0
benign,48331be81db4474aa078c976b4635737b87f10974b11832fbdcc387bb6869fc8.exe,data\raw\benign\48331be81db4474aa078c976b4635737b87f10974b11832fbdcc387bb6869fc8.exe,595544,68,1,0,0,0,0.014705882352941176,executable,1,0,0,0,0,1,1,0,0,0,54,6.5018794271408,4.500749439834828,0.40199548647958844,0.1805542495600661,256,18,780,0,0,0,0,0,0,0,0,0,0,0.0,0
benign,4859684e359b34a60f11ee19532df88abfc16b151581951d263f72e070e83ac4.exe,data\raw\benign\4859684e359b34a60f11ee19532df88abfc16b151581951d263f72e070e83ac4.exe,1309784,68,1,0,0,0,0.014705882352941176,executable,1,0,0,0,0,1,1,0,0,0,2,6.066450149089593,3.0495875489582787,0.6823857979636337,0.0813470007268374,256,26,4,4,54,26,0,4,84,0,0,0,0,0.0,0
benign,48a9a72aa60171651952026dbc5cfd00a1c1c203077d3886235ae9bca511a103.exe,data\raw\benign\48a9a72aa60171651952026dbc5cfd00a1c1c203077d3886235ae9bca511a103.exe,23528,68,1,0,0,0,0.014705882352941176,executable,1,0,0,0,0,1,1,0,0,0,1,6.88418184185395,5.7251738970534,0.4778986739204352,0.14191601496089765,256,16,2,2,0,0,0,2,2,0,0,0,0,0.0,0
benign,48bb6fd2791074d268a49c4d74c979defd436d9f6d50befe1fba6e5ff4504888.exe,data\raw\benign\48bb6fd2791074d268a49c4d74c979defd436d9f6d50befe1fba6e5ff4504888.exe,60928,68,1,0,0,0,0.014705882352941176,executable,1,0,0,0,0,1,1,0,0,0,0,6.382147838065228,4.609709612849358,0.35509125525210083,0.20795036764705882,256,0,0,0,1,0,0,0,1,0,0,0,0,0.0,0
benign,48f477c0e4bbd9090ccc351302523fc8db1d9a94ecea1a7d90059e01757dc8a9.exe,data\raw\benign\48f477c0e4bbd9090ccc351302523fc8db1d9a94ecea1a7d90059e01757dc8a9.exe,634728,68,1,0,0,0,0.014705882352941176,executable,1,0,0,0,0,1,1,0,0,0,4,6.10266929880234,5.068010815749584,0.2765373514324246,0.2375805069258013,256,13,1,1,0,0,0,1,1,0,0,0,0,0.0,0
benign,492221cf511865f5f26b2a3acab04d136b798fa93356123469e7a6d4acb6d6e9.exe,data\raw\benign\492221cf511865f5f26b2a3acab04d136b798fa93356123469e7a6d4acb6d6e9.exe,95744,68,1,0,0,0,0.014705882352941176,executable,1,0,0,0,0,1,1,0,0,0,0,6.43620587712702,5.254365386593433,0.2819080046791444,0.13730364304812834,256,1,0,0,0,0,0,0,0,0,0,0,0,0.0,0
benign,4963a6954c4cedc517c349d72647fb30dca5f8ecb9d27034ecafa9a39e262701.exe,data\raw\benign\4963a6954c4cedc517c349d72647fb30dca5f8ecb9d27034ecafa9a39e262701.exe,14848,68,1,0,0,0,0.014705882352941176,executable,1,0,0,0,0,1,1,0,0,0,0,5.719664354552796,5.549663156253667,0.3233432112068966,0.27081088362068967,250,1,0,0,0,0,0,0,0,0,0,0,0,0.0,0
benign,499010e852571b6bbfe8e7a6b9f396283efffac99fd844d2ca390e61aee2ce8f.exe,data\raw\benign\499010e852571b6bbfe8e7a6b9f396283efffac99fd844d2ca390e61aee2ce8f.exe,97368,68,1,0,0,0,0.014705882352941176,executable,1,0,0,0,0,1,1,0,0,0,0,5.433195878617663,0.4878101244744399,0.39767685481883164,0.3519636841672829,256,18,2,0,0,0,0,0,0,0,0,0,0,0.0,0
benign,499343bde27d6c3fdd112b1ae48656c8e62e3dccc1fe682733c597b37f0a664d.exe,data\raw\benign\499343bde27d6c3fdd112b1ae48656c8e62e3dccc1fe682733c597b37f0a664d.exe,221184,68,1,0,0,0,0.014705882352941176,executable,1,0,0,0,0,1,1,0,0,0,2,6.154486220302358,5.290709254828434,0.3866599754050926,0.17151783130787038,256,0,1,1,0,0,0,1,1,0,0,0,0,0.0,0
benign,49a7b41b6e7c4fe1fc05b022ff16e01d6e1cc88d855b70871213d7bf30c41023.exe,data\raw\benign\49a7b41b6e7c4fe1fc05b022ff16e01d6e1cc88d855b70871213d7bf30c41023.exe,218560,68,1,0,0,0,0.014705882352941176,executable,1,0,0,0,0,1,1,0,0,0,4,6.642056111375293,5.661499985422053,0.42834461932650075,0.1505765007320644,256,24,0,25,0,0,0,25,25,0,0,0,0,0.0,0
benign,49faf4c5558260bd21805db8edb29d3a1a5395a9ce5f93edd73d1eb87f360317.exe,data\raw\benign\49faf4c5558260bd21805db8edb29d3a1a5395a9ce5f93edd73d1eb87f360317.exe,94720,68,1,0,0,0,0.014705882352941176,executable,1,0,0,0,0,1,1,0,0,0,9,6.285844265914199,5.421732651905284,0.3361064189189189,0.20017947635135136,256,0,0,0,0,0,0,0,0,0,0,0,0,0.0,0
benign,4a36f7ca6692cc55714e1c22ddae1a9ab19227db467c064922b9bdb78859ab02.exe,data\raw\benign\4a36f7ca6692cc55714e1c22ddae1a9ab19227db467c064922b9bdb78859ab02.exe,131584,68,1,0,0,0,0.014705882352941176,executable,1,0,0,0,0,1,1,0,0,0,0,6.436754661425277,5.366719963541957,0.3629164640077821,0.17109223005836577,256,1,0,0,1,0,0,0,1,0,0,0,0,0.0,0
benign,4a43f1eef4605f99278e609a8d372bc2386fb8f63ba6999e3ff5c3b80142a6f9.exe,data\raw\benign\4a43f1eef4605f99278e609a8d372bc2386fb8f63ba6999e3ff5c3b80142a6f9.exe,48584,68,1,0,0,0,0.014705882352941176,executable,1,0,0,0,0,1,1,0,0,0,9,6.004841301480163,5.117816823068706,0.40175778033920634,0.2936151819529063,256,20,1,0,0,0,0,0,0,0,0,0,0,0.0,0
benign,4a495b476cc33e6be712a77184626725ec10e3f31b89d3c53010bd620bcd0cbb.exe,data\raw\benign\4a495b476cc33e6be712a77184626725ec10e3f31b89d3c53010bd620bcd0cbb.exe,329048,68,1,0,0,0,0.014705882352941176,executable,1,0,0,0,0,1,1,0,0,0,4,4.948668433973076,5.355376366206999,0.2480489168753495,0.24690622644720528,256,13,1,2,0,0,0,2,2,0,0,0,0,0.0,0
benign,4a6babbdc2d3b6be079c36e7f54009731e656a7a1f0ae5a7f4fa67279c3d6302.ole,data\raw\benign\4a6babbdc2d3b6be079c36e7f54009731e656a7a1f0ae5a7f4fa67279c3d6302.ole,12032,68,0,0,0,0,0.014705882352941176,unknown,0,0,0,0,1,1,0,0,0,0,12,7.106686484141377,6.181187565510602,0.3289561170212766,0.19398271276595744,256,0,0,0,0,0,0,0,0,0,0,0,0,0.0,0
benign,4ac565360c199789ecfe2405a2093a8060e6c2a3478409be627aa7cba6f48951.exe,data\raw\benign\4ac565360c199789ecfe2405a2093a8060e6c2a3478409be627aa7cba6f48951.exe,59208,68,1,0,0,0,0.014705882352941176,executable,1,0,0,0,0,1,1,0,0,0,1,5.023890534855113,0.4623845506833366,0.41323807593568435,0.4036447777327388,256,5,2,0,0,0,0,0,0,0,0,0,0,0.0,0
benign,4ae3cade71f68d3c432efe498b22392e48b5c106a391a03fca146a1db50b259c.ole,data\raw\benign\4ae3cade71f68d3c432efe498b22392e48b5c106a391a03fca146a1db50b259c.ole,27656,68,0,0,0,0,0.014705882352941176,unknown,0,0,0,0,1,1,0,0,0,0,23,7.383929963188178,6.220304236701765,0.3403239803297657,0.14908157361874458,256,0,0,0,0,0,0,0,0,0,0,0,0,0.0,0
benign,4af3efae81865be6f458e37dfe10e31617f2151b51df89cb699aaf6ee06507d1.exe,data\raw\benign\4af3efae81865be6f458e37dfe10e31617f2151b51df89cb699aaf6ee06507d1.exe,121856,68,1,0,0,0,0.014705882352941176,executable,1,0,0,0,0,1,1,0,0,0,9,6.212783727591941,5.551726326168899,0.3410829175420168,0.20595621060924368,256,0,0,1,0,0,0,1,1,0,0,0,0,0.0,0
benign,4b4b883c0dc34f9d796e32532c3197090d09a4ac5094989a870e0370a8bd76d0.exe,data\raw\benign\4b4b883c0dc34f9d796e32532c3197090d09a4ac5094989a870e0370a8bd76d0.exe,49152,68,1,0,0,0,0.014705882352941176,executable,1,0,0,0,0,1,1,0,0,0,3,5.681781592941283,3.087648698841386,0.3260701497395833,0.3332722981770833,256,0,2,0,0,0,0,0,0,0,0,0,0,0.0,0
benign,4b86fc33172d0d3081164379dbbca8333f5f3eb6c75c7c82281332fdabb5ef8d.exe,data\raw\benign\4b86fc33172d0d3081164379dbbca8333f5f3eb6c75c7c82281332fdabb5ef8d.exe,56320,68,1,0,0,0,0.014705882352941176,executable,1,0,0,0,0,1,1,0,0,0,3,5.78055872898744,5.568718102927156,0.39758522727272727,0.28304332386363634,256,0,0,0,0,0,0,0,0,0,0,0,0,0.0,0
benign,4bbd4db544dc9fc6600c983bba42b07f3e9ada5501f2ec0d011c04c065f3eb41.exe,data\raw\benign\4bbd4db544dc9fc6600c983bba42b07f3e9ada5501f2ec0d011c04c065f3eb41.exe,248320,68,1,0,0,0,0.014705882352941176,executable,1,0,0,0,0,1,1,0,0,0,9,6.279216875909634,5.5038264225776725,0.3228052512886598,0.20294780927835052,256,0,0,0,0,0,1,0,1,0,0,0,0,0.0,0
benign,4c33d7c85ae6b19144edea55df4663fb476aaf102d86d812e624f22ae9c81213.exe,data\raw\benign\4c33d7c85ae6b19144edea55df4663fb476aaf102d86d812e624f22ae9c81213.exe,23040,68,1,0,0,0,0.014705882352941176,executable,1,0,0,0,0,1,1,0,0,0,2,5.569850373599611,5.327466511823145,0.4748263888888889,0.3075954861111111,256,0,0,0,0,0,0,0,0,0,0,0,0,0.0,0
benign,4c5a4bfbd6de5221c044b95c96fabc094fd854508471f9d7cb3890853ea318c3.exe,data\raw\benign\4c5a4bfbd6de5221c044b95c96fabc094fd854508471f9d7cb3890853ea318c3.exe,51712,68,1,0,0,0,0.014705882352941176,executable,1,0,0,0,0,1,1,0,0,0,9,5.890385691066684,5.284443174743469,0.28948793316831684,0.2758547339108911,256,0,0,0,0,0,0,0,0,0,0,0,0,0.0,0
benign,4c6107c9c786e2de5eadd721580372f6028d66daa3d4d2ed9489106ac6d1560e.exe,data\raw\benign\4c6107c9c786e2de5eadd721580372f6028d66daa3d4d2ed9489106ac6d1560e.exe,64072,68,1,0,0,0,0.014705882352941176,executable,1,0,0,0,0,1,1,0,0,0,10,6.146054020479852,5.552658341094067,0.40329629167186914,0.2696029466849794,256,20,1,0,0,0,0,0,0,0,0,0,0,0.0,0
benign,4c77b3ecfe7ff1be8b05f7bc58d2360531c67997c3fae399f6f24132cb05065a.exe,data\raw\benign\4c77b3ecfe7ff1be8b05f7bc58d2360531c67997c3fae399f6f24132cb05065a.exe,1789984,68,1,0,0,0,0.014705882352941176,executable,1,0,0,0,0,1,1,0,0,0,7,5.645165447819478,5.503460683829228,0.26297050699894525,0.2974166249530722,256,42,4,1,0,0,0,1,1,0,0,0,0,0.0,0
benign,4cde1735b0bd09f0ad3ca84856ac023f212bc5732dcb19f8ccb1aacb0f75bb61.exe,data\raw\benign\4cde1735b0bd09f0ad3ca84856ac023f212bc5732dcb19f8ccb1aacb0f75bb61.exe,62976,68,1,0,0,0,0.014705882352941176,executable,1,0,0,0,0,1,1,0,0,0,9,5.9053523727254875,5.296011608463131,0.378271087398374,0.26076600609756095,256,3,0,0,0,0,0,0,0,0,0,0,0,0.0,0
benign,4d42711b63f90ff9af3d6c8e4edb3ff08cab6fe5131d9a43f4d10d1ca51f7378.exe,data\raw\benign\4d42711b63f90ff9af3d6c8e4edb3ff08cab6fe5131d9a43f4d10d1ca51f7378.exe,632320,68,1,0,0,0,0.014705882352941176,executable,1,0,0,0,0,1,1,0,0,0,2,6.459052572666068,5.4891187172372335,0.296139612854251,0.18085146761133603,256,0,0,1,0,0,0,1,1,0,0,0,0,0.0,0
benign,4d9c8986794f31912c44836959dd291fb22d21f12e0103a535cff6e7325a59e7.exe,data\raw\benign\4d9c8986794f31912c44836959dd291fb22d21f12e0103a535cff6e7325a59e7.exe,445440,68,1,0,0,0,0.014705882352941176,executable,1,0,0,0,0,1,1,0,0,0,2,6.631358118707504,5.664824454367219,0.436676095545977,0.1380028735632184,256,2,0,1,4,0,0,1,5,0,0,0,0,0.0,0
benign,4dde54cfc600dbd9a610645d197a632e064115ffaa3a1b595c3a23036e501678.exe,data\raw\benign\4dde54cfc600dbd9a610645d197a632e064115ffaa3a1b595c3a23036e501678.exe,2162024,68,1,0,0,0,0.014705882352941176,executable,1,0,0,0,0,1,1,0,0,0,12,5.082552567969984,5.230531002458801,0.09256696502906536,0.29491254491161983,256,5,1,0,0,0,0,0,0,0,0,0,0,0.0,0
benign,4df54b01e012216c2c376c7f4a2bee56c0dfead5bd9324e69d774274151c9a1c.exe,data\raw\benign\4df54b01e012216c2c376c7f4a2bee56c0dfead5bd9324e69d774274151c9a1c.exe,65336,68,1,0,0,0,0.014705882352941176,executable,1,0,0,0,0,1,1,0,0,0,9,6.593170263366918,5.270410508882209,0.3316548304150851,0.22385820986898494,256,20,1,0,0,0,0,0,0,0,0,0,0,0.0,0
benign,4e3b3bf5ee097fdbf0b595a37261eb70683a3c59e15e6aa616e313a7134a48ea.exe,data\raw\benign\4e3b3bf5ee097fdbf0b595a37261eb70683a3c59e15e6aa616e313a7134a48ea.exe,207360,68,1,0,0,0,0.014705882352941176,executable,1,0,0,0,0,1,1,0,0,0,9,6.335028028181756,5.421309725810055,0.37710744598765433,0.192992862654321,256,5,0,0,0,0,0,0,0,0,0,0,0,0.0,0
benign,4e526c15684a2c7e327d1a5e54d0fc3d227bd6fd790cc5f495111a09c0bf74de.exe,data\raw\benign\4e526c15684a2c7e327d1a5e54d0fc3d227bd6fd790cc5f495111a09c0bf74de.exe,60416,68,1,0,0,0,0.014705882352941176,executable,1,0,0,0,0,1,1,0,0,0,1,6.363316104632442,5.314217076139931,0.3667902542372881,0.16429422669491525,256,1,0,0,0,0,0,0,0,0,0,0,0,0.0,0
benign,4e5aac1267b4dd6d72ba7903928e3101fe0088af21611cfe6ebae5919ada75ce.exe,data\raw\benign\4e5aac1267b4dd6d72ba7903928e3101fe0088af21611cfe6ebae5919ada75ce.exe,175616,68,1,0,0,0,0.014705882352941176,executable,1,0,0,0,0,1,1,0,0,0,2,5.799441979404587,5.665274548875951,0.3180632744169096,0.25548355502915454,256,1,1,1,0,0,0,1,1,0,0,0,0,0.0,0
benign,4e9a86ffd569063308627ebeb576acdcdbf76b03c68aac783c0ff64eed7354bd.exe,data\raw\benign\4e9a86ffd569063308627ebeb576acdcdbf76b03c68aac783c0ff64eed7354bd.exe,37888,68,1,0,0,0,0.014705882352941176,executable,1,0,0,0,0,1,1,0,0,0,3,5.678708121203844,4.331012284207574,0.2692937077702703,0.3433277027027027,256,0,1,0,0,0,0,0,0,0,0,0,0,0.0,0
benign,4ea275757f53c5793c27078748cc15c076565b121f3dfdb12db93981ea76ed24.exe,data\raw\benign\4ea275757f53c5793c27078748cc15c076565b121f3dfdb12db93981ea76ed24.exe,53448,68,1,0,0,0,0.014705882352941176,executable,1,0,0,0,0,1,1,0,0,0,2,7.15640572708432,5.070051108807295,0.3226313426133812,0.14842463703038467,256,16,1,0,0,0,0,0,0,0,0,0,0,0.0,0
benign,4ea6fb35bfa0deace0e149557d73a99ee858029e33bbbcaf5cdf5aefb21ffb80.exe,data\raw\benign\4ea6fb35bfa0deace0e149557d73a99ee858029e33bbbcaf5cdf5aefb21ffb80.exe,44880,68,1,0,0,0,0.014705882352941176,executable,1,0,0,0,0,1,1,0,0,0,9,6.077440956541055,5.428502908314695,0.39378342245989306,0.28680926916221033,256,20,1,0,0,0,0,0,0,0,0,0,0,0.0,0
benign,4ec1e44407cc7874b875e2850962e0583a97486b29578cdd4bcc21d7e1d76004.exe,data\raw\benign\4ec1e44407cc7874b875e2850962e0583a97486b29578cdd4bcc21d7e1d76004.exe,23552,68,1,0,0,0,0.014705882352941176,executable,1,0,0,0,0,1,1,0,0,0,9,5.1669268062674885,5.217754796176438,0.29611073369565216,0.3958899456521739,256,0,0,0,0,0,0,0,0,0,0,0,0,0.0,0
benign,4eca420c432726b177f36ef2e26165cd97c690c872cb5f3f19415cb7473e8ada.exe,data\raw\benign\4eca420c432726b177f36ef2e26165cd97c690c872cb5f3f19415cb7473e8ada.exe,24064,68,1,0,0,0,0.014705882352941176,executable,1,0,0,0,0,1,1,0,0,0,0,6.057089845967604,5.398300099940429,0.3394281914893617,0.2147190824468085,256,1,0,0,0,0,0,0,0,0,0,0,0,0.0,0
benign,4ef9eb58224457492f674fb550761cd13b7e6031186b801577194a05719d4f43.exe,data\raw\benign\4ef9eb58224457492f674fb550761cd13b7e6031186b801577194a05719d4f43.exe,28672,68,1,0,0,0,0.014705882352941176,executable,1,0,0,0,0,1,1,0,0,0,0,6.158484535816849,5.461216711008033,0.3529575892857143,0.20382254464285715,256,3,0,0,0,0,0,0,0,0,0,0,0,0.0,0
benign,4efd6c2d5692fd45ca167fce0b8a07f87e89862a6b4e2f04ae49d4113539440f.exe,data\raw\benign\4efd6c2d5692fd45ca167fce0b8a07f87e89862a6b4e2f04ae49d4113539440f.exe,53912,68,1,0,0,0,0.014705882352941176,executable,1,0,0,0,0,1,1,0,0,0,9,6.085178035090361,5.490872321372804,0.4025263392194688,0.2819038433001929,256,20,1,0,0,0,0,0,0,0,0,0,0,0.0,0
benign,4f6b4aee23bbfae817a548ef9d8697c721107bec33b303b22ebea36fd65c663a.exe,data\raw\benign\4f6b4aee23bbfae817a548ef9d8697c721107bec33b303b22ebea36fd65c663a.exe,62272,68,1,0,0,0,0.014705882352941176,executable,1,0,0,0,0,1,1,0,0,0,9,6.090787210679913,5.203718590322935,0.40361639260020554,0.2745696300102775,256,20,1,0,0,0,0,0,0,0,0,0,0,0.0,0
benign,5052ed5ba5435693affdae0f4fa7c388ab993b4f9c7a153c8e80800e7aabd512.exe,data\raw\benign\5052ed5ba5435693affdae0f4fa7c388ab993b4f9c7a153c8e80800e7aabd512.exe,46080,68,1,0,0,0,0.014705882352941176,executable,1,0,0,0,0,1,1,0,0,0,9,5.756581147496962,5.415105824020977,0.3849826388888889,0.2875,256,0,0,0,0,0,0,0,0,0,0,0,0,0.0,0
benign,50e2677453fb89b7ba30c1e93a8bde682d4cd2ea37cfc3a8652b5adfead9e573.exe,data\raw\benign\50e2677453fb89b7ba30c1e93a8bde682d4cd2ea37cfc3a8652b5adfead9e573.exe,39926,68,1,0,0,0,0.014705882352941176,executable,1,0,0,0,0,0,0,0,0,0,0,7.994754272439752,7.949914928802836,0.371186695386465,0.004207784401142113,256,0,0,0,0,0,0,0,0,0,0,0,0,0.0,0
benign,50fd4a601f5165a93a50bdef41f255f7d4242c31c4413095e9d294f7029c1b3e.exe,data\raw\benign\50fd4a601f5165a93a50bdef41f255f7d4242c31c4413095e9d294f7029c1b3e.exe,569032,68,1,0,0,0,0.014705882352941176,executable,1,0,0,0,0,1,1,0,0,0,2,6.574223260646631,5.85398982826443,0.3156412996105667,0.13849484738995346,256,16,1,12,0,0,0,12,12,0,0,0,0,0.0,0
benign,513c8fdd0e211a18c25836f041ba0fcfb1dddf472ff91b72b6a15eb049cef184.exe,data\raw\benign\513c8fdd0e211a18c25836f041ba0fcfb1dddf472ff91b72b6a15eb049cef184.exe,50072,68,1,0,0,0,0.014705882352941176,executable,1,0,0,0,0,1,1,0,0,0,10,5.9881723325451475,5.1628625541329445,0.4038185013580444,0.29351733503754596,256,20,1,0,0,0,0,0,0,0,0,0,0,0.0,0
benign,514e2aa45bf1034dc54acfbaa0390998a16bae0286159d6a152a71922478dee3.exe,data\raw\benign\514e2aa45bf1034dc54acfbaa0390998a16bae0286159d6a152a71922478dee3.exe,371200,68,1,0,0,0,0.014705882352941176,executable,1,0,0,0,0,1,1,0,0,0,3,5.930399203160467,4.674363524034343,0.34066540948275864,0.20841325431034483,256,1,0,12,0,0,0,12,12,0,0,0,0,0.0,0
benign,51bd880654939f595158f3da086ce3b4e10bca532fda5b3c03033ac55e672ae7.exe,data\raw\benign\51bd880654939f595158f3da086ce3b4e10bca532fda5b3c03033ac55e672ae7.exe,55456,68,1,0,0,0,0.014705882352941176,executable,1,0,0,0,0,1,1,0,0,0,9,6.079373667625005,5.324607617123139,0.39768465089440275,0.2828007789959608,256,20,1,0,0,0,0,0,0,0,0,0,0,0.0,0
benign,51ee81dbc0add93b11aa0d4ad02308243c1c194b4bed94722cb18bcf8f2836cf.exe,data\raw\benign\51ee81dbc0add93b11aa0d4ad02308243c1c194b4bed94722cb18bcf8f2836cf.exe,56276,68,1,0,0,0,0.014705882352941176,executable,1,0,0,0,0,0,0,0,0,0,1,7.995705043918432,7.949842791687441,0.37120619802402444,0.004264695429668065,256,0,0,0,0,0,0,0,0,0,0,0,0,0.0,0
benign,52041cf226f57b8652c9da6c95f53d0408ea3732dfadf82f6dfe6fea8174b8dc.exe,data\raw\benign\52041cf226f57b8652c9da6c95f53d0408ea3732dfadf82f6dfe6fea8174b8dc.exe,48216,68,1,0,0,0,0.014705882352941176,executable,1,0,0,0,0,1,1,0,0,0,0,6.395316962121587,4.928440975215578,0.4810643769703003,0.19315165090426414,256,20,7,0,0,0,0,0,0,0,0,0,0,0.0,0
benign,52331ce9821107dfd22d6e7ec80266d164cabf83d6e2fbfcaeede91c979858f2.exe,data\raw\benign\52331ce9821107dfd22d6e7ec80266d164cabf83d6e2fbfcaeede91c979858f2.exe,36952,68,1,0,0,0,0.014705882352941176,executable,1,0,0,0,0,1,1,0,0,0,0,6.588588374041053,5.7667967826713245,0.3974074474994588,0.2075936349859277,256,18,1,0,0,0,0,0,0,0,0,0,0,0.0,0
benign,52853793d20bfc3c53763aaeac55b30a7bddccfb9fd87d39f97dd0afb5fd2001.exe,data\raw\benign\52853793d20bfc3c53763aaeac55b30a7bddccfb9fd87d39f97dd0afb5fd2001.exe,36352,68,1,0,0,0,0.014705882352941176,executable,1,0,0,0,0,1,1,0,0,0,3,6.136297735142929,5.182076773860767,0.34097161091549294,0.22007042253521128,256,0,2,0,0,0,0,0,0,0,0,0,0,0.0,0
benign,52def964142be6891054d2f95256a3b05d66887964fcd66b34abfe32477e8965.exe,data\raw\benign\52def964142be6891054d2f95256a3b05d66887964fcd66b34abfe32477e8965.exe,196096,68,1,0,0,0,0.014705882352941176,executable,1,0,0,0,0,1,1,0,0,0,4,6.733652930290367,5.86388974500017,0.3176862353133159,0.13570394092689295,256,0,0,0,0,0,0,0,0,0,0,0,0,0.0,0
benign,52e5ccee227c8383423207f90090c8583d2cf019e761982320cc80daf84d9d06.exe,data\raw\benign\52e5ccee227c8383423207f90090c8583d2cf019e761982320cc80daf84d9d06.exe,54784,68,1,0,0,0,0.014705882352941176,executable,1,0,0,0,0,1,1,0,0,0,3,5.368154081734755,5.575622740687024,0.2448160046728972,0.38834331191588783,256,1,2,0,0,0,0,0,0,0,0,0,0,0.0,0
benign,52fd1baa60c9e16af74b9e71800d763eea08fd6f84a2b609f6abc4838bccf20e.exe,data\raw\benign\52fd1baa60c9e16af74b9e71800d763eea08fd6f84a2b609f6abc4838bccf20e.exe,20480,68,1,0,0,0,0.014705882352941176,executable,1,0,0,0,0,1,1,0,0,0,0,5.973564010730592,5.472094356766249,0.330029296875,0.231298828125,255,1,0,0,0,0,0,0,0,0,0,0,0,0.0,0
benign,534c62e83426371cf47f8896702e216df5951be50da73a0fdbd26d2f7333105a.exe,data\raw\benign\534c62e83426371cf47f8896702e216df5951be50da73a0fdbd26d2f7333105a.exe,57432,68,1,0,0,0,0.014705882352941176,executable,1,0,0,0,0,1,1,0,0,0,0,5.87931449984336,5.329764769258112,0.2886718205878256,0.300181083716395,256,5,0,0,0,0,0,0,0,0,0,0,0,0.0,0
benign,53b9f1204f512237fc0b8969ae2c98d1ed3d904e4acc2d096a2e3d9f6577fbe7.exe,data\raw\benign\53b9f1204f512237fc0b8969ae2c98d1ed3d904e4acc2d096a2e3d9f6577fbe7.exe,97280,68,1,0,0,0,0.014705882352941176,executable,1,0,0,0,0,1,1,0,0,0,9,6.1997665951837915,5.3686196130006785,0.3782689144736842,0.24021381578947368,256,20,1,0,0,0,0,0,0,0,0,0,0,0.0,0
benign,53bd916199723025efd5ec37ae18aab1d1e519ea93e135b38e2b70cc4abf1bf6.exe,data\raw\benign\53bd916199723025efd5ec37ae18aab1d1e519ea93e135b38e2b70cc4abf1bf6.exe,521616,68,1,0,0,0,0.014705882352941176,executable,1,0,0,0,0,1,1,0,0,0,10,7.196585762052951,4.398574294205919,0.36849521487070946,0.13041202723842826,256,5,3,12,0,0,0,12,12,0,0,0,0,0.0,0
benign,5441b8c9774ff346f05dea0153fe80c01bd3dc8482d246cfc87c901e15846e72.ole,data\raw\benign\5441b8c9774ff346f05dea0153fe80c01bd3dc8482d246cfc87c901e15846e72.ole,3894223,68,0,0,0,0,0.014705882352941176,unknown,0,0,0,0,1,1,0,0,0,0,715,7.9367956688039465,6.657209199959774,0.3610342807795034,0.021413257535585404,256,66,0,1,0,0,0,1,1,0,0,0,0,0.0,0
benign,544a20393e3e0c2935924ee0b5826bc65ae6a256fc041a865d4e84e3c1cfb4d8.exe,data\raw\benign\544a20393e3e0c2935924ee0b5826bc65ae6a256fc041a865d4e84e3c1cfb4d8.exe,71768,68,1,0,0,0,0.014705882352941176,executable,1,0,0,0,0,1,1,0,0,0,2,6.47312821281312,4.26075251081388,0.33393713075465387,0.1986261286367183,256,18,0,1,0,0,0,1,1,0,0,0,0,0.0,0
benign,5463e1487d69e3f0cb372cba067270bc39639bd8c8b333b81f99ae26ae3e881d.exe,data\raw\benign\5463e1487d69e3f0cb372cba067270bc39639bd8c8b333b81f99ae26ae3e881d.exe,146432,68,1,0,0,0,0.014705882352941176,executable,1,0,0,0,0,1,1,0,0,0,9,5.699492081082568,5.226157311454043,0.31423459353146854,0.24478939029720279,256,0,0,0,0,0,0,0,0,0,0,0,0,0.0,0
benign,5479b276f6cf9781f2935bd8c761ffb19ab9355520de4a7679a3372c3b90254b.exe,data\raw\benign\5479b276f6cf9781f2935bd8c761ffb19ab9355520de4a7679a3372c3b90254b.exe,323584,68,1,0,0,0,0.014705882352941176,executable,1,0,0,0,0,1,1,0,0,0,9,6.247131286531029,5.394696084943353,0.34937141515031644,0.19686078421677214,256,2,0,0,1,0,0,0,1,0,0,0,0,0.0,0
benign,54b700b40965e1ca937bba16365fc3a52a6de8eff1bd8c11a65bd42aa3ace1cc.exe,data\raw\benign\54b700b40965e1ca937bba16365fc3a52a6de8eff1bd8c11a65bd42aa3ace1cc.exe,30720,68,1,0,0,0,0.014705882352941176,executable,1,0,0,0,0,1,1,0,0,0,9,5.537210200876048,5.261939841618296,0.32327473958333336,0.33499348958333336,256,0,0,0,0,0,0,0,0,0,0,0,0,0.0,0
benign,54e26855769ea12c6fc9d4d3ea5c8e8a09cc4ea3a11865adba124f6d77d48de5.exe,data\raw\benign\54e26855769ea12c6fc9d4d3ea5c8e8a09cc4ea3a11865adba124f6d77d48de5.exe,58880,68,1,0,0,0,0.014705882352941176,executable,1,0,0,0,0,1,1,0,0,0,3,6.236569065870191,4.665031733600535,0.2799082880434783,0.19685801630434782,256,0,1,0,0,0,0,0,0,0,0,0,0,0.0,0
benign,54e561415b0867b7cce3df578d76b77a9267a8aa3ddb89862a3ad493fb13aac0.exe,data\raw\benign\54e561415b0867b7cce3df578d76b77a9267a8aa3ddb89862a3ad493fb13aac0.exe,173256,68,1,0,0,0,0.014705882352941176,executable,1,0,0,0,0,1,1,0,0,0,2,5.4920021230291365,5.919001252774054,0.27988641086023,0.26651313663018883,256,16,1,1,0,0,0,1,1,0,0,0,0,0.0,0
benign,551a6250ab06a2a6144691bf47bce3439a52377c3dcfc3a192a11c49ce5de8ee.exe,data\raw\benign\551a6250ab06a2a6144691bf47bce3439a52377c3dcfc3a192a11c49ce5de8ee.exe,333240,68,1,0,0,0,0.014705882352941176,executable,1,0,0,0,0,1,1,0,0,0,5,7.039927898703432,4.843352220999225,0.4021876125315088,0.16894730524546872,256,27,54,12,0,0,0,12,12,0,0,0,0,0.0,0
benign,5557f65b4b69c3e332f244dd0138fa4620f78abaeed6230ee1c1d0bdfcd1ef57.exe,data\raw\benign\5557f65b4b69c3e332f244dd0138fa4620f78abaeed6230ee1c1d0bdfcd1ef57.exe,372224,68,1,0,0,0,0.014705882352941176,executable,1,0,0,0,0,1,1,0,0,0,2,6.457368951688624,5.326324937376367,0.43013078146492434,0.15669059491059148,256,0,0,1,0,0,0,1,1,0,0,0,0,0.0,0
benign,558a14d8e2ff665755afc5f80b4830b08f956e2eb01daa8568a9f9c714f3671c.exe,data\raw\benign\558a14d8e2ff665755afc5f80b4830b08f956e2eb01daa8568a9f9c714f3671c.exe,252656,68,1,0,0,0,0.014705882352941176,executable,1,0,0,0,0,1,1,0,0,0,2,6.542129200310041,4.75637917654957,0.3358004559559243,0.1819747007789247,256,14,0,2,1,0,0,2,3,0,0,0,0,0.0,0
benign,55d31ce16027c980ede272d4653075b8305ba5667bbf3e5ff11314697d54f25a.exe,data\raw\benign\55d31ce16027c980ede272d4653075b8305ba5667bbf3e5ff11314697d54f25a.exe,145920,68,1,0,0,0,0.014705882352941176,executable,1,0,0,0,0,1,1,0,0,0,9,5.6885216417871804,5.2520254589153215,0.3143503289473684,0.24562088815789473,256,0,0,0,0,0,0,0,0,0,0,0,0,0.0,0
benign,55fa4e98f25ec101acbb40a2d2732041c1abb6b6e5b3d6d9ba7aceaceacb1d25.exe,data\raw\benign\55fa4e98f25ec101acbb40a2d2732041c1abb6b6e5b3d6d9ba7aceaceacb1d25.exe,81920,68,1,0,0,0,0.014705882352941176,executable,1,0,0,0,0,1,1,0,0,0,3,5.776270765751636,5.454217713124617,0.3151123046875,0.26998291015625,256,0,1,1,0,0,0,1,1,0,0,0,0,0.0,0
benign,5677d8babce093f8b67ae7bda6ec28b1f9196a8398c7fe482ed7eba03272ea26.exe,data\raw\benign\5677d8babce093f8b67ae7bda6ec28b1f9196a8398c7fe482ed7eba03272ea26.exe,113752,68,1,0,0,0,0.014705882352941176,executable,1,0,0,0,0,1,1,0,0,0,0,5.584167841557284,0.49412292979449635,0.4658379632885576,0.3213833602925663,256,21,104,0,0,0,0,0,0,0,0,0,0,0.0,0
benign,56feb0c8cde725df0111865170d4c6cf5b8cd395ed07583c3addaf0a6af0add6.exe,data\raw\benign\56feb0c8cde725df0111865170d4c6cf5b8cd395ed07583c3addaf0a6af0add6.exe,108544,68,1,0,0,0,0.014705882352941176,executable,1,0,0,0,0,1,1,0,0,0,9,5.973447063887895,5.506860730766731,0.3299030807783019,0.25784013856132076,256,1,1,0,0,0,0,0,0,0,0,0,0,0.0,0
benign,572733582ed2076416e035a1d670d12d984c8d56a1b94d9b32e2c78b8fd1f9a7.exe,data\raw\benign\572733582ed2076416e035a1d670d12d984c8d56a1b94d9b32e2c78b8fd1f9a7.exe,34304,68,1,0,0,0,0.014705882352941176,executable,1,0,0,0,0,1,1,0,0,0,3,5.80574942118688,5.092209258768908,0.3257346082089552,0.304716651119403,256,0,1,0,0,0,0,0,0,0,0,0,0,0.0,0
benign,57432324e83d5d2be87d7ad01ca3687143eed38b3d049cfb327c5a26f3bf4a01.exe,data\raw\benign\57432324e83d5d2be87d7ad01ca3687143eed38b3d049cfb327c5a26f3bf4a01.exe,78872,68,1,0,0,0,0.014705882352941176,executable,1,0,0,0,0,1,1,0,0,0,3,5.696089362340169,0.4296360169352173,0.41705548230043615,0.32186327213713356,256,7,90,0,0,0,0,0,0,0,0,0,0,0.0,0
benign,574fdee6f02885494fade6efab72183f0978a39eea34dc5c2b1ac738c238da0d.exe,data\raw\benign\574fdee6f02885494fade6efab72183f0978a39eea34dc5c2b1ac738c238da0d.exe,597392,68,1,0,0,0,0.014705882352941176,executable,1,0,0,0,0,1,1,0,0,0,4,6.403046643363463,5.663253939154724,0.34052682325843,0.19310603422878111,256,18,2,3,0,0,0,3,3,0,0,0,0,0.0,0
benign,577620ccc34d497410e6b750e9d289ae38177f36fc497b436711084360aa9ea3.ole,data\raw\benign\577620ccc34d497410e6b750e9d289ae38177f36fc497b436711084360aa9ea3.ole,4865498,68,0,0,0,0,0.014705882352941176,unknown,0,0,0,0,1,1,0,0,0,0,301,7.99622040530129,6.420515425659583,0.36995103070641483,0.00749892405669471,256,0,0,11,0,0,0,11,11,0,0,0,0,0.0,0
benign,5791dc7e037378836acc67a148a3b2b7def8825594bc53cc5f2524b270fabc15.exe,data\raw\benign\5791dc7e037378836acc67a148a3b2b7def8825594bc53cc5f2524b270fabc15.exe,762368,68,1,0,0,0,0.014705882352941176,executable,1,0,0,0,0,1,1,0,0,0,1,6.438300540765738,4.895462481578114,0.3516700596037609,0.20665216798186703,256,2,0,13,0,0,0,13,13,0,0,0,0,0.0,0
benign,579fe6969827c1f6e9dde0fa440d671bde7658d06c525a79b3f227d3f34a71a7.exe,data\raw\benign\579fe6969827c1f6e9dde0fa440d671bde7658d06c525a79b3f227d3f34a71a7.exe,90624,68,1,0,0,0,0.014705882352941176,executable,1,0,0,0,0,1,1,0,0,0,0,6.417311574360853,5.262840876714399,0.2895700918079096,0.14413400423728814,256,1,0,0,0,0,0,0,0,0,0,0,0,0.0,0
benign,57a7f3fcf95f8b8fa883c30c9098178754551852e2608ccb61ddaf6c182ad99a.exe,data\raw\benign\57a7f3fcf95f8b8fa883c30c9098178754551852e2608ccb61ddaf6c182ad99a.exe,22000,68,1,0,0,0,0.014705882352941176,executable,1,0,0,0,0,1,1,0,0,0,1,6.783017308027603,4.825300614766208,0.45454545454545453,0.15990909090909092,256,18,2,0,0,0,0,0,0,0,0,0,0,0.0,0
benign,57d78efac696eff08c83318b96870640b6e36baaa3bad6144467df73fea872ac.exe,data\raw\benign\57d78efac696eff08c83318b96870640b6e36baaa3bad6144467df73fea872ac.exe,37376,68,1,0,0,0,0.014705882352941176,executable,1,0,0,0,0,1,1,0,0,0,3,5.7260544086958145,5.799516713584073,0.3458904109589041,0.3020387414383562,256,0,1,2,0,0,0,2,2,0,0,0,0,0.0,0
benign,582a76c2ba2b438ad4e1660d853f437bb817c03000f4b91273b182de47da8891.exe,data\raw\benign\582a76c2ba2b438ad4e1660d853f437bb817c03000f4b91273b182de47da8891.exe,158488,68,1,0,0,0,0.014705882352941176,executable,1,0,0,0,0,1,1,0,0,0,5,6.179901828046715,5.057703689226767,0.27704936651355305,0.29219246883044775,256,7,0,1,0,0,0,1,1,0,0,0,0,0.0,0
benign,585801ac3336bd64167c6694321862633666c02f2f040fb45b5828878572cf5e.exe,data\raw\benign\585801ac3336bd64167c6694321862633666c02f2f040fb45b5828878572cf5e.exe,55664,68,1,0,0,0,0.014705882352941176,executable,1,0,0,0,0,1,1,0,0,0,9,6.104541831622587,5.452824998184911,0.3911864041391204,0.2786899971256108,256,20,1,0,0,0,0,0,0,0,0,0,0,0.0,0
benign,58b5e00312deee5474cf42f0c86664254ae7123055219c342a80ab5754e48bf6.exe,data\raw\benign\58b5e00312deee5474cf42f0c86664254ae7123055219c342a80ab5754e48bf6.exe,53760,68,1,0,0,0,0.014705882352941176,executable,1,0,0,0,0,1,1,0,0,0,4,6.059647622516231,4.615144281620223,0.2746465773809524,0.26534598214285715,256,0,2,1,0,0,0,1,1,0,0,0,0,0.0,0
benign,58ca3057238728279442ee5298e640cc97026073403acea93a206c37e5e02e7b.exe,data\raw\benign\58ca3057238728279442ee5298e640cc97026073403acea93a206c37e5e02e7b.exe,56008,68,1,0,0,0,0.014705882352941176,executable,1,0,0,0,0,1,1,0,0,0,9,6.016440268094053,5.177621308160426,0.40817383230967,0.2842808170261391,256,20,1,0,0,0,0,0,0,0,0,0,0,0.0,0
benign,597ff38555c0fc36b1502b5f81a4262386621b795efad580687ac8ee879dc829.exe,data\raw\benign\597ff38555c0fc36b1502b5f81a4262386621b795efad580687ac8ee879dc829.exe,137504,68,1,0,0,0,0.014705882352941176,executable,1,0,0,0,0,1,1,0,0,0,4,6.276416541405712,5.441999783516238,0.3319176169420526,0.2328514079590412,256,8,0,0,0,0,0,0,0,0,0,0,0,0.0,0
benign,59c8343fa81d51d03b88ddc9a881a23ccfe2d7a4ddc29d0f5c68b289fc3b8dfc.exe,data\raw\benign\59c8343fa81d51d03b88ddc9a881a23ccfe2d7a4ddc29d0f5c68b289fc3b8dfc.exe,42504,68,1,0,0,0,0.014705882352941176,executable,1,0,0,0,0,1,1,0,0,0,9,6.11213758272016,5.343654543266743,0.39953886693017127,0.28124411820063994,256,20,1,0,0,0,0,0,0,0,0,0,0,0.0,0
benign,59cd1d0af53ea03abee50526e77074de7dab2ec4e3bae4293c0bfcd89b1898a9.exe,data\raw\benign\59cd1d0af53ea03abee50526e77074de7dab2ec4e3bae4293c0bfcd89b1898a9.exe,176640,68,1,0,0,0,0.014705882352941176,executable,1,0,0,0,0,1,1,0,0,0,2,5.8074207085355685,5.604838241873039,0.325877490942029,0.2609771286231884,256,1,1,1,0,0,0,1,1,0,0,0,0,0.0,0
benign,59d1674d83fe80a3c9a467f56ae5b1d106678a307c894dc57f8e98d7ed69358f.exe,data\raw\benign\59d1674d83fe80a3c9a467f56ae5b1d106678a307c894dc57f8e98d7ed69358f.exe,45776,68,1,0,0,0,0.014705882352941176,executable,1,0,0,0,0,1,1,0,0,0,9,5.9992665017692905,5.245584977504363,0.39785040195735755,0.29583187696609575,256,20,1,0,0,0,0,0,0,0,0,0,0,0.0,0
benign,5a071e20a23c845332e288fe02f2601518c8f1c1de1871d24a0530b09841157f.exe,data\raw\benign\5a071e20a23c845332e288fe02f2601518c8f1c1de1871d24a0530b09841157f.exe,150016,68,1,0,0,0,0.014705882352941176,executable,1,0,0,0,0,1,1,0,0,0,9,5.690089201169401,5.05224878249266,0.30700058660409557,0.24328738267918087,256,0,0,0,0,0,0,0,0,0,0,0,0,0.0,0
benign,5a0f4fa2c578675590ac317e392f78abfc19577a7f8c964e708a1ad436e58a37.exe,data\raw\benign\5a0f4fa2c578675590ac317e392f78abfc19577a7f8c964e708a1ad436e58a37.exe,57456,68,1,0,0,0,0.014705882352941176,executable,1,0,0,0,0,1,1,0,0,0,9,6.174927088248526,5.386133264566266,0.38901072124756336,0.26919729880256194,256,20,1,0,0,0,0,0,0,0,0,0,0,0.0,0
benign,5a63c01f80e137c588117dec2a9ae121d27b8a57ec40ab77e7e5a94a75be2db2.exe,data\raw\benign\5a63c01f80e137c588117dec2a9ae121d27b8a57ec40ab77e7e5a94a75be2db2.exe,41472,68,1,0,0,0,0.014705882352941176,executable,1,0,0,0,0,1,1,0,0,0,9,5.6863845173845355,5.078036208551941,0.32981288580246915,0.31438078703703703,256,1,0,0,0,0,0,0,0,0,0,0,0,0.0,0
benign,5a696ece3992cce14c8770ae03b42ddd2a183b53e62a6808593236dbb71b6d15.exe,data\raw\benign\5a696ece3992cce14c8770ae03b42ddd2a183b53e62a6808593236dbb71b6d15.exe,100864,68,1,0,0,0,0.014705882352941176,executable,1,0,0,0,0,1,1,0,0,0,2,6.497204618634407,5.697778569351937,0.35139395621827413,0.16927744289340102,256,0,0,0,0,0,0,0,0,0,0,0,0,0.0,0
benign,5aa42dc2a9a4cb510f29d777af29664543706baf7ed5ca9ec9cf34c489b6fa83.ole,data\raw\benign\5aa42dc2a9a4cb510f29d777af29664543706baf7ed5ca9ec9cf34c489b6fa83.ole,11923,68,0,0,0,0,0.014705882352941176,unknown,0,0,0,0,1,1,0,0,0,0,12,7.07114474379059,6.118807934376989,0.3179568900444519,0.19953031955044873,256,0,0,0,0,0,0,0,0,0,0,0,0,0.0,0
benign,5b11a884316154365dbcd253d922853525530eb2043083cdec691442aa7fd69e.ole,data\raw\benign\5b11a884316154365dbcd253d922853525530eb2043083cdec691442aa7fd69e.ole,40960,68,0,0,0,0,0.014705882352941176,unknown,0,0,0,0,1,0,0,0,0,0,0,4.3827251512166985,3.6809760468458537,0.1681640625,0.4541015625,254,0,0,0,0,0,0,0,0,0,0,0,0,0.0,0
benign,5b231372f1e52b49526215deebcfc997b9dd74d77cc35d9cf78590480e51b1a0.exe,data\raw\benign\5b231372f1e52b49526215deebcfc997b9dd74d77cc35d9cf78590480e51b1a0.exe,52736,68,1,0,0,0,0.014705882352941176,executable,1,0,0,0,0,1,1,0,0,0,0,6.320011505215351,5.4185162884879325,0.33271389563106796,0.1764449332524272,256,3,0,0,0,0,0,0,0,0,0,0,0,0.0,0
benign,5b3bb26ce3cc45e3f9317075e2018d429ca2d0203bd6c41eda16da34bc0b8ccd.exe,data\raw\benign\5b3bb26ce3cc45e3f9317075e2018d429ca2d0203bd6c41eda16da34bc0b8ccd.exe,33936,68,1,0,0,0,0.014705882352941176,executable,1,0,0,0,0,1,1,0,0,0,3,6.480466781488985,4.938435738356799,0.34072960867515323,0.20482673267326731,256,7,1,1,0,0,0,1,1,0,0,0,0,0.0,0
benign,5c1af46c7300e87a73dacf6cf41ce397e3f05df6bd9c7e227b4ac59f85769160.exe,data\raw\benign\5c1af46c7300e87a73dacf6cf41ce397e3f05df6bd9c7e227b4ac59f85769160.exe,65536,68,1,0,0,0,0.014705882352941176,executable,1,0,0,0,0,1,1,0,0,0,2,6.390958988358772,5.674593766751684,0.3029937744140625,0.1769256591796875,256,0,0,0,1,0,0,0,1,0,0,0,0,0.0,0
benign,5d2496409bc45e1e74efbc0c0802af37b26f077beb91ae8ed55ffb0cfe4bdc79.exe,data\raw\benign\5d2496409bc45e1e74efbc0c0802af37b26f077beb91ae8ed55ffb0cfe4bdc79.exe,25080,68,1,0,0,0,0.014705882352941176,executable,1,0,0,0,0,1,1,0,0,0,1,6.823572494486814,5.645169839482847,0.4844896331738437,0.14956140350877192,256,16,2,2,0,0,0,2,2,0,0,0,0,0.0,0
benign,5d2e1c132051f3b80a0e39b5d4efe255c1e339614d2861b1e017ff1574610dac.exe,data\raw\benign\5d2e1c132051f3b80a0e39b5d4efe255c1e339614d2861b1e017ff1574610dac.exe,54936,68,1,0,0,0,0.014705882352941176,executable,1,0,0,0,0,1,1,0,0,0,9,6.1536986159109315,5.5136930445732535,0.3947138488422892,0.2715159458278724,256,20,1,0,0,0,0,0,0,0,0,0,0,0.0,0
benign,5d62d79f6555d7a7edaf3b175312b326df779f9ae8c893e2182e4159f44c9d34.exe,data\raw\benign\5d62d79f6555d7a7edaf3b175312b326df779f9ae8c893e2182e4159f44c9d34.exe,73736,68,1,0,0,0,0.014705882352941176,executable,1,0,0,0,0,1,1,0,0,0,10,5.978998172421972,5.285433752621383,0.4012287078225019,0.28394542692850167,256,20,1,0,0,0,0,0,0,0,0,0,0,0.0,0
benign,5dcf031a4bed052dda60d8229b23a9db53b012868f1012438d40032835ac34d7.exe,data\raw\benign\5dcf031a4bed052dda60d8229b23a9db53b012868f1012438d40032835ac34d7.exe,61952,68,1,0,0,0,0.014705882352941176,executable,1,0,0,0,0,1,1,0,0,0,2,6.320453824171401,5.184506190239014,0.34273308367768596,0.2038513688016529,256,0,0,0,0,0,0,0,0,0,0,0,0,0.0,0
benign,5dd566d349a0718dcc514094de7384c369f66cb593fdcc395d1df0248d59848f.exe,data\raw\benign\5dd566d349a0718dcc514094de7384c369f66cb593fdcc395d1df0248d59848f.exe,119296,68,1,0,0,0,0.014705882352941176,executable,1,0,0,0,0,1,1,0,0,0,2,6.179340070514553,5.52495920051148,0.4066691255364807,0.1748004962446352,256,0,1,1,0,0,0,1,1,0,0,0,0,0.0,0
benign,5ddb5815973d58798ba373011bf5a5903bfd9b270c4b648032aa7d19153a8f56.exe,data\raw\benign\5ddb5815973d58798ba373011bf5a5903bfd9b270c4b648032aa7d19153a8f56.exe,17408,68,1,0,0,0,0.014705882352941176,executable,1,0,0,0,0,1,1,0,0,0,9,4.743277679829007,5.2443987795832765,0.26619944852941174,0.4608800551470588,256,0,0,0,0,0,0,0,0,0,0,0,0,0.0,0
benign,5e2f6ccab90816da98344ffa18c6e0893aba6bff018e6893fae38b126306b283.exe,data\raw\benign\5e2f6ccab90816da98344ffa18c6e0893aba6bff018e6893fae38b126306b283.exe,388608,68,1,0,0,0,0.014705882352941176,executable,1,0,0,0,0,1,1,0,0,0,9,6.3376384703915605,5.345518066777931,0.4538197875494071,0.18463593132411066,256,0,0,1,2,1,0,1,4,0,0,0,0,0.0,0
benign,5e3f8b7e643865d49cd9494de2b6fe96b46f9644b034e1f78857ea12a2b10a0c.exe,data\raw\benign\5e3f8b7e643865d49cd9494de2b6fe96b46f9644b034e1f78857ea12a2b10a0c.exe,419688,68,1,0,0,0,0.014705882352941176,executable,1,0,0,0,0,1,1,0,0,0,3,5.941067474333045,0.4444573015671226,0.3075761041535617,0.31616343569508776,256,22,147,0,0,0,0,0,0,0,0,0,0,0.0,0
benign,5e405415dc1a7d3c56e7e8d8b9b744ac3c2a275ee5f4b09bc09d63d6f7546e28.exe,data\raw\benign\5e405415dc1a7d3c56e7e8d8b9b744ac3c2a275ee5f4b09bc09d63d6f7546e28.exe,51584,68,1,0,0,0,0.014705882352941176,executable,1,0,0,0,0,1,1,0,0,0,9,6.049477493624614,5.434399388694729,0.3984568858560794,0.2883258374689826,256,20,1,0,0,0,0,0,0,0,0,0,0,0.0,0
benign,5e7a38f0b3590df5e5476eee02ca0bfe015beedfc1663a85d72d888604fefcc3.exe,data\raw\benign\5e7a38f0b3590df5e5476eee02ca0bfe015beedfc1663a85d72d888604fefcc3.exe,82944,68,1,0,0,0,0.014705882352941176,executable,1,0,0,0,0,1,1,0,0,0,4,7.130090394655295,5.170918503819397,0.28350453317901236,0.1810860339506173,256,1,2,0,0,0,0,0,0,0,0,0,0,0.0,0
benign,5e815f1124d3279bf4d593ecdf73f4d8e7cabc26e7dbf1148a5f3ed529531827.exe,data\raw\benign\5e815f1124d3279bf4d593ecdf73f4d8e7cabc26e7dbf1148a5f3ed529531827.exe,25032,68,1,0,0,0,0.014705882352941176,executable,1,0,0,0,0,1,1,0,0,0,2,6.75194247059935,5.176222688225052,0.4228187919463087,0.1884787472035794,256,16,1,1,0,0,0,1,1,0,0,0,0,0.0,0
benign,5e83b73dc8eb0cf1ec380e703432609137fb07779a662a32c8f9c85087780a4a.exe,data\raw\benign\5e83b73dc8eb0cf1ec380e703432609137fb07779a662a32c8f9c85087780a4a.exe,58320,68,1,0,0,0,0.014705882352941176,executable,1,0,0,0,0,1,1,0,0,0,9,5.9935434940784456,5.189904712832507,0.417798353909465,0.2824074074074074,256,20,1,0,0,0,0,0,0,0,0,0,0,0.0,0
benign,5e87e24e81c8389594353639f3fe59b2ac4d5d1360a316f41c7b4edb7bb56f47.exe,data\raw\benign\5e87e24e81c8389594353639f3fe59b2ac4d5d1360a316f41c7b4edb7bb56f47.exe,77784,68,1,0,0,0,0.014705882352941176,executable,1,0,0,0,0,1,1,0,0,0,1,6.0963628701956205,4.924025284468745,0.5276277897768179,0.21456854880181014,256,16,5,0,0,0,0,0,0,0,0,0,0,0.0,0
benign,5ede50d16c17c209d3c3da477095cfe3d21ecc4d22720c2f8c98540b41bcb2f6.exe,data\raw\benign\5ede50d16c17c209d3c3da477095cfe3d21ecc4d22720c2f8c98540b41bcb2f6.exe,1046016,68,1,0,0,0,0.014705882352941176,executable,1,0,0,0,0,1,1,0,0,0,16,6.687210828792644,5.766291600801978,0.3571025682207538,0.21972990852912383,256,0,74,1,0,0,0,1,1,0,0,0,0,0.0,0
benign,5ef52d4b1d5c37ee73a0913a68d667c5eb2c6029541c1a8de4f791302b555d6c.ole,data\raw\benign\5ef52d4b1d5c37ee73a0913a68d667c5eb2c6029541c1a8de4f791302b555d6c.ole,634368,68,0,0,0,0,0.014705882352941176,unknown,0,0,0,0,1,0,0,0,0,0,24,3.828918105421433,3.9440353922445213,0.1416401836158192,0.4788230175544794,256,0,0,0,0,0,0,0,0,0,0,0,0,0.0,0
benign,5f435219d06e44d63e9d5b7a234afe3ef384c94fc997b9cbd2f051742d69c790.exe,data\raw\benign\5f435219d06e44d63e9d5b7a234afe3ef384c94fc997b9cbd2f051742d69c790.exe,886768,68,1,0,0,0,0.014705882352941176,executable,1,0,0,0,0,1,1,0,0,0,2,6.546887129584824,5.573607595570737,0.3116531043068762,0.14069068798152393,256,21,2,13,2,0,0,13,15,0,0,0,0,0.0,0
benign,5fd41a27b02e9e2c90fd4d98aeae32d41cd24d5efe80ec918c7ad7cc2514386f.exe,data\raw\benign\5fd41a27b02e9e2c90fd4d98aeae32d41cd24d5efe80ec918c7ad7cc2514386f.exe,112128,68,1,0,0,0,0.014705882352941176,executable,1,0,0,0,0,1,1,0,0,0,1,5.744840258977891,5.62544766424229,0.2648134275114155,0.2626195062785388,256,0,0,0,0,1,0,0,1,0,0,0,0,0.0,0
benign,5fe5d832e53fe8226bba7150afe1f8b70775d7de3b354b638bf49809b120a1be.exe,data\raw\benign\5fe5d832e53fe8226bba7150afe1f8b70775d7de3b354b638bf49809b120a1be.exe,407040,68,1,0,0,0,0.014705882352941176,executable,1,0,0,0,0,1,1,0,0,0,2,6.2797657199525485,5.570435942738899,0.36627849842767296,0.15172955974842767,256,0,1,1,0,3,0,1,4,0,0,0,0,0.0,0
benign,5fea3241e2e2c3232f3dafa3bf72c9ba0e88df2781f2a742d4369813f99ce952.exe,data\raw\benign\5fea3241e2e2c3232f3dafa3bf72c9ba0e88df2781f2a742d4369813f99ce952.exe,82944,68,1,0,0,0,0.014705882352941176,executable,1,0,0,0,0,1,1,0,0,0,4,5.870458195079528,5.408002229165839,0.31471836419753085,0.256811824845679,256,0,1,0,0,0,0,0,0,0,0,0,0,0.0,0
benign,605277968dd1b2f324f1563f0c67a7225715c3d2859c6a435e0c5ef519093621.ole,data\raw\benign\605277968dd1b2f324f1563f0c67a7225715c3d2859c6a435e0c5ef519093621.ole,51712,68,0,0,0,0,0.014705882352941176,unknown,0,0,0,0,1,0,0,0,0,0,5,4.38616349279103,3.896158627177667,0.2521658415841584,0.5092048267326733,256,3,0,0,0,0,0,0,0,0,0,0,0,0.0,0
benign,607dad5ad1575af78d67f6599fb4182cc7a29ec3e09a1c2691ee95511a9139b2.exe,data\raw\benign\607dad5ad1575af78d67f6599fb4182cc7a29ec3e09a1c2691ee95511a9139b2.exe,67496,68,1,0,0,0,0.014705882352941176,executable,1,0,0,0,0,1,1,0,0,0,2,6.1949976943507625,5.543836007523987,0.399149579234325,0.23220635296906483,256,12,1,0,0,0,0,0,0,0,0,0,0,0.0,0
benign,608c9793c4e7a8ccd7ac8899133de7ff7c6e78528fe1e4dc03e19999b435c101.exe,data\raw\benign\608c9793c4e7a8ccd7ac8899133de7ff7c6e78528fe1e4dc03e19999b435c101.exe,68696,68,1,0,0,0,0.014705882352941176,executable,1,0,0,0,0,1,1,0,0,0,2,5.257206522433763,0.46023544242478487,0.29033713753348084,0.41983521602422263,256,18,2,0,16,0,0,0,16,0,0,0,0,0.0,0
benign,60b19233a71bb337521d787cbb5af4253c76de3c9f8dda52dc435feed3a27c62.exe,data\raw\benign\60b19233a71bb337521d787cbb5af4253c76de3c9f8dda52dc435feed3a27c62.exe,37376,68,1,0,0,0,0.014705882352941176,executable,1,0,0,0,0,1,1,0,0,0,3,5.4790442639130195,5.478634416167981,0.3192155393835616,0.3327268835616438,256,0,1,0,0,0,0,0,0,0,0,0,0,0.0,0
benign,60fd82f9261ab7faf0d168d623c0e16f8b587ea7ec5aa441c3a5944f439cbacb.exe,data\raw\benign\60fd82f9261ab7faf0d168d623c0e16f8b587ea7ec5aa441c3a5944f439cbacb.exe,660568,68,1,0,0,0,0.014705882352941176,executable,1,0,0,0,0,1,1,0,0,0,2,6.577253147192193,4.578881620567831,0.38948147654745613,0.19457799953979,256,19,668,26,0,0,0,26,26,0,0,0,0,0.0,0
benign,60fed726920afd8b17819574c96a58ae57b0d581aa39a7b760bb0642e6b21b3e.exe,data\raw\benign\60fed726920afd8b17819574c96a58ae57b0d581aa39a7b760bb0642e6b21b3e.exe,397656,68,1,0,0,0,0.014705882352941176,executable,1,0,0,0,0,1,1,0,0,0,5,6.148058007154989,5.122066459903941,0.2903363711348502,0.25899269720562496,256,13,0,0,0,0,0,0,0,0,0,0,0,0.0,0
benign,61cab027bc8f67e6fde38a7ae1c01f813b1396aceb7ad8d0c851fd0645469bf3.exe,data\raw\benign\61cab027bc8f67e6fde38a7ae1c01f813b1396aceb7ad8d0c851fd0645469bf3.exe,34240,68,1,0,0,0,0.014705882352941176,executable,1,0,0,0,0,1,1,0,0,0,2,6.68796751078827,3.403462887922182,0.42438668224299064,0.19821845794392523,256,16,1,1,0,0,0,1,1,0,0,0,0,0.0,0
benign,621c3430af290e8ed10683d645961c1a047b3eb8521645853a26176597f38760.ole,data\raw\benign\621c3430af290e8ed10683d645961c1a047b3eb8521645853a26176597f38760.ole,881431,68,0,0,0,0,0.014705882352941176,unknown,0,0,0,0,1,1,0,0,0,0,245,7.883496113675254,6.157145193492813,0.3650336781892173,0.040582870355138405,256,15,0,3,0,0,0,3,3,0,0,0,0,0.0,0
benign,6232e33d88d2cad0dbe0fc4324f63fb2b9ba833b0d14f7fd529ab52ed7c6dacd.exe,data\raw\benign\6232e33d88d2cad0dbe0fc4324f63fb2b9ba833b0d14f7fd529ab52ed7c6dacd.exe,288240,68,1,0,0,0,0.014705882352941176,executable,1,0,0,0,0,1,1,0,0,0,2,6.614556320378185,5.4980773669677605,0.3141132389675271,0.14773799611434915,256,13,1,1,0,0,0,1,1,0,0,0,0,0.0,0
benign,626a065b493acc0636e75406f146741896ec430ae30cb7cc2ebaf70cb6640afd.exe,data\raw\benign\626a065b493acc0636e75406f146741896ec430ae30cb7cc2ebaf70cb6640afd.exe,262656,68,1,0,0,0,0.014705882352941176,executable,1,0,0,0,0,1,1,0,0,0,9,6.2770742586343955,5.488108281526316,0.3240702668128655,0.20339912280701755,256,0,0,0,0,0,1,0,1,0,0,0,0,0.0,0
benign,62e8db45cb438205641ee57e8b486f0884ad6d4f3e8e5906f38aa157d301f718.exe,data\raw\benign\62e8db45cb438205641ee57e8b486f0884ad6d4f3e8e5906f38aa157d301f718.exe,23040,68,1,0,0,0,0.014705882352941176,executable,1,0,0,0,0,1,1,0,0,0,9,5.073069383575002,5.228261724443749,0.2827690972222222,0.41158854166666664,255,0,0,0,0,0,0,0,0,0,0,0,0,0.0,0
benign,62f1ad51806af5c9031851373f8c404e371514d3b0c8e236d6ea0cb488c4a56b.exe,data\raw\benign\62f1ad51806af5c9031851373f8c404e371514d3b0c8e236d6ea0cb488c4a56b.exe,333704,68,1,0,0,0,0.014705882352941176,executable,1,0,0,0,0,1,1,0,0,0,5,6.489145547392737,5.220499463125868,0.3244222424663774,0.21273943374967036,256,13,1,0,0,0,0,0,0,0,0,0,0,0.0,0
benign,634d81d9020c188a9b3092ba5db2d70c988b0388acbe94ef954985b0cdfcc5a2.exe,data\raw\benign\634d81d9020c188a9b3092ba5db2d70c988b0388acbe94ef954985b0cdfcc5a2.exe,39472,68,1,0,0,0,0.014705882352941176,executable,1,0,0,0,0,0,0,0,0,0,0,7.994739043280881,7.957970011126191,0.3691730847182813,0.0044335224969598705,256,0,0,0,0,0,0,0,0,0,0,0,0,0.0,0
benign,639dfb6bb9a11a0b1ad03c560235d9c36cebb009aa2518e63f0a374c8de731eb.exe,data\raw\benign\639dfb6bb9a11a0b1ad03c560235d9c36cebb009aa2518e63f0a374c8de731eb.exe,27136,68,1,0,0,0,0.014705882352941176,executable,1,0,0,0,0,1,1,0,0,0,0,6.200379687468351,5.280169213214085,0.33685878537735847,0.18624705188679244,256,3,0,0,0,0,0,0,0,0,0,0,0,0.0,0
benign,63bf3aba485b7e8d6314220ab1fd9c03a7991bc8ab4232e7a1f295518f4e4056.exe,data\raw\benign\63bf3aba485b7e8d6314220ab1fd9c03a7991bc8ab4232e7a1f295518f4e4056.exe,1532608,68,1,0,0,0,0.014705882352941176,executable,1,0,0,0,0,1,1,0,0,0,77,6.8305053101779585,5.369922209389754,0.33860387000459347,0.170021949513509,256,16,2,0,0,0,1,0,1,0,0,0,0,0.0,0
benign,63f0221e6bc2cc48d63f079c46bc438e2c21f5267ce3ae11915d4e8150a640f1.exe,data\raw\benign\63f0221e6bc2cc48d63f079c46bc438e2c21f5267ce3ae11915d4e8150a640f1.exe,126976,68,1,0,0,0,0.014705882352941176,executable,1,0,0,0,0,1,1,0,0,0,2,6.40612705871616,5.269572157266778,0.30912928427419356,0.18385364163306453,256,0,0,1,0,0,0,1,1,0,0,0,0,0.0,0
benign,64354378404d42f492613b144a6d0b3418261f27a380a8a4387424fe0e3ffbc1.exe,data\raw\benign\64354378404d42f492613b144a6d0b3418261f27a380a8a4387424fe0e3ffbc1.exe,669224,68,1,0,0,0,0.014705882352941176,executable,1,0,0,0,0,1,1,0,0,0,3,6.509958090281112,5.354734235300624,0.3264736470897637,0.1593711522599309,256,31,1,1,0,0,0,1,1,0,0,0,0,0.0,0
benign,6443dd554836f5112eda96b3cb18358aed61b5d8aa56be17456acc42d4458bc6.exe,data\raw\benign\6443dd554836f5112eda96b3cb18358aed61b5d8aa56be17456acc42d4458bc6.exe,42904,68,1,0,0,0,0.014705882352941176,executable,1,0,0,0,0,1,1,0,0,0,3,5.997461935271407,5.356674970412301,0.37341506619429427,0.26405463360059667,256,12,0,1,0,0,0,1,1,0,0,0,0,0.0,0
benign,647b982e39269e0aece005227fe7641fa2e21f54a290aee1b8b5519f05d97bc0.exe,data\raw\benign\647b982e39269e0aece005227fe7641fa2e21f54a290aee1b8b5519f05d97bc0.exe,30720,68,1,0,0,0,0.014705882352941176,executable,1,0,0,0,0,1,1,0,0,0,9,5.51905341720489,5.385885945587348,0.3133463541666667,0.33746744791666666,256,1,1,0,0,0,0,0,0,0,0,0,0,0.0,0
benign,647df4453044059c24cfcc2e37824159f29474bdc0b5755ae1a832d019aba289.exe,data\raw\benign\647df4453044059c24cfcc2e37824159f29474bdc0b5755ae1a832d019aba289.exe,271872,68,1,0,0,0,0.014705882352941176,executable,1,0,0,0,0,1,1,0,0,0,11,6.238497045659358,5.495785589177803,0.3775085334274953,0.20369879943502825,256,1,0,0,0,0,0,0,0,0,0,0,0,0.0,0
benign,647ff3ef69a5e98dd602f79dc236659994d7b32f96c1828122ea907df388f360.exe,data\raw\benign\647ff3ef69a5e98dd602f79dc236659994d7b32f96c1828122ea907df388f360.exe,39144,68,1,0,0,0,0.014705882352941176,executable,1,0,0,0,0,0,0,0,0,0,0,7.993628641587813,7.894859973437161,0.3713212752912324,0.004598405885959534,256,0,0,0,0,0,0,0,0,0,0,0,0,0.0,0
benign,65293714661fb07c84040ccf481e8472ed6665e881e33dab299b6392cabc9dd2.exe,data\raw\benign\65293714661fb07c84040ccf481e8472ed6665e881e33dab299b6392cabc9dd2.exe,83456,68,1,0,0,0,0.014705882352941176,executable,1,0,0,0,0,1,1,0,0,0,3,5.6485163913524135,5.502506547335733,0.3139738305214724,0.3036330521472393,256,0,0,1,0,0,0,1,1,0,0,0,0,0.0,0
benign,65445303675931b6ccc3090176e6196f25bced4236b479c2753500878cd41ac7.exe,data\raw\benign\65445303675931b6ccc3090176e6196f25bced4236b479c2753500878cd41ac7.exe,448000,68,1,0,0,0,0.014705882352941176,executable,1,0,0,0,0,1,1,0,0,0,1,6.164890847956242,5.824405837051925,0.31837276785714286,0.1889107142857143,256,0,0,0,0,0,0,0,0,0,0,0,0,0.0,0
benign,6544a829f9f12862f119082a1c194be87d3cbaf588546bdba140a58c8cf89036.exe,data\raw\benign\6544a829f9f12862f119082a1c194be87d3cbaf588546bdba140a58c8cf89036.exe,696768,68,1,0,0,0,0.014705882352941176,executable,1,0,0,0,0,1,1,0,0,0,6,5.914101223899223,4.138010601539088,0.3623458597409755,0.30389024754294114,256,18,1,1,0,0,0,1,1,0,0,0,0,0.0,0
benign,654d8713c53d3e3fd49ec30dcb6953311862098974ded71e24d6481371c6274b.exe,data\raw\benign\654d8713c53d3e3fd49ec30dcb6953311862098974ded71e24d6481371c6274b.exe,54216,68,1,0,0,0,0.014705882352941176,executable,1,0,0,0,0,1,1,0,0,0,3,6.607394391794079,4.7641777641467895,0.41578131916777333,0.20457060646303674,256,18,0,0,0,0,0,0,0,0,0,0,0,0.0,0
benign,65c24eabb20e0686667eb20ceb2bffd985aa966352630ba549ddd15a1df20ab7.exe,data\raw\benign\65c24eabb20e0686667eb20ceb2bffd985aa966352630ba549ddd15a1df20ab7.exe,49752,68,1,0,0,0,0.014705882352941176,executable,1,0,0,0,0,1,1,0,0,0,9,5.9967103420549615,5.359136864240575,0.39749155812831644,0.29518411320147936,256,20,1,0,0,0,0,0,0,0,0,0,0,0.0,0
benign,65c7672903a95032843cea3a9b0f1dca81a491e54f9808e848b8186272180310.exe,data\raw\benign\65c7672903a95032843cea3a9b0f1dca81a491e54f9808e848b8186272180310.exe,53760,68,1,0,0,0,0.014705882352941176,executable,1,0,0,0,0,1,1,0,0,0,0,6.388480969688016,5.4983299125834275,0.3086123511904762,0.15264136904761905,256,1,0,0,0,0,0,0,0,0,0,0,0,0.0,0
benign,65f2e6703382a75b5f3c6f6b9cbf701cedc40172dbd6068a6f1cc0b94a3bce1e.ole,data\raw\benign\65f2e6703382a75b5f3c6f6b9cbf701cedc40172dbd6068a6f1cc0b94a3bce1e.ole,59904,68,0,0,0,0,0.014705882352941176,unknown,0,0,0,0,1,0,0,0,0,0,0,3.42151066568932,4.200476242527068,0.17689970619658119,0.624465811965812,256,0,1,1,0,0,0,1,1,0,0,0,0,0.0,0
benign,65fcae1fb6d6ba322a5b81629813609d07ff20c4f46ba805bc2817f565c5bab5.exe,data\raw\benign\65fcae1fb6d6ba322a5b81629813609d07ff20c4f46ba805bc2817f565c5bab5.exe,54784,68,1,0,0,0,0.014705882352941176,executable,1,0,0,0,0,1,1,0,0,0,3,5.82740129830768,5.479707947710774,0.3399167640186916,0.27164865654205606,256,0,1,0,0,0,0,0,0,0,0,0,0,0.0,0
benign,66031dcf8d27466f6407c1ad670e95947914b02778831f637172244b83eaa296.exe,data\raw\benign\66031dcf8d27466f6407c1ad670e95947914b02778831f637172244b83eaa296.exe,29184,68,1,0,0,0,0.014705882352941176,executable,1,0,0,0,0,1,1,0,0,0,9,5.355388997895289,5.0946974407610615,0.34532620614035087,0.35851836622807015,256,0,0,0,0,0,0,0,0,0,0,0,0,0.0,0
benign,667fba10a1775750b3b63be899f4b097841c71ce531f52366bd47b6b4c474a0f.exe,data\raw\benign\667fba10a1775750b3b63be899f4b097841c71ce531f52366bd47b6b4c474a0f.exe,42336,68,1,0,0,0,0.014705882352941176,executable,1,0,0,0,0,1,1,0,0,0,9,6.090248382051823,5.444813068343153,0.3950774754346183,0.28559618291761146,256,20,1,0,0,0,0,0,0,0,0,0,0,0.0,0
benign,66a2604f0910eca2751e4d5eee487791cb0fcfdf00ba457a4aa4be4b32f6d8ce.exe,data\raw\benign\66a2604f0910eca2751e4d5eee487791cb0fcfdf00ba457a4aa4be4b32f6d8ce.exe,458432,68,1,0,0,0,0.014705882352941176,executable,1,0,0,0,0,1,1,0,0,0,6,4.100719375087363,2.347489185585754,0.11114189236353483,0.40547998394527435,256,16,1,0,0,0,0,0,0,0,0,0,0,0.0,0
benign,66cb052375cd7d242269f56305c4396747f29a5ae36c1a7435db1c1cfd3b706f.exe,data\raw\benign\66cb052375cd7d242269f56305c4396747f29a5ae36c1a7435db1c1cfd3b706f.exe,1786880,68,1,0,0,0,0.014705882352941176,executable,1,0,0,0,0,1,1,0,0,0,5,6.4589871738657685,5.677733881993607,0.3250984957020057,0.19183325125358167,256,1,1,3,0,0,0,3,3,0,0,0,0,0.0,0
benign,66e164388672cc2a63fe9cf2b600c901a321dd7c8d8be421a7ad5a3ebca048c0.exe,data\raw\benign\66e164388672cc2a63fe9cf2b600c901a321dd7c8d8be421a7ad5a3ebca048c0.exe,104272,68,1,0,0,0,0.014705882352941176,executable,1,0,0,0,0,1,1,0,0,0,9,6.009564519006665,5.248209784568484,0.4339803590609176,0.26617883995703545,256,40,1,0,0,0,0,0,0,0,0,0,0,0.0,0
benign,6719c0eecd26a1f435351d8f8ebb77798126c348f8b3e1ad4f13d660240709e8.exe,data\raw\benign\6719c0eecd26a1f435351d8f8ebb77798126c348f8b3e1ad4f13d660240709e8.exe,602200,68,1,0,0,0,0.014705882352941176,executable,1,0,0,0,0,1,1,0,0,0,3,6.090749155336506,3.5439554579335595,0.3190352042510794,0.23045001660577882,256,18,0,1,0,0,0,1,1,0,0,0,0,0.0,0
benign,6740a717633566873388570d00cf64676f8249f65006bdda0c8e90a426655458.exe,data\raw\benign\6740a717633566873388570d00cf64676f8249f65006bdda0c8e90a426655458.exe,512960,68,1,0,0,0,0.014705882352941176,executable,1,0,0,0,0,1,1,0,0,0,5,6.612480284317211,5.554553354901107,0.38213700873362444,0.16868176855895198,256,24,0,25,0,0,0,25,25,0,0,0,0,0.0,0
benign,6771a75df81f13fbae25d95cab75541a4f132ef7eaab1e501338e75681de3ec3.exe,data\raw\benign\6771a75df81f13fbae25d95cab75541a4f132ef7eaab1e501338e75681de3ec3.exe,150984,68,1,0,0,0,0.014705882352941176,executable,1,0,0,0,0,1,1,0,0,0,1,5.727522320342593,5.055541728009651,0.48640253271869865,0.2652069093413872,256,23,4,0,0,0,0,0,0,0,0,0,0,0.0,0
benign,6778d6756f384d4cb9e93b058f29fc6c5d8623e0b5ed81ab48cf10464cbd2609.exe,data\raw\benign\6778d6756f384d4cb9e93b058f29fc6c5d8623e0b5ed81ab48cf10464cbd2609.exe,86016,68,1,0,0,0,0.014705882352941176,executable,1,0,0,0,0,1,1,0,0,0,3,5.969182059891263,5.653986491511014,0.33847191220238093,0.22438848586309523,256,0,2,0,0,0,0,0,0,0,0,0,0,0.0,0
benign,67fadfeccc66c338d0575516ac5acec9788e5be437e6924478292f92dcd4a8da.exe,data\raw\benign\67fadfeccc66c338d0575516ac5acec9788e5be437e6924478292f92dcd4a8da.exe,42432,68,1,0,0,0,0.014705882352941176,executable,1,0,0,0,0,1,1,0,0,0,2,6.678850732663718,4.900553239957287,0.40224358974358976,0.20107466063348417,256,16,1,1,0,0,0,1,1,0,0,0,0,0.0,0
benign,681f7986f77aba85c796fa359f48a60883a7bcd59350435f374f1f6309ed8bbd.exe,data\raw\benign\681f7986f77aba85c796fa359f48a60883a7bcd59350435f374f1f6309ed8bbd.exe,1327200,68,1,0,0,0,0.014705882352941176,executable,1,0,0,0,0,1,1,0,0,0,7,6.633791167845594,5.609820672241438,0.33605183845690173,0.16422619047619047,256,10,3,1,0,1,0,1,2,0,0,0,0,0.0,0
benign,686bf1774b5c836356d355f0685c9ef7e937283a0064f703249a5086bae27531.exe,data\raw\benign\686bf1774b5c836356d355f0685c9ef7e937283a0064f703249a5086bae27531.exe,47104,68,1,0,0,0,0.014705882352941176,executable,1,0,0,0,0,1,1,0,0,0,3,5.721354885828538,5.455069937807285,0.3550866168478261,0.27108101222826086,256,0,0,1,0,0,0,1,1,0,0,0,0,0.0,0
benign,6894a24537cb8d6ce78d1cbbbee91c33d41f12e031f397b78eeff3617803f98e.exe,data\raw\benign\6894a24537cb8d6ce78d1cbbbee91c33d41f12e031f397b78eeff3617803f98e.exe,29696,68,1,0,0,0,0.014705882352941176,executable,1,0,0,0,0,1,1,0,0,0,0,6.116758262008699,5.46691297540646,0.3393049568965517,0.20965786637931033,255,1,0,0,0,0,0,0,0,0,0,0,0,0.0,0
benign,68c73e7c17fb1e16c4f6e906219f283412bbebe180dabfe2ef0e1b79933acad9.exe,data\raw\benign\68c73e7c17fb1e16c4f6e906219f283412bbebe180dabfe2ef0e1b79933acad9.exe,110416,68,1,0,0,0,0.014705882352941176,executable,1,0,0,0,0,1,1,0,0,0,0,5.678926649766719,3.736708108204608,0.29575423851615706,0.3028456020866541,256,8,0,1,0,0,0,1,1,0,0,0,0,0.0,0
benign,68d7f06712dc622880acf9c37f9d08e3c72d48c0016ca1f69f1f386df5f234cf.exe,data\raw\benign\68d7f06712dc622880acf9c37f9d08e3c72d48c0016ca1f69f1f386df5f234cf.exe,34816,68,1,0,0,0,0.014705882352941176,executable,1,0,0,0,0,1,1,0,0,0,3,5.5351318470435045,5.517278366277814,0.3471105238970588,0.30715762867647056,256,1,2,0,0,0,0,0,0,0,0,0,0,0.0,0
benign,692acd7aa54a1c159f7e09625bba47dfc6ce2ff6aeab9140550dc5a3b744a49d.exe,data\raw\benign\692acd7aa54a1c159f7e09625bba47dfc6ce2ff6aeab9140550dc5a3b744a49d.exe,37376,68,1,0,0,0,0.014705882352941176,executable,1,0,0,0,0,1,1,0,0,0,3,6.079766983369472,3.8620617699272772,0.3477632705479452,0.22752568493150685,255,1,2,2,0,0,0,2,2,0,0,0,0,0.0,0
benign,69828c857d4824b9f850b1e0597d2c134c91114b7a0774c41dffe33b0eb23721.exe,data\raw\benign\69828c857d4824b9f850b1e0597d2c134c91114b7a0774c41dffe33b0eb23721.exe,75264,68,1,0,0,0,0.014705882352941176,executable,1,0,0,0,0,1,1,0,0,0,2,6.11461970861143,5.578812827258919,0.3283641581632653,0.22354644982993196,256,0,0,0,1,0,0,0,1,0,0,0,0,0.0,0
benign,699587c3762e20354daba4ee9f20d7fcaa257f6a1007d0f9fe8a89c8797f910c.exe,data\raw\benign\699587c3762e20354daba4ee9f20d7fcaa257f6a1007d0f9fe8a89c8797f910c.exe,545216,68,1,0,0,0,0.014705882352941176,executable,1,0,0,0,0,1,1,0,0,0,5,5.948700392123946,2.1877466677915223,0.29930889775795283,0.2278656532456861,256,24,0,25,0,0,0,25,25,0,0,0,0,0.0,0
benign,69b5a97bd24aee318b2afc50506bfeced8ceee010cdf8268522ea9b5e912ce84.exe,data\raw\benign\69b5a97bd24aee318b2afc50506bfeced8ceee010cdf8268522ea9b5e912ce84.exe,38600,68,1,0,0,0,0.014705882352941176,executable,1,0,0,0,0,1,1,0,0,0,0,6.357704207728029,4.7871927405580665,0.4133160621761658,0.22401554404145077,256,16,1,0,0,0,0,0,0,0,0,0,0,0.0,0
benign,69df4166f03247f9694d0300db13485c0c6e4a4cf1b6968118fb4f0f9cf846dd.exe,data\raw\benign\69df4166f03247f9694d0300db13485c0c6e4a4cf1b6968118fb4f0f9cf846dd.exe,76288,68,1,0,0,0,0.014705882352941176,executable,1,0,0,0,0,1,1,0,0,0,4,5.954088230198071,5.541230292931309,0.30991768036912754,0.3445233850671141,256,0,2,0,0,0,0,0,0,0,0,0,0,0.0,0
benign,69dfcca57024e28b1b7678eed75697df0567ea71f0ac97abc01691b9d5a67ecb.exe,data\raw\benign\69dfcca57024e28b1b7678eed75697df0567ea71f0ac97abc01691b9d5a67ecb.exe,1116232,68,1,0,0,0,0.014705882352941176,executable,1,0,0,0,0,1,1,0,0,0,1,6.180356950670994,4.426239999652715,0.5316735230668893,0.19390682223767103,256,200,475,0,0,0,0,0,0,0,0,0,0,0.0,0
benign,6a5a9543efdcbfea2f59591f16302e200dbcc4966c7642aabc9be79910d7855a.ole,data\raw\benign\6a5a9543efdcbfea2f59591f16302e200dbcc4966c7642aabc9be79910d7855a.ole,68608,68,0,0,0,0,0.014705882352941176,unknown,0,0,0,0,1,0,0,0,0,0,5,4.233000471291694,4.108654174074707,0.21689890391791045,0.5267315764925373,256,1,0,0,0,0,0,0,0,0,0,0,0,0.0,0
benign,6a60926626497bca4820e7841e257c5db09764c030e2f57b13124b83cd326329.exe,data\raw\benign\6a60926626497bca4820e7841e257c5db09764c030e2f57b13124b83cd326329.exe,100352,68,1,0,0,0,0.014705882352941176,executable,1,0,0,0,0,1,1,0,0,0,0,6.446348041393373,5.39704032194637,0.2898497289540816,0.13925980548469388,256,1,0,0,0,0,0,0,0,0,0,0,0,0.0,0
benign,6a79c28a86d7c88e8179cdaba8d357bbb9dab05bea990c026b67a594c2fc3372.exe,data\raw\benign\6a79c28a86d7c88e8179cdaba8d357bbb9dab05bea990c026b67a594c2fc3372.exe,126736,68,1,0,0,0,0.014705882352941176,executable,1,0,0,0,0,1,1,0,0,0,3,5.861261896211234,0.47089680325478434,0.21420906451205657,0.33533486933468,256,7,3,0,0,0,0,0,0,0,0,0,0,0.0,0
benign,6aa04e0e76bfc243beee6d843fddc6689dfdada630dd08ccfc1863db3d8e3540.exe,data\raw\benign\6aa04e0e76bfc243beee6d843fddc6689dfdada630dd08ccfc1863db3d8e3540.exe,49448,68,1,0,0,0,0.014705882352941176,executable,1,0,0,0,0,1,1,0,0,0,9,5.988035443445337,5.369734933632704,0.4005015369681281,0.29511810386668824,256,20,1,0,0,0,0,0,0,0,0,0,0,0.0,0
benign,6adaf93fda108331512c279e967f55379586948ebbc3dab4746e3d13d4736d97.exe,data\raw\benign\6adaf93fda108331512c279e967f55379586948ebbc3dab4746e3d13d4736d97.exe,362928,68,1,0,0,0,0.014705882352941176,executable,1,0,0,0,0,1,1,0,0,0,4,6.177691723537608,5.7817231296195315,0.34485628003350527,0.22674745404047084,256,16,0,0,0,0,0,0,0,0,0,0,0,0.0,0
benign,6ae58e05e226ed3476b1c3d8463dd49c7ab0aee54164f69b491780c7b4ac59a4.exe,data\raw\benign\6ae58e05e226ed3476b1c3d8463dd49c7ab0aee54164f69b491780c7b4ac59a4.exe,33800,68,1,0,0,0,0.014705882352941176,executable,1,0,0,0,0,1,1,0,0,0,1,6.550393815283226,5.1067354865049825,0.470207100591716,0.18337278106508875,256,18,2,2,0,0,0,2,2,0,0,0,0,0.0,0
benign,6b4ee9dafe4b1b93c2a9222d39ee50cccf593c776957356031a922fb39a3c2ba.exe,data\raw\benign\6b4ee9dafe4b1b93c2a9222d39ee50cccf593c776957356031a922fb39a3c2ba.exe,131440,68,1,0,0,0,0.014705882352941176,executable,1,0,0,0,0,1,1,0,0,0,2,6.3672809262228895,5.383675695273849,0.3575319537431528,0.23134510042604992,256,13,1,1,0,0,0,1,1,0,0,0,0,0.0,0
benign,6b8bac4f5ebde2f753eb93bc91b3b2619e8f0b0a74521d16f4ebebae0b2e102b.exe,data\raw\benign\6b8bac4f5ebde2f753eb93bc91b3b2619e8f0b0a74521d16f4ebebae0b2e102b.exe,85952,68,1,0,0,0,0.014705882352941176,executable,1,0,0,0,0,1,1,0,0,0,2,6.369781596994424,3.4806539243165537,0.3752443224125093,0.2384237714072971,256,16,1,1,0,0,0,1,1,0,0,0,0,0.0,0
benign,6b8d1a1f785c103e2d75702c22491d1b3942878bcba7965c9f6b2ec46440726d.exe,data\raw\benign\6b8d1a1f785c103e2d75702c22491d1b3942878bcba7965c9f6b2ec46440726d.exe,40448,68,1,0,0,0,0.014705882352941176,executable,1,0,0,0,0,1,1,0,0,0,3,5.8418911306710095,5.457411462012313,0.32308148734177217,0.27111352848101267,256,0,1,0,0,0,0,0,0,0,0,0,0,0.0,0
benign,6b9131d94ed31f838b1820ee67f068c4741b69d5c655587c89c9477986bd270f.exe,data\raw\benign\6b9131d94ed31f838b1820ee67f068c4741b69d5c655587c89c9477986bd270f.exe,129624,68,1,0,0,0,0.014705882352941176,executable,1,0,0,0,0,1,1,0,0,0,2,6.052561897702193,3.009821690567715,0.33226100104918843,0.23609825340986237,256,18,0,1,0,0,0,1,1,0,0,0,0,0.0,0
benign,6b9bdfdedb8dbda0f5c6bace22ea29010eceb6d4f8b3dbeea4949f43f6740cd8.exe,data\raw\benign\6b9bdfdedb8dbda0f5c6bace22ea29010eceb6d4f8b3dbeea4949f43f6740cd8.exe,1197707,68,1,0,0,0,0.014705882352941176,executable,1,0,0,0,0,1,1,0,0,0,5,6.363758481098337,5.586399249442658,0.32132232674602385,0.18943364278575645,256,1,3,1,0,1,0,1,2,0,0,0,0,0.0,0
benign,6b9fd5fd1fccd516aa8034ce8c1ec62ac7470f8b77b06b23c7fea2421f254ef7.exe,data\raw\benign\6b9fd5fd1fccd516aa8034ce8c1ec62ac7470f8b77b06b23c7fea2421f254ef7.exe,58816,68,1,0,0,0,0.014705882352941176,executable,1,0,0,0,0,1,1,0,0,0,2,6.068717190847697,4.642679028573871,0.3917811479869423,0.2902271490750816,256,16,1,1,0,0,0,1,1,0,0,0,0,0.0,0
benign,6bb70e81edc34e15d9798b317300d7758042db033a91efd7a40efa5e45a3cfa5.exe,data\raw\benign\6bb70e81edc34e15d9798b317300d7758042db033a91efd7a40efa5e45a3cfa5.exe,211320,68,1,0,0,0,0.014705882352941176,executable,1,0,0,0,0,1,1,0,0,0,4,6.3842282622024,4.052320411646102,0.32854438765852734,0.19515426840810146,256,5,1,0,0,0,0,0,0,0,0,0,0,0.0,0
benign,6bc1eff62faa5b54d178f25b0d5e4942ae310aa92feee3d2d99a8001b04e57db.exe,data\raw\benign\6bc1eff62faa5b54d178f25b0d5e4942ae310aa92feee3d2d99a8001b04e57db.exe,90112,68,1,0,0,0,0.014705882352941176,executable,1,0,0,0,0,1,1,0,0,0,0,6.441069282762586,4.895317187225169,0.36048473011363635,0.1923495205965909,256,0,0,0,0,0,0,0,0,0,0,0,0,0.0,0
benign,6bf6ce66b3cf86b96f4764a7908154290ca9f14915508da83d1676f14f54d097.exe,data\raw\benign\6bf6ce66b3cf86b96f4764a7908154290ca9f14915508da83d1676f14f54d097.exe,323952,68,1,0,0,0,0.014705882352941176,executable,1,0,0,0,0,1,1,0,0,0,3,6.415719681169461,5.675529039479584,0.28991949424606117,0.209651429841458,256,13,1,2,0,0,0,2,2,0,0,0,0,0.0,0
benign,6c29fa22f01232ee015ac027338ce7b69745844fae51d7cde0916acd371f3bfc.exe,data\raw\benign\6c29fa22f01232ee015ac027338ce7b69745844fae51d7cde0916acd371f3bfc.exe,59960,68,1,0,0,0,0.014705882352941176,executable,1,0,0,0,0,1,1,0,0,0,9,6.023813981396792,5.50715462757282,0.3927118078719146,0.2874749833222148,256,20,1,0,0,0,0,0,0,0,0,0,0,0.0,0
benign,6caffa7c8e508569c7855512c7b36e00df52d13779572dc939e3f39a4948eca3.exe,data\raw\benign\6caffa7c8e508569c7855512c7b36e00df52d13779572dc939e3f39a4948eca3.exe,548952,68,1,0,0,0,0.014705882352941176,executable,1,0,0,0,0,1,1,0,0,0,3,6.457790063081465,4.77324869837124,0.3946884244888442,0.16962503096809922,256,18,801,0,0,0,0,0,0,0,0,0,0,0.0,0
benign,6cbeb1e7555db4f22329195f26b455c475b79ece4b4b9566b94f91a94cb5a0d1.exe,data\raw\benign\6cbeb1e7555db4f22329195f26b455c475b79ece4b4b9566b94f91a94cb5a0d1.exe,83456,68,1,0,0,0,0.014705882352941176,executable,1,0,0,0,0,1,1,0,0,0,4,5.704069130419544,5.704833152766594,0.2646664110429448,0.3331935391104294,256,1,2,0,0,0,0,0,0,0,0,0,0,0.0,0
benign,6cc0bfebc5c343dfc1d453cba78fbfc08a09de0a00f2fe9c86c0eca9817a62df.exe,data\raw\benign\6cc0bfebc5c343dfc1d453cba78fbfc08a09de0a00f2fe9c86c0eca9817a62df.exe,442560,68,1,0,0,0,0.014705882352941176,executable,1,0,0,0,0,1,1,0,0,0,3,6.026000909516569,5.710360223164289,0.3269884309472162,0.2853466196673897,256,14,1,3,0,0,0,3,3,0,0,0,0,0.0,0
benign,6cc51f0ce3538b27425b78a31afce0e64f1cf9cfc02c3eac4144370c19a32654.ole,data\raw\benign\6cc51f0ce3538b27425b78a31afce0e64f1cf9cfc02c3eac4144370c19a32654.ole,218169,68,0,0,0,0,0.014705882352941176,unknown,0,0,0,0,1,1,0,0,0,0,113,7.8817795820143015,6.615617279285074,0.3631313339658705,0.04359922812131879,256,0,0,1,0,0,0,1,1,0,0,0,0,0.0,0
benign,6dba2e48aacc9b2977159dd63f2d460cdf5781fec590e6b4fac04f6ace12f868.exe,data\raw\benign\6dba2e48aacc9b2977159dd63f2d460cdf5781fec590e6b4fac04f6ace12f868.exe,34304,68,1,0,0,0,0.014705882352941176,executable,1,0,0,0,0,1,1,0,0,0,3,4.937221325332437,4.7749906535302635,0.3166103078358209,0.4310867537313433,256,0,1,0,0,0,0,0,0,0,0,0,0,0.0,0
benign,6dbf6b578f0642bb6de9f9f9e2e92939c0580bfd0cd275475dbb57fcb1107b61.exe,data\raw\benign\6dbf6b578f0642bb6de9f9f9e2e92939c0580bfd0cd275475dbb57fcb1107b61.exe,58432,68,1,0,0,0,0.014705882352941176,executable,1,0,0,0,0,1,1,0,0,0,9,6.152934056769068,5.467249302896911,0.40258762322015335,0.26766155531215774,256,20,1,0,0,0,0,0,0,0,0,0,0,0.0,0
benign,6df774a7ed523b867cb9bcc2f56d95db134f8f668c5c7dfc6843665ce2e966b9.exe,data\raw\benign\6df774a7ed523b867cb9bcc2f56d95db134f8f668c5c7dfc6843665ce2e966b9.exe,22528,68,1,0,0,0,0.014705882352941176,executable,1,0,0,0,0,1,1,0,0,0,9,5.124343924700604,5.2195503929892615,0.2864435369318182,0.40416370738636365,256,0,0,0,0,0,0,0,0,0,0,0,0,0.0,0
benign,6e301f788993268ad839c6e8b251d6b0ee14bddbc9a655bb7e4474524a6d8994.exe,data\raw\benign\6e301f788993268ad839c6e8b251d6b0ee14bddbc9a655bb7e4474524a6d8994.exe,41472,68,1,0,0,0,0.014705882352941176,executable,1,0,0,0,0,1,1,0,0,0,3,5.657652502514337,5.4799574344383934,0.3663435570987654,0.3089554398148148,256,0,0,0,0,0,0,0,0,0,0,0,0,0.0,0
benign,6e4849e0d92ae82380bf4bb6773a1ff27863038838a021ccade723e2adab5d73.exe,data\raw\benign\6e4849e0d92ae82380bf4bb6773a1ff27863038838a021ccade723e2adab5d73.exe,112472,68,1,0,0,0,0.014705882352941176,executable,1,0,0,0,0,1,1,0,0,0,5,6.802826739034508,5.122903084441906,0.31390034853119,0.21336866064442706,256,13,0,1,0,0,0,1,1,0,0,0,0,0.0,0
benign,6ec6507c9d9332e7d98f7ba4c14d8fa326e581894e266c72841cd4c2dc894bbc.exe,data\raw\benign\6ec6507c9d9332e7d98f7ba4c14d8fa326e581894e266c72841cd4c2dc894bbc.exe,137168,68,1,0,0,0,0.014705882352941176,executable,1,0,0,0,0,1,1,0,0,0,2,6.145876305950147,5.7593096191312245,0.3430829347952875,0.2454143823632334,256,16,1,2,0,0,0,2,2,0,0,0,0,0.0,0
benign,6ee4dca852ae3b8f2fa3dba67bf58ea089d1ad5af0946dad3350339877cb7f29.exe,data\raw\benign\6ee4dca852ae3b8f2fa3dba67bf58ea089d1ad5af0946dad3350339877cb7f29.exe,40448,68,1,0,0,0,0.014705882352941176,executable,1,0,0,0,0,1,1,0,0,0,10,5.655300965317958,5.22432151919953,0.34313192246835444,0.30659117879746833,256,0,0,0,0,0,0,0,0,0,0,0,0,0.0,0
benign,6f32f8ac6b79b7686cf837194943a424ebf61f67e9fece3aacb2f7ea4f45d6aa.exe,data\raw\benign\6f32f8ac6b79b7686cf837194943a424ebf61f67e9fece3aacb2f7ea4f45d6aa.exe,35328,68,1,0,0,0,0.014705882352941176,executable,1,0,0,0,0,1,1,0,0,0,3,5.993230059839023,3.3374059622985035,0.3736696105072464,0.27357903079710144,256,0,1,0,0,0,0,0,0,0,0,0,0,0.0,0
benign,6faf6bc7caf49873d2c96592db1eb6fd65a19b1deae414640c1f5de4bdad136b.exe,data\raw\benign\6faf6bc7caf49873d2c96592db1eb6fd65a19b1deae414640c1f5de4bdad136b.exe,30672,68,1,0,0,0,0.014705882352941176,executable,1,0,0,0,0,1,1,0,0,0,1,6.587395986482257,5.0749559472803005,0.49181664058424623,0.1745565988523735,256,17,2,0,0,0,0,0,0,0,0,0,0,0.0,0
benign,7039d7172ce2ee9698336942eb482bd39d08aacea1ad90e944b62be909bba929.ole,data\raw\benign\7039d7172ce2ee9698336942eb482bd39d08aacea1ad90e944b62be909bba929.ole,5904383,68,0,0,0,0,0.014705882352941176,unknown,0,0,0,0,1,1,0,0,0,0,354,7.975184662882388,6.814230630129385,0.36381024062971523,0.013360413780745591,256,0,0,0,0,0,0,0,0,0,0,0,0,0.0,0
benign,70985dabcf2497a00eb7fe4c21452bbcf7aa56db01895d130a8dac728b712668.exe,data\raw\benign\70985dabcf2497a00eb7fe4c21452bbcf7aa56db01895d130a8dac728b712668.exe,68608,68,1,0,0,0,0.014705882352941176,executable,1,0,0,0,0,1,1,0,0,0,4,6.163050934460565,5.406673904969529,0.23892257462686567,0.29496560167910446,256,0,2,0,0,0,0,0,0,0,0,0,0,0.0,0
benign,70bffc9c81bde425bbd3b2eaf54fb82764d15808f92e9338d2b954a5b912b43b.exe,data\raw\benign\70bffc9c81bde425bbd3b2eaf54fb82764d15808f92e9338d2b954a5b912b43b.exe,31832,68,1,0,0,0,0.014705882352941176,executable,1,0,0,0,0,1,1,0,0,0,0,6.382791859523534,5.410220699995861,0.4540085448605177,0.2204699673284745,256,18,2,0,0,0,0,0,0,0,0,0,0,0.0,0
benign,7127ad6fc81ce4739f229ce0f19f80535940a0efa860d13e3cb5e162a30d9577.ole,data\raw\benign\7127ad6fc81ce4739f229ce0f19f80535940a0efa860d13e3cb5e162a30d9577.ole,54212,68,0,0,0,0,0.014705882352941176,unknown,0,0,0,0,1,1,0,0,0,0,35,7.700672766698274,6.1897523409064155,0.3613406625839298,0.08833837526746846,256,0,0,0,0,0,0,0,0,0,0,0,0,0.0,0
benign,716333df2e562cb8f35cba395fc4099bad7d28c5fe3ea391611163b04cd7e04e.ole,data\raw\benign\716333df2e562cb8f35cba395fc4099bad7d28c5fe3ea391611163b04cd7e04e.ole,38681,68,0,0,0,0,0.014705882352941176,unknown,0,0,0,0,1,1,0,0,0,0,19,7.7676473643631985,6.617166404075534,0.35384297200175796,0.07264548486336961,256,0,0,0,0,0,0,0,0,0,0,0,0,0.0,0
benign,71873e2b4ec947f01b38ca37b2318f4a40c441268758cc4d60ebf99994ee1f65.ole,data\raw\benign\71873e2b4ec947f01b38ca37b2318f4a40c441268758cc4d60ebf99994ee1f65.ole,24064,68,0,0,0,0,0.014705882352941176,unknown,0,0,0,0,1,0,0,0,0,0,1,4.24839642767137,3.696409856107462,0.23844747340425532,0.4788896276595745,249,0,0,0,0,0,0,0,0,0,0,0,0,0.0,0
benign,71e8b80a35184e5061f69b61f3d86be5a03349c8bd0639c26c3152a02346c6f0.exe,data\raw\benign\71e8b80a35184e5061f69b61f3d86be5a03349c8bd0639c26c3152a02346c6f0.exe,80384,68,1,0,0,0,0.014705882352941176,executable,1,0,0,0,0,1,1,0,0,0,4,3.0234240737363804,4.97970011150968,0.06915555334394904,0.4852831409235669,256,0,1,0,0,0,0,0,0,0,0,0,0,0.0,0
benign,71f59518cfceceeaa6ba958f34273949565d4176ec94a6f017fe992e09225a37.exe,data\raw\benign\71f59518cfceceeaa6ba958f34273949565d4176ec94a6f017fe992e09225a37.exe,125808,68,1,0,0,0,0.014705882352941176,executable,1,0,0,0,0,1,1,0,0,0,2,6.3354641323594105,5.116375519211379,0.35608228411547754,0.23467506040951291,256,13,1,1,0,0,0,1,1,0,0,0,0,0.0,0
benign,7230968208169f32697afe22a58dd045687f5c64c5c20b0d0471e4b9aa37c783.exe,data\raw\benign\7230968208169f32697afe22a58dd045687f5c64c5c20b0d0471e4b9aa37c783.exe,272696,68,1,0,0,0,0.014705882352941176,executable,1,0,0,0,0,1,1,0,0,0,2,5.678511490742536,5.240272599772698,0.3341706515680465,0.2646096752427612,256,12,2,2,0,0,0,2,2,0,0,0,0,0.0,0
benign,7297a4cca5635208589bd4e8d7c1b090ac7370f3c0ef6759d7075b150cbb9857.exe,data\raw\benign\7297a4cca5635208589bd4e8d7c1b090ac7370f3c0ef6759d7075b150cbb9857.exe,156672,68,1,0,0,0,0.014705882352941176,executable,1,0,0,0,0,1,1,0,0,0,2,6.4536144087406235,5.233260321590393,0.4808644812091503,0.15873927696078433,256,1,1,1,0,1,0,1,2,0,0,0,0,0.0,0
benign,729d140140c3af5b46031f1a7652b159b08721afa80776f17afe73633800afc1.exe,data\raw\benign\729d140140c3af5b46031f1a7652b159b08721afa80776f17afe73633800afc1.exe,89088,68,1,0,0,0,0.014705882352941176,executable,1,0,0,0,0,1,1,0,0,0,2,6.1139772545859365,5.816243170416047,0.25331133261494254,0.24287221623563218,256,0,0,1,0,0,0,1,1,0,0,0,0,0.0,0
benign,72bc39297e239de515b1384d1df053109eb71567ddc3b94cf7b27ad3a5ad31fe.exe,data\raw\benign\72bc39297e239de515b1384d1df053109eb71567ddc3b94cf7b27ad3a5ad31fe.exe,56120,68,1,0,0,0,0.014705882352941176,executable,1,0,0,0,0,1,1,0,0,0,9,6.118058738785007,5.5887950912507565,0.3940128296507484,0.27685317177476837,256,20,1,0,0,0,0,0,0,0,0,0,0,0.0,0
benign,72c494406edd86560f4cc1ec5736b090df77b2736d94ef79236d3870958a3b18.exe,data\raw\benign\72c494406edd86560f4cc1ec5736b090df77b2736d94ef79236d3870958a3b18.exe,252912,68,1,0,0,0,0.014705882352941176,executable,1,0,0,0,0,1,1,0,0,0,10,6.457959502226765,4.958114844392981,0.40962073764787754,0.19315018662617828,256,16,11,3,0,0,0,3,3,0,0,0,0,0.0,0
benign,7320783c6e2941f13cbf3cdc75e649f6d8c1054175aa264693a404cec20f4590.exe,data\raw\benign\7320783c6e2941f13cbf3cdc75e649f6d8c1054175aa264693a404cec20f4590.exe,105152,68,1,0,0,0,0.014705882352941176,executable,1,0,0,0,0,1,1,0,0,0,8,7.053476983208726,5.515960555102649,0.31143487522824104,0.1929302343274498,256,19,2,0,0,0,0,0,0,0,0,0,0,0.0,0
benign,734db8a127eba3f56ceacddf8d784fb4c6ff0d9524eaf0d2f75acd698ef9084c.exe,data\raw\benign\734db8a127eba3f56ceacddf8d784fb4c6ff0d9524eaf0d2f75acd698ef9084c.exe,406976,68,1,0,0,0,0.014705882352941176,executable,1,0,0,0,0,1,1,0,0,0,8,6.382826758666798,5.015822340293663,0.31606040651045764,0.18864503066519894,256,19,5,3,0,0,0,3,3,0,0,0,0,0.0,0
benign,7371ddedc26db5fb2d9080870a422d8f6236a03133dd74b5f8fc62c437cf1b51.exe,data\raw\benign\7371ddedc26db5fb2d9080870a422d8f6236a03133dd74b5f8fc62c437cf1b51.exe,23552,68,1,0,0,0,0.014705882352941176,executable,1,0,0,0,0,1,1,0,0,0,0,6.030074651660839,5.164173672922042,0.33992866847826086,0.22091542119565216,256,1,0,0,0,0,0,0,0,0,0,0,0,0.0,0
benign,73bb2538c8a42b16397858d449d8558d666918a17e272aa74934b2014482a9d0.exe,data\raw\benign\73bb2538c8a42b16397858d449d8558d666918a17e272aa74934b2014482a9d0.exe,104024,68,1,0,0,0,0.014705882352941176,executable,1,0,0,0,0,1,1,0,0,0,2,6.084735936910353,3.4078062954113912,0.3574751980312236,0.21810351457355995,256,18,0,1,0,0,0,1,1,0,0,0,0,0.0,0
benign,7481b61d95c45a5ebb6dfc318a8a62f1524f815fb8fccc8859b373570c049538.exe,data\raw\benign\7481b61d95c45a5ebb6dfc318a8a62f1524f815fb8fccc8859b373570c049538.exe,80896,68,1,0,0,0,0.014705882352941176,executable,1,0,0,0,0,1,1,0,0,0,3,5.83751118062045,5.837520861594664,0.3299792325949367,0.28042177610759494,256,0,1,1,0,0,0,1,1,0,0,0,0,0.0,0
benign,7485ff522f4662ae5c91a5248e82370d9f24bb6e548fe279ce9e9e824c6c4d41.exe,data\raw\benign\7485ff522f4662ae5c91a5248e82370d9f24bb6e548fe279ce9e9e824c6c4d41.exe,44016,68,1,0,0,0,0.014705882352941176,executable,1,0,0,0,0,1,1,0,0,0,9,6.095169832190169,5.33544561986839,0.3923346055979644,0.2858505997818975,256,20,1,0,0,0,0,0,0,0,0,0,0,0.0,0
benign,74c72500841035f639975bc6aa321c4a40e6d2080834d94f522353efe52d79d1.exe,data\raw\benign\74c72500841035f639975bc6aa321c4a40e6d2080834d94f522353efe52d79d1.exe,82432,68,1,0,0,0,0.014705882352941176,executable,1,0,0,0,0,1,1,0,0,0,9,6.008520857688733,5.287246565884708,0.31894167313664595,0.24530522127329193,256,1,0,0,0,0,0,0,0,0,0,0,0,0.0,0
benign,751941b4e09898c31791efeb5f90fc7367c89831d4a98637ed505e40763e287b.exe,data\raw\benign\751941b4e09898c31791efeb5f90fc7367c89831d4a98637ed505e40763e287b.exe,61440,68,1,0,0,0,0.014705882352941176,executable,1,0,0,0,0,1,1,0,0,0,1,5.9267964842577605,0.7387511573251438,0.3252766927083333,0.3158040364583333,256,0,0,0,0,0,0,0,0,0,0,0,0,0.0,0
benign,755394b623e31d32f900de2f37ba04a0aa9a3c3c57dc34b8f5f4792f18c34196.exe,data\raw\benign\755394b623e31d32f900de2f37ba04a0aa9a3c3c57dc34b8f5f4792f18c34196.exe,49080,68,1,0,0,0,0.014705882352941176,executable,1,0,0,0,0,1,1,0,0,0,9,6.001626008264876,5.262707640642831,0.39920537897310515,0.29441727791361044,256,20,1,0,0,0,0,0,0,0,0,0,0,0.0,0
benign,755c00b1e667605746edc0eb826412dca4f317fd290728b5c71e6a7c12f537ed.ole,data\raw\benign\755c00b1e667605746edc0eb826412dca4f317fd290728b5c71e6a7c12f537ed.ole,94208,68,0,0,0,0,0.014705882352941176,unknown,0,0,0,0,1,0,0,0,0,0,5,5.133012356978108,3.0547572094131787,0.38931937839673914,0.379638671875,256,81,4,2,0,0,0,2,2,0,0,0,0,0.0,0
benign,75618935566046844c2d4270687f88dcfe5b50cd9d670adb7bfb0db1b1070beb.exe,data\raw\benign\75618935566046844c2d4270687f88dcfe5b50cd9d670adb7bfb0db1b1070beb.exe,290304,68,1,0,0,0,0.014705882352941176,executable,1,0,0,0,0,1,1,0,0,0,9,5.755357434871867,5.078729410452215,0.3113460372574956,0.23303502535273368,256,6,0,0,0,0,0,0,0,0,0,0,0,0.0,0
benign,75b7971116bc93808372209737c5f272cde2b5409722dd7a13c5b780f98743ef.exe,data\raw\benign\75b7971116bc93808372209737c5f272cde2b5409722dd7a13c5b780f98743ef.exe,52400,68,1,0,0,0,0.014705882352941176,executable,1,0,0,0,0,1,1,0,0,0,9,6.037214610532068,5.218638920630921,0.399675572519084,0.28818702290076337,256,20,1,1,0,0,0,1,1,0,0,0,0,0.0,0
benign,75d348a3330bc527b2b2ff8a0789f711bd51461126f8df0c0aa1647e9d976809.exe,data\raw\benign\75d348a3330bc527b2b2ff8a0789f711bd51461126f8df0c0aa1647e9d976809.exe,223744,68,1,0,0,0,0.014705882352941176,executable,1,0,0,0,0,1,1,0,0,0,4,6.556309275249093,5.675805895086552,0.35116025457665906,0.1686570366132723,256,0,0,0,0,0,0,0,0,0,0,0,0,0.0,0
benign,76098cc2969c4a090fba5c863bb3bb52b5ce88bee46da9d46aab0252affa0744.exe,data\raw\benign\76098cc2969c4a090fba5c863bb3bb52b5ce88bee46da9d46aab0252affa0744.exe,16896,68,1,0,0,0,0.014705882352941176,executable,1,0,0,0,0,1,1,0,0,0,9,4.960648342512779,5.251237606602557,0.29261363636363635,0.4258404356060606,255,0,0,0,0,0,0,0,0,0,0,0,0,0.0,0
benign,7637ebd20f2b197995d6876d3cd4b01479614f5c0859bf8466b1ec956c6b1993.exe,data\raw\benign\7637ebd20f2b197995d6876d3cd4b01479614f5c0859bf8466b1ec956c6b1993.exe,42464,68,1,0,0,0,0.014705882352941176,executable,1,0,0,0,0,1,1,0,0,0,9,6.0614869458639165,5.279558577927404,0.39812547098718915,0.28826770911831195,256,20,1,0,0,0,0,0,0,0,0,0,0,0.0,0
benign,7658b34b60b7762b6f7e3800ba71eb37a7ea1abe59bdf5ff645c7dbe954b0138.exe,data\raw\benign\7658b34b60b7762b6f7e3800ba71eb37a7ea1abe59bdf5ff645c7dbe954b0138.exe,40112,68,1,0,0,0,0.014705882352941176,executable,1,0,0,0,0,1,1,0,0,0,1,6.247143857547957,5.278996763808249,0.5143597925807738,0.22771240526525727,256,16,4,2,0,0,0,2,2,0,0,0,0,0.0,0
benign,7690b3f141152e6bebf78096aeb63413b8bf76f7c9bb09f70e1759705de79b34.exe,data\raw\benign\7690b3f141152e6bebf78096aeb63413b8bf76f7c9bb09f70e1759705de79b34.exe,563200,68,1,0,0,0,0.014705882352941176,executable,1,0,0,0,0,1,1,0,0,0,0,6.468501679339875,5.285576328207961,0.33232421875,0.14785333806818182,256,0,0,1,1,0,0,1,2,0,0,0,0,0.0,0
benign,769b372eeb56fcbd790a01ee345f20c31912f71d59d4d9fd0d22f6d9898c679e.exe,data\raw\benign\769b372eeb56fcbd790a01ee345f20c31912f71d59d4d9fd0d22f6d9898c679e.exe,159232,68,1,0,0,0,0.014705882352941176,executable,1,0,0,0,0,1,1,0,0,0,10,5.717925378871312,5.2522088840228145,0.3196279642282958,0.24149668408360128,256,0,0,0,0,0,0,0,0,0,0,0,0,0.0,0
benign,76a686c76bdd27776c9180097d5129f88672a1b206c8fdcb88cb5cb03e61c2aa.exe,data\raw\benign\76a686c76bdd27776c9180097d5129f88672a1b206c8fdcb88cb5cb03e61c2aa.exe,3285360,68,1,0,0,0,0.014705882352941176,executable,1,0,0,0,0,1,1,0,0,0,407,6.877549105907659,4.5875064798330145,0.40369639856819345,0.10539514695497601,256,147,219,0,0,0,0,0,0,0,0,0,0,0.0,0
benign,76fe3c60788550dde172e3722a624f1407890e3cc39895f9dc233d0e0cc5e566.ole,data\raw\benign\76fe3c60788550dde172e3722a624f1407890e3cc39895f9dc233d0e0cc5e566.ole,10898,68,0,0,0,0,0.014705882352941176,unknown,0,0,0,0,1,1,0,0,0,0,11,6.968222844370516,6.113908288383168,0.3208845659754083,0.2156358964947697,256,0,0,0,0,0,0,0,0,0,0,0,0,0.0,0
benign,776120defe19d7d4b09479b31c04185fa2772e379473e10331788d96dd8cb8fe.exe,data\raw\benign\776120defe19d7d4b09479b31c04185fa2772e379473e10331788d96dd8cb8fe.exe,104128,68,1,0,0,0,0.014705882352941176,executable,1,0,0,0,0,1,1,0,0,0,14,6.412770162940549,5.482978644826701,0.3482060540872772,0.20560271972956362,256,15,2,1,0,0,0,1,1,0,0,0,0,0.0,0
benign,77a515e1386c93a5d4279ba333c7f5913cdbaf0c93fa53a3d20d28883583aa96.exe,data\raw\benign\77a515e1386c93a5d4279ba333c7f5913cdbaf0c93fa53a3d20d28883583aa96.exe,33792,68,1,0,0,0,0.014705882352941176,executable,1,0,0,0,0,1,1,0,0,0,3,6.09002610615412,4.4656602574076105,0.3389263731060606,0.24248342803030304,256,0,1,0,0,0,0,0,0,0,0,0,0,0.0,0
benign,77e5a7191c67661016b9724de27702246421684e21fe203db08c3484ab36c30d.exe,data\raw\benign\77e5a7191c67661016b9724de27702246421684e21fe203db08c3484ab36c30d.exe,71008,68,1,0,0,0,0.014705882352941176,executable,1,0,0,0,0,1,1,0,0,0,0,6.738827339931504,5.768129577919733,0.3754647363677332,0.19420347003154576,256,8,2,0,0,0,0,0,0,0,0,0,0,0.0,0
benign,782594ad768b6b36da400e33b9251dbf88b3eb7c3037292259409643191527b0.exe,data\raw\benign\782594ad768b6b36da400e33b9251dbf88b3eb7c3037292259409643191527b0.exe,572416,68,1,0,0,0,0.014705882352941176,executable,1,0,0,0,0,1,1,0,0,0,9,6.497697374726072,5.764435389481894,0.3811511208631485,0.23056134000447226,256,0,170,0,0,0,0,0,0,0,0,0,0,0.0,0
benign,78bdea8d1723fdce0295004b6d4de388ac42da4238f8af627c9db7e62865885e.exe,data\raw\benign\78bdea8d1723fdce0295004b6d4de388ac42da4238f8af627c9db7e62865885e.exe,48128,68,1,0,0,0,0.014705882352941176,executable,1,0,0,0,0,1,1,0,0,0,3,6.116327463599499,5.799338759199369,0.3643824800531915,0.23265043218085107,256,0,1,0,0,0,0,0,0,0,0,0,0,0.0,0
benign,78dc236cc76e06c9aa253cb95dc297eedb63e4dd1b98335b6cdaa64ce4b1056c.exe,data\raw\benign\78dc236cc76e06c9aa253cb95dc297eedb63e4dd1b98335b6cdaa64ce4b1056c.exe,25088,68,1,0,0,0,0.014705882352941176,executable,1,0,0,0,0,1,1,0,0,0,9,5.288307568521802,5.223551413715006,0.46627869897959184,0.3210299744897959,256,1,0,0,0,0,0,0,0,0,0,0,0,0.0,0
benign,78e599cb3c1050cc1c4dde26607634af8c56232fcfa744705ba83f689b68a4d2.exe,data\raw\benign\78e599cb3c1050cc1c4dde26607634af8c56232fcfa744705ba83f689b68a4d2.exe,290544,68,1,0,0,0,0.014705882352941176,executable,1,0,0,0,0,1,1,0,0,0,2,6.166522568241166,5.247258603076677,0.34338688804449585,0.2232605044330635,256,14,0,2,1,0,0,2,3,0,0,0,0,0.0,0
benign,79d27b57b5e2128fb96b229198fff3be95816d4495d26d512ec27cfd7406d0b5.exe,data\raw\benign\79d27b57b5e2128fb96b229198fff3be95816d4495d26d512ec27cfd7406d0b5.exe,43952,68,1,0,0,0,0.014705882352941176,executable,1,0,0,0,0,1,1,0,0,0,9,6.078991338253036,5.457464490253945,0.39449854386603567,0.28674463050600657,256,20,1,0,0,0,0,0,0,0,0,0,0,0.0,0
benign,7a6607db7115cddee32040a3a26f693de4c7aa57059c4476c3849d66ea145f61.exe,data\raw\benign\7a6607db7115cddee32040a3a26f693de4c7aa57059c4476c3849d66ea145f61.exe,21504,68,1,0,0,0,0.014705882352941176,executable,1,0,0,0,0,1,1,0,0,0,0,6.028842567575082,5.340535421124767,0.3460286458333333,0.21833147321428573,252,1,0,0,0,0,0,0,0,0,0,0,0,0.0,0
benign,7a8cc5e06b39affec26b3f1bcaae3fae4a3c35aac0d2b5d0ae0509e9d1f06090.exe,data\raw\benign\7a8cc5e06b39affec26b3f1bcaae3fae4a3c35aac0d2b5d0ae0509e9d1f06090.exe,34816,68,1,0,0,0,0.014705882352941176,executable,1,0,0,0,0,1,1,0,0,0,3,5.8689316092207475,5.658727852052804,0.3984375,0.2736960018382353,256,0,2,0,0,0,0,0,0,0,0,0,0,0.0,0
benign,7ab4a27812e54a0a4ab0a952707f4e185eefe67c5466e9c47d578056e5dfcdda.exe,data\raw\benign\7ab4a27812e54a0a4ab0a952707f4e185eefe67c5466e9c47d578056e5dfcdda.exe,107520,68,1,0,0,0,0.014705882352941176,executable,1,0,0,0,0,1,1,0,0,0,0,6.437993831423029,5.443174570423584,0.28100818452380955,0.1421688988095238,256,3,0,0,0,0,0,0,0,0,0,0,0,0.0,0
benign,7b6a2c47f68bdabc73a7dc13ffc5d8c241419161c13f88f85de0e4ab5e5ca7f2.exe,data\raw\benign\7b6a2c47f68bdabc73a7dc13ffc5d8c241419161c13f88f85de0e4ab5e5ca7f2.exe,354256,68,1,0,0,0,0.014705882352941176,executable,1,0,0,0,0,1,1,0,0,0,3,6.19524499630897,5.744526634968003,0.32868321214037305,0.21819249356397633,256,16,1,0,0,0,0,0,0,0,0,0,0,0.0,0
benign,7bcdc2e607abc65ef93afd009c3048970d9e8d1c2a18fc571562396b13ebb301.exe,data\raw\benign\7bcdc2e607abc65ef93afd009c3048970d9e8d1c2a18fc571562396b13ebb301.exe,68096,68,1,0,0,0,0.014705882352941176,executable,1,0,0,0,0,1,1,0,0,0,0,6.328046551801531,4.709511824565643,0.3512687969924812,0.21659128289473684,256,0,0,0,0,0,0,0,0,0,0,0,0,0.0,0
benign,7bede57bc7d5e493a892bf339f23bbcd24c87eb460de7343b6cd068fcba9e3c3.exe,data\raw\benign\7bede57bc7d5e493a892bf339f23bbcd24c87eb460de7343b6cd068fcba9e3c3.exe,460288,68,1,0,0,0,0.014705882352941176,executable,1,0,0,0,0,1,1,0,0,0,10,6.506695524694738,5.097398612164802,0.4317535977474972,0.15077733940489432,256,1,0,0,0,1,0,0,1,0,0,0,0,0.0,0
benign,7c21cbd810ced68cb67605ca5d450b479c4e9c75c6c17b893308a3086bc17b0b.exe,data\raw\benign\7c21cbd810ced68cb67605ca5d450b479c4e9c75c6c17b893308a3086bc17b0b.exe,38720,68,1,0,0,0,0.014705882352941176,executable,1,0,0,0,0,1,1,0,0,0,1,5.102832113664368,0.42326160836094834,0.42141012396694216,0.39457644628099175,256,5,3,0,0,0,0,0,0,0,0,0,0,0.0,0
benign,7c2d18e6f7d03a7a94251043ac6f5a46e61586a34d1176e6192e2be2967c3a8b.exe,data\raw\benign\7c2d18e6f7d03a7a94251043ac6f5a46e61586a34d1176e6192e2be2967c3a8b.exe,59392,68,1,0,0,0,0.014705882352941176,executable,1,0,0,0,0,1,1,0,0,0,4,6.247115527914293,5.3008678805290845,0.2425074084051724,0.27488550646551724,256,0,1,0,0,0,0,0,0,0,0,0,0,0.0,0
benign,7c7543e0da2da1296bb6246321fb7139f87632762a26ca5614a342fffd16816a.exe,data\raw\benign\7c7543e0da2da1296bb6246321fb7139f87632762a26ca5614a342fffd16816a.exe,38912,68,1,0,0,0,0.014705882352941176,executable,1,0,0,0,0,1,1,0,0,0,0,6.287078908205161,5.498781799549416,0.3542351973684211,0.16863692434210525,256,1,0,0,0,0,0,0,0,0,0,0,0,0.0,0
benign,7cb7866c3e824b4c7c63b32d5d558b211c9dff1f1aa01f048393eb154020c7e6.exe,data\raw\benign\7cb7866c3e824b4c7c63b32d5d558b211c9dff1f1aa01f048393eb154020c7e6.exe,52680,68,1,0,0,0,0.014705882352941176,executable,1,0,0,0,0,1,1,0,0,0,3,6.856686716729924,4.90021744751574,0.4297266514806378,0.1525816249050873,256,18,1,0,0,0,0,0,0,0,0,0,0,0.0,0
benign,7cf512d74a58fe94c5662f4ee208ae10b04a48fc5473fc8785624b6887befd20.exe,data\raw\benign\7cf512d74a58fe94c5662f4ee208ae10b04a48fc5473fc8785624b6887befd20.exe,208576,68,1,0,0,0,0.014705882352941176,executable,1,0,0,0,0,1,1,0,0,0,2,6.4119143932093,0.7846722914683669,0.3437308223381405,0.1934163086836453,256,15,1,1,1,0,0,1,2,0,0,0,0,0.0,0
benign,7e56506cd9ec76b0ea14352b8cf804b7444408d8745c4ed755e7fca51d757e3b.ole,data\raw\benign\7e56506cd9ec76b0ea14352b8cf804b7444408d8745c4ed755e7fca51d757e3b.ole,75526,68,0,0,0,0,0.014705882352941176,unknown,0,0,0,0,1,1,0,0,0,0,26,7.817389835201833,6.2191974591019274,0.3569631650027805,0.06438842252998968,256,0,0,0,0,0,0,0,0,0,0,0,0,0.0,0
benign,7e9026b8987b75e86652ba7facf088180413c6d1434eeed09fe7b721d04ee080.exe,data\raw\benign\7e9026b8987b75e86652ba7facf088180413c6d1434eeed09fe7b721d04ee080.exe,474312,68,1,0,0,0,0.014705882352941176,executable,1,0,0,0,0,1,1,0,0,0,3,3.9679602589326093,5.869792575073757,0.2546382971546155,0.35079863043734927,256,16,2,1,0,0,0,1,1,0,0,0,0,0.0,0
benign,7eef714fc5db03b3f45f8e2226e4c3876864f2baa13ca1730324147ca6957c96.exe,data\raw\benign\7eef714fc5db03b3f45f8e2226e4c3876864f2baa13ca1730324147ca6957c96.exe,112584,68,1,0,0,0,0.014705882352941176,executable,1,0,0,0,0,1,1,0,0,0,9,6.02388955325889,5.559388827620242,0.3882612094080864,0.27237440488879416,256,20,1,0,0,0,0,0,0,0,0,0,0,0.0,0
benign,7efacea841e47881128005d46fb5935088cd2f771124aff1d822be9f21a0954b.exe,data\raw\benign\7efacea841e47881128005d46fb5935088cd2f771124aff1d822be9f21a0954b.exe,70096,68,1,0,0,0,0.014705882352941176,executable,1,0,0,0,0,1,1,0,0,0,2,5.67571416203015,5.356796340931923,0.5090162063455832,0.29789146313627024,256,18,6,2,0,0,0,2,2,0,0,0,0,0.0,0
benign,7f55070a0cc197156894cc6fd3ea883025550b99f8c6df77a1d26f06f82a0ee7.ole,data\raw\benign\7f55070a0cc197156894cc6fd3ea883025550b99f8c6df77a1d26f06f82a0ee7.ole,2417528,68,0,0,0,0,0.014705882352941176,unknown,0,0,0,0,1,1,0,0,0,0,223,7.927525666026133,6.417880213800782,0.3731783044498347,0.024112647299224663,256,98,0,0,0,0,0,0,0,0,0,0,0,0.0,0
benign,7f68708a415404b0247e00e2a51cf6d9e28f61fc9accb93b46d3c9bdc05ad370.exe,data\raw\benign\7f68708a415404b0247e00e2a51cf6d9e28f61fc9accb93b46d3c9bdc05ad370.exe,93384,68,1,0,0,0,0.014705882352941176,executable,1,0,0,0,0,1,1,0,0,0,3,6.452023055025718,5.782441496237188,0.30763299922898996,0.23192409834661185,256,16,1,1,0,0,0,1,1,0,0,0,0,0.0,0
benign,7f98f833fab3cbae22783a129d68a437556210f0e824cfec857999af7268989b.exe,data\raw\benign\7f98f833fab3cbae22783a129d68a437556210f0e824cfec857999af7268989b.exe,63528,68,1,0,0,0,0.014705882352941176,executable,1,0,0,0,0,1,1,0,0,0,9,6.15427429322789,5.406488912334933,0.38932439239390504,0.2692356126432439,256,20,1,0,0,0,0,0,0,0,0,0,0,0.0,0
benign,7fbdca56ddc65972ff22388b31d87a3fc2da0b0ca44cfbcab3467e54a6fbdc30.exe,data\raw\benign\7fbdca56ddc65972ff22388b31d87a3fc2da0b0ca44cfbcab3467e54a6fbdc30.exe,42200,68,1,0,0,0,0.014705882352941176,executable,1,0,0,0,0,1,1,0,0,0,2,6.348089802800725,5.761052651170964,0.349478672985782,0.24255924170616114,256,13,0,1,0,0,0,1,1,0,0,0,0,0.0,0
benign,7fd2d6334786adf1849a096e5709201f708cf981273fa2179b293871be4f3408.exe,data\raw\benign\7fd2d6334786adf1849a096e5709201f708cf981273fa2179b293871be4f3408.exe,39936,68,1,0,0,0,0.014705882352941176,executable,1,0,0,0,0,1,1,0,0,0,3,5.748181871892877,5.655871541822271,0.3659354967948718,0.28673377403846156,256,0,0,0,0,0,0,0,0,0,0,0,0,0.0,0
benign,8000b908e67e565d8dfe7a968e0faebc0fac232e9c964173d8ff770f89da95d1.exe,data\raw\benign\8000b908e67e565d8dfe7a968e0faebc0fac232e9c964173d8ff770f89da95d1.exe,76200,68,1,0,0,0,0.014705882352941176,executable,1,0,0,0,0,1,1,0,0,0,2,6.258681189885105,5.574006173199931,0.2751574803149606,0.23797900262467192,256,13,0,0,0,0,0,0,0,0,0,0,0,0.0,0
benign,80730d31243d7a31e7f6796aae2ad2168ab8201ad4800f632abc0239b35d04fe.ole,data\raw\benign\80730d31243d7a31e7f6796aae2ad2168ab8201ad4800f632abc0239b35d04fe.ole,9247,68,0,0,0,0,0.014705882352941176,unknown,0,0,0,0,1,1,0,0,0,0,9,7.81789577271774,7.905181525898429,0.3781767059586893,0.05180058397318049,256,0,0,0,0,0,0,0,0,0,0,0,0,0.0,0
benign,808004d8cffa5ce5c2f28f029f8dac627b87b73b8de99e7cdd734094fa2bc584.exe,data\raw\benign\808004d8cffa5ce5c2f28f029f8dac627b87b73b8de99e7cdd734094fa2bc584.exe,56832,68,1,0,0,0,0.014705882352941176,executable,1,0,0,0,0,1,1,0,0,0,3,4.778700152032814,5.567830562920841,0.27215301238738737,0.46269707207207206,256,0,0,0,0,0,0,0,0,0,0,0,0,0.0,0
benign,809bb93af12ab0735cb76578c0cf7014cc84fadfcbf2a0daad5a73a239d94441.exe,data\raw\benign\809bb93af12ab0735cb76578c0cf7014cc84fadfcbf2a0daad5a73a239d94441.exe,35272,68,1,0,0,0,0.014705882352941176,executable,1,0,0,0,0,1,1,0,0,0,1,6.214868483958309,5.639263484980352,0.4017067362213654,0.215440009072352,256,17,2,2,0,0,0,2,2,0,0,0,0,0.0,0
benign,80d3d281ab93307f50f069426f8ddd133456a2d5b7ea8aa84e2fc63ffa96d630.exe,data\raw\benign\80d3d281ab93307f50f069426f8ddd133456a2d5b7ea8aa84e2fc63ffa96d630.exe,313256,68,1,0,0,0,0.014705882352941176,executable,1,0,0,0,0,1,1,0,0,0,2,6.279580883234138,5.471739708486961,0.32531858926884083,0.21919771688331588,256,13,5,0,0,0,0,0,0,0,0,0,0,0.0,0
benign,80dba21d296487359f1eabfcd5c05aab49c087373e11436b07fb1fd8bebc0928.ole,data\raw\benign\80dba21d296487359f1eabfcd5c05aab49c087373e11436b07fb1fd8bebc0928.ole,75776,68,0,0,0,0,0.014705882352941176,unknown,0,0,0,0,1,0,0,0,0,0,0,4.7356485815708,4.252583292627975,0.3803051097972973,0.4272724873310811,255,44,0,0,0,0,0,0,0,0,0,0,0,0.0,0
benign,81b6faa1158f04f1c6ea4eb5f7cd446f51076a30f9ab03d31872453689a200ee.exe,data\raw\benign\81b6faa1158f04f1c6ea4eb5f7cd446f51076a30f9ab03d31872453689a200ee.exe,55776,68,1,0,0,0,0.014705882352941176,executable,1,0,0,0,0,1,1,0,0,0,3,6.095056883427377,5.422009341687603,0.37076878944348823,0.24799196787148595,256,10,2,0,0,0,0,0,0,0,0,0,0,0.0,0
benign,81c5ffc8bbff3f6b0f2ce30966a4ff8e964b3602343d1746721311336c453be0.exe,data\raw\benign\81c5ffc8bbff3f6b0f2ce30966a4ff8e964b3602343d1746721311336c453be0.exe,180648,68,1,0,0,0,0.014705882352941176,executable,1,0,0,0,0,1,1,0,0,0,3,5.778629541078066,3.765665275054961,0.2581982640272796,0.20002989238740534,256,12,0,1,0,0,0,1,1,0,0,0,0,0.0,0
benign,81c6fb4c2ce61eb6ca4d86f70f2c905a00c814b9fd37fd1ca0ab94a169165a34.exe,data\raw\benign\81c6fb4c2ce61eb6ca4d86f70f2c905a00c814b9fd37fd1ca0ab94a169165a34.exe,57680,68,1,0,0,0,0.014705882352941176,executable,1,0,0,0,0,1,1,0,0,0,9,6.1086816461848725,5.351339344893399,0.3806518723994452,0.2790742024965326,256,20,1,0,0,0,0,0,0,0,0,0,0,0.0,0
benign,82599dba34b4cf08f41cd37b88e261f7480aebd9075fc41e2fbbae81ca3b4b9a.ole,data\raw\benign\82599dba34b4cf08f41cd37b88e261f7480aebd9075fc41e2fbbae81ca3b4b9a.ole,45099,68,0,0,0,0,0.014705882352941176,unknown,0,0,0,0,1,1,0,0,0,0,31,7.218625416940654,6.2521462337382445,0.32180314419388456,0.17645624071487173,256,0,0,0,0,0,0,0,0,0,0,0,0,0.0,0
benign,8263b2fd09374585546353e8b61439dec4fb6e26d547d5ebed7696cab7dc8060.exe,data\raw\benign\8263b2fd09374585546353e8b61439dec4fb6e26d547d5ebed7696cab7dc8060.exe,571232,68,1,0,0,0,0.014705882352941176,executable,1,0,0,0,0,1,1,0,0,0,1,4.757102027494804,2.4514924759700745,0.10610925158254439,0.23932307713853565,256,5,1,1,0,0,0,1,1,0,0,0,0,0.0,0
benign,82712982d5c88201bbccd4f788b59ae9e8164aa39d5415df9c609577b5e15a5b.exe,data\raw\benign\82712982d5c88201bbccd4f788b59ae9e8164aa39d5415df9c609577b5e15a5b.exe,56176,68,1,0,0,0,0.014705882352941176,executable,1,0,0,0,0,1,1,0,0,0,9,6.208213912320846,5.741578317256985,0.3966818570207918,0.2597016519510111,256,20,1,0,0,0,0,0,0,0,0,0,0,0.0,0
benign,827c8b3a6a54056b200d288c60b29c59e4f67dd9144e96ac79ebc79ece4f4997.exe,data\raw\benign\827c8b3a6a54056b200d288c60b29c59e4f67dd9144e96ac79ebc79ece4f4997.exe,16896,68,1,0,0,0,0.014705882352941176,executable,1,0,0,0,0,1,1,0,0,0,9,4.814791066544689,5.229534331468057,0.26911695075757575,0.44874526515151514,254,0,0,0,0,0,0,0,0,0,0,0,0,0.0,0
benign,829143bf8437b121fdaa057445c15d0d52a33db4e032a172e62ac5bb07493c23.exe,data\raw\benign\829143bf8437b121fdaa057445c15d0d52a33db4e032a172e62ac5bb07493c23.exe,126484,68,1,0,0,0,0.014705882352941176,executable,1,0,0,0,0,1,1,0,0,0,0,5.861102879269622,5.032240673669905,0.36441763385092185,0.2760270073685209,256,0,0,0,0,0,0,0,0,0,0,0,0,0.0,0
benign,8298cafe8d696c08acb1d7d2b1171c9f7fed918bc92037b6e31e37082fc26c3d.ole,data\raw\benign\8298cafe8d696c08acb1d7d2b1171c9f7fed918bc92037b6e31e37082fc26c3d.ole,247296,68,0,0,0,0,0.014705882352941176,unknown,0,0,0,0,1,0,0,0,0,0,13,2.4433306407655704,3.8248074156467853,0.042220658643892336,0.09547667572463768,256,6,0,0,0,0,0,0,0,0,0,0,0,0.0,0
benign,82de969474a42b8180214095219fa488c130e7599e00a472b05f4534a469df86.exe,data\raw\benign\82de969474a42b8180214095219fa488c130e7599e00a472b05f4534a469df86.exe,38736,68,1,0,0,0,0.014705882352941176,executable,1,0,0,0,0,1,1,0,0,0,1,4.46643587516818,0.45665715158151937,0.3611111111111111,0.4931588186699711,256,5,3,0,0,0,0,0,0,0,0,0,0,0.0,0
benign,832bdee44d637d7334b3300db73550de552988d6c15af917572eba6b0077770c.exe,data\raw\benign\832bdee44d637d7334b3300db73550de552988d6c15af917572eba6b0077770c.exe,42176,68,1,0,0,0,0.014705882352941176,executable,1,0,0,0,0,1,1,0,0,0,0,6.190450840863582,5.2244776299396225,0.5034853945371776,0.23729135053110773,256,16,2,2,0,0,0,2,2,0,0,0,0,0.0,0
benign,83e40b278674e314ea6f50fd07fda54d109df8ce332a684763d003c8b2a864c2.exe,data\raw\benign\83e40b278674e314ea6f50fd07fda54d109df8ce332a684763d003c8b2a864c2.exe,87517,68,1,0,0,0,0.014705882352941176,executable,1,0,0,0,0,1,1,0,0,0,1,7.239550056912815,5.705289838062659,0.34315618679799353,0.1442462607264874,256,1,1,0,0,0,0,0,0,0,0,0,0,0.0,0
benign,83f87fd5b2e359fb2f25a012421ab4d11885f0c511840ce568770eb3abad455b.exe,data\raw\benign\83f87fd5b2e359fb2f25a012421ab4d11885f0c511840ce568770eb3abad455b.exe,152008,68,1,0,0,0,0.014705882352941176,executable,1,0,0,0,0,1,1,0,0,0,2,6.099504410603777,4.832750561633914,0.4244776590705752,0.2223304036629651,256,16,113,2,0,0,0,2,2,0,0,0,0,0.0,0
benign,840c32590029366c04f95295e354b811646a3ff15e4561eb7f325c7abde65d87.exe,data\raw\benign\840c32590029366c04f95295e354b811646a3ff15e4561eb7f325c7abde65d87.exe,56288,68,1,0,0,0,0.014705882352941176,executable,1,0,0,0,0,1,1,0,0,0,9,6.0568801472482825,5.179196009945067,0.39967666287663445,0.28524729960204664,256,20,1,0,0,0,0,0,0,0,0,0,0,0.0,0
benign,84a9fc2e2c07213baa97f6bb3f8e21d050705c7fb2144493fd9cb1b805318fce.exe,data\raw\benign\84a9fc2e2c07213baa97f6bb3f8e21d050705c7fb2144493fd9cb1b805318fce.exe,46592,68,1,0,0,0,0.014705882352941176,executable,1,0,0,0,0,1,1,0,0,0,0,6.260344200322889,5.441417134892314,0.3474845467032967,0.18541809752747251,256,1,0,0,0,0,0,0,0,0,0,0,0,0.0,0
benign,852b7a4831b702ec280c32fdcfd3d1cbfe3ab24884207d811933191d5162bf99.exe,data\raw\benign\852b7a4831b702ec280c32fdcfd3d1cbfe3ab24884207d811933191d5162bf99.exe,348672,68,1,0,0,0,0.014705882352941176,executable,1,0,0,0,0,1,1,0,0,0,3,6.397091920183942,5.641607564943622,0.34983308094713655,0.17322010370778268,256,4,0,1,0,0,0,1,1,0,0,0,0,0.0,0
benign,856c9490f1798ed054943aa9aa8f0c28268b9c3ba2bd0e8d1d140d483aaf7be8.exe,data\raw\benign\856c9490f1798ed054943aa9aa8f0c28268b9c3ba2bd0e8d1d140d483aaf7be8.exe,172544,68,1,0,0,0,0.014705882352941176,executable,1,0,0,0,0,1,1,0,0,0,4,6.12876450942981,5.418947432638284,0.44276822143916916,0.2198975333827893,256,0,1,1,0,0,0,1,1,0,0,0,0,0.0,0
benign,857e2db65d56ec90bf7ffd3c51df4e9c577ca6576e399065f3220a5195e1f9bb.exe,data\raw\benign\857e2db65d56ec90bf7ffd3c51df4e9c577ca6576e399065f3220a5195e1f9bb.exe,327528,68,1,0,0,0,0.014705882352941176,executable,1,0,0,0,0,1,1,0,0,0,4,5.107021000295463,5.291611020976918,0.24090459441635526,0.24019320485576806,256,13,1,1,0,0,0,1,1,0,0,0,0,0.0,0
benign,85da776d71387fc7d0db12a3709c4cf8cca0e937cad33398b9d47448154eb92f.exe,data\raw\benign\85da776d71387fc7d0db12a3709c4cf8cca0e937cad33398b9d47448154eb92f.exe,31744,68,1,0,0,0,0.014705882352941176,executable,1,0,0,0,0,1,1,0,0,0,0,6.236279299041612,5.344860765163058,0.33735509072580644,0.1897681451612903,256,1,0,0,0,0,0,0,0,0,0,0,0,0.0,0
benign,85e5b1567f105a9c82956a6e2865594c5dab7b932a4835a927190445ab44ec28.exe,data\raw\benign\85e5b1567f105a9c82956a6e2865594c5dab7b932a4835a927190445ab44ec28.exe,56472,68,1,0,0,0,0.014705882352941176,executable,1,0,0,0,0,1,1,0,0,0,2,6.528777721316685,4.582039761226475,0.37834679133021676,0.18281626292676018,256,7,1,2,0,0,0,2,2,0,0,0,0,0.0,0
benign,85f9d9edd044d2bb88e21c3abf373dc05684068e32ea9b9236cc276cea22f67d.exe,data\raw\benign\85f9d9edd044d2bb88e21c3abf373dc05684068e32ea9b9236cc276cea22f67d.exe,37376,68,1,0,0,0,0.014705882352941176,executable,1,0,0,0,0,1,1,0,0,0,3,5.787681438382025,3.3992136480990625,0.3766588184931507,0.3017711900684932,256,0,1,0,0,0,0,0,0,0,0,0,0,0.0,0
benign,86109cf71b6b9a1d2e74e24a8da1d762eb643ab6bb46cd075757c59d43cf6074.ole,data\raw\benign\86109cf71b6b9a1d2e74e24a8da1d762eb643ab6bb46cd075757c59d43cf6074.ole,47616,68,0,0,0,0,0.014705882352941176,unknown,0,0,0,0,1,0,0,0,0,0,1,3.235243755447031,3.739446307126671,0.15694304435483872,0.6448252688172043,255,1,0,0,0,0,0,0,0,0,0,0,0,0.0,0
benign,86217ca15da106db4f141ecd5ec26dca0cec0ab8d6ca1e03ad154487684e6241.exe,data\raw\benign\86217ca15da106db4f141ecd5ec26dca0cec0ab8d6ca1e03ad154487684e6241.exe,208896,68,1,0,0,0,0.014705882352941176,executable,1,0,0,0,0,1,1,0,0,0,0,6.536536830279851,5.255757386516988,0.31411324295343135,0.13682885263480393,256,2,0,0,0,1,0,0,1,0,0,0,0,0.0,0
benign,865cc9368867ad6bf4ded5d081ae80bf4b41448e2c2d15cf6e5210eff850603c.ole,data\raw\benign\865cc9368867ad6bf4ded5d081ae80bf4b41448e2c2d15cf6e5210eff850603c.ole,60928,68,0,0,0,0,0.014705882352941176,unknown,0,0,0,0,1,0,0,0,0,0,5,4.859537570405688,3.8586176822808054,0.46187303046218486,0.38630842962184875,256,1,0,0,0,0,0,0,0,0,0,0,0,0.0,0
benign,8677154abfcd9590574f243380dc8d62f40588a170fd5bd25711e09584443716.exe,data\raw\benign\8677154abfcd9590574f243380dc8d62f40588a170fd5bd25711e09584443716.exe,49664,68,1,0,0,0,0.014705882352941176,executable,1,0,0,0,0,1,1,0,0,0,0,6.225774512564787,4.990813576844662,0.40045103092783507,0.18484213917525774,256,1,0,0,0,0,0,0,0,0,0,0,0,0.0,0
benign,86c8b86a80e911bb63d7a78b828bf45a02afb5c9ab271906720feeec7c24fe7d.exe,data\raw\benign\86c8b86a80e911bb63d7a78b828bf45a02afb5c9ab271906720feeec7c24fe7d.exe,40024,68,1,0,0,0,0.014705882352941176,executable,1,0,0,0,0,1,1,0,0,0,0,5.3631803775379545,0.4625161776684294,0.35188886667999203,0.3887417549470318,256,18,2,0,0,0,0,0,0,0,0,0,0,0.0,0
benign,86cecb5aaac5dc004f3b4ddceb327be61e5721e971ad0e653762ec3e59850872.exe,data\raw\benign\86cecb5aaac5dc004f3b4ddceb327be61e5721e971ad0e653762ec3e59850872.exe,74056,68,1,0,0,0,0.014705882352941176,executable,1,0,0,0,0,1,1,0,0,0,9,6.18947389024474,5.341589207304375,0.40056173706384357,0.2547396564761802,256,21,1,0,0,0,0,0,0,0,0,0,0,0.0,0
benign,86d5e2c5f6d63b1cee922999a4efbb30f0ec16577e1a2df9ea31eea826b723d7.exe,data\raw\benign\86d5e2c5f6d63b1cee922999a4efbb30f0ec16577e1a2df9ea31eea826b723d7.exe,65536,68,1,0,0,0,0.014705882352941176,executable,1,0,0,0,0,1,1,0,0,0,2,5.747523508418392,5.341366296058203,0.3468475341796875,0.3135986328125,256,1,0,0,0,0,0,0,0,0,0,0,0,0.0,0
benign,86ee28923d4e7255762442fe93f220237197a756182ce320f5f6887b5c7147c5.exe,data\raw\benign\86ee28923d4e7255762442fe93f220237197a756182ce320f5f6887b5c7147c5.exe,91648,68,1,0,0,0,0.014705882352941176,executable,1,0,0,0,0,1,1,0,0,0,3,6.029633003792029,5.594034128086408,0.2696730970670391,0.2841524092178771,256,0,0,1,0,0,0,1,1,0,0,0,0,0.0,0
benign,86f32f026eb0dd6a4d547179e5c0cb326c8c259bd791012e54a6f98455799887.exe,data\raw\benign\86f32f026eb0dd6a4d547179e5c0cb326c8c259bd791012e54a6f98455799887.exe,251160,68,1,0,0,0,0.014705882352941176,executable,1,0,0,0,0,1,1,0,0,0,2,6.371485043372323,5.106476822123152,0.2923594521420608,0.16029224398789615,256,8,0,1,0,0,0,1,1,0,0,0,0,0.0,0
benign,8796df9c55fcbe47516fa1a721a91e14b97a5a056f12803a7195cd43798acd85.exe,data\raw\benign\8796df9c55fcbe47516fa1a721a91e14b97a5a056f12803a7195cd43798acd85.exe,76232,68,1,0,0,0,0.014705882352941176,executable,1,0,0,0,0,1,1,0,0,0,2,6.564734280281463,4.502778512820645,0.3300057718543394,0.1960725154790639,256,18,1,0,0,0,0,0,0,0,0,0,0,0.0,0
benign,87da8b45e2fecaddcdcaca35ea2f6583352344aba7f297c11b0434f39a476056.exe,data\raw\benign\87da8b45e2fecaddcdcaca35ea2f6583352344aba7f297c11b0434f39a476056.exe,66488,68,1,0,0,0,0.014705882352941176,executable,1,0,0,0,0,1,1,0,0,0,9,6.167605014155914,5.521885707877027,0.4008994104199254,0.262543616893274,256,20,1,0,0,0,0,0,0,0,0,0,0,0.0,0
benign,887b441cae08a83b3145bc835307685dcb20ef48edee17fe27afb65fb29c92ce.exe,data\raw\benign\887b441cae08a83b3145bc835307685dcb20ef48edee17fe27afb65fb29c92ce.exe,59288,68,1,0,0,0,0.014705882352941176,executable,1,0,0,0,0,1,1,0,0,0,0,6.172109508315187,5.1354531045322895,0.48331871542301985,0.23121036297395764,256,16,3,2,1,0,0,2,3,0,0,0,0,0.0,0
benign,88e0b47230be821a1794097aa74dd569c2ae2b3c71ce3e1165deb6e8de0447b0.exe,data\raw\benign\88e0b47230be821a1794097aa74dd569c2ae2b3c71ce3e1165deb6e8de0447b0.exe,20992,68,1,0,0,0,0.014705882352941176,executable,1,0,0,0,0,1,1,0,0,0,9,5.028933621095127,4.911990585216639,0.3083079268292683,0.4106326219512195,256,0,0,0,0,0,0,0,0,0,0,0,0,0.0,0
benign,88ec1f01619de1296a93e19cbdf9fd14564217fde42e396c65f278b5a0327a6d.exe,data\raw\benign\88ec1f01619de1296a93e19cbdf9fd14564217fde42e396c65f278b5a0327a6d.exe,64328,68,1,0,0,0,0.014705882352941176,executable,1,0,0,0,0,1,1,0,0,0,9,5.961957706956743,5.106178304739549,0.3968411889068524,0.2944751896530282,256,20,1,0,0,0,0,0,0,0,0,0,0,0.0,0
benign,89441cca04cfaebcacaa194a59d78e1fee62fc3c608704401a2dd1035d71d8de.exe,data\raw\benign\89441cca04cfaebcacaa194a59d78e1fee62fc3c608704401a2dd1035d71d8de.exe,82944,68,1,0,0,0,0.014705882352941176,executable,1,0,0,0,0,1,1,0,0,0,4,7.137147735321362,5.163003403386739,0.28449315200617287,0.17983217592592593,256,1,2,0,0,0,0,0,0,0,0,0,0,0.0,0
benign,894e167a815606bb9bd43a62314f58afa84396be4b86988545c32e39e8f57c01.ole,data\raw\benign\894e167a815606bb9bd43a62314f58afa84396be4b86988545c32e39e8f57c01.ole,818870,68,0,0,0,0,0.014705882352941176,unknown,0,0,0,0,1,1,0,0,0,0,157,7.972770877772912,6.417670193463803,0.3619097048371536,0.017802581606359984,256,0,0,0,1,0,0,0,1,0,0,0,0,0.0,0
benign,89518688079c340bf998dd98e1e1126f4d6e0f12004ec86e59ecbe03df1af648.exe,data\raw\benign\89518688079c340bf998dd98e1e1126f4d6e0f12004ec86e59ecbe03df1af648.exe,342528,68,1,0,0,0,0.014705882352941176,executable,1,0,0,0,0,1,1,0,0,0,3,6.401070918242486,5.6826743136112885,0.3514953522047833,0.17348362761584454,256,4,0,1,0,0,0,1,1,0,0,0,0,0.0,0
benign,895df1d66a5fa1f29d388d3d8ee9cd9f6ecbc51fab75daf17063fc72f20e52ed.exe,data\raw\benign\895df1d66a5fa1f29d388d3d8ee9cd9f6ecbc51fab75daf17063fc72f20e52ed.exe,84992,68,1,0,0,0,0.014705882352941176,executable,1,0,0,0,0,1,1,0,0,0,2,6.516332746465483,5.493063531115838,0.4118975903614458,0.17141613328313254,256,6,1,1,0,0,0,1,1,0,0,0,0,0.0,0
benign,89928b2405dcbcf9a3b2a2350eac872e4188c474527cd4ef61704ab2f17c2b27.exe,data\raw\benign\89928b2405dcbcf9a3b2a2350eac872e4188c474527cd4ef61704ab2f17c2b27.exe,113752,68,1,0,0,0,0.014705882352941176,executable,1,0,0,0,0,1,1,0,0,0,0,5.410387134576389,0.4889271965289599,0.49469899430339687,0.31666256417469585,256,18,5,1,0,0,0,1,1,0,0,0,0,0.0,0
benign,89f4d2249c33ef790f3ff03130161fddc3d4059bb7ae41e662014bd43f0f2106.exe,data\raw\benign\89f4d2249c33ef790f3ff03130161fddc3d4059bb7ae41e662014bd43f0f2106.exe,152008,68,1,0,0,0,0.014705882352941176,executable,1,0,0,0,0,1,1,0,0,0,8,6.125638743008869,5.147688564529645,0.4782050944687122,0.21262696700173675,256,31,42,2,0,0,0,2,2,0,0,0,0,0.0,0
benign,8a003a2f25c4d464c9123cae4467afd4b50cc05287b370c53494c472bfbc8b48.exe,data\raw\benign\8a003a2f25c4d464c9123cae4467afd4b50cc05287b370c53494c472bfbc8b48.exe,48640,68,1,0,0,0,0.014705882352941176,executable,1,0,0,0,0,1,1,0,0,0,3,5.959315513296106,5.466406498668521,0.3411595394736842,0.24782072368421051,256,1,1,0,0,0,0,0,0,0,0,0,0,0.0,0
benign,8aaf7e97960e9bc08487682382b2dc6b3b290b0d120855353b893e453cdc4326.exe,data\raw\benign\8aaf7e97960e9bc08487682382b2dc6b3b290b0d120855353b893e453cdc4326.exe,177152,68,1,0,0,0,0.014705882352941176,executable,1,0,0,0,0,1,1,0,0,0,9,5.736073931118291,4.918491769634869,0.3130419075144509,0.243508399566474,256,0,0,0,0,0,0,0,0,0,0,0,0,0.0,0
benign,8ac39a906e4abe5d8c59f177c5ab92118f32fe0935c625a15a99df05998c381a.exe,data\raw\benign\8ac39a906e4abe5d8c59f177c5ab92118f32fe0935c625a15a99df05998c381a.exe,51552,68,1,0,0,0,0.014705882352941176,executable,1,0,0,0,0,1,1,0,0,0,9,6.035640922618173,5.442018662746702,0.39404872749844816,0.28976567349472376,256,20,1,0,0,0,0,0,0,0,0,0,0,0.0,0
benign,8ae7d639819eec269bfa71ebb97af5aca69ea050b546d3330ed1f17965c2d3eb.exe,data\raw\benign\8ae7d639819eec269bfa71ebb97af5aca69ea050b546d3330ed1f17965c2d3eb.exe,44016,68,1,0,0,0,0.014705882352941176,executable,1,0,0,0,0,1,1,0,0,0,9,6.069762190143429,5.2053783876180555,0.386836604870956,0.29116684841875684,256,20,1,0,0,0,0,0,0,0,0,0,0,0.0,0
benign,8b2bd52e65fa66c795b1b91b06a3c178d94351b5cd63a98ff6eea6f8b3405f26.exe,data\raw\benign\8b2bd52e65fa66c795b1b91b06a3c178d94351b5cd63a98ff6eea6f8b3405f26.exe,21504,68,1,0,0,0,0.014705882352941176,executable,1,0,0,0,0,1,1,0,0,0,0,6.044011384558509,5.453605325206041,0.33189174107142855,0.2171688988095238,253,1,0,0,0,0,0,0,0,0,0,0,0,0.0,0
benign,8b42292720589ce90e3d4b6d2eed1dab9f8f46827bf424975901902ccb6441ad.exe,data\raw\benign\8b42292720589ce90e3d4b6d2eed1dab9f8f46827bf424975901902ccb6441ad.exe,108032,68,1,0,0,0,0.014705882352941176,executable,1,0,0,0,0,1,1,0,0,0,9,6.004319905355785,5.556271082885369,0.3338177577014218,0.25275844194312796,256,1,1,0,0,0,0,0,0,0,0,0,0,0.0,0
benign,8b658db99f95a84d2dade78aeccec5be93b25392ffc80f78b457c3523827e7d2.exe,data\raw\benign\8b658db99f95a84d2dade78aeccec5be93b25392ffc80f78b457c3523827e7d2.exe,43392,68,1,0,0,0,0.014705882352941176,executable,1,0,0,0,0,1,1,0,0,0,9,6.275429638695179,5.293149819577579,0.41553742625368734,0.24163440265486727,256,19,0,0,1,0,0,0,1,0,0,0,0,0.0,0
benign,8b8716f706607fc8f3012e6ec850a4c5dbe985be0f572d7279cf89466c756c59.ole,data\raw\benign\8b8716f706607fc8f3012e6ec850a4c5dbe985be0f572d7279cf89466c756c59.ole,46770,68,0,0,0,0,0.014705882352941176,unknown,0,0,0,0,1,1,0,0,0,0,35,7.620744791745742,6.446686552550034,0.3563395338892452,0.10384862091084028,256,0,0,0,0,0,0,0,0,0,0,0,0,0.0,0
benign,8baaee3f0699d15a860e283880baebca72912df873c5b00fdf4d55c84ad06de7.exe,data\raw\benign\8baaee3f0699d15a860e283880baebca72912df873c5b00fdf4d55c84ad06de7.exe,34248,68,1,0,0,0,0.014705882352941176,executable,1,0,0,0,0,1,1,0,0,0,3,6.66858296188846,5.253042876447548,0.4040527914038776,0.20059565522074282,256,18,0,0,0,0,0,0,0,0,0,0,0,0.0,0
benign,8bc26373fc7a9bbdd4bcab1227d76970d25c070589dd24415c3c3a8fb02f6f8e.exe,data\raw\benign\8bc26373fc7a9bbdd4bcab1227d76970d25c070589dd24415c3c3a8fb02f6f8e.exe,30640,68,1,0,0,0,0.014705882352941176,executable,1,0,0,0,0,1,1,0,0,0,0,6.647614496042865,6.213543631628821,0.3296671018276762,0.11654699738903394,256,0,0,0,0,0,0,0,0,0,0,0,0,0.0,0
benign,8bc53c486cba7fca5ffe4dd43976cbaac6bfb24acc95d23da5ad5bc0e0689a3e.exe,data\raw\benign\8bc53c486cba7fca5ffe4dd43976cbaac6bfb24acc95d23da5ad5bc0e0689a3e.exe,109656,68,1,0,0,0,0.014705882352941176,executable,1,0,0,0,0,1,1,0,0,0,0,5.534980222647676,0.4893197087478475,0.4040727365579631,0.3423250893703947,256,18,2,0,0,0,0,0,0,0,0,0,0,0.0,0
benign,8c1f31d4cfe5f5a1a9f0890ea583faaea500956b79249e7ed689ce90300b8ba4.ole,data\raw\benign\8c1f31d4cfe5f5a1a9f0890ea583faaea500956b79249e7ed689ce90300b8ba4.ole,33280,68,0,0,0,0,0.014705882352941176,unknown,0,0,0,0,1,0,0,0,0,0,0,3.7264460757076097,3.9883547342886834,0.22689302884615384,0.5741586538461538,246,0,0,0,0,0,0,0,0,0,0,0,0,0.0,0
benign,8c3f76c2e9ee36bffbbdd67dfbb67c5823051f42f4cd3f2ce47771e28973790b.exe,data\raw\benign\8c3f76c2e9ee36bffbbdd67dfbb67c5823051f42f4cd3f2ce47771e28973790b.exe,72432,68,1,0,0,0,0.014705882352941176,executable,1,0,0,0,0,1,1,0,0,0,9,6.109889147590977,5.172176670830208,0.4008173183123481,0.26798928650320303,256,20,1,0,0,0,0,0,0,0,0,0,0,0.0,0
benign,8c953a78a471f5ed443a422f015d19ae58ad382a4383825b3c375e861cf25c33.exe,data\raw\benign\8c953a78a471f5ed443a422f015d19ae58ad382a4383825b3c375e861cf25c33.exe,47240,68,1,0,0,0,0.014705882352941176,executable,1,0,0,0,0,1,1,0,0,0,10,6.061242962820798,5.180957671122321,0.39633784928027094,0.28621930567315834,256,20,1,0,0,0,0,0,0,0,0,0,0,0.0,0
benign,8ca3475c4ea7f68cf9404ae41b3bcff001cc48e0ef4b0cb73ca9e1b7972e5a83.exe,data\raw\benign\8ca3475c4ea7f68cf9404ae41b3bcff001cc48e0ef4b0cb73ca9e1b7972e5a83.exe,38912,68,1,0,0,0,0.014705882352941176,executable,1,0,0,0,0,1,1,0,0,0,3,5.62195053581249,5.460451484389706,0.34536903782894735,0.3158922697368421,256,0,1,0,0,0,0,0,0,0,0,0,0,0.0,0
benign,8cf5d337ce3239c379a6f64b6018fb5bf2d39ef7f48d813c1c882f5a239703ce.exe,data\raw\benign\8cf5d337ce3239c379a6f64b6018fb5bf2d39ef7f48d813c1c882f5a239703ce.exe,71872,68,1,0,0,0,0.014705882352941176,executable,1,0,0,0,0,1,1,0,0,0,2,6.371319638277227,5.7077516012731575,0.33918633125556547,0.22329975512021372,256,14,1,0,0,0,0,0,0,0,0,0,0,0.0,0
benign,8cfb55087fa8e4c1e7bcc580d767cf2c884c1b8c890ad240c1e7009810af6736.exe,data\raw\benign\8cfb55087fa8e4c1e7bcc580d767cf2c884c1b8c890ad240c1e7009810af6736.exe,1422168,68,1,0,0,0,0.014705882352941176,executable,1,0,0,0,0,1,1,0,0,0,13,5.910237374197161,5.336276362167414,0.1496827379043826,0.22948484285963403,256,6,0,1,0,0,0,1,1,0,0,0,0,0.0,0
benign,8d042a417c37d48336b24ca108669734e259c3298072ee95032ca4ff94928b85.exe,data\raw\benign\8d042a417c37d48336b24ca108669734e259c3298072ee95032ca4ff94928b85.exe,218112,68,1,0,0,0,0.014705882352941176,executable,1,0,0,0,0,1,1,0,0,0,2,6.22583728892894,5.6177467515944,0.3860539539319249,0.16162797095070422,256,0,1,1,0,0,0,1,1,0,0,0,0,0.0,0
benign,8d2e797d19c2988c3a18a7d4fd765c03cf1634df5738be1260586195bf232046.exe,data\raw\benign\8d2e797d19c2988c3a18a7d4fd765c03cf1634df5738be1260586195bf232046.exe,421888,68,1,0,0,0,0.014705882352941176,executable,1,0,0,0,0,1,1,0,0,0,3,6.627871666849027,5.569335860114943,0.3331524006371359,0.15679042779126215,256,2,1,2,1,0,2,2,5,0,0,0,0,0.0,0
benign,8d3e20eec3066ae31bfec63dfc5def83ec3fb788456c18fd6f7cbec9d7689cd3.exe,data\raw\benign\8d3e20eec3066ae31bfec63dfc5def83ec3fb788456c18fd6f7cbec9d7689cd3.exe,72952,68,1,0,0,0,0.014705882352941176,executable,1,0,0,0,0,1,1,0,0,0,9,5.9365656878518065,5.269401022428008,0.41893299703914905,0.2858866103739445,256,20,1,0,0,0,0,0,0,0,0,0,0,0.0,0
benign,8d8491cb71fb375f6509a6521c09f685368530ba2eed68abc8cab2f45828a65e.exe,data\raw\benign\8d8491cb71fb375f6509a6521c09f685368530ba2eed68abc8cab2f45828a65e.exe,686668,68,1,0,0,0,0.014705882352941176,executable,1,0,0,0,0,1,1,0,0,0,5,7.965104788802822,5.59405305337317,0.3662570558115421,0.021490734969446663,256,1,2,0,0,0,0,0,0,0,0,0,0,0.0,0
benign,8ddb2c5204706cb9202b88c7d2e38164673979f7f8f2de8c45447beac254ae0d.ole,data\raw\benign\8ddb2c5204706cb9202b88c7d2e38164673979f7f8f2de8c45447beac254ae0d.ole,263654,68,0,0,0,0,0.014705882352941176,unknown,0,0,0,0,1,1,0,0,0,0,40,7.964247818956738,6.364896392965684,0.3672388812610467,0.020306917399318804,256,0,0,0,0,0,0,0,0,0,0,0,0,0.0,0
benign,8df9747354421c6cabbfabe94bef66f7ce1c5d8b002b4eb749c8534bc544b22d.exe,data\raw\benign\8df9747354421c6cabbfabe94bef66f7ce1c5d8b002b4eb749c8534bc544b22d.exe,451760,68,1,0,0,0,0.014705882352941176,executable,1,0,0,0,0,1,1,0,0,0,2,6.262116096759287,5.78258334533617,0.3479922967947583,0.19303833894103065,256,13,0,3,0,0,0,3,3,0,0,0,0,0.0,0
benign,8e104cc58e62de0eab837ac09b01d30e85f79045cc1803fa2ef4eafbdbd41e8d.exe,data\raw\benign\8e104cc58e62de0eab837ac09b01d30e85f79045cc1803fa2ef4eafbdbd41e8d.exe,187064,68,1,0,0,0,0.014705882352941176,executable,1,0,0,0,0,1,1,0,0,0,1,6.524670201841914,4.830913530891242,0.36642539451738443,0.17939849463285293,256,12,0,0,0,0,0,0,0,0,0,0,0,0.0,0
benign,8e5c8ac9bacfbf9516847f8f6421f408c323065ff4c61d9c0afc22beb7b9833e.exe,data\raw\benign\8e5c8ac9bacfbf9516847f8f6421f408c323065ff4c61d9c0afc22beb7b9833e.exe,39649,68,1,0,0,0,0.014705882352941176,executable,1,0,0,0,0,0,0,0,0,0,0,7.992872378250204,7.930451396243707,0.37279628742212917,0.0059522308254937074,256,0,0,0,0,0,0,0,0,0,0,0,0,0.0,0
benign,8e7eac5013699d34af9b001e61be38b410d98ef661ad11af37b356606eb63799.exe,data\raw\benign\8e7eac5013699d34af9b001e61be38b410d98ef661ad11af37b356606eb63799.exe,549376,68,1,0,0,0,0.014705882352941176,executable,1,0,0,0,0,1,1,0,0,0,10,5.889840869207866,5.590405698788854,0.3726609826421249,0.2583512931034483,256,0,1,1,0,0,0,1,1,0,0,0,0,0.0,0
benign,8e9353fc3c070861eb933c7c33f2d08d7c015496e81b90d48d9ea6d6700ed1ed.exe,data\raw\benign\8e9353fc3c070861eb933c7c33f2d08d7c015496e81b90d48d9ea6d6700ed1ed.exe,51200,68,1,0,0,0,0.014705882352941176,executable,1,0,0,0,0,1,1,0,0,0,3,5.719370552996565,5.73596141291938,0.37078125,0.30025390625,256,0,1,0,0,0,0,0,0,0,0,0,0,0.0,0
benign,8e9dd45d81352c2fe6f6b6ab124ae81d2b6485dba434bd59cfe8ce44f7628b24.exe,data\raw\benign\8e9dd45d81352c2fe6f6b6ab124ae81d2b6485dba434bd59cfe8ce44f7628b24.exe,169048,68,1,0,0,0,0.014705882352941176,executable,1,0,0,0,0,1,1,0,0,0,1,5.9349954098094395,5.273319321418804,0.22384174908901613,0.24497184231697505,256,18,74,0,0,0,0,0,0,0,0,0,0,0.0,0
benign,8eff332ab33fde8c4e9145d620f7d9beabbd7075e46e45bc87167a2c66e604c7.exe,data\raw\benign\8eff332ab33fde8c4e9145d620f7d9beabbd7075e46e45bc87167a2c66e604c7.exe,598872,68,1,0,0,0,0.014705882352941176,executable,1,0,0,0,0,1,1,0,0,0,2,6.057063741781567,5.626263077546262,0.17854900546360492,0.2522993227267262,256,13,1,0,0,0,0,0,0,0,0,0,0,0.0,0
benign,8f03c75dbf16f2b3c9ec82f979072ac746499c950c86e56d655ccc1a943282f3.exe,data\raw\benign\8f03c75dbf16f2b3c9ec82f979072ac746499c950c86e56d655ccc1a943282f3.exe,82104,68,1,0,0,0,0.014705882352941176,executable,1,0,0,0,0,1,1,0,0,0,9,6.80237905094136,5.267118875338809,0.3712364805612394,0.21318084380785346,256,20,1,0,0,0,0,0,0,0,0,0,0,0.0,0
benign,8fe31269d1acd87ef39cde0b6f82a8a5088bb526eb3e43e1adfde86392901490.exe,data\raw\benign\8fe31269d1acd87ef39cde0b6f82a8a5088bb526eb3e43e1adfde86392901490.exe,227328,68,1,0,0,0,0.014705882352941176,executable,1,0,0,0,0,1,1,0,0,0,1,6.4309961398546776,5.35562388727524,0.36367275478603606,0.1365383938626126,256,1,0,0,3,0,0,0,3,0,0,0,0,0.0,0
benign,902a4721ddaba9f6619dd7920a9ed61d3835563adc44d207355feebd71bfa310.exe,data\raw\benign\902a4721ddaba9f6619dd7920a9ed61d3835563adc44d207355feebd71bfa310.exe,970200,68,1,0,0,0,0.014705882352941176,executable,1,0,0,0,0,1,1,0,0,0,7,5.595965368652474,5.614245895057633,0.29958874458874457,0.31353123067408784,256,18,1,1,0,0,0,1,1,0,0,0,0,0.0,0
benign,9044fcea3ce128a94a4bf0da3dbe1b3eb98fb9c1c73c03e281a1dbd1dd10f685.exe,data\raw\benign\9044fcea3ce128a94a4bf0da3dbe1b3eb98fb9c1c73c03e281a1dbd1dd10f685.exe,50208,68,1,0,0,0,0.014705882352941176,executable,1,0,0,0,0,1,1,0,0,0,0,6.4139277899508,5.414950679271904,0.32526688973868706,0.17537045889101338,256,0,0,0,0,0,0,0,0,0,0,0,0,0.0,0
benign,91779f713e033d6d181d1f08e523c1356e3466308f19436fb9ebbc95f9364af0.exe,data\raw\benign\91779f713e033d6d181d1f08e523c1356e3466308f19436fb9ebbc95f9364af0.exe,39936,68,1,0,0,0,0.014705882352941176,executable,1,0,0,0,0,1,1,0,0,0,3,5.80722849803819,5.280424984470444,0.3138020833333333,0.2765925480769231,256,0,1,0,0,0,0,0,0,0,0,0,0,0.0,0
benign,9292535bb8c3fe6006e25781381caff773cfcf64a0ed1ebf58674d3dd8aceaf1.exe,data\raw\benign\9292535bb8c3fe6006e25781381caff773cfcf64a0ed1ebf58674d3dd8aceaf1.exe,50104,68,1,0,0,0,0.014705882352941176,executable,1,0,0,0,0,1,1,0,0,0,9,5.9751111601544356,5.178193988425691,0.4007664058757784,0.2962238543828836,256,20,1,0,0,0,0,0,0,0,0,0,0,0.0,0
benign,92fe8e8d5ebd4aab0c03651a8f0010078ac689eb32abdcef5902ad976e443757.exe,data\raw\benign\92fe8e8d5ebd4aab0c03651a8f0010078ac689eb32abdcef5902ad976e443757.exe,110208,68,1,0,0,0,0.014705882352941176,executable,1,0,0,0,0,1,1,0,0,0,3,5.5741201863925,5.731643207083303,0.28702090592334495,0.25656939605110335,256,11,2,0,1,0,0,0,1,0,0,0,0,0.0,0
benign,9368943831a6e1c8934f9d979c8af44f509a698345a1b20263bc0da7ab311ad3.exe,data\raw\benign\9368943831a6e1c8934f9d979c8af44f509a698345a1b20263bc0da7ab311ad3.exe,66560,68,1,0,0,0,0.014705882352941176,executable,1,0,0,0,0,1,1,0,0,0,4,4.92140953264489,5.511539266057351,0.2565204326923077,0.3690655048076923,256,2,2,0,0,0,0,0,0,0,0,0,0,0.0,0
benign,938de7d3393c83382e8535845c6849fa227205458d074703691df2f50ec2d86d.ole,data\raw\benign\938de7d3393c83382e8535845c6849fa227205458d074703691df2f50ec2d86d.ole,2634324,68,0,0,0,0,0.014705882352941176,unknown,0,0,0,0,1,1,0,0,0,0,278,7.967936717148899,6.488436479879446,0.35910920600503204,0.01733158108114264,256,6,0,1,1,0,0,1,2,0,0,0,0,0.0,0
benign,9578342358ff79b911163d709a9dc19cad65102a33405db7f97d6f26322866bd.exe,data\raw\benign\9578342358ff79b911163d709a9dc19cad65102a33405db7f97d6f26322866bd.exe,63560,68,1,0,0,0,0.014705882352941176,executable,1,0,0,0,0,1,1,0,0,0,9,6.09125204263995,5.514294366177327,0.4040434235368156,0.2768407803650094,256,20,1,0,0,0,0,0,0,0,0,0,0,0.0,0
benign,958d50d5468cfa8909c5bef2476f88eb82bd112a6139c631601ff50cd77665b6.exe,data\raw\benign\958d50d5468cfa8909c5bef2476f88eb82bd112a6139c631601ff50cd77665b6.exe,51824,68,1,0,0,0,0.014705882352941176,executable,1,0,0,0,0,1,1,0,0,0,9,6.071436372179904,5.419092442999299,0.39902361840074096,0.28560126582278483,256,20,1,0,0,0,0,0,0,0,0,0,0,0.0,0
benign,959cf7ad86d1d9a697ff2161ea26f4825ab4d369b4651d3a3ad0e81e8416a2eb.exe,data\raw\benign\959cf7ad86d1d9a697ff2161ea26f4825ab4d369b4651d3a3ad0e81e8416a2eb.exe,52992,68,1,0,0,0,0.014705882352941176,executable,1,0,0,0,0,1,1,0,0,0,9,6.024840330649119,5.200457972029741,0.4038156702898551,0.2881567028985507,256,20,1,0,0,0,0,0,0,0,0,0,0,0.0,0
benign,959d1fb46a3bb295e6e5d78525feedd5cde0c6c9d8c3a76dea01477d97f0e829.exe,data\raw\benign\959d1fb46a3bb295e6e5d78525feedd5cde0c6c9d8c3a76dea01477d97f0e829.exe,35842,68,1,0,0,0,0.014705882352941176,executable,1,0,0,0,0,0,0,0,0,0,1,7.993808566795895,7.955630436311766,0.3682272194631996,0.004464036605100162,256,0,0,0,0,0,0,0,0,0,0,0,0,0.0,0
benign,95a956b0e45c41a80fbc6b479226a9c6780da71e223ca1643cc2e060feea5977.exe,data\raw\benign\95a956b0e45c41a80fbc6b479226a9c6780da71e223ca1643cc2e060feea5977.exe,22472,68,1,0,0,0,0.014705882352941176,executable,1,0,0,0,0,1,1,0,0,0,1,6.935196720969661,5.810265519505191,0.47227661089355644,0.13474546101815593,256,16,1,2,0,0,0,2,2,0,0,0,0,0.0,0
benign,960592d2147caf51496a0531951fce5a67cb750a2719617d7bee5a869b0a0360.exe,data\raw\benign\960592d2147caf51496a0531951fce5a67cb750a2719617d7bee5a869b0a0360.exe,1255936,68,1,0,0,0,0.014705882352941176,executable,1,0,0,0,0,1,1,0,0,0,5,6.105263799424622,4.8962043009648,0.31102142147370565,0.16911530523848348,256,1,1,1,0,0,0,1,1,0,0,0,0,0.0,0
benign,963330d951ab6331bb17ef0f6530b1443f5ba27578509543ad7d5fb48c49f21b.exe,data\raw\benign\963330d951ab6331bb17ef0f6530b1443f5ba27578509543ad7d5fb48c49f21b.exe,109656,68,1,0,0,0,0.014705882352941176,executable,1,0,0,0,0,1,1,0,0,0,2,6.090564626955184,3.3407745973712033,0.3746443423068505,0.2545232363026191,256,18,0,1,0,0,0,1,1,0,0,0,0,0.0,0
benign,9698fe5597f8c7ede90202b7f4498544103c640724b8d2a94beceddb3e926837.exe,data\raw\benign\9698fe5597f8c7ede90202b7f4498544103c640724b8d2a94beceddb3e926837.exe,41984,68,1,0,0,0,0.014705882352941176,executable,1,0,0,0,0,1,1,0,0,0,3,6.246421993619371,4.805211213644659,0.48666158536585363,0.20560213414634146,256,0,1,0,0,0,0,0,0,0,0,0,0,0.0,0
benign,96b5ccf8044c42dce6772da871ab5f9f01ccab554e1a3b8832c6397c1bfe9e7d.exe,data\raw\benign\96b5ccf8044c42dce6772da871ab5f9f01ccab554e1a3b8832c6397c1bfe9e7d.exe,12800,68,1,0,0,0,0.014705882352941176,executable,1,0,0,0,0,1,1,0,0,0,2,4.993696111981922,5.158069284375324,0.286015625,0.396015625,249,0,0,0,0,0,0,0,0,0,0,0,0,0.0,0
benign,96e1776c94c1177014f4c46d151e179607a130b217dac3a03a38e5d257f5ccca.exe,data\raw\benign\96e1776c94c1177014f4c46d151e179607a130b217dac3a03a38e5d257f5ccca.exe,54784,68,1,0,0,0,0.014705882352941176,executable,1,0,0,0,0,1,1,0,0,0,3,5.839102973971203,5.61754275484684,0.3275408878504673,0.2862332067757009,256,0,1,0,0,0,0,0,0,0,0,0,0,0.0,0
benign,9765f6a4ef2630731553c298e3bf079a7fd28d04413d0ed7dbaa697e81592252.exe,data\raw\benign\9765f6a4ef2630731553c298e3bf079a7fd28d04413d0ed7dbaa697e81592252.exe,36864,68,1,0,0,0,0.014705882352941176,executable,1,0,0,0,0,1,1,0,0,0,4,5.857539126809504,5.145313473007713,0.21839735243055555,0.2691514756944444,256,1,2,0,0,0,0,0,0,0,0,0,0,0.0,0
benign,9776d6321771a3d00c6e5f1eefaef41103936569963a61b6b321d1ee1ae06263.exe,data\raw\benign\9776d6321771a3d00c6e5f1eefaef41103936569963a61b6b321d1ee1ae06263.exe,52128,68,1,0,0,0,0.014705882352941176,executable,1,0,0,0,0,1,1,0,0,0,9,6.136891334236145,5.3250858240988395,0.38879297114794353,0.26981660527931245,256,20,1,0,0,0,0,0,0,0,0,0,0,0.0,0
benign,978ef8171f02b8ac7b85736f1f75af94da2e41dc8ced6809641dad0bbb1a0d0a.ole,data\raw\benign\978ef8171f02b8ac7b85736f1f75af94da2e41dc8ced6809641dad0bbb1a0d0a.ole,2483200,68,0,0,0,0,0.014705882352941176,unknown,0,0,0,0,1,0,0,0,0,0,239,7.908858114440233,7.631631064128871,0.3676006765463918,0.03893282860824742,256,16,0,4,0,0,0,4,4,0,0,0,0,0.0,0
benign,97b3a8f65ae3a3b6d8702923f3be4167626d0fdd249895adcaccc68ad370b735.exe,data\raw\benign\97b3a8f65ae3a3b6d8702923f3be4167626d0fdd249895adcaccc68ad370b735.exe,25088,68,1,0,0,0,0.014705882352941176,executable,1,0,0,0,0,1,1,0,0,0,9,5.264553062617988,5.2424154755110495,0.46285076530612246,0.32473692602040816,256,1,0,0,0,0,0,0,0,0,0,0,0,0.0,0
benign,98361245c72daba37699a95ef5b60e43ce8e580da45f04969dc2b9d30e7a92bc.ole,data\raw\benign\98361245c72daba37699a95ef5b60e43ce8e580da45f04969dc2b9d30e7a92bc.ole,1899865,68,0,0,0,0,0.014705882352941176,unknown,0,0,0,0,1,1,0,0,0,0,135,7.9816699755396,6.218416076087707,0.36770191566242866,0.011052890600121587,256,0,0,0,0,0,0,0,0,0,0,0,0,0.0,0
benign,98ba00e70a005017c3665741803e8b36938fc9efb0c4821c675f2c100936c5eb.exe,data\raw\benign\98ba00e70a005017c3665741803e8b36938fc9efb0c4821c675f2c100936c5eb.exe,651200,68,1,0,0,0,0.014705882352941176,executable,1,0,0,0,0,1,1,0,0,0,7,6.532052405549711,5.9339103376260915,0.3611210073710074,0.19411855036855036,256,24,1,26,0,0,0,26,26,0,0,0,0,0.0,0
benign,98bb99c8e2c267a06acd3f55a03a7bbd1770cb1c32a8cd31b44c6d66970cb219.exe,data\raw\benign\98bb99c8e2c267a06acd3f55a03a7bbd1770cb1c32a8cd31b44c6d66970cb219.exe,25600,68,1,0,0,0,0.014705882352941176,executable,1,0,0,0,0,1,1,0,0,0,9,5.253861625901106,5.231203290430068,0.4723828125,0.3202734375,256,1,0,0,0,0,0,0,0,0,0,0,0,0.0,0
benign,9918b2f820a89c49c64edb1fd322ec96d1d60d3e9b31b1cdcc7340250ea05cdb.exe,data\raw\benign\9918b2f820a89c49c64edb1fd322ec96d1d60d3e9b31b1cdcc7340250ea05cdb.exe,43360,68,1,0,0,0,0.014705882352941176,executable,1,0,0,0,0,1,1,0,0,0,9,6.095935626929663,5.302441448930904,0.3997232472324723,0.28408671586715867,256,20,1,0,0,0,0,0,0,0,0,0,0,0.0,0
benign,99ec947614ec6262aa85b4f132e39c618dc5a671165c50af1bdec1a5b3e127dc.exe,data\raw\benign\99ec947614ec6262aa85b4f132e39c618dc5a671165c50af1bdec1a5b3e127dc.exe,1326080,68,1,0,0,0,0.014705882352941176,executable,1,0,0,0,0,1,1,0,0,0,12,6.476115702628312,5.433423607625906,0.3629351170366795,0.08472490347490348,256,1,4,18,0,0,0,18,18,0,0,0,0,0.0,0
benign,9a38991461288014473dd1d6de00238a69d14ff36bc5a555ac4d88479da1e0af.exe,data\raw\benign\9a38991461288014473dd1d6de00238a69d14ff36bc5a555ac4d88479da1e0af.exe,121528,68,1,0,0,0,0.014705882352941176,executable,1,0,0,0,0,1,1,0,0,0,1,7.1806445529401,5.111304413458862,0.3938845368968468,0.12038377986965966,256,12,0,0,0,0,0,0,0,0,0,0,0,0.0,0
benign,9ba9a1a91f95af2c080fd2620128c13397218b88f16999d05b208f0b28b0a2a2.exe,data\raw\benign\9ba9a1a91f95af2c080fd2620128c13397218b88f16999d05b208f0b28b0a2a2.exe,1960128,68,1,0,0,0,0.014705882352941176,executable,1,0,0,0,0,1,1,0,0,0,15,6.361713632519597,5.380673029193287,0.33651271753681394,0.2018480425768113,256,16,2,1,0,0,1,1,2,0,0,0,0,0.0,0
benign,9be9fc05b07871d06030a535b277e451345c1398e537fdad2a0c9cf6487795f2.exe,data\raw\benign\9be9fc05b07871d06030a535b277e451345c1398e537fdad2a0c9cf6487795f2.exe,160608,68,1,0,0,0,0.014705882352941176,executable,1,0,0,0,0,1,1,0,0,0,9,6.301613241502065,5.4633803055926435,0.3910515042837219,0.21431684598525602,256,20,1,0,0,0,0,0,0,0,0,0,0,0.0,0
benign,9c4078d401f7ebc70caa2050740e2562e1c7a2c98d3ff17e9fe590685ac647a6.exe,data\raw\benign\9c4078d401f7ebc70caa2050740e2562e1c7a2c98d3ff17e9fe590685ac647a6.exe,64424,68,1,0,0,0,0.014705882352941176,executable,1,0,0,0,0,1,1,0,0,0,2,6.034865048471448,5.528748751801353,0.3614646715509748,0.2627902644977027,256,12,0,0,0,0,0,0,0,0,0,0,0,0.0,0
benign,9c915242926dc9670f91177af0cd7ca492622a184de5af14a43d140800d775f0.exe,data\raw\benign\9c915242926dc9670f91177af0cd7ca492622a184de5af14a43d140800d775f0.exe,46056,68,1,0,0,0,0.014705882352941176,executable,1,0,0,0,0,1,1,0,0,0,1,6.359749901539801,4.590350771884872,0.5110517630710439,0.1915928434948758,256,16,4,0,0,0,0,0,0,0,0,0,0,0.0,0
benign,9c9ab16f3a94bde179d66cb45b1f50af58ec4b849ce103dafea33f5aef4d888c.exe,data\raw\benign\9c9ab16f3a94bde179d66cb45b1f50af58ec4b849ce103dafea33f5aef4d888c.exe,22016,68,1,0,0,0,0.014705882352941176,executable,1,0,0,0,0,1,1,0,0,0,9,5.111426779652053,5.1906745514738875,0.322765261627907,0.3988462936046512,255,0,0,0,0,0,0,0,0,0,0,0,0,0.0,0
benign,9d3e3e041377e51e969383fa485ea18f723ff6d28cdcc5010b8a312071957b7b.ole,data\raw\benign\9d3e3e041377e51e969383fa485ea18f723ff6d28cdcc5010b8a312071957b7b.ole,2342038,68,0,0,0,0,0.014705882352941176,unknown,0,0,0,0,1,1,0,0,0,0,360,7.978409718343186,6.632268112945749,0.3655713528132336,0.0161167325209924,256,0,0,0,1,0,0,0,1,0,0,0,0,0.0,0
benign,9d50a4f9ce524d40bbd02d6e5d8a24bca6b1005065add4bafc69ba198695506d.exe,data\raw\benign\9d50a4f9ce524d40bbd02d6e5d8a24bca6b1005065add4bafc69ba198695506d.exe,18944,68,1,0,0,0,0.014705882352941176,executable,1,0,0,0,0,1,1,0,0,0,9,4.850727644852551,5.221161188810563,0.2794552364864865,0.44399282094594594,255,0,0,0,0,0,0,0,0,0,0,0,0,0.0,0
benign,9d535589dd8c68044fb45c10d2d1b63df28baad16d1d0ad4b187c91a23ee9c87.exe,data\raw\benign\9d535589dd8c68044fb45c10d2d1b63df28baad16d1d0ad4b187c91a23ee9c87.exe,54864,68,1,0,0,0,0.014705882352941176,executable,1,0,0,0,0,1,1,0,0,0,9,6.001577206973955,5.386737940633963,0.40051764362787984,0.2930336832895888,256,20,1,0,0,0,0,0,0,0,0,0,0,0.0,0
benign,9d9742a07c77cdccd8c2b6ee17f2855a1479081e1f356073c6df9f749209b77f.exe,data\raw\benign\9d9742a07c77cdccd8c2b6ee17f2855a1479081e1f356073c6df9f749209b77f.exe,58504,68,1,0,0,0,0.014705882352941176,executable,1,0,0,0,0,1,1,0,0,0,9,6.110900081913647,5.590433976403716,0.3943320114863941,0.2750752085327499,256,20,1,0,0,0,0,0,0,0,0,0,0,0.0,0
benign,9dbe301e6b832184a624e97ee08735397aeb656e4fcb98c2388a57deb2f33e76.exe,data\raw\benign\9dbe301e6b832184a624e97ee08735397aeb656e4fcb98c2388a57deb2f33e76.exe,116736,68,1,0,0,0,0.014705882352941176,executable,1,0,0,0,0,1,1,0,0,0,0,6.454966555435405,5.283579348479018,0.3022032620614035,0.13925438596491227,256,1,0,0,0,0,0,0,0,0,0,0,0,0.0,0
benign,9dd0b4db6deee989440abfeddb4280a0a55137479b15af616f506ebf3bd891fb.exe,data\raw\benign\9dd0b4db6deee989440abfeddb4280a0a55137479b15af616f506ebf3bd891fb.exe,83000,68,1,0,0,0,0.014705882352941176,executable,1,0,0,0,0,1,1,0,0,0,9,6.231886322749619,5.613448604090974,0.406144578313253,0.24589156626506023,256,20,1,0,0,0,0,0,0,0,0,0,0,0.0,0
benign,9e4570851f44cadcd300201d37c67c82bf8d62c435cfbfc073c01c8aa06f8b44.exe,data\raw\benign\9e4570851f44cadcd300201d37c67c82bf8d62c435cfbfc073c01c8aa06f8b44.exe,48296,68,1,0,0,0,0.014705882352941176,executable,1,0,0,0,0,1,1,0,0,0,3,6.623929490127742,5.6259230584067135,0.41655623654132845,0.19821517309922146,256,16,1,1,0,0,0,1,1,0,0,0,0,0.0,0
benign,9e784ba34d9b50d98be783a255c397575f3f5a752174101af6e90e78d7758e71.exe,data\raw\benign\9e784ba34d9b50d98be783a255c397575f3f5a752174101af6e90e78d7758e71.exe,26112,68,1,0,0,0,0.014705882352941176,executable,1,0,0,0,0,1,1,0,0,0,0,6.076959057726909,5.398222682075637,0.3511795343137255,0.25777420343137253,256,0,0,0,0,0,0,0,0,0,0,0,0,0.0,0
benign,9e8cece950c181dd27eb143dc8d06361508b0087685108f4fb6f0959824c51df.exe,data\raw\benign\9e8cece950c181dd27eb143dc8d06361508b0087685108f4fb6f0959824c51df.exe,35328,68,1,0,0,0,0.014705882352941176,executable,1,0,0,0,0,1,1,0,0,0,3,5.639810344836015,5.5976170243434975,0.3218127264492754,0.30859375,256,0,1,0,0,0,0,0,0,0,0,0,0,0.0,0
benign,9e9b20ed84f2bdd7c40fab4d7ff13b2e2c5f1aabf54008a8f0a383aaaeab8d84.exe,data\raw\benign\9e9b20ed84f2bdd7c40fab4d7ff13b2e2c5f1aabf54008a8f0a383aaaeab8d84.exe,54328,68,1,0,0,0,0.014705882352941176,executable,1,0,0,0,0,1,1,0,0,0,9,6.068201978347283,5.380202284940492,0.3941429833603298,0.28454940362244147,256,20,1,0,0,0,0,0,0,0,0,0,0,0.0,0
benign,9eaf987f2790faff354c8e405d7c09946924056707d1fe81bd3ce5a2c3f0133b.exe,data\raw\benign\9eaf987f2790faff354c8e405d7c09946924056707d1fe81bd3ce5a2c3f0133b.exe,30208,68,1,0,0,0,0.014705882352941176,executable,1,0,0,0,0,1,1,0,0,0,9,5.471386170811169,5.246272364980045,0.3070047669491525,0.3480534957627119,256,0,0,0,0,0,0,0,0,0,0,0,0,0.0,0
benign,9ec37fbce45723838d736491fcb93fa90345062ea00d8d7bcc04700f03ebc699.ole,data\raw\benign\9ec37fbce45723838d736491fcb93fa90345062ea00d8d7bcc04700f03ebc699.ole,41984,68,0,0,0,0,0.014705882352941176,unknown,0,0,0,0,1,0,0,0,0,0,0,4.841195828544724,3.800446816800005,0.610375381097561,0.3122856326219512,229,48,0,2,0,0,0,2,2,0,0,0,0,0.0,0
benign,9f3849e18bbc5116b6430849f460172540fee98344953178908ad14783d1c9c2.exe,data\raw\benign\9f3849e18bbc5116b6430849f460172540fee98344953178908ad14783d1c9c2.exe,130448,68,1,0,0,0,0.014705882352941176,executable,1,0,0,0,0,1,1,0,0,0,4,5.9263569307804405,5.110837499812908,0.400343431865571,0.2902612535263093,256,18,7,4,0,0,0,4,4,0,0,0,0,0.0,0
benign,9f488edf5ed634d8f50d0a08fdf2eb24e22106c0f22954f3b30f5aa0a366c505.exe,data\raw\benign\9f488edf5ed634d8f50d0a08fdf2eb24e22106c0f22954f3b30f5aa0a366c505.exe,23040,68,1,0,0,0,0.014705882352941176,executable,1,0,0,0,0,1,1,0,0,0,0,6.024355183481536,5.33546884464287,0.3329861111111111,0.21922743055555555,255,1,0,0,0,0,0,0,0,0,0,0,0,0.0,0
benign,9fa4342dbe88717b5ba6580b0280d147132d6b53d2932d4a0761071cb81bda95.exe,data\raw\benign\9fa4342dbe88717b5ba6580b0280d147132d6b53d2932d4a0761071cb81bda95.exe,159678,68,1,0,0,0,0.014705882352941176,executable,1,0,0,0,0,1,1,0,0,0,2,6.084110845029677,5.76248711158657,0.24426032390185248,0.18368842295118926,256,0,2,0,0,0,0,0,0,0,0,0,0,0.0,0
benign,9fc8838b805dc526676f347c869654bf54eac2d212d8fce2c30628bb1d0f91ab.exe,data\raw\benign\9fc8838b805dc526676f347c869654bf54eac2d212d8fce2c30628bb1d0f91ab.exe,41984,68,1,0,0,0,0.014705882352941176,executable,1,0,0,0,0,1,1,0,0,0,3,6.2112323284065765,4.7140203961308265,0.29592225609756095,0.22203696646341464,256,0,1,0,0,0,0,0,0,0,0,0,0,0.0,0
benign,9ff3e2a010bb96dcfbb0093558b6cbcd92604b84766b14b2ff41cf7fc642b048.exe,data\raw\benign\9ff3e2a010bb96dcfbb0093558b6cbcd92604b84766b14b2ff41cf7fc642b048.exe,94208,68,1,0,0,0,0.014705882352941176,executable,1,0,0,0,0,1,1,0,0,0,2,6.050378404832606,5.681426038675317,0.2839992357336957,0.25699515964673914,256,0,0,1,0,0,0,1,1,0,0,0,0,0.0,0
benign,a0899e167143ab97b167b6ae1bb270d9ba4b4e268b4a1eeb876a8b56345f23f5.exe,data\raw\benign\a0899e167143ab97b167b6ae1bb270d9ba4b4e268b4a1eeb876a8b56345f23f5.exe,361408,68,1,0,0,0,0.014705882352941176,executable,1,0,0,0,0,1,1,0,0,0,3,6.681372161269643,5.340297539198726,0.32380301487515495,0.15493016203293783,256,24,0,0,0,0,0,0,0,0,0,0,0,0.0,0
benign,a097cc322fa68e1ff500d79598f657d9c211e86e632c3c3b896e566852cea991.exe,data\raw\benign\a097cc322fa68e1ff500d79598f657d9c211e86e632c3c3b896e566852cea991.exe,79816,68,1,0,0,0,0.014705882352941176,executable,1,0,0,0,0,1,1,0,0,0,3,6.2495774001608915,5.103932558959173,0.4094667735792322,0.25051368146737496,256,18,18,0,0,0,0,0,0,0,0,0,0,0.0,0
benign,a1290e4f7bedc8c7c0c2519bd005caf7fe0210dd374490016e51ed2381731af1.exe,data\raw\benign\a1290e4f7bedc8c7c0c2519bd005caf7fe0210dd374490016e51ed2381731af1.exe,1551248,68,1,0,0,0,0.014705882352941176,executable,1,0,0,0,0,1,1,0,0,0,10,6.32004437666689,5.801319781833178,0.3153402937505802,0.216639118954545,256,19,2,5,0,0,0,5,5,0,0,0,0,0.0,0
benign,a144073e9b6a387310903fed5f9f59dc04901000959110f0ced9cc910a691d92.exe,data\raw\benign\a144073e9b6a387310903fed5f9f59dc04901000959110f0ced9cc910a691d92.exe,27056,68,1,0,0,0,0.014705882352941176,executable,1,0,0,0,0,1,1,0,0,0,2,6.809384100832197,5.472625643518394,0.4535408042578356,0.17060910703725607,256,16,1,1,0,0,0,1,1,0,0,0,0,0.0,0
benign,a14760cc7f131ae6880e38b9893057a182758130d91be3cfbd174d69c4b3cf66.exe,data\raw\benign\a14760cc7f131ae6880e38b9893057a182758130d91be3cfbd174d69c4b3cf66.exe,52024,68,1,0,0,0,0.014705882352941176,executable,1,0,0,0,0,1,1,0,0,0,9,6.047281817023073,5.472104909905162,0.3981239427956328,0.2881554667076734,256,20,1,0,0,0,0,0,0,0,0,0,0,0.0,0
benign,a17e835947f1099f0ea8a9e4b2406b25eb0c3ea2f8e412d33900f7edcfedf82b.ole,data\raw\benign\a17e835947f1099f0ea8a9e4b2406b25eb0c3ea2f8e412d33900f7edcfedf82b.ole,117760,68,0,0,0,0,0.014705882352941176,unknown,0,0,0,0,1,0,0,0,0,0,0,3.5668204701505575,3.7948193360227314,0.15340523097826086,0.6037958559782609,256,0,0,0,0,0,0,0,0,0,0,0,0,0.0,0
benign,a1c81cab06d7568368fef4d06a92601096ff3ae7a32529fef04211f707da8a39.exe,data\raw\benign\a1c81cab06d7568368fef4d06a92601096ff3ae7a32529fef04211f707da8a39.exe,2945024,68,1,0,0,0,0.014705882352941176,executable,1,0,0,0,0,1,1,0,0,0,24,6.9191823206605125,5.365759714481469,0.3714438320366829,0.13333235994002085,256,5,4,6,0,0,0,6,6,0,0,0,0,0.0,0
benign,a22f5cc6371cf993cac40f066a86d758227265c9454b5c06de175b17e17f9b1c.exe,data\raw\benign\a22f5cc6371cf993cac40f066a86d758227265c9454b5c06de175b17e17f9b1c.exe,165888,68,1,0,0,0,0.014705882352941176,executable,1,0,0,0,0,1,1,0,0,0,0,6.50410809784769,5.389816974336436,0.33890335648148145,0.1358446662808642,256,0,0,0,0,0,0,0,0,0,0,0,0,0.0,0
benign,a25def518b93fb698d87ab0372568986b630c5907c27e27959fd3b6570f59ff4.exe,data\raw\benign\a25def518b93fb698d87ab0372568986b630c5907c27e27959fd3b6570f59ff4.exe,60600,68,1,0,0,0,0.014705882352941176,executable,1,0,0,0,0,1,1,0,0,0,1,6.513345032069534,4.996885841703098,0.35315181518151817,0.19943894389438943,256,12,0,0,0,0,0,0,0,0,0,0,0,0.0,0
benign,a27af7578372fc280b0486ddd9e2fb493e2adcd7d77caee7b160090d82e8096a.ole,data\raw\benign\a27af7578372fc280b0486ddd9e2fb493e2adcd7d77caee7b160090d82e8096a.ole,108032,68,0,0,0,0,0.014705882352941176,unknown,0,0,0,0,1,0,0,0,0,0,5,3.87160262461284,3.8791414795155523,0.12851747630331753,0.5462918394549763,256,1,0,0,0,0,0,0,0,0,0,0,0,0.0,0
benign,a28c8a1cec75344833ec100758125018b58c183a5903271ea8944c6f663ef80b.exe,data\raw\benign\a28c8a1cec75344833ec100758125018b58c183a5903271ea8944c6f663ef80b.exe,261048,68,1,0,0,0,0.014705882352941176,executable,1,0,0,0,0,1,1,0,0,0,7,6.261830057688771,4.769984029807132,0.45086727345162575,0.18597346081946614,256,37,75,6,0,0,0,6,6,0,0,0,0,0.0,0
benign,a2c736e2a3b63fe0ddb28654994df83085bb735bfbd70da0aaa5458ed4b854e2.exe,data\raw\benign\a2c736e2a3b63fe0ddb28654994df83085bb735bfbd70da0aaa5458ed4b854e2.exe,23040,68,1,0,0,0,0.014705882352941176,executable,1,0,0,0,0,1,1,0,0,0,9,5.113655648515352,5.222882866086415,0.28519965277777776,0.405078125,256,0,0,0,0,0,0,0,0,0,0,0,0,0.0,0
benign,a3249c5307d17cd6ec706ec47b14d658ac3049673ffa527ba5f76a95e50103e0.exe,data\raw\benign\a3249c5307d17cd6ec706ec47b14d658ac3049673ffa527ba5f76a95e50103e0.exe,56760,68,1,0,0,0,0.014705882352941176,executable,1,0,0,0,0,1,1,0,0,0,2,6.641796799243207,6.975144442053928,0.3777660324171952,0.21187455954897816,256,16,1,1,0,0,0,1,1,0,0,0,0,0.0,0
benign,a3275735b0d0b68818b527f8f11ed623b095905dc66e8b50f46861d1158290c0.exe,data\raw\benign\a3275735b0d0b68818b527f8f11ed623b095905dc66e8b50f46861d1158290c0.exe,138840,68,1,0,0,0,0.014705882352941176,executable,1,0,0,0,0,1,1,0,0,0,2,6.305513979372148,3.4361608979877274,0.3600763468740997,0.20772111783347738,256,18,0,1,0,0,0,1,1,0,0,0,0,0.0,0
benign,a424039a96d86ff186981223fe2e78392135fd2ba7a574d73840c4d56a381e39.exe,data\raw\benign\a424039a96d86ff186981223fe2e78392135fd2ba7a574d73840c4d56a381e39.exe,28160,68,1,0,0,0,0.014705882352941176,executable,1,0,0,0,0,1,1,0,0,0,9,5.389613097303922,5.227554415959287,0.53984375,0.2684659090909091,256,1,0,0,0,0,0,0,0,0,0,0,0,0.0,0
benign,a455d32b8de771b493d3648bcbcac5edae2bb1f4062046e5d7ccd53e9d1e621e.exe,data\raw\benign\a455d32b8de771b493d3648bcbcac5edae2bb1f4062046e5d7ccd53e9d1e621e.exe,86984,68,1,0,0,0,0.014705882352941176,executable,1,0,0,0,0,1,1,0,0,0,2,6.679734843428406,3.457406855241649,0.3523981421870689,0.1835165087832245,256,16,1,0,0,0,0,0,0,0,0,0,0,0.0,0
benign,a500ec91119693013b74f72f3b082eb704417e57b6f26883f488dea2b8f081cb.exe,data\raw\benign\a500ec91119693013b74f72f3b082eb704417e57b6f26883f488dea2b8f081cb.exe,33792,68,1,0,0,0,0.014705882352941176,executable,1,0,0,0,0,1,1,0,0,0,9,5.565713018229433,5.205190879948897,0.3205788352272727,0.33324455492424243,256,0,0,0,0,0,0,0,0,0,0,0,0,0.0,0
benign,a52beaea57b9dd1a642c7cc129b4cb2c0b2c3abcf4221cc1bf4de4cb3c307e2f.exe,data\raw\benign\a52beaea57b9dd1a642c7cc129b4cb2c0b2c3abcf4221cc1bf4de4cb3c307e2f.exe,23552,68,1,0,0,0,0.014705882352941176,executable,1,0,0,0,0,1,1,0,0,0,0,5.988110725047781,5.3531827846097535,0.3176375679347826,0.2298318614130435,255,1,0,0,0,0,0,0,0,0,0,0,0,0.0,0
benign,a54b84e56a936791da31c69d4048798521d62ad90991798587bf0c25e0b90148.exe,data\raw\benign\a54b84e56a936791da31c69d4048798521d62ad90991798587bf0c25e0b90148.exe,78536,68,1,0,0,0,0.014705882352941176,executable,1,0,0,0,0,1,1,0,0,0,3,4.972363262837417,3.501176653388475,0.17819853315676887,0.312671895691148,256,16,1,0,0,0,0,0,0,0,0,0,0,0.0,0
benign,a5a1f315fb88754bb4b99c6552e353c3a7606c791264f6b1f3b20fa2b94376e7.exe,data\raw\benign\a5a1f315fb88754bb4b99c6552e353c3a7606c791264f6b1f3b20fa2b94376e7.exe,167888,68,1,0,0,0,0.014705882352941176,executable,1,0,0,0,0,1,1,0,0,0,0,6.2170134483924695,4.884155547542601,0.4581328028209282,0.229021728771562,256,16,178,4,0,0,0,4,4,0,0,0,0,0.0,0
benign,a5b6deb455845311db511677ae3674dfc4a7d506d5a84fb0dc6c229230028e15.exe,data\raw\benign\a5b6deb455845311db511677ae3674dfc4a7d506d5a84fb0dc6c229230028e15.exe,114264,68,1,0,0,0,0.014705882352941176,executable,1,0,0,0,0,1,1,0,0,0,2,6.071183013338859,4.298052862537381,0.3367902401456277,0.2722554785409228,256,18,0,1,0,0,0,1,1,0,0,0,0,0.0,0
benign,a5d76d29280af398aeb406063676620060a5d0cb28b2d33d917f41a5c06e4d84.exe,data\raw\benign\a5d76d29280af398aeb406063676620060a5d0cb28b2d33d917f41a5c06e4d84.exe,19968,68,1,0,0,0,0.014705882352941176,executable,1,0,0,0,0,1,1,0,0,0,0,5.328344142580879,4.433675131645472,0.40019030448717946,0.3258713942307692,252,0,3,0,0,0,0,0,0,0,0,0,0,0.0,0
benign,a6266f82f8549582c1ede57f127c9f65e2f7271c42b7ed51f0fef0f0eb2bb90e.ole,data\raw\benign\a6266f82f8549582c1ede57f127c9f65e2f7271c42b7ed51f0fef0f0eb2bb90e.ole,884831,68,0,0,0,0,0.014705882352941176,unknown,0,0,0,0,1,1,0,0,0,0,204,7.958825070680135,6.4649124660589985,0.36730290869103815,0.023089154878163175,256,0,0,0,0,0,0,0,0,0,0,0,0,0.0,0
benign,a6376200168b30c542e04f44d9c68c2bf21deee11d23d1b3bd3577de19d72dbf.exe,data\raw\benign\a6376200168b30c542e04f44d9c68c2bf21deee11d23d1b3bd3577de19d72dbf.exe,61264,68,1,0,0,0,0.014705882352941176,executable,1,0,0,0,0,1,1,0,0,0,9,5.9390322815195935,5.328367473769569,0.3946689736223557,0.2992295638547924,256,20,1,0,0,0,0,0,0,0,0,0,0,0.0,0
benign,a66e2fd953b89254ac8a44c58a52e82cc9f03839248577e15598297b22288abb.exe,data\raw\benign\a66e2fd953b89254ac8a44c58a52e82cc9f03839248577e15598297b22288abb.exe,65536,68,1,0,0,0,0.014705882352941176,executable,1,0,0,0,0,1,1,0,0,0,9,6.1043638762496935,5.378768612363213,0.3948516845703125,0.2752227783203125,256,20,1,0,0,0,0,0,0,0,0,0,0,0.0,0
benign,a6fb3efc0d74e81da25d7bf35fb6112c77419ecbae443b598371bfd5e1c427ed.exe,data\raw\benign\a6fb3efc0d74e81da25d7bf35fb6112c77419ecbae443b598371bfd5e1c427ed.exe,50016,68,1,0,0,0,0.014705882352941176,executable,1,0,0,0,0,1,1,0,0,0,10,6.04919701386146,5.361074857895069,0.4044705694177863,0.2858085412667946,256,20,1,0,0,0,0,0,0,0,0,0,0,0.0,0
benign,a71a16c4b2d56acc3f8e2a2c576a0b9f1fc848e02110ba70e82c3708898a3328.exe,data\raw\benign\a71a16c4b2d56acc3f8e2a2c576a0b9f1fc848e02110ba70e82c3708898a3328.exe,19456,68,1,0,0,0,0.014705882352941176,executable,1,0,0,0,0,1,1,0,0,0,9,4.937639621564334,5.341183701491116,0.27261513157894735,0.4323601973684211,256,0,0,0,0,0,0,0,0,0,0,0,0,0.0,0
benign,a775fdd6fd3edba9f7410c54e00a6289ca906187ce8e123619727121194b27a0.exe,data\raw\benign\a775fdd6fd3edba9f7410c54e00a6289ca906187ce8e123619727121194b27a0.exe,83448,68,1,0,0,0,0.014705882352941176,executable,1,0,0,0,0,1,1,0,0,0,2,6.089532169922195,3.4414927106276187,0.3175150992234685,0.2887666570798581,256,16,1,1,0,0,0,1,1,0,0,0,0,0.0,0
benign,a7e61101c58d9eaedac513e50a4696e2f76634103cb99fba52e4c54e3af03b3c.ole,data\raw\benign\a7e61101c58d9eaedac513e50a4696e2f76634103cb99fba52e4c54e3af03b3c.ole,68608,68,0,0,0,0,0.014705882352941176,unknown,0,0,0,0,1,0,0,0,0,0,5,4.140430355838066,3.967908607505936,0.2546204524253731,0.5224317863805971,256,34,0,1,0,0,0,1,1,0,0,0,0,0.0,0
benign,a84c087174debb180c08f21b78342508b876b237f954bbe9c3940e0eb104f95b.exe,data\raw\benign\a84c087174debb180c08f21b78342508b876b237f954bbe9c3940e0eb104f95b.exe,106936,68,1,0,0,0,0.014705882352941176,executable,1,0,0,0,0,1,1,0,0,0,1,6.137428743832791,5.10096240607234,0.5333751028652652,0.2026726266177901,256,18,5,13,0,0,0,13,13,0,0,0,0,0.0,0
benign,a8614ba7b98ad576032d8610ff9b74bb402e1498c41f9f330e7a0df326852de3.exe,data\raw\benign\a8614ba7b98ad576032d8610ff9b74bb402e1498c41f9f330e7a0df326852de3.exe,35664,68,1,0,0,0,0.014705882352941176,executable,1,0,0,0,0,1,1,0,0,0,3,6.280726226727624,5.541586384211433,0.397207267833109,0.23477456258411844,256,10,2,0,0,0,0,0,0,0,0,0,0,0.0,0
benign,a8a23d61a64999e27bf093a7c8dff04293e1b3f56d9eb55dbd82956ae12a8a41.exe,data\raw\benign\a8a23d61a64999e27bf093a7c8dff04293e1b3f56d9eb55dbd82956ae12a8a41.exe,85504,68,1,0,0,0,0.014705882352941176,executable,1,0,0,0,0,1,1,0,0,0,2,6.5062939150202785,5.849519229659852,0.35463837949101795,0.16978153068862276,256,0,0,0,0,0,0,0,0,0,0,0,0,0.0,0
benign,a8e7f9617d12eb7744754bc45068f3fa96527542655a51571d5e43805d75508f.exe,data\raw\benign\a8e7f9617d12eb7744754bc45068f3fa96527542655a51571d5e43805d75508f.exe,724400,68,1,0,0,0,0.014705882352941176,executable,1,0,0,0,0,1,1,0,0,0,4,6.36885955338787,5.883797428517212,0.3609594146880177,0.18785615681943676,256,10,0,1,0,1,0,1,2,0,0,0,0,0.0,0
benign,a8f964bb1623295131320f9a0a3817c5ea9318485c849ac5dcbf0255c9263dea.exe,data\raw\benign\a8f964bb1623295131320f9a0a3817c5ea9318485c849ac5dcbf0255c9263dea.exe,53840,68,1,0,0,0,0.014705882352941176,executable,1,0,0,0,0,1,1,0,0,0,2,6.258833859681426,5.619263109608129,0.399981426448737,0.24054606240713225,256,13,1,0,0,0,0,0,0,0,0,0,0,0.0,0
benign,a9447372cc62144ca19196f8f18ffcb35f3907c10b8e4b2f442a026aeab5d05b.exe,data\raw\benign\a9447372cc62144ca19196f8f18ffcb35f3907c10b8e4b2f442a026aeab5d05b.exe,49432,68,1,0,0,0,0.014705882352941176,executable,1,0,0,0,0,1,1,0,0,0,9,6.038663498365397,5.39892315433491,0.3869760479041916,0.29288719857582135,256,20,1,0,0,0,0,0,0,0,0,0,0,0.0,0
benign,a952f28b9281645b82f71eedf00a68dd629d7a679bef62d33758528306c4593a.ole,data\raw\benign\a952f28b9281645b82f71eedf00a68dd629d7a679bef62d33758528306c4593a.ole,2318325,68,0,0,0,0,0.014705882352941176,unknown,0,0,0,0,1,1,0,0,0,0,232,7.850336096754776,6.429764231101692,0.37876958580009273,0.047545102606407645,256,132,0,0,0,0,0,0,0,0,0,0,0,0.0,0
benign,a9b5f9825deac6514ce616f9fd01d1f487a6b8a94ca0503c43cb2d1f2a16e1ec.exe,data\raw\benign\a9b5f9825deac6514ce616f9fd01d1f487a6b8a94ca0503c43cb2d1f2a16e1ec.exe,160176,68,1,0,0,0,0.014705882352941176,executable,1,0,0,0,0,1,1,0,0,0,2,6.0500700457299805,3.4550417804994273,0.3514946059334732,0.290661522325442,256,16,1,1,0,0,0,1,1,0,0,0,0,0.0,0
benign,aa10bfe51228e5210c7e34372d4e9ebe75e920ba85edb2e6350c2e390899cf09.exe,data\raw\benign\aa10bfe51228e5210c7e34372d4e9ebe75e920ba85edb2e6350c2e390899cf09.exe,865880,68,1,0,0,0,0.014705882352941176,executable,1,0,0,0,0,1,1,0,0,0,0,6.357562181023219,4.636615865306967,0.4312375848847415,0.2026400886958932,256,23,1183,1,0,0,0,1,1,0,0,0,0,0.0,0
benign,aa144b2a0303a5740f87a24b8a906c0f54828390bc333d146c07aa35f21962bf.exe,data\raw\benign\aa144b2a0303a5740f87a24b8a906c0f54828390bc333d146c07aa35f21962bf.exe,1479520,68,1,0,0,0,0.014705882352941176,executable,1,0,0,0,0,1,1,0,0,0,31,7.2117204220613305,3.2123633898598203,0.2637199902671137,0.11663174543095058,256,5,1,0,0,0,0,0,0,0,0,0,0,0.0,0
benign,aa6e5489177798f6547b0d149182ce1ca80de12227bc7efe1a8e5ebcb8217c32.exe,data\raw\benign\aa6e5489177798f6547b0d149182ce1ca80de12227bc7efe1a8e5ebcb8217c32.exe,61448,68,1,0,0,0,0.014705882352941176,executable,1,0,0,0,0,1,1,0,0,0,9,6.032871707925386,5.27910027801829,0.3920387970316365,0.2862257518552272,256,20,1,0,0,0,0,0,0,0,0,0,0,0.0,0
benign,aa9a979d94922890659da40a4ba266144d2075c8c3aeeb7b4e0dcb9c3f6f4248.exe,data\raw\benign\aa9a979d94922890659da40a4ba266144d2075c8c3aeeb7b4e0dcb9c3f6f4248.exe,58368,68,1,0,0,0,0.014705882352941176,executable,1,0,0,0,0,1,1,0,0,0,3,5.811607636999343,3.5160558608695163,0.31440172697368424,0.2995476973684211,256,1,2,0,0,0,0,0,0,0,0,0,0,0.0,0
benign,aab9f72bc96a87b69af2ff99c8c771fd5d8cc4ccd776f3a7f56895666a025aac.exe,data\raw\benign\aab9f72bc96a87b69af2ff99c8c771fd5d8cc4ccd776f3a7f56895666a025aac.exe,36320,68,1,0,0,0,0.014705882352941176,executable,1,0,0,0,0,1,1,0,0,0,1,6.503272022763412,5.078700602872392,0.46789647577092514,0.19361233480176213,256,16,3,2,0,0,0,2,2,0,0,0,0,0.0,0
benign,aad745af64c86195150c14cd83c41c09dd88bd10f41b4aff65768b7390f637aa.exe,data\raw\benign\aad745af64c86195150c14cd83c41c09dd88bd10f41b4aff65768b7390f637aa.exe,613296,68,1,0,0,0,0.014705882352941176,executable,1,0,0,0,0,1,1,0,0,0,3,6.382577468923194,5.837909971138847,0.36443903107145653,0.186337429234823,256,10,0,1,0,1,0,1,2,0,0,0,0,0.0,0
benign,aae405b76324f8feef9dd73d4d9cd88bd5e5f5242303a785caff01a24511792f.exe,data\raw\benign\aae405b76324f8feef9dd73d4d9cd88bd5e5f5242303a785caff01a24511792f.exe,53664,68,1,0,0,0,0.014705882352941176,executable,1,0,0,0,0,1,1,0,0,0,0,6.293860582516207,4.960628654109618,0.48296809779367916,0.2056686046511628,256,16,5,2,0,0,0,2,2,0,0,0,0,0.0,0
benign,aaeb837ddabe9ecda3d1d936512a88944264a29217beec9dce096af1e6dc2afb.exe,data\raw\benign\aaeb837ddabe9ecda3d1d936512a88944264a29217beec9dce096af1e6dc2afb.exe,57856,68,1,0,0,0,0.014705882352941176,executable,1,0,0,0,0,1,1,0,0,0,9,6.041861844739593,5.247170305219643,0.4024647400442478,0.2852772400442478,256,20,1,0,0,0,0,0,0,0,0,0,0,0.0,0
benign,aaffeebd785f0cb44249abb39b081f0c1a80ede5aa0e499137c9c1aa3d16fd81.exe,data\raw\benign\aaffeebd785f0cb44249abb39b081f0c1a80ede5aa0e499137c9c1aa3d16fd81.exe,132016,68,1,0,0,0,0.014705882352941176,executable,1,0,0,0,0,1,1,0,0,0,10,7.141241143595625,5.307843154326367,0.3230290267846322,0.16416191976730093,256,19,2,0,0,0,0,0,0,0,0,0,0,0.0,0
benign,ab1f26c4c0e9babd0feed715e3d4b835ed68395492f2af089343eeba2005d25b.exe,data\raw\benign\ab1f26c4c0e9babd0feed715e3d4b835ed68395492f2af089343eeba2005d25b.exe,75864,68,1,0,0,0,0.014705882352941176,executable,1,0,0,0,0,1,1,0,0,0,0,6.3769829359961605,4.8052596416019835,0.44604819150058,0.19375461351892861,256,18,86,0,0,0,0,0,0,0,0,0,0,0.0,0
benign,ab3beb52eefa353ced0055f7027b39262372197864b6d1b5bcc1dc3d14a3a1ce.exe,data\raw\benign\ab3beb52eefa353ced0055f7027b39262372197864b6d1b5bcc1dc3d14a3a1ce.exe,51320,68,1,0,0,0,0.014705882352941176,executable,1,0,0,0,0,1,1,0,0,0,9,6.055932791349853,5.344509861727558,0.3954598597038192,0.2858729540140296,256,20,1,0,0,0,0,0,0,0,0,0,0,0.0,0
benign,ab745988b1c09e048c02f649764c00b276a2a6379e6e15506a1a6b2f6f963f53.exe,data\raw\benign\ab745988b1c09e048c02f649764c00b276a2a6379e6e15506a1a6b2f6f963f53.exe,51640,68,1,0,0,0,0.014705882352941176,executable,1,0,0,0,0,1,1,0,0,0,2,6.355915394226074,4.539541261948472,0.34331913245546086,0.24664988381099923,256,16,1,1,0,0,0,1,1,0,0,0,0,0.0,0
benign,ab7b20718cab3d0b222d591d506d17525afbb5e80504c7b69cf5d9944b5f6699.exe,data\raw\benign\ab7b20718cab3d0b222d591d506d17525afbb5e80504c7b69cf5d9944b5f6699.exe,98256,68,1,0,0,0,0.014705882352941176,executable,1,0,0,0,0,1,1,0,0,0,2,6.444463906923342,5.571927116275908,0.3443657384790751,0.20110731151278294,256,28,0,1,0,0,0,1,1,0,0,0,0,0.0,0
benign,ab96929d2404859e0599e6e4356ac6908e71e774841f555ad30626bd96eb5353.exe,data\raw\benign\ab96929d2404859e0599e6e4356ac6908e71e774841f555ad30626bd96eb5353.exe,63936,68,1,0,0,0,0.014705882352941176,executable,1,0,0,0,0,1,1,0,0,0,1,6.261634988979712,4.986121619468483,0.5522240990990991,0.18254191691691693,256,21,5,2,0,0,0,2,2,0,0,0,0,0.0,0
benign,ab9a7f997da81bd7202c49bf0f40ab06b89fcafda9f91f89a0b186291890e099.exe,data\raw\benign\ab9a7f997da81bd7202c49bf0f40ab06b89fcafda9f91f89a0b186291890e099.exe,50688,68,1,0,0,0,0.014705882352941176,executable,1,0,0,0,0,1,1,0,0,0,3,5.53542372037497,5.121482228029954,0.32668481691919193,0.3172348484848485,256,0,1,0,0,0,0,0,0,0,0,0,0,0.0,0
benign,ab9c143dc118ee29f52cf9ae5f2277751ca29b5e7d9da96b33584ef56b450ce7.exe,data\raw\benign\ab9c143dc118ee29f52cf9ae5f2277751ca29b5e7d9da96b33584ef56b450ce7.exe,52224,68,1,0,0,0,0.014705882352941176,executable,1,0,0,0,0,1,1,0,0,0,9,5.570762522673616,5.447732851749081,0.24641927083333334,0.3550857843137255,256,0,2,0,0,0,0,0,0,0,0,0,0,0.0,0
benign,ab9d8a305bac15d5bb3701274daba75b4ed6f73274da9b824d0ed89bcd8e3779.ole,data\raw\benign\ab9d8a305bac15d5bb3701274daba75b4ed6f73274da9b824d0ed89bcd8e3779.ole,102912,68,0,0,0,0,0.014705882352941176,unknown,0,0,0,0,1,0,0,0,0,0,2,5.224150103140394,3.7625434745877286,0.25235152363184077,0.4364699937810945,256,0,1,0,0,0,0,0,0,0,0,0,0,0.0,0
benign,aba3f763bc73ac333eeb4f1f4c1de93e58ff107099c7c33a014216c02d1a13e7.exe,data\raw\benign\aba3f763bc73ac333eeb4f1f4c1de93e58ff107099c7c33a014216c02d1a13e7.exe,25032,68,1,0,0,0,0.014705882352941176,executable,1,0,0,0,0,1,1,0,0,0,2,6.753226548220443,5.173205235228364,0.4225391498881432,0.18843879833812718,256,16,1,1,0,0,0,1,1,0,0,0,0,0.0,0
benign,abbf94526e78224768f7d4e4651b416f1619193792725e24cbe9ed08bd97c64b.exe,data\raw\benign\abbf94526e78224768f7d4e4651b416f1619193792725e24cbe9ed08bd97c64b.exe,176128,68,1,0,0,0,0.014705882352941176,executable,1,0,0,0,0,1,1,0,0,0,9,5.76201810016681,5.328244633397159,0.32052825218023256,0.23375613190406977,256,0,0,0,0,0,0,0,0,0,0,0,0,0.0,0
benign,abc8861cd68131b3f5a9bb73c748946e119e08f7d997df9557a8c9fc0a09b588.exe,data\raw\benign\abc8861cd68131b3f5a9bb73c748946e119e08f7d997df9557a8c9fc0a09b588.exe,1398784,68,1,0,0,0,0.014705882352941176,executable,1,0,0,0,0,1,1,0,0,0,2,6.40865164111618,5.660968295010325,0.3495836383601757,0.1887789680179356,256,0,4,2,0,0,0,2,2,0,0,0,0,0.0,0
benign,ac25fd6d32db135a0e85645337794cd21f2952cbde4bfb2e43ffb6579a8827b1.ole,data\raw\benign\ac25fd6d32db135a0e85645337794cd21f2952cbde4bfb2e43ffb6579a8827b1.ole,4533768,68,0,0,0,0,0.014705882352941176,unknown,0,0,0,0,1,1,0,0,0,0,151,7.918764479110063,6.439340079501018,0.3576711468253338,0.019148311073702934,256,7,0,0,0,0,0,0,0,0,0,0,0,0.0,0
benign,ac2fa7bbcaf49836b1646f576e9794878f5458726bf4ed91627b388005f8b0bc.exe,data\raw\benign\ac2fa7bbcaf49836b1646f576e9794878f5458726bf4ed91627b388005f8b0bc.exe,189280,68,1,0,0,0,0.014705882352941176,executable,1,0,0,0,0,1,1,0,0,0,3,5.317665790707344,5.219070014107464,0.13258136094674555,0.18052620456466612,256,13,1,1,0,0,0,1,1,0,0,0,0,0.0,0
benign,ac4ff37b425f41428c6c672d10b0e4b9f32f95879eeb8b5315c6999163ed8c73.exe,data\raw\benign\ac4ff37b425f41428c6c672d10b0e4b9f32f95879eeb8b5315c6999163ed8c73.exe,1749120,68,1,0,0,0,0.014705882352941176,executable,1,0,0,0,0,1,1,0,0,0,6,6.354470232650732,5.213290421858028,0.2878876234906696,0.19428226765459203,256,9,6,5,1,1,0,5,7,0,0,0,0,0.0,0
benign,ac91ee90e062cbc0e567362739b2c16de48e16accac7a31bf0c9d2ae42be4a5a.exe,data\raw\benign\ac91ee90e062cbc0e567362739b2c16de48e16accac7a31bf0c9d2ae42be4a5a.exe,71680,68,1,0,0,0,0.014705882352941176,executable,1,0,0,0,0,1,1,0,0,0,2,6.496359131567194,5.606451157978156,0.3402064732142857,0.17898995535714285,256,0,0,0,0,0,0,0,0,0,0,0,0,0.0,0
benign,ad3ec8fc0bde9b463ceeec97c7a88ae8fba1d75caa4ddde6cfadf77426fbbc57.exe,data\raw\benign\ad3ec8fc0bde9b463ceeec97c7a88ae8fba1d75caa4ddde6cfadf77426fbbc57.exe,1288248,68,1,0,0,0,0.014705882352941176,executable,1,0,0,0,0,1,1,0,0,0,5,6.345778855323564,5.627384626182699,0.35046512783252914,0.1955966553023952,256,24,0,28,0,0,0,28,28,0,0,0,0,0.0,0
benign,ad76acddd3ad76afb24795a312e7000c1cb3349a2df4ab9e97eef486fe621c0e.exe,data\raw\benign\ad76acddd3ad76afb24795a312e7000c1cb3349a2df4ab9e97eef486fe621c0e.exe,223232,68,1,0,0,0,0.014705882352941176,executable,1,0,0,0,0,1,1,0,0,0,4,5.684941114789798,5.5167068126568,0.1789214807912844,0.3536500143348624,256,0,2,0,0,0,0,0,0,0,0,0,0,0.0,0
benign,ae301ae526ffaa5f1db25268221ace5d9444df50b30171f367f67f64e3fd4fa2.exe,data\raw\benign\ae301ae526ffaa5f1db25268221ace5d9444df50b30171f367f67f64e3fd4fa2.exe,47168,68,1,0,0,0,0.014705882352941176,executable,1,0,0,0,0,1,1,0,0,0,9,6.037772879868265,5.435653466346866,0.39719725237449116,0.2899847354138399,256,20,1,0,0,0,0,0,0,0,0,0,0,0.0,0
benign,ae484f4c0341f050d40d3e148be8d11ce86358349ddf3100dbf7d605780a5f95.exe,data\raw\benign\ae484f4c0341f050d40d3e148be8d11ce86358349ddf3100dbf7d605780a5f95.exe,93640,68,1,0,0,0,0.014705882352941176,executable,1,0,0,0,0,1,1,0,0,0,1,6.131416033233218,5.216833121733417,0.4988786843229389,0.21146945749679624,256,17,3,2,1,0,0,2,3,0,0,0,0,0.0,0
benign,ae8b7135284c9f111b34bf7ef631350b98f35298adafd7269bd364f63bb74b2e.exe,data\raw\benign\ae8b7135284c9f111b34bf7ef631350b98f35298adafd7269bd364f63bb74b2e.exe,293464,68,1,0,0,0,0.014705882352941176,executable,1,0,0,0,0,1,1,0,0,0,4,6.607818284988433,4.702361438670195,0.1396423411389472,0.09232137502385301,256,18,11,1,0,0,0,1,1,0,0,0,0,0.0,0
benign,aef07a66bf0542b0c4641a595b9c72adb6623c9f7f4a35ee5238068e090c178e.exe,data\raw\benign\aef07a66bf0542b0c4641a595b9c72adb6623c9f7f4a35ee5238068e090c178e.exe,54952,68,1,0,0,0,0.014705882352941176,executable,1,0,0,0,0,1,1,0,0,0,9,6.111937684872368,5.414779694987444,0.4067913815693696,0.27507643033920515,256,20,1,0,0,0,0,0,0,0,0,0,0,0.0,0
benign,af4f6308343a0141f8f48d21b5f7e1946c2983f69841d03399628d558ae03c46.exe,data\raw\benign\af4f6308343a0141f8f48d21b5f7e1946c2983f69841d03399628d558ae03c46.exe,169984,68,1,0,0,0,0.014705882352941176,executable,1,0,0,0,0,1,1,0,0,0,3,6.416813979187934,5.584894329120027,0.22546239646084337,0.2708196065512048,256,2,2,0,0,0,0,0,0,0,0,0,0,0.0,0
benign,af50bf38e1612222d51c1e66bb3410a6e771bc5003050a1458d8731571038c46.exe,data\raw\benign\af50bf38e1612222d51c1e66bb3410a6e771bc5003050a1458d8731571038c46.exe,81352,68,1,0,0,0,0.014705882352941176,executable,1,0,0,0,0,1,1,0,0,0,10,6.183089578204492,5.262711465522165,0.37407808044055463,0.2535647556298554,256,20,1,0,0,0,0,0,0,0,0,0,0,0.0,0
benign,af535d2577e5b48270fa8af03579b8fba2176d4e3e777c68894bf6a0aea3eefb.exe,data\raw\benign\af535d2577e5b48270fa8af03579b8fba2176d4e3e777c68894bf6a0aea3eefb.exe,77752,68,1,0,0,0,0.014705882352941176,executable,1,0,0,0,0,1,1,0,0,0,1,6.310713071398204,5.092566711579266,0.46222605206296946,0.20422625784545737,256,18,2,2,0,0,0,2,2,0,0,0,0,0.0,0
benign,af647fcba328c6a41c6512dc34248b7c0413d5db337be2cba1fc3761855ddce6.exe,data\raw\benign\af647fcba328c6a41c6512dc34248b7c0413d5db337be2cba1fc3761855ddce6.exe,56080,68,1,0,0,0,0.014705882352941176,executable,1,0,0,0,0,1,1,0,0,0,9,5.962978662187647,5.383401072361472,0.4112517831669044,0.2915477888730385,256,20,1,0,0,0,0,0,0,0,0,0,0,0.0,0
benign,af689ff48617cddca4a3881ef6fe4719a422c9ab37bcc26f90556ac36ff1a3f0.exe,data\raw\benign\af689ff48617cddca4a3881ef6fe4719a422c9ab37bcc26f90556ac36ff1a3f0.exe,34304,68,1,0,0,0,0.014705882352941176,executable,1,0,0,0,0,1,1,0,0,0,3,6.119796195367418,4.877115859262814,0.3109549906716418,0.23621152052238806,256,0,1,0,0,0,0,0,0,0,0,0,0,0.0,0
benign,afece3559e7425d5cfa1f015525cde6998b13129ae13a36282271d4341b11645.exe,data\raw\benign\afece3559e7425d5cfa1f015525cde6998b13129ae13a36282271d4341b11645.exe,39328,68,1,0,0,0,0.014705882352941176,executable,1,0,0,0,0,1,1,0,0,0,2,6.46538028156146,4.62265624100919,0.392163344182262,0.20168836452400327,256,5,1,0,0,0,0,0,0,0,0,0,0,0.0,0
benign,b01bfe8ab2002184ecbdbd338b112ad400fa83c4519dc499902bb9d0ad389013.exe,data\raw\benign\b01bfe8ab2002184ecbdbd338b112ad400fa83c4519dc499902bb9d0ad389013.exe,56288,68,1,0,0,0,0.014705882352941176,executable,1,0,0,0,0,1,1,0,0,0,9,6.037612947850866,5.253869889229941,0.39161100056850484,0.2891202387720296,256,22,1,0,0,0,0,0,0,0,0,0,0,0.0,0
benign,b01ebabccdd9ba01a12d94191864a364100ea7978ddea792b99f614b7c267ceb.exe,data\raw\benign\b01ebabccdd9ba01a12d94191864a364100ea7978ddea792b99f614b7c267ceb.exe,21504,68,1,0,0,0,0.014705882352941176,executable,1,0,0,0,0,1,1,0,0,0,9,5.181323674007082,5.204998070098609,0.30129278273809523,0.39541480654761907,256,0,0,0,0,0,0,0,0,0,0,0,0,0.0,0
benign,b02c253a85455b8eed9550325ba6b8a55b745281a7d1dbec58eb49e7d126b4cb.exe,data\raw\benign\b02c253a85455b8eed9550325ba6b8a55b745281a7d1dbec58eb49e7d126b4cb.exe,375296,68,1,0,0,0,0.014705882352941176,executable,1,0,0,0,0,1,1,0,0,0,6,6.459575691241052,5.118411475026355,0.2853081301159618,0.23893673260572987,256,1,2,0,0,0,0,0,0,0,0,0,0,0.0,0
benign,b06008d06459302d9da4a6ae512bc678ecdcb20e8e55741399b1228eac420fd6.exe,data\raw\benign\b06008d06459302d9da4a6ae512bc678ecdcb20e8e55741399b1228eac420fd6.exe,145872,68,1,0,0,0,0.014705882352941176,executable,1,0,0,0,0,1,1,0,0,0,7,6.366285051733705,4.991075923635238,0.4734698914116486,0.20532384556323352,256,32,40,6,0,0,0,6,6,0,0,0,0,0.0,0
benign,b092b05340dbdbfd5d9fcaadd255c79cf358b24e2680a4a159b194762fe0b36e.exe,data\raw\benign\b092b05340dbdbfd5d9fcaadd255c79cf358b24e2680a4a159b194762fe0b36e.exe,68648,68,1,0,0,0,0.014705882352941176,executable,1,0,0,0,0,1,1,0,0,0,2,6.444382684418412,5.136738923602348,0.46546148467544574,0.1788690129355553,256,17,4,3,0,0,0,3,3,0,0,0,0,0.0,0
benign,b0eea66f156eec3be63fea4011f72515651ff6007b32f741008f22b0c01d892e.exe,data\raw\benign\b0eea66f156eec3be63fea4011f72515651ff6007b32f741008f22b0c01d892e.exe,78336,68,1,0,0,0,0.014705882352941176,executable,1,0,0,0,0,1,1,0,0,0,3,5.575299567141088,4.014657248824868,0.3029641544117647,0.35213694852941174,256,0,2,1,0,0,0,1,1,0,0,0,0,0.0,0
benign,b14322fa433e93a9d512829bb351f959fbf6543fc3c2eeb06d8af60cb8312dc8.exe,data\raw\benign\b14322fa433e93a9d512829bb351f959fbf6543fc3c2eeb06d8af60cb8312dc8.exe,757760,68,1,0,0,0,0.014705882352941176,executable,1,0,0,0,0,1,1,0,0,0,6,6.090542029330254,5.443700257477616,0.31752269847972975,0.2544552364864865,256,0,1,18,1,0,0,18,19,0,0,0,0,0.0,0
benign,b155a83cd2a33da9c9b89b8f979c42a3d39edf54e0d2937d3cffc22bd8b4274d.exe,data\raw\benign\b155a83cd2a33da9c9b89b8f979c42a3d39edf54e0d2937d3cffc22bd8b4274d.exe,43960,68,1,0,0,0,0.014705882352941176,executable,1,0,0,0,0,1,1,0,0,0,9,6.121411819220155,5.254387141904998,0.38782984531392173,0.2813239308462238,256,20,1,0,0,0,0,0,0,0,0,0,0,0.0,0
benign,b175881264f15c69ee6819b976e8981a6ebfe07a57b3ac84878de5a55cb26374.exe,data\raw\benign\b175881264f15c69ee6819b976e8981a6ebfe07a57b3ac84878de5a55cb26374.exe,83456,68,1,0,0,0,0.014705882352941176,executable,1,0,0,0,0,1,1,0,0,0,4,7.071389520438436,4.815488393151735,0.2741684240797546,0.1914182323619632,256,1,1,0,0,0,0,0,0,0,0,0,0,0.0,0
benign,b1a95a04cbdca12bd84cfe3f86e8ac11f33752171347ee1435fce13e5bff5195.exe,data\raw\benign\b1a95a04cbdca12bd84cfe3f86e8ac11f33752171347ee1435fce13e5bff5195.exe,78848,68,1,0,0,0,0.014705882352941176,executable,1,0,0,0,0,1,1,0,0,0,3,6.1920782077347996,3.40087104664513,0.3099127435064935,0.21207893668831168,256,0,1,0,0,0,0,0,0,0,0,0,0,0.0,0
benign,b1ad1afbe24fad21bbb633124c4d21f36871a0d3cba498cfcc049eb3a358449e.exe,data\raw\benign\b1ad1afbe24fad21bbb633124c4d21f36871a0d3cba498cfcc049eb3a358449e.exe,1451352,68,1,0,0,0,0.014705882352941176,executable,1,0,0,0,0,1,1,0,0,0,17,6.676373479952909,5.886014133255565,0.34970358672465396,0.14410218885563253,256,11,1,6,0,0,0,6,6,0,0,0,0,0.0,0
benign,b1f1680b803f5acbde994aad28fe12ed7a21d0708d2f5fbfc650ff33d67dd48c.ole,data\raw\benign\b1f1680b803f5acbde994aad28fe12ed7a21d0708d2f5fbfc650ff33d67dd48c.ole,6632477,68,0,0,0,0,0.014705882352941176,unknown,0,0,0,0,1,1,0,0,0,0,224,7.996022853541941,6.45088494497467,0.36841228397776576,0.007828297029903007,256,32,0,0,2,0,0,0,2,0,0,0,0,0.0,0
benign,b207f025c13b2bf433eb5e2f82bd8f6c0c6853c8317fed4ca308d185f4ccd345.exe,data\raw\benign\b207f025c13b2bf433eb5e2f82bd8f6c0c6853c8317fed4ca308d185f4ccd345.exe,59208,68,1,0,0,0,0.014705882352941176,executable,1,0,0,0,0,1,1,0,0,0,9,6.013920289263849,5.192792760198853,0.38385015538440753,0.2910079718956898,256,20,1,0,0,0,0,0,0,0,0,0,0,0.0,0
benign,b24b0081430615ffa8993929656fb3efe2450fe6862f6b6a77280d185e6757ad.exe,data\raw\benign\b24b0081430615ffa8993929656fb3efe2450fe6862f6b6a77280d185e6757ad.exe,97872,68,1,0,0,0,0.014705882352941176,executable,1,0,0,0,0,1,1,0,0,0,2,6.131348987462828,5.770645587025088,0.33148397907470983,0.2397825731567762,256,7,0,0,0,0,0,0,0,0,0,0,0,0.0,0
benign,b25976b4e32dcc3884ac0c8aa1e8416d483ef8598d232ac788e917f8967ff131.exe,data\raw\benign\b25976b4e32dcc3884ac0c8aa1e8416d483ef8598d232ac788e917f8967ff131.exe,518432,68,1,0,0,0,0.014705882352941176,executable,1,0,0,0,0,1,1,0,0,0,4,6.673921468113884,5.684587872651162,0.3382160051848651,0.16954971915313868,256,8,0,0,0,0,0,0,0,0,0,0,0,0.0,0
benign,b25e024efdf7212c0d84a648531a2db5c6ef16b2b85e65750e4eb99eef250547.exe,data\raw\benign\b25e024efdf7212c0d84a648531a2db5c6ef16b2b85e65750e4eb99eef250547.exe,1473536,68,1,0,0,0,0.014705882352941176,executable,1,0,0,0,0,1,1,0,0,0,13,6.335514381635654,5.380505805622779,0.32879481736448923,0.18268708738707437,256,4,0,3,0,0,0,3,3,0,0,0,0,0.0,0
benign,b2a4ad4798937c89922dba29ceef46b62e6d220ceb847502402aa1da4ba0593f.exe,data\raw\benign\b2a4ad4798937c89922dba29ceef46b62e6d220ceb847502402aa1da4ba0593f.exe,26848,68,1,0,0,0,0.014705882352941176,executable,1,0,0,0,0,1,1,0,0,0,0,6.735374995509136,5.43200090101977,0.47005363528009536,0.16179976162097737,256,16,1,0,0,0,0,0,0,0,0,0,0,0.0,0
benign,b2ded3ce4b19a18844d4aa90b60dfc1a8d3e9cd7649e7478c524d5c9d035fccc.exe,data\raw\benign\b2ded3ce4b19a18844d4aa90b60dfc1a8d3e9cd7649e7478c524d5c9d035fccc.exe,47232,68,1,0,0,0,0.014705882352941176,executable,1,0,0,0,0,1,1,0,0,0,9,6.0328890170499445,5.312953692068551,0.3960873983739837,0.2915819783197832,256,20,1,0,0,0,0,0,0,0,0,0,0,0.0,0
benign,b4611fee5b2f91172ee8c3ffad96c677f3d648c9bf4e04bb5949a2e8b1d8ba6d.exe,data\raw\benign\b4611fee5b2f91172ee8c3ffad96c677f3d648c9bf4e04bb5949a2e8b1d8ba6d.exe,19968,68,1,0,0,0,0.014705882352941176,executable,1,0,0,0,0,1,1,0,0,0,1,5.931607616756992,5.337041136998566,0.2633713942307692,0.2377804487179487,255,0,0,0,0,0,0,0,0,0,0,0,0,0.0,0
benign,b485014e1dcb4be9fe508c27b8cd2c5457d56f65e2435e1f162ebd477698b6d5.exe,data\raw\benign\b485014e1dcb4be9fe508c27b8cd2c5457d56f65e2435e1f162ebd477698b6d5.exe,60992,68,1,0,0,0,0.014705882352941176,executable,1,0,0,0,0,1,1,0,0,0,9,6.002904073384469,5.260668515397114,0.40749606505771246,0.2864965897166842,256,20,1,0,0,0,0,0,0,0,0,0,0,0.0,0
benign,b4853f76dfe066a5b2aeb3166bac4d6ff1548e9119205f65ac6cab6d165f9850.exe,data\raw\benign\b4853f76dfe066a5b2aeb3166bac4d6ff1548e9119205f65ac6cab6d165f9850.exe,35176,68,1,0,0,0,0.014705882352941176,executable,1,0,0,0,0,1,1,0,0,0,0,6.222060253248849,3.866436278772456,0.382192403911758,0.25454855583352287,256,9,1,0,0,0,0,0,0,0,0,0,0,0.0,0
benign,b493bf6d7085eb97d17dd6516345e65277d3a60b848f11aef283dbba759435e1.exe,data\raw\benign\b493bf6d7085eb97d17dd6516345e65277d3a60b848f11aef283dbba759435e1.exe,21504,68,1,0,0,0,0.014705882352941176,executable,1,0,0,0,0,1,1,0,0,0,9,5.130469629911354,5.227179810831447,0.2836216517857143,0.40294828869047616,255,0,0,0,0,0,0,0,0,0,0,0,0,0.0,0
benign,b4be4ca9053d83301bdd01e6e2568af791aa819798f29fc8cf85eab4037edb4e.exe,data\raw\benign\b4be4ca9053d83301bdd01e6e2568af791aa819798f29fc8cf85eab4037edb4e.exe,72704,68,1,0,0,0,0.014705882352941176,executable,1,0,0,0,0,1,1,0,0,0,4,7.105457708907028,4.504756341068922,0.2958434198943662,0.16186179577464788,256,1,2,0,0,0,0,0,0,0,0,0,0,0.0,0
benign,b4e7447b3732199920a940f3a7c0768ab7040d68290e45c4178d2e0e4365c972.exe,data\raw\benign\b4e7447b3732199920a940f3a7c0768ab7040d68290e45c4178d2e0e4365c972.exe,30168,68,1,0,0,0,0.014705882352941176,executable,1,0,0,0,0,1,1,0,0,0,1,6.6742119669059115,5.379552531200451,0.4810063643595863,0.16361707769822328,256,16,4,0,0,0,0,0,0,0,0,0,0,0.0,0
benign,b563fe6dacdbfd6628da1cffb42d72344ae631ef132345e6756036d2c1adf215.exe,data\raw\benign\b563fe6dacdbfd6628da1cffb42d72344ae631ef132345e6756036d2c1adf215.exe,52800,68,1,0,0,0,0.014705882352941176,executable,1,0,0,0,0,1,1,0,0,0,9,6.018599709430863,5.484017584677707,0.39918560606060605,0.2921401515151515,256,20,1,0,0,0,0,0,0,0,0,0,0,0.0,0
benign,b5703fd17c3ae58ef1f0efb174c8d6f7421c1b6976d1d963327e57675b95a28c.exe,data\raw\benign\b5703fd17c3ae58ef1f0efb174c8d6f7421c1b6976d1d963327e57675b95a28c.exe,310560,68,1,0,0,0,0.014705882352941176,executable,1,0,0,0,0,1,1,0,0,0,4,6.349946726639928,5.417563097659618,0.3554063626996394,0.19120620814013395,256,8,0,0,0,0,2,0,2,0,0,0,0,0.0,0
benign,b596ad2fa8cf15a52b4a18838803e30888c578f04c06a9b115c43f2b515963db.exe,data\raw\benign\b596ad2fa8cf15a52b4a18838803e30888c578f04c06a9b115c43f2b515963db.exe,49688,68,1,0,0,0,0.014705882352941176,executable,1,0,0,0,0,1,1,0,0,0,9,6.058156716811979,5.345560071116125,0.4046852358718403,0.28483738528417324,256,20,1,0,0,0,0,0,0,0,0,0,0,0.0,0
benign,b5d8a878947d4572f77e237450a07671856b8097f859a67b7157d79dbc3073fe.exe,data\raw\benign\b5d8a878947d4572f77e237450a07671856b8097f859a67b7157d79dbc3073fe.exe,36864,68,1,0,0,0,0.014705882352941176,executable,1,0,0,0,0,1,1,0,0,0,3,5.548527961776769,5.633804709493243,0.3639051649305556,0.3161892361111111,256,0,0,0,0,0,0,0,0,0,0,0,0,0.0,0
benign,b626a7ccb68165b2dc38665f84d9d4d6ad9f34745cfeb4fb734dd9d780d2144b.exe,data\raw\benign\b626a7ccb68165b2dc38665f84d9d4d6ad9f34745cfeb4fb734dd9d780d2144b.exe,60608,68,1,0,0,0,0.014705882352941176,executable,1,0,0,0,0,1,1,0,0,0,2,6.650569519347148,5.74149372118046,0.3946838701161563,0.19353880675818375,256,16,0,1,0,0,0,1,1,0,0,0,0,0.0,0
benign,b671679adcb94f1075df36ec558fe66b077e77778f8064531c114b300d65ca1c.exe,data\raw\benign\b671679adcb94f1075df36ec558fe66b077e77778f8064531c114b300d65ca1c.exe,33280,68,1,0,0,0,0.014705882352941176,executable,1,0,0,0,0,1,1,0,0,0,0,6.161293272845833,5.157105575693277,0.318359375,0.19047475961538463,256,1,0,0,0,0,0,0,0,0,0,0,0,0.0,0
benign,b6e97dbf4ec13dec0324ab2d66b8c771d4da6539087d84bf009b9a80b0f78799.exe,data\raw\benign\b6e97dbf4ec13dec0324ab2d66b8c771d4da6539087d84bf009b9a80b0f78799.exe,59904,68,1,0,0,0,0.014705882352941176,executable,1,0,0,0,0,1,1,0,0,0,9,5.982779237116219,5.176097220240544,0.3974859775641026,0.29320245726495725,256,20,1,0,0,0,0,0,0,0,0,0,0,0.0,0
benign,b7d85b472b49a22a188cefabe32d0df2f44b02303e90dca3ef4c88347d07ca62.ole,data\raw\benign\b7d85b472b49a22a188cefabe32d0df2f44b02303e90dca3ef4c88347d07ca62.ole,120832,68,0,0,0,0,0.014705882352941176,unknown,0,0,0,0,1,0,0,0,0,0,4,7.361878123407116,3.9722046941548665,0.3380809719279661,0.13947464247881355,256,0,0,0,0,0,0,0,0,0,0,0,0,0.0,0
benign,b8509895729b9ceded9f2c025c395c680b129be6817e1f9fc9ab779147851353.ole,data\raw\benign\b8509895729b9ceded9f2c025c395c680b129be6817e1f9fc9ab779147851353.ole,42745,68,0,0,0,0,0.014705882352941176,unknown,0,0,0,0,1,1,0,0,0,0,27,7.517466312202539,6.170362693865705,0.3490934612235349,0.12263422622528951,256,0,0,0,0,0,0,0,0,0,0,0,0,0.0,0
benign,b87a5b63ce6a27c31b22feb408f23b5fbd586e9fb0b8622c87bdc5f02e59b001.exe,data\raw\benign\b87a5b63ce6a27c31b22feb408f23b5fbd586e9fb0b8622c87bdc5f02e59b001.exe,134656,68,1,0,0,0,0.014705882352941176,executable,1,0,0,0,0,1,1,0,0,0,9,6.265520377038604,5.52576726415701,0.36042211264258556,0.19489662547528516,256,4,0,0,0,0,0,0,0,0,0,0,0,0.0,0
benign,b8b13e80b85787367fc3130fa98f7243baec3596ea69b7504feee8aa4db5ce9c.exe,data\raw\benign\b8b13e80b85787367fc3130fa98f7243baec3596ea69b7504feee8aa4db5ce9c.exe,71680,68,1,0,0,0,0.014705882352941176,executable,1,0,0,0,0,1,1,0,0,0,3,5.925061090129801,5.506507929628353,0.35877511160714287,0.25595703125,256,0,1,2,0,0,0,2,2,0,0,0,0,0.0,0
benign,b8f322652153ca2ef212394bc7e13f10025515a956b902d0e06529aa8cfc9320.exe,data\raw\benign\b8f322652153ca2ef212394bc7e13f10025515a956b902d0e06529aa8cfc9320.exe,52208,68,1,0,0,0,0.014705882352941176,executable,1,0,0,0,0,1,1,0,0,0,9,6.055975386450636,5.313001899912512,0.3986745326386761,0.2863162733680662,256,20,1,0,0,0,0,0,0,0,0,0,0,0.0,0
benign,b9a79c3a6a9c2ec95a6bff9d4960643a12ccdf7404e70935d38144b7c8010605.ole,data\raw\benign\b9a79c3a6a9c2ec95a6bff9d4960643a12ccdf7404e70935d38144b7c8010605.ole,31744,68,0,0,0,0,0.014705882352941176,unknown,0,0,0,0,1,0,0,0,0,0,5,3.8530900484644426,3.78183010094977,0.2019594254032258,0.5706275201612904,256,1,0,0,0,0,0,0,0,0,0,0,0,0.0,0
benign,b9c7509ebbeae6d496fbb90d16dca2bcdac8db1288fd7c0ffa4b8ebe2f3eac5f.exe,data\raw\benign\b9c7509ebbeae6d496fbb90d16dca2bcdac8db1288fd7c0ffa4b8ebe2f3eac5f.exe,48440,68,1,0,0,0,0.014705882352941176,executable,1,0,0,0,0,1,1,0,0,0,9,5.9962258155804955,5.284856896181234,0.40299339388934763,0.29465317919075146,256,20,1,0,0,0,0,0,0,0,0,0,0,0.0,0
benign,ba33cf86865dfbcc58ddbc9339e6baab5a8b4b03019008ee914cc1891daf58b9.ole,data\raw\benign\ba33cf86865dfbcc58ddbc9339e6baab5a8b4b03019008ee914cc1891daf58b9.ole,8859507,68,0,0,0,0,0.014705882352941176,unknown,0,0,0,0,1,1,0,0,0,0,439,7.97268557571176,6.661112980758827,0.3602565018572704,0.01166340294104401,256,15,0,2,0,0,0,2,2,0,0,0,0,0.0,0
benign,ba71001ab28fc93abd28af19257fe7eb6365a33e755ea221417f44ca0f9e6ec9.exe,data\raw\benign\ba71001ab28fc93abd28af19257fe7eb6365a33e755ea221417f44ca0f9e6ec9.exe,72792,68,1,0,0,0,0.014705882352941176,executable,1,0,0,0,0,1,1,0,0,0,0,5.69794047411341,0.4269080187539043,0.4033272887130454,0.3197604132322233,256,18,3,3,0,0,0,3,3,0,0,0,0,0.0,0
benign,ba7fc2011aae587df6179f7657cc4cf337da0cfe235f209b98c1e95bd17abb07.exe,data\raw\benign\ba7fc2011aae587df6179f7657cc4cf337da0cfe235f209b98c1e95bd17abb07.exe,48840,68,1,0,0,0,0.014705882352941176,executable,1,0,0,0,0,1,1,0,0,0,2,6.164987497978968,5.64069683063076,0.3118959868959869,0.2551392301392301,256,16,0,1,0,0,0,1,1,0,0,0,0,0.0,0
benign,ba82518aa2e7f9481e30c696537542c5d25d9ed5dfa12c4bd933e7084299caa9.exe,data\raw\benign\ba82518aa2e7f9481e30c696537542c5d25d9ed5dfa12c4bd933e7084299caa9.exe,349184,68,1,0,0,0,0.014705882352941176,executable,1,0,0,0,0,1,1,0,0,0,1,6.480516473395772,5.790059015452517,0.30691555168621704,0.15891048845307917,256,3,0,2,61,0,0,2,63,0,0,0,0,0.0,0
benign,ba8f214c82e335b1b003114bf92450b47e1e07d8e23a165564405a2338c755e1.exe,data\raw\benign\ba8f214c82e335b1b003114bf92450b47e1e07d8e23a165564405a2338c755e1.exe,68944,68,1,0,0,0,0.014705882352941176,executable,1,0,0,0,0,1,1,0,0,0,3,6.196186386737821,4.589930161816913,0.38418136458575075,0.2539452309120446,256,5,1,2,0,0,0,2,2,0,0,0,0,0.0,0
benign,bad0f7e1c8db0923888fa5e93b4685ec60c4e5097a40547803a756eff49b69e4.ole,data\raw\benign\bad0f7e1c8db0923888fa5e93b4685ec60c4e5097a40547803a756eff49b69e4.ole,75776,68,0,0,0,0,0.014705882352941176,unknown,0,0,0,0,1,0,0,0,0,0,0,3.5650724606827437,3.848599563934505,0.17632231841216217,0.6050860430743243,256,0,0,0,0,0,0,0,0,0,0,0,0,0.0,0
benign,bb13a981b2537e60e86ffcc1e55706a1e5b3814b03194ef859a1816e7a3c667a.exe,data\raw\benign\bb13a981b2537e60e86ffcc1e55706a1e5b3814b03194ef859a1816e7a3c667a.exe,59904,68,1,0,0,0,0.014705882352941176,executable,1,0,0,0,0,1,1,0,0,0,9,5.998819501702432,5.408336714462794,0.3098457532051282,0.2547242254273504,256,0,0,1,1,0,0,1,2,0,0,0,0,0.0,0
benign,bb6d22555aad3510ec96713f5ea4158d7bc02b75c8b344694654c8c8e0dccb98.exe,data\raw\benign\bb6d22555aad3510ec96713f5ea4158d7bc02b75c8b344694654c8c8e0dccb98.exe,59208,68,1,0,0,0,0.014705882352941176,executable,1,0,0,0,0,1,1,0,0,0,1,4.982570184527513,0.46201595327017086,0.41070463450885014,0.405435076341035,256,5,3,0,0,0,0,0,0,0,0,0,0,0.0,0
benign,bb9f775dc3b13eccd5b1b4c6c71c8cd7f98246f9c65806f5b4749eb87c38da87.exe,data\raw\benign\bb9f775dc3b13eccd5b1b4c6c71c8cd7f98246f9c65806f5b4749eb87c38da87.exe,17376,68,1,0,0,0,0.014705882352941176,executable,1,0,0,0,0,1,1,0,0,0,0,6.560235511741951,6.318550897622254,0.30547882136279925,0.13213627992633517,256,0,0,0,0,0,0,0,0,0,0,0,0,0.0,0
benign,bba0a97a71cce8e07936ef644b34bfd142fa06bd5a3e00c4affbf0596ceddf46.exe,data\raw\benign\bba0a97a71cce8e07936ef644b34bfd142fa06bd5a3e00c4affbf0596ceddf46.exe,67328,68,1,0,0,0,0.014705882352941176,executable,1,0,0,0,0,1,1,0,0,0,9,6.1311877923158855,5.471340224634985,0.3938480275665399,0.2695015446768061,256,20,1,0,0,0,0,0,0,0,0,0,0,0.0,0
benign,bbe49e5a78839ff45e810d4d0e99457d0421f9dd03b08f00a8cdbe750a21a07f.exe,data\raw\benign\bbe49e5a78839ff45e810d4d0e99457d0421f9dd03b08f00a8cdbe750a21a07f.exe,71056,68,1,0,0,0,0.014705882352941176,executable,1,0,0,0,0,1,1,0,0,0,9,6.0657740604841575,5.429262747833353,0.3903259401035803,0.27499437063724386,256,20,1,0,0,0,0,0,0,0,0,0,0,0.0,0
benign,bc0bd5890b4ce517d19fd8cf506bb54a4708786709fdaee4a0c624fb5523150f.ole,data\raw\benign\bc0bd5890b4ce517d19fd8cf506bb54a4708786709fdaee4a0c624fb5523150f.ole,1547680,68,0,0,0,0,0.014705882352941176,unknown,0,0,0,0,1,1,0,0,0,0,203,7.987549053504612,6.6629452118442,0.37196190426961645,0.011716892380853923,256,7,0,1,0,0,0,1,1,0,0,0,0,0.0,0
benign,bc81bcc2425d129d84a478eb842b09552681a23acd1075339b60b4156eb7cd2e.exe,data\raw\benign\bc81bcc2425d129d84a478eb842b09552681a23acd1075339b60b4156eb7cd2e.exe,307712,68,1,0,0,0,0.014705882352941176,executable,1,0,0,0,0,1,1,0,0,0,1,6.5160569530714785,5.52355321847026,0.30482399126455906,0.14474573627287854,256,1,0,2,1,0,0,2,3,0,0,0,0,0.0,0
benign,bcba1e02e54c18224ddba76e1a980a212819a619f1aca68f2d0fc463140e5260.exe,data\raw\benign\bcba1e02e54c18224ddba76e1a980a212819a619f1aca68f2d0fc463140e5260.exe,665912,68,1,0,0,0,0.014705882352941176,executable,1,0,0,0,0,1,1,0,0,0,5,5.9523041293704315,5.713538674257173,0.3133206790086378,0.2294957892334122,256,16,1,1,0,0,0,1,1,0,0,0,0,0.0,0
benign,bcc0cc3013ea2916fc8215a84e8b47a5ec7b733bbe414c57629e507ab89f50ba.exe,data\raw\benign\bcc0cc3013ea2916fc8215a84e8b47a5ec7b733bbe414c57629e507ab89f50ba.exe,33280,68,1,0,0,0,0.014705882352941176,executable,1,0,0,0,0,1,1,0,0,0,0,6.1578584789851964,5.3795799940346845,0.3415264423076923,0.19483173076923077,256,1,0,0,0,0,0,0,0,0,0,0,0,0.0,0
benign,bcda530fcc6440d26d36df253a0e9cab5674550397e3715d71c63bd9d649366f.exe,data\raw\benign\bcda530fcc6440d26d36df253a0e9cab5674550397e3715d71c63bd9d649366f.exe,89600,68,1,0,0,0,0.014705882352941176,executable,1,0,0,0,0,1,1,0,0,0,0,6.508420599285552,4.634120547814989,0.37825892857142857,0.1778013392857143,256,0,0,1,0,0,0,1,1,0,0,0,0,0.0,0
benign,bcef2a6fa63665d1ebe119a8f12ad31062a09e22a37c75cc9de5479d1cc6763d.exe,data\raw\benign\bcef2a6fa63665d1ebe119a8f12ad31062a09e22a37c75cc9de5479d1cc6763d.exe,55128,68,1,0,0,0,0.014705882352941176,executable,1,0,0,0,0,1,1,0,0,0,9,6.021897600430921,5.460437581088113,0.3928312291394573,0.29255550718328255,256,20,1,0,0,0,0,0,0,0,0,0,0,0.0,0
benign,bd0830ac0ecb2aeb31cb95cea634209f35aaca1da9d72ea7c40b9a767a920f2f.exe,data\raw\benign\bd0830ac0ecb2aeb31cb95cea634209f35aaca1da9d72ea7c40b9a767a920f2f.exe,59848,68,1,0,0,0,0.014705882352941176,executable,1,0,0,0,0,1,1,0,0,0,2,6.014398307933433,4.527578963498196,0.3872644031546585,0.29762063895201174,256,16,1,1,0,0,0,1,1,0,0,0,0,0.0,0
benign,bd0f479d25efdff29a2fb8724675d98ee2d557a1b5d8b555b2b39108f1a46ce0.exe,data\raw\benign\bd0f479d25efdff29a2fb8724675d98ee2d557a1b5d8b555b2b39108f1a46ce0.exe,109400,68,1,0,0,0,0.014705882352941176,executable,1,0,0,0,0,1,1,0,0,0,5,6.81721869508059,5.134290707520519,0.31592321755027425,0.21480804387568556,256,13,0,2,0,0,0,2,2,0,0,0,0,0.0,0
benign,bd275f25b96e610bc657eae9b8b166defd7e1ec2d6d86f72127eab7a56319045.exe,data\raw\benign\bd275f25b96e610bc657eae9b8b166defd7e1ec2d6d86f72127eab7a56319045.exe,59968,68,1,0,0,0,0.014705882352941176,executable,1,0,0,0,0,1,1,0,0,0,9,6.040837441932984,5.266463596695387,0.39552761472785486,0.28436832977588045,256,20,1,0,0,0,0,0,0,0,0,0,0,0.0,0
benign,bd5a69a9c5a213a0d48f8aa335c4d111629bffc9678610a449f8b1aea55da018.exe,data\raw\benign\bd5a69a9c5a213a0d48f8aa335c4d111629bffc9678610a449f8b1aea55da018.exe,67368,68,1,0,0,0,0.014705882352941176,executable,1,0,0,0,0,1,1,0,0,0,9,6.135373133445524,5.193429708361348,0.38255551597197485,0.2724290464315402,256,20,1,0,0,0,0,0,0,0,0,0,0,0.0,0
benign,bd612f120493d5b295283032cb7ec45e82c12647dedc9c12651c2ec6e3791038.exe,data\raw\benign\bd612f120493d5b295283032cb7ec45e82c12647dedc9c12651c2ec6e3791038.exe,68952,68,1,0,0,0,0.014705882352941176,executable,1,0,0,0,0,1,1,0,0,0,4,5.999891039007681,5.023456364814252,0.33661097575124727,0.23526511196194455,256,12,0,1,0,0,0,1,1,0,0,0,0,0.0,0
benign,bd883a85575a884b50ede4b4ba8991c453aaf4f80a5f561666e667f081c020f2.exe,data\raw\benign\bd883a85575a884b50ede4b4ba8991c453aaf4f80a5f561666e667f081c020f2.exe,1975296,68,1,0,0,0,0.014705882352941176,executable,1,0,0,0,0,1,1,0,0,0,39,7.466946018403752,4.323624084265436,0.37315875696604456,0.10793774705158113,256,78,47,2,0,0,0,2,2,0,0,0,0,0.0,0
benign,bdb7f88489766e317f82c3a9e4171eac231e5d024b506b3f6aa2e0b927c8eb5c.exe,data\raw\benign\bdb7f88489766e317f82c3a9e4171eac231e5d024b506b3f6aa2e0b927c8eb5c.exe,89032,68,1,0,0,0,0.014705882352941176,executable,1,0,0,0,0,1,1,0,0,0,9,6.125870861160431,5.387414454666743,0.4027203702039716,0.2595022014556564,256,20,1,0,0,0,0,0,0,0,0,0,0,0.0,0
benign,bdd41d65a67e87653abaa454166fc37b38ca219ec76f73dd27012ec7f4add8df.exe,data\raw\benign\bdd41d65a67e87653abaa454166fc37b38ca219ec76f73dd27012ec7f4add8df.exe,138736,68,1,0,0,0,0.014705882352941176,executable,1,0,0,0,0,1,1,0,0,0,2,6.305060693998258,5.62989959884217,0.355675527620805,0.21037798408488065,256,13,0,0,1,0,0,0,1,0,0,0,0,0.0,0
benign,bdfa725ec2a2c8ea5861d9b4c2f608e631a183fca7916c1e07a28b656cc8ec0c.exe,data\raw\benign\bdfa725ec2a2c8ea5861d9b4c2f608e631a183fca7916c1e07a28b656cc8ec0c.exe,175800,68,1,0,0,0,0.014705882352941176,executable,1,0,0,0,0,1,1,0,0,0,1,6.631791793070414,4.709057400287752,0.3651535836177474,0.15684300341296928,256,12,0,0,0,0,0,0,0,0,0,0,0,0.0,0
benign,be45bf94be32e9cf2cdc32d3f5b749cc2f5427b29004ea1ad9a11ae8b21bc842.exe,data\raw\benign\be45bf94be32e9cf2cdc32d3f5b749cc2f5427b29004ea1ad9a11ae8b21bc842.exe,107520,68,1,0,0,0,0.014705882352941176,executable,1,0,0,0,0,1,1,0,0,0,9,6.005785439954659,5.548954170358068,0.33391927083333334,0.25225074404761905,256,1,1,0,0,0,0,0,0,0,0,0,0,0.0,0
benign,be4e345e6b82e8092455aa56c64030709c290a0c3fa5b95eca2203da9708df66.exe,data\raw\benign\be4e345e6b82e8092455aa56c64030709c290a0c3fa5b95eca2203da9708df66.exe,957082,68,1,0,0,0,0.014705882352941176,executable,1,0,0,0,0,1,1,0,0,0,14,7.979640859246189,5.59405305337317,0.36773233641422576,0.01658687552372733,256,1,2,0,1,0,0,0,1,0,0,0,0,0.0,0
benign,be87b2f36ccbcf2dc47d256597503d93c4d27c31b235eb6d262cdb8207668b89.exe,data\raw\benign\be87b2f36ccbcf2dc47d256597503d93c4d27c31b235eb6d262cdb8207668b89.exe,377824,68,1,0,0,0,0.014705882352941176,executable,1,0,0,0,0,1,1,0,0,0,4,6.049203511149721,4.819519089851976,0.49008268400101634,0.22326003641907344,256,16,493,4,0,0,0,4,4,0,0,0,0,0.0,0
benign,bfb60968447fd09d11aa5cf30add3e591bab3d69da10d9ef178eb68db966f157.exe,data\raw\benign\bfb60968447fd09d11aa5cf30add3e591bab3d69da10d9ef178eb68db966f157.exe,120664,68,1,0,0,0,0.014705882352941176,executable,1,0,0,0,0,1,1,0,0,0,5,6.791322255495101,5.185316831284024,0.3293691573294437,0.21525890074918783,256,13,1,0,0,0,0,0,0,0,0,0,0,0.0,0
benign,bfd212e78b058423da320592dd78766e41462ffa410010cce99d6c31f7c25bde.exe,data\raw\benign\bfd212e78b058423da320592dd78766e41462ffa410010cce99d6c31f7c25bde.exe,64952,68,1,0,0,0,0.014705882352941176,executable,1,0,0,0,0,1,1,0,0,0,9,6.109426741953954,5.30184601450784,0.4027897524325656,0.27203165414459907,256,20,1,0,0,0,0,0,0,0,0,0,0,0.0,0
benign,c0975115208399a8e9fbec2d9dee70af458b44471c8d8ac1b09c21631f9dbc4a.exe,data\raw\benign\c0975115208399a8e9fbec2d9dee70af458b44471c8d8ac1b09c21631f9dbc4a.exe,38400,68,1,0,0,0,0.014705882352941176,executable,1,0,0,0,0,1,1,0,0,0,9,5.582419561530028,5.186083356048098,0.39424479166666665,0.31786458333333334,256,1,0,0,0,0,0,0,0,0,0,0,0,0.0,0
benign,c0bff7634b380159a5472a834ef525fc1dbc0c5a7d1893b7ececd2a66abaeccf.exe,data\raw\benign\c0bff7634b380159a5472a834ef525fc1dbc0c5a7d1893b7ececd2a66abaeccf.exe,388536,68,1,0,0,0,0.014705882352941176,executable,1,0,0,0,0,1,1,0,0,0,2,5.9852673087432855,3.9364275354772387,0.2994420079477835,0.31070222579117507,256,16,1,1,0,0,0,1,1,0,0,0,0,0.0,0
benign,c0d3678c8daab044fcf5f99e09034ee5faade2e62b764d6538ff9c5a56957c5f.exe,data\raw\benign\c0d3678c8daab044fcf5f99e09034ee5faade2e62b764d6538ff9c5a56957c5f.exe,64000,68,1,0,0,0,0.014705882352941176,executable,1,0,0,0,0,1,1,0,0,0,2,6.43226004587183,5.524000287855143,0.3656875,0.184828125,256,0,0,0,1,0,0,0,1,0,0,0,0,0.0,0
benign,c0dcc641eb9a65b69b4c2f6941c73fd510f21505a0b87a4af548b5712b8e6a10.exe,data\raw\benign\c0dcc641eb9a65b69b4c2f6941c73fd510f21505a0b87a4af548b5712b8e6a10.exe,80600,68,1,0,0,0,0.014705882352941176,executable,1,0,0,0,0,1,1,0,0,0,4,6.01656203449017,4.676909808304875,0.2593424317617866,0.29550868486352355,256,10,2,0,0,0,0,0,0,0,0,0,0,0.0,0
benign,c1409cf7edc4ae0df90deba32e1087ec4fca5052809197edafb417a58172c0a5.exe,data\raw\benign\c1409cf7edc4ae0df90deba32e1087ec4fca5052809197edafb417a58172c0a5.exe,807936,68,1,0,0,0,0.014705882352941176,executable,1,0,0,0,0,1,1,0,0,0,112,5.8737231790634725,5.532754679609065,0.22380485583016477,0.09238107968948035,256,1,2,15,0,0,0,15,15,0,0,0,0,0.0,0
benign,c1536de933e06fd3832c008876559dc99dc38e3f4ec479e9512ceccb39c2f838.exe,data\raw\benign\c1536de933e06fd3832c008876559dc99dc38e3f4ec479e9512ceccb39c2f838.exe,48040,68,1,0,0,0,0.014705882352941176,executable,1,0,0,0,0,1,1,0,0,0,2,6.088877388389219,5.081334601440462,0.4931099084096586,0.25074937552039966,256,16,4,2,0,0,0,2,2,0,0,0,0,0.0,0
benign,c166496095542a51d8dfc8cbeb83c85db71a683695e0dd7e6341f32cdceb20c6.exe,data\raw\benign\c166496095542a51d8dfc8cbeb83c85db71a683695e0dd7e6341f32cdceb20c6.exe,46080,68,1,0,0,0,0.014705882352941176,executable,1,0,0,0,0,1,1,0,0,0,0,6.23527574591201,5.181748372823575,0.3369357638888889,0.18318142361111112,256,1,0,0,0,0,0,0,0,0,0,0,0,0.0,0
benign,c17ee22de6897f89917d1b60c176028bee0a0c2d990f918b83c59669ce599a80.exe,data\raw\benign\c17ee22de6897f89917d1b60c176028bee0a0c2d990f918b83c59669ce599a80.exe,36352,68,1,0,0,0,0.014705882352941176,executable,1,0,0,0,0,1,1,0,0,0,2,5.77074043724735,5.431355928422444,0.35590889084507044,0.31360035211267606,256,0,0,0,0,0,0,0,0,0,0,0,0,0.0,0
benign,c188aba86d2b56c50076304bf924e7bb1ab5381468e0bc23486d3559dc9e8f8b.ole,data\raw\benign\c188aba86d2b56c50076304bf924e7bb1ab5381468e0bc23486d3559dc9e8f8b.ole,78582,68,0,0,0,0,0.014705882352941176,unknown,0,0,0,0,1,1,0,0,0,0,91,7.171179404722748,6.659879945568352,0.3335623934234303,0.18239545951999186,256,0,0,0,0,0,0,0,0,0,0,0,0,0.0,0
benign,c1c5a893f7eda8d1117078dc8fbdb74abb46e362cb517a3dfd61d88d20e311c1.exe,data\raw\benign\c1c5a893f7eda8d1117078dc8fbdb74abb46e362cb517a3dfd61d88d20e311c1.exe,98392,68,1,0,0,0,0.014705882352941176,executable,1,0,0,0,0,1,1,0,0,0,2,6.272728807146082,3.656283767951178,0.3679059273111635,0.20555532970160176,256,18,0,1,0,0,0,1,1,0,0,0,0,0.0,0
benign,c1fb08303317b4a20458fb8cc71d25e2339ed773e1026cdfbd828cec6fd23ce7.exe,data\raw\benign\c1fb08303317b4a20458fb8cc71d25e2339ed773e1026cdfbd828cec6fd23ce7.exe,644544,68,1,0,0,0,0.014705882352941176,executable,1,0,0,0,0,1,1,0,0,0,2,6.601981764243664,5.706766857640176,0.3188548803495184,0.14622741038625758,256,24,3,2,0,1,0,2,3,0,0,0,0,0.0,0
benign,c24afc327fc9f1e9e2d908d5f015e8d8d0e80b38552289d54f84297403b9c5a7.ole,data\raw\benign\c24afc327fc9f1e9e2d908d5f015e8d8d0e80b38552289d54f84297403b9c5a7.ole,56320,68,0,0,0,0,0.014705882352941176,unknown,0,0,0,0,1,0,0,0,0,0,6,4.734675428888703,3.905636879810444,0.1891690340909091,0.4970703125,256,1,0,0,0,0,0,0,0,0,0,0,0,0.0,0
benign,c2563bb38ff3a2f9109febfc012afa329401a15aea4a1ac72659a11be9150b4a.exe,data\raw\benign\c2563bb38ff3a2f9109febfc012afa329401a15aea4a1ac72659a11be9150b4a.exe,58368,68,1,0,0,0,0.014705882352941176,executable,1,0,0,0,0,1,1,0,0,0,3,6.045232354238283,5.582861393081886,0.36235608552631576,0.2412109375,256,0,1,1,0,0,0,1,1,0,0,0,0,0.0,0
benign,c2ad19887db0f553d143e357611e48d6313ca52d745eb0ed8a43391d7b2ed5eb.exe,data\raw\benign\c2ad19887db0f553d143e357611e48d6313ca52d745eb0ed8a43391d7b2ed5eb.exe,48456,68,1,0,0,0,0.014705882352941176,executable,1,0,0,0,0,1,1,0,0,0,9,5.915200637386597,5.290776910517813,0.36688954928182266,0.31544081228330856,256,20,1,0,0,0,0,0,0,0,0,0,0,0.0,0
benign,c2b4237ffd1a0efe97fde1a25f18c3d75b9d17195061a1060798ef69b7d372f5.exe,data\raw\benign\c2b4237ffd1a0efe97fde1a25f18c3d75b9d17195061a1060798ef69b7d372f5.exe,70656,68,1,0,0,0,0.014705882352941176,executable,1,0,0,0,0,1,1,0,0,0,3,5.842762015447186,4.4369681803431575,0.24810348731884058,0.317184669384058,256,1,1,0,0,0,0,0,0,0,0,0,0,0.0,0
benign,c314ee49ce2e32b5e7578ccf7199601c693ee3eb4ed7639f2b738e9c224dc542.exe,data\raw\benign\c314ee49ce2e32b5e7578ccf7199601c693ee3eb4ed7639f2b738e9c224dc542.exe,37376,68,1,0,0,0,0.014705882352941176,executable,1,0,0,0,0,1,1,0,0,0,3,5.570408018178282,5.625072724207732,0.3374357876712329,0.3344927226027397,256,0,0,0,0,0,0,0,0,0,0,0,0,0.0,0
benign,c33f8bc03d98cbde2ba8dc47fc97be4b6094a44ffcae13a46fb18f7c7d74f95f.ole,data\raw\benign\c33f8bc03d98cbde2ba8dc47fc97be4b6094a44ffcae13a46fb18f7c7d74f95f.ole,1354240,68,0,0,0,0,0.014705882352941176,unknown,0,0,0,0,1,0,0,0,0,0,743,6.673171407436843,5.924934858410029,0.27852227079395087,0.2558578981568998,256,1,0,1,0,0,0,1,1,0,0,0,0,0.0,0
benign,c34cc55cb45a4721c16e724df45e21f772506e463d7ef79fd67d4db412973b7c.exe,data\raw\benign\c34cc55cb45a4721c16e724df45e21f772506e463d7ef79fd67d4db412973b7c.exe,46952,68,1,0,0,0,0.014705882352941176,executable,1,0,0,0,0,1,1,0,0,0,0,4.935021640109887,0.4220850103164879,0.3035866416766059,0.4430695178054183,256,5,2,0,0,0,0,0,0,0,0,0,0,0.0,0
benign,c3592db1a64fdc0bbaea76fe15754f5a44a9fe53575572fb46744224a5cfd444.exe,data\raw\benign\c3592db1a64fdc0bbaea76fe15754f5a44a9fe53575572fb46744224a5cfd444.exe,23080,68,1,0,0,0,0.014705882352941176,executable,1,0,0,0,0,1,1,0,0,0,0,6.66428584895593,6.106412412656066,0.30004332755632585,0.10034662045060659,256,0,0,0,0,0,0,0,0,0,0,0,0,0.0,0
benign,c39f47d2d4525bb4950827f1edb92ccf5067267aa1aaef7137e45482c1436d97.exe,data\raw\benign\c39f47d2d4525bb4950827f1edb92ccf5067267aa1aaef7137e45482c1436d97.exe,49752,68,1,0,0,0,0.014705882352941176,executable,1,0,0,0,0,1,1,0,0,0,2,6.411963689749594,3.2231878553116724,0.3880045023315646,0.2201519536903039,256,18,0,2,0,0,0,2,2,0,0,0,0,0.0,0
benign,c3afcf2e6f64303f8377793255b38f6d677ca8eab9eddae65693c1235d05a1ae.exe,data\raw\benign\c3afcf2e6f64303f8377793255b38f6d677ca8eab9eddae65693c1235d05a1ae.exe,42168,68,1,0,0,0,0.014705882352941176,executable,1,0,0,0,0,1,1,0,0,0,0,6.188099897873017,5.214813723646635,0.5024426105103396,0.2376920887877063,256,16,2,2,0,0,0,2,2,0,0,0,0,0.0,0
benign,c3dc71edc05a9e1778bbea6757b65c1f9b2f491615cb68ba686eedafb3afc0f5.exe,data\raw\benign\c3dc71edc05a9e1778bbea6757b65c1f9b2f491615cb68ba686eedafb3afc0f5.exe,259416,68,1,0,0,0,0.014705882352941176,executable,1,0,0,0,0,1,1,0,0,0,2,6.831518211917748,4.978528432088244,0.39119406667283435,0.17727511024763315,256,5,3,1,0,0,0,1,1,0,0,0,0,0.0,0
benign,c3f865f60ea816281c90cca306f592c65bdc204bbf8b0c6a3140b0500cdc75e8.exe,data\raw\benign\c3f865f60ea816281c90cca306f592c65bdc204bbf8b0c6a3140b0500cdc75e8.exe,52736,68,1,0,0,0,0.014705882352941176,executable,1,0,0,0,0,1,1,0,0,0,1,6.452269427888661,5.112082004096894,0.4602169296116505,0.18666565533980584,256,16,2,2,0,0,0,2,2,0,0,0,0,0.0,0
benign,c42ab04f9d19b18d2d145a32a98e02e8070d25275aad11b3c9917c3cdd370c10.exe,data\raw\benign\c42ab04f9d19b18d2d145a32a98e02e8070d25275aad11b3c9917c3cdd370c10.exe,42152,68,1,0,0,0,0.014705882352941176,executable,1,0,0,0,0,1,1,0,0,0,0,6.20901662864408,5.24319477724382,0.5202125640539002,0.2291231732776618,256,16,4,2,0,0,0,2,2,0,0,0,0,0.0,0
benign,c43cc2ffc9543054c2b6515a8378db1e085c2db4e9a932deb06e2af1febaf4d8.exe,data\raw\benign\c43cc2ffc9543054c2b6515a8378db1e085c2db4e9a932deb06e2af1febaf4d8.exe,40840,68,1,0,0,0,0.014705882352941176,executable,1,0,0,0,0,1,1,0,0,0,9,6.03890906763865,5.2704036701966945,0.38285994123408423,0.2958863858961802,256,20,1,0,0,0,0,0,0,0,0,0,0,0.0,0
benign,c457ba36891aa3a5563c7bee0f7abe8eebf0ed61d8f7bc3ec1e04ae079afdc52.exe,data\raw\benign\c457ba36891aa3a5563c7bee0f7abe8eebf0ed61d8f7bc3ec1e04ae079afdc52.exe,622080,68,1,0,0,0,0.014705882352941176,executable,1,0,0,0,0,1,1,0,0,0,2,6.173301837953894,5.546097604875331,0.38660943930041153,0.19656957304526748,256,0,1,1,0,0,2,1,3,0,0,0,0,0.0,0
benign,c4617cd94408d13e68d3dd75920911a56a1b1bae0fb19c035b156ec4a3cdefd5.exe,data\raw\benign\c4617cd94408d13e68d3dd75920911a56a1b1bae0fb19c035b156ec4a3cdefd5.exe,167424,68,1,0,0,0,0.014705882352941176,executable,1,0,0,0,0,1,1,0,0,0,9,6.109639092842466,5.486536991441515,0.35545083142201833,0.23292359518348624,256,4,0,0,0,0,0,0,0,0,0,0,0,0.0,0
benign,c54d5a88692421d77d756412135eb48fb6d7d0a453e2603639628a03530ac6f7.exe,data\raw\benign\c54d5a88692421d77d756412135eb48fb6d7d0a453e2603639628a03530ac6f7.exe,639064,68,1,0,0,0,0.014705882352941176,executable,1,0,0,0,0,1,1,0,0,0,3,6.509444482336887,5.367215662284235,0.3295585418674812,0.15291426210833345,256,22,1,0,0,0,0,0,0,0,0,0,0,0.0,0
benign,c5b5a6b85efec5d87ae6981fb560775d97a4e0ded0cbeb4dffb41312975caa72.exe,data\raw\benign\c5b5a6b85efec5d87ae6981fb560775d97a4e0ded0cbeb4dffb41312975caa72.exe,38912,68,1,0,0,0,0.014705882352941176,executable,1,0,0,0,0,1,1,0,0,0,3,5.132153309214707,5.627054314412813,0.3441611842105263,0.3932976973684211,255,0,0,0,0,0,0,0,0,0,0,0,0,0.0,0
benign,c5f8edfa5555688a71b70d7a32425b931d1e8f6ce44bbba3166f827146787c6d.exe,data\raw\benign\c5f8edfa5555688a71b70d7a32425b931d1e8f6ce44bbba3166f827146787c6d.exe,71680,68,1,0,0,0,0.014705882352941176,executable,1,0,0,0,0,1,1,0,0,0,9,5.968772993754443,5.280004191207512,0.310546875,0.25718470982142855,256,0,0,0,0,0,0,0,0,0,0,0,0,0.0,0
benign,c60ebcad6dcbc20fd27872ee4ae92b83950420867ab7a4769bac9d1a4f25e067.exe,data\raw\benign\c60ebcad6dcbc20fd27872ee4ae92b83950420867ab7a4769bac9d1a4f25e067.exe,58472,68,1,0,0,0,0.014705882352941176,executable,1,0,0,0,0,1,1,0,0,0,9,6.014029959571877,5.497015284777828,0.38914352168559313,0.29051511834724314,256,20,1,0,0,0,0,0,0,0,0,0,0,0.0,0
benign,c620b5dc70cf6ea6f614907701e2bdff014272ee3ef37495ebdb07ab562d798c.ole,data\raw\benign\c620b5dc70cf6ea6f614907701e2bdff014272ee3ef37495ebdb07ab562d798c.ole,653824,68,0,0,0,0,0.014705882352941176,unknown,0,0,0,0,1,0,0,0,0,0,0,4.7555284730010845,3.9712507028773425,0.3354954850234926,0.3769179473375098,256,0,0,0,0,0,0,0,0,0,0,0,0,0.0,0
benign,c719dfc0faba60957d7933fbe8018407fddc0f7827704e289e51ff2de03ae0cd.exe,data\raw\benign\c719dfc0faba60957d7933fbe8018407fddc0f7827704e289e51ff2de03ae0cd.exe,45056,68,1,0,0,0,0.014705882352941176,executable,1,0,0,0,0,1,1,0,0,0,9,5.890904521774369,5.24481046180598,0.32484019886363635,0.27698863636363635,256,0,0,0,0,0,0,0,0,0,0,0,0,0.0,0
benign,c7269592ece77706917a1242e19690f7a9f92f213f4a00540827591e4b2e3abb.exe,data\raw\benign\c7269592ece77706917a1242e19690f7a9f92f213f4a00540827591e4b2e3abb.exe,42496,68,1,0,0,0,0.014705882352941176,executable,1,0,0,0,0,1,1,0,0,0,9,5.4792081383043465,5.405426943491897,0.3381730045180723,0.3413968373493976,256,1,0,0,0,0,0,0,0,0,0,0,0,0.0,0
benign,c7739012562be8188e394bbefcaaf04358f48a8043511c72d4baba664241fead.exe,data\raw\benign\c7739012562be8188e394bbefcaaf04358f48a8043511c72d4baba664241fead.exe,53248,68,1,0,0,0,0.014705882352941176,executable,1,0,0,0,0,1,1,0,0,0,3,5.490294894638699,5.575698742898251,0.3530085637019231,0.33749624399038464,256,0,0,0,0,0,0,0,0,0,0,0,0,0.0,0
benign,c7b38cce9e39f904080a01997029f25eed2dae5abeacae19f90edac0842d0e7b.exe,data\raw\benign\c7b38cce9e39f904080a01997029f25eed2dae5abeacae19f90edac0842d0e7b.exe,712896,68,1,0,0,0,0.014705882352941176,executable,1,0,0,0,0,1,1,0,0,0,4,3.4705722050477337,2.3795157453207647,0.1287593141215549,0.3900667137983661,256,16,1,0,0,0,0,0,0,0,0,0,0,0.0,0
benign,c7bece8dcd0dd98d240f3b627045e3a464a3b27314a61cbcb79a5ac4ed538ba0.exe,data\raw\benign\c7bece8dcd0dd98d240f3b627045e3a464a3b27314a61cbcb79a5ac4ed538ba0.exe,158424,68,1,0,0,0,0.014705882352941176,executable,1,0,0,0,0,1,1,0,0,0,9,7.120464698206711,5.579389655301784,0.411244508407817,0.14480129273342424,256,20,1,1,0,0,0,1,1,0,0,0,0,0.0,0
benign,c7ffb571cf9c59e68f04760186f3d9cccf56f57c87fcc7a3f61b194773ea5d92.exe,data\raw\benign\c7ffb571cf9c59e68f04760186f3d9cccf56f57c87fcc7a3f61b194773ea5d92.exe,167400,68,1,0,0,0,0.014705882352941176,executable,1,0,0,0,0,1,1,0,0,0,9,5.356678681920243,5.473425516362136,0.3064755077658303,0.37739545997610513,256,20,1,0,0,0,0,0,0,0,0,0,0,0.0,0
benign,c824e459c950b4d249fc2484c441d9d14b02dbe4192a96d2655fbb7ff19c6857.exe,data\raw\benign\c824e459c950b4d249fc2484c441d9d14b02dbe4192a96d2655fbb7ff19c6857.exe,238680,68,1,0,0,0,0.014705882352941176,executable,1,0,0,0,0,1,1,0,0,0,3,6.215956384924224,5.279475159077886,0.2113164069046422,0.25123596447125857,256,19,2,1,0,0,0,1,1,0,0,0,0,0.0,0
benign,c83df1e3e21b36046c453cc3cf9a0cbe3539558ce8bc8dd0b7ebabf5b7634d5c.exe,data\raw\benign\c83df1e3e21b36046c453cc3cf9a0cbe3539558ce8bc8dd0b7ebabf5b7634d5c.exe,72192,68,1,0,0,0,0.014705882352941176,executable,1,0,0,0,0,1,1,0,0,0,9,5.912507542390127,5.149294613080239,0.32601950354609927,0.30079510195035464,256,0,0,0,0,0,0,0,0,0,0,0,0,0.0,0
benign,c85f81c3417f5946e73204b1f62037ed7c390cbaf3d21e87be2b583f69001d70.exe,data\raw\benign\c85f81c3417f5946e73204b1f62037ed7c390cbaf3d21e87be2b583f69001d70.exe,51032,68,1,0,0,0,0.014705882352941176,executable,1,0,0,0,0,1,1,0,0,0,0,4.633781892444677,0.45814885740070616,0.2799419971782411,0.48675340962533314,256,5,2,0,0,0,0,0,0,0,0,0,0,0.0,0
benign,c8815316c65e6449e742a792a415a5e59dd42d62a3ede7a980a20a9c72db89a2.exe,data\raw\benign\c8815316c65e6449e742a792a415a5e59dd42d62a3ede7a980a20a9c72db89a2.exe,52224,68,1,0,0,0,0.014705882352941176,executable,1,0,0,0,0,1,1,0,0,0,3,5.979238259926744,5.471011891129713,0.4342064950980392,0.2498468137254902,256,0,1,0,0,0,0,0,0,0,0,0,0,0.0,0
benign,c8a0eebccc746daef3270ddd170d030ddee6f9c6ac09dc6a41b4d5fb6b1aa4d6.exe,data\raw\benign\c8a0eebccc746daef3270ddd170d030ddee6f9c6ac09dc6a41b4d5fb6b1aa4d6.exe,226816,68,1,0,0,0,0.014705882352941176,executable,1,0,0,0,0,1,1,0,0,0,11,6.3354339850944426,5.45806783894383,0.3894434255079007,0.1989454006772009,256,6,0,86,1,0,0,86,87,0,0,0,0,0.0,0
benign,c906bbbcdc39baeff580b76874f39a8c433dfabd37fae1dd1b0b46f18f4c0ef2.exe,data\raw\benign\c906bbbcdc39baeff580b76874f39a8c433dfabd37fae1dd1b0b46f18f4c0ef2.exe,20760,68,1,0,0,0,0.014705882352941176,executable,1,0,0,0,0,1,1,0,0,0,0,5.973165151223826,4.891410086772276,0.44547206165703274,0.2668111753371869,256,8,2,0,0,0,0,0,0,0,0,0,0,0.0,0
benign,c92f5e3f22cbe98ed0fef8c3bf161539a4290eaeb8ea6140e67d26c0550aa3ae.exe,data\raw\benign\c92f5e3f22cbe98ed0fef8c3bf161539a4290eaeb8ea6140e67d26c0550aa3ae.exe,397824,68,1,0,0,0,0.014705882352941176,executable,1,0,0,0,0,1,1,0,0,0,3,6.373553075339302,5.438979125167033,0.3472138433075933,0.17886804214929214,256,4,0,1,0,0,0,1,1,0,0,0,0,0.0,0
benign,c97e202a04588adecad428ce6fce048121e0fbd426a49108fa3f874308951249.exe,data\raw\benign\c97e202a04588adecad428ce6fce048121e0fbd426a49108fa3f874308951249.exe,41472,68,1,0,0,0,0.014705882352941176,executable,1,0,0,0,0,1,1,0,0,0,3,6.07994100692649,3.8525016658655145,0.31831114969135804,0.2378954475308642,256,0,1,0,0,0,0,0,0,0,0,0,0,0.0,0
benign,c9ea2ab2a9b4d92dbf432fec8630f151a26c26ad3159b6ad6b8151c6870d4dcc.exe,data\raw\benign\c9ea2ab2a9b4d92dbf432fec8630f151a26c26ad3159b6ad6b8151c6870d4dcc.exe,22528,68,1,0,0,0,0.014705882352941176,executable,1,0,0,0,0,1,1,0,0,0,0,6.07960459822483,5.2641952559478815,0.3351384943181818,0.2037020596590909,255,1,0,0,0,0,0,0,0,0,0,0,0,0.0,0
benign,c9ec3caaf26a731e3ae6dc4e7b189a260749735c7b0634349fbc5cc406f1f383.exe,data\raw\benign\c9ec3caaf26a731e3ae6dc4e7b189a260749735c7b0634349fbc5cc406f1f383.exe,48128,68,1,0,0,0,0.014705882352941176,executable,1,0,0,0,0,1,1,0,0,0,0,6.128681713662765,5.237337828890752,0.279546210106383,0.22091090425531915,256,0,0,0,0,0,0,0,0,0,0,0,0,0.0,0
benign,ca176b32589ae38d689f8730856cf10f4bd63cda04bdc17a700d02d32c2aa3e9.exe,data\raw\benign\ca176b32589ae38d689f8730856cf10f4bd63cda04bdc17a700d02d32c2aa3e9.exe,56336,68,1,0,0,0,0.014705882352941176,executable,1,0,0,0,0,1,1,0,0,0,0,5.901927534075989,5.237507451517331,0.36513064470320933,0.30355367793240556,256,9,1,0,0,0,0,0,0,0,0,0,0,0.0,0
benign,ca6710ac624c4badd89606d2d46270b68a494b9778a109477955f6403d77493e.exe,data\raw\benign\ca6710ac624c4badd89606d2d46270b68a494b9778a109477955f6403d77493e.exe,35840,68,1,0,0,0,0.014705882352941176,executable,1,0,0,0,0,1,1,0,0,0,3,6.246416109879074,3.519493416160621,0.36671316964285716,0.22142857142857142,256,0,1,0,0,0,0,0,0,0,0,0,0,0.0,0
benign,ca91ab3a6c6a58e2d8042be6d5a8df9b4f7e794f24fc89d6f75b7c04ad7cc7f7.exe,data\raw\benign\ca91ab3a6c6a58e2d8042be6d5a8df9b4f7e794f24fc89d6f75b7c04ad7cc7f7.exe,1327200,68,1,0,0,0,0.014705882352941176,executable,1,0,0,0,0,1,1,0,0,0,8,6.6338133716610574,5.609966430064618,0.3360495780590717,0.16422619047619047,256,10,3,1,0,1,0,1,2,0,0,0,0,0.0,0
benign,cab5577a83571f7bc46dd0bea6a12f7e872f81157a901e8f1a167e159088c33e.exe,data\raw\benign\cab5577a83571f7bc46dd0bea6a12f7e872f81157a901e8f1a167e159088c33e.exe,66952,68,1,0,0,0,0.014705882352941176,executable,1,0,0,0,0,1,1,0,0,0,1,5.842983599828264,5.260087084691364,0.4580146970964273,0.2769596128569722,256,16,3,2,0,0,0,2,2,0,0,0,0,0.0,0
benign,cac3f6f3e4160beb3e5fbeeebb1c292482f0ed8a9535aa255eeb26eef9172ea5.ole,data\raw\benign\cac3f6f3e4160beb3e5fbeeebb1c292482f0ed8a9535aa255eeb26eef9172ea5.ole,3881770,68,0,0,0,0,0.014705882352941176,unknown,0,0,0,0,1,1,0,0,0,0,253,7.985057762015256,6.450897382619515,0.37429291276917487,0.012694724313908346,256,6,0,1,0,0,0,1,1,0,0,0,0,0.0,0
benign,cae59bdfecb5b2bdfcab22af171281872dbe296b42359b3b8dd58275d619cb12.exe,data\raw\benign\cae59bdfecb5b2bdfcab22af171281872dbe296b42359b3b8dd58275d619cb12.exe,20480,68,1,0,0,0,0.014705882352941176,executable,1,0,0,0,0,1,1,0,0,0,9,4.853333351022101,5.267526357397924,0.2818359375,0.445751953125,255,0,0,0,0,0,0,0,0,0,0,0,0,0.0,0
benign,caef603d0522e04fa2cf752388d7174cd9c15fa8377d71cdc624b0db0f850f5e.exe,data\raw\benign\caef603d0522e04fa2cf752388d7174cd9c15fa8377d71cdc624b0db0f850f5e.exe,49664,68,1,0,0,0,0.014705882352941176,executable,1,0,0,0,0,1,1,0,0,0,9,6.020806408965825,5.287232947171312,0.3950144974226804,0.29288820876288657,256,20,1,0,0,0,0,0,0,0,0,0,0,0.0,0
benign,cb0f6902361988f9913c927a46a9c07d129eb9dbb9629a6b508767658e1f21e4.ole,data\raw\benign\cb0f6902361988f9913c927a46a9c07d129eb9dbb9629a6b508767658e1f21e4.ole,26936,68,0,0,0,0,0.014705882352941176,unknown,0,0,0,0,1,1,0,0,0,0,24,7.405890182214244,6.19090418579645,0.34934659934659934,0.14333976833976833,256,0,0,0,0,0,0,0,0,0,0,0,0,0.0,0
benign,cb1454687b08797f9cd506fde40157d5688c4494772f0836054bf75f5a2bb468.exe,data\raw\benign\cb1454687b08797f9cd506fde40157d5688c4494772f0836054bf75f5a2bb468.exe,37888,68,1,0,0,0,0.014705882352941176,executable,1,0,0,0,0,1,1,0,0,0,3,5.342753988453211,5.521045810717052,0.31508657094594594,0.37246621621621623,256,1,2,1,0,0,0,1,1,0,0,0,0,0.0,0
benign,cb548e26ed3c9a1550374e66b497d68f80a2e8129f098d77cabc4c25698c4347.exe,data\raw\benign\cb548e26ed3c9a1550374e66b497d68f80a2e8129f098d77cabc4c25698c4347.exe,44032,68,1,0,0,0,0.014705882352941176,executable,1,0,0,0,0,1,1,0,0,0,9,6.018543427787941,5.226497857084392,0.39226017441860467,0.2945812136627907,256,20,1,0,0,0,0,0,0,0,0,0,0,0.0,0
benign,cb7b6ac768a5692655cb527df464278207807319e8b81671510e3b2964a621a2.exe,data\raw\benign\cb7b6ac768a5692655cb527df464278207807319e8b81671510e3b2964a621a2.exe,47832,68,1,0,0,0,0.014705882352941176,executable,1,0,0,0,0,1,1,0,0,0,9,6.303097050513336,5.2017338410855185,0.42620003345040974,0.23626442548921225,256,20,1,0,0,0,0,0,0,0,0,0,0,0.0,0
benign,cbd6ef192e157bb70e3b89ffdd626be5cbac9174103f3b8b1d1f898d51e539de.ole,data\raw\benign\cbd6ef192e157bb70e3b89ffdd626be5cbac9174103f3b8b1d1f898d51e539de.ole,57379,68,0,0,0,0,0.014705882352941176,unknown,0,0,0,0,1,1,0,0,0,0,53,7.623595965781528,6.432463347080918,0.36509872950033984,0.10062915003747015,256,0,0,0,0,0,0,0,0,0,0,0,0,0.0,0
benign,cd010d87c17d9b6e2c61d917526d7f27ef9e852a8c2b1d0210b9dc6123e117a4.exe,data\raw\benign\cd010d87c17d9b6e2c61d917526d7f27ef9e852a8c2b1d0210b9dc6123e117a4.exe,152576,68,1,0,0,0,0.014705882352941176,executable,1,0,0,0,0,1,1,0,0,0,2,5.716529306116232,5.581744698687993,0.30707975041946306,0.27076342281879195,256,0,1,1,0,0,0,1,1,0,0,0,0,0.0,0
benign,cdbec8a3cd83e81e894012f020f742edce0f846f2f3fc28739c6835a701ef851.exe,data\raw\benign\cdbec8a3cd83e81e894012f020f742edce0f846f2f3fc28739c6835a701ef851.exe,34816,68,1,0,0,0,0.014705882352941176,executable,1,0,0,0,0,1,1,0,0,0,3,5.498661526559229,5.5605704185028495,0.3477998621323529,0.3450712316176471,256,0,1,0,0,0,0,0,0,0,0,0,0,0.0,0
benign,cdc66d186ae9179f746cfa9896e18baf256695999cf151024cd6b12708c0c839.exe,data\raw\benign\cdc66d186ae9179f746cfa9896e18baf256695999cf151024cd6b12708c0c839.exe,189352,68,1,0,0,0,0.014705882352941176,executable,1,0,0,0,0,1,1,0,0,0,3,6.580800987590126,5.580021589775579,0.3214964721787993,0.18095399045164562,256,13,1,1,1,1,0,1,3,0,0,0,0,0.0,0
benign,ce365d04be99efe6734d9364b2ee4507a207809c54d25541787bc2667b508b94.exe,data\raw\benign\ce365d04be99efe6734d9364b2ee4507a207809c54d25541787bc2667b508b94.exe,38912,68,1,0,0,0,0.014705882352941176,executable,1,0,0,0,0,1,1,0,0,0,3,5.150140206350068,5.477551919241116,0.35546875,0.40267783717105265,256,0,1,0,0,0,0,0,0,0,0,0,0,0.0,0
benign,cec17835c639bb9a9eb1714971b4836fd143403d182d46bdf9ddf204b7e1f30f.exe,data\raw\benign\cec17835c639bb9a9eb1714971b4836fd143403d182d46bdf9ddf204b7e1f30f.exe,172544,68,1,0,0,0,0.014705882352941176,executable,1,0,0,0,0,1,1,0,0,0,9,6.282806103868492,5.311809151034831,0.35758415244807124,0.19677299703264095,256,6,0,0,0,0,0,0,0,0,0,0,0,0.0,0
benign,ceed0a0e156641c5df0e6fbd10bbeb878223873e8e3940098bd21256e381a3c0.exe,data\raw\benign\ceed0a0e156641c5df0e6fbd10bbeb878223873e8e3940098bd21256e381a3c0.exe,23040,68,1,0,0,0,0.014705882352941176,executable,1,0,0,0,0,1,1,0,0,0,9,5.084693193772942,4.943729563631265,0.29249131944444445,0.40043402777777776,255,0,0,0,0,0,0,0,0,0,0,0,0,0.0,0
benign,cf4c6c14eca09ac8345555b82585c6138f7388de63fcd626b0c19bd88b9231a8.exe,data\raw\benign\cf4c6c14eca09ac8345555b82585c6138f7388de63fcd626b0c19bd88b9231a8.exe,1449312,68,1,0,0,0,0.014705882352941176,executable,1,0,0,0,0,1,1,0,0,0,26,6.72696796339264,3.9880765086057517,0.22220129275131925,0.18842526660926012,256,5,1,7,0,0,0,7,7,0,0,0,0,0.0,0
benign,cf66de1f114f7c382804fbdddd4ae70aa07ecf1df324e95e78bb41139b50cf72.exe,data\raw\benign\cf66de1f114f7c382804fbdddd4ae70aa07ecf1df324e95e78bb41139b50cf72.exe,456568,68,1,0,0,0,0.014705882352941176,executable,1,0,0,0,0,1,1,0,0,0,2,5.507097906213708,3.3148643852837023,0.08087075747752799,0.31301142436614043,256,7,0,0,0,0,0,0,0,0,0,0,0,0.0,0
benign,d0188bda26aee8652466ba0cc53457fc736d00e2eefd33901a0b0ae978c8b362.exe,data\raw\benign\d0188bda26aee8652466ba0cc53457fc736d00e2eefd33901a0b0ae978c8b362.exe,55296,68,1,0,0,0,0.014705882352941176,executable,1,0,0,0,0,1,1,0,0,0,3,5.495025678479841,5.540232482247984,0.37351707175925924,0.33206741898148145,256,0,0,0,0,0,0,0,0,0,0,0,0,0.0,0
benign,d0411ed6c42fc12c860c8e43c3d993c6b210849443ba27d3219c36a8d222169b.exe,data\raw\benign\d0411ed6c42fc12c860c8e43c3d993c6b210849443ba27d3219c36a8d222169b.exe,242176,68,1,0,0,0,0.014705882352941176,executable,1,0,0,0,0,1,1,0,0,0,5,5.183098230815985,5.2346171543718665,0.3451539376321353,0.3441711812896406,256,0,1,2,0,0,0,2,2,0,0,0,0,0.0,0
benign,d066f01806aebbcab980104ae4177546654ef5a71f51a36f6ac19170a31cb085.exe,data\raw\benign\d066f01806aebbcab980104ae4177546654ef5a71f51a36f6ac19170a31cb085.exe,81920,68,1,0,0,0,0.014705882352941176,executable,1,0,0,0,0,1,1,0,0,0,2,6.474928900845105,5.754503481187122,0.3540283203125,0.17926025390625,256,0,0,0,0,0,0,0,0,0,0,0,0,0.0,0
benign,d08eceecafdce076fc7f9e1bef061a7a67eb09ca6f97c2f77e2f3da8a0cc998b.exe,data\raw\benign\d08eceecafdce076fc7f9e1bef061a7a67eb09ca6f97c2f77e2f3da8a0cc998b.exe,56328,68,1,0,0,0,0.014705882352941176,executable,1,0,0,0,0,1,1,0,0,0,9,6.088767871533257,5.305654251265886,0.3893978128106803,0.2821864791932964,256,20,1,0,0,0,0,0,0,0,0,0,0,0.0,0
benign,d09b28044abfb507aa6b79ddd742cb4cd4abf3cef6e0e40bb6cebca2a8cb8fc3.exe,data\raw\benign\d09b28044abfb507aa6b79ddd742cb4cd4abf3cef6e0e40bb6cebca2a8cb8fc3.exe,194752,68,1,0,0,0,0.014705882352941176,executable,1,0,0,0,0,1,1,0,0,0,2,6.341031801052899,5.536121467396024,0.34395025468287876,0.19600825665461716,256,15,2,1,1,0,0,1,2,0,0,0,0,0.0,0
benign,d0b55519c39ad283edef2c139fd8b6fb6a61f125883ae83b58d405c859696059.exe,data\raw\benign\d0b55519c39ad283edef2c139fd8b6fb6a61f125883ae83b58d405c859696059.exe,50616,68,1,0,0,0,0.014705882352941176,executable,1,0,0,0,0,1,1,0,0,0,9,6.0532211603036545,5.5255449808676484,0.39613956061324485,0.2873202149517939,256,20,1,0,0,0,0,0,0,0,0,0,0,0.0,0
benign,d0d8b38e4c9d4ea4a426e17a9ff5bcb0511ea47602c8ec8fa454ff28a43db3fd.exe,data\raw\benign\d0d8b38e4c9d4ea4a426e17a9ff5bcb0511ea47602c8ec8fa454ff28a43db3fd.exe,208576,68,1,0,0,0,0.014705882352941176,executable,1,0,0,0,0,1,1,0,0,0,2,6.441426343060991,0.7868920690178799,0.3461807686406873,0.18693905339061062,256,15,1,1,1,0,0,1,2,0,0,0,0,0.0,0
benign,d0f4abf77310561f0fb9e001b776e4e9ac11fcfaf2cbc0c786b4588b6c64a8b3.exe,data\raw\benign\d0f4abf77310561f0fb9e001b776e4e9ac11fcfaf2cbc0c786b4588b6c64a8b3.exe,141312,68,1,0,0,0,0.014705882352941176,executable,1,0,0,0,0,1,1,0,0,0,9,6.25459254518561,5.487111284585744,0.36401721014492755,0.19813603940217392,256,4,0,0,0,0,0,0,0,0,0,0,0,0.0,0
benign,d1617b8751713eab94bea266dbe9f86745f2f921668e9ff37e9c5f16635ca5f8.ole,data\raw\benign\d1617b8751713eab94bea266dbe9f86745f2f921668e9ff37e9c5f16635ca5f8.ole,26969,68,0,0,0,0,0.014705882352941176,unknown,0,0,0,0,1,1,0,0,0,0,20,7.902790942703556,7.87259583157747,0.3751714931958916,0.035818903185138494,256,0,0,0,0,0,0,0,0,0,0,0,0,0.0,0
benign,d1aefefde895480da77a0acf146963b8998e350cb0276b8edc1d4fad80ca6292.exe,data\raw\benign\d1aefefde895480da77a0acf146963b8998e350cb0276b8edc1d4fad80ca6292.exe,50176,68,1,0,0,0,0.014705882352941176,executable,1,0,0,0,0,1,1,0,0,0,3,5.699419784520391,5.225090051010965,0.3434909119897959,0.2957788584183674,256,0,1,0,0,0,0,0,0,0,0,0,0,0.0,0
benign,d1c425e24d4c83685ca1587f2f2b1cced11b73e1387738a84b39ecb6f621ece2.exe,data\raw\benign\d1c425e24d4c83685ca1587f2f2b1cced11b73e1387738a84b39ecb6f621ece2.exe,52704,68,1,0,0,0,0.014705882352941176,executable,1,0,0,0,0,1,1,0,0,0,2,6.1326417282587045,5.425284763493042,0.3923611111111111,0.15964632665452339,256,17,1,4,0,0,0,4,4,0,0,0,0,0.0,0
benign,d2ada925cc2e903b176ca03851fdcb44250ad69918063e14426c7b7ffe63c3e5.exe,data\raw\benign\d2ada925cc2e903b176ca03851fdcb44250ad69918063e14426c7b7ffe63c3e5.exe,38912,68,1,0,0,0,0.014705882352941176,executable,1,0,0,0,0,1,1,0,0,0,3,6.154933803648707,4.3339581649254395,0.32026110197368424,0.24193050986842105,256,0,1,0,0,0,0,0,0,0,0,0,0,0.0,0
benign,d3062f93740551d2f3aa0a386587f7cc5ab4c524477845ca4d2544764d0bf119.exe,data\raw\benign\d3062f93740551d2f3aa0a386587f7cc5ab4c524477845ca4d2544764d0bf119.exe,37576,68,1,0,0,0,0.014705882352941176,executable,1,0,0,0,0,1,1,0,0,0,0,6.463257647077206,4.768361768259026,0.42298275494996807,0.2039865871833085,256,16,1,0,0,0,0,0,0,0,0,0,0,0.0,0
benign,d32a5abea7c5d5f3e1aa9632d3b49cfa2a81169badcbfb12470c6f2aedb91f09.exe,data\raw\benign\d32a5abea7c5d5f3e1aa9632d3b49cfa2a81169badcbfb12470c6f2aedb91f09.exe,53720,68,1,0,0,0,0.014705882352941176,executable,1,0,0,0,0,1,1,0,0,0,9,6.019038760831657,5.315290381113793,0.39086001489203276,0.29311243484735666,256,20,1,0,0,0,0,0,0,0,0,0,0,0.0,0
benign,d33281f6c857aba988c049950c07dbbfb034fdc58649dc00869ef1fddbdcb074.exe,data\raw\benign\d33281f6c857aba988c049950c07dbbfb034fdc58649dc00869ef1fddbdcb074.exe,52576,68,1,0,0,0,0.014705882352941176,executable,1,0,0,0,0,1,1,0,0,0,3,5.846711286261932,5.388776834976388,0.3378918137553256,0.30068852708460136,256,9,1,0,0,0,0,0,0,0,0,0,0,0.0,0
benign,d344483585dfbca35c3ec890b155c0a956a22d05fbba429362b139c2f1ce2a60.exe,data\raw\benign\d344483585dfbca35c3ec890b155c0a956a22d05fbba429362b139c2f1ce2a60.exe,1676128,68,1,0,0,0,0.014705882352941176,executable,1,0,0,0,0,1,1,0,0,0,7,6.4584451519296024,5.1899794114103885,0.29121403615952957,0.17546452299585713,256,6,2,0,0,0,0,0,0,0,0,0,0,0.0,0
benign,d34bb73b3755d7fb4d29054815e36fc3a5727dac5d035eb176d1b4f0bd59486a.exe,data\raw\benign\d34bb73b3755d7fb4d29054815e36fc3a5727dac5d035eb176d1b4f0bd59486a.exe,209408,68,1,0,0,0,0.014705882352941176,executable,1,0,0,0,0,1,1,0,0,0,2,5.932198966848122,5.602382661411411,0.32691683221271395,0.23073139517114916,256,0,1,1,0,0,0,1,1,0,0,0,0,0.0,0
benign,d34f104fc54a1613b041ad9cf73e63c9560df071362c9afe2c2322bf6443186d.ole,data\raw\benign\d34f104fc54a1613b041ad9cf73e63c9560df071362c9afe2c2322bf6443186d.ole,161792,68,0,0,0,0,0.014705882352941176,unknown,0,0,0,0,1,0,0,0,0,0,7,5.241041670221666,4.016242689647295,0.35893616495253167,0.38271978837025317,256,29,0,2,0,1,0,2,3,0,0,0,0,0.0,0
benign,d36071884086b10b302c2acd43c33d15fe73369b927ba9002d32db9409567241.exe,data\raw\benign\d36071884086b10b302c2acd43c33d15fe73369b927ba9002d32db9409567241.exe,540368,68,1,0,0,0,0.014705882352941176,executable,1,0,0,0,0,1,1,0,0,0,0,4.854271966052883,4.477583094478952,0.48118504426612974,0.36587288662541084,256,7,4,46,1,0,0,46,47,0,0,0,0,0.0,0
benign,d3ad7f3f40d286ba12e266439032b7b09f95a1ed17afc6bd4d8f84b4508efb9f.exe,data\raw\benign\d3ad7f3f40d286ba12e266439032b7b09f95a1ed17afc6bd4d8f84b4508efb9f.exe,108496,68,1,0,0,0,0.014705882352941176,executable,1,0,0,0,0,1,1,0,0,0,1,5.946615388699999,5.275944353846769,0.4632705353192744,0.21920623801799144,256,16,3,2,0,0,0,2,2,0,0,0,0,0.0,0
benign,d3dcb6b7c05940a0507e5ec8138a44a03c76bf2da34c757cb207c6eb4ab22b9b.exe,data\raw\benign\d3dcb6b7c05940a0507e5ec8138a44a03c76bf2da34c757cb207c6eb4ab22b9b.exe,39936,68,1,0,0,0,0.014705882352941176,executable,1,0,0,0,0,1,1,0,0,0,3,6.25602712682217,4.383707361557329,0.3383163060897436,0.21544471153846154,256,0,1,0,0,0,0,0,0,0,0,0,0,0.0,0
benign,d4493087abe2a048f24d87ae232ac2ce90329662348555eec33e223df6921a60.exe,data\raw\benign\d4493087abe2a048f24d87ae232ac2ce90329662348555eec33e223df6921a60.exe,274280,68,1,0,0,0,0.014705882352941176,executable,1,0,0,0,0,1,1,0,0,0,3,6.0020199318800955,3.7844134524551865,0.20552719848330173,0.25525375528656846,256,5,1,0,0,0,0,0,0,0,0,0,0,0.0,0
benign,d45240802269cab2ab6ceb71a327113f7366ce173559b1c9456ca5d5ea63bf8f.exe,data\raw\benign\d45240802269cab2ab6ceb71a327113f7366ce173559b1c9456ca5d5ea63bf8f.exe,849600,68,1,0,0,0,0.014705882352941176,executable,1,0,0,0,0,1,1,0,0,0,0,2.6564540381607533,3.4828843907419573,0.023318032015065913,0.38641125235404894,256,16,1,0,0,0,0,0,0,0,0,0,0,0.0,0
benign,d4ce45d348c37204792d536142ea19939210303127e8978e8366bfe26709bd07.exe,data\raw\benign\d4ce45d348c37204792d536142ea19939210303127e8978e8366bfe26709bd07.exe,40824,68,1,0,0,0,0.014705882352941176,executable,1,0,0,0,0,1,1,0,0,0,9,6.048145709356459,5.207588569878276,0.3896482461297276,0.29286694101508914,256,20,1,0,0,0,0,0,0,0,0,0,0,0.0,0
benign,d4d518c5415ace543cb348a93ab6df569ee298d18fe47ad3eb75018f5cb5f5db.exe,data\raw\benign\d4d518c5415ace543cb348a93ab6df569ee298d18fe47ad3eb75018f5cb5f5db.exe,47616,68,1,0,0,0,0.014705882352941176,executable,1,0,0,0,0,1,1,0,0,0,9,5.868599564798647,5.288784017423979,0.2840641801075269,0.27809979838709675,256,0,0,0,0,0,0,0,0,0,0,0,0,0.0,0
benign,d505b31200204d0854d67244dfddab81552937571e321d3f5520c5be8fcbc283.exe,data\raw\benign\d505b31200204d0854d67244dfddab81552937571e321d3f5520c5be8fcbc283.exe,73400,68,1,0,0,0,0.014705882352941176,executable,1,0,0,0,0,1,1,0,0,0,3,5.986870122388298,5.607931054885126,0.364141689373297,0.2810217983651226,256,10,1,1,0,0,0,1,1,0,0,0,0,0.0,0
benign,d543427bfa0b28c57d13389d55dadb483436e081b7eb50893a06b0af25d3542a.exe,data\raw\benign\d543427bfa0b28c57d13389d55dadb483436e081b7eb50893a06b0af25d3542a.exe,32768,68,1,0,0,0,0.014705882352941176,executable,1,0,0,0,0,1,1,0,0,0,0,6.194030491744533,5.2342011487375455,0.315948486328125,0.185546875,256,1,0,0,0,0,0,0,0,0,0,0,0,0.0,0
benign,d591c1fa5490022d011d0babc427cfc0576c56c153d48b3c8d55e25296a16660.exe,data\raw\benign\d591c1fa5490022d011d0babc427cfc0576c56c153d48b3c8d55e25296a16660.exe,38912,68,1,0,0,0,0.014705882352941176,executable,1,0,0,0,0,1,1,0,0,0,3,5.602869958253766,5.517634353985227,0.33819901315789475,0.3106239720394737,256,0,0,0,0,0,0,0,0,0,0,0,0,0.0,0
benign,d5fd9c5ec6349c8c55cbad05095b97ee2939f24a45e40fa69b89cbc85f528215.exe,data\raw\benign\d5fd9c5ec6349c8c55cbad05095b97ee2939f24a45e40fa69b89cbc85f528215.exe,35544,68,1,0,0,0,0.014705882352941176,executable,1,0,0,0,0,1,1,0,0,0,3,5.243021720274002,5.272261879618523,0.2927638982669368,0.30860342111186134,256,14,0,1,0,0,0,1,1,0,0,0,0,0.0,0
benign,d6d811768d315ac1fafcb356b040f522375192510a93ef94a5cfb22001a6de61.exe,data\raw\benign\d6d811768d315ac1fafcb356b040f522375192510a93ef94a5cfb22001a6de61.exe,59752,68,1,0,0,0,0.014705882352941176,executable,1,0,0,0,0,1,1,0,0,0,9,6.0331518754785955,5.390817218808176,0.39459767037086624,0.28633351184897576,256,20,1,0,0,0,0,0,0,0,0,0,0,0.0,0
benign,d752be52e51756f597a1e346255bf400a31063c70c9c7c724c06b2d620d5212a.exe,data\raw\benign\d752be52e51756f597a1e346255bf400a31063c70c9c7c724c06b2d620d5212a.exe,42304,68,1,0,0,0,0.014705882352941176,executable,1,0,0,0,0,1,1,0,0,0,9,6.076197274666028,5.358309483047068,0.39324886535552195,0.287750567322239,256,20,1,0,0,0,0,0,0,0,0,0,0,0.0,0
benign,d76eb2510b4bbf54ceb93ff113fd6ee98cc04874fcea256105d0a2fd33834f4e.exe,data\raw\benign\d76eb2510b4bbf54ceb93ff113fd6ee98cc04874fcea256105d0a2fd33834f4e.exe,24008,68,1,0,0,0,0.014705882352941176,executable,1,0,0,0,0,1,1,0,0,0,1,6.808203119661545,5.473094284333826,0.4794651782739087,0.14865878040653116,256,18,2,2,0,0,0,2,2,0,0,0,0,0.0,0
benign,d76f35dd028617533d4e2a9ef21b0866f0d623f9e14943d9850a8e0bad1863fd.exe,data\raw\benign\d76f35dd028617533d4e2a9ef21b0866f0d623f9e14943d9850a8e0bad1863fd.exe,702312,68,1,0,0,0,0.014705882352941176,executable,1,0,0,0,0,1,1,0,0,0,2,6.6331891733378,4.522574201953001,0.33068351387987105,0.1473276834227523,256,5,1,0,0,0,0,0,0,0,0,0,0,0.0,0
benign,d8449378c539dcd3ee3abb5d2ae1220f84e324b0b3c37fd430b3d649e225c14f.exe,data\raw\benign\d8449378c539dcd3ee3abb5d2ae1220f84e324b0b3c37fd430b3d649e225c14f.exe,34816,68,1,0,0,0,0.014705882352941176,executable,1,0,0,0,0,1,1,0,0,0,3,5.634848805643185,5.352331553163427,0.37215647977941174,0.3046300551470588,256,0,2,0,0,0,0,0,0,0,0,0,0,0.0,0
benign,d8613f44938d19c092dae2d286964d6c580ac69bf742e296c371706467ca7d9a.ole,data\raw\benign\d8613f44938d19c092dae2d286964d6c580ac69bf742e296c371706467ca7d9a.ole,320762,68,0,0,0,0,0.014705882352941176,unknown,0,0,0,0,1,1,0,0,0,0,36,7.985033097510099,6.2034053371567275,0.3681639346306607,0.013243464001346792,256,0,0,0,0,0,0,0,0,0,0,0,0,0.0,0
benign,d878992fe48766c2d2e03fcd103b8805a702b07d20adfd94581523ff838e45b0.exe,data\raw\benign\d878992fe48766c2d2e03fcd103b8805a702b07d20adfd94581523ff838e45b0.exe,21504,68,1,0,0,0,0.014705882352941176,executable,1,0,0,0,0,1,1,0,0,0,0,5.9636432049220796,5.412724787351697,0.32603236607142855,0.23628162202380953,254,1,0,0,0,0,0,0,0,0,0,0,0,0.0,0
benign,d889aa776b67de0daebe36c6c824812b58053bf28d6fd9eb8c752b004115c847.exe,data\raw\benign\d889aa776b67de0daebe36c6c824812b58053bf28d6fd9eb8c752b004115c847.exe,23040,68,1,0,0,0,0.014705882352941176,executable,1,0,0,0,0,1,1,0,0,0,9,5.037286478966159,5.218122643265506,0.28133680555555557,0.41801215277777776,256,0,0,0,0,0,0,0,0,0,0,0,0,0.0,0
benign,d95753ec8aa7da87cd519e3c77d16da579815cc53c564a77192f65c4a01c043d.exe,data\raw\benign\d95753ec8aa7da87cd519e3c77d16da579815cc53c564a77192f65c4a01c043d.exe,49152,68,1,0,0,0,0.014705882352941176,executable,1,0,0,0,0,1,1,0,0,0,3,5.762100751646086,5.714682947543948,0.3331298828125,0.2955322265625,256,0,1,0,0,0,0,0,0,0,0,0,0,0.0,0
benign,d96cd6f8855cf9e59d796e178637a72eea63bf5d30aaab4e070490240278f3af.exe,data\raw\benign\d96cd6f8855cf9e59d796e178637a72eea63bf5d30aaab4e070490240278f3af.exe,219704,68,1,0,0,0,0.014705882352941176,executable,1,0,0,0,0,1,1,0,0,0,4,6.616523648079483,5.553119614411222,0.43105724065105777,0.15747096092925025,256,24,0,25,0,0,0,25,25,0,0,0,0,0.0,0
benign,d9a39b4ef451806c38101299c7ca8453a4711ce4c629666a0ae8f9cde1b87165.exe,data\raw\benign\d9a39b4ef451806c38101299c7ca8453a4711ce4c629666a0ae8f9cde1b87165.exe,283576,68,1,0,0,0,0.014705882352941176,executable,1,0,0,0,0,1,1,0,0,0,5,6.207272101495241,5.075337499995985,0.40988306485739273,0.19746734561457951,256,16,4,3,0,0,0,3,3,0,0,0,0,0.0,0
benign,d9e0aa17442669974e9d30dbd63073f9990ac4f83580afbd4bdbe92b5c4fb1d2.exe,data\raw\benign\d9e0aa17442669974e9d30dbd63073f9990ac4f83580afbd4bdbe92b5c4fb1d2.exe,89744,68,1,0,0,0,0.014705882352941176,executable,1,0,0,0,0,1,1,0,0,0,9,6.203140630633067,5.368251548206333,0.4034921554644322,0.2395591905865573,256,20,1,0,0,0,0,0,0,0,0,0,0,0.0,0
benign,da1968f7ad7f4fdb1bc77713b54f87d3ede41ebbf19bf86f4898eb902bafc30f.exe,data\raw\benign\da1968f7ad7f4fdb1bc77713b54f87d3ede41ebbf19bf86f4898eb902bafc30f.exe,167912,68,1,0,0,0,0.014705882352941176,executable,1,0,0,0,0,1,1,0,0,0,3,7.527802031856239,5.769354948974943,0.39985825908809375,0.10225594358949926,256,28,2,0,0,0,0,0,0,0,0,0,0,0.0,0
benign,da1effb56ddd4c5630864b52366f91de3ba8ec77fad6c2a6a0a3ed833aa6b625.exe,data\raw\benign\da1effb56ddd4c5630864b52366f91de3ba8ec77fad6c2a6a0a3ed833aa6b625.exe,189952,68,1,0,0,0,0.014705882352941176,executable,1,0,0,0,0,1,1,0,0,0,10,6.235823578809229,5.52174536905575,0.342170653638814,0.20957926212938005,256,0,0,2,0,0,0,2,2,0,0,0,0,0.0,0
benign,dad6229600eb17c91ad9ddae5481379a6d06b08147d840e20648f8e36d56844e.exe,data\raw\benign\dad6229600eb17c91ad9ddae5481379a6d06b08147d840e20648f8e36d56844e.exe,50384,68,1,0,0,0,0.014705882352941176,executable,1,0,0,0,0,1,1,0,0,0,9,5.99184447242429,5.231328272600165,0.398658304223563,0.29429977770720867,256,20,1,0,0,0,0,0,0,0,0,0,0,0.0,0
benign,daf40d9a2ec0f85748aa446e41c11cf7188fdfa0f00d84652a38699c5e04863a.exe,data\raw\benign\daf40d9a2ec0f85748aa446e41c11cf7188fdfa0f00d84652a38699c5e04863a.exe,46936,68,1,0,0,0,0.014705882352941176,executable,1,0,0,0,0,1,1,0,0,0,0,4.934209291979615,0.4186070726450662,0.303690131242543,0.44307141639679565,256,5,2,0,0,0,0,0,0,0,0,0,0,0.0,0
benign,db345130e2cd90ea550affa0fc43a285f09c8f15c9382d35334a1bde48eaa92e.exe,data\raw\benign\db345130e2cd90ea550affa0fc43a285f09c8f15c9382d35334a1bde48eaa92e.exe,447168,68,1,0,0,0,0.014705882352941176,executable,1,0,0,0,0,1,1,0,0,0,3,5.6986898159222,5.532907560067371,0.3016629096894232,0.32064458995276945,256,14,1,1,0,0,0,1,1,0,0,0,0,0.0,0
benign,dbab6a72dd57ae2b056c370fc0fdaeff0045e09d834c76b58c3883b9c8438101.exe,data\raw\benign\dbab6a72dd57ae2b056c370fc0fdaeff0045e09d834c76b58c3883b9c8438101.exe,185784,68,1,0,0,0,0.014705882352941176,executable,1,0,0,0,0,1,1,0,0,0,3,7.424806908055638,5.289954866192741,0.33331180295396806,0.1172705938078629,256,7,2,1,0,0,0,1,1,0,0,0,0,0.0,0
benign,dbc7f09ca4b8fe50b475823cb31697dd4a376334bce6a110562417401ed21bc0.exe,data\raw\benign\dbc7f09ca4b8fe50b475823cb31697dd4a376334bce6a110562417401ed21bc0.exe,59336,68,1,0,0,0,0.014705882352941176,executable,1,0,0,0,0,1,1,0,0,0,0,6.176254547217425,4.967547407243141,0.426065120668734,0.23928138061210733,256,18,1,0,0,0,0,0,0,0,0,0,0,0.0,0
benign,dc14743f0c58595e84d80cf3579f6d162d378312c6b017380a1e43c870f9f9fd.exe,data\raw\benign\dc14743f0c58595e84d80cf3579f6d162d378312c6b017380a1e43c870f9f9fd.exe,67072,68,1,0,0,0,0.014705882352941176,executable,1,0,0,0,0,1,1,0,0,0,4,4.867349940577284,5.538960868570215,0.254681536259542,0.37740040553435117,256,1,2,0,0,0,0,0,0,0,0,0,0,0.0,0
benign,dc4a4aabaa2db2cd79d01d12e35ae7402a4aa8193660141c30ee216cf27f189a.exe,data\raw\benign\dc4a4aabaa2db2cd79d01d12e35ae7402a4aa8193660141c30ee216cf27f189a.exe,353280,68,1,0,0,0,0.014705882352941176,executable,1,0,0,0,0,1,1,0,0,0,9,6.2653227509484,5.53566805631585,0.3194435009057971,0.19803838315217392,256,1,0,1,0,0,0,1,1,0,0,0,0,0.0,0
benign,dc66843f5a304362179f9fe4ca1a1d0b1249934e545c303c3ee353d061dd0ffa.exe,data\raw\benign\dc66843f5a304362179f9fe4ca1a1d0b1249934e545c303c3ee353d061dd0ffa.exe,80896,68,1,0,0,0,0.014705882352941176,executable,1,0,0,0,0,1,1,0,0,0,4,6.456817874445878,4.142919540612553,0.27260927610759494,0.2610759493670886,256,1,2,0,0,0,0,0,0,0,0,0,0,0.0,0
benign,dca3a8f6bbe4e3be641adfd870352545e103298444f0cb68c932861327047b63.exe,data\raw\benign\dca3a8f6bbe4e3be641adfd870352545e103298444f0cb68c932861327047b63.exe,55720,68,1,0,0,0,0.014705882352941176,executable,1,0,0,0,0,1,1,0,0,0,9,6.108648288709656,5.467960115035188,0.392067480258435,0.27955850681981337,256,20,1,0,0,0,0,0,0,0,0,0,0,0.0,0
benign,dcb5d275f67264d2a6ba2429d46561fe284d3abf1e12c5f600424e0189cfd5d3.exe,data\raw\benign\dcb5d275f67264d2a6ba2429d46561fe284d3abf1e12c5f600424e0189cfd5d3.exe,43400,68,1,0,0,0,0.014705882352941176,executable,1,0,0,0,0,1,1,0,0,0,9,6.150826979539057,5.375528785362377,0.39548387096774196,0.27741935483870966,256,20,1,0,0,0,0,0,0,0,0,0,0,0.0,0
benign,dd1aa66063f43ae3ae2c41280a70ed01ca26a7eed780b5d9cb90fcb10b260cc2.ole,data\raw\benign\dd1aa66063f43ae3ae2c41280a70ed01ca26a7eed780b5d9cb90fcb10b260cc2.ole,234496,68,0,0,0,0,0.014705882352941176,unknown,0,0,0,0,1,0,0,0,0,0,6,4.932290318995736,3.971422904442117,0.24972707423580787,0.42550832423580787,256,0,0,1,0,0,0,1,1,0,0,0,0,0.0,0
benign,dd7a6d34e1a7b599d76ca9a895a1fd10c7dba227dd402a8782316b8f6a53aa10.exe,data\raw\benign\dd7a6d34e1a7b599d76ca9a895a1fd10c7dba227dd402a8782316b8f6a53aa10.exe,333264,68,1,0,0,0,0.014705882352941176,executable,1,0,0,0,0,1,1,0,0,0,2,6.291162610762088,5.587651641224782,0.3433344135580201,0.20680001440299584,256,28,0,1,0,0,0,1,1,0,0,0,0,0.0,0
benign,dd8d3acca93a81bf03e65a3779257e18d16e123afaf41b393a883f2a3b4412d2.ole,data\raw\benign\dd8d3acca93a81bf03e65a3779257e18d16e123afaf41b393a883f2a3b4412d2.ole,47616,68,0,0,0,0,0.014705882352941176,unknown,0,0,0,0,1,0,0,0,0,0,0,4.681209923301645,3.823170691050726,0.24449764784946237,0.43109459005376344,255,0,0,0,0,0,0,0,0,0,0,0,0,0.0,0
benign,dda46ead54b5f92e4fa77cf708f9c87521cf26e80ea776203b34037d54590f96.exe,data\raw\benign\dda46ead54b5f92e4fa77cf708f9c87521cf26e80ea776203b34037d54590f96.exe,244224,68,1,0,0,0,0.014705882352941176,executable,1,0,0,0,0,1,1,0,0,0,9,5.923973576336288,5.264237671248095,0.39652122641509435,0.17415159853249476,256,1,0,0,0,0,0,0,0,0,0,0,0,0.0,0
benign,ddb348b0443d540a6e72477b111b50b094adcd490872c4786acbdcd093e07f8d.exe,data\raw\benign\ddb348b0443d540a6e72477b111b50b094adcd490872c4786acbdcd093e07f8d.exe,513528,68,1,0,0,0,0.014705882352941176,executable,1,0,0,0,0,1,1,0,0,0,4,7.897651251647932,5.720161807434296,0.36689333395647367,0.03177626146967644,256,14,2,0,0,0,0,0,0,0,0,0,0,0.0,0
benign,ddcd14ee4a48801f1db7314f79ee7de6ea82320ff919f3d77424b8631172fea2.exe,data\raw\benign\ddcd14ee4a48801f1db7314f79ee7de6ea82320ff919f3d77424b8631172fea2.exe,67848,68,1,0,0,0,0.014705882352941176,executable,1,0,0,0,0,1,1,0,0,0,9,5.985324680851324,5.321896888073215,0.42421294658648745,0.2804209409267775,256,20,1,0,0,0,0,0,0,0,0,0,0,0.0,0
benign,ddf9918a205bd5c45f3bd6ef62ccbcbe0bba77e2df3b301613aa910ff34b331e.exe,data\raw\benign\ddf9918a205bd5c45f3bd6ef62ccbcbe0bba77e2df3b301613aa910ff34b331e.exe,164216,68,1,0,0,0,0.014705882352941176,executable,1,0,0,0,0,1,1,0,0,0,6,7.2869323976293385,5.536436856644413,0.3256808106396453,0.14620378038680762,256,7,0,0,1,0,0,0,1,0,0,0,0,0.0,0
benign,de2d114af3df793d3f2d107f3114b5451934768b206473b293b6b03a0c7fbec0.exe,data\raw\benign\de2d114af3df793d3f2d107f3114b5451934768b206473b293b6b03a0c7fbec0.exe,123552,68,1,0,0,0,0.014705882352941176,executable,1,0,0,0,0,1,1,0,0,0,4,6.954004755213635,5.019368388116682,0.37016802641802643,0.187734718984719,256,9,5,0,0,0,0,0,0,0,0,0,0,0.0,0
benign,dec0efefe7749ab45c541f8c2c0bc4fa946e865025e209e58a0dffa41d87baf0.exe,data\raw\benign\dec0efefe7749ab45c541f8c2c0bc4fa946e865025e209e58a0dffa41d87baf0.exe,154744,68,1,0,0,0,0.014705882352941176,executable,1,0,0,0,0,1,1,0,0,0,2,6.1526763198189025,5.528863699100998,0.3458486274104327,0.22838365300108565,256,10,0,0,0,0,0,0,0,0,0,0,0,0.0,0
benign,dec54fa2495ddda9647c516f4025f08f552451bdf432930df6dcffa31ee38d46.exe,data\raw\benign\dec54fa2495ddda9647c516f4025f08f552451bdf432930df6dcffa31ee38d46.exe,145408,68,1,0,0,0,0.014705882352941176,executable,1,0,0,0,0,1,1,0,0,0,9,5.698688147713373,5.224618541656191,0.3184762874119718,0.24455325704225353,256,0,0,0,0,0,0,0,0,0,0,0,0,0.0,0
benign,df1f22cc634826085eedbef5bf8e106493c821c9362baf6a3e4880878c9ae780.exe,data\raw\benign\df1f22cc634826085eedbef5bf8e106493c821c9362baf6a3e4880878c9ae780.exe,69024,68,1,0,0,0,0.014705882352941176,executable,1,0,0,0,0,1,1,0,0,0,2,5.839604805294303,5.042638257147871,0.44316469633750577,0.28264082058414464,256,16,3,2,1,0,0,2,3,0,0,0,0,0.0,0
benign,df23113f3c534e5becbd452bf2ad92cbcf2a92641f775f4f579c91ad7c0ac7f4.exe,data\raw\benign\df23113f3c534e5becbd452bf2ad92cbcf2a92641f775f4f579c91ad7c0ac7f4.exe,34564,68,1,0,0,0,0.014705882352941176,executable,1,0,0,0,0,0,0,0,0,0,1,7.987923622520703,7.951130630366166,0.36054854762180305,0.004600162018284921,256,0,0,0,0,0,0,0,0,0,0,0,0,0.0,0
benign,df3be72be588f2b532738f0e78ea853f79facfb8bb26d4e5882de3fe1481780a.exe,data\raw\benign\df3be72be588f2b532738f0e78ea853f79facfb8bb26d4e5882de3fe1481780a.exe,619992,68,1,0,0,0,0.014705882352941176,executable,1,0,0,0,0,1,1,0,0,0,6,6.050640080068386,5.604069498601925,0.338696305758784,0.23184976580342972,256,16,1,3,0,0,0,3,3,0,0,0,0,0.0,0
benign,df3e83d365715e889970135cef3168ad205dd8f6d4522cbdd053cb254e0bf8e7.exe,data\raw\benign\df3e83d365715e889970135cef3168ad205dd8f6d4522cbdd053cb254e0bf8e7.exe,67072,68,1,0,0,0,0.014705882352941176,executable,1,0,0,0,0,1,1,0,0,0,3,5.671675400331526,5.619473116501337,0.36232705152671757,0.30681953721374045,256,0,1,0,0,0,0,0,0,0,0,0,0,0.0,0
benign,dfdcbc5a9cc9e9d6b0e4bc4def90758ffb9011b6c926f02b44d66d2b88dda8a1.exe,data\raw\benign\dfdcbc5a9cc9e9d6b0e4bc4def90758ffb9011b6c926f02b44d66d2b88dda8a1.exe,42512,68,1,0,0,0,0.014705882352941176,executable,1,0,0,0,0,1,1,0,0,0,9,6.096463434280603,5.379386400049118,0.3980052691004893,0.28370812946932633,256,20,1,0,0,0,0,0,0,0,0,0,0,0.0,0
benign,e000a2915cdc991900e600a9848c836c6b62241cd7198eeb635344530869d912.exe,data\raw\benign\e000a2915cdc991900e600a9848c836c6b62241cd7198eeb635344530869d912.exe,56720,68,1,0,0,0,0.014705882352941176,executable,1,0,0,0,0,1,1,0,0,0,9,6.0695009731097,5.532477668352615,0.3864774330042313,0.28506699576868827,256,20,1,0,0,0,0,0,0,0,0,0,0,0.0,0
benign,e05736304339b95938f623f5e5ab295942ccb728cf0782e429ff56c7f98c4ace.exe,data\raw\benign\e05736304339b95938f623f5e5ab295942ccb728cf0782e429ff56c7f98c4ace.exe,350808,68,1,0,0,0,0.014705882352941176,executable,1,0,0,0,0,1,1,0,0,0,0,6.614041091318021,4.788584996186415,0.24341235091560057,0.12544468769241293,256,18,175,0,0,0,0,0,0,0,0,0,0,0.0,0
benign,e0718764552ce0092f528cc521052229ccda4bf21279f90dcdfc226f45eed43a.exe,data\raw\benign\e0718764552ce0092f528cc521052229ccda4bf21279f90dcdfc226f45eed43a.exe,53704,68,1,0,0,0,0.014705882352941176,executable,1,0,0,0,0,1,1,0,0,0,9,5.850965002586692,5.237380928712844,0.3748510353046328,0.3169596305675555,256,19,0,0,0,0,0,0,0,0,0,0,0,0.0,0
benign,e0e61d43bb747cbf2c318f32f0e405abf96ca648afedc0c697bf9af9c5d62ad1.ole,data\raw\benign\e0e61d43bb747cbf2c318f32f0e405abf96ca648afedc0c697bf9af9c5d62ad1.ole,52744,68,0,0,0,0,0.014705882352941176,unknown,0,0,0,0,1,1,0,0,0,0,20,7.816255898026475,6.659065590403423,0.36032534506294556,0.06423479447899287,256,0,0,0,0,0,0,0,0,0,0,0,0,0.0,0
benign,e18c02ba480e83489976314a0a79441108faf4d246292eba1eadd36ce4fc6acd.exe,data\raw\benign\e18c02ba480e83489976314a0a79441108faf4d246292eba1eadd36ce4fc6acd.exe,543360,68,1,0,0,0,0.014705882352941176,executable,1,0,0,0,0,1,1,0,0,0,0,5.784551795289265,0.6275434661452141,0.25540341578327447,0.2442395465253239,256,7,0,2,1,0,0,2,3,0,0,0,0,0.0,0
benign,e1913ca829634bac9b78031eb20c79fb7b1d5c9ebacd27d89f575576178bce8b.exe,data\raw\benign\e1913ca829634bac9b78031eb20c79fb7b1d5c9ebacd27d89f575576178bce8b.exe,36864,68,1,0,0,0,0.014705882352941176,executable,1,0,0,0,0,1,1,0,0,0,3,5.644321834132625,5.371743085497685,0.3208279079861111,0.2994520399305556,256,0,1,0,0,0,0,0,0,0,0,0,0,0.0,0
benign,e20c8fcbe0260436c3779a5b1c640153f2690f6e32a4355c47eba50c862c9549.exe,data\raw\benign\e20c8fcbe0260436c3779a5b1c640153f2690f6e32a4355c47eba50c862c9549.exe,23040,68,1,0,0,0,0.014705882352941176,executable,1,0,0,0,0,1,1,0,0,0,0,5.991677700487636,5.348919560440565,0.32504340277777777,0.2300347222222222,254,1,0,0,0,0,0,0,0,0,0,0,0,0.0,0
benign,e24e9b04c7f2f50da89c36779bc0f9a17e55755845c0c4fc33d25d2cbb912a0d.exe,data\raw\benign\e24e9b04c7f2f50da89c36779bc0f9a17e55755845c0c4fc33d25d2cbb912a0d.exe,41984,68,1,0,0,0,0.014705882352941176,executable,1,0,0,0,0,1,1,0,0,0,2,5.311637300362907,5.436214304856806,0.33648532774390244,0.3550161966463415,256,0,0,0,0,0,0,0,0,0,0,0,0,0.0,0
benign,e26573bf8a8b859d65d3b5e258764384e269ea08fd25a5d68d6a25708798c42f.exe,data\raw\benign\e26573bf8a8b859d65d3b5e258764384e269ea08fd25a5d68d6a25708798c42f.exe,103936,68,1,0,0,0,0.014705882352941176,executable,1,0,0,0,0,1,1,0,0,0,4,6.361434680594282,4.807380038117038,0.2206069119458128,0.28508890086206895,256,0,0,0,0,0,0,0,0,0,0,0,0,0.0,0
benign,e29835e30a82311d856dc8ac8ba70b5f10f9cd6465a76a0f6423ed1b36dad744.exe,data\raw\benign\e29835e30a82311d856dc8ac8ba70b5f10f9cd6465a76a0f6423ed1b36dad744.exe,324048,68,1,0,0,0,0.014705882352941176,executable,1,0,0,0,0,1,1,0,0,0,3,6.488500590387315,5.6538597990215855,0.3075007406310176,0.1836548906334864,256,11,1,0,0,0,0,0,0,0,0,0,0,0.0,0
benign,e34ef07be1e6de192e007fa59413c9f07657d9d24ebb59b2049d3447ccc73110.exe,data\raw\benign\e34ef07be1e6de192e007fa59413c9f07657d9d24ebb59b2049d3447ccc73110.exe,101464,68,1,0,0,0,0.014705882352941176,executable,1,0,0,0,0,1,1,0,0,0,0,5.504706916748446,0.4477207486943758,0.40461641567452494,0.3362670503824016,256,18,1,0,0,0,0,0,0,0,0,0,0,0.0,0
benign,e3827378118993c34eced29d9de0ad006f356667d4e37be9776dfe59a7c3a24b.exe,data\raw\benign\e3827378118993c34eced29d9de0ad006f356667d4e37be9776dfe59a7c3a24b.exe,136672,68,1,0,0,0,0.014705882352941176,executable,1,0,0,0,0,1,1,0,0,0,1,6.157203931859034,5.154244873423725,0.5156067080309061,0.19870931866073518,256,50,4,2,0,1,0,2,3,0,0,0,0,0.0,0
benign,e3b8530d540b87a4019742aa9d6cbfacf6c6583240bea5ac8319311e8dd195cb.exe,data\raw\benign\e3b8530d540b87a4019742aa9d6cbfacf6c6583240bea5ac8319311e8dd195cb.exe,249744,68,1,0,0,0,0.014705882352941176,executable,1,0,0,0,0,1,1,0,0,0,3,5.522698658297628,5.4718578394612045,0.29616727528989684,0.2291066051636876,256,13,1,0,0,0,0,0,0,0,0,0,0,0.0,0
benign,e40f02f83a5747b8b47cbc21fc7c54e6b81b7b92c86410ccc62795274f639385.exe,data\raw\benign\e40f02f83a5747b8b47cbc21fc7c54e6b81b7b92c86410ccc62795274f639385.exe,49664,68,1,0,0,0,0.014705882352941176,executable,1,0,0,0,0,1,1,0,0,0,9,5.846809173633198,5.256184288577119,0.2997543492268041,0.28251852448453607,256,0,0,0,0,0,0,0,0,0,0,0,0,0.0,0
benign,e417a2a7e4a77e96f819ef1fca0156ae01807825c0ee0817e649fe6c0d41a4be.exe,data\raw\benign\e417a2a7e4a77e96f819ef1fca0156ae01807825c0ee0817e649fe6c0d41a4be.exe,358080,68,1,0,0,0,0.014705882352941176,executable,1,0,0,0,0,1,1,0,0,0,3,6.238358773554784,5.618488414234781,0.34252680965147453,0.24607908847184987,256,15,22,2,0,0,0,2,2,0,0,0,0,0.0,0
benign,e42647afd2747ba0c5a5c2440b5a68a9f0139850782690e1f7f2abd01ff573f3.exe,data\raw\benign\e42647afd2747ba0c5a5c2440b5a68a9f0139850782690e1f7f2abd01ff573f3.exe,28672,68,1,0,0,0,0.014705882352941176,executable,1,0,0,0,0,1,1,0,0,0,9,5.407765054569302,5.121760169176372,0.33206612723214285,0.34608677455357145,256,0,0,0,0,0,0,0,0,0,0,0,0,0.0,0
benign,e447797c377b176832497d6ddd22226f1e403a63f48f6fe1a77fa7009036e749.exe,data\raw\benign\e447797c377b176832497d6ddd22226f1e403a63f48f6fe1a77fa7009036e749.exe,40392,68,1,0,0,0,0.014705882352941176,executable,1,0,0,0,0,1,1,0,0,0,2,6.366181581604215,4.262486828042367,0.4067142008318479,0.2508169934640523,256,16,2,0,0,0,0,0,0,0,0,0,0,0.0,0
benign,e47adb18253dbdf07276faef715d56fc3840b20ea2c2e6ec5690811afb7daed1.exe,data\raw\benign\e47adb18253dbdf07276faef715d56fc3840b20ea2c2e6ec5690811afb7daed1.exe,56160,68,1,0,0,0,0.014705882352941176,executable,1,0,0,0,0,1,1,0,0,0,4,5.872222347041609,5.50553922436951,0.3859508547008547,0.2967058404558405,256,10,2,0,0,0,0,0,0,0,0,0,0,0.0,0
benign,e4e48ec4f35ab5a21f791b014d1c626d6758906bf6ecff845ae3a6be90a97f1c.ole,data\raw\benign\e4e48ec4f35ab5a21f791b014d1c626d6758906bf6ecff845ae3a6be90a97f1c.ole,141512,68,0,0,0,0,0.014705882352941176,unknown,0,0,0,0,1,1,0,0,0,0,30,7.935102782235754,6.666964272669017,0.36266889027078975,0.032004352987732486,256,0,0,0,0,0,0,0,0,0,0,0,0,0.0,0
benign,e58771a5a611292297cbb7e69be2fbdce01f5d96b02ac0e33ee9bcb1abfc3b6d.exe,data\raw\benign\e58771a5a611292297cbb7e69be2fbdce01f5d96b02ac0e33ee9bcb1abfc3b6d.exe,39424,68,1,0,0,0,0.014705882352941176,executable,1,0,0,0,0,1,1,0,0,0,3,6.057934049032293,4.727149087625471,0.34996448863636365,0.2612114448051948,256,0,1,0,0,0,0,0,0,0,0,0,0,0.0,0
benign,e5b7730daa39dc02a1618c39f249f2ffe5df128a06efbb712fb8e3b7ae840211.exe,data\raw\benign\e5b7730daa39dc02a1618c39f249f2ffe5df128a06efbb712fb8e3b7ae840211.exe,122552,68,1,0,0,0,0.014705882352941176,executable,1,0,0,0,0,1,1,0,0,0,1,6.751122209274645,4.746341010604263,0.359741171094719,0.1731183497617338,256,12,0,0,0,0,0,0,0,0,0,0,0,0.0,0
benign,e5c6eb60211ec6b21425f7cd63d597109dfd4c867b5645b52d05684be59097fd.exe,data\raw\benign\e5c6eb60211ec6b21425f7cd63d597109dfd4c867b5645b52d05684be59097fd.exe,80472,68,1,0,0,0,0.014705882352941176,executable,1,0,0,0,0,1,1,0,0,0,2,6.19069719926929,3.287365124033076,0.34049110249527786,0.24619743513271697,256,18,0,1,0,0,0,1,1,0,0,0,0,0.0,0
benign,e60878f2f9a9c3cd70720b8a8b3fe98dfd37dc2c5da9a79dd043a09a8f5fc423.exe,data\raw\benign\e60878f2f9a9c3cd70720b8a8b3fe98dfd37dc2c5da9a79dd043a09a8f5fc423.exe,58336,68,1,0,0,0,0.014705882352941176,executable,1,0,0,0,0,1,1,0,0,0,1,6.393395951501213,5.129459491998236,0.4866120405924301,0.188391387822271,256,17,11,2,0,0,0,2,2,0,0,0,0,0.0,0
benign,e614bb23131efe77b8ef6cfe08a28ceec7a9adccc03d183b7a287ac6c822de1f.exe,data\raw\benign\e614bb23131efe77b8ef6cfe08a28ceec7a9adccc03d183b7a287ac6c822de1f.exe,178776,68,1,0,0,0,0.014705882352941176,executable,1,0,0,0,0,1,1,0,0,0,2,6.038092041357707,3.6087788720021354,0.31424240390208974,0.23523851076207097,256,18,0,1,0,0,0,1,1,0,0,0,0,0.0,0
benign,e65843dd08f0044bfebc429e3ced7e936dc83c2d304fe7774147b0db382e5965.exe,data\raw\benign\e65843dd08f0044bfebc429e3ced7e936dc83c2d304fe7774147b0db382e5965.exe,388080,68,1,0,0,0,0.014705882352941176,executable,1,0,0,0,0,1,1,0,0,0,2,6.417928422884415,3.7605707643355974,0.3151283240568955,0.18633786848072562,256,16,1,0,1,0,0,0,1,0,0,0,0,0.0,0
benign,e68d0aff6f9b17d0c48a18f79e0f405f420242ac9c0c4579c8cced7ef699aa46.exe,data\raw\benign\e68d0aff6f9b17d0c48a18f79e0f405f420242ac9c0c4579c8cced7ef699aa46.exe,494080,68,1,0,0,0,0.014705882352941176,executable,1,0,0,0,0,1,1,0,0,0,6,5.819226255998929,5.6705721952359385,0.19201546308290154,0.3367916126943005,256,0,2,0,0,0,0,0,0,0,0,0,0,0.0,0
benign,e690cbd19b9ca80398251b709544428ad56b83866c940c13a50af30162e25ac9.exe,data\raw\benign\e690cbd19b9ca80398251b709544428ad56b83866c940c13a50af30162e25ac9.exe,29184,68,1,0,0,0,0.014705882352941176,executable,1,0,0,0,0,1,1,0,0,0,2,5.876420296418047,5.326443582745962,0.46206825657894735,0.27059347587719296,256,0,0,1,0,0,0,1,1,0,0,0,0,0.0,0
benign,e693bc556d4e07471933b03456a509b068065698f86c34875d08bb0b4819597d.exe,data\raw\benign\e693bc556d4e07471933b03456a509b068065698f86c34875d08bb0b4819597d.exe,329496,68,1,0,0,0,0.014705882352941176,executable,1,0,0,0,0,1,1,0,0,0,4,5.9950602316009345,4.935122551002408,0.35508473547478575,0.20595090683953673,256,8,0,1,0,0,0,1,1,0,0,0,0,0.0,0
benign,e7611e58735d0ece5913e66dc19947cea16a9b401127260018ab174e74b63ea3.exe,data\raw\benign\e7611e58735d0ece5913e66dc19947cea16a9b401127260018ab174e74b63ea3.exe,92792,68,1,0,0,0,0.014705882352941176,executable,1,0,0,0,0,1,1,0,0,0,9,5.949047974771826,5.142100163629572,0.43093154582291576,0.27585352185533235,256,23,1,0,0,0,0,0,0,0,0,0,0,0.0,0
benign,e82b3e2d357ecdebc189379f79f2b354d34c7af1a1d56de51ad5a539059dcf61.exe,data\raw\benign\e82b3e2d357ecdebc189379f79f2b354d34c7af1a1d56de51ad5a539059dcf61.exe,30720,68,1,0,0,0,0.014705882352941176,executable,1,0,0,0,0,1,1,0,0,0,0,6.251147492633176,5.342765293887969,0.34814453125,0.19117838541666668,256,1,0,0,0,0,0,0,0,0,0,0,0,0.0,0
benign,e87bde4257e33f4f185dc872e0d7fc0a378741233ea3dd6a2665bfcf44bad1d4.exe,data\raw\benign\e87bde4257e33f4f185dc872e0d7fc0a378741233ea3dd6a2665bfcf44bad1d4.exe,84312,68,1,0,0,0,0.014705882352941176,executable,1,0,0,0,0,1,1,0,0,0,1,5.80791160347106,4.968983720686847,0.34538381250593037,0.31590995350602524,256,5,3,1,0,0,0,1,1,0,0,0,0,0.0,0
benign,e904e2854dc69d740d03101764ff1dcad82acd70b5b9b6076f26d0d64a68f1ce.exe,data\raw\benign\e904e2854dc69d740d03101764ff1dcad82acd70b5b9b6076f26d0d64a68f1ce.exe,32768,68,1,0,0,0,0.014705882352941176,executable,1,0,0,0,0,1,1,0,0,0,0,6.165350412435917,5.094896957237123,0.351959228515625,0.19805908203125,256,3,0,0,0,0,0,0,0,0,0,0,0,0.0,0
benign,e929cae582e4f92f60ec607da7acb448e22742691a4992406dd893bf99f2955f.exe,data\raw\benign\e929cae582e4f92f60ec607da7acb448e22742691a4992406dd893bf99f2955f.exe,65792,68,1,0,0,0,0.014705882352941176,executable,1,0,0,0,0,1,1,0,0,0,9,6.032626615998445,5.293210166062191,0.4091378891050584,0.27886369163424124,256,20,1,0,0,0,0,0,0,0,0,0,0,0.0,0
benign,e97fde1aa1260261577d81203a2a0b1b666e7774b44f42be89c84065d93e89e6.exe,data\raw\benign\e97fde1aa1260261577d81203a2a0b1b666e7774b44f42be89c84065d93e89e6.exe,148480,68,1,0,0,0,0.014705882352941176,executable,1,0,0,0,0,1,1,0,0,0,9,5.551904233937807,5.4519223332279605,0.4658068426724138,0.32351158405172414,256,0,0,0,0,2,0,0,2,0,0,0,0,0.0,0
benign,e99c64aa27d56613a387cb94d1d4ee6777e2d1d1da59c6991037fe0b2615cd02.exe,data\raw\benign\e99c64aa27d56613a387cb94d1d4ee6777e2d1d1da59c6991037fe0b2615cd02.exe,57200,68,1,0,0,0,0.014705882352941176,executable,1,0,0,0,0,1,1,0,0,0,9,6.118299558727991,5.330461068214723,0.39124125874125876,0.2768706293706294,256,20,1,0,0,0,0,0,0,0,0,0,0,0.0,0
benign,e9b57cd27dd150c0ee3d718f64e6210a07e78f91e4a673e259335327ab2dc908.exe,data\raw\benign\e9b57cd27dd150c0ee3d718f64e6210a07e78f91e4a673e259335327ab2dc908.exe,143360,68,1,0,0,0,0.014705882352941176,executable,1,0,0,0,0,1,1,0,0,0,9,5.671267425534136,5.2938739680260145,0.31196986607142857,0.24873744419642857,256,0,0,0,0,0,0,0,0,0,0,0,0,0.0,0
benign,e9bc3322525acfe84afd7cfc27f07f6d18bd0a07ccff726d8fd5a4800c188f75.exe,data\raw\benign\e9bc3322525acfe84afd7cfc27f07f6d18bd0a07ccff726d8fd5a4800c188f75.exe,200192,68,1,0,0,0,0.014705882352941176,executable,1,0,0,0,0,1,1,0,0,0,2,6.4255270482044375,5.660609460077984,0.49084378996163686,0.18859394980818414,256,0,61,1,0,0,0,1,1,0,0,0,0,0.0,0
benign,e9e24fb71b09913424236131a896329ed726e0a6c796735462ff6ab440d7287c.exe,data\raw\benign\e9e24fb71b09913424236131a896329ed726e0a6c796735462ff6ab440d7287c.exe,83456,68,1,0,0,0,0.014705882352941176,executable,1,0,0,0,0,1,1,0,0,0,3,4.49921052390364,3.5360311379829272,0.1995902032208589,0.4993769171779141,256,0,1,0,0,0,0,0,0,0,0,0,0,0.0,0
benign,ea605ed13742ab354443694773af11528c8fe58060510877d338a92e0214e5b0.ole,data\raw\benign\ea605ed13742ab354443694773af11528c8fe58060510877d338a92e0214e5b0.ole,102912,68,0,0,0,0,0.014705882352941176,unknown,0,0,0,0,1,0,0,0,0,0,7,6.918074695390631,3.002371170694445,0.3834343905472637,0.2029306592039801,256,32,0,1,0,0,0,1,1,0,0,0,0,0.0,0
malware,000d1bab5fa789f2d3b120bccb5452c7c3fe52073bd88d7d651b27dc68eb5423.exe,data\raw\malware\000d1bab5fa789f2d3b120bccb5452c7c3fe52073bd88d7d651b27dc68eb5423.exe,208896,68,1,0,0,0,0.014705882352941176,executable,1,0,0,0,0,1,1,0,0,0,1,6.387780070535898,0.9464571488240296,0.3086703431372549,0.2135943244485294,256,0,0,1,0,0,0,1,1,0,0,0,0,0.0,0
malware,000d6230792fefff601c0e5e87369196fdd5cfb484fdd87916a080d8b9ffc1c6.exe,data\raw\malware\000d6230792fefff601c0e5e87369196fdd5cfb484fdd87916a080d8b9ffc1c6.exe,390144,68,1,0,0,0,0.014705882352941176,executable,1,0,0,0,0,1,1,0,0,0,8,7.843802479760118,4.5898964416366566,0.34507002542650916,0.05407490567585302,256,0,0,0,0,0,0,0,0,0,0,0,0,0.0,0
malware,000d7c0a7ef796e464de11a2488d918c73106f3ed67fa74aee98e048a3cfa570.ole,data\raw\malware\000d7c0a7ef796e464de11a2488d918c73106f3ed67fa74aee98e048a3cfa570.ole,609280,68,0,0,0,0,0.014705882352941176,unknown,0,0,0,0,1,0,0,0,0,0,7,7.992261286829399,2.639326065420218,0.3665014443277311,0.011175485819327731,256,0,0,0,0,0,0,0,0,0,0,0,0,0.0,0
malware,000e731440308f57fde3cf58626ec77edd4f3f89a9d9e964ea170d18fdef9069.exe,data\raw\malware\000e731440308f57fde3cf58626ec77edd4f3f89a9d9e964ea170d18fdef9069.exe,345088,68,1,0,0,0,0.014705882352941176,executable,1,0,0,0,0,1,1,0,0,0,113,7.8479458893594005,3.150800006500457,0.3513190838278932,0.057730202151335314,256,0,0,0,0,0,0,0,0,0,0,0,0,0.0,0
malware,002d72a4eb8f8e2aaea0efd51128afaf0d291b9483dc68b5caebe924551613bd.exe,data\raw\malware\002d72a4eb8f8e2aaea0efd51128afaf0d291b9483dc68b5caebe924551613bd.exe,475136,68,1,0,0,0,0.014705882352941176,executable,1,0,0,0,0,1,1,0,0,0,4,7.301210605448433,0.702894379083153,0.3095176959859914,0.1623387830010776,256,0,0,0,0,0,0,0,0,0,0,0,0,0.0,0
malware,003ad42cc2b8210c65926c6fe37007d4920d0f8a8896f85e07bcfd0454b22b90.exe,data\raw\malware\003ad42cc2b8210c65926c6fe37007d4920d0f8a8896f85e07bcfd0454b22b90.exe,378880,68,1,0,0,0,0.014705882352941176,executable,1,0,0,0,0,1,1,0,0,0,2,7.879427721520637,4.533735028319483,0.3491263724662162,0.045930109797297294,256,0,0,0,0,0,0,0,0,0,0,0,0,0.0,0
malware,00a0d8c3adc67e930fd89331e4e41cfe2a7128072d5d3ca0ec369da5b7847a45.exe,data\raw\malware\00a0d8c3adc67e930fd89331e4e41cfe2a7128072d5d3ca0ec369da5b7847a45.exe,438272,68,1,0,0,0,0.014705882352941176,executable,1,0,0,0,0,1,1,0,0,0,2,7.578599826423646,0.683666154715845,0.3298066041179907,0.11430800963785047,256,0,0,0,0,0,0,0,0,0,0,0,0,0.0,0
malware,00ab1c6b7654dcb244dac269d0012e5badabff7eb8c40b428009d6ee86791591.exe,data\raw\malware\00ab1c6b7654dcb244dac269d0012e5badabff7eb8c40b428009d6ee86791591.exe,413696,68,1,0,0,0,0.014705882352941176,executable,1,0,0,0,0,1,1,0,0,0,7,7.671011406662292,0.6601077473333207,0.33312383972772275,0.09662409112004951,256,0,0,0,0,0,0,0,0,0,0,0,0,0.0,0
malware,00c5240f41d311ed58e92f805d915359e1d202e9ef9cf7f567519907868947c8.exe,data\raw\malware\00c5240f41d311ed58e92f805d915359e1d202e9ef9cf7f567519907868947c8.exe,208896,68,1,0,0,0,0.014705882352941176,executable,1,0,0,0,0,1,1,0,0,0,1,6.1723610348497875,0.9457727101826664,0.28591260723039214,0.24545706954656862,256,0,0,1,0,0,0,1,1,0,0,0,0,0.0,0
malware,00cc9bb91df017673ce091d87aca25aebd1119c19a1feef73dca9194a4a9248d.exe,data\raw\malware\00cc9bb91df017673ce091d87aca25aebd1119c19a1feef73dca9194a4a9248d.exe,380416,68,1,0,0,0,0.014705882352941176,executable,1,0,0,0,0,1,1,0,0,0,8,7.869793906270063,4.567619783542512,0.35091321080080756,0.04932232082772544,256,0,0,0,0,0,0,0,0,0,0,0,0,0.0,0
malware,00d0f2df2841b9a79031ab3dc564db99e2caa22c9626842f087b195e3250dc89.ole,data\raw\malware\00d0f2df2841b9a79031ab3dc564db99e2caa22c9626842f087b195e3250dc89.ole,144309,68,0,0,0,0,0.014705882352941176,unknown,0,0,0,0,1,0,0,0,0,0,6,6.091895046714661,3.499583595987412,0.3872523543230152,0.2867319432606421,256,1,0,0,0,0,0,0,0,0,0,0,0,0.0,0
malware,00d947043b5ee7d6e789a0a81286e50371c6417e0601f7ad62f9018c5c14eb74.exe,data\raw\malware\00d947043b5ee7d6e789a0a81286e50371c6417e0601f7ad62f9018c5c14eb74.exe,110176,68,1,0,0,0,0.014705882352941176,executable,1,0,0,0,0,1,1,0,0,0,1,6.9960072428314115,5.455375746007624,0.32274724077839095,0.18730939587568982,256,0,0,0,0,0,0,0,0,0,0,0,0,0.0,0
malware,00db5e29f6a3f63b8402dea3237c1588504483a83cb9ebaa2c96e9d7a0246c05.ole,data\raw\malware\00db5e29f6a3f63b8402dea3237c1588504483a83cb9ebaa2c96e9d7a0246c05.ole,158759,68,0,0,0,0,0.014705882352941176,unknown,0,0,0,0,1,0,0,0,0,0,6,5.744216053758978,1.648056338126978,0.34631737413312,0.3616991792591286,256,1,0,3,0,0,0,3,3,0,0,0,0,0.0,0
malware,00dbedfa52c46cad28416fe72a908c2ae33b77eb8c317cd05a29865d5ab34f0f.exe,data\raw\malware\00dbedfa52c46cad28416fe72a908c2ae33b77eb8c317cd05a29865d5ab34f0f.exe,368640,68,1,0,0,0,0.014705882352941176,executable,1,0,0,0,0,1,1,0,0,0,5,7.691516224502161,0.7214539391197082,0.33701985677083335,0.08570692274305555,256,0,0,0,0,0,0,0,0,0,0,0,0,0.0,0
malware,00e02cb453b91d21223cd2578a9e3adcc7c9c6f72f90220bd750a0380a064217.exe,data\raw\malware\00e02cb453b91d21223cd2578a9e3adcc7c9c6f72f90220bd750a0380a064217.exe,479232,68,1,0,0,0,0.014705882352941176,executable,1,0,0,0,0,1,1,0,0,0,8,7.271847664317071,0.7201404438623791,0.2979871961805556,0.16634531917735043,256,0,0,0,0,0,0,0,0,0,0,0,0,0.0,0
malware,00e0f78782ab0bb9da61b92f98fb8d8fcecc99808a2d3135169659ee22a834e3.exe,data\raw\malware\00e0f78782ab0bb9da61b92f98fb8d8fcecc99808a2d3135169659ee22a834e3.exe,421888,68,1,0,0,0,0.014705882352941176,executable,1,0,0,0,0,1,1,0,0,0,4,7.73449226830973,0.711331106980213,0.3376322625910194,0.07658904733009708,256,0,0,0,0,0,0,0,0,0,0,0,0,0.0,0
malware,00f271c5a278b03daa22a88883f2e91474c812dd3cc814dd9d89bc46125a764a.exe,data\raw\malware\00f271c5a278b03daa22a88883f2e91474c812dd3cc814dd9d89bc46125a764a.exe,430080,68,1,0,0,0,0.014705882352941176,executable,1,0,0,0,0,1,1,0,0,0,6,7.660913411228345,0.6703872921689462,0.3317103794642857,0.09537295386904762,256,0,0,0,0,0,0,0,0,0,0,0,0,0.0,0
malware,00f7b0e7e30cf08112073c5ce73575a3500dabfa23279828be99f0ca81d4737f.exe,data\raw\malware\00f7b0e7e30cf08112073c5ce73575a3500dabfa23279828be99f0ca81d4737f.exe,503808,68,1,0,0,0,0.014705882352941176,executable,1,0,0,0,0,1,1,0,0,0,2,6.8308418936336555,0.6869356521918348,0.27935642149390244,0.24485915269308944,256,0,0,0,0,0,0,0,0,0,0,0,0,0.0,0
malware,01a0bea806384827759ae032031516bfe843285cac39800bdd1845e36cb5f003.exe,data\raw\malware\01a0bea806384827759ae032031516bfe843285cac39800bdd1845e36cb5f003.exe,421888,68,1,0,0,0,0.014705882352941176,executable,1,0,0,0,0,1,1,0,0,0,5,7.735858455753604,0.7105388431867958,0.34036758570995146,0.07670045130461164,256,0,0,0,0,0,0,0,0,0,0,0,0,0.0,0
malware,01a795638fe5829264455b8efe4c1dbb52d74b8fadf17c9af965c0f302be627c.exe,data\raw\malware\01a795638fe5829264455b8efe4c1dbb52d74b8fadf17c9af965c0f302be627c.exe,421888,68,1,0,0,0,0.014705882352941176,executable,1,0,0,0,0,1,1,0,0,0,4,7.664111694586733,0.6701670425632172,0.33440391762742716,0.09598756067961164,256,0,0,0,0,0,0,0,0,0,0,0,0,0.0,0
malware,01aecb9a700bcbe3c08ebab7aba69ad43e8abf713414cfcb94d5c240bfc92458.ole,data\raw\malware\01aecb9a700bcbe3c08ebab7aba69ad43e8abf713414cfcb94d5c240bfc92458.ole,137015,68,0,0,0,0,0.014705882352941176,unknown,0,0,0,0,1,0,0,0,0,0,0,4.665330549564251,0.6012667280394062,0.9891252782542057,0.0,81,1,0,112,0,0,0,112,112,0,0,0,0,0.0,0
malware,01c1a9179258495d08e017d721fc82c7fa8e09f29fa34411b590763e14312dc5.exe,data\raw\malware\01c1a9179258495d08e017d721fc82c7fa8e09f29fa34411b590763e14312dc5.exe,368640,68,1,0,0,0,0.014705882352941176,executable,1,0,0,0,0,1,1,0,0,0,3,7.691012310061658,0.7220078786196164,0.3394829644097222,0.08576931423611112,256,0,0,0,0,0,0,0,0,0,0,0,0,0.0,0
malware,01c523806af6f32b6e6b4ca59349d3e2d6f0c217719cb051e9c0b58d0af1fbec.exe,data\raw\malware\01c523806af6f32b6e6b4ca59349d3e2d6f0c217719cb051e9c0b58d0af1fbec.exe,402432,68,1,0,0,0,0.014705882352941176,executable,1,0,0,0,0,1,1,0,0,0,7,7.975567991139569,6.23546139396988,0.3619990458015267,0.01587100429389313,256,0,0,0,0,0,0,0,0,0,0,0,0,0.0,0
malware,01ca2135cdc41c49a873dbcb4299658480b85475b43ca56c66be7bc1c1886ff4.exe,data\raw\malware\01ca2135cdc41c49a873dbcb4299658480b85475b43ca56c66be7bc1c1886ff4.exe,208896,68,1,0,0,0,0.014705882352941176,executable,1,0,0,0,0,1,1,0,0,0,1,6.394402934678674,0.9499387216381102,0.3088857613357843,0.21272307751225492,256,0,0,1,0,0,0,1,1,0,0,0,0,0.0,0
malware,01d0e53c6a9eac73e4cc4436d273ade93452b497ec939741060d14a272eaa6ae.exe,data\raw\malware\01d0e53c6a9eac73e4cc4436d273ade93452b497ec939741060d14a272eaa6ae.exe,262696,68,1,0,0,0,0.014705882352941176,executable,1,0,0,0,0,1,1,0,0,0,1,7.68424460778893,4.479493269363408,0.33502603770137346,0.05974586594390474,256,0,0,0,0,0,0,0,0,0,0,0,0,0.0,0
malware,01d1a520538ae81d760dfc8736b05b5a7528989a7a65e985454860e98d50e58f.exe,data\raw\malware\01d1a520538ae81d760dfc8736b05b5a7528989a7a65e985454860e98d50e58f.exe,425984,68,1,0,0,0,0.014705882352941176,executable,1,0,0,0,0,1,1,0,0,0,40,7.762007641890288,0.6955772553209603,0.34259972205528844,0.06831711989182693,256,0,0,0,0,0,0,0,0,0,0,0,0,0.0,0
malware,01d49bbdb64dc17e757bac7421c4e96e8fcdf6c5546c9ec8336680d4c6e81f75.ole,data\raw\malware\01d49bbdb64dc17e757bac7421c4e96e8fcdf6c5546c9ec8336680d4c6e81f75.ole,156317,68,0,0,0,0,0.014705882352941176,unknown,0,0,0,0,1,0,0,0,0,0,6,5.799188945732265,1.6271288817790095,0.3470191981678256,0.3551501116321321,256,1,0,3,0,0,0,3,3,0,0,0,0,0.0,0
malware,01e6b4dcc05ac8c7dc82efecf339be213ad92bff57d01fbc434b3e53b0a36edd.exe,data\raw\malware\01e6b4dcc05ac8c7dc82efecf339be213ad92bff57d01fbc434b3e53b0a36edd.exe,430080,68,1,0,0,0,0.014705882352941176,executable,1,0,0,0,0,1,1,0,0,0,6,7.657812254570164,0.7020513878233503,0.33813244047619045,0.0936430431547619,256,0,0,0,0,0,0,0,0,0,0,0,0,0.0,0
malware,01ee2848c090117507ee8bbad74a35c5aa703483582bade9e0ebd0f017fc8e32.exe,data\raw\malware\01ee2848c090117507ee8bbad74a35c5aa703483582bade9e0ebd0f017fc8e32.exe,402432,68,1,0,0,0,0.014705882352941176,executable,1,0,0,0,0,1,1,0,0,0,3,7.9754350474672,6.275366948300372,0.3624562659033079,0.01608718988549618,256,0,0,0,0,0,0,0,0,0,0,0,0,0.0,0
malware,01ee8378b6cfffa6abf1477b57ec0f11c25812bda89e79643665713dae160141.exe,data\raw\malware\01ee8378b6cfffa6abf1477b57ec0f11c25812bda89e79643665713dae160141.exe,179200,68,1,0,0,0,0.014705882352941176,executable,1,0,0,0,0,1,1,0,0,0,3,7.79485099103278,6.448909699621209,0.3639955357142857,0.059207589285714284,256,0,0,1,0,0,0,1,1,0,0,0,0,0.0,0
malware,02a317ec58094969571a5ff198144a81dfb60daed60f646565d4281f9a268ca9.ole,data\raw\malware\02a317ec58094969571a5ff198144a81dfb60daed60f646565d4281f9a268ca9.ole,160037,68,0,0,0,0,0.014705882352941176,unknown,0,0,0,0,1,0,0,0,0,0,6,5.791135086349733,1.6516110533450323,0.34976286733692835,0.35467423158394623,256,1,0,3,0,0,0,3,3,0,0,0,0,0.0,0
malware,02a59b06449a3ba4194e86770a7589c843a4cc341f544ca925d6c2d20f31d237.ole,data\raw\malware\02a59b06449a3ba4194e86770a7589c843a4cc341f544ca925d6c2d20f31d237.ole,235223,68,0,0,0,0,0.014705882352941176,unknown,0,0,0,0,1,0,0,0,0,0,11,6.765287260553184,1.5796237215346853,0.33205511365810314,0.23776161344766455,256,1,0,0,0,0,0,0,0,0,0,0,0,0.0,0
malware,02ad0044106143934cf53ce9a126c8cea29233f563aa53ca7584e30cb666a87a.exe,data\raw\malware\02ad0044106143934cf53ce9a126c8cea29233f563aa53ca7584e30cb666a87a.exe,110176,68,1,0,0,0,0.014705882352941176,executable,1,0,0,0,0,1,1,0,0,0,2,6.993807472879046,5.44686384604602,0.3235096572756317,0.1876815277374383,256,0,0,0,0,0,0,0,0,0,0,0,0,0.0,0
malware,02b231d6ea314c38204b9c3a5a53b38f146af219495fb477e362b6f2147cb62f.exe,data\raw\malware\02b231d6ea314c38204b9c3a5a53b38f146af219495fb477e362b6f2147cb62f.exe,208384,68,1,0,0,0,0.014705882352941176,executable,1,0,0,0,0,1,1,0,0,0,0,6.892766827914729,5.88626843072046,0.37730823863636365,0.0633589910933661,256,0,0,4,0,0,0,4,4,0,0,0,0,0.0,0
malware,02b329186cd2d0a0107e3b9292f86e86bcf41c7403473b63d818e6825d80f9f0.exe,data\raw\malware\02b329186cd2d0a0107e3b9292f86e86bcf41c7403473b63d818e6825d80f9f0.exe,413696,68,1,0,0,0,0.014705882352941176,executable,1,0,0,0,0,1,1,0,0,0,7,7.8062435357517295,0.6964836812045727,0.34465887995049505,0.05925123762376237,256,0,0,0,0,0,0,0,0,0,0,0,0,0.0,0
malware,02b6cfb2427f427acb2aba544ed7c6262fb6841297f83c6f0dfe93a6022edf2e.exe,data\raw\malware\02b6cfb2427f427acb2aba544ed7c6262fb6841297f83c6f0dfe93a6022edf2e.exe,409600,68,1,0,0,0,0.014705882352941176,executable,1,0,0,0,0,1,1,0,0,0,3,7.2125513909295105,0.7226222291422056,0.30187744140625,0.17765380859375,256,0,0,0,0,0,0,0,0,0,0,0,0,0.0,0
malware,02b85dc0c316c1765c9bfe59b552eed9c32cc02497b645d4fbc309842ed50673.exe,data\raw\malware\02b85dc0c316c1765c9bfe59b552eed9c32cc02497b645d4fbc309842ed50673.exe,313384,68,1,0,0,0,0.014705882352941176,executable,1,0,0,0,0,1,1,0,0,0,1,7.483654688029357,4.889099116938853,0.3544979960687208,0.0982245424144181,256,1,2,0,1,0,0,0,1,0,0,0,0,0.0,0
malware,02bda32f554b15fe24cf07bdda78b9962698bbf3abc72889f5191af722807ab1.ole,data\raw\malware\02bda32f554b15fe24cf07bdda78b9962698bbf3abc72889f5191af722807ab1.ole,158432,68,0,0,0,0,0.014705882352941176,unknown,0,0,0,0,1,0,0,0,0,0,6,5.788264944558205,1.6516110533450323,0.3431629973742678,0.35828620480710965,256,1,0,3,0,0,0,3,3,0,0,0,0,0.0,0
malware,02ccb04d1f6ab5c6fdb81d00fffcf2ad6abfb45b114e308f7944a1a00619820e.exe,data\raw\malware\02ccb04d1f6ab5c6fdb81d00fffcf2ad6abfb45b114e308f7944a1a00619820e.exe,195232,68,1,0,0,0,0.014705882352941176,executable,1,0,0,0,0,1,1,0,0,0,0,4.925186414248544,5.039597646701217,0.20407002950336012,0.4966757498770693,256,0,0,4,0,0,0,4,4,0,0,0,0,0.0,0
malware,02cfabd2e684c8acc3694af40167b6b72001b8afdf1cae970094c64eadd70a07.exe,data\raw\malware\02cfabd2e684c8acc3694af40167b6b72001b8afdf1cae970094c64eadd70a07.exe,442880,68,1,0,0,0,0.014705882352941176,executable,1,0,0,0,0,1,1,0,0,0,9,7.551474397500191,3.228616647900026,0.3090792088150289,0.11391121748554914,256,0,0,0,0,0,0,0,0,0,0,0,0,0.0,0
malware,02d56e5f8a14a2a6cfaae976bce6571984573f2374cfa11d3f72f065ae9978b1.ole,data\raw\malware\02d56e5f8a14a2a6cfaae976bce6571984573f2374cfa11d3f72f065ae9978b1.ole,155323,68,0,0,0,0,0.014705882352941176,unknown,0,0,0,0,1,0,0,0,0,0,6,5.794803140069226,1.6271288817790095,0.34285327993922343,0.35739072770935404,256,1,0,3,0,0,0,3,3,0,0,0,0,0.0,0
malware,02d6ce57d0a26f24518763187e7f21dbf855a8d8a389b3b93e01e85f12e88502.exe,data\raw\malware\02d6ce57d0a26f24518763187e7f21dbf855a8d8a389b3b93e01e85f12e88502.exe,434176,68,1,0,0,0,0.014705882352941176,executable,1,0,0,0,0,1,1,0,0,0,10,7.872245057088382,6.107695809326615,0.35158553213443394,0.04099719929245283,256,0,0,0,0,0,0,0,0,0,0,0,0,0.0,0
malware,02dce9c797720514c556ccdd7ab1ea25eab5c21512f9f7e0da4c74d3c8e7aff7.exe,data\raw\malware\02dce9c797720514c556ccdd7ab1ea25eab5c21512f9f7e0da4c74d3c8e7aff7.exe,221184,68,1,0,0,0,0.014705882352941176,executable,1,0,0,0,0,1,1,0,0,0,1,6.25242939013818,0.9734176257970554,0.29158076533564814,0.2328468605324074,256,0,0,1,0,0,0,1,1,0,0,0,0,0.0,0
malware,02e13d73ecd528b2cf8e528ad97ffd6dae1b2e3e6e443fe37a6877919d9de1c1.ole,data\raw\malware\02e13d73ecd528b2cf8e528ad97ffd6dae1b2e3e6e443fe37a6877919d9de1c1.ole,239868,68,0,0,0,0,0.014705882352941176,unknown,0,0,0,0,1,0,0,0,0,0,11,6.767781579833919,1.6604477401757731,0.3430803608651425,0.23396618139976988,256,1,0,0,0,0,0,0,0,0,0,0,0,0.0,0
malware,02e4f6da42813c531c55fe1aa43628e0c4dbb231959f6de8c2ca8454bd674644.exe,data\raw\malware\02e4f6da42813c531c55fe1aa43628e0c4dbb231959f6de8c2ca8454bd674644.exe,376832,68,1,0,0,0,0.014705882352941176,executable,1,0,0,0,0,1,1,0,0,0,7,7.877659500286204,4.594414947138554,0.35373853600543476,0.048098356827445655,256,0,0,0,0,0,0,0,0,0,0,0,0,0.0,0
malware,02edbdacb4bbf629d577ebdbddeb517af57790f2dc06dca4e412be4760381af9.exe,data\raw\malware\02edbdacb4bbf629d577ebdbddeb517af57790f2dc06dca4e412be4760381af9.exe,129632,68,1,0,0,0,0.014705882352941176,executable,1,0,0,0,0,1,1,0,0,0,2,6.887077651688516,5.789691182145278,0.29505831893359663,0.1900842384596396,256,1,2,0,0,0,0,0,0,0,0,0,0,0.0,0
malware,02f8593b80e8080e1cf73b522003e9ffa7f6b334e399b73db4a1115381f1851a.exe,data\raw\malware\02f8593b80e8080e1cf73b522003e9ffa7f6b334e399b73db4a1115381f1851a.exe,130144,68,1,0,0,0,0.014705882352941176,executable,1,0,0,0,0,1,1,0,0,0,1,6.867760589742869,5.790845392669647,0.2938206909269732,0.19373155888861568,256,1,2,0,0,0,0,0,0,0,0,0,0,0.0,0
malware,02faf705803294e6e12dc58b23a1cc7481eb160ada8c212f5ac45fdc740f0855.exe,data\raw\malware\02faf705803294e6e12dc58b23a1cc7481eb160ada8c212f5ac45fdc740f0855.exe,208896,68,1,0,0,0,0.014705882352941176,executable,1,0,0,0,0,1,1,0,0,0,1,6.3953188231886475,0.9505941471850723,0.3085123697916667,0.21267041973039216,256,0,0,1,0,0,0,1,1,0,0,0,0,0.0,0
malware,02fbc59091a54f1f39890d4372d8784cbc8f8df5a5052123e34113e2d74aa1c1.exe,data\raw\malware\02fbc59091a54f1f39890d4372d8784cbc8f8df5a5052123e34113e2d74aa1c1.exe,159232,68,1,0,0,0,0.014705882352941176,executable,1,0,0,0,0,1,1,0,0,0,8,7.758265916422229,5.74339845374563,0.3482779843247588,0.05832998392282958,256,0,0,4,0,0,0,4,4,0,0,0,0,0.0,0
malware,02fe6cfd1d8c2e88fb8183413d2f14590464e283e2e51c7fef5df672adca7664.exe,data\raw\malware\02fe6cfd1d8c2e88fb8183413d2f14590464e283e2e51c7fef5df672adca7664.exe,176128,68,1,0,0,0,0.014705882352941176,executable,1,0,0,0,0,1,1,0,0,0,2,7.785879103810567,4.847886681276714,0.35100040879360467,0.06005859375,256,0,0,1,0,0,0,1,1,0,0,0,0,0.0,0
malware,03a00cda0e5bdb497448f01b847251a1e753e8b743c02b7122905d286361f2ea.exe,data\raw\malware\03a00cda0e5bdb497448f01b847251a1e753e8b743c02b7122905d286361f2ea.exe,221184,68,1,0,0,0,0.014705882352941176,executable,1,0,0,0,0,1,1,0,0,0,2,6.446699607055114,0.9182846333274052,0.31320981626157407,0.20401566116898148,256,0,0,1,0,0,0,1,1,0,0,0,0,0.0,0
malware,03a70859a1f4dcaca4505a3764d868e80bea5407131c6d224ebbf3066dba5c05.ole,data\raw\malware\03a70859a1f4dcaca4505a3764d868e80bea5407131c6d224ebbf3066dba5c05.ole,191399,68,0,0,0,0,0.014705882352941176,unknown,0,0,0,0,1,0,0,0,0,0,9,6.027959030254126,1.64811209317185,0.35499663007643717,0.3298606575791932,256,1,0,3,0,0,0,3,3,0,0,0,0,0.0,0
malware,03afbf9b046ee6d340253662dfb45f59e4fb6e75b28dd8bf52bb8becb58145b0.ole,data\raw\malware\03afbf9b046ee6d340253662dfb45f59e4fb6e75b28dd8bf52bb8becb58145b0.ole,136703,68,0,0,0,0,0.014705882352941176,unknown,0,0,0,0,1,0,0,0,0,0,6,5.9337387083093045,3.421290367319551,0.3236871173273447,0.3272568999948794,256,1,0,0,0,0,0,0,0,0,0,0,0,0.0,0
malware,03b11f7eac5008ae400e88c67cbcb081f0a5015f90aa5a8fff57823630777e1e.ole,data\raw\malware\03b11f7eac5008ae400e88c67cbcb081f0a5015f90aa5a8fff57823630777e1e.ole,190752,68,0,0,0,0,0.014705882352941176,unknown,0,0,0,0,1,0,0,0,0,0,9,6.028104695736633,1.64811209317185,0.3528036403288039,0.3309952189229995,256,1,0,3,0,0,0,3,3,0,0,0,0,0.0,0
malware,03cc121fa7423385a2cb58565982f5d30c4b855db53f9a46511e051bdb9b31a3.ole,data\raw\malware\03cc121fa7423385a2cb58565982f5d30c4b855db53f9a46511e051bdb9b31a3.ole,163847,68,0,0,0,0,0.014705882352941176,unknown,0,0,0,0,1,0,0,0,0,0,13,5.799973738529076,1.5752578820236374,0.3503085195334672,0.35401929849188574,256,1,0,3,0,0,0,3,3,0,0,0,0,0.0,0
malware,03d0fca05296d9dc92a5b87bd3faaf14510e3667c827b2eacab79f57071979e3.exe,data\raw\malware\03d0fca05296d9dc92a5b87bd3faaf14510e3667c827b2eacab79f57071979e3.exe,178176,68,1,0,0,0,0.014705882352941176,executable,1,0,0,0,0,1,1,0,0,0,1,7.791628188169458,5.894821458131996,0.3581065912356322,0.05966011135057471,256,0,0,1,0,0,0,1,1,0,0,0,0,0.0,0
malware,03d3fb600b9cbffdcd06954447ffb9c7aad5b7f7fcdc425d3ae9dd0a289da484.exe,data\raw\malware\03d3fb600b9cbffdcd06954447ffb9c7aad5b7f7fcdc425d3ae9dd0a289da484.exe,442880,68,1,0,0,0,0.014705882352941176,executable,1,0,0,0,0,1,1,0,0,0,13,7.551595780380128,3.288849914278098,0.3091401734104046,0.11388186416184971,256,0,0,0,0,0,0,0,0,0,0,0,0,0.0,0
malware,03d44943943e18cfb9e1e71292d1928d8883c1dc9b29b08e837c1ccf1ef76623.exe,data\raw\malware\03d44943943e18cfb9e1e71292d1928d8883c1dc9b29b08e837c1ccf1ef76623.exe,393216,68,1,0,0,0,0.014705882352941176,executable,1,0,0,0,0,1,1,0,0,0,5,7.730449219335728,0.6572109145275549,0.34011077880859375,0.08475240071614583,256,0,0,0,0,0,0,0,0,0,0,0,0,0.0,0
malware,03e1a3b94906fdbdcdcce0fceeb2674d3a646f2098f8c3dd02b4ab136e58e0a5.exe,data\raw\malware\03e1a3b94906fdbdcdcce0fceeb2674d3a646f2098f8c3dd02b4ab136e58e0a5.exe,405504,68,1,0,0,0,0.014705882352941176,executable,1,0,0,0,0,1,1,0,0,0,5,7.682428229117976,0.6692859908371146,0.3335898042929293,0.09400893702651515,256,0,0,0,0,0,0,0,0,0,0,0,0,0.0,0
malware,03eba8f767391edb3306b17a1db4e48bc59f582db8f6adb1bda9ed56329f9755.ole,data\raw\malware\03eba8f767391edb3306b17a1db4e48bc59f582db8f6adb1bda9ed56329f9755.ole,189817,68,0,0,0,0,0.014705882352941176,unknown,0,0,0,0,1,0,0,0,0,0,9,6.02644745919261,1.64811209317185,0.3496420236332889,0.332599293003261,256,1,0,3,0,0,0,3,3,0,0,0,0,0.0,0
malware,03ec19061f72bec0aafea6e8bf0a4068b85d9232e220d32f940f33e1e42f2fd5.exe,data\raw\malware\03ec19061f72bec0aafea6e8bf0a4068b85d9232e220d32f940f33e1e42f2fd5.exe,442368,68,1,0,0,0,0.014705882352941176,executable,1,0,0,0,0,1,1,0,0,0,5,7.600061701320461,0.7174673550644863,0.3325511791087963,0.10313585069444445,256,0,0,0,0,0,0,0,0,0,0,0,0,0.0,0
malware,03ec24b59bedfd3b13aa6be33fd881b7f61b3a9735bd048abd9744474135aebf.exe,data\raw\malware\03ec24b59bedfd3b13aa6be33fd881b7f61b3a9735bd048abd9744474135aebf.exe,223744,68,1,0,0,0,0.014705882352941176,executable,1,0,0,0,0,1,1,0,0,0,1,7.045681829394383,6.312943392323103,0.1369511584668192,0.03681439502288329,256,0,0,1,0,0,0,1,1,0,0,0,0,0.0,0
malware,03ee844b3e45605724541d36d63e89424ad968f53509a92297692626af163db4.exe,data\raw\malware\03ee844b3e45605724541d36d63e89424ad968f53509a92297692626af163db4.exe,132096,68,1,0,0,0,0.014705882352941176,executable,1,0,0,0,0,1,1,0,0,0,1,6.985303141660003,3.9644183670314996,0.28497456395348836,0.1913683987403101,256,0,0,0,0,0,0,0,0,0,0,0,0,0.0,0
malware,03eec2b97fecae6f2ab2be7f69c1c296a8d5e1efb2f8b6ea8e6491468df4ea0a.exe,data\raw\malware\03eec2b97fecae6f2ab2be7f69c1c296a8d5e1efb2f8b6ea8e6491468df4ea0a.exe,434176,68,1,0,0,0,0.014705882352941176,executable,1,0,0,0,0,1,1,0,0,0,4,7.5195085258713315,0.6588056691654528,0.32356233416863206,0.12484568469929246,256,0,0,0,0,0,0,0,0,0,0,0,0,0.0,0
malware,03f79950fb92364b056a51b9f57b948acc85525e42f6090dd868752d15ed9fd2.exe,data\raw\malware\03f79950fb92364b056a51b9f57b948acc85525e42f6090dd868752d15ed9fd2.exe,434176,68,1,0,0,0,0.014705882352941176,executable,1,0,0,0,0,1,1,0,0,0,6,7.506703150784144,0.7228503620459709,0.3230187757959906,0.12745983195754718,256,0,0,0,0,0,0,0,0,0,0,0,0,0.0,0
malware,03f8040e92ada2d028065edd4ab3a6134cb4b2d2a95a83943dff34760b4cded6.exe,data\raw\malware\03f8040e92ada2d028065edd4ab3a6134cb4b2d2a95a83943dff34760b4cded6.exe,503808,68,1,0,0,0,0.014705882352941176,executable,1,0,0,0,0,1,1,0,0,0,2,6.833028284838031,0.6864767567141826,0.27871927400914637,0.24447210048272358,256,0,0,0,1,0,0,0,1,0,0,0,0,0.0,0
malware,03f9db88655365bdb1e69df151bc8e0c9acaefc61ed46af8065fd648eb1ff52a.exe,data\raw\malware\03f9db88655365bdb1e69df151bc8e0c9acaefc61ed46af8065fd648eb1ff52a.exe,434176,68,1,0,0,0,0.014705882352941176,executable,1,0,0,0,0,1,1,0,0,0,5,7.87442771059416,6.110039685189417,0.3506389114091981,0.04027168705778302,256,0,0,0,0,0,0,0,0,0,0,0,0,0.0,0
malware,03fd8fbbdbd053bb46f75767a3900d8a53dfe0768541c7b93fb245b84e69c9e1.exe,data\raw\malware\03fd8fbbdbd053bb46f75767a3900d8a53dfe0768541c7b93fb245b84e69c9e1.exe,165024,68,1,0,0,0,0.014705882352941176,executable,1,0,0,0,0,1,1,0,0,0,0,5.615929597595285,5.036721040050393,0.24170423695947257,0.40461387434554974,256,0,0,4,0,0,0,4,4,0,0,0,0,0.0,0
malware,0a027ac005f0ab69b76b7587c1f5ac68377f933bb7d7aed7741899867ccd0032.ole,data\raw\malware\0a027ac005f0ab69b76b7587c1f5ac68377f933bb7d7aed7741899867ccd0032.ole,156467,68,0,0,0,0,0.014705882352941176,unknown,0,0,0,0,1,0,0,0,0,0,6,5.826625047710762,1.610000346744518,0.3455233371893115,0.35256635584500245,256,1,0,3,0,0,0,3,3,0,0,0,0,0.0,0
malware,0a171e762c612998f96aeb54a06b48bc4c8ac9547458431a47b3885082f6f095.ole,data\raw\malware\0a171e762c612998f96aeb54a06b48bc4c8ac9547458431a47b3885082f6f095.ole,156509,68,0,0,0,0,0.014705882352941176,unknown,0,0,0,0,1,0,0,0,0,0,6,5.826707035211285,1.610000346744518,0.34570535879725767,0.35246535343015417,256,1,0,3,0,0,0,3,3,0,0,0,0,0.0,0
malware,0a18d07a64413638b1804223e3058999d619dad3095db055e46da67d674344eb.exe,data\raw\malware\0a18d07a64413638b1804223e3058999d619dad3095db055e46da67d674344eb.exe,413696,68,1,0,0,0,0.014705882352941176,executable,1,0,0,0,0,1,1,0,0,0,5,7.673619621258949,0.6636039053484244,0.3337716584158416,0.09618173731435643,256,0,0,0,0,0,0,0,0,0,0,0,0,0.0,0
malware,0a266ad12d079323f2170811f5195fb51893d5bcbc915e758dc10c0f876d5fb5.exe,data\raw\malware\0a266ad12d079323f2170811f5195fb51893d5bcbc915e758dc10c0f876d5fb5.exe,172032,68,1,0,0,0,0.014705882352941176,executable,1,0,0,0,0,1,1,0,0,0,4,6.979258144045963,0.6820198571604894,0.27187383742559523,0.15793573288690477,256,0,0,0,0,0,0,0,0,0,0,0,0,0.0,0
malware,0a3e59c5116da71e2133d9a23a9c4adb2ad60951a5f80cfa24cbe27da776d4f8.exe,data\raw\malware\0a3e59c5116da71e2133d9a23a9c4adb2ad60951a5f80cfa24cbe27da776d4f8.exe,131168,68,1,0,0,0,0.014705882352941176,executable,1,0,0,0,0,1,1,0,0,0,2,6.854610684284777,5.293923133539832,0.2928534398633813,0.19048090997804343,256,1,2,0,0,0,0,0,0,0,0,0,0,0.0,0
malware,0a442894505a793b2e3f9a4755da4aeafdf70a765ccdbfc3d1fad9934980d9e5.exe,data\raw\malware\0a442894505a793b2e3f9a4755da4aeafdf70a765ccdbfc3d1fad9934980d9e5.exe,409600,68,1,0,0,0,0.014705882352941176,executable,1,0,0,0,0,1,1,0,0,0,4,7.319246067839336,0.6721682233675249,0.3103955078125,0.16419189453125,256,0,0,0,0,0,0,0,0,0,0,0,0,0.0,0
malware,0a50b74ac552f4d6f43facb16f2457d607d5fbd239bd860a6213e98c9fb255df.exe,data\raw\malware\0a50b74ac552f4d6f43facb16f2457d607d5fbd239bd860a6213e98c9fb255df.exe,147496,68,1,0,0,0,0.014705882352941176,executable,1,0,0,0,0,1,1,0,0,0,1,6.752897015349527,5.41524697814181,0.3636776590551608,0.21724656939849216,256,1,2,0,0,0,0,0,0,0,0,0,0,0.0,0
malware,0a59771fdc42dd24d8dc9b3490983c46aac749861be1630af697511deb8ed1a3.exe,data\raw\malware\0a59771fdc42dd24d8dc9b3490983c46aac749861be1630af697511deb8ed1a3.exe,438272,68,1,0,0,0,0.014705882352941176,executable,1,0,0,0,0,1,1,0,0,0,3,7.5802218723528085,0.7090035025895024,0.3250470027745327,0.11016674576518691,256,0,0,0,0,0,0,0,0,0,0,0,0,0.0,0
malware,0a5bc3bd081eb5fc52db31e607c65342c8305df4446d103c95dab318c858748c.exe,data\raw\malware\0a5bc3bd081eb5fc52db31e607c65342c8305df4446d103c95dab318c858748c.exe,442368,68,1,0,0,0,0.014705882352941176,executable,1,0,0,0,0,1,1,0,0,0,4,7.490024791369396,0.713887979200703,0.3200638382523148,0.1293967918113426,256,0,0,0,0,0,0,0,0,0,0,0,0,0.0,0
malware,0a5faf5624a993bd716ca6d7a9b2750e8b06af4965d49fc8a514a8da06c2a01e.exe,data\raw\malware\0a5faf5624a993bd716ca6d7a9b2750e8b06af4965d49fc8a514a8da06c2a01e.exe,425984,68,1,0,0,0,0.014705882352941176,executable,1,0,0,0,0,1,1,0,0,0,6,7.764703112113416,0.6943920128960888,0.3416888897235577,0.06838519756610577,256,0,0,0,0,0,0,0,0,0,0,0,0,0.0,0
malware,0a783e91ef138af7b8b928a2a82789d8807637f7f90b34e1db4ebb0bbdaf5de8.exe,data\raw\malware\0a783e91ef138af7b8b928a2a82789d8807637f7f90b34e1db4ebb0bbdaf5de8.exe,471040,68,1,0,0,0,0.014705882352941176,executable,1,0,0,0,0,1,1,0,0,0,3,7.045603080320863,0.9377802642477264,0.3437563688858696,0.13633237092391304,256,0,0,1,0,0,0,1,1,0,0,0,0,0.0,0
malware,0a7941b27b45b1038fd3cd26e0b2daff0f3a5367a28ec63fa7464c0db0a05fbd.exe,data\raw\malware\0a7941b27b45b1038fd3cd26e0b2daff0f3a5367a28ec63fa7464c0db0a05fbd.exe,211456,68,1,0,0,0,0.014705882352941176,executable,1,0,0,0,0,1,1,0,0,0,3,7.138547093020224,6.692056415855216,0.3146186440677966,0.1903327406174334,256,0,0,0,0,0,0,0,0,0,0,0,0,0.0,0
malware,0a7e2e56ddf654151b898a8c0a1c0b9d18a6c29a05fbb7f75df72fc7c4cea175.ole,data\raw\malware\0a7e2e56ddf654151b898a8c0a1c0b9d18a6c29a05fbb7f75df72fc7c4cea175.ole,50344,68,0,0,0,0,0.014705882352941176,unknown,0,0,0,0,1,1,0,0,0,0,13,7.985243475931101,7.81317276134333,0.3702327983473701,0.012633084379469252,256,0,0,0,0,0,0,0,0,0,0,0,0,0.0,0
malware,0a7fc8a656ade5401dae2c1d4dcf4ca55ef6fc51a13336f801d25938f71fb636.exe,data\raw\malware\0a7fc8a656ade5401dae2c1d4dcf4ca55ef6fc51a13336f801d25938f71fb636.exe,368640,68,1,0,0,0,0.014705882352941176,executable,1,0,0,0,0,1,1,0,0,0,5,7.691321048399099,0.7214539391197082,0.33748101128472224,0.08582628038194444,256,0,0,0,0,0,0,0,0,0,0,0,0,0.0,0
malware,0a83754a6e03d367af7e4a181df496b5d643d69915a4702e91c5e5b2c4918859.exe,data\raw\malware\0a83754a6e03d367af7e4a181df496b5d643d69915a4702e91c5e5b2c4918859.exe,413696,68,1,0,0,0,0.014705882352941176,executable,1,0,0,0,0,1,1,0,0,0,4,7.6755257107369825,0.6752756446133303,0.33562809405940597,0.09616723391089109,256,0,0,0,0,0,0,0,0,0,0,0,0,0.0,0
malware,0a8e05af1b0ee06e490e2486ab97f81ce36901671f894d6f562d778fdc90ee88.exe,data\raw\malware\0a8e05af1b0ee06e490e2486ab97f81ce36901671f894d6f562d778fdc90ee88.exe,95785,68,1,0,0,0,0.014705882352941176,executable,1,0,0,0,0,1,1,0,0,0,0,7.625972801475379,5.531345295114534,0.3431330584120687,0.07095056637260531,256,0,0,0,0,0,0,0,0,0,0,0,0,0.0,0
malware,0a9e7d8e4b00631d24afb44e7e5f6ad531d8024410570195352e9b4666d7141d.ole,data\raw\malware\0a9e7d8e4b00631d24afb44e7e5f6ad531d8024410570195352e9b4666d7141d.ole,239138,68,0,0,0,0,0.014705882352941176,unknown,0,0,0,0,1,0,0,0,0,0,11,6.769543317827019,1.6604477401757731,0.3411377530965384,0.23461348677332752,256,1,0,0,0,0,0,0,0,0,0,0,0,0.0,0
malware,0a9fde28a185a41b4f5ae474f292559e3f0a9d7ce6d529b583d0e3b04e95cb8a.exe,data\raw\malware\0a9fde28a185a41b4f5ae474f292559e3f0a9d7ce6d529b583d0e3b04e95cb8a.exe,356352,68,1,0,0,0,0.014705882352941176,executable,1,0,0,0,0,1,1,0,0,0,4,7.727611137218894,0.6672722099395707,0.33301061871408044,0.0802942034841954,256,0,0,0,0,0,0,0,0,0,0,0,0,0.0,0
malware,0aa7013930744b60ba20cc0411dae751671a2dc069470936aefb4926f3a32bef.exe,data\raw\malware\0aa7013930744b60ba20cc0411dae751671a2dc069470936aefb4926f3a32bef.exe,471040,68,1,0,0,0,0.014705882352941176,executable,1,0,0,0,0,1,1,0,0,0,6,7.435500684472285,0.698647601848355,0.3148246433423913,0.13782905910326088,256,0,0,0,0,0,0,0,0,0,0,0,0,0.0,0
malware,0ab06167cb7fd6d00a08079bbcd2d2ca05cbb5a9edaa943543dca37d7aaed05b.exe,data\raw\malware\0ab06167cb7fd6d00a08079bbcd2d2ca05cbb5a9edaa943543dca37d7aaed05b.exe,413696,68,1,0,0,0,0.014705882352941176,executable,1,0,0,0,0,1,1,0,0,0,3,7.804616814381121,0.6979485249545727,0.3449972926980198,0.060044090346534656,256,0,0,0,0,0,0,0,0,0,0,0,0,0.0,0
malware,0ab272f979fa9aed2035beb2f578c7dd1b689f64452457def9e7aca2d1c91a3a.ole,data\raw\malware\0ab272f979fa9aed2035beb2f578c7dd1b689f64452457def9e7aca2d1c91a3a.ole,152270,68,0,0,0,0,0.014705882352941176,unknown,0,0,0,0,1,0,0,0,0,0,6,6.033757639400938,3.5101156485396783,0.3836343337492612,0.29224404019176464,256,1,0,0,0,0,0,0,0,0,0,0,0,0.0,0
malware,0ab742ec02156c19db6208c1c9ff32c7ff5805bba349f6ba9d4646ade55206c9.exe,data\raw\malware\0ab742ec02156c19db6208c1c9ff32c7ff5805bba349f6ba9d4646ade55206c9.exe,393216,68,1,0,0,0,0.014705882352941176,executable,1,0,0,0,0,1,1,0,0,0,3,7.7309872490786935,0.6572109145275549,0.33897145589192706,0.08465830485026042,256,0,0,0,0,0,0,0,0,0,0,0,0,0.0,0
malware,0ab8a74d53e1f779fcc14efe09b93ecc00766ac8721407e83ce81eb1fdc1e134.exe,data\raw\malware\0ab8a74d53e1f779fcc14efe09b93ecc00766ac8721407e83ce81eb1fdc1e134.exe,458752,68,1,0,0,0,0.014705882352941176,executable,1,0,0,0,0,1,1,0,0,0,7,7.4653727926113085,0.6981740507461204,0.3214111328125,0.13190351213727677,256,0,0,0,0,0,0,0,0,0,0,0,0,0.0,0
malware,0ac7a6ebd5eb49aee91c2d8c91ec5ed1256f8f624b871730f5910289a6500ba2.exe,data\raw\malware\0ac7a6ebd5eb49aee91c2d8c91ec5ed1256f8f624b871730f5910289a6500ba2.exe,164512,68,1,0,0,0,0.014705882352941176,executable,1,0,0,0,0,1,1,0,0,0,0,5.6720293367375945,4.0919773769710375,0.22728433184205407,0.39458519743240617,256,0,0,4,0,0,0,4,4,0,0,0,0,0.0,0
malware,0acbd96443e33ed3c7bb5928e381f4440eb99308be50ab1a869a7bc118e57076.ole,data\raw\malware\0acbd96443e33ed3c7bb5928e381f4440eb99308be50ab1a869a7bc118e57076.ole,135948,68,0,0,0,0,0.014705882352941176,unknown,0,0,0,0,1,0,0,0,0,0,6,5.927628419170604,3.421290367319551,0.3198575926089387,0.32918468826315944,256,1,0,0,0,0,0,0,0,0,0,0,0,0.0,0
malware,0acf541f983ebcbc34a65128f894228237d3505ab231dbf03b39fefc1a680505.exe,data\raw\malware\0acf541f983ebcbc34a65128f894228237d3505ab231dbf03b39fefc1a680505.exe,364544,68,1,0,0,0,0.014705882352941176,executable,1,0,0,0,0,1,1,0,0,0,6,7.310092859331268,5.550921842841242,0.3304100465238764,0.14207887113764045,256,0,0,1,0,0,0,1,1,0,0,0,0,0.0,0
malware,0ad1787f0df70891e2afeaa9ea4cae86f43e8692dff333c913ca6f59b9f5f6fe.exe,data\raw\malware\0ad1787f0df70891e2afeaa9ea4cae86f43e8692dff333c913ca6f59b9f5f6fe.exe,208896,68,1,0,0,0,0.014705882352941176,executable,1,0,0,0,0,1,1,0,0,0,1,6.170901539270546,0.94862434024844,0.2860705805759804,0.24569163602941177,256,0,0,1,0,0,0,1,1,0,0,0,0,0.0,0
malware,0ad234bb3f6d830cfdb896b8f45b59b8790e72fd3b834242ab1a35a0a7eb21a0.ole,data\raw\malware\0ad234bb3f6d830cfdb896b8f45b59b8790e72fd3b834242ab1a35a0a7eb21a0.ole,94034,68,0,0,0,0,0.014705882352941176,unknown,0,0,0,0,1,1,0,0,0,0,28,7.862956555885034,6.155146958039534,0.35337218452900016,0.04302699023757364,256,0,0,0,0,0,0,0,0,0,0,0,0,0.0,0
malware,0ae67dd54368c64d392733680f1cee1864a6a87469137f7c5ea04a216a823ca4.exe,data\raw\malware\0ae67dd54368c64d392733680f1cee1864a6a87469137f7c5ea04a216a823ca4.exe,352256,68,1,0,0,0,0.014705882352941176,executable,1,0,0,0,0,1,1,0,0,0,5,7.773382309597425,0.6783485917076743,0.34294944585755816,0.06949491279069768,256,0,0,0,0,0,0,0,0,0,0,0,0,0.0,0
malware,0ae694c5332ae2c89f5cfb1e65ac6805c34e02c0b63b33197b5cb7f554c7cf76.exe,data\raw\malware\0ae694c5332ae2c89f5cfb1e65ac6805c34e02c0b63b33197b5cb7f554c7cf76.exe,372736,68,1,0,0,0,0.014705882352941176,executable,1,0,0,0,0,1,1,0,0,0,7,7.973706656095057,5.040905199766019,0.36334832160027475,0.016539856627747252,256,0,0,0,0,0,0,0,0,0,0,0,0,0.0,0
malware,0afacd3815c755c6310cde87c082230a34086fd7f3ed18f51936fc1b84136c9d.exe,data\raw\malware\0afacd3815c755c6310cde87c082230a34086fd7f3ed18f51936fc1b84136c9d.exe,417792,68,1,0,0,0,0.014705882352941176,executable,1,0,0,0,0,1,1,0,0,0,5,7.663191445824336,0.7122237002021827,0.33296951593137253,0.09200271905637254,256,0,0,0,0,0,0,0,0,0,0,0,0,0.0,0
malware,0b01487daefc1333cd6e5df94c57fcef87d21194b3d06ae6acd37fc9c46cbcd7.exe,data\raw\malware\0b01487daefc1333cd6e5df94c57fcef87d21194b3d06ae6acd37fc9c46cbcd7.exe,417792,68,1,0,0,0,0.014705882352941176,executable,1,0,0,0,0,1,1,0,0,0,8,7.666928879108329,0.7152982015753104,0.33161238128063725,0.09153597962622549,256,0,0,0,0,0,0,0,0,0,0,0,0,0.0,0
malware,0b06ededa7d883d2859b0d8eb3b354735124edbf784affdc74963672639352a8.exe,data\raw\malware\0b06ededa7d883d2859b0d8eb3b354735124edbf784affdc74963672639352a8.exe,285208,68,1,0,0,0,0.014705882352941176,executable,1,0,0,0,0,1,1,0,0,0,4,7.654155945059564,4.966087746260249,0.39127584078987965,0.061593643937056464,256,0,0,0,0,0,0,0,0,0,0,0,0,0.0,0
malware,0b0bedd0552059f0009d5432010795b6d6d288a680475e935e2d4e09a5895d0d.exe,data\raw\malware\0b0bedd0552059f0009d5432010795b6d6d288a680475e935e2d4e09a5895d0d.exe,442880,68,1,0,0,0,0.014705882352941176,executable,1,0,0,0,0,1,1,0,0,0,9,7.551327305835816,2.927599255906182,0.3090475975433526,0.11398121387283237,256,0,0,0,0,0,0,0,0,0,0,0,0,0.0,0
malware,0b1098e8e4f56dcea3c068bd376e2b7ce6ae092ae08f44eca364292d86def11e.exe,data\raw\malware\0b1098e8e4f56dcea3c068bd376e2b7ce6ae092ae08f44eca364292d86def11e.exe,165024,68,1,0,0,0,0.014705882352941176,executable,1,0,0,0,0,1,1,0,0,0,0,5.617106854468596,5.036931804094188,0.24251624006205158,0.4043957242582897,256,0,0,4,0,0,0,4,4,0,0,0,0,0.0,0
malware,0b15ff1ece1fd2a2af05f5e89bc5270e7174a212ba29a5f1014006b2d75fe1f8.ole,data\raw\malware\0b15ff1ece1fd2a2af05f5e89bc5270e7174a212ba29a5f1014006b2d75fe1f8.ole,323401,68,0,0,0,0,0.014705882352941176,unknown,0,0,0,0,1,0,0,0,0,0,62,5.698255917666818,6.432202884425032,0.9966604927010121,0.0,99,0,0,43,0,0,0,43,43,0,0,0,0,0.0,0
malware,0b1c6998a9ec410fcb9b729ca0e811672db0e6bbfcc57886c9a19da633175f78.exe,data\raw\malware\0b1c6998a9ec410fcb9b729ca0e811672db0e6bbfcc57886c9a19da633175f78.exe,195232,68,1,0,0,0,0.014705882352941176,executable,1,0,0,0,0,1,1,0,0,0,0,4.921213389616824,5.036271139980163,0.20394709883625636,0.49705478610063925,256,0,0,4,0,0,0,4,4,0,0,0,0,0.0,0
malware,0b1c9cc6431aecfcab4dd1d2d1b8f3d80a2603915d4e1952949b53b7bfbe4e58.exe,data\raw\malware\0b1c9cc6431aecfcab4dd1d2d1b8f3d80a2603915d4e1952949b53b7bfbe4e58.exe,471040,68,1,0,0,0,0.014705882352941176,executable,1,0,0,0,0,1,1,0,0,0,5,7.418839960729494,0.7060610662459578,0.31649753736413044,0.1410347316576087,256,0,0,0,0,0,0,0,0,0,0,0,0,0.0,0
malware,0b1f3e01fbecff3467d2897ba452b96098540b81af2a01e80c720b45f6062538.exe,data\raw\malware\0b1f3e01fbecff3467d2897ba452b96098540b81af2a01e80c720b45f6062538.exe,434176,68,1,0,0,0,0.014705882352941176,executable,1,0,0,0,0,1,1,0,0,0,5,7.871193171439136,6.112851804230006,0.3522235222582547,0.041255159198113206,256,0,0,0,0,0,0,0,0,0,0,0,0,0.0,0
malware,0b25e6f805421dfd57849192315614ad5152022c61767e43611be5dd07cded57.exe,data\raw\malware\0b25e6f805421dfd57849192315614ad5152022c61767e43611be5dd07cded57.exe,405504,68,1,0,0,0,0.014705882352941176,executable,1,0,0,0,0,1,1,0,0,0,7,7.262416513687515,0.7233206680903485,0.30528675426136365,0.1692141137941919,256,0,0,0,0,0,0,0,0,0,0,0,0,0.0,0
malware,0b269aa55e1266621e690d712b0a6c2d65562f592306189b946a7724205f7d7b.exe,data\raw\malware\0b269aa55e1266621e690d712b0a6c2d65562f592306189b946a7724205f7d7b.exe,417792,68,1,0,0,0,0.014705882352941176,executable,1,0,0,0,0,1,1,0,0,0,3,7.770969766228674,0.7086026140001269,0.3435489430147059,0.06805778952205882,256,0,0,0,0,0,0,0,0,0,0,0,0,0.0,0
malware,0b26e5a2e2aa25068e3d88731169e2869cc059c9430337308be76bac0b329d7a.ole,data\raw\malware\0b26e5a2e2aa25068e3d88731169e2869cc059c9430337308be76bac0b329d7a.ole,158296,68,0,0,0,0,0.014705882352941176,unknown,0,0,0,0,1,0,0,0,0,0,6,5.787652983287564,1.6516110533450323,0.34263657957244653,0.35856875726487086,256,1,0,3,0,0,0,3,3,0,0,0,0,0.0,0
malware,0b2ad06fcebd0d18fd724e0e43e70275e8175fd5d27c5b6931c6ad583f1b71c3.exe,data\raw\malware\0b2ad06fcebd0d18fd724e0e43e70275e8175fd5d27c5b6931c6ad583f1b71c3.exe,434176,68,1,0,0,0,0.014705882352941176,executable,1,0,0,0,0,1,1,0,0,0,4,7.6161039024766,0.6947854252193444,0.32985010686910377,0.10262197818396226,256,0,0,0,0,0,0,0,0,0,0,0,0,0.0,0
malware,0b328c064c7c739da6bf5c685b0c37aa84be011779e3a3188db1babaabc0c77d.exe,data\raw\malware\0b328c064c7c739da6bf5c685b0c37aa84be011779e3a3188db1babaabc0c77d.exe,110688,68,1,0,0,0,0.014705882352941176,executable,1,0,0,0,0,1,1,0,0,0,2,6.968338846955738,4.799236627635356,0.3221487424111015,0.1919539606822781,256,0,0,0,0,0,0,0,0,0,0,0,0,0.0,0
malware,0b3883ee2f88db3b2cd6d263f10ca27a435556d00faaf7f6bfed265b892647c2.exe,data\raw\malware\0b3883ee2f88db3b2cd6d263f10ca27a435556d00faaf7f6bfed265b892647c2.exe,47700,68,1,0,0,0,0.014705882352941176,executable,1,0,0,0,0,1,1,0,0,0,2,6.058367795292411,6.563713003373435,0.350188679245283,0.2644444444444444,256,1,12,0,0,0,0,0,0,0,0,0,0,0.0,0
malware,0b3b4aeb74225c4b87e703017dd69c855340cb41c0c8dfe169e40331dc07f3cf.exe,data\raw\malware\0b3b4aeb74225c4b87e703017dd69c855340cb41c0c8dfe169e40331dc07f3cf.exe,208896,68,1,0,0,0,0.014705882352941176,executable,1,0,0,0,0,1,1,0,0,0,1,6.390327152297486,0.9553377280068522,0.3085315180759804,0.21332146139705882,256,0,0,1,0,0,0,1,1,0,0,0,0,0.0,0
malware,0b3b96d158fb8449a8b23e3f3919472a458188a3c78e294e7c6119bb3ae6ef75.exe,data\raw\malware\0b3b96d158fb8449a8b23e3f3919472a458188a3c78e294e7c6119bb3ae6ef75.exe,421888,68,1,0,0,0,0.014705882352941176,executable,1,0,0,0,0,1,1,0,0,0,3,7.7341182876392764,0.7040288379368599,0.3412374848300971,0.07664119387135922,256,0,0,0,0,0,0,0,0,0,0,0,0,0.0,0
malware,0b41fef686fec6a0ad51e27597c574b616240afbaf3976d177c18a39799d0cd6.exe,data\raw\malware\0b41fef686fec6a0ad51e27597c574b616240afbaf3976d177c18a39799d0cd6.exe,433664,68,1,0,0,0,0.014705882352941176,executable,1,0,0,0,0,1,1,0,0,0,5,7.872997055780623,6.073145309150524,0.3507323642266824,0.04038610537190083,256,0,0,0,0,0,0,0,0,0,0,0,0,0.0,0
malware,0b4254ba5324fc5103bfcf58d4daf5aceef4bca2e66d30af4d08947a38f9fd61.exe,data\raw\malware\0b4254ba5324fc5103bfcf58d4daf5aceef4bca2e66d30af4d08947a38f9fd61.exe,206336,68,1,0,0,0,0.014705882352941176,executable,1,0,0,0,0,1,1,0,0,0,0,6.878916085735964,6.007853771741549,0.40046332196029777,0.053553427419354836,256,0,0,4,0,0,0,4,4,0,0,0,0,0.0,0
malware,0b445bba1f47fc92ee42031cd8de1bd083a8f87545f20623eae751686b9fecac.exe,data\raw\malware\0b445bba1f47fc92ee42031cd8de1bd083a8f87545f20623eae751686b9fecac.exe,142432,68,1,0,0,0,0.014705882352941176,executable,1,0,0,0,0,1,1,0,0,0,1,6.068564897474354,5.158384686120855,0.2728179060885194,0.33505813300381937,256,0,0,0,0,0,0,0,0,0,0,0,0,0.0,0
malware,0b4dd7a79c3222cd148cd0a873e1f7a1009381f9c546fd0260a17d8bd4f98adf.exe,data\raw\malware\0b4dd7a79c3222cd148cd0a873e1f7a1009381f9c546fd0260a17d8bd4f98adf.exe,430080,68,1,0,0,0,0.014705882352941176,executable,1,0,0,0,0,1,1,0,0,0,2,7.658688571515916,0.6703872921689462,0.3319568452380952,0.09567754836309524,256,0,0,0,0,0,0,0,0,0,0,0,0,0.0,0
malware,0b5069faca00ca4e0df750a9af6457863526cc5aaadd20753f5eb5ac3ea513e7.exe,data\raw\malware\0b5069faca00ca4e0df750a9af6457863526cc5aaadd20753f5eb5ac3ea513e7.exe,208896,68,1,0,0,0,0.014705882352941176,executable,1,0,0,0,0,1,1,0,0,0,1,6.182035446383072,0.9445397083988448,0.2861950444240196,0.24422679227941177,256,0,0,1,0,0,0,1,1,0,0,0,0,0.0,0
malware,0b575e67baa129d190ba79deb71627dffe48f92d13eb35a966df163175a0c24c.exe,data\raw\malware\0b575e67baa129d190ba79deb71627dffe48f92d13eb35a966df163175a0c24c.exe,131168,68,1,0,0,0,0.014705882352941176,executable,1,0,0,0,0,1,1,0,0,0,2,6.854112733986734,5.29456476931744,0.2928305684313247,0.19048090997804343,256,1,2,0,0,0,0,0,0,0,0,0,0,0.0,0
malware,0b5a920404fbf222e6bc191463a14cef8fbf340bafdebc2f127ef3b8d113d130.exe,data\raw\malware\0b5a920404fbf222e6bc191463a14cef8fbf340bafdebc2f127ef3b8d113d130.exe,417792,68,1,0,0,0,0.014705882352941176,executable,1,0,0,0,0,1,1,0,0,0,5,7.658303798830653,0.7136490591187276,0.33435776654411764,0.09254126455269608,256,0,0,0,0,0,0,0,0,0,0,0,0,0.0,0
malware,0b626ff78872af9976e86b331c860d9105ffd9f1509391135a31aa670c71ab69.exe,data\raw\malware\0b626ff78872af9976e86b331c860d9105ffd9f1509391135a31aa670c71ab69.exe,194560,68,1,0,0,0,0.014705882352941176,executable,1,0,0,0,0,1,1,0,0,0,1,7.5364142331514525,6.7220294042837745,0.33582956414473686,0.11823087993421053,256,0,0,1,0,0,0,1,1,0,0,0,0,0.0,0
malware,0b66c3fd4b417eab75fcd3965bff9805ad6c2b47bb9e85feccf017cd09b592f4.exe,data\raw\malware\0b66c3fd4b417eab75fcd3965bff9805ad6c2b47bb9e85feccf017cd09b592f4.exe,187392,68,1,0,0,0,0.014705882352941176,executable,1,0,0,0,0,1,1,0,0,0,2,7.449718044175105,6.95042740899071,0.3306704661885246,0.13564613217213115,256,0,0,0,0,0,0,0,0,0,0,0,0,0.0,0
malware,0b673dc77184cc296cfd0cb818e37de5c8bcfe59c0b07a9677822526953b4fb9.exe,data\raw\malware\0b673dc77184cc296cfd0cb818e37de5c8bcfe59c0b07a9677822526953b4fb9.exe,454656,68,1,0,0,0,0.014705882352941176,executable,1,0,0,0,0,1,1,0,0,0,7,7.41217891888865,0.7122187489001689,0.3143673458614865,0.14218881967905406,256,0,0,0,0,0,0,0,0,0,0,0,0,0.0,0
malware,0b6754484b8629cd51b56b4190914da7c0fffd8563cca1d403a6c475ef27d3eb.exe,data\raw\malware\0b6754484b8629cd51b56b4190914da7c0fffd8563cca1d403a6c475ef27d3eb.exe,380416,68,1,0,0,0,0.014705882352941176,executable,1,0,0,0,0,1,1,0,0,0,8,7.8702795757645605,4.537312272080295,0.35097367092866755,0.04918037096231494,256,0,0,0,0,0,0,0,0,0,0,0,0,0.0,0
malware,0b6a3dc1f3841f8fd2511138d206c0d783a59d4f83bbd636a0a813a4408d279f.exe,data\raw\malware\0b6a3dc1f3841f8fd2511138d206c0d783a59d4f83bbd636a0a813a4408d279f.exe,413696,68,1,0,0,0,0.014705882352941176,executable,1,0,0,0,0,1,1,0,0,0,4,7.672157505216607,0.6633362471715544,0.333873182240099,0.0963823677289604,256,0,0,0,0,0,0,0,0,0,0,0,0,0.0,0
malware,0b6ffd763b8644406e3d837ee77fb857f1f3b7ab69d5089e75e170fb2217282f.exe,data\raw\malware\0b6ffd763b8644406e3d837ee77fb857f1f3b7ab69d5089e75e170fb2217282f.exe,208896,68,1,0,0,0,0.014705882352941176,executable,1,0,0,0,0,1,1,0,0,0,1,6.389162393133075,0.9553906940074991,0.30874693627450983,0.21340284160539216,256,0,0,1,0,0,0,1,1,0,0,0,0,0.0,0
malware,0b74f6fb2d4c2a64b7b2ad7793bdda4d3d8c21e7311264a790fc001feef351f5.exe,data\raw\malware\0b74f6fb2d4c2a64b7b2ad7793bdda4d3d8c21e7311264a790fc001feef351f5.exe,421888,68,1,0,0,0,0.014705882352941176,executable,1,0,0,0,0,1,1,0,0,0,8,7.6635147525007365,0.6701670425632172,0.3351932266383495,0.09589037848907767,256,0,0,0,0,0,0,0,0,0,0,0,0,0.0,0
malware,0b797c9efb374e8f6bc49057367a5b3fc3c6e45885a476953b102c971698d8dd.exe,data\raw\malware\0b797c9efb374e8f6bc49057367a5b3fc3c6e45885a476953b102c971698d8dd.exe,10240,68,1,0,0,0,0.014705882352941176,executable,1,0,0,0,0,1,1,0,0,0,0,4.519276227430808,5.054978491534765,0.164453125,0.428125,228,1,0,0,0,0,0,0,0,0,0,0,0,0.0,0
malware,0b7ba7992f2eb7f2474be11fb91b3b75e2f693a1eb8e33908611f092823d3639.exe,data\raw\malware\0b7ba7992f2eb7f2474be11fb91b3b75e2f693a1eb8e33908611f092823d3639.exe,515072,68,1,0,0,0,0.014705882352941176,executable,1,0,0,0,0,1,1,0,0,0,7,7.9889465725069115,4.961095882122293,0.36743018451789267,0.011664388667992048,256,0,2,0,0,0,0,0,0,0,0,0,0,0.0,0
malware,0b87318e5589dfb28dda80ff61a7cad2569a53def671fc37d83d35a0eed44596.exe,data\raw\malware\0b87318e5589dfb28dda80ff61a7cad2569a53def671fc37d83d35a0eed44596.exe,284184,68,1,0,0,0,0.014705882352941176,executable,1,0,0,0,0,1,1,0,0,0,4,7.639233056458153,5.011888108237315,0.3869464853756721,0.0656687216732821,256,0,0,0,0,0,0,0,0,0,0,0,0,0.0,0
malware,0b8ad899abf3a0833879065d5a2118aa1c1d07d84e2d1a5e7464b06dab7e18a8.exe,data\raw\malware\0b8ad899abf3a0833879065d5a2118aa1c1d07d84e2d1a5e7464b06dab7e18a8.exe,393216,68,1,0,0,0,0.014705882352941176,executable,1,0,0,0,0,1,1,0,0,0,5,7.714330421572263,0.6613833652035197,0.3306172688802083,0.08565012613932292,256,0,0,0,1,0,0,0,1,0,0,0,0,0.0,0
malware,0b9065d76343b62901d7723f2c2f16073cfee97e8f6936b3a3af998c4655a81e.exe,data\raw\malware\0b9065d76343b62901d7723f2c2f16073cfee97e8f6936b3a3af998c4655a81e.exe,364544,68,1,0,0,0,0.014705882352941176,executable,1,0,0,0,0,1,1,0,0,0,4,7.6386444454142755,0.663784632797856,0.32467685656601125,0.09959565923455056,256,0,0,0,0,0,0,0,0,0,0,0,0,0.0,0
malware,0b92085e3fef4b9cb196fb9a8e9bf64d4eb8664184ea2bdf46132abfa7f72a3f.ole,data\raw\malware\0b92085e3fef4b9cb196fb9a8e9bf64d4eb8664184ea2bdf46132abfa7f72a3f.ole,157273,68,0,0,0,0,0.014705882352941176,unknown,0,0,0,0,1,0,0,0,0,0,6,5.768519213959796,1.6197459551897646,0.3454566263757924,0.36003001150865055,256,1,0,3,0,0,0,3,3,0,0,0,0,0.0,0
malware,0b9996cce73366a4afb113765a919d5e301a294c28ef66d189b7c66fd65ddade.exe,data\raw\malware\0b9996cce73366a4afb113765a919d5e301a294c28ef66d189b7c66fd65ddade.exe,131168,68,1,0,0,0,0.014705882352941176,executable,1,0,0,0,0,1,1,0,0,0,1,6.855850374448789,5.293798563875138,0.2925637350573311,0.19048853378872896,256,1,2,0,0,0,0,0,0,0,0,0,0,0.0,0
malware,0ba3b4a72f574836f428b6f532b59c38e2ccac692b04bb93e5a19e2621656668.ole,data\raw\malware\0ba3b4a72f574836f428b6f532b59c38e2ccac692b04bb93e5a19e2621656668.ole,295424,68,0,0,0,0,0.014705882352941176,unknown,0,0,0,0,1,0,0,0,0,0,3,7.7380612042518955,7.217595544311509,0.32536625324956675,0.07573521447140381,256,0,0,0,0,0,0,0,0,0,0,0,0,0.0,0
malware,0bb16011515c29ac39f90bc88e4b7526fb83565a9b00e118d1e72e9456ed0420.exe,data\raw\malware\0bb16011515c29ac39f90bc88e4b7526fb83565a9b00e118d1e72e9456ed0420.exe,140840,68,1,0,0,0,0.014705882352941176,executable,1,0,0,0,0,1,1,0,0,0,2,6.870672287406765,5.584376514749136,0.33651661459812554,0.20086623118432265,256,1,2,0,0,0,0,0,0,0,0,0,0,0.0,0
malware,0bba700eccd740560f4344921b97e592f9fc4e31fea87d50bd0dadcaf73ddf75.ole,data\raw\malware\0bba700eccd740560f4344921b97e592f9fc4e31fea87d50bd0dadcaf73ddf75.ole,136361,68,0,0,0,0,0.014705882352941176,unknown,0,0,0,0,1,0,0,0,0,0,6,5.931180698711371,3.421290367319551,0.3219175570727701,0.3281950117702276,256,1,0,0,0,0,0,0,0,0,0,0,0,0.0,0
malware,0bbb779a1151fcab6cf538966f7180575ca9654d47f573066bf0c26f80c52eee.ole,data\raw\malware\0bbb779a1151fcab6cf538966f7180575ca9654d47f573066bf0c26f80c52eee.ole,236286,68,0,0,0,0,0.014705882352941176,unknown,0,0,0,0,1,0,0,0,0,0,11,6.763715004704782,1.5796237215346853,0.33500080411027316,0.23674699305079439,256,1,0,0,0,0,0,0,0,0,0,0,0,0.0,0
malware,0bc38daf7cadea088b55eaa800e873f7971da3c460aacebd1c93c12736d62fc8.exe,data\raw\malware\0bc38daf7cadea088b55eaa800e873f7971da3c460aacebd1c93c12736d62fc8.exe,372736,68,1,0,0,0,0.014705882352941176,executable,1,0,0,0,0,1,1,0,0,0,7,7.973994748584025,5.063355837904318,0.36345831902472525,0.016378884787087912,256,0,0,0,0,0,0,0,0,0,0,0,0,0.0,0
malware,0bc50d62c3f9e3b2d9805b9b100be9ec0774aba23a447afd6cb63f745f52b9b1.exe,data\raw\malware\0bc50d62c3f9e3b2d9805b9b100be9ec0774aba23a447afd6cb63f745f52b9b1.exe,110176,68,1,0,0,0,0.014705882352941176,executable,1,0,0,0,0,1,1,0,0,0,2,6.992629356840409,5.456805630819212,0.3230830670926518,0.18769060412431018,256,0,0,0,0,0,0,0,0,0,0,0,0,0.0,0
malware,0bc600c7f52978294b9e0f5f6cc3e436c7ea2a44d9cfccf6a912f32df5ea1de3.exe,data\raw\malware\0bc600c7f52978294b9e0f5f6cc3e436c7ea2a44d9cfccf6a912f32df5ea1de3.exe,405504,68,1,0,0,0,0.014705882352941176,executable,1,0,0,0,0,1,1,0,0,0,9,7.681508723090427,0.6703903456058731,0.3353998974116162,0.0941149779040404,256,0,0,0,0,0,0,0,0,0,0,0,0,0.0,0
malware,0bca3c2d7fedcf070d8fe4723cd96e7643e60f8bd493ab80902e56cfcdfa5b2f.ole,data\raw\malware\0bca3c2d7fedcf070d8fe4723cd96e7643e60f8bd493ab80902e56cfcdfa5b2f.ole,144105,68,0,0,0,0,0.014705882352941176,unknown,0,0,0,0,1,0,0,0,0,0,6,6.090925222847268,3.499583595987412,0.38638492765691684,0.2871447902571042,256,1,0,0,0,0,0,0,0,0,0,0,0,0.0,0
malware,0bd000296a27166aea20df164d56ec41d5a7283503c2e4f0f4fa057d3a12bac7.exe,data\raw\malware\0bd000296a27166aea20df164d56ec41d5a7283503c2e4f0f4fa057d3a12bac7.exe,313384,68,1,0,0,0,0.014705882352941176,executable,1,0,0,0,0,1,1,0,0,0,1,7.483806657605716,4.8878876138163125,0.3546447808439486,0.09822135144104358,256,1,2,0,1,0,0,0,1,0,0,0,0,0.0,0
malware,0bd340493fe9842c60f34ab0a9524a85f78ba1ec6e0972be406ee8d8239f4376.ole,data\raw\malware\0bd340493fe9842c60f34ab0a9524a85f78ba1ec6e0972be406ee8d8239f4376.ole,256764,68,0,0,0,0,0.014705882352941176,unknown,0,0,0,0,1,1,0,0,0,0,20,7.988896714598306,6.188350801666829,0.36989219672539764,0.013008054088579395,256,0,0,0,0,0,0,0,0,0,0,0,0,0.0,0
malware,0bd575f1872a5b14a9cf10dbec63951a85d71ef0d95111a11f047aaddc946759.exe,data\raw\malware\0bd575f1872a5b14a9cf10dbec63951a85d71ef0d95111a11f047aaddc946759.exe,148480,68,1,0,0,0,0.014705882352941176,executable,1,0,0,0,0,1,1,0,0,0,3,7.445437563601016,2.729751451756664,0.3574420797413793,0.11931573275862069,256,0,0,1,0,0,0,1,1,0,0,0,0,0.0,0
malware,0bddf95b8e65f553f003ab0bb5c52d8a82ad27f4fc1dcaf0b044ec9b9001a563.ole,data\raw\malware\0bddf95b8e65f553f003ab0bb5c52d8a82ad27f4fc1dcaf0b044ec9b9001a563.ole,159683,68,0,0,0,0,0.014705882352941176,unknown,0,0,0,0,1,0,0,0,0,0,6,5.739527657076795,1.6085321813871818,0.3475448231809272,0.36236167907667066,256,1,0,3,0,0,0,3,3,0,0,0,0,0.0,0
malware,0be469253c817b56972e2b4586ae560027b3e4296a4522fe100727d6b0847662.exe,data\raw\malware\0be469253c817b56972e2b4586ae560027b3e4296a4522fe100727d6b0847662.exe,421888,68,1,0,0,0,0.014705882352941176,executable,1,0,0,0,0,1,1,0,0,0,5,7.736349424704428,0.7029671886337358,0.33793566064927183,0.0763401661104369,256,0,0,0,0,0,0,0,0,0,0,0,0,0.0,0
malware,0be4bd0e7c2b7202722edbcd549fc69e65f054732b500366da32d747238c786b.exe,data\raw\malware\0be4bd0e7c2b7202722edbcd549fc69e65f054732b500366da32d747238c786b.exe,180736,68,1,0,0,0,0.014705882352941176,executable,1,0,0,0,0,1,1,0,0,0,0,7.142676093657996,5.444950362463103,0.15829718484419264,0.045812677053824365,256,0,0,1,0,0,0,1,1,0,0,0,0,0.0,0
malware,0bf23604942908b7ee2fef85bd2b0e9a43874144d5bcdcdb52ed78a284be0138.exe,data\raw\malware\0bf23604942908b7ee2fef85bd2b0e9a43874144d5bcdcdb52ed78a284be0138.exe,434176,68,1,0,0,0,0.014705882352941176,executable,1,0,0,0,0,1,1,0,0,0,2,7.506858538484366,0.7228503620459709,0.3212683335790094,0.1275726894162736,256,0,0,0,0,0,0,0,0,0,0,0,0,0.0,0
malware,0bf37d24813118b226c25004890524e6e27cb940988c74c72b2c0918dd87bdcb.exe,data\raw\malware\0bf37d24813118b226c25004890524e6e27cb940988c74c72b2c0918dd87bdcb.exe,397312,68,1,0,0,0,0.014705882352941176,executable,1,0,0,0,0,1,1,0,0,0,1,7.743541359852322,0.6645528344979338,0.3427507852770619,0.08090367268041238,256,0,0,0,0,0,0,0,0,0,0,0,0,0.0,0
malware,0bfa7a40d9f8e32f28720aae89d8966b53e0c4d365f5c8bdd64d9c1ff8bae1e0.exe,data\raw\malware\0bfa7a40d9f8e32f28720aae89d8966b53e0c4d365f5c8bdd64d9c1ff8bae1e0.exe,394240,68,1,0,0,0,0.014705882352941176,executable,1,0,0,0,0,1,1,0,0,0,5,7.820276341558707,4.477228105065942,0.33589945211038963,0.04853388798701299,256,0,0,0,0,0,0,0,0,0,0,0,0,0.0,0
malware,0bff0d467f506b497fef4b991c469e90aace6112fceea6bfa1724a52cf119567.exe,data\raw\malware\0bff0d467f506b497fef4b991c469e90aace6112fceea6bfa1724a52cf119567.exe,417792,68,1,0,0,0,0.014705882352941176,executable,1,0,0,0,0,1,1,0,0,0,7,7.6645104979244865,0.7147588009456705,0.33254346660539214,0.09165804993872549,256,0,0,0,0,0,0,0,0,0,0,0,0,0.0,0
malware,0c0eba751e018daebd49523a1e65ab73384c09dc2357d977150876a21ec2ac2a.ole,data\raw\malware\0c0eba751e018daebd49523a1e65ab73384c09dc2357d977150876a21ec2ac2a.ole,138676,68,0,0,0,0,0.014705882352941176,unknown,0,0,0,0,1,0,0,0,0,0,6,6.093597763613976,3.5608972774740892,0.3539689636274482,0.30333294874383454,256,1,0,0,0,0,0,0,0,0,0,0,0,0.0,0
malware,0c173aa09de6b1f48654384435af365af6cc3bfc655024f458a1a36ef44d20c8.ole,data\raw\malware\0c173aa09de6b1f48654384435af365af6cc3bfc655024f458a1a36ef44d20c8.ole,159537,68,0,0,0,0,0.014705882352941176,unknown,0,0,0,0,1,0,0,0,0,0,6,5.738542647107425,1.6085321813871818,0.3469477299936692,0.36268702558027294,256,1,0,3,0,0,0,3,3,0,0,0,0,0.0,0
malware,0c1819af3507d4ebce09972b41574e897b7f4d5dcca62c509ed08bfd14eccb9d.exe,data\raw\malware\0c1819af3507d4ebce09972b41574e897b7f4d5dcca62c509ed08bfd14eccb9d.exe,208896,68,1,0,0,0,0.014705882352941176,executable,1,0,0,0,0,1,1,0,0,0,1,6.4466329278435675,0.905136798701571,0.31106387867647056,0.2035510493259804,256,0,0,1,0,0,0,1,1,0,0,0,0,0.0,0
malware,0c197eba43d31a9c2a165512dbace90124641dfa894b577448d73a2bc18ccf86.exe,data\raw\malware\0c197eba43d31a9c2a165512dbace90124641dfa894b577448d73a2bc18ccf86.exe,413696,68,1,0,0,0,0.014705882352941176,executable,1,0,0,0,0,1,1,0,0,0,4,7.80771390741884,0.6974602437045727,0.34421652614480197,0.05914004486386139,256,0,0,0,0,0,0,0,0,0,0,0,0,0.0,0
malware,0c1d16efeff42bd4599032547c7931aba046c1ebbf8111bee0c05a5d203530e4.exe,data\raw\malware\0c1d16efeff42bd4599032547c7931aba046c1ebbf8111bee0c05a5d203530e4.exe,393216,68,1,0,0,0,0.014705882352941176,executable,1,0,0,0,0,1,1,0,0,0,6,7.731137696672465,0.6572109145275549,0.3406829833984375,0.08464558919270833,256,0,0,0,0,0,0,0,0,0,0,0,0,0.0,0
malware,0c29e2bff58991b1a187acc3931b6f1d2c3932c499fb7cdded850cfcede1b31c.ole,data\raw\malware\0c29e2bff58991b1a187acc3931b6f1d2c3932c499fb7cdded850cfcede1b31c.ole,161276,68,0,0,0,0,0.014705882352941176,unknown,0,0,0,0,1,0,0,0,0,0,6,5.773312150969072,1.6172215738850635,0.34876857064907363,0.3579019816959746,256,1,0,3,0,0,0,3,3,0,0,0,0,0.0,0
malware,0c31f7d06ed4d36cc7a675ca0d3b92c5740d3ed73be44f19bea8b3d7c5f755ed.ole,data\raw\malware\0c31f7d06ed4d36cc7a675ca0d3b92c5740d3ed73be44f19bea8b3d7c5f755ed.ole,155557,68,0,0,0,0,0.014705882352941176,unknown,0,0,0,0,1,0,0,0,0,0,6,5.796381731490318,1.6271288817790095,0.34385466420668953,0.3568531149353613,256,1,0,3,0,0,0,3,3,0,0,0,0,0.0,0
malware,0c3fa86898afebf32112dcdfcd7d10049676ec324174a396638bc527a18605d3.exe,data\raw\malware\0c3fa86898afebf32112dcdfcd7d10049676ec324174a396638bc527a18605d3.exe,348160,68,1,0,0,0,0.014705882352941176,executable,1,0,0,0,0,1,1,0,0,0,3,7.818079102550368,0.6710830453201981,0.3406939338235294,0.05896714154411765,256,0,0,0,0,0,0,0,0,0,0,0,0,0.0,0
malware,0c4636f218939c13cfd1fd4651804efc7af62b8fab02d6bb902206b4c8c01cf8.exe,data\raw\malware\0c4636f218939c13cfd1fd4651804efc7af62b8fab02d6bb902206b4c8c01cf8.exe,425984,68,1,0,0,0,0.014705882352941176,executable,1,0,0,0,0,1,1,0,0,0,3,7.762940180209984,0.6953929566143774,0.3395197941706731,0.06845797025240384,256,0,0,0,0,0,0,0,0,0,0,0,0,0.0,0
malware,0c4db97ea4705e3b653ba4b04cc7b2af3b8dadfa12235bddd6406c7da7259758.exe,data\raw\malware\0c4db97ea4705e3b653ba4b04cc7b2af3b8dadfa12235bddd6406c7da7259758.exe,285208,68,1,0,0,0,0.014705882352941176,executable,1,0,0,0,0,1,1,0,0,0,4,7.65396347432462,4.967667110377742,0.39145465765336174,0.06163922470617935,256,0,0,0,0,0,0,0,0,0,0,0,0,0.0,0
malware,0c505a8d7cc1958a15e8738c5e5a37d45ea58e5a4b64e2945d04c6d481231259.exe,data\raw\malware\0c505a8d7cc1958a15e8738c5e5a37d45ea58e5a4b64e2945d04c6d481231259.exe,434176,68,1,0,0,0,0.014705882352941176,executable,1,0,0,0,0,1,1,0,0,0,8,7.614234891992065,0.6947854252193444,0.3299859964622642,0.10272331957547169,256,0,0,0,0,0,0,0,0,0,0,0,0,0.0,0
malware,0c51d47537c82c9ad5d56c5270768dd95b4edb0307a80c53f915a2914e2d3b4a.ole,data\raw\malware\0c51d47537c82c9ad5d56c5270768dd95b4edb0307a80c53f915a2914e2d3b4a.ole,157543,68,0,0,0,0,0.014705882352941176,unknown,0,0,0,0,1,0,0,0,0,0,6,5.803709267915426,1.631559271160622,0.34412192226884086,0.3563027237008309,256,1,0,3,0,0,0,3,3,0,0,0,0,0.0,0
malware,0c55f388e8331ffdd9e76d85f538e620b330606ef06d56fa023ea70670ccf4a0.ole,data\raw\malware\0c55f388e8331ffdd9e76d85f538e620b330606ef06d56fa023ea70670ccf4a0.ole,141582,68,0,0,0,0,0.014705882352941176,unknown,0,0,0,0,1,0,0,0,0,0,6,6.09781205204763,3.559396543015545,0.3655761325592236,0.29750250738088174,256,1,0,0,0,0,0,0,0,0,0,0,0,0.0,0
malware,0c68f9bbc4fa01f801b56f588dffb3d68f94d5c4108c478060e8c261cc700494.exe,data\raw\malware\0c68f9bbc4fa01f801b56f588dffb3d68f94d5c4108c478060e8c261cc700494.exe,165024,68,1,0,0,0,0.014705882352941176,executable,1,0,0,0,0,1,1,0,0,0,0,5.6175112027177585,5.03874937435194,0.24225567190226877,0.40445026178010474,256,0,0,4,0,0,0,4,4,0,0,0,0,0.0,0
malware,0c6923a2377cd2eb6ad361ce07b8c0c9ccf743c82bb67e79065a1d2ac658aa7a.exe,data\raw\malware\0c6923a2377cd2eb6ad361ce07b8c0c9ccf743c82bb67e79065a1d2ac658aa7a.exe,208896,68,1,0,0,0,0.014705882352941176,executable,1,0,0,0,0,1,1,0,0,0,1,6.392420755520729,0.948336490377432,0.3092256433823529,0.21301987591911764,256,0,0,1,0,0,0,1,1,0,0,0,0,0.0,0
malware,0c6f07c8e0e4110761b160951442e57daa1ec4b0a2bacdeac445d31616f1fd1b.exe,data\raw\malware\0c6f07c8e0e4110761b160951442e57daa1ec4b0a2bacdeac445d31616f1fd1b.exe,148480,68,1,0,0,0,0.014705882352941176,executable,1,0,0,0,0,1,1,0,0,0,4,7.44629278427908,2.729751451756664,0.3571861530172414,0.11927532327586207,256,0,0,1,0,0,0,1,1,0,0,0,0,0.0,0
malware,0c6fcffa32f940442fb58d213d0c3d5d4be4bb901c08d5eba592045782a890e0.ole,data\raw\malware\0c6fcffa32f940442fb58d213d0c3d5d4be4bb901c08d5eba592045782a890e0.ole,238378,68,0,0,0,0,0.014705882352941176,unknown,0,0,0,0,1,0,0,0,0,0,11,6.769080638952174,1.6604477401757731,0.33897842921746135,0.2354286049887154,256,1,0,0,0,0,0,0,0,0,0,0,0,0.0,0
malware,0c70bccb541d7b26b78269fc2f8ea8cd5fc101e8cce805ffdd4485310f93a7db.exe,data\raw\malware\0c70bccb541d7b26b78269fc2f8ea8cd5fc101e8cce805ffdd4485310f93a7db.exe,405504,68,1,0,0,0,0.014705882352941176,executable,1,0,0,0,0,1,1,0,0,0,10,7.687426437173176,0.6682719250961185,0.33623836016414144,0.09369328046085859,256,0,0,0,0,0,0,0,0,0,0,0,0,0.0,0
malware,0c71d9240d9d281835b3a9a883709b2abe5e6afe53ffd8427f6a699caff44f27.ole,data\raw\malware\0c71d9240d9d281835b3a9a883709b2abe5e6afe53ffd8427f6a699caff44f27.ole,238384,68,0,0,0,0,0.014705882352941176,unknown,0,0,0,0,1,0,0,0,0,0,11,6.769085421350171,1.6604477401757731,0.33899087187059534,0.23542267937445466,256,1,0,0,0,0,0,0,0,0,0,0,0,0.0,0
malware,0c721326ca95022900e1c18fda6cdb4db532ae9c804228985c6df980b3be7ea1.exe,data\raw\malware\0c721326ca95022900e1c18fda6cdb4db532ae9c804228985c6df980b3be7ea1.exe,95785,68,1,0,0,0,0.014705882352941176,executable,1,0,0,0,0,1,1,0,0,0,1,7.62703286238385,5.529346375668481,0.3439265020619095,0.07082528579631467,256,0,0,0,0,0,0,0,0,0,0,0,0,0.0,0
malware,0c7bc4ee7216ce6f72faff124552f354a0c91ce9349ba7fcf670e6f1a465d8a8.exe,data\raw\malware\0c7bc4ee7216ce6f72faff124552f354a0c91ce9349ba7fcf670e6f1a465d8a8.exe,124896,68,1,0,0,0,0.014705882352941176,executable,1,0,0,0,0,1,1,0,0,0,1,6.714123151273042,5.012413100389664,0.28777542915705867,0.11297399436331028,256,0,0,0,0,0,0,0,0,0,0,0,0,0.0,0
malware,0c839f901dc853454efd77f4a3b664c5526cc260f0911a58493b939768d1f5ce.exe,data\raw\malware\0c839f901dc853454efd77f4a3b664c5526cc260f0911a58493b939768d1f5ce.exe,169984,68,1,0,0,0,0.014705882352941176,executable,1,0,0,0,0,1,1,0,0,0,3,7.830320529959428,5.194194458842676,0.3578513271837349,0.04702795557228916,256,0,0,2,0,0,0,2,2,0,0,0,0,0.0,0
malware,0c88b07ffb3cd609908d04ed891eddcb8b596fec8a808960f93c8bacb4e91b06.exe,data\raw\malware\0c88b07ffb3cd609908d04ed891eddcb8b596fec8a808960f93c8bacb4e91b06.exe,195232,68,1,0,0,0,0.014705882352941176,executable,1,0,0,0,0,1,1,0,0,0,0,4.923792439424198,5.036261517361715,0.2030507293886248,0.4968755122111129,256,0,0,4,0,0,0,4,4,0,0,0,0,0.0,0
malware,0c8ec28717313d7fd398d32d21f59f196fdf08a77fa6361e4a6d7e2da79a0b37.ole,data\raw\malware\0c8ec28717313d7fd398d32d21f59f196fdf08a77fa6361e4a6d7e2da79a0b37.ole,156514,68,0,0,0,0,0.014705882352941176,unknown,0,0,0,0,1,0,0,0,0,0,6,5.826747157846637,1.610000346744518,0.34570709329516847,0.3524540935635151,256,1,0,3,0,0,0,3,3,0,0,0,0,0.0,0
malware,0c8ecffb99089dccc43108496052d42edb789eaf65b14218eca5fd0b06a3e34a.exe,data\raw\malware\0c8ecffb99089dccc43108496052d42edb789eaf65b14218eca5fd0b06a3e34a.exe,454656,68,1,0,0,0,0.014705882352941176,executable,1,0,0,0,0,1,1,0,0,0,8,7.4723235345287256,0.6632416157456388,0.31555505701013514,0.13095615146396397,256,0,0,0,0,0,0,0,0,0,0,0,0,0.0,0
malware,0c9d917a3078237264548917f06c72d01435736b483603eae2aada7dc91df5e0.exe,data\raw\malware\0c9d917a3078237264548917f06c72d01435736b483603eae2aada7dc91df5e0.exe,131168,68,1,0,0,0,0.014705882352941176,executable,1,0,0,0,0,1,1,0,0,0,2,6.858075280558176,5.294773852580314,0.2928458160526958,0.19009209563308124,256,1,2,0,0,0,0,0,0,0,0,0,0,0.0,0
malware,0ca3818d5f1269490baad747ac5ca3926390ca6b595d6625acef8df63e80defb.exe,data\raw\malware\0ca3818d5f1269490baad747ac5ca3926390ca6b595d6625acef8df63e80defb.exe,368640,68,1,0,0,0,0.014705882352941176,executable,1,0,0,0,0,1,1,0,0,0,4,7.692980790384384,0.7215195973696164,0.3338650173611111,0.08582628038194444,256,0,0,0,0,0,0,0,0,0,0,0,0,0.0,0
malware,0ca3fc52c98bf39030583a27d2a1033bc875b2c981f9a2d0cd0b3f75f2c04fb8.ole,data\raw\malware\0ca3fc52c98bf39030583a27d2a1033bc875b2c981f9a2d0cd0b3f75f2c04fb8.ole,158921,68,0,0,0,0,0.014705882352941176,unknown,0,0,0,0,1,0,0,0,0,0,6,5.79026628235237,1.6516110533450323,0.34520296247821247,0.3571711730985836,256,1,0,3,0,0,0,3,3,0,0,0,0,0.0,0
malware,0ca8738e31c4b149f1bcd837b4c35c086c2765db2845e9767ec727eabf1a33de.exe,data\raw\malware\0ca8738e31c4b149f1bcd837b4c35c086c2765db2845e9767ec727eabf1a33de.exe,285208,68,1,0,0,0,0.014705882352941176,executable,1,0,0,0,0,1,1,0,0,0,4,7.654049924108452,4.966113270539705,0.3914827073574374,0.06161468121511318,256,0,0,0,0,0,0,0,0,0,0,0,0,0.0,0
malware,0ca892a65beee945dc60ffd229ee4a49f15ba4001707a925739b445c0fa65e81.exe,data\raw\malware\0ca892a65beee945dc60ffd229ee4a49f15ba4001707a925739b445c0fa65e81.exe,557568,68,1,0,0,0,0.014705882352941176,executable,1,0,0,0,0,1,1,0,0,0,9,7.850811319930604,5.249607265459827,0.3464581898530762,0.041413782713498624,256,0,0,0,0,0,0,0,0,0,0,0,0,0.0,0
malware,0caab068b9fdc098cd3d482d7dd002024d918a226e776eeb2fd3731a2f3a2cec.exe,data\raw\malware\0caab068b9fdc098cd3d482d7dd002024d918a226e776eeb2fd3731a2f3a2cec.exe,364032,68,1,0,0,0,0.014705882352941176,executable,1,0,0,0,0,1,1,0,0,0,7,7.9083037307847075,4.566941806633757,0.3529387526371308,0.04087552742616034,256,0,0,0,0,0,0,0,0,0,0,0,0,0.0,0
malware,0caf8a5c14107b91d13b9f87a5901ad7d3bf562ca7062319c25da0eb637ea474.exe,data\raw\malware\0caf8a5c14107b91d13b9f87a5901ad7d3bf562ca7062319c25da0eb637ea474.exe,421888,68,1,0,0,0,0.014705882352941176,executable,1,0,0,0,0,1,1,0,0,0,7,7.663935780243329,0.6701670425632172,0.33361934921116504,0.09600178246359223,256,0,0,0,0,0,0,0,0,0,0,0,0,0.0,0
malware,0cb17078bb20234b689836ff48c147ebcdf4abc3fe82e42ba51454fe1cb4a1e5.exe,data\raw\malware\0cb17078bb20234b689836ff48c147ebcdf4abc3fe82e42ba51454fe1cb4a1e5.exe,39424,68,1,0,0,0,0.014705882352941176,executable,1,0,0,0,0,1,1,0,0,0,0,5.6050079990759825,4.4058754191037774,0.21380377435064934,0.3411881087662338,256,0,0,0,0,0,0,0,0,0,0,0,0,0.0,0
malware,0cb399f1560ec4843f7131044d96ea0b861878798596b0418ec7816b2caacc8a.ole,data\raw\malware\0cb399f1560ec4843f7131044d96ea0b861878798596b0418ec7816b2caacc8a.ole,159151,68,0,0,0,0,0.014705882352941176,unknown,0,0,0,0,1,0,0,0,0,0,6,5.746556853274223,1.648056338126978,0.34780805649980207,0.3609088224390673,256,1,0,3,0,0,0,3,3,0,0,0,0,0.0,0
malware,0cbcb57fca988f97bd3471fa9fe2e1391027c9d2c5c3a903b48cc948e243f22d.exe,data\raw\malware\0cbcb57fca988f97bd3471fa9fe2e1391027c9d2c5c3a903b48cc948e243f22d.exe,405504,68,1,0,0,0,0.014705882352941176,executable,1,0,0,0,0,1,1,0,0,0,4,7.68207827708492,0.6689600988895832,0.3336218631628788,0.0941149779040404,256,0,0,0,0,0,0,0,0,0,0,0,0,0.0,0
malware,0cc9db8c027d7a0d4b4012db214a93c7be6a3ea20768106e7b30a9e71109022a.exe,data\raw\malware\0cc9db8c027d7a0d4b4012db214a93c7be6a3ea20768106e7b30a9e71109022a.exe,117760,68,1,0,0,0,0.014705882352941176,executable,1,0,0,0,0,1,1,0,0,0,1,7.715115217816835,5.750468311576973,0.36670346467391307,0.06837635869565217,256,0,0,1,0,0,0,1,1,0,0,0,0,0.0,0
malware,0ccdac88c5d150d26dd701b7e83bade9aa48449abb0c91d72a0bc5c9a7006665.exe,data\raw\malware\0ccdac88c5d150d26dd701b7e83bade9aa48449abb0c91d72a0bc5c9a7006665.exe,286744,68,1,0,0,0,0.014705882352941176,executable,1,0,0,0,0,1,1,0,0,0,4,7.63435380539692,4.9813380513047685,0.3895251513545183,0.06661342521552326,256,0,0,0,0,0,0,0,0,0,0,0,0,0.0,0
malware,0ccf3374769f79a0cd4dfc7bc9092afff1ae782d7ffde67e8c6bdc10bdc0c8eb.exe,data\raw\malware\0ccf3374769f79a0cd4dfc7bc9092afff1ae782d7ffde67e8c6bdc10bdc0c8eb.exe,504320,68,1,0,0,0,0.014705882352941176,executable,1,0,0,0,0,1,1,0,0,0,5,6.617912103016161,4.582222750133577,0.2679588356598985,0.2773259041878173,256,0,0,0,0,0,0,0,0,0,0,0,0,0.0,0
malware,0cd16826824ddda12fbe9fb16cce8ac923ab759729128226a749a7281117b62e.exe,data\raw\malware\0cd16826824ddda12fbe9fb16cce8ac923ab759729128226a749a7281117b62e.exe,117760,68,1,0,0,0,0.014705882352941176,executable,1,0,0,0,0,1,1,0,0,0,1,7.718248728795107,5.755833770293959,0.3671280570652174,0.06734884510869565,256,0,0,1,0,0,0,1,1,0,0,0,0,0.0,0
malware,0cd22a1429e137241ca86685d91b22240b01c11b8e39978d5049928313bb2797.exe,data\raw\malware\0cd22a1429e137241ca86685d91b22240b01c11b8e39978d5049928313bb2797.exe,376832,68,1,0,0,0,0.014705882352941176,executable,1,0,0,0,0,1,1,0,0,0,7,7.877388528696679,4.590034793519262,0.35373588230298914,0.04820981233016304,256,0,0,0,0,0,0,0,0,0,0,0,0,0.0,0
malware,0cd5c75fcbcb959ca8bd14fb32cb62fd708c72187ba8c39a70e71e05fdd95970.exe,data\raw\malware\0cd5c75fcbcb959ca8bd14fb32cb62fd708c72187ba8c39a70e71e05fdd95970.exe,140840,68,1,0,0,0,0.014705882352941176,executable,1,0,0,0,0,1,1,0,0,0,1,6.870959671468093,5.579225352417175,0.33502556092019314,0.20086623118432265,256,1,2,0,0,0,0,0,0,0,0,0,0,0.0,0
malware,0cd8f5d4b00421df86872956bee33acc3b91a3a79bf6b44d57aac62132558371.exe,data\raw\malware\0cd8f5d4b00421df86872956bee33acc3b91a3a79bf6b44d57aac62132558371.exe,117760,68,1,0,0,0,0.014705882352941176,executable,1,0,0,0,0,1,1,0,0,0,1,7.714961295035535,5.750468311576973,0.3667374320652174,0.06833389945652174,256,0,0,1,0,0,0,1,1,0,0,0,0,0.0,0
malware,0cdc2fdc853877a98d8aa40d8f4aa1d14d143b48967fb35214782117ecbcd6ea.exe,data\raw\malware\0cdc2fdc853877a98d8aa40d8f4aa1d14d143b48967fb35214782117ecbcd6ea.exe,458752,68,1,0,0,0,0.014705882352941176,executable,1,0,0,0,0,1,1,0,0,0,9,7.459472481546945,0.6984780332895375,0.318328857421875,0.13257707868303573,256,0,0,0,0,0,0,0,0,0,0,0,0,0.0,0
malware,0cdd361ac344807e181a3f88bb2960881827104489c436eb1c51a44a95a17ff3.exe,data\raw\malware\0cdd361ac344807e181a3f88bb2960881827104489c436eb1c51a44a95a17ff3.exe,128697,68,1,0,0,0,0.014705882352941176,executable,1,0,0,0,0,1,1,0,0,0,4,7.736322400505917,4.190402270334263,0.35592904263502645,0.07044453250658524,256,0,0,1,0,0,0,1,1,0,0,0,0,0.0,0
malware,0ce691ae2caab090785a0378e42e72fb8c1b6e129c8b3f50e32462295cf128e3.ole,data\raw\malware\0ce691ae2caab090785a0378e42e72fb8c1b6e129c8b3f50e32462295cf128e3.ole,137447,68,0,0,0,0,0.014705882352941176,unknown,0,0,0,0,1,0,0,0,0,0,6,5.934390880898793,3.421290367319551,0.3272606895748907,0.3255945928248707,256,1,0,0,0,0,0,0,0,0,0,0,0,0.0,0
malware,0ce7540a1afd2ad3ddd58e8deb486a9b7ddd4f3bf8acf8a8ec9c0ac430ba677a.exe,data\raw\malware\0ce7540a1afd2ad3ddd58e8deb486a9b7ddd4f3bf8acf8a8ec9c0ac430ba677a.exe,438272,68,1,0,0,0,0.014705882352941176,executable,1,0,0,0,0,1,1,0,0,0,2,7.907918741766686,5.7528093716855055,0.35442830023364486,0.02622572283878505,256,0,1,1,0,0,0,1,1,0,0,0,0,0.0,0
malware,0ceaf98898bcb90b5443012b3b9be64012f342c7793e3dd7b94aea4b9a58c243.exe,data\raw\malware\0ceaf98898bcb90b5443012b3b9be64012f342c7793e3dd7b94aea4b9a58c243.exe,211456,68,1,0,0,0,0.014705882352941176,executable,1,0,0,0,0,1,1,0,0,0,6,7.124272416934436,6.790975878589686,0.3151577633171913,0.19211561743341404,256,0,0,1,1,0,0,1,2,0,0,0,0,0.0,0
malware,0cec760f61cb1e4c2a7a89ef80be5d45420066c0a338e222482de9522a26a2e6.exe,data\raw\malware\0cec760f61cb1e4c2a7a89ef80be5d45420066c0a338e222482de9522a26a2e6.exe,378880,68,1,0,0,0,0.014705882352941176,executable,1,0,0,0,0,1,1,0,0,0,2,7.879810759911759,4.495832893673712,0.3491078969594595,0.04578758445945946,256,0,0,0,0,0,0,0,0,0,0,0,0,0.0,0
malware,0cf3090bf0a4e0de658b861c995829c7b2231f714f4c680f1c97590e79bc7f94.exe,data\raw\malware\0cf3090bf0a4e0de658b861c995829c7b2231f714f4c680f1c97590e79bc7f94.exe,356352,68,1,0,0,0,0.014705882352941176,executable,1,0,0,0,0,1,1,0,0,0,7,7.73311948679695,0.6561740062672524,0.3379804238505747,0.07924187320402298,256,0,0,0,0,0,0,0,0,0,0,0,0,0.0,0
malware,0cf55a0f415cf2e26631366709dbfbff3d6b5beeb8fbcd6d92b8768592d19970.exe,data\raw\malware\0cf55a0f415cf2e26631366709dbfbff3d6b5beeb8fbcd6d92b8768592d19970.exe,110176,68,1,0,0,0,0.014705882352941176,executable,1,0,0,0,0,1,1,0,0,0,2,6.995544882787308,5.453758293449887,0.32360949753122276,0.18718232645948302,256,0,0,0,0,0,0,0,0,0,0,0,0,0.0,0
malware,0cf59450f4af8123dc62d34cb387c1f4bcc5a3c38cd4c966acbd7552574d9fc8.ole,data\raw\malware\0cf59450f4af8123dc62d34cb387c1f4bcc5a3c38cd4c966acbd7552574d9fc8.ole,136952,68,0,0,0,0,0.014705882352941176,unknown,0,0,0,0,1,0,0,0,0,0,6,5.933769522723714,3.421290367319551,0.32485104270109233,0.32677872539283837,256,1,0,0,0,0,0,0,0,0,0,0,0,0.0,0
malware,0cfd48d659357dfe98c08ed94a2aea6daf06a9bf7c06c092d529055fb592c179.ole,data\raw\malware\0cfd48d659357dfe98c08ed94a2aea6daf06a9bf7c06c092d529055fb592c179.ole,157252,68,0,0,0,0,0.014705882352941176,unknown,0,0,0,0,1,0,0,0,0,0,6,5.768466884133067,1.6197459551897646,0.3453755755093735,0.36007173199704934,256,1,0,3,0,0,0,3,3,0,0,0,0,0.0,0
malware,0d00464eca16397eb1de99824ed4bcc29883af8e660b4b454d634064794b0292.exe,data\raw\malware\0d00464eca16397eb1de99824ed4bcc29883af8e660b4b454d634064794b0292.exe,463872,68,1,0,0,0,0.014705882352941176,executable,1,0,0,0,0,1,1,0,0,0,6,7.870956633239338,6.0751867850258,0.34947140590507725,0.042203452676600445,256,0,0,0,0,0,0,0,0,0,0,0,0,0.0,0
malware,0d027177cc8410e0f20b78c952e3f3147f754d9045727a0b3970bf0cd27a87e3.exe,data\raw\malware\0d027177cc8410e0f20b78c952e3f3147f754d9045727a0b3970bf0cd27a87e3.exe,195232,68,1,0,0,0,0.014705882352941176,executable,1,0,0,0,0,1,1,0,0,0,1,4.924855548885385,5.038242424533641,0.20323512538928046,0.4967730699885265,256,0,0,4,0,0,0,4,4,0,0,0,0,0.0,0
malware,0d02c98ad01532b5e4cfc139dc7abaf912d4f58a90576f99b9e46ae6638bc5ee.ole,data\raw\malware\0d02c98ad01532b5e4cfc139dc7abaf912d4f58a90576f99b9e46ae6638bc5ee.ole,155758,68,0,0,0,0,0.014705882352941176,unknown,0,0,0,0,1,0,0,0,0,0,6,5.7973954870602915,1.6271288817790095,0.34466929467507285,0.35641186969529653,256,1,0,3,0,0,0,3,3,0,0,0,0,0.0,0
malware,0d03a769eb60d885882b834ddd84cc95d6194f91253998018f25169605161758.ole,data\raw\malware\0d03a769eb60d885882b834ddd84cc95d6194f91253998018f25169605161758.ole,156137,68,0,0,0,0,0.014705882352941176,unknown,0,0,0,0,1,0,0,0,0,0,6,5.825738699775071,1.610000346744518,0.3441336774755503,0.3533115148875667,256,1,0,3,0,0,0,3,3,0,0,0,0,0.0,0
malware,0d03f045d1f402dc3028be1b60df0bbd0ccd638b74a991c9aa5a78ca6e3720a8.exe,data\raw\malware\0d03f045d1f402dc3028be1b60df0bbd0ccd638b74a991c9aa5a78ca6e3720a8.exe,208896,68,1,0,0,0,0.014705882352941176,executable,1,0,0,0,0,1,1,0,0,0,1,6.162458721391115,0.9464571488240296,0.28513231464460786,0.24692191329656862,256,0,0,1,0,0,0,1,1,0,0,0,0,0.0,0
malware,0d0534410d8e2bc91f769ff7747893d1f3918be32ef45aafb79f2ab4007abe7d.exe,data\raw\malware\0d0534410d8e2bc91f769ff7747893d1f3918be32ef45aafb79f2ab4007abe7d.exe,425984,68,1,0,0,0,0.014705882352941176,executable,1,0,0,0,0,1,1,0,0,0,4,7.765441959312781,0.694511696732923,0.33844698392427885,0.06833120492788461,256,0,0,0,0,0,0,0,0,0,0,0,0,0.0,0
malware,0d05dd18608b5e67e89cd5c7cba41f47e7094084294b33950992871764e43321.ole,data\raw\malware\0d05dd18608b5e67e89cd5c7cba41f47e7094084294b33950992871764e43321.ole,238847,68,0,0,0,0,0.014705882352941176,unknown,0,0,0,0,1,0,0,0,0,0,11,6.769332071453221,1.6604477401757731,0.340284784820408,0.2349495702269654,256,1,0,0,0,0,0,0,0,0,0,0,0,0.0,0
malware,0d0fb2b76ee1eb84a35cf42a2d9b4feea9f752ef8efc72087230b91b95a952af.exe,data\raw\malware\0d0fb2b76ee1eb84a35cf42a2d9b4feea9f752ef8efc72087230b91b95a952af.exe,413696,68,1,0,0,0,0.014705882352941176,executable,1,0,0,0,0,1,1,0,0,0,4,7.8083297720542735,0.6972759449979898,0.34301516089108913,0.05914729656559406,256,0,0,0,0,0,0,0,0,0,0,0,0,0.0,0
malware,0d11c40116809d7259323c57415f6f84dd2b1f278b02fb46a92fd305d78af42d.exe,data\raw\malware\0d11c40116809d7259323c57415f6f84dd2b1f278b02fb46a92fd305d78af42d.exe,503808,68,1,0,0,0,0.014705882352941176,executable,1,0,0,0,0,1,1,0,0,0,12,6.834429530759703,0.6869356521918348,0.28038459095528456,0.24433315866361788,256,0,0,0,0,0,0,0,0,0,0,0,0,0.0,0
malware,0d12b5e9f5f5999ef15565f91ef3a2e631ca0a35c8747a808a542b2a8d8100b2.ole,data\raw\malware\0d12b5e9f5f5999ef15565f91ef3a2e631ca0a35c8747a808a542b2a8d8100b2.ole,239095,68,0,0,0,0,0.014705882352941176,unknown,0,0,0,0,1,0,0,0,0,0,11,6.7692426121712606,1.6604477401757731,0.340973253309354,0.23470168761371002,256,1,0,0,0,0,0,0,0,0,0,0,0,0.0,0
malware,0d148c6d99c3f7d8215c13481e22455d86ef6e1de08e0041a2a517eff8f07a85.exe,data\raw\malware\0d148c6d99c3f7d8215c13481e22455d86ef6e1de08e0041a2a517eff8f07a85.exe,195232,68,1,0,0,0,0.014705882352941176,executable,1,0,0,0,0,1,1,0,0,0,0,4.925620820270235,5.052975904401989,0.20329659072283232,0.49661940665464677,256,0,0,4,0,0,0,4,4,0,0,0,0,0.0,0
malware,0d1cb5007883e88674d6afe6d30ff80448135aab34d9abf5b13cfa38e0ec56be.exe,data\raw\malware\0d1cb5007883e88674d6afe6d30ff80448135aab34d9abf5b13cfa38e0ec56be.exe,206336,68,1,0,0,0,0.014705882352941176,executable,1,0,0,0,0,1,1,0,0,0,1,6.881066451264983,6.011334654889302,0.40122906327543423,0.053151170905707194,256,0,0,4,0,0,0,4,4,0,0,0,0,0.0,0
malware,0d2d39b11b4010d9154e36d6238617c4b6aed3b8086c3a10e549a1db1c16875f.ole,data\raw\malware\0d2d39b11b4010d9154e36d6238617c4b6aed3b8086c3a10e549a1db1c16875f.ole,158355,68,0,0,0,0,0.014705882352941176,unknown,0,0,0,0,1,0,0,0,0,0,6,5.787963614858341,1.6516110533450323,0.34287518550093143,0.3584414764295412,256,1,0,3,0,0,0,3,3,0,0,0,0,0.0,0
malware,0d2fd85092c9c13f0f77d5678a5f9b62dcfee0f5d3738ffea26a86d7d6672644.exe,data\raw\malware\0d2fd85092c9c13f0f77d5678a5f9b62dcfee0f5d3738ffea26a86d7d6672644.exe,393216,68,1,0,0,0,0.014705882352941176,executable,1,0,0,0,0,1,1,0,0,0,6,7.72998654109879,0.6566880362438449,0.34039052327473956,0.08484649658203125,256,0,0,0,0,0,0,0,0,0,0,0,0,0.0,0
malware,0d340473229cfce3547ebb24d01077f2a8618eff84c23d917fd8e3b79412925e.ole,data\raw\malware\0d340473229cfce3547ebb24d01077f2a8618eff84c23d917fd8e3b79412925e.ole,136680,68,0,0,0,0,0.014705882352941176,unknown,0,0,0,0,1,0,0,0,0,0,6,5.919649639911994,3.419423780267281,0.3235001463271876,0.32927275387767047,256,1,0,0,0,0,0,0,0,0,0,0,0,0.0,0
malware,0d3465f8f227108fdc7caadec5319a2f0b0309acaf36286e782a5dd70ba7105f.ole,data\raw\malware\0d3465f8f227108fdc7caadec5319a2f0b0309acaf36286e782a5dd70ba7105f.ole,238973,68,0,0,0,0,0.014705882352941176,unknown,0,0,0,0,1,0,0,0,0,0,11,6.769631863141831,1.6604477401757731,0.34069957693965425,0.2347712921543438,256,1,0,0,0,0,0,0,0,0,0,0,0,0.0,0
malware,0d40d0b361f1f95c7b3465734d510bcc1de20976da909a7b535cc338b63f5979.exe,data\raw\malware\0d40d0b361f1f95c7b3465734d510bcc1de20976da909a7b535cc338b63f5979.exe,471040,68,1,0,0,0,0.014705882352941176,executable,1,0,0,0,0,1,1,0,0,0,2,7.046640742245293,0.9364960685156861,0.3429496433423913,0.13627717391304348,256,0,0,1,0,0,0,1,1,0,0,0,0,0.0,0
malware,0d47722f675e4a08398ebdcc750ade6c6b32c44acdf74769642b32a57d1675b5.exe,data\raw\malware\0d47722f675e4a08398ebdcc750ade6c6b32c44acdf74769642b32a57d1675b5.exe,164864,68,1,0,0,0,0.014705882352941176,executable,1,0,0,0,0,1,1,0,0,0,2,7.859150042418494,6.600864976583189,0.3568759704968944,0.042811044254658384,256,0,0,1,0,0,0,1,1,0,0,0,0,0.0,0
malware,0d4873d7e0566fc69a357547e627d1955f6ed3c90d7b3f1aa7b417c9320dbdd1.ole,data\raw\malware\0d4873d7e0566fc69a357547e627d1955f6ed3c90d7b3f1aa7b417c9320dbdd1.ole,160718,68,0,0,0,0,0.014705882352941176,unknown,0,0,0,0,1,0,0,0,0,0,6,5.778849691943479,1.6870839884175763,0.34889682549558854,0.3564939832501649,256,1,0,3,0,0,0,3,3,0,0,0,0,0.0,0
malware,0d4d408654a06316414c3b956560e96e21905e3828db46dcaad998f065e5809c.exe,data\raw\malware\0d4d408654a06316414c3b956560e96e21905e3828db46dcaad998f065e5809c.exe,391168,68,1,0,0,0,0.014705882352941176,executable,1,0,0,0,0,1,1,0,0,0,5,7.841797195727956,4.589696863309045,0.3456571089659686,0.05422478321335079,256,0,0,0,0,0,0,0,0,0,0,0,0,0.0,0
malware,0d4d63849cf5d4820e8bc0fd58c30514a0b86a967c1a9e00be17ac5c9b28688d.exe,data\raw\malware\0d4d63849cf5d4820e8bc0fd58c30514a0b86a967c1a9e00be17ac5c9b28688d.exe,413696,68,1,0,0,0,0.014705882352941176,executable,1,0,0,0,0,1,1,0,0,0,5,7.672323975561109,0.6601077473333207,0.33191038830445546,0.09638478496287128,256,0,0,0,0,0,0,0,0,0,0,0,0,0.0,0
malware,0d55f8746e9bdb0b2805626e5a490a55fbf1f7e0fabe7da0916171e39d06961a.ole,data\raw\malware\0d55f8746e9bdb0b2805626e5a490a55fbf1f7e0fabe7da0916171e39d06961a.ole,189879,68,0,0,0,0,0.014705882352941176,unknown,0,0,0,0,1,0,0,0,0,0,9,6.026621251120363,1.64811209317185,0.34984384792420437,0.3324959579521695,256,1,0,3,0,0,0,3,3,0,0,0,0,0.0,0
malware,0d56d83ccd3717e21b20cc8432903aca25a4f2970bafb658b12d75f1c18adc70.exe,data\raw\malware\0d56d83ccd3717e21b20cc8432903aca25a4f2970bafb658b12d75f1c18adc70.exe,208896,68,1,0,0,0,0.014705882352941176,executable,1,0,0,0,0,1,1,0,0,0,1,6.180445668420594,0.9583843264644891,0.28577378216911764,0.24464326746323528,256,0,0,1,0,0,0,1,1,0,0,0,0,0.0,0
malware,0d58628cbbaa2ab859b6ae8dd197c48247225dc496780c0b18dc233b6821dc56.exe,data\raw\malware\0d58628cbbaa2ab859b6ae8dd197c48247225dc496780c0b18dc233b6821dc56.exe,434176,68,1,0,0,0,0.014705882352941176,executable,1,0,0,0,0,1,1,0,0,0,4,7.519377563533609,0.6588056691654528,0.32356463738207547,0.12486871683372641,256,0,0,0,0,0,0,0,0,0,0,0,0,0.0,0
malware,0d58d4c64dd86c34cbf59c528f5b4c9120dc94431dc1019449b6b25dfd02721f.exe,data\raw\malware\0d58d4c64dd86c34cbf59c528f5b4c9120dc94431dc1019449b6b25dfd02721f.exe,430080,68,1,0,0,0,0.014705882352941176,executable,1,0,0,0,0,1,1,0,0,0,11,7.655165235282256,0.7023553703667674,0.33309151785714286,0.09391043526785714,256,0,0,0,0,0,0,0,0,0,0,0,0,0.0,0
malware,0d5db9a50f420df283c2401bcdfb5204d70088daa88cd2bba5eae86c3e1ad78a.exe,data\raw\malware\0d5db9a50f420df283c2401bcdfb5204d70088daa88cd2bba5eae86c3e1ad78a.exe,131168,68,1,0,0,0,0.014705882352941176,executable,1,0,0,0,0,1,1,0,0,0,2,6.8546652077382495,5.295683819096872,0.29283819224201024,0.19046566235667237,256,1,2,0,0,0,0,0,0,0,0,0,0,0.0,0
malware,0d60fd3c60febe477be23573143396da6b7b8e7b92f46fdc50aec7b8b382e1a0.exe,data\raw\malware\0d60fd3c60febe477be23573143396da6b7b8e7b92f46fdc50aec7b8b382e1a0.exe,356352,68,1,0,0,0,0.014705882352941176,executable,1,0,0,0,0,1,1,0,0,0,6,7.725453396166756,0.6891919168437094,0.33561759159482757,0.08037277747844827,256,0,0,0,0,0,0,0,0,0,0,0,0,0.0,0
malware,0d69dac909eef1f5016f6ca5bf37d384102ca08cbfd409825389b4aada929c8e.exe,data\raw\malware\0d69dac909eef1f5016f6ca5bf37d384102ca08cbfd409825389b4aada929c8e.exe,417792,68,1,0,0,0,0.014705882352941176,executable,1,0,0,0,0,1,1,0,0,0,8,7.76750077324556,0.7094192590118326,0.3414905024509804,0.0685723996629902,256,0,0,0,0,0,0,0,0,0,0,0,0,0.0,0
malware,0d6f3a614088ad2985628f2bc09e90e533c4a2357dcf5849fafc481c0618e108.exe,data\raw\malware\0d6f3a614088ad2985628f2bc09e90e533c4a2357dcf5849fafc481c0618e108.exe,442368,68,1,0,0,0,0.014705882352941176,executable,1,0,0,0,0,1,1,0,0,0,5,7.626977513915771,0.6985228853777969,0.3308241102430556,0.0980495876736111,256,0,0,0,0,0,0,0,0,0,0,0,0,0.0,0
malware,0d77677df6f5922f91d889d6a1b2c375b2b6cf1458a66d58c06c1fbc23620f0f.exe,data\raw\malware\0d77677df6f5922f91d889d6a1b2c375b2b6cf1458a66d58c06c1fbc23620f0f.exe,122848,68,1,0,0,0,0.014705882352941176,executable,1,0,0,0,0,1,1,0,0,0,1,6.703620664740997,4.306604716069947,0.2608752279239385,0.10895578275592602,256,0,0,0,0,0,0,0,0,0,0,0,0,0.0,0
malware,0d7f9a2daa3ce1ff75b726e758d99d622ac6e4c77ec216fc90853c356734dc76.exe,data\raw\malware\0d7f9a2daa3ce1ff75b726e758d99d622ac6e4c77ec216fc90853c356734dc76.exe,284184,68,1,0,0,0,0.014705882352941176,executable,1,0,0,0,0,1,1,0,0,0,4,7.639001794665882,5.015530069008716,0.3870837204064972,0.0656898347549475,256,0,0,0,0,0,0,0,0,0,0,0,0,0.0,0
malware,0d8454f76403e10ef7343c675d06ee5cd25405d62969009443a13e3b8a9eb397.exe,data\raw\malware\0d8454f76403e10ef7343c675d06ee5cd25405d62969009443a13e3b8a9eb397.exe,405504,68,1,0,0,0,0.014705882352941176,executable,1,0,0,0,0,1,1,0,0,0,2,7.331276885277401,0.6701617567332763,0.31494140625,0.16212663746843434,256,0,0,0,0,0,0,0,0,0,0,0,0,0.0,0
malware,0d84e593ad8e1dd41bef3e64b05ad4cc39d61da41308a29143dc2b0447ee3386.exe,data\raw\malware\0d84e593ad8e1dd41bef3e64b05ad4cc39d61da41308a29143dc2b0447ee3386.exe,208896,68,1,0,0,0,0.014705882352941176,executable,1,0,0,0,0,1,1,0,0,0,1,6.441059593024429,0.9037575607359648,0.3114037607230392,0.20456590839460784,256,0,0,1,0,0,0,1,1,0,0,0,0,0.0,0
malware,0d872458d3769d89f034a865b13b4ecddfb4abb4e59c56dcaf53342884bb10a8.exe,data\raw\malware\0d872458d3769d89f034a865b13b4ecddfb4abb4e59c56dcaf53342884bb10a8.exe,142432,68,1,0,0,0,0.014705882352941176,executable,1,0,0,0,0,1,1,0,0,0,1,6.0684730384281025,5.1571794309288395,0.2727547180408897,0.33505813300381937,256,0,0,0,0,0,0,0,0,0,0,0,0,0.0,0
malware,0d95189a9386e77cde13fa553a8214e7f15d39d7e40a1e9204c3730677b5c48d.exe,data\raw\malware\0d95189a9386e77cde13fa553a8214e7f15d39d7e40a1e9204c3730677b5c48d.exe,165024,68,1,0,0,0,0.014705882352941176,executable,1,0,0,0,0,1,1,0,0,0,0,5.617627538881277,5.034594727448241,0.24289800271475664,0.4043654256350591,256,0,0,4,0,0,0,4,4,0,0,0,0,0.0,0
malware,0d98e2b2f8be68dc81bddc7c705ae2b25f5697748c35a665ed76b5e4f367c51b.exe,data\raw\malware\0d98e2b2f8be68dc81bddc7c705ae2b25f5697748c35a665ed76b5e4f367c51b.exe,433664,68,1,0,0,0,0.014705882352941176,executable,1,0,0,0,0,1,1,0,0,0,6,7.8733927153265295,6.091532399988187,0.35094681596812277,0.04032615112160567,256,0,0,0,0,0,0,0,0,0,0,0,0,0.0,0
malware,0da13afdf6874dbbe9976b537148614508967586ef7b92f50be2afd7f8b90d78.exe,data\raw\malware\0da13afdf6874dbbe9976b537148614508967586ef7b92f50be2afd7f8b90d78.exe,208896,68,1,0,0,0,0.014705882352941176,executable,1,0,0,0,0,1,1,0,0,0,1,6.389174967092645,0.9553906940074991,0.30874693627450983,0.21340284160539216,256,0,0,1,0,0,0,1,1,0,0,0,0,0.0,0
malware,0da918ebd5cddc56c27be719b4da8eac17265e068699b036aaa24c9a37cc7376.exe,data\raw\malware\0da918ebd5cddc56c27be719b4da8eac17265e068699b036aaa24c9a37cc7376.exe,172032,68,1,0,0,0,0.014705882352941176,executable,1,0,0,0,0,1,1,0,0,0,2,7.795838287356828,5.110889825390183,0.35105678013392855,0.059948149181547616,256,0,0,1,0,0,0,1,1,0,0,0,0,0.0,0
malware,0dab267bbf44aee7106c7b2d128536748cf87b674e6f4d76ce478df263fb4565.exe,data\raw\malware\0dab267bbf44aee7106c7b2d128536748cf87b674e6f4d76ce478df263fb4565.exe,417792,68,1,0,0,0,0.014705882352941176,executable,1,0,0,0,0,1,1,0,0,0,7,7.772852721156384,0.7048075190518441,0.3405905330882353,0.06787827435661764,256,0,0,0,0,0,0,0,0,0,0,0,0,0.0,0
malware,0db4eb9bd85f7037e5949622f3bd73d2d62b21212b790c4116264f9ea92176e0.exe,data\raw\malware\0db4eb9bd85f7037e5949622f3bd73d2d62b21212b790c4116264f9ea92176e0.exe,313384,68,1,0,0,0,0.014705882352941176,executable,1,0,0,0,0,1,1,0,0,0,1,7.4832787318545035,4.889267370763188,0.35466711765757025,0.09825645214816328,256,1,2,0,1,0,0,0,1,0,0,0,0,0.0,0
malware,0db5f8d914e43863feb97b598b9d216663ef184121d7d2fedee37f04325c1dfb.ole,data\raw\malware\0db5f8d914e43863feb97b598b9d216663ef184121d7d2fedee37f04325c1dfb.ole,168350,68,0,0,0,0,0.014705882352941176,unknown,0,0,0,0,1,0,0,0,0,0,13,5.753123478835228,1.5728037756193889,0.35382239382239383,0.35834273834273833,256,1,0,3,0,0,0,3,3,0,0,0,0,0.0,0
malware,0dc3107f3d9c89a466222193d0af0905da9c4121f31c2d489cf620db62961bdf.exe,data\raw\malware\0dc3107f3d9c89a466222193d0af0905da9c4121f31c2d489cf620db62961bdf.exe,464384,68,1,0,0,0,0.014705882352941176,executable,1,0,0,0,0,1,1,0,0,0,4,7.870761096070348,6.103199716666259,0.34972781146637266,0.04257683296582139,256,0,0,0,0,0,0,0,0,0,0,0,0,0.0,0
malware,0dc51879fdb5cd6c9e2becceee60ccd64200518cd105e4b393714623eb904b1d.exe,data\raw\malware\0dc51879fdb5cd6c9e2becceee60ccd64200518cd105e4b393714623eb904b1d.exe,146944,68,1,0,0,0,0.014705882352941176,executable,1,0,0,0,0,1,1,0,0,0,2,6.340059107526347,4.870151099630109,0.21223050958188153,0.16540995209059234,256,0,0,1,0,0,0,1,1,0,0,0,0,0.0,0
malware,0ddf19fe8dfd79d191d17df9c93a7fd6e84aa80db5f2cd932ca4b0778e4f0281.exe,data\raw\malware\0ddf19fe8dfd79d191d17df9c93a7fd6e84aa80db5f2cd932ca4b0778e4f0281.exe,136288,68,1,0,0,0,0.014705882352941176,executable,1,0,0,0,0,1,1,0,0,0,1,6.854958713030957,5.682679011422719,0.33087285747828127,0.2000102723644048,256,1,2,0,0,0,0,0,0,0,0,0,0,0.0,0
malware,0de17fd2a09be217c250788c6d976727ab2bcd080c954ba28d6f7f22429104be.exe,data\raw\malware\0de17fd2a09be217c250788c6d976727ab2bcd080c954ba28d6f7f22429104be.exe,434176,68,1,0,0,0,0.014705882352941176,executable,1,0,0,0,0,1,1,0,0,0,6,7.871474045956641,6.098190925936318,0.35086692954009435,0.0410755085495283,256,0,0,0,0,0,0,0,0,0,0,0,0,0.0,0
malware,0de383f74467ca98ed21fac7ad33226fa52fe8ffc856debe0b08fceb144823ce.exe,data\raw\malware\0de383f74467ca98ed21fac7ad33226fa52fe8ffc856debe0b08fceb144823ce.exe,401408,68,1,0,0,0,0.014705882352941176,executable,1,0,0,0,0,1,1,0,0,0,6,7.731792168946859,0.6666239300418502,0.3406608737244898,0.08307756696428571,256,0,0,0,0,0,0,0,0,0,0,0,0,0.0,0
malware,0de486e758ab3a42b8cf8fac0544cd138cac337db3c2688bf2e714089db683ad.ole,data\raw\malware\0de486e758ab3a42b8cf8fac0544cd138cac337db3c2688bf2e714089db683ad.ole,158569,68,0,0,0,0,0.014705882352941176,unknown,0,0,0,0,1,0,0,0,0,0,6,5.772082357384906,1.6197459551897646,0.3509071760558495,0.3569928548455247,256,1,0,3,0,0,0,3,3,0,0,0,0,0.0,0
malware,0df8b151f1594ce54fc4155a9adbf9d68b885320aef83691e8926c910cef08f1.exe,data\raw\malware\0df8b151f1594ce54fc4155a9adbf9d68b885320aef83691e8926c910cef08f1.exe,131168,68,1,0,0,0,0.014705882352941176,executable,1,0,0,0,0,1,1,0,0,0,2,6.854867810929294,5.296607657029374,0.2926704684069285,0.19046566235667237,256,1,2,0,0,0,0,0,0,0,0,0,0,0.0,0
malware,0e00ee21e8dfe001f0b7f29604074fb7537cd19ff6cfc3e4059987ea6977075f.exe,data\raw\malware\0e00ee21e8dfe001f0b7f29604074fb7537cd19ff6cfc3e4059987ea6977075f.exe,433664,68,1,0,0,0,0.014705882352941176,executable,1,0,0,0,0,1,1,0,0,0,6,7.873402451874556,6.091643473197457,0.3509514278335301,0.04032384518890201,256,0,0,0,0,0,0,0,0,0,0,0,0,0.0,0
malware,0e0113a078fd33fb96ec6f1d56810013488150f2358bea299eacc478be671a1a.exe,data\raw\malware\0e0113a078fd33fb96ec6f1d56810013488150f2358bea299eacc478be671a1a.exe,409600,68,1,0,0,0,0.014705882352941176,executable,1,0,0,0,0,1,1,0,0,0,7,7.213451894215086,0.7207493621880927,0.30416015625,0.1775244140625,256,0,0,0,0,0,0,0,0,0,0,0,0,0.0,0
malware,0e0cd0289609ad69be5a948fa1ff21e61b0b722908e20594be145bd8fc60b914.exe,data\raw\malware\0e0cd0289609ad69be5a948fa1ff21e61b0b722908e20594be145bd8fc60b914.exe,345088,68,1,0,0,0,0.014705882352941176,executable,1,0,0,0,0,1,1,0,0,0,113,7.847926806629917,3.2417429454703535,0.35136834662462907,0.05775628245548962,256,0,0,0,0,0,0,0,0,0,0,0,0,0.0,0
malware,0e150dad76dd6038b0b394244e97192077d9f9d4828ac1019494d4b43d1b6e28.exe,data\raw\malware\0e150dad76dd6038b0b394244e97192077d9f9d4828ac1019494d4b43d1b6e28.exe,117760,68,1,0,0,0,0.014705882352941176,executable,1,0,0,0,0,1,1,0,0,0,1,7.714951102105539,5.750468311576973,0.36672044836956524,0.06833389945652174,256,0,0,1,0,0,0,1,1,0,0,0,0,0.0,0
malware,0e153a054fe8adedbb397543e16bdf0b1752bf78d3477bb34e35ebc006324ea6.exe,data\raw\malware\0e153a054fe8adedbb397543e16bdf0b1752bf78d3477bb34e35ebc006324ea6.exe,405504,68,1,0,0,0,0.014705882352941176,executable,1,0,0,0,0,1,1,0,0,0,7,7.262760455330642,0.7242728493720598,0.3052842881944444,0.16916725852272727,256,0,0,0,0,0,0,0,0,0,0,0,0,0.0,0
malware,0e28b0a67bc3bc6acfa73e14d5ff8e9f0f93cc23fc1c9b217c50b98eaa269880.ole,data\raw\malware\0e28b0a67bc3bc6acfa73e14d5ff8e9f0f93cc23fc1c9b217c50b98eaa269880.ole,190449,68,0,0,0,0,0.014705882352941176,unknown,0,0,0,0,1,0,0,0,0,0,9,6.0279491329363335,1.64811209317185,0.35180547023087544,0.3315008217423037,256,1,0,3,0,0,0,3,3,0,0,0,0,0.0,0
malware,0e35e4979a9a583aabc3b137197a5df75f05a8b5cb8b54f4c803717e1b181aa0.exe,data\raw\malware\0e35e4979a9a583aabc3b137197a5df75f05a8b5cb8b54f4c803717e1b181aa0.exe,195072,68,1,0,0,0,0.014705882352941176,executable,1,0,0,0,0,1,1,0,0,0,3,7.533656253020963,6.9249654761921455,0.33814181430446194,0.11877665682414698,256,0,0,1,1,0,0,1,2,0,0,0,0,0.0,0
malware,0e397f72147a79cb6b37a4076edbcca05ec4c5cb9918b0da4ec262c0907cda34.exe,data\raw\malware\0e397f72147a79cb6b37a4076edbcca05ec4c5cb9918b0da4ec262c0907cda34.exe,446464,68,1,0,0,0,0.014705882352941176,executable,1,0,0,0,0,1,1,0,0,0,7,7.5863326528642,0.6988432116395056,0.328537127293578,0.10793927393922019,256,0,0,0,0,0,0,0,0,0,0,0,0,0.0,0
malware,0e48f7c00d8b3698d3aafc246c693d2388dd952004a2f7d46e3ef71a888fa395.exe,data\raw\malware\0e48f7c00d8b3698d3aafc246c693d2388dd952004a2f7d46e3ef71a888fa395.exe,393216,68,1,0,0,0,0.014705882352941176,executable,1,0,0,0,0,1,1,0,0,0,6,7.730970856352417,0.6572109145275549,0.34164174397786456,0.08463033040364583,256,0,0,0,0,0,0,0,0,0,0,0,0,0.0,0
malware,0e5147bcf9b4e04f056cb2fe0bb500fbb2b4d958034011156463c3879a43e049.exe,data\raw\malware\0e5147bcf9b4e04f056cb2fe0bb500fbb2b4d958034011156463c3879a43e049.exe,463360,68,1,0,0,0,0.014705882352941176,executable,1,0,0,0,0,1,1,0,0,0,5,7.8721828061147265,6.0641435974843345,0.35065176104972373,0.04209469958563536,256,0,0,0,0,0,0,0,0,0,0,0,0,0.0,0
malware,0e543d67435f462fed04e6074699d57b988e01fb3ba3bc6d3d89c46092758f3c.exe,data\raw\malware\0e543d67435f462fed04e6074699d57b988e01fb3ba3bc6d3d89c46092758f3c.exe,442368,68,1,0,0,0,0.014705882352941176,executable,1,0,0,0,0,1,1,0,0,0,11,7.605145972811137,0.725304764489161,0.3278492115162037,0.10304090711805555,256,0,0,0,0,0,0,0,0,0,0,0,0,0.0,0
malware,0e545292e1d2f7d0c21387e5bf043e02e4764f672bdc6a18b7d54f2172d3be07.exe,data\raw\malware\0e545292e1d2f7d0c21387e5bf043e02e4764f672bdc6a18b7d54f2172d3be07.exe,127968,68,1,0,0,0,0.014705882352941176,executable,1,0,0,0,0,1,1,0,0,0,1,6.689138828829047,5.153813446105649,0.26784039759939987,0.11726369092273069,256,0,0,0,0,0,0,0,0,0,0,0,0,0.0,0
malware,0e568d2b934a35bbd69e29c1239a3903ea756df0418a3850c8d3d3a4952e7042.exe,data\raw\malware\0e568d2b934a35bbd69e29c1239a3903ea756df0418a3850c8d3d3a4952e7042.exe,409600,68,1,0,0,0,0.014705882352941176,executable,1,0,0,0,0,1,1,0,0,0,4,7.6804591139964336,0.6813267658758031,0.3351708984375,0.0954541015625,256,0,0,0,0,0,0,0,0,0,0,0,0,0.0,0
malware,0e56a212452f8382cc59f8ea56838b188802b56853a868f03a610e633095cda6.ole,data\raw\malware\0e56a212452f8382cc59f8ea56838b188802b56853a868f03a610e633095cda6.ole,157152,68,0,0,0,0,0.014705882352941176,unknown,0,0,0,0,1,0,0,0,0,0,6,5.767983289697172,1.6197459551897646,0.34494629403380167,0.3602944919568316,256,1,0,3,0,0,0,3,3,0,0,0,0,0.0,0
malware,0e5834ac82157ec7967e37a0589293b9c6d458436a325d0a27a7cd4c81512c9f.exe,data\raw\malware\0e5834ac82157ec7967e37a0589293b9c6d458436a325d0a27a7cd4c81512c9f.exe,393216,68,1,0,0,0,0.014705882352941176,executable,1,0,0,0,0,1,1,0,0,0,7,7.845022550738149,0.6691288037592842,0.3475189208984375,0.055463155110677086,256,0,0,0,0,0,0,0,0,0,0,0,0,0.0,0
malware,0e6552ac4293fee527f13df550688f35b1712dae6a5cf6cf392dea5fdf9c7f9c.exe,data\raw\malware\0e6552ac4293fee527f13df550688f35b1712dae6a5cf6cf392dea5fdf9c7f9c.exe,436224,68,1,0,0,0,0.014705882352941176,executable,1,0,0,0,0,1,1,0,0,0,5,7.868843911330449,6.047483321221008,0.34930677816901406,0.041061473004694836,256,0,0,0,0,0,0,0,0,0,0,0,0,0.0,0
malware,0e6d900559c5c615a2f38fe823bce10228589513e04c7f20b32a28e15679d6df.exe,data\raw\malware\0e6d900559c5c615a2f38fe823bce10228589513e04c7f20b32a28e15679d6df.exe,183672,68,1,0,0,0,0.014705882352941176,executable,1,0,0,0,0,1,1,0,0,0,1,5.580385236887522,5.046374379842682,0.2288808310466484,0.40962694368221614,256,0,1,4,0,0,0,4,4,0,0,0,0,0.0,0
malware,0e6de178d605028fd6b155a3522d6178a87bae8a696fb003e8e5b1f71a227948.exe,data\raw\malware\0e6de178d605028fd6b155a3522d6178a87bae8a696fb003e8e5b1f71a227948.exe,173056,68,1,0,0,0,0.014705882352941176,executable,1,0,0,0,0,1,1,0,0,0,2,7.829130016846539,6.586160079051101,0.3609294101331361,0.05034208579881657,256,0,0,1,0,0,0,1,1,0,0,0,0,0.0,0
malware,0e7143673832dd7d36b8a9e12632519a3398842affa1dcfa8c7ada62b8fe92c9.ole,data\raw\malware\0e7143673832dd7d36b8a9e12632519a3398842affa1dcfa8c7ada62b8fe92c9.ole,238754,68,0,0,0,0,0.014705882352941176,unknown,0,0,0,0,1,0,0,0,0,0,11,6.769299344700037,1.6604477401757731,0.34001943422937414,0.2350536535513541,256,1,0,0,0,0,0,0,0,0,0,0,0,0.0,0
malware,0e76364cbee61d70bf88f249cb1955c372c66b733f48087544bd4654b5f36b79.exe,data\raw\malware\0e76364cbee61d70bf88f249cb1955c372c66b733f48087544bd4654b5f36b79.exe,356352,68,1,0,0,0,0.014705882352941176,executable,1,0,0,0,0,1,1,0,0,0,4,7.731702076421353,0.6891919168437094,0.33191619522270116,0.07938218390804598,256,0,0,0,0,0,0,0,0,0,0,0,0,0.0,0
malware,0e772ca402d25ff54acc1b573d983a898c09a4bc420018b568b4c9f73ad3c0cc.exe,data\raw\malware\0e772ca402d25ff54acc1b573d983a898c09a4bc420018b568b4c9f73ad3c0cc.exe,458752,68,1,0,0,0,0.014705882352941176,executable,1,0,0,0,0,1,1,0,0,0,1,7.464536541830484,0.6982937345829546,0.318450927734375,0.13203866141183035,256,0,0,0,0,0,0,0,0,0,0,0,0,0.0,0
malware,0e8078997390e53ec0f6e94ee705f1ae07e045a8c710e705450e1c1b0443339a.exe,data\raw\malware\0e8078997390e53ec0f6e94ee705f1ae07e045a8c710e705450e1c1b0443339a.exe,208896,68,1,0,0,0,0.014705882352941176,executable,1,0,0,0,0,1,1,0,0,0,1,6.182185548085481,0.9445397083988448,0.2863913143382353,0.24422200520833334,256,0,0,1,0,0,0,1,1,0,0,0,0,0.0,0
malware,0e80947db505a847ee1c9ed3098494e03e8d395d266730485beb99f2cf519b15.exe,data\raw\malware\0e80947db505a847ee1c9ed3098494e03e8d395d266730485beb99f2cf519b15.exe,378880,68,1,0,0,0,0.014705882352941176,executable,1,0,0,0,0,1,1,0,0,0,2,7.879979237652521,4.53593122554145,0.3490920608108108,0.04570576435810811,256,0,0,0,0,0,0,0,0,0,0,0,0,0.0,0
malware,0e83016a20e8795e492eaa0e25a58f977d5ac918c060ba41bf595bc28fcf9049.exe,data\raw\malware\0e83016a20e8795e492eaa0e25a58f977d5ac918c060ba41bf595bc28fcf9049.exe,430080,68,1,0,0,0,0.014705882352941176,executable,1,0,0,0,0,1,1,0,0,0,5,7.6603255725666966,0.6708755734189462,0.33250558035714284,0.09535667782738096,256,0,0,0,0,0,0,0,0,0,0,0,0,0.0,0
malware,0e852d62692222b2a1fd6049ba9dd566798764437935a7b94001f6ecc59fe4cb.exe,data\raw\malware\0e852d62692222b2a1fd6049ba9dd566798764437935a7b94001f6ecc59fe4cb.exe,409600,68,1,0,0,0,0.014705882352941176,executable,1,0,0,0,0,1,1,0,0,0,3,7.214161590218033,0.7237830903487885,0.3005029296875,0.17771728515625,256,0,0,0,0,0,0,0,0,0,0,0,0,0.0,0
malware,0e876ae536dc15efc9bc2b3d63117c43180eb6e6b5e2650ece69f64ac4113b80.exe,data\raw\malware\0e876ae536dc15efc9bc2b3d63117c43180eb6e6b5e2650ece69f64ac4113b80.exe,209920,68,1,0,0,0,0.014705882352941176,executable,1,0,0,0,0,1,1,0,0,0,2,7.185939505278949,6.640701859265617,0.3183212652439024,0.18158822408536585,256,0,0,0,0,0,0,0,0,0,0,0,0,0.0,0
malware,0e89d504ddc2715bbab72b509489d577c163182374ece025377a788dc85d2c92.exe,data\raw\malware\0e89d504ddc2715bbab72b509489d577c163182374ece025377a788dc85d2c92.exe,356352,68,1,0,0,0,0.014705882352941176,executable,1,0,0,0,0,1,1,0,0,0,5,7.726341496291867,0.6887036355937094,0.33533977640086204,0.08009496228448276,256,0,0,0,0,0,0,0,0,0,0,0,0,0.0,0
malware,0e8dc264df4bfbcf9c252ad891ab338ee4de53a6fd34ff375532cb999bff1d9a.exe,data\raw\malware\0e8dc264df4bfbcf9c252ad891ab338ee4de53a6fd34ff375532cb999bff1d9a.exe,148480,68,1,0,0,0,0.014705882352941176,executable,1,0,0,0,0,1,1,0,0,0,4,7.446292162276671,2.729751451756664,0.3571861530172414,0.11927532327586207,256,0,0,1,0,0,0,1,1,0,0,0,0,0.0,0
malware,0e8e7e60294cf2153440f71e11a12437079511220ae5a53341d93e534256a533.exe,data\raw\malware\0e8e7e60294cf2153440f71e11a12437079511220ae5a53341d93e534256a533.exe,373760,68,1,0,0,0,0.014705882352941176,executable,1,0,0,0,0,1,1,0,0,0,5,7.881616149423293,4.563207374487799,0.3568252354452055,0.047608090753424655,256,0,0,0,0,0,0,0,0,0,0,0,0,0.0,0
malware,0e8e9f0192523753cb234c4a8131fbc99d38e59de4a1514fdb89982130f487cc.ole,data\raw\malware\0e8e9f0192523753cb234c4a8131fbc99d38e59de4a1514fdb89982130f487cc.ole,156008,68,0,0,0,0,0.014705882352941176,unknown,0,0,0,0,1,0,0,0,0,0,6,5.798494542814145,1.6271288817790095,0.3457386800676888,0.35582790626121735,256,1,0,3,0,0,0,3,3,0,0,0,0,0.0,0
malware,0e905059579b00fd9698b5f557520dc0992873d42e855c9f9b15f028f6bc5c3d.exe,data\raw\malware\0e905059579b00fd9698b5f557520dc0992873d42e855c9f9b15f028f6bc5c3d.exe,454656,68,1,0,0,0,0.014705882352941176,executable,1,0,0,0,0,1,1,0,0,0,7,7.412939849522051,0.7127070301501689,0.31120231559684686,0.14216902449324326,256,0,0,0,1,0,0,0,1,0,0,0,0,0.0,0
malware,0e9159a9e1268654d76037a76f8a9520e0cfcea4d6df6b2ebf6538ad1cc1e7bf.exe,data\raw\malware\0e9159a9e1268654d76037a76f8a9520e0cfcea4d6df6b2ebf6538ad1cc1e7bf.exe,454656,68,1,0,0,0,0.014705882352941176,executable,1,0,0,0,0,1,1,0,0,0,5,7.4122036571864385,0.7099506317207366,0.31633366765202703,0.14216462556306306,256,0,0,0,0,0,0,0,0,0,0,0,0,0.0,0
malware,0e97e0a1040070e368113fc103b0b87cb1db6b57d1a9d92c632b38b2d57d8906.exe,data\raw\malware\0e97e0a1040070e368113fc103b0b87cb1db6b57d1a9d92c632b38b2d57d8906.exe,434176,68,1,0,0,0,0.014705882352941176,executable,1,0,0,0,0,1,1,0,0,0,7,7.870249564818094,6.100601193197024,0.3506458210495283,0.041213701356132074,256,0,0,0,0,0,0,0,0,0,0,0,0,0.0,0
malware,0e989f26483b0a695c8792c5d1d3628e08b9d627ec162e22fef2221157bc1820.exe,data\raw\malware\0e989f26483b0a695c8792c5d1d3628e08b9d627ec162e22fef2221157bc1820.exe,208896,68,1,0,0,0,0.014705882352941176,executable,1,0,0,0,0,1,1,0,0,0,1,6.390312304008486,0.9553377280068522,0.3085315180759804,0.21332146139705882,256,0,0,1,0,0,0,1,1,0,0,0,0,0.0,0
malware,0e9eb65eb25395a34ae9181b5e9c25f0fb0d0a0691edf2601a51b8e5611901a4.exe,data\raw\malware\0e9eb65eb25395a34ae9181b5e9c25f0fb0d0a0691edf2601a51b8e5611901a4.exe,313384,68,1,0,0,0,0.014705882352941176,executable,1,0,0,0,0,1,1,0,0,0,1,7.483924469271233,4.889263461478276,0.3545841523498328,0.09820858754754551,256,1,2,0,1,0,0,0,1,0,0,0,0,0.0,0
malware,0ea38c5a4ecf52b78ccf6056944f658d52a5ac16f29806c235cfaa0d7abe81e4.exe,data\raw\malware\0ea38c5a4ecf52b78ccf6056944f658d52a5ac16f29806c235cfaa0d7abe81e4.exe,367616,68,1,0,0,0,0.014705882352941176,executable,1,0,0,0,0,1,1,0,0,0,7,7.893015367277917,2.3938083637707557,0.34775961873259054,0.038850322075208915,256,0,0,0,0,0,0,0,0,0,0,0,0,0.0,0
malware,0eb595354a8cdc77bf0a777c6d4ea5f0140ea5c7e26050325b1db7f7de50aa23.ole,data\raw\malware\0eb595354a8cdc77bf0a777c6d4ea5f0140ea5c7e26050325b1db7f7de50aa23.ole,116844,68,0,0,0,0,0.014705882352941176,unknown,0,0,0,0,1,1,0,0,0,0,17,7.833332391097097,6.2024479797688565,0.33080859950018826,0.03424223751326555,256,0,0,0,0,0,0,0,0,0,0,0,0,0.0,0
malware,0ec199cc9ff60932007e9fbad91ad88a8e517e7cc224bab89055a0651f46adb0.exe,data\raw\malware\0ec199cc9ff60932007e9fbad91ad88a8e517e7cc224bab89055a0651f46adb0.exe,438272,68,1,0,0,0,0.014705882352941176,executable,1,0,0,0,0,1,1,0,0,0,3,7.490541514613455,0.6657755057355246,0.31979455680490654,0.13035968530957945,256,0,0,0,0,0,0,0,0,0,0,0,0,0.0,0
malware,0ec418e8980ab3a6855c2e01e16335d606b8f8b54a4eb3dd9e3ac41201668ffc.ole,data\raw\malware\0ec418e8980ab3a6855c2e01e16335d606b8f8b54a4eb3dd9e3ac41201668ffc.ole,162672,68,0,0,0,0,0.014705882352941176,unknown,0,0,0,0,1,0,0,0,0,0,6,5.774941851616707,1.6172215738850635,0.35434493951018,0.354842874004131,256,1,0,3,0,0,0,3,3,0,0,0,0,0.0,0
malware,0eccf6efc811048091423c64c7ed8726d3ae9d269a31f5ab013360adc54b6fc4.exe,data\raw\malware\0eccf6efc811048091423c64c7ed8726d3ae9d269a31f5ab013360adc54b6fc4.exe,283160,68,1,0,0,0,0.014705882352941176,executable,1,0,0,0,0,1,1,0,0,0,1,7.607727193185985,5.02230934030595,0.3138720158214437,0.07747916372368979,256,0,0,0,0,0,0,0,0,0,0,0,0,0.0,0
malware,0ecf8a4d326cb84bbfe6d15e603973754180ea12c51e768273dc7f6de34a197b.exe,data\raw\malware\0ecf8a4d326cb84bbfe6d15e603973754180ea12c51e768273dc7f6de34a197b.exe,413696,68,1,0,0,0,0.014705882352941176,executable,1,0,0,0,0,1,1,0,0,0,6,7.672014296056277,0.6633362471715544,0.3356619353341584,0.09639203666460396,256,0,0,0,0,0,0,0,0,0,0,0,0,0.0,0
malware,0ed1706fd2b09a866e877b33b017b741c15069c36fe5180832d8db600693b0f6.ole,data\raw\malware\0ed1706fd2b09a866e877b33b017b741c15069c36fe5180832d8db600693b0f6.ole,158460,68,0,0,0,0,0.014705882352941176,unknown,0,0,0,0,1,0,0,0,0,0,6,5.771498428241065,1.6197459551897646,0.35035340148933486,0.3573330809036981,256,1,0,3,0,0,0,3,3,0,0,0,0,0.0,0
malware,0ed72a28ba5bac7f44f9e4519db5f8c8d94076d85a929c2004da1cba99559610.exe,data\raw\malware\0ed72a28ba5bac7f44f9e4519db5f8c8d94076d85a929c2004da1cba99559610.exe,240128,68,1,0,0,0,0.014705882352941176,executable,1,0,0,0,0,1,1,0,0,0,2,6.768222211350193,5.624638209678336,0.23099763459488273,0.11553005063965885,256,1,0,24,0,0,0,24,24,0,0,0,0,0.0,0
malware,0eddc7ab734587c32dbc9cbd68f2a2efd6acade721bad6f641378c56351ed80d.exe,data\raw\malware\0eddc7ab734587c32dbc9cbd68f2a2efd6acade721bad6f641378c56351ed80d.exe,90624,68,1,0,0,0,0.014705882352941176,executable,1,0,0,0,0,1,1,0,0,0,0,6.354778700521782,5.666529630537567,0.2903756179378531,0.3016971221751412,256,0,0,0,0,0,0,0,0,0,0,0,0,0.0,0
malware,0edef898c9cb41d3dd8ee72b38c7832a1e2da3f6f1b3cda882ead2fc0727f850.exe,data\raw\malware\0edef898c9cb41d3dd8ee72b38c7832a1e2da3f6f1b3cda882ead2fc0727f850.exe,176128,68,1,0,0,0,0.014705882352941176,executable,1,0,0,0,0,1,1,0,0,0,1,7.7200217823307185,6.633223718003648,0.3429380904796512,0.0628860828488372,256,0,0,5,1,0,0,5,6,0,0,0,0,0.0,0
malware,0ee6d51a795c7a1b04d7b09ea02a0c0f062d6996a9f932f8509b777b24c574a1.exe,data\raw\malware\0ee6d51a795c7a1b04d7b09ea02a0c0f062d6996a9f932f8509b777b24c574a1.exe,434176,68,1,0,0,0,0.014705882352941176,executable,1,0,0,0,0,1,1,0,0,0,6,7.8714721230803955,6.097260863466838,0.35086923275353776,0.0410755085495283,256,0,0,0,0,0,0,0,0,0,0,0,0,0.0,0
malware,0ee7de58292cee9e9660922d5ae1f5aff9a476bd74be17897931947d8065b167.exe,data\raw\malware\0ee7de58292cee9e9660922d5ae1f5aff9a476bd74be17897931947d8065b167.exe,127968,68,1,0,0,0,0.014705882352941176,executable,1,0,0,0,0,1,1,0,0,0,1,6.690047855879276,5.157423248165974,0.26762159289822457,0.11727931982995748,256,0,0,0,0,0,0,0,0,0,0,0,0,0.0,0
malware,0ef0f2a9f3a05d4275103e39dfbb3a9f20a10dc07ea5112fcdce580e3a0bcfd7.exe,data\raw\malware\0ef0f2a9f3a05d4275103e39dfbb3a9f20a10dc07ea5112fcdce580e3a0bcfd7.exe,413696,68,1,0,0,0,0.014705882352941176,executable,1,0,0,0,0,1,1,0,0,0,3,7.671950658499035,0.6633362471715544,0.33331963567450495,0.09644521581064357,256,0,0,0,0,0,0,0,0,0,0,0,0,0.0,0
malware,0ef1742bf0ac0c3847d72cbcf6d8ed8955d13173225edf0e1432c923e65f2f97.exe,data\raw\malware\0ef1742bf0ac0c3847d72cbcf6d8ed8955d13173225edf0e1432c923e65f2f97.exe,471040,68,1,0,0,0,0.014705882352941176,executable,1,0,0,0,0,1,1,0,0,0,3,7.0455883513853745,0.938059865572855,0.3437521229619565,0.13633237092391304,256,0,0,1,0,0,0,1,1,0,0,0,0,0.0,0
malware,0f01e6ff5e272a9779e8d5a25386a404086eac44b113e126c97015f86c261363.ole,data\raw\malware\0f01e6ff5e272a9779e8d5a25386a404086eac44b113e126c97015f86c261363.ole,151134,68,0,0,0,0,0.014705882352941176,unknown,0,0,0,0,1,0,0,0,0,0,6,6.023178036480674,3.487654950249338,0.37985496314528827,0.2941760292191036,256,1,0,0,0,0,0,0,0,0,0,0,0,0.0,0
malware,0f0832cdefe7013d8f8b8a33e6bf52d602c5619a6c9606f639e64c5cef856d95.exe,data\raw\malware\0f0832cdefe7013d8f8b8a33e6bf52d602c5619a6c9606f639e64c5cef856d95.exe,151040,68,1,0,0,0,0.014705882352941176,executable,1,0,0,0,0,1,1,0,0,0,3,7.426030445920766,2.7323651731948435,0.3212725105932203,0.1053032309322034,256,0,0,1,0,0,0,1,1,0,0,0,0,0.0,0
malware,0f0a34192c8bf3acdc8b356b4977c2a268528e7c75e58157c9709ec86ba44f51.exe,data\raw\malware\0f0a34192c8bf3acdc8b356b4977c2a268528e7c75e58157c9709ec86ba44f51.exe,425984,68,1,0,0,0,0.014705882352941176,executable,1,0,0,0,0,1,1,0,0,0,7,7.764221283681967,0.7053433662060076,0.3372920109675481,0.06811288686899039,256,0,0,0,0,0,0,0,0,0,0,0,0,0.0,0
malware,0f1efa66309218d3ad0e396503492a39956b7ef9176d24852656adbc960920a2.exe,data\raw\malware\0f1efa66309218d3ad0e396503492a39956b7ef9176d24852656adbc960920a2.exe,434176,68,1,0,0,0,0.014705882352941176,executable,1,0,0,0,0,1,1,0,0,0,4,7.619358912142487,0.7200937622468567,0.331920695754717,0.10165232532429246,256,0,0,0,0,0,0,0,0,0,0,0,0,0.0,0
malware,0f23184b6ef20e47ea1025b8ce045411423e9d35a8e98dc9219f89c242417b66.exe,data\raw\malware\0f23184b6ef20e47ea1025b8ce045411423e9d35a8e98dc9219f89c242417b66.exe,385024,68,1,0,0,0,0.014705882352941176,executable,1,0,0,0,0,1,1,0,0,0,2,7.496652581136563,0.7152817641796423,0.3214630776263298,0.12553243434175532,256,0,0,0,0,0,0,0,0,0,0,0,0,0.0,0
malware,0f238ec37c75fbe644de5281fa8a9e278040d522b66e77d809bd3c38fb6b0c0a.exe,data\raw\malware\0f238ec37c75fbe644de5281fa8a9e278040d522b66e77d809bd3c38fb6b0c0a.exe,165344,68,1,0,0,0,0.014705882352941176,executable,1,0,0,0,0,1,1,0,0,0,2,5.548223131872192,4.8546806705506595,0.19297343719760016,0.2218707664021676,256,0,0,0,0,0,0,0,0,0,0,0,0,0.0,0
malware,0f325023066cae9d8586a64c537e00cd7117da28954987d2a442d93335a3a965.exe,data\raw\malware\0f325023066cae9d8586a64c537e00cd7117da28954987d2a442d93335a3a965.exe,110176,68,1,0,0,0,0.014705882352941176,executable,1,0,0,0,0,1,1,0,0,0,1,6.990667978183547,5.458428950005036,0.32321013650885855,0.18810811792041823,256,0,0,0,0,0,0,0,0,0,0,0,0,0.0,0
malware,0f335a51a72dacc839b2b03b71c9072dec7f21d354b981e192942cc205a2f29c.exe,data\raw\malware\0f335a51a72dacc839b2b03b71c9072dec7f21d354b981e192942cc205a2f29c.exe,371808,68,1,0,0,0,0.014705882352941176,executable,1,0,0,0,0,1,1,0,0,0,2,6.569734360149741,4.122162191371397,0.26030639469833894,0.26446983389276185,256,1,2,0,0,0,0,0,0,0,0,0,0,0.0,0
malware,0f3689265294b1bf13111e404849b532441bfadb6adef863f7d04d6d2d14a440.exe,data\raw\malware\0f3689265294b1bf13111e404849b532441bfadb6adef863f7d04d6d2d14a440.exe,319528,68,1,0,0,0,0.014705882352941176,executable,1,0,0,0,0,1,1,0,0,0,5,7.452895668379726,5.1671723366111735,0.32973010190030294,0.10850692271099872,256,0,0,0,0,0,0,0,0,0,0,0,0,0.0,0
malware,0f4561f71316ad4c5dbf3de0a442ebaaf3a18d30f961d044eed6006c2b55d93f.exe,data\raw\malware\0f4561f71316ad4c5dbf3de0a442ebaaf3a18d30f961d044eed6006c2b55d93f.exe,195232,68,1,0,0,0,0.014705882352941176,executable,1,0,0,0,0,1,1,0,0,0,0,4.923805864301404,5.038139354839257,0.20272803638747747,0.4968908785445009,256,0,0,4,0,0,0,4,4,0,0,0,0,0.0,0
malware,0f4b2c805b480218aab8defa60e52aa9b56710235f16e6a42eede66c0e3f1c80.exe,data\raw\malware\0f4b2c805b480218aab8defa60e52aa9b56710235f16e6a42eede66c0e3f1c80.exe,458752,68,1,0,0,0,0.014705882352941176,executable,1,0,0,0,0,1,1,0,0,0,4,7.451708968520856,0.703452059432127,0.32147434779575895,0.13347298758370535,256,0,0,0,0,0,0,0,0,0,0,0,0,0.0,0
malware,0f571ef05bcef1cc66e59e7db9fa4d0ae8a68a0eaf4efe9db207f6175638ea85.exe,data\raw\malware\0f571ef05bcef1cc66e59e7db9fa4d0ae8a68a0eaf4efe9db207f6175638ea85.exe,148064,68,1,0,0,0,0.014705882352941176,executable,1,0,0,0,0,1,1,0,0,0,2,5.659192380646924,3.7234266300161902,0.24124027447590232,0.39538307758807,256,0,2,0,0,0,0,0,0,0,0,0,0,0.0,0
malware,0f57def69d957ce742ddc7a4cb5c2ce99f7f7ae8cfae5ef25272121cea68cc30.exe,data\raw\malware\0f57def69d957ce742ddc7a4cb5c2ce99f7f7ae8cfae5ef25272121cea68cc30.exe,405504,68,1,0,0,0,0.014705882352941176,executable,1,0,0,0,0,1,1,0,0,0,9,7.554236455202653,0.664785484324625,0.32906210542929293,0.12080522017045454,256,0,0,0,0,0,0,0,0,0,0,0,0,0.0,0
malware,0f5a792372ccf55879440379f7f0ff4412813d12e061ca2485c6b5c8fdb146df.exe,data\raw\malware\0f5a792372ccf55879440379f7f0ff4412813d12e061ca2485c6b5c8fdb146df.exe,405504,68,1,0,0,0,0.014705882352941176,executable,1,0,0,0,0,1,1,0,0,0,7,7.683016046451855,0.6660252131324498,0.33588078046085856,0.09395468355429293,256,0,0,0,0,0,0,0,0,0,0,0,0,0.0,0
malware,0f5b0bbfc6b1b1d2aa41f2617abda3525ab00aae0bdaa853c4adc6dd84bbcf8e.exe,data\raw\malware\0f5b0bbfc6b1b1d2aa41f2617abda3525ab00aae0bdaa853c4adc6dd84bbcf8e.exe,458752,68,1,0,0,0,0.014705882352941176,executable,1,0,0,0,0,1,1,0,0,0,4,7.4642902462312835,0.6982937345829546,0.31930106026785715,0.13207135881696427,256,0,0,0,0,0,0,0,0,0,0,0,0,0.0,0
malware,0f62bb15d8c91be1903a946f2e1509b2213d6e80419a2ec417a0c5e91bc05630.exe,data\raw\malware\0f62bb15d8c91be1903a946f2e1509b2213d6e80419a2ec417a0c5e91bc05630.exe,378880,68,1,0,0,0,0.014705882352941176,executable,1,0,0,0,0,1,1,0,0,0,2,7.879989419377372,4.504977655277284,0.34906830658783783,0.04576646959459459,256,0,0,0,0,0,0,0,0,0,0,0,0,0.0,0
malware,0f63f6df132bb7c33689711e01191e18b3bfffb19fa3e2b136aa5ba02fa934e3.exe,data\raw\malware\0f63f6df132bb7c33689711e01191e18b3bfffb19fa3e2b136aa5ba02fa934e3.exe,417792,68,1,0,0,0,0.014705882352941176,executable,1,0,0,0,0,1,1,0,0,0,8,7.767505336174485,0.7089309777618326,0.3414905024509804,0.0685723996629902,256,0,0,0,0,0,0,0,0,0,0,0,0,0.0,0
malware,0f66bd662c52e3cbc7af5fc1bf2b877c06965a6c276d4ff6ea2dd8aa22273d24.ole,data\raw\malware\0f66bd662c52e3cbc7af5fc1bf2b877c06965a6c276d4ff6ea2dd8aa22273d24.ole,236366,68,0,0,0,0,0.014705882352941176,unknown,0,0,0,0,1,0,0,0,0,0,11,6.769662853649162,1.6288623081457132,0.3354162612220032,0.23614225396207578,256,1,0,0,0,0,0,0,0,0,0,0,0,0.0,0
malware,0f71ea200947de112168208cdf07a6da33c51769d7f3cc03d41d100c7ce13a9f.ole,data\raw\malware\0f71ea200947de112168208cdf07a6da33c51769d7f3cc03d41d100c7ce13a9f.ole,145805,68,0,0,0,0,0.014705882352941176,unknown,0,0,0,0,1,0,0,0,0,0,6,6.068307321435515,3.505982549950195,0.38453413806110903,0.29097767566270016,256,1,0,0,0,0,0,0,0,0,0,0,0,0.0,0
malware,0f789797a3e31d562ad34a5946566a9802ff8c838a84059de78f6a0b16ac6b14.exe,data\raw\malware\0f789797a3e31d562ad34a5946566a9802ff8c838a84059de78f6a0b16ac6b14.exe,405504,68,1,0,0,0,0.014705882352941176,executable,1,0,0,0,0,1,1,0,0,0,6,7.682292568757503,0.6691531849775728,0.33403123027146464,0.09412730823863637,256,0,0,0,0,0,0,0,0,0,0,0,0,0.0,0
malware,0f88561d6f75c975f244bd60a1ef8ae02a82a8a8e6cc26cc82b60926dc93a3c8.ole,data\raw\malware\0f88561d6f75c975f244bd60a1ef8ae02a82a8a8e6cc26cc82b60926dc93a3c8.ole,234608,68,0,0,0,0,0.014705882352941176,unknown,0,0,0,0,1,0,0,0,0,0,11,6.764107409129988,1.5796237215346853,0.33024449294141717,0.2384445543203983,256,1,0,0,0,0,0,0,0,0,0,0,0,0.0,0
malware,0fa149eefe2103119cb7fe0291e0e6fb7885b50b7f362f17da95d236d5ea1e22.exe,data\raw\malware\0fa149eefe2103119cb7fe0291e0e6fb7885b50b7f362f17da95d236d5ea1e22.exe,433664,68,1,0,0,0,0.014705882352941176,executable,1,0,0,0,0,1,1,0,0,0,6,7.873264950395662,6.113008081073637,0.35296450708382526,0.04068818255608028,256,0,0,0,0,0,0,0,0,0,0,0,0,0.0,0
malware,0fa4be17c569412dd73d1a04bdb662fcf3ec59f5c40f5482c2a196e70d8dd0c7.exe,data\raw\malware\0fa4be17c569412dd73d1a04bdb662fcf3ec59f5c40f5482c2a196e70d8dd0c7.exe,458752,68,1,0,0,0,0.014705882352941176,executable,1,0,0,0,0,1,1,0,0,0,6,7.370474443854243,0.7054668548231338,0.30894034249441965,0.15009416852678573,256,0,0,0,0,0,0,0,0,0,0,0,0,0.0,0
malware,0faaf0d68f2e83f6cb8335f6868ed1efba70062ce5a938546328621e98bc0d87.exe,data\raw\malware\0faaf0d68f2e83f6cb8335f6868ed1efba70062ce5a938546328621e98bc0d87.exe,434176,68,1,0,0,0,0.014705882352941176,executable,1,0,0,0,0,1,1,0,0,0,5,7.871840704760903,6.101172676026551,0.35355938605542453,0.04109623747051887,256,0,0,0,0,0,0,0,0,0,0,0,0,0.0,0
malware,0fb32d14c44e30aa5e3f3aefb634a5414cfa213f97ad3b129d3c18dcf8e7ff61.ole,data\raw\malware\0fb32d14c44e30aa5e3f3aefb634a5414cfa213f97ad3b129d3c18dcf8e7ff61.ole,162383,68,0,0,0,0,0.014705882352941176,unknown,0,0,0,0,1,0,0,0,0,0,6,5.775173570792736,1.6172215738850635,0.353208156026185,0.3554620865484687,256,1,0,3,0,0,0,3,3,0,0,0,0,0.0,0
malware,0fb730884155df9c8701e924387e41d61c02ed7fce27888eb8f39251ee2b0bf5.exe,data\raw\malware\0fb730884155df9c8701e924387e41d61c02ed7fce27888eb8f39251ee2b0bf5.exe,131168,68,1,0,0,0,0.014705882352941176,executable,1,0,0,0,0,1,1,0,0,0,2,6.854657798351094,5.29614444095034,0.29276195413515493,0.1904732861673579,256,1,2,0,0,0,0,0,0,0,0,0,0,0.0,0
malware,0fbabf18ed9c6d9a4d930665a42a3cb3edeb3449fc8e7a0dad16665f64a5c0dc.exe,data\raw\malware\0fbabf18ed9c6d9a4d930665a42a3cb3edeb3449fc8e7a0dad16665f64a5c0dc.exe,356352,68,1,0,0,0,0.014705882352941176,executable,1,0,0,0,0,1,1,0,0,0,2,7.72831306395173,0.652142304763888,0.33640052532327586,0.08018195492097702,256,0,0,0,0,0,0,0,0,0,0,0,0,0.0,0
malware,0fbbf393b34488063fa158a7117051a8bbb6f663e30c0bc6b465bfff4e2f0db9.exe,data\raw\malware\0fbbf393b34488063fa158a7117051a8bbb6f663e30c0bc6b465bfff4e2f0db9.exe,131168,68,1,0,0,0,0.014705882352941176,executable,1,0,0,0,0,1,1,0,0,0,2,6.8546822096555164,5.295526300350618,0.29302116369846304,0.1904732861673579,256,1,2,0,0,0,0,0,0,0,0,0,0,0.0,0
malware,0fbd91015f013a277f90d9c88756d776af606683645daf3dfb24081aeb052f9c.exe,data\raw\malware\0fbd91015f013a277f90d9c88756d776af606683645daf3dfb24081aeb052f9c.exe,208896,68,1,0,0,0,0.014705882352941176,executable,1,0,0,0,0,1,1,0,0,0,1,6.168150853206383,0.9464571488240296,0.2858264399509804,0.24595492493872548,256,0,0,1,0,0,0,1,1,0,0,0,0,0.0,0
malware,0fc2e293112e83ee306181032018f8860f112f6a4ddcfc62aedc7d08e9a68760.exe,data\raw\malware\0fc2e293112e83ee306181032018f8860f112f6a4ddcfc62aedc7d08e9a68760.exe,434176,68,1,0,0,0,0.014705882352941176,executable,1,0,0,0,0,1,1,0,0,0,2,7.507301081079617,0.7228503620459709,0.3215262934846698,0.12751050265330188,256,0,0,0,0,0,0,0,0,0,0,0,0,0.0,0
malware,0fc3db4c5e15c83d52b999b9c2e66b780fb72312234549f93f6be6d95f486916.exe,data\raw\malware\0fc3db4c5e15c83d52b999b9c2e66b780fb72312234549f93f6be6d95f486916.exe,95785,68,1,0,0,0,0.014705882352941176,executable,1,0,0,0,0,1,1,0,0,0,0,7.626831873494089,5.531878808023261,0.34500182700840426,0.07091924622853266,256,0,0,0,0,0,0,0,0,0,0,0,0,0.0,0
malware,0fcd43a295209bc44da40e397813d77051edb4c02b082792338cf43b2733308c.exe,data\raw\malware\0fcd43a295209bc44da40e397813d77051edb4c02b082792338cf43b2733308c.exe,438272,68,1,0,0,0,0.014705882352941176,executable,1,0,0,0,0,1,1,0,0,0,8,7.504314228187144,0.7029622401684342,0.3196553738317757,0.1275189836448598,256,0,0,0,0,0,0,0,0,0,0,0,0,0.0,0
malware,0fd1bf7ce8f7e4cb7c2916a804c7cda288a5d43b045d0af6ad0ef42a9149330b.exe,data\raw\malware\0fd1bf7ce8f7e4cb7c2916a804c7cda288a5d43b045d0af6ad0ef42a9149330b.exe,208896,68,1,0,0,0,0.014705882352941176,executable,1,0,0,0,0,1,1,0,0,0,1,6.163888246376364,0.9504086696040402,0.2844812729779412,0.24668734681372548,256,0,0,1,0,0,0,1,1,0,0,0,0,0.0,0
malware,0fd1ea9df6c248cc1ef6ac65fc534db5ffb946cd912f8199503dd93fecbda5c0.ole,data\raw\malware\0fd1ea9df6c248cc1ef6ac65fc534db5ffb946cd912f8199503dd93fecbda5c0.ole,157641,68,0,0,0,0,0.014705882352941176,unknown,0,0,0,0,1,0,0,0,0,0,6,5.7707374344246185,1.6197459551897646,0.3470607265876263,0.3590943980309691,256,1,0,3,0,0,0,3,3,0,0,0,0,0.0,0
malware,0fd786ba35e5d2c580ac771c35ac0e2b5ea130fb3f531bb7980bbfb4172ca58e.exe,data\raw\malware\0fd786ba35e5d2c580ac771c35ac0e2b5ea130fb3f531bb7980bbfb4172ca58e.exe,413696,68,1,0,0,0,0.014705882352941176,executable,1,0,0,0,0,1,1,0,0,0,1,7.672415278384737,0.6638835066735529,0.33186446086014854,0.09631710241336634,256,0,0,0,0,0,0,0,0,0,0,0,0,0.0,0
malware,0fd86af4fe35fe2516188a666a625a9d89c9b582c299598e42c8d0549adba777.exe,data\raw\malware\0fd86af4fe35fe2516188a666a625a9d89c9b582c299598e42c8d0549adba777.exe,442368,68,1,0,0,0,0.014705882352941176,executable,1,0,0,0,0,1,1,0,0,0,16,7.603622205912363,0.7221318000305796,0.32804588035300924,0.1030544704861111,256,0,0,0,1,0,0,0,1,0,0,0,0,0.0,0
malware,0fe989f9606c53aa0877ab6fe8f5093c49ccfa19991cdd557ae412c01898f35d.exe,data\raw\malware\0fe989f9606c53aa0877ab6fe8f5093c49ccfa19991cdd557ae412c01898f35d.exe,442368,68,1,0,0,0,0.014705882352941176,executable,1,0,0,0,0,1,1,0,0,0,4,7.489955654604319,0.713887979200703,0.3200638382523148,0.12941035517939814,256,0,0,0,0,0,0,0,0,0,0,0,0,0.0,0
malware,0fee54da832c59eeebc1145b86b07bbc8a6a6d6d6f439e638d2c379e73b59f59.exe,data\raw\malware\0fee54da832c59eeebc1145b86b07bbc8a6a6d6d6f439e638d2c379e73b59f59.exe,63104,68,1,0,0,0,0.014705882352941176,executable,1,0,0,0,0,1,1,0,0,0,2,5.827873205632482,5.889384356021916,0.2533119929006085,0.2749429513184584,256,0,0,0,0,0,0,0,0,0,0,0,0,0.0,0
malware,0ff0bfa768d188ea3c279002b8869edd0992003b2634971e6fb9c0cc47687a69.exe,data\raw\malware\0ff0bfa768d188ea3c279002b8869edd0992003b2634971e6fb9c0cc47687a69.exe,458752,68,1,0,0,0,0.014705882352941176,executable,1,0,0,0,0,1,1,0,0,0,3,7.4531325374074076,0.703452059432127,0.3188694545200893,0.133514404296875,256,0,0,0,0,0,0,0,0,0,0,0,0,0.0,0
malware,0ff2420edf1129c350d7de985d2c75d74b8cdad8a34bfdaf0d507ef17ce7ccff.ole,data\raw\malware\0ff2420edf1129c350d7de985d2c75d74b8cdad8a34bfdaf0d507ef17ce7ccff.ole,143893,68,0,0,0,0,0.014705882352941176,unknown,0,0,0,0,1,0,0,0,0,0,6,6.089636680769758,3.499583595987412,0.3854878277609057,0.2875678455519031,256,1,0,0,0,0,0,0,0,0,0,0,0,0.0,0
malware,0ff4f86c664d9502747ef6d687c661c303a91e234b5bb66c994355af44a575c7.exe,data\raw\malware\0ff4f86c664d9502747ef6d687c661c303a91e234b5bb66c994355af44a575c7.exe,151081,68,1,0,0,0,0.014705882352941176,executable,1,0,0,0,0,1,1,0,0,0,1,6.9782642186821535,5.255347072274215,0.34510626749889134,0.17403247264712307,256,0,0,0,0,0,0,0,0,0,0,0,0,0.0,0
malware,0ff9b5d6f6c55ed9cfeead24755b7e9e081f75bfc4972ac09b3b4ef83c581954.exe,data\raw\malware\0ff9b5d6f6c55ed9cfeead24755b7e9e081f75bfc4972ac09b3b4ef83c581954.exe,167936,68,1,0,0,0,0.014705882352941176,executable,1,0,0,0,0,1,1,0,0,0,2,7.835377525034482,6.771615282365248,0.35498046875,0.05433617568597561,256,0,0,2,0,0,0,2,2,0,0,0,0,0.0,0
malware,0ff9d4c3cfd5a15918d7ed0e685e6b35da8c3c4fb272761910e8f3599bfb3647.ole,data\raw\malware\0ff9d4c3cfd5a15918d7ed0e685e6b35da8c3c4fb272761910e8f3599bfb3647.ole,136320,68,0,0,0,0,0.014705882352941176,unknown,0,0,0,0,1,0,0,0,0,0,6,5.9309643188802035,3.421290367319551,0.3216769366197183,0.32828638497652585,256,1,0,0,0,0,0,0,0,0,0,0,0,0.0,0
malware,0ffd0f8ff899cca7f895bc4ef726a390ffeeab04a7be0a0370a788cc3e0d16fc.exe,data\raw\malware\0ffd0f8ff899cca7f895bc4ef726a390ffeeab04a7be0a0370a788cc3e0d16fc.exe,393216,68,1,0,0,0,0.014705882352941176,executable,1,0,0,0,0,1,1,0,0,0,6,7.41528754028293,0.7140542948186132,0.3170623779296875,0.1414794921875,256,0,0,0,0,0,0,0,0,0,0,0,0,0.0,0
malware,1a028859d1a50a552ef1c184b97d7839c9c0cdd65e4bc27530848727d34a6726.exe,data\raw\malware\1a028859d1a50a552ef1c184b97d7839c9c0cdd65e4bc27530848727d34a6726.exe,195232,68,1,0,0,0,0.014705882352941176,executable,1,0,0,0,0,1,1,0,0,0,0,4.921162764841661,5.039837681829505,0.20390612194722177,0.4970701524340272,256,0,0,4,0,0,0,4,4,0,0,0,0,0.0,0
malware,1a0d363d78a73d04045d69a25936630b3eac73f8cb50b79e3aa617079c47a82e.exe,data\raw\malware\1a0d363d78a73d04045d69a25936630b3eac73f8cb50b79e3aa617079c47a82e.exe,130144,68,1,0,0,0,0.014705882352941176,executable,1,0,0,0,0,1,1,0,0,0,1,6.8677702012652295,5.78942492803178,0.293866793705434,0.19372387509220557,256,1,2,0,0,0,0,0,0,0,0,0,0,0.0,0
malware,1a0d5d20d5267040f5026cdf637379cd438d149fac728774e3282b243ad523c8.ole,data\raw\malware\1a0d5d20d5267040f5026cdf637379cd438d149fac728774e3282b243ad523c8.ole,161117,68,0,0,0,0,0.014705882352941176,unknown,0,0,0,0,1,0,0,0,0,0,6,5.779345455374516,1.6870839884175763,0.350521670587213,0.35560493306106744,256,1,0,3,0,0,0,3,3,0,0,0,0,0.0,0
malware,1a0ec1d0bf7d349f652c17c7b3166adcf2919810bbf1eeccf724cc76b7d03043.exe,data\raw\malware\1a0ec1d0bf7d349f652c17c7b3166adcf2919810bbf1eeccf724cc76b7d03043.exe,171008,68,1,0,0,0,0.014705882352941176,executable,1,0,0,0,0,1,1,0,0,0,1,7.810439968610847,5.192078474544618,0.3571704247754491,0.0523250374251497,256,0,0,2,0,0,0,2,2,0,0,0,0,0.0,0
malware,1a13a6bc3268982cc295e8dbe8bbe9ef489a03b5bca7f33b684b5dca2dc3649b.exe,data\raw\malware\1a13a6bc3268982cc295e8dbe8bbe9ef489a03b5bca7f33b684b5dca2dc3649b.exe,221184,68,1,0,0,0,0.014705882352941176,executable,1,0,0,0,0,1,1,0,0,0,1,6.474787125944584,0.9760384929596769,0.31590892650462965,0.19843659577546297,256,0,0,1,0,0,0,1,1,0,0,0,0,0.0,0
malware,1a175e5f71e8f08317883f91dfcafab27b5fc99f4acab84ce516d0fdb82bdafd.exe,data\raw\malware\1a175e5f71e8f08317883f91dfcafab27b5fc99f4acab84ce516d0fdb82bdafd.exe,454656,68,1,0,0,0,0.014705882352941176,executable,1,0,0,0,0,1,1,0,0,0,6,7.494621404854853,0.6953049294424454,0.3229232650619369,0.1254244967623874,256,0,0,0,0,0,0,0,0,0,0,0,0,0.0,0
malware,1a19cdfb60fc710fb9a12acd179c99a14c850a77aa75d1d77d02658872762932.exe,data\raw\malware\1a19cdfb60fc710fb9a12acd179c99a14c850a77aa75d1d77d02658872762932.exe,417792,68,1,0,0,0,0.014705882352941176,executable,1,0,0,0,0,1,1,0,0,0,7,7.666469051372574,0.7132804617055618,0.33298387714460786,0.09151204427083333,256,0,0,0,0,0,0,0,0,0,0,0,0,0.0,0
malware,1a1c278fa9adaaecbe6ebbe210ae612ac69ecf5722c2cf5ec07ee4a124c9e166.exe,data\raw\malware\1a1c278fa9adaaecbe6ebbe210ae612ac69ecf5722c2cf5ec07ee4a124c9e166.exe,434176,68,1,0,0,0,0.014705882352941176,executable,1,0,0,0,0,1,1,0,0,0,6,7.506647473862377,0.7228503620459709,0.32302107900943394,0.12746904481132076,256,0,0,0,0,0,0,0,0,0,0,0,0,0.0,0
malware,1a25fd1b767b81f3cfc1518779b17f29bfd287fa5f298f6f3da10a010d1d8db6.exe,data\raw\malware\1a25fd1b767b81f3cfc1518779b17f29bfd287fa5f298f6f3da10a010d1d8db6.exe,98857,68,1,0,0,0,0.014705882352941176,executable,1,0,0,0,0,1,1,0,0,0,0,7.494188981687419,4.377143960684994,0.3342707142640379,0.10093367186946801,256,0,0,0,0,0,0,0,0,0,0,0,0,0.0,0
malware,1a2bff21c2bcb6ba0df21df5d84f3fa88520ee61649211087b1d6487919d3912.exe,data\raw\malware\1a2bff21c2bcb6ba0df21df5d84f3fa88520ee61649211087b1d6487919d3912.exe,130144,68,1,0,0,0,0.014705882352941176,executable,1,0,0,0,0,1,1,0,0,0,1,6.870100384118428,5.789986551153997,0.2935517580526186,0.1932551635111876,256,1,2,0,0,0,0,0,0,0,0,0,0,0.0,0
malware,1a2e33d017d7d32e59fe5094319a1ce80d0985793d49a207b6c78d9146033563.exe,data\raw\malware\1a2e33d017d7d32e59fe5094319a1ce80d0985793d49a207b6c78d9146033563.exe,409600,68,1,0,0,0,0.014705882352941176,executable,1,0,0,0,0,1,1,0,0,0,6,7.682297875627879,0.6813267658758031,0.33636962890625,0.09501708984375,256,0,0,0,0,0,0,0,0,0,0,0,0,0.0,0
malware,1a2e52f5b09ea512e15b3c226eed32ec827503176ac6d17e370248e627564bf4.exe,data\raw\malware\1a2e52f5b09ea512e15b3c226eed32ec827503176ac6d17e370248e627564bf4.exe,417792,68,1,0,0,0,0.014705882352941176,executable,1,0,0,0,0,1,1,0,0,0,9,7.657495605934988,0.7136490591187276,0.3295850566789216,0.09254605162377451,256,0,0,0,0,0,0,0,0,0,0,0,0,0.0,0
malware,1a3214a37884671ee213a0fe3907707387fed9270051e2c5d4245f9258572ba8.exe,data\raw\malware\1a3214a37884671ee213a0fe3907707387fed9270051e2c5d4245f9258572ba8.exe,503808,68,1,0,0,0,0.014705882352941176,executable,1,0,0,0,0,1,1,0,0,0,6,6.832067731129793,0.6869356521918348,0.2786636972815041,0.24461302718495934,256,0,0,0,0,0,0,0,0,0,0,0,0,0.0,0
malware,1a3434b538d5f71f3449f6f784562a5efdc284f4209bc062f6b6cf6f65c97dfe.exe,data\raw\malware\1a3434b538d5f71f3449f6f784562a5efdc284f4209bc062f6b6cf6f65c97dfe.exe,368640,68,1,0,0,0,0.014705882352941176,executable,1,0,0,0,0,1,1,0,0,0,5,7.592784474343552,0.6435214175327415,0.3261528862847222,0.10907660590277778,256,0,0,0,0,0,0,0,0,0,0,0,0,0.0,0
malware,1a3640fea36a71de91b8a7025942ad1145987e268b97ba2c184ccb0e9c738c89.exe,data\raw\malware\1a3640fea36a71de91b8a7025942ad1145987e268b97ba2c184ccb0e9c738c89.exe,434176,68,1,0,0,0,0.014705882352941176,executable,1,0,0,0,0,1,1,0,0,0,2,7.506864940456988,0.7228503620459709,0.32126603036556606,0.1275680829893868,256,0,0,0,0,0,0,0,0,0,0,0,0,0.0,0
malware,1a37a043384f15294eb0b68be2acd2bf437c7a28cba99c1d2922b7dc255dd3bd.exe,data\raw\malware\1a37a043384f15294eb0b68be2acd2bf437c7a28cba99c1d2922b7dc255dd3bd.exe,179200,68,1,0,0,0,0.014705882352941176,executable,1,0,0,0,0,1,1,0,0,0,1,6.560709444831341,5.2490035770341725,0.2149609375,0.21413504464285715,256,1,7,0,0,0,0,0,0,0,0,0,0,0.0,0
malware,1a37cb801510810c6c4ab06f2aa531504c0b20ff0b74af0d4957fbcc89803b36.exe,data\raw\malware\1a37cb801510810c6c4ab06f2aa531504c0b20ff0b74af0d4957fbcc89803b36.exe,374272,68,1,0,0,0,0.014705882352941176,executable,1,0,0,0,0,1,1,0,0,0,8,7.9700964885418895,4.699304244545992,0.3598051684336525,0.017396438953488372,256,0,0,0,0,0,0,0,0,0,0,0,0,0.0,0
malware,1a38d5a93a381b2169831f7d73c6682b5fcab1239ed7df42ddbe00070ad4aedb.exe,data\raw\malware\1a38d5a93a381b2169831f7d73c6682b5fcab1239ed7df42ddbe00070ad4aedb.exe,454656,68,1,0,0,0,0.014705882352941176,executable,1,0,0,0,0,1,1,0,0,0,3,7.413012779243911,0.7053874530376016,0.31324781813063063,0.14212723465653154,256,0,0,0,0,0,0,0,0,0,0,0,0,0.0,0
malware,1a39c230fc71b6f4632b5d33c66619501e460eb727e6b68dec659e5c343459bc.exe,data\raw\malware\1a39c230fc71b6f4632b5d33c66619501e460eb727e6b68dec659e5c343459bc.exe,151040,68,1,0,0,0,0.014705882352941176,executable,1,0,0,0,0,1,1,0,0,0,3,7.426026815794786,2.7323651731948435,0.32126588983050847,0.1053032309322034,256,0,0,1,0,0,0,1,1,0,0,0,0,0.0,0
malware,1a3e62066a6c1785b6d5345e587f4131ba0831e6c645e716cd95cfd04ba31f4b.exe,data\raw\malware\1a3e62066a6c1785b6d5345e587f4131ba0831e6c645e716cd95cfd04ba31f4b.exe,110176,68,1,0,0,0,0.014705882352941176,executable,1,0,0,0,0,1,1,0,0,0,2,6.99397109953898,5.446463962240363,0.3233825878594249,0.18766337496369445,256,0,0,0,0,0,0,0,0,0,0,0,0,0.0,0
malware,1a3eb72a971a4dce1032468abd5889cf80acc407a9812873e1aed072c0756b03.exe,data\raw\malware\1a3eb72a971a4dce1032468abd5889cf80acc407a9812873e1aed072c0756b03.exe,421888,68,1,0,0,0,0.014705882352941176,executable,1,0,0,0,0,1,1,0,0,0,7,7.66424342764306,0.6701670425632172,0.3353591474514563,0.09601600424757281,256,0,0,0,0,0,0,0,0,0,0,0,0,0.0,0
malware,1a41f3581fe2a1476fbe4654f2e44cec888eff3708104adba9c90832e4a69bb8.exe,data\raw\malware\1a41f3581fe2a1476fbe4654f2e44cec888eff3708104adba9c90832e4a69bb8.exe,503808,68,1,0,0,0,0.014705882352941176,executable,1,0,0,0,0,1,1,0,0,0,7,7.047144422599379,0.7279234043939792,0.29353642657520324,0.2049927750254065,256,0,0,0,0,0,0,0,0,0,0,0,0,0.0,0
malware,1a4367d74e02feaeee0273b1edc29e78ba8855d02e800142a5c0da01d0d23253.exe,data\raw\malware\1a4367d74e02feaeee0273b1edc29e78ba8855d02e800142a5c0da01d0d23253.exe,413696,68,1,0,0,0,0.014705882352941176,executable,1,0,0,0,0,1,1,0,0,0,3,7.671265049950001,0.6482414296805815,0.3342816947710396,0.09722839959777228,256,0,0,0,0,0,0,0,0,0,0,0,0,0.0,0
malware,1a55edcd4396ab7f9fda1beebe7a69cfcf1c2388fbd795b733e6d1ef4c6730d6.exe,data\raw\malware\1a55edcd4396ab7f9fda1beebe7a69cfcf1c2388fbd795b733e6d1ef4c6730d6.exe,127968,68,1,0,0,0,0.014705882352941176,executable,1,0,0,0,0,1,1,0,0,0,1,6.689253253323868,5.1560780882528086,0.2679732433108277,0.11725587646911728,256,0,0,0,0,0,0,0,0,0,0,0,0,0.0,0
malware,1a58ce0766a509ca84737a4824497e0cce364ee0968bcf14b0ec772ff4509bd1.exe,data\raw\malware\1a58ce0766a509ca84737a4824497e0cce364ee0968bcf14b0ec772ff4509bd1.exe,393216,68,1,0,0,0,0.014705882352941176,executable,1,0,0,0,0,1,1,0,0,0,5,7.715614205399724,0.6605911014101026,0.32736968994140625,0.08563995361328125,256,0,0,0,0,0,0,0,0,0,0,0,0,0.0,0
malware,1a5984c35777add7ef677cf4a47b89507ff8af16065ee62684e3b11b3bc22057.exe,data\raw\malware\1a5984c35777add7ef677cf4a47b89507ff8af16065ee62684e3b11b3bc22057.exe,31232,68,1,0,0,0,0.014705882352941176,executable,1,0,0,0,0,1,1,0,0,0,1,6.290872742590328,5.206508150617588,0.28563652663934425,0.2618148053278688,256,0,0,1,0,0,0,1,1,0,0,0,0,0.0,0
malware,1a5a29a69e623c5c04fa30f67c54b0503498382558f2a0957cbea41e77fed18f.exe,data\raw\malware\1a5a29a69e623c5c04fa30f67c54b0503498382558f2a0957cbea41e77fed18f.exe,95785,68,1,0,0,0,0.014705882352941176,executable,1,0,0,0,0,1,1,0,0,0,0,7.627001730392472,5.532287064713066,0.34501226705642846,0.07066868507595135,256,0,0,0,0,0,0,0,0,0,0,0,0,0.0,0
malware,1a5e7a2b679da6445fc396330b77bb4d3e4894e32ed8f7f6b919b475c4d12a67.exe,data\raw\malware\1a5e7a2b679da6445fc396330b77bb4d3e4894e32ed8f7f6b919b475c4d12a67.exe,466944,68,1,0,0,0,0.014705882352941176,executable,1,0,0,0,0,1,1,0,0,0,5,7.173183336876407,0.7159636638414913,0.2992071854440789,0.18499648780153508,256,0,0,0,0,0,0,0,0,0,0,0,0,0.0,0
malware,1a6719a8b08dcca81a581d89359c1ddef80900be892358e4804cc519485ca7c2.exe,data\raw\malware\1a6719a8b08dcca81a581d89359c1ddef80900be892358e4804cc519485ca7c2.exe,434176,68,1,0,0,0,0.014705882352941176,executable,1,0,0,0,0,1,1,0,0,0,6,7.507010177404209,0.7228503620459709,0.3226732937794811,0.1275081994398585,256,0,0,0,0,0,0,0,0,0,0,0,0,0.0,0
malware,1a7687bab651793a3a87d32fd2228a6cc8a45e46c151b551bcdbd13a3d3ee141.exe,data\raw\malware\1a7687bab651793a3a87d32fd2228a6cc8a45e46c151b551bcdbd13a3d3ee141.exe,208896,68,1,0,0,0,0.014705882352941176,executable,1,0,0,0,0,1,1,0,0,0,2,6.395156006806548,0.948120411304469,0.3090628829656863,0.21265605851715685,256,0,0,1,0,0,0,1,1,0,0,0,0,0.0,0
malware,1a7895c50ce00d72188e1ad764fc8ddc32d7f2e437e2edd10e9229807118e10f.exe,data\raw\malware\1a7895c50ce00d72188e1ad764fc8ddc32d7f2e437e2edd10e9229807118e10f.exe,284184,68,1,0,0,0,0.014705882352941176,executable,1,0,0,0,0,1,1,0,0,0,4,7.6391396246020005,5.016535636085622,0.387020381161501,0.06568631590800326,256,0,0,0,0,0,0,0,0,0,0,0,0,0.0,0
malware,1a8655391520f95adf3f2864a54e6a80108d03f86b87ea890504a008ca148ba3.exe,data\raw\malware\1a8655391520f95adf3f2864a54e6a80108d03f86b87ea890504a008ca148ba3.exe,434176,68,1,0,0,0,0.014705882352941176,executable,1,0,0,0,0,1,1,0,0,0,4,7.872055664993925,6.109735569642716,0.3522857090212264,0.04088664504716981,256,0,0,0,0,0,0,0,0,0,0,0,0,0.0,0
malware,1a8bd08a4b00e437827ab5feac969692a4b59de6e8a4b32d4218ae26f3a2aa38.exe,data\raw\malware\1a8bd08a4b00e437827ab5feac969692a4b59de6e8a4b32d4218ae26f3a2aa38.exe,458752,68,1,0,0,0,0.014705882352941176,executable,1,0,0,0,0,1,1,0,0,0,4,7.452472524306846,0.7041246393887098,0.3176967075892857,0.13342067173549108,256,0,0,0,1,0,0,0,1,0,0,0,0,0.0,0
malware,1a9974d2bd25e40d3ffae05974a7cfb582090c9356ef47683605b2bab97af547.exe,data\raw\malware\1a9974d2bd25e40d3ffae05974a7cfb582090c9356ef47683605b2bab97af547.exe,128512,68,1,0,0,0,0.014705882352941176,executable,1,0,0,0,0,1,1,0,0,0,1,7.209657467802389,5.4403441098169045,0.17476188994023906,0.0563527141434263,256,0,0,1,0,0,0,1,1,0,0,0,0,0.0,0
malware,1a9c89ecf04c230f5016f302de3907cf6805515100a2cc026c02430cd8857d56.exe,data\raw\malware\1a9c89ecf04c230f5016f302de3907cf6805515100a2cc026c02430cd8857d56.exe,290840,68,1,0,0,0,0.014705882352941176,executable,1,0,0,0,0,1,1,0,0,0,3,7.560119848336954,4.984925066677169,0.3376289368725072,0.09325746114702242,256,0,0,0,0,0,0,0,0,0,0,0,0,0.0,0
malware,1a9ce07888555ba2af56d58e5036cad673b8cd1725b2baf228a8e4f79c58fed4.exe,data\raw\malware\1a9ce07888555ba2af56d58e5036cad673b8cd1725b2baf228a8e4f79c58fed4.exe,413696,68,1,0,0,0,0.014705882352941176,executable,1,0,0,0,0,1,1,0,0,0,8,7.671655193615926,0.6633362471715544,0.3340883160581683,0.09639687113242575,256,0,0,0,0,0,0,0,0,0,0,0,0,0.0,0
malware,1a9e5551d3cc3eb87729ca0910549cd6f85e4351ac0b3d32a97392a86288a291.exe,data\raw\malware\1a9e5551d3cc3eb87729ca0910549cd6f85e4351ac0b3d32a97392a86288a291.exe,195232,68,1,0,0,0,0.014705882352941176,executable,1,0,0,0,0,1,1,0,0,0,0,4.9250416037522635,5.036388099086213,0.20381392394689396,0.49667062776594,256,0,0,4,0,0,0,4,4,0,0,0,0,0.0,0
malware,1a9f5cc2175e3ea1165cfdd9db094a2804dde77f52de2230b19b7d1ff570d3c0.exe,data\raw\malware\1a9f5cc2175e3ea1165cfdd9db094a2804dde77f52de2230b19b7d1ff570d3c0.exe,195232,68,1,0,0,0,0.014705882352941176,executable,1,0,0,0,0,1,1,0,0,0,0,4.921123383429549,5.036285609004511,0.2039112440583511,0.4970650303228979,256,0,0,4,0,0,0,4,4,0,0,0,0,0.0,0
malware,1aa22d2bd832d9fc58fc9d0d8b067442fb41292331500579627e0d30cc22f1d7.exe,data\raw\malware\1aa22d2bd832d9fc58fc9d0d8b067442fb41292331500579627e0d30cc22f1d7.exe,96297,68,1,0,0,0,0.014705882352941176,executable,1,0,0,0,0,1,1,0,0,0,0,7.403664468910545,4.1496169176899524,0.3263341537119536,0.10598461011246456,256,0,0,0,0,0,0,0,0,0,0,0,0,0.0,0
malware,1aa334fe9cce8edf12ff16f4343828f96cc298288858b66dc62a336c337c2fb4.exe,data\raw\malware\1aa334fe9cce8edf12ff16f4343828f96cc298288858b66dc62a336c337c2fb4.exe,458752,68,1,0,0,0,0.014705882352941176,executable,1,0,0,0,0,1,1,0,0,0,8,7.465141321768698,0.6984780332895375,0.32216317313058035,0.13179452078683035,256,0,0,0,0,0,0,0,0,0,0,0,0,0.0,0
malware,1aad4af9dabc137e490a33f350db7033165d8071837cbe7f00c391c8cdce5479.exe,data\raw\malware\1aad4af9dabc137e490a33f350db7033165d8071837cbe7f00c391c8cdce5479.exe,425984,68,1,0,0,0,0.014705882352941176,executable,1,0,0,0,0,1,1,0,0,0,9,7.762688515028257,0.7058316474560076,0.3361464280348558,0.06825843224158654,256,0,0,0,0,0,0,0,0,0,0,0,0,0.0,0
malware,1ab53d768d00f8b3100a9132efb7a4a7731417ee0b2c53bba283d7d9db906b06.exe,data\raw\malware\1ab53d768d00f8b3100a9132efb7a4a7731417ee0b2c53bba283d7d9db906b06.exe,155728,68,1,0,0,0,0.014705882352941176,executable,1,0,0,0,0,1,1,0,0,0,2,7.971872646153559,7.046186147726399,0.3666521113736772,0.02037526970101716,256,3,0,0,1,0,0,0,1,0,0,0,0,0.0,0
malware,1abc66ce93ac570be5604e4ea856013f9b30693adabf893e4337bc55744f062d.exe,data\raw\malware\1abc66ce93ac570be5604e4ea856013f9b30693adabf893e4337bc55744f062d.exe,208896,68,1,0,0,0,0.014705882352941176,executable,1,0,0,0,0,1,1,0,0,0,1,6.4014813502445005,0.9442357258554277,0.30935010723039214,0.21180395986519607,256,0,0,1,0,0,0,1,1,0,0,0,0,0.0,0
malware,1abde801ae96c20677067752a010923dd4dbc91267bb73df06835ddb93ec76ff.exe,data\raw\malware\1abde801ae96c20677067752a010923dd4dbc91267bb73df06835ddb93ec76ff.exe,115200,68,1,0,0,0,0.014705882352941176,executable,1,0,0,0,0,1,1,0,0,0,0,7.699386962068274,5.512136460221932,0.32171875,0.07618923611111111,256,0,0,0,0,0,0,0,0,0,0,0,0,0.0,0
malware,1ac584fb9c6d05e5f204eaff06a22f15b773ce81a3d517a9d4f165311c1b9615.exe,data\raw\malware\1ac584fb9c6d05e5f204eaff06a22f15b773ce81a3d517a9d4f165311c1b9615.exe,405504,68,1,0,0,0,0.014705882352941176,executable,1,0,0,0,0,1,1,0,0,0,4,7.258297914347327,0.7233915894906056,0.30295878708964646,0.1693472814078283,256,0,0,0,0,0,0,0,0,0,0,0,0,0.0,0
malware,1ad0e3f2fee448eb3efa7b0b4408b28b66418c373f30ffece5a58a734edfe5c5.exe,data\raw\malware\1ad0e3f2fee448eb3efa7b0b4408b28b66418c373f30ffece5a58a734edfe5c5.exe,402432,68,1,0,0,0,0.014705882352941176,executable,1,0,0,0,0,1,1,0,0,0,4,7.9756982708666255,6.232174709188176,0.36201892493638677,0.015920702131043258,256,0,0,0,0,0,0,0,0,0,0,0,0,0.0,0
malware,1ad26d8e32e2566e5e34cc13058c9fe21adde97474da05d1b1b2ead8abf4ef1b.exe,data\raw\malware\1ad26d8e32e2566e5e34cc13058c9fe21adde97474da05d1b1b2ead8abf4ef1b.exe,263680,68,1,0,0,0,0.014705882352941176,executable,1,0,0,0,0,1,1,0,0,0,6,7.8034996211495375,5.5824671080874415,0.35077745752427186,0.065014411407767,256,0,0,2,0,0,0,2,2,0,0,0,0,0.0,0
malware,1adcac9cedbdb55d81789566b5f2dabf71c99b5d1270558d605379a0fda945ed.exe,data\raw\malware\1adcac9cedbdb55d81789566b5f2dabf71c99b5d1270558d605379a0fda945ed.exe,479232,68,1,0,0,0,0.014705882352941176,executable,1,0,0,0,0,1,1,0,0,0,4,7.271073641078681,0.7192284962321277,0.3031517094017094,0.16637870592948717,256,0,0,0,0,0,0,0,0,0,0,0,0,0.0,0
malware,1aee80e24c4ffc1400a7c8c2e81be18bc777206f51d6014969e48053148ee1df.exe,data\raw\malware\1aee80e24c4ffc1400a7c8c2e81be18bc777206f51d6014969e48053148ee1df.exe,127968,68,1,0,0,0,0.014705882352941176,executable,1,0,0,0,0,1,1,0,0,0,1,6.693129137499051,5.156026595405766,0.26855151287821954,0.11691985496374094,256,0,0,0,0,0,0,0,0,0,0,0,0,0.0,0
malware,1af210cb0aa9e171e1287d827cb32f9b5806435264b0c28dba231c8324929212.exe,data\raw\malware\1af210cb0aa9e171e1287d827cb32f9b5806435264b0c28dba231c8324929212.exe,210944,68,1,0,0,0,0.014705882352941176,executable,1,0,0,0,0,1,1,0,0,0,4,7.1367717475028885,6.776561388781218,0.3163398816747573,0.18997459041262135,256,0,0,1,0,0,0,1,1,0,0,0,0,0.0,0
malware,1af2687720617c563f1dd97d52df5be576dc5d26bf2b96673420d6bc5824e407.exe,data\raw\malware\1af2687720617c563f1dd97d52df5be576dc5d26bf2b96673420d6bc5824e407.exe,425984,68,1,0,0,0,0.014705882352941176,executable,1,0,0,0,0,1,1,0,0,0,7,7.6745130567228275,0.6692839088148469,0.33230356069711536,0.0927875225360577,256,0,0,0,0,0,0,0,0,0,0,0,0,0.0,0
malware,1af2c79ce15b298a365be02c0cd9b973ebb8e09030ee80f81fd872c3d44ad787.exe,data\raw\malware\1af2c79ce15b298a365be02c0cd9b973ebb8e09030ee80f81fd872c3d44ad787.exe,131168,68,1,0,0,0,0.014705882352941176,executable,1,0,0,0,0,1,1,0,0,0,1,6.857292404451703,5.294768479586795,0.29260947792144426,0.19028269090021957,256,1,2,0,0,0,0,0,0,0,0,0,0,0.0,0
malware,1af65e47992b406fb9167221301abe0aa8d65528abbc10380f1059b0a1487111.exe,data\raw\malware\1af65e47992b406fb9167221301abe0aa8d65528abbc10380f1059b0a1487111.exe,413696,68,1,0,0,0,0.014705882352941176,executable,1,0,0,0,0,1,1,0,0,0,3,7.6720028739282355,0.6633362471715544,0.33426719136757427,0.09642587793935643,256,0,0,0,0,0,0,0,0,0,0,0,0,0.0,0
malware,1af7ce2320a6baaa151f948fda0b9f6e1994168685c3ce648487764798d35bc3.exe,data\raw\malware\1af7ce2320a6baaa151f948fda0b9f6e1994168685c3ce648487764798d35bc3.exe,458752,68,1,0,0,0,0.014705882352941176,executable,1,0,0,0,0,1,1,0,0,0,13,7.466144644222597,0.6984780332895375,0.31625584193638395,0.13192313058035715,256,0,0,0,0,0,0,0,0,0,0,0,0,0.0,0
malware,1afecf493a058abee8f43a77a6ecf2c67f198091481f6abefca9489e630f2f16.exe,data\raw\malware\1afecf493a058abee8f43a77a6ecf2c67f198091481f6abefca9489e630f2f16.exe,301096,68,1,0,0,0,0.014705882352941176,executable,1,0,0,0,0,1,1,0,0,0,1,7.624285367887734,4.9822988350744986,0.3718249329117624,0.0680115312059941,256,1,2,0,1,0,0,0,1,0,0,0,0,0.0,0
malware,1affc31ed3d6257d28b7fcccfd7d725d336f5800cca482dd2fbf9c4929c78e29.exe,data\raw\malware\1affc31ed3d6257d28b7fcccfd7d725d336f5800cca482dd2fbf9c4929c78e29.exe,405504,68,1,0,0,0,0.014705882352941176,executable,1,0,0,0,0,1,1,0,0,0,5,7.548874925775827,0.664785484324625,0.3253506747159091,0.12177931660353536,256,0,0,0,0,0,0,0,0,0,0,0,0,0.0,0
malware,1b08f2a8a01896d90a2f03e16785e4260039bc686cc20aaa5a024e705c69252e.exe,data\raw\malware\1b08f2a8a01896d90a2f03e16785e4260039bc686cc20aaa5a024e705c69252e.exe,130144,68,1,0,0,0,0.014705882352941176,executable,1,0,0,0,0,1,1,0,0,0,1,6.867890978434076,5.790113505996252,0.29365164740595034,0.19373155888861568,256,1,2,0,0,0,0,0,0,0,0,0,0,0.0,0
malware,1b244cc9495ec1187ba3ccac740df0cd7d0ef80cacf5a7ae68d9dcd849f049be.exe,data\raw\malware\1b244cc9495ec1187ba3ccac740df0cd7d0ef80cacf5a7ae68d9dcd849f049be.exe,430080,68,1,0,0,0,0.014705882352941176,executable,1,0,0,0,0,1,1,0,0,0,8,7.661222465734484,0.6703872921689462,0.3304408482142857,0.09540550595238095,256,0,0,0,0,0,0,0,0,0,0,0,0,0.0,0
malware,1b2665e97cb2919de67938ec3342095def560fa57846a9da7016abf975cd7678.ole,data\raw\malware\1b2665e97cb2919de67938ec3342095def560fa57846a9da7016abf975cd7678.ole,639435,68,0,0,0,0,0.014705882352941176,unknown,0,0,0,0,1,0,0,0,0,0,86,6.039800749983256,1.3057156060648931,0.9958369498072517,0.0,99,2,0,285,0,0,0,285,285,0,0,0,0,0.0,0
malware,1b26f567a8dbe784ea76a3f228860ae598002203f1021ccaac1c71ef1a9cddad.exe,data\raw\malware\1b26f567a8dbe784ea76a3f228860ae598002203f1021ccaac1c71ef1a9cddad.exe,417792,68,1,0,0,0,0.014705882352941176,executable,1,0,0,0,0,1,1,0,0,0,7,7.772087746539387,0.7065202592606297,0.33917834712009803,0.06792375153186274,256,0,0,0,0,0,0,0,0,0,0,0,0,0.0,0
malware,1b275307e7004a786d7995f25ec43db82fffbc949d80c8c2adcde6c328f6558f.exe,data\raw\malware\1b275307e7004a786d7995f25ec43db82fffbc949d80c8c2adcde6c328f6558f.exe,98857,68,1,0,0,0,0.014705882352941176,executable,1,0,0,0,0,1,1,0,0,0,0,7.4961362571952,4.339844271672793,0.33509007960994164,0.10059985635817392,256,0,0,0,0,0,0,0,0,0,0,0,0,0.0,0
malware,1b27e35923e01484f8a09adc471562414f13b15655810c497bf9398698ed894f.exe,data\raw\malware\1b27e35923e01484f8a09adc471562414f13b15655810c497bf9398698ed894f.exe,208896,68,1,0,0,0,0.014705882352941176,executable,1,0,0,0,0,1,1,0,0,0,1,6.441041126904994,0.9037575607359648,0.3114037607230392,0.20456590839460784,256,0,0,1,0,0,0,1,1,0,0,0,0,0.0,0
malware,1b32abf481485f870a072947a66c614bd6948e836ded53905d30b6a707f2404e.exe,data\raw\malware\1b32abf481485f870a072947a66c614bd6948e836ded53905d30b6a707f2404e.exe,299560,68,1,0,0,0,0.014705882352941176,executable,1,0,0,0,0,1,1,0,0,0,5,7.664110087853254,5.370729774425245,0.3616337294698892,0.05813192682601148,256,1,2,0,0,0,0,0,0,0,0,0,0,0.0,0
malware,1b389fab485c3a37fcce9e87746146146ec996b2a9195151e551c14dc964d823.exe,data\raw\malware\1b389fab485c3a37fcce9e87746146146ec996b2a9195151e551c14dc964d823.exe,515072,68,1,0,0,0,0.014705882352941176,executable,1,0,0,0,0,1,1,0,0,0,8,7.990097401357992,4.9435398750126,0.36873873943836977,0.010524742171968192,256,0,2,0,0,0,0,0,0,0,0,0,0,0.0,0
malware,1b38c57ca1901d60b33008ab5c9be6ec1f6a908f5b978c8c66b2ef7daf74e63b.exe,data\raw\malware\1b38c57ca1901d60b33008ab5c9be6ec1f6a908f5b978c8c66b2ef7daf74e63b.exe,438272,68,1,0,0,0,0.014705882352941176,executable,1,0,0,0,0,1,1,0,0,0,5,7.580267487140164,0.7089081999709567,0.3267924941588785,0.10997964734228972,256,0,0,0,0,0,0,0,0,0,0,0,0,0.0,0
malware,1b39be78e4a9dcf0458797a0b8005c3870eb2abe8904cf928a390a0736e61e8d.ole,data\raw\malware\1b39be78e4a9dcf0458797a0b8005c3870eb2abe8904cf928a390a0736e61e8d.ole,236076,68,0,0,0,0,0.014705882352941176,unknown,0,0,0,0,1,0,0,0,0,0,11,6.769575466839688,1.6288623081457132,0.33459140276859994,0.2364408071976821,256,1,0,0,0,0,0,0,0,0,0,0,0,0.0,0
malware,1b3b9b47386b3f3bbec1ad460f36a2b12a0501454e8bd027a6b8a5e27d580260.exe,data\raw\malware\1b3b9b47386b3f3bbec1ad460f36a2b12a0501454e8bd027a6b8a5e27d580260.exe,110176,68,1,0,0,0,0.014705882352941176,executable,1,0,0,0,0,1,1,0,0,0,1,6.998910370193956,5.444194554338965,0.3234098170200407,0.1869191112401975,256,0,0,0,0,0,0,0,0,0,0,0,0,0.0,0
malware,1b3feab547c227fce46787527a728a57b05f236dc7f3be77bade5b9e661017b4.ole,data\raw\malware\1b3feab547c227fce46787527a728a57b05f236dc7f3be77bade5b9e661017b4.ole,168899,68,0,0,0,0,0.014705882352941176,unknown,0,0,0,0,1,0,0,0,0,0,13,5.754075748918372,1.5728037756193889,0.3558990876204122,0.3571897998211949,256,1,0,3,0,0,0,3,3,0,0,0,0,0.0,0
malware,1b4419ef2915531dbccce7048d0b63770a2192dec120d23a28c216539fdb4c8e.exe,data\raw\malware\1b4419ef2915531dbccce7048d0b63770a2192dec120d23a28c216539fdb4c8e.exe,434176,68,1,0,0,0,0.014705882352941176,executable,1,0,0,0,0,1,1,0,0,0,3,7.5059598357130906,0.7228503620459709,0.32145489386792453,0.1275726894162736,256,0,0,0,0,0,0,0,0,0,0,0,0,0.0,0
malware,1b49e7c927efa513bd8ed84fe7ac7dd809e61b9be54bdaa90f0f9b90fca0036d.exe,data\raw\malware\1b49e7c927efa513bd8ed84fe7ac7dd809e61b9be54bdaa90f0f9b90fca0036d.exe,417792,68,1,0,0,0,0.014705882352941176,executable,1,0,0,0,0,1,1,0,0,0,3,7.270065220209033,0.6596078451260374,0.30518535539215685,0.17240157781862744,256,0,0,0,0,0,0,0,0,0,0,0,0,0.0,0
malware,1b4e8d5806969c8251f754018f28c6b6b3cab8599c200738477355e3f307511e.exe,data\raw\malware\1b4e8d5806969c8251f754018f28c6b6b3cab8599c200738477355e3f307511e.exe,434176,68,1,0,0,0,0.014705882352941176,executable,1,0,0,0,0,1,1,0,0,0,2,7.506846853306724,0.7228503620459709,0.32126603036556606,0.12757729584316038,256,0,0,0,0,0,0,0,0,0,0,0,0,0.0,0
malware,1b501edd277775ee97aabcc8ebb0386061ea464eeba32115620fe5ac4ed85880.exe,data\raw\malware\1b501edd277775ee97aabcc8ebb0386061ea464eeba32115620fe5ac4ed85880.exe,479232,68,1,0,0,0,0.014705882352941176,executable,1,0,0,0,0,1,1,0,0,0,5,7.272433646368746,0.7201404438623791,0.30706004607371795,0.16638079260149571,256,0,0,0,0,0,0,0,0,0,0,0,0,0.0,0
malware,1b52819008c72fff5148b552b1bbd0915415ce608e656dfd48f304d76f418f76.exe,data\raw\malware\1b52819008c72fff5148b552b1bbd0915415ce608e656dfd48f304d76f418f76.exe,165024,68,1,0,0,0,0.014705882352941176,executable,1,0,0,0,0,1,1,0,0,0,0,5.617227337752611,5.032075078229984,0.24149820632150476,0.40457751599767305,256,0,0,4,0,0,0,4,4,0,0,0,0,0.0,0
malware,1b57d225651deed21583990bef724ac46605fa722ec3ea643238ef7b25632b62.exe,data\raw\malware\1b57d225651deed21583990bef724ac46605fa722ec3ea643238ef7b25632b62.exe,159744,68,1,0,0,0,0.014705882352941176,executable,1,0,0,0,0,1,1,0,0,0,1,7.750647671382861,5.743950976397978,0.34789413060897434,0.06007111378205128,256,0,0,4,0,0,0,4,4,0,0,0,0,0.0,0
malware,1b5bcd9cdaa43b0afeb6cc210b2b85f1d8abaf65614b49de83d0f8053c9c53d1.exe,data\raw\malware\1b5bcd9cdaa43b0afeb6cc210b2b85f1d8abaf65614b49de83d0f8053c9c53d1.exe,367616,68,1,0,0,0,0.014705882352941176,executable,1,0,0,0,0,1,1,0,0,0,7,7.858924030366396,2.0472017229768635,0.3477759401114206,0.05453516713091922,256,0,0,0,0,0,0,0,0,0,0,0,0,0.0,0
malware,1b5c3855bbbb82ddc6e11cac7f4c091b17067de3888363ae2cbb8e7052f46a54.exe,data\raw\malware\1b5c3855bbbb82ddc6e11cac7f4c091b17067de3888363ae2cbb8e7052f46a54.exe,110176,68,1,0,0,0,0.014705882352941176,executable,1,0,0,0,0,1,1,0,0,0,1,6.998107537682663,5.44687265308034,0.3232282892826024,0.18687372930583793,256,0,0,0,0,0,0,0,0,0,0,0,0,0.0,0
malware,1b5d50ff605edf7fa7a571dd446049fb4a33998f1f402b87256d39f809206121.exe,data\raw\malware\1b5d50ff605edf7fa7a571dd446049fb4a33998f1f402b87256d39f809206121.exe,95272,68,1,0,0,0,0.014705882352941176,executable,1,0,0,0,0,1,1,0,0,0,1,7.574768604450947,6.165071639014016,0.3638634646066001,0.07306448904190109,256,0,0,0,0,0,0,0,0,0,0,0,0,0.0,0
malware,1b63424414e2e5b8b62d36b9c7c14aa46a9fdb2189c1951eb41142f9ada62552.exe,data\raw\malware\1b63424414e2e5b8b62d36b9c7c14aa46a9fdb2189c1951eb41142f9ada62552.exe,208896,68,1,0,0,0,0.014705882352941176,executable,1,0,0,0,0,1,1,0,0,0,1,6.392056306108843,0.9489025488224209,0.3091634114583333,0.2130103017769608,256,0,0,1,0,0,0,1,1,0,0,0,0,0.0,0
malware,1b70a2a3b0be83dee7cc320c5089cf27abeee73ea537d4f4332d6e093313d6f6.exe,data\raw\malware\1b70a2a3b0be83dee7cc320c5089cf27abeee73ea537d4f4332d6e093313d6f6.exe,131168,68,1,0,0,0,0.014705882352941176,executable,1,0,0,0,0,1,1,0,0,0,1,6.857493695127596,5.296121239563521,0.29274670651378387,0.1902903147109051,256,1,2,0,0,0,0,0,0,0,0,0,0,0.0,0
malware,1b71e8727590e03502bff8b5c4c82215456c4ab3bca98b8c4968bb4b1b7b7e96.ole,data\raw\malware\1b71e8727590e03502bff8b5c4c82215456c4ab3bca98b8c4968bb4b1b7b7e96.ole,140695,68,0,0,0,0,0.014705882352941176,unknown,0,0,0,0,1,0,0,0,0,0,6,6.098878556340598,3.5523990927214317,0.36422758449127546,0.2976509470841181,256,1,0,0,0,0,0,0,0,0,0,0,0,0.0,0
malware,1b73c773452ee461d79b83985fa5ba4daa43ace875cb7da70ab97d168496f762.exe,data\raw\malware\1b73c773452ee461d79b83985fa5ba4daa43ace875cb7da70ab97d168496f762.exe,405504,68,1,0,0,0,0.014705882352941176,executable,1,0,0,0,0,1,1,0,0,0,6,7.687101269756735,0.6686134108805317,0.3339350536616162,0.09371547506313131,256,0,0,0,0,0,0,0,0,0,0,0,0,0.0,0
malware,1b7484ae1766502855173a18431123ba9665f0a5f2ef094621717009bbc5932b.exe,data\raw\malware\1b7484ae1766502855173a18431123ba9665f0a5f2ef094621717009bbc5932b.exe,393216,68,1,0,0,0,0.014705882352941176,executable,1,0,0,0,0,1,1,0,0,0,7,7.731244203395449,0.6572109145275549,0.33882395426432294,0.08461252848307292,256,0,0,0,0,0,0,0,0,0,0,0,0,0.0,0
malware,1b77c7a8a6d41ca931ae069ed29338e6f5f76f9639dce4e5ec3335462942ca02.exe,data\raw\malware\1b77c7a8a6d41ca931ae069ed29338e6f5f76f9639dce4e5ec3335462942ca02.exe,221184,68,1,0,0,0,0.014705882352941176,executable,1,0,0,0,0,1,1,0,0,0,3,6.440168722729938,0.9276009975071029,0.3131374782986111,0.2049289279513889,256,0,0,1,0,0,0,1,1,0,0,0,0,0.0,0
malware,1b7a05712f28b561e72a5e966690ecf41be1655f46cc250ab485d6fcd568b107.ole,data\raw\malware\1b7a05712f28b561e72a5e966690ecf41be1655f46cc250ab485d6fcd568b107.ole,84997,68,0,0,0,0,0.014705882352941176,unknown,0,0,0,0,1,0,0,0,0,0,2,7.467126282134413,7.189479007007287,0.3096932832923515,0.13231055213713425,256,0,0,0,0,0,0,0,0,0,0,0,0,0.0,0
malware,1b7df1fb6f428451a8920743e3bb8a9d3d5c1d3725774c473a661b5f6817db4a.exe,data\raw\malware\1b7df1fb6f428451a8920743e3bb8a9d3d5c1d3725774c473a661b5f6817db4a.exe,413696,68,1,0,0,0,0.014705882352941176,executable,1,0,0,0,0,1,1,0,0,0,6,7.810088176751386,0.6947509206814129,0.3470301864170792,0.0590554416769802,256,0,0,0,0,0,0,0,0,0,0,0,0,0.0,0
malware,1b87a51faddc166e36b1018f1fa7c02f6e35f9eccfef5e5a7def342afd1e36aa.exe,data\raw\malware\1b87a51faddc166e36b1018f1fa7c02f6e35f9eccfef5e5a7def342afd1e36aa.exe,284184,68,1,0,0,0,0.014705882352941176,executable,1,0,0,0,0,1,1,0,0,0,4,7.66425487541496,4.971927059786346,0.3928405540072629,0.05831081271289024,256,0,0,0,0,0,0,0,0,0,0,0,0,0.0,0
malware,1b8bb254a3a3fea5e603bcce87cd83ee9adf3d96642fb8f85da7cb3688fffa56.exe,data\raw\malware\1b8bb254a3a3fea5e603bcce87cd83ee9adf3d96642fb8f85da7cb3688fffa56.exe,417792,68,1,0,0,0,0.014705882352941176,executable,1,0,0,0,0,1,1,0,0,0,6,7.772948495276425,0.7090908952501269,0.3415982115502451,0.06793571920955882,256,0,0,0,0,0,0,0,0,0,0,0,0,0.0,0
malware,1b920917d858ee7dff3821619d5999960c5b1320f232b4aa8ab074b894d079e7.exe,data\raw\malware\1b920917d858ee7dff3821619d5999960c5b1320f232b4aa8ab074b894d079e7.exe,454656,68,1,0,0,0,0.014705882352941176,executable,1,0,0,0,0,1,1,0,0,0,7,7.411508114874942,0.7048462424092364,0.3155198655686937,0.14254293355855857,256,0,0,0,0,0,0,0,0,0,0,0,0,0.0,0
malware,1b92de76ba6cc161f5662babded85159ceb0fe7c4f43d727b73a557a20be336f.exe,data\raw\malware\1b92de76ba6cc161f5662babded85159ceb0fe7c4f43d727b73a557a20be336f.exe,208896,68,1,0,0,0,0.014705882352941176,executable,1,0,0,0,0,1,1,0,0,0,1,6.16845017606191,0.9464571488240296,0.28580250459558826,0.24595013786764705,256,0,0,1,0,0,0,1,1,0,0,0,0,0.0,0
malware,1b96a46c7b2f4d5c0a2ee105751f56175847e3377e8bd357e8eac96f10ee421f.exe,data\raw\malware\1b96a46c7b2f4d5c0a2ee105751f56175847e3377e8bd357e8eac96f10ee421f.exe,208896,68,1,0,0,0,0.014705882352941176,executable,1,0,0,0,0,1,1,0,0,0,1,6.389411080859162,0.9504086696040402,0.3080863204656863,0.21333582261029413,256,0,0,1,0,0,0,1,1,0,0,0,0,0.0,0
malware,1b99720ff518a77349947048153711262cb9bda67b98b654cd025426c440cbef.exe,data\raw\malware\1b99720ff518a77349947048153711262cb9bda67b98b654cd025426c440cbef.exe,37376,68,1,0,0,0,0.014705882352941176,executable,1,0,0,0,0,1,1,0,0,0,0,5.822782728887112,4.404774735890412,0.22567958047945205,0.3050888270547945,256,0,0,0,0,0,0,0,0,0,0,0,0,0.0,0
malware,1b9e0aae78a60b7ddbb12fdb98dd943c2ed5d426f11f8153d7adb649d4ce0c41.exe,data\raw\malware\1b9e0aae78a60b7ddbb12fdb98dd943c2ed5d426f11f8153d7adb649d4ce0c41.exe,313896,68,1,0,0,0,0.014705882352941176,executable,1,0,0,0,0,1,1,0,0,0,2,7.481086444040573,4.916612559713445,0.35101434870148074,0.09845936233657007,256,1,2,0,0,0,0,0,0,0,0,0,0,0.0,0
malware,1ba1ddc63af6ad37e775139249cd40ce9f203e39716ba7eb30f956d48732ab5b.exe,data\raw\malware\1ba1ddc63af6ad37e775139249cd40ce9f203e39716ba7eb30f956d48732ab5b.exe,430080,68,1,0,0,0,0.014705882352941176,executable,1,0,0,0,0,1,1,0,0,0,5,7.6602111980784215,0.6703872921689462,0.330522228422619,0.09537062872023809,256,0,0,0,0,0,0,0,0,0,0,0,0,0.0,0
malware,1ba56a201b05b579786400cbb5189591ad8925dcb6d43ebd8189125d6155c955.exe,data\raw\malware\1ba56a201b05b579786400cbb5189591ad8925dcb6d43ebd8189125d6155c955.exe,458752,68,1,0,0,0,0.014705882352941176,executable,1,0,0,0,0,1,1,0,0,0,8,7.465123964699591,0.6989663145395375,0.32216971261160715,0.13180106026785715,256,0,0,0,0,0,0,0,0,0,0,0,0,0.0,0
malware,1bacdf198de3b85653ab0cc9f7e447966fc38853326c1960f2a31306867643fa.exe,data\raw\malware\1bacdf198de3b85653ab0cc9f7e447966fc38853326c1960f2a31306867643fa.exe,438272,68,1,0,0,0,0.014705882352941176,executable,1,0,0,0,0,1,1,0,0,0,5,7.8747093122535015,5.586599850472158,0.3507205570969626,0.028005439544392524,256,0,1,0,0,0,0,0,0,0,0,0,0,0.0,0
malware,1bb5503b9990a43b4517e46bd182522ca5f652059d5361f9e2b84f698c4180cc.exe,data\raw\malware\1bb5503b9990a43b4517e46bd182522ca5f652059d5361f9e2b84f698c4180cc.exe,208896,68,1,0,0,0,0.014705882352941176,executable,1,0,0,0,0,1,1,0,0,0,1,6.398392422618191,0.9470425839332478,0.30931659773284315,0.21225394454656862,256,0,0,1,0,0,0,1,1,0,0,0,0,0.0,0
malware,1bc08efab01ff262ff1f6c400d0aa54c90b875f16e857e41abe9eb0ff6c3fce2.exe,data\raw\malware\1bc08efab01ff262ff1f6c400d0aa54c90b875f16e857e41abe9eb0ff6c3fce2.exe,454656,68,1,0,0,0,0.014705882352941176,executable,1,0,0,0,0,1,1,0,0,0,7,7.483544087654215,0.6956435090195726,0.31454990146396394,0.12686954532657657,256,0,0,0,0,0,0,0,0,0,0,0,0,0.0,0
malware,1bc21e157ecab582d9e4cb2262cb447c11187bf391b1d271dcce6ec28f14c0ef.exe,data\raw\malware\1bc21e157ecab582d9e4cb2262cb447c11187bf391b1d271dcce6ec28f14c0ef.exe,421888,68,1,0,0,0,0.014705882352941176,executable,1,0,0,0,0,1,1,0,0,0,6,7.663019592700042,0.6706553238132172,0.3312134974211165,0.09593778443567962,256,0,0,0,0,0,0,0,0,0,0,0,0,0.0,0
malware,1bc441d6c50563c5e84e91131f22734d663eb08657e104eb30a243461fb2ee67.exe,data\raw\malware\1bc441d6c50563c5e84e91131f22734d663eb08657e104eb30a243461fb2ee67.exe,147496,68,1,0,0,0,0.014705882352941176,executable,1,0,0,0,0,1,1,0,0,0,1,6.754139423765983,5.414989932371799,0.3643624233877529,0.21709063296631773,256,1,2,0,0,0,0,0,0,0,0,0,0,0.0,0
malware,1be1c48c923911d17357abc798d945b5ea4ba96db3f0ec885a5cc0395ae409f6.exe,data\raw\malware\1be1c48c923911d17357abc798d945b5ea4ba96db3f0ec885a5cc0395ae409f6.exe,409600,68,1,0,0,0,0.014705882352941176,executable,1,0,0,0,0,1,1,0,0,0,6,7.681935468628958,0.6813267658758031,0.33556640625,0.09503662109375,256,0,0,0,0,0,0,0,0,0,0,0,0,0.0,0
malware,1be2314cc617e203c3a6f111650bf246a886657cf8c2a314afef7eed3ed6811c.exe,data\raw\malware\1be2314cc617e203c3a6f111650bf246a886657cf8c2a314afef7eed3ed6811c.exe,405504,68,1,0,0,0,0.014705882352941176,executable,1,0,0,0,0,1,1,0,0,0,5,7.260914802899304,0.7242728493720598,0.30571091777146464,0.16929302793560605,256,0,0,0,0,0,0,0,0,0,0,0,0,0.0,0
malware,1be3cd01ee47b5917775bb0f706fb1e940e52647694a7f6a91aef687f791580f.exe,data\raw\malware\1be3cd01ee47b5917775bb0f706fb1e940e52647694a7f6a91aef687f791580f.exe,433664,68,1,0,0,0,0.014705882352941176,executable,1,0,0,0,0,1,1,0,0,0,9,7.873730156283993,6.091254924892532,0.35146334489374265,0.04028695026564345,256,0,0,0,0,0,0,0,0,0,0,0,0,0.0,0
malware,1be9e53de49352dd005694defe603db6ff2091c0e413c8517adca3772de411f3.exe,data\raw\malware\1be9e53de49352dd005694defe603db6ff2091c0e413c8517adca3772de411f3.exe,295976,68,1,0,0,0,0.014705882352941176,executable,1,0,0,0,0,1,1,0,0,0,5,7.673499974251134,5.370196272482302,0.3589716733789226,0.056001162256399166,256,1,2,0,0,0,0,0,0,0,0,0,0,0.0,0
malware,1bf1faba4879d00fa51fa41b96d8d6166b5a7e7779ea5b3608a3d69c3b19105d.exe,data\raw\malware\1bf1faba4879d00fa51fa41b96d8d6166b5a7e7779ea5b3608a3d69c3b19105d.exe,175616,68,1,0,0,0,0.014705882352941176,executable,1,0,0,0,0,1,1,0,0,0,1,7.798408394482097,4.848809391533145,0.3527355138483965,0.056987973760932946,256,0,0,1,0,0,0,1,1,0,0,0,0,0.0,0
malware,1bfedeed0653b13f9f74e3a56dce3c727865f30b1cf71126cf9b47d435e91af5.exe,data\raw\malware\1bfedeed0653b13f9f74e3a56dce3c727865f30b1cf71126cf9b47d435e91af5.exe,479232,68,1,0,0,0,0.014705882352941176,executable,1,0,0,0,0,1,1,0,0,0,5,7.271104947686049,0.7195324787755448,0.29992571447649574,0.1664767795138889,256,0,0,0,0,0,0,0,0,0,0,0,0,0.0,0
malware,1c06daa724b2afaccc5b0f969ff10deda6f7a7b148ef887eaedca3c9b47181bb.exe,data\raw\malware\1c06daa724b2afaccc5b0f969ff10deda6f7a7b148ef887eaedca3c9b47181bb.exe,417792,68,1,0,0,0,0.014705882352941176,executable,1,0,0,0,0,1,1,0,0,0,4,7.661969569662596,0.7111620508990585,0.3326607498468137,0.09201708026960784,256,0,0,0,0,0,0,0,0,0,0,0,0,0.0,0
malware,1c0977d5b72a161cb72ca8fe79bf70f7d8e6ef0395a706966420f7b4bb545b0e.exe,data\raw\malware\1c0977d5b72a161cb72ca8fe79bf70f7d8e6ef0395a706966420f7b4bb545b0e.exe,458752,68,1,0,0,0,0.014705882352941176,executable,1,0,0,0,0,1,1,0,0,0,3,7.453160868832913,0.7027447632340549,0.31887599400111605,0.13351876395089285,256,0,0,0,0,0,0,0,0,0,0,0,0,0.0,0
malware,1c09e02de0a7421389254229e407ce4b14b326d4ac5b77cea375b96ce419a5da.ole,data\raw\malware\1c09e02de0a7421389254229e407ce4b14b326d4ac5b77cea375b96ce419a5da.ole,690429,68,0,0,0,0,0.014705882352941176,unknown,0,0,0,0,1,0,0,0,0,0,42,6.321778503555956,1.3160890620420014,0.9964239624928849,0.0,103,2,0,337,0,0,0,337,337,0,0,0,0,0.0,0
malware,1c0e35df5de96b39ed4aee51c0900c6daa92ef2306d7a088c8dc9e2898b2c3fa.exe,data\raw\malware\1c0e35df5de96b39ed4aee51c0900c6daa92ef2306d7a088c8dc9e2898b2c3fa.exe,210944,68,1,0,0,0,0.014705882352941176,executable,1,0,0,0,0,1,1,0,0,0,3,7.13872168273471,6.78665674711033,0.3156667172330097,0.18967593294902912,256,0,0,1,0,0,0,1,1,0,0,0,0,0.0,0
malware,1c16646cfeab936d7c06b734940cc016e92adedd7f48dd60de9d7ae5b9c0f0f1.ole,data\raw\malware\1c16646cfeab936d7c06b734940cc016e92adedd7f48dd60de9d7ae5b9c0f0f1.ole,144233,68,0,0,0,0,0.014705882352941176,unknown,0,0,0,0,1,0,0,0,0,0,6,6.091592745041628,3.499583595987412,0.38692254893124317,0.2868830295424764,256,1,0,0,0,0,0,0,0,0,0,0,0,0.0,0
malware,1c18737af8b20b5bc9fdde688b920aed7e7befa78d5f7a46e86427d0107d7937.exe,data\raw\malware\1c18737af8b20b5bc9fdde688b920aed7e7befa78d5f7a46e86427d0107d7937.exe,393216,68,1,0,0,0,0.014705882352941176,executable,1,0,0,0,0,1,1,0,0,0,9,7.730731534296121,0.6572109145275549,0.3391774495442708,0.08466847737630208,256,0,0,0,0,0,0,0,0,0,0,0,0,0.0,0
malware,1c2c1e9974c35ae8635e02866ac97ec0e5a353b96ac2e45ff686c53c1f8ff146.exe,data\raw\malware\1c2c1e9974c35ae8635e02866ac97ec0e5a353b96ac2e45ff686c53c1f8ff146.exe,148064,68,1,0,0,0,0.014705882352941176,executable,1,0,0,0,0,1,1,0,0,0,1,5.663083485381652,3.7213662440629194,0.241280797492976,0.39489680138318567,256,0,2,0,0,0,0,0,0,0,0,0,0,0.0,0
malware,1c2ea5be23821d4b7d7641394c03963af5f42d33676698578a75690fac7a9b76.exe,data\raw\malware\1c2ea5be23821d4b7d7641394c03963af5f42d33676698578a75690fac7a9b76.exe,140840,68,1,0,0,0,0.014705882352941176,executable,1,0,0,0,0,1,1,0,0,0,2,6.868898827630483,5.581436347759979,0.33593439363817096,0.2010295370633343,256,1,2,0,0,0,0,0,0,0,0,0,0,0.0,0
malware,1c3462ee564240fb1028da4c99150f9fc9d54371cb2923ff78e32531072ed020.exe,data\raw\malware\1c3462ee564240fb1028da4c99150f9fc9d54371cb2923ff78e32531072ed020.exe,390656,68,1,0,0,0,0.014705882352941176,executable,1,0,0,0,0,1,1,0,0,0,5,7.8456634809173575,4.614758789492969,0.3466323312581914,0.05346391710353866,256,0,0,0,0,0,0,0,0,0,0,0,0,0.0,0
malware,1c35c23545879872915a1b4a1390f679878967048d8ce1b7a82e86e31bf01205.exe,data\raw\malware\1c35c23545879872915a1b4a1390f679878967048d8ce1b7a82e86e31bf01205.exe,385024,68,1,0,0,0,0.014705882352941176,executable,1,0,0,0,0,1,1,0,0,0,6,7.499542772435362,0.7145576913760184,0.3206085854388298,0.12538179438164893,256,0,0,0,0,0,0,0,0,0,0,0,0,0.0,0
malware,1c491a4044f913769394bcd4102d5b22aca9d3d880866993f120b37f7e55e361.exe,data\raw\malware\1c491a4044f913769394bcd4102d5b22aca9d3d880866993f120b37f7e55e361.exe,147496,68,1,0,0,0,0.014705882352941176,executable,1,0,0,0,0,1,1,0,0,0,1,6.756460696967352,5.41681466863461,0.3638132559527038,0.21690079730975756,256,1,2,0,0,0,0,0,0,0,0,0,0,0.0,0
malware,1c4e9226c25bd29373d946462f1d103ebcec67cf64d1466e745ab3325b9d6426.exe,data\raw\malware\1c4e9226c25bd29373d946462f1d103ebcec67cf64d1466e745ab3325b9d6426.exe,172032,68,1,0,0,0,0.014705882352941176,executable,1,0,0,0,0,1,1,0,0,0,2,6.544845868201852,5.181403284818878,0.22923060825892858,0.21896507626488096,256,1,7,0,0,0,0,0,0,0,0,0,0,0.0,0
malware,1c63fd98933747a026ff13ac3a73ea3d18c86d28cc580a1c3e933c4d1558e141.exe,data\raw\malware\1c63fd98933747a026ff13ac3a73ea3d18c86d28cc580a1c3e933c4d1558e141.exe,391168,68,1,0,0,0,0.014705882352941176,executable,1,0,0,0,0,1,1,0,0,0,10,7.841695593407648,4.560116657507169,0.3464649460078534,0.054350049083769635,256,0,0,0,0,0,0,0,0,0,0,0,0,0.0,0
malware,1c6b2476fc989ef439b98b31162d6b2c29474cf98c2bef9df3a2896efd03e9a6.exe,data\raw\malware\1c6b2476fc989ef439b98b31162d6b2c29474cf98c2bef9df3a2896efd03e9a6.exe,458752,68,1,0,0,0,0.014705882352941176,executable,1,0,0,0,0,1,1,0,0,0,4,7.464269495450739,0.6972362934635657,0.31930759974888395,0.13208443777901785,256,0,0,0,0,0,0,0,0,0,0,0,0,0.0,0
malware,1c6ce51748a1b4bdc97378a6091b03df69c39d6ec6185382608edd0355ae0bf5.ole,data\raw\malware\1c6ce51748a1b4bdc97378a6091b03df69c39d6ec6185382608edd0355ae0bf5.ole,161603,68,0,0,0,0,0.014705882352941176,unknown,0,0,0,0,1,0,0,0,0,0,6,5.774220217565029,1.6172215738850635,0.35007394664703007,0.3571963391768717,256,1,0,3,0,0,0,3,3,0,0,0,0,0.0,0
malware,1c71f8ea6feb7151e43dd7a022fed82103545c6e079231fd59df26e00bcdb66b.ole,data\raw\malware\1c71f8ea6feb7151e43dd7a022fed82103545c6e079231fd59df26e00bcdb66b.ole,156544,68,0,0,0,0,0.014705882352941176,unknown,0,0,0,0,1,0,0,0,0,0,6,5.8268845841266055,1.610000346744518,0.34585164554374487,0.3523801614881439,256,1,0,3,0,0,0,3,3,0,0,0,0,0.0,0
malware,1c737355b6b3748233c3c589450eadbb9cb9e1e56c3bf74446a5e25e3b192811.exe,data\raw\malware\1c737355b6b3748233c3c589450eadbb9cb9e1e56c3bf74446a5e25e3b192811.exe,212992,68,1,0,0,0,0.014705882352941176,executable,1,0,0,0,0,1,1,0,0,0,1,6.164397909199367,0.9247588409948617,0.2857806865985577,0.24519700270432693,256,0,0,1,0,0,0,1,1,0,0,0,0,0.0,0
malware,1c766fa73e8e9e642109da0a68d981f7e4219776fb6ed5f2a2a5b4c618237138.exe,data\raw\malware\1c766fa73e8e9e642109da0a68d981f7e4219776fb6ed5f2a2a5b4c618237138.exe,166400,68,1,0,0,0,0.014705882352941176,executable,1,0,0,0,0,1,1,0,0,0,1,7.875899546290981,6.85551612079512,0.3718810096153846,0.024939903846153848,256,0,0,0,0,0,0,0,0,0,0,0,0,0.0,0
malware,1c7dbc5d93dfb63e1f7e0a690181df3d0e34b23cb4ea510a865ff375781a7468.ole,data\raw\malware\1c7dbc5d93dfb63e1f7e0a690181df3d0e34b23cb4ea510a865ff375781a7468.ole,156032,68,0,0,0,0,0.014705882352941176,unknown,0,0,0,0,1,0,0,0,0,0,6,5.825376919435351,1.610000346744518,0.3436795016406891,0.3535492719442166,256,1,0,3,0,0,0,3,3,0,0,0,0,0.0,0
malware,1c801dab1da2fe35b4c87872baf097cb7b5500b886bc75cc29cd8aad2e83d2d4.ole,data\raw\malware\1c801dab1da2fe35b4c87872baf097cb7b5500b886bc75cc29cd8aad2e83d2d4.ole,137079,68,0,0,0,0,0.014705882352941176,unknown,0,0,0,0,1,0,0,0,0,0,6,5.933956904490253,3.421290367319551,0.32544007470144953,0.32649056383545255,256,1,0,0,0,0,0,0,0,0,0,0,0,0.0,0
malware,1c824a8a6e30f2eb2e6b1329205d452c92083177353835fa420c3ad8db6e004c.exe,data\raw\malware\1c824a8a6e30f2eb2e6b1329205d452c92083177353835fa420c3ad8db6e004c.exe,195232,68,1,0,0,0,0.014705882352941176,executable,1,0,0,0,0,1,1,0,0,0,1,4.924845491750338,5.039851177319614,0.20318902638911654,0.49676794787739714,256,0,0,4,0,0,0,4,4,0,0,0,0,0.0,0
malware,1c8a68fff4d0a8d7ea2d0d77df35fad99ff90e3cec045ea2677cf0936bca0d1d.exe,data\raw\malware\1c8a68fff4d0a8d7ea2d0d77df35fad99ff90e3cec045ea2677cf0936bca0d1d.exe,208896,68,1,0,0,0,0.014705882352941176,executable,1,0,0,0,0,1,1,0,0,0,1,6.3954529799059525,0.9505941471850723,0.3085363051470588,0.212646484375,256,0,0,1,0,0,0,1,1,0,0,0,0,0.0,0
malware,1c8cffc78d80f72acf382571d9ac6ce6cd926fc4f8cc88d54883027b63c0857b.exe,data\raw\malware\1c8cffc78d80f72acf382571d9ac6ce6cd926fc4f8cc88d54883027b63c0857b.exe,433664,68,1,0,0,0,0.014705882352941176,executable,1,0,0,0,0,1,1,0,0,0,4,7.8742331961564185,6.111304959298055,0.35111514905548996,0.04032615112160567,256,0,0,0,0,0,0,0,0,0,0,0,0,0.0,0
malware,1c94be5cb0a57a4bf88e09470cbb069e0478efab7bb2c1f9908838944f0a4e86.exe,data\raw\malware\1c94be5cb0a57a4bf88e09470cbb069e0478efab7bb2c1f9908838944f0a4e86.exe,110176,68,1,0,0,0,0.014705882352941176,executable,1,0,0,0,0,1,1,0,0,0,1,6.993516853052476,5.4536831946805595,0.32360949753122276,0.18759984025559107,256,0,0,0,0,0,0,0,0,0,0,0,0,0.0,0
malware,1c9e7f3608ad5afd9e545558584fba5a1f98546d91e6a6c2c2ae9f592f5ec133.exe,data\raw\malware\1c9e7f3608ad5afd9e545558584fba5a1f98546d91e6a6c2c2ae9f592f5ec133.exe,192512,68,1,0,0,0,0.014705882352941176,executable,1,0,0,0,0,1,1,0,0,0,1,6.062205607164448,0.935913259062959,0.2778476146941489,0.26034221243351063,256,0,0,1,0,0,0,1,1,0,0,0,0,0.0,0
malware,1ca2ef651926eb7c34b1aaa1f4ff3d5c022121c91d2185f946cb9f4f77997dde.exe,data\raw\malware\1ca2ef651926eb7c34b1aaa1f4ff3d5c022121c91d2185f946cb9f4f77997dde.exe,260136,68,1,0,0,0,0.014705882352941176,executable,1,0,0,0,0,1,1,0,0,0,1,7.674455889791339,4.915575773444156,0.304444598210167,0.0638050865701018,256,0,0,0,0,0,0,0,0,0,0,0,0,0.0,0
malware,1cab1a4715155b300f78e1cc77f954ab720b30453440c41a7012f929b56ef6f8.exe,data\raw\malware\1cab1a4715155b300f78e1cc77f954ab720b30453440c41a7012f929b56ef6f8.exe,96297,68,1,0,0,0,0.014705882352941176,executable,1,0,0,0,0,1,1,0,0,0,0,7.4025894742715295,4.152644904548279,0.32653145996240796,0.10625460813940206,256,0,0,0,0,0,0,0,0,0,0,0,0,0.0,0
malware,1cb6857930e6dfb81e64adc931f00cccddaee61d7f8e4ca232fd44a3eaed6b1d.ole,data\raw\malware\1cb6857930e6dfb81e64adc931f00cccddaee61d7f8e4ca232fd44a3eaed6b1d.ole,163245,68,0,0,0,0,0.014705882352941176,unknown,0,0,0,0,1,0,0,0,0,0,13,5.821716355526493,1.6396850239302418,0.3520965420074122,0.35099390486691784,256,1,0,3,0,0,0,3,3,0,0,0,0,0.0,0
malware,1cb7d953eff1dbfb8d34964372f0a04a5c26143db0dd33e3fb4cf6cb670aa7dc.exe,data\raw\malware\1cb7d953eff1dbfb8d34964372f0a04a5c26143db0dd33e3fb4cf6cb670aa7dc.exe,143360,68,1,0,0,0,0.014705882352941176,executable,1,0,0,0,0,1,1,0,0,0,1,5.381266290897317,0.7076106434635016,0.20234375,0.43387276785714285,256,0,0,1,0,0,0,1,1,0,0,0,0,0.0,0
malware,1cc4e6ecab2c4d1d8867cc06c63c3287cc0f37d7c173d90b81fcd07ecd523bcf.ole,data\raw\malware\1cc4e6ecab2c4d1d8867cc06c63c3287cc0f37d7c173d90b81fcd07ecd523bcf.ole,156950,68,0,0,0,0,0.014705882352941176,unknown,0,0,0,0,1,0,0,0,0,0,6,5.827142660152417,1.610000346744518,0.3475501752150366,0.35147499203568017,256,1,0,3,0,0,0,3,3,0,0,0,0,0.0,0
malware,1cc50d61a6bf0c861758b63f0cd037d9978e4ab0cde48f7dc2836f3d09433a0b.exe,data\raw\malware\1cc50d61a6bf0c861758b63f0cd037d9978e4ab0cde48f7dc2836f3d09433a0b.exe,433664,68,1,0,0,0,0.014705882352941176,executable,1,0,0,0,0,1,1,0,0,0,5,7.873543165527558,6.102780152873363,0.3511820211038961,0.04030309179456907,256,0,0,0,0,0,0,0,0,0,0,0,0,0.0,0
malware,1cc632b8c6bdfb0f1980fc0df1ee8f86cf1b3a116c470111f9d124dd14e0deac.exe,data\raw\malware\1cc632b8c6bdfb0f1980fc0df1ee8f86cf1b3a116c470111f9d124dd14e0deac.exe,263680,68,1,0,0,0,0.014705882352941176,executable,1,0,0,0,0,1,1,0,0,0,6,7.803499244795794,5.581527861313936,0.35077745752427186,0.065014411407767,256,0,0,2,0,0,0,2,2,0,0,0,0,0.0,0
malware,1ccd12c7a63f087e44d2ca5af405f372c2c4d11700d79a97bd3644cf405c26bf.exe,data\raw\malware\1ccd12c7a63f087e44d2ca5af405f372c2c4d11700d79a97bd3644cf405c26bf.exe,458752,68,1,0,0,0,0.014705882352941176,executable,1,0,0,0,0,1,1,0,0,0,6,7.4638445483235865,0.6982937345829546,0.3183811732700893,0.13191877092633927,256,0,0,0,0,0,0,0,0,0,0,0,0,0.0,0
malware,1cd4f3488df1bfe81cb267d06b24bc3a483452009f6e79881f7dfda4c5644177.exe,data\raw\malware\1cd4f3488df1bfe81cb267d06b24bc3a483452009f6e79881f7dfda4c5644177.exe,433664,68,1,0,0,0,0.014705882352941176,executable,1,0,0,0,0,1,1,0,0,0,5,7.872270742517264,6.096550777657308,0.35133421266233766,0.04088418683589138,256,0,0,0,0,0,0,0,0,0,0,0,0,0.0,0
malware,1cd7afd4f773076a80337f135ca5295c29b32d298e8624ae1f2d0f536fc833ac.exe,data\raw\malware\1cd7afd4f773076a80337f135ca5295c29b32d298e8624ae1f2d0f536fc833ac.exe,143360,68,1,0,0,0,0.014705882352941176,executable,1,0,0,0,0,1,1,0,0,0,1,5.3812679147248135,0.7076106434635016,0.20233677455357144,0.43387276785714285,256,0,0,1,0,0,0,1,1,0,0,0,0,0.0,0
malware,1cdce53d0462d82498326d7f55ac17ff9399cb5c63c638159711dca37c9ff6d8.exe,data\raw\malware\1cdce53d0462d82498326d7f55ac17ff9399cb5c63c638159711dca37c9ff6d8.exe,421888,68,1,0,0,0,0.014705882352941176,executable,1,0,0,0,0,1,1,0,0,0,2,7.663426506758397,0.6706553238132172,0.3337923809162621,0.09612740822208737,256,0,0,0,0,0,0,0,0,0,0,0,0,0.0,0
malware,1cdf002f3301c1efd117c3d570e5f92013a7930aa192b00739a622ce77809b19.exe,data\raw\malware\1cdf002f3301c1efd117c3d570e5f92013a7930aa192b00739a622ce77809b19.exe,131168,68,1,0,0,0,0.014705882352941176,executable,1,0,0,0,0,1,1,0,0,0,1,6.856591454725542,5.295457025678133,0.2927314588924128,0.19012259087582337,256,1,2,0,0,0,0,0,0,0,0,0,0,0.0,0
malware,1ce21233fc53efd389c3d08fb17f9b7b048ed0a3ccbce55ef86b4b50995135d6.exe,data\raw\malware\1ce21233fc53efd389c3d08fb17f9b7b048ed0a3ccbce55ef86b4b50995135d6.exe,413696,68,1,0,0,0,0.014705882352941176,executable,1,0,0,0,0,1,1,0,0,0,6,7.670560219490866,0.6638835066735529,0.3340641437190594,0.09647905708539604,256,0,0,0,0,0,0,0,0,0,0,0,0,0.0,0
malware,1ce26d194042b9fb450ef208684b866a225dc748fb762054df5a0ff76e6e0453.exe,data\raw\malware\1ce26d194042b9fb450ef208684b866a225dc748fb762054df5a0ff76e6e0453.exe,118825,68,1,0,0,0,0.014705882352941176,executable,1,0,0,0,0,1,1,0,0,0,0,7.21673371737419,4.92982193118287,0.36979591836734693,0.137311171891437,256,0,0,0,0,0,0,0,0,0,0,0,0,0.0,0
malware,1ce440b619eab01e32a963bba55f5c62f287e5bba22e16a031a39d43eaa4587a.exe,data\raw\malware\1ce440b619eab01e32a963bba55f5c62f287e5bba22e16a031a39d43eaa4587a.exe,208896,68,1,0,0,0,0.014705882352941176,executable,1,0,0,0,0,1,1,0,0,0,1,6.441047859729096,0.9037575607359648,0.3114037607230392,0.20456590839460784,256,0,0,1,0,0,0,1,1,0,0,0,0,0.0,0
malware,1cf96183564153822974e45f1c89ffd9eddf28e46a85b8eaaa0260c518f7d466.exe,data\raw\malware\1cf96183564153822974e45f1c89ffd9eddf28e46a85b8eaaa0260c518f7d466.exe,413696,68,1,0,0,0,0.014705882352941176,executable,1,0,0,0,0,1,1,0,0,0,4,7.672094303262831,0.6638835066735529,0.333829672029703,0.09628084390470297,256,0,0,0,0,0,0,0,0,0,0,0,0,0.0,0
malware,1cfc4c0d683192cfa1446520d33f425b5a68ad8722d0ebc83dec38e81e4e2cf5.exe,data\raw\malware\1cfc4c0d683192cfa1446520d33f425b5a68ad8722d0ebc83dec38e81e4e2cf5.exe,74677,68,1,0,0,0,0.014705882352941176,executable,1,0,0,0,0,1,1,0,0,0,1,7.786052194270585,7.352962163202709,0.3407474858390134,0.06608460436278908,256,0,0,0,0,0,0,0,0,0,0,0,0,0.0,0
malware,1cfdf3557baac595ba38d84bececc11dcce0bc26a57be9b1997a0de58ff36eb0.exe,data\raw\malware\1cfdf3557baac595ba38d84bececc11dcce0bc26a57be9b1997a0de58ff36eb0.exe,413696,68,1,0,0,0,0.014705882352941176,executable,1,0,0,0,0,1,1,0,0,0,4,7.533141151558441,0.6651944027178771,0.3234017249381188,0.1246470838490099,256,0,0,0,0,0,0,0,0,0,0,0,0,0.0,0
malware,1d094beecd56ab33b6c148d46d32c8d0c9d628cd2008becb273565f1a7902649.ole,data\raw\malware\1d094beecd56ab33b6c148d46d32c8d0c9d628cd2008becb273565f1a7902649.ole,1400320,68,0,0,0,0,0.014705882352941176,unknown,0,0,0,0,1,0,0,0,0,0,24,7.995798770129614,2.678991923082633,0.3682501142595978,0.009280735831809873,256,0,0,0,0,0,0,0,0,0,0,0,0,0.0,0
malware,1d0c9620f0d36a7302088e48cc4fea491dc848bea1e226b37f8910ca59b2ef74.exe,data\raw\malware\1d0c9620f0d36a7302088e48cc4fea491dc848bea1e226b37f8910ca59b2ef74.exe,421888,68,1,0,0,0,0.014705882352941176,executable,1,0,0,0,0,1,1,0,0,0,3,7.688150958128533,0.6741425075314917,0.3343849552487864,0.09068994614684465,256,0,0,0,0,0,0,0,0,0,0,0,0,0.0,0
malware,1d122d73bbc11e04b09136d3795645111e93424e4b5de3f7d87e3458fed06481.exe,data\raw\malware\1d122d73bbc11e04b09136d3795645111e93424e4b5de3f7d87e3458fed06481.exe,389120,68,1,0,0,0,0.014705882352941176,executable,1,0,0,0,0,1,1,0,0,0,6,7.63084419064326,0.6549735291784344,0.3327302631578947,0.10443564967105264,256,0,0,0,0,0,0,0,0,0,0,0,0,0.0,0
malware,1d145429c44cd38f413b7de40880bc75bb4b48a87f77638a0fc8c519cc399a55.exe,data\raw\malware\1d145429c44cd38f413b7de40880bc75bb4b48a87f77638a0fc8c519cc399a55.exe,208896,68,1,0,0,0,0.014705882352941176,executable,1,0,0,0,0,1,1,0,0,0,1,6.166977316178659,0.9456974203485521,0.2855200674019608,0.24641448376225492,256,0,0,1,0,0,0,1,1,0,0,0,0,0.0,0
malware,1d26709f5afc640e1825ad27d6e49960b828c4224df3e5583575a1364c16ed3d.exe,data\raw\malware\1d26709f5afc640e1825ad27d6e49960b828c4224df3e5583575a1364c16ed3d.exe,263680,68,1,0,0,0,0.014705882352941176,executable,1,0,0,0,0,1,1,0,0,0,6,7.803499911954787,5.583557044294417,0.35077745752427186,0.065014411407767,256,0,0,2,0,0,0,2,2,0,0,0,0,0.0,0
malware,1d28a178f038c5789d832a236b5400404ad9d4e402420dcd728a31cfc595a334.ole,data\raw\malware\1d28a178f038c5789d832a236b5400404ad9d4e402420dcd728a31cfc595a334.ole,134348,68,0,0,0,0,0.014705882352941176,unknown,0,0,0,0,1,0,0,0,0,0,8,5.93578396210837,3.5110865123159365,0.31373001458897787,0.33276267603537085,256,1,0,0,0,0,0,0,0,0,0,0,0,0.0,0
malware,1d2bf8d22eeecff963437ca091244a4de2cb9c9f01b0219fb61c858e4bb9f41c.ole,data\raw\malware\1d2bf8d22eeecff963437ca091244a4de2cb9c9f01b0219fb61c858e4bb9f41c.ole,157120,68,0,0,0,0,0.014705882352941176,unknown,0,0,0,0,1,0,0,0,0,0,6,5.827139243662113,1.610000346744518,0.348237016293279,0.3510947046843177,256,1,0,3,0,0,0,3,3,0,0,0,0,0.0,0
malware,1d2eb7493020c5e0fc00e52f0b077a986b7687145493620279cff0cb0254b329.exe,data\raw\malware\1d2eb7493020c5e0fc00e52f0b077a986b7687145493620279cff0cb0254b329.exe,165024,68,1,0,0,0,0.014705882352941176,executable,1,0,0,0,0,1,1,0,0,0,0,5.61597566688562,5.038012179525608,0.24164363971301145,0.40461387434554974,256,0,0,4,0,0,0,4,4,0,0,0,0,0.0,0
malware,1d380a8bd11af52fd85e5db070b359ddf59ed6a59b1156658f2eabc3dca083a8.exe,data\raw\malware\1d380a8bd11af52fd85e5db070b359ddf59ed6a59b1156658f2eabc3dca083a8.exe,446464,68,1,0,0,0,0.014705882352941176,executable,1,0,0,0,0,1,1,0,0,0,2,7.496373750025928,0.7136045736816191,0.32104268205275227,0.12658803397362386,256,0,0,0,0,0,0,0,0,0,0,0,0,0.0,0
malware,1d498ff0434b9c382c6b6729584b6f2d016ba7cdd9e8f5a59330983814bfc809.exe,data\raw\malware\1d498ff0434b9c382c6b6729584b6f2d016ba7cdd9e8f5a59330983814bfc809.exe,409600,68,1,0,0,0,0.014705882352941176,executable,1,0,0,0,0,1,1,0,0,0,7,7.682359666023372,0.6819103497443487,0.3390625,0.09503662109375,256,0,0,0,0,0,0,0,0,0,0,0,0,0.0,0
malware,1d773d866966940f042d442b9e0cec638e733a83f7137cbdd4e70d4cb9803ada.exe,data\raw\malware\1d773d866966940f042d442b9e0cec638e733a83f7137cbdd4e70d4cb9803ada.exe,411136,68,1,0,0,0,0.014705882352941176,executable,1,0,0,0,0,1,1,0,0,0,6,7.877997864138242,7.460190066548028,0.30672818726650064,0.016242800435865505,256,0,0,0,0,0,0,0,0,0,0,0,0,0.0,0
malware,1d778e3c3afd2cb63447a222a718f4f7f781730c50a52521a8dd700082d70482.ole,data\raw\malware\1d778e3c3afd2cb63447a222a718f4f7f781730c50a52521a8dd700082d70482.ole,145111,68,0,0,0,0,0.014705882352941176,unknown,0,0,0,0,1,0,0,0,0,0,6,6.06606950210297,3.505982549950195,0.3816113182322498,0.29236239843981504,256,1,0,0,0,0,0,0,0,0,0,0,0,0.0,0
malware,1d7f315437c9b0adec98ad55a604dcea31ae25350591a95f6330e127b6c4edcd.exe,data\raw\malware\1d7f315437c9b0adec98ad55a604dcea31ae25350591a95f6330e127b6c4edcd.exe,367616,68,1,0,0,0,0.014705882352941176,executable,1,0,0,0,0,1,1,0,0,0,7,7.858853080442344,1.5557890414181323,0.3477296962047354,0.0545514885097493,256,0,0,0,0,0,0,0,0,0,0,0,0,0.0,0
malware,1d8337931c529274f7a3880e64ef041ae0aa8cb725f54a55efd32372cddf5218.exe,data\raw\malware\1d8337931c529274f7a3880e64ef041ae0aa8cb725f54a55efd32372cddf5218.exe,131168,68,1,0,0,0,0.014705882352941176,executable,1,0,0,0,0,1,1,0,0,0,1,6.857493946809772,5.294516911968389,0.2928076969992681,0.19028269090021957,256,1,2,0,0,0,0,0,0,0,0,0,0,0.0,0
malware,1d859f178058675075dc2bf7b7ffe7c4bd6a095cf2da986f904c064bd8066dcf.exe,data\raw\malware\1d859f178058675075dc2bf7b7ffe7c4bd6a095cf2da986f904c064bd8066dcf.exe,405504,68,1,0,0,0,0.014705882352941176,executable,1,0,0,0,0,1,1,0,0,0,6,7.3317118215431085,0.6701617567332763,0.31350122316919193,0.16220801767676768,256,0,0,0,0,0,0,0,0,0,0,0,0,0.0,0
malware,1d9027473fe8493eb6724c8cdf15cec4d1b161b276eb893fc12052a62ff54cc4.exe,data\raw\malware\1d9027473fe8493eb6724c8cdf15cec4d1b161b276eb893fc12052a62ff54cc4.exe,417792,68,1,0,0,0,0.014705882352941176,executable,1,0,0,0,0,1,1,0,0,0,2,7.666388320805794,0.7132804617055618,0.3319115732230392,0.09163890165441177,256,0,0,0,0,0,0,0,0,0,0,0,0,0.0,0
malware,1d940e064cb743cd9e18abfcc4f92d45d03dff7d8728d74988d8cf00a552d91b.exe,data\raw\malware\1d940e064cb743cd9e18abfcc4f92d45d03dff7d8728d74988d8cf00a552d91b.exe,417792,68,1,0,0,0,0.014705882352941176,executable,1,0,0,0,0,1,1,0,0,0,8,7.767141061179092,0.7070085405106297,0.34197160309436275,0.06893142999387254,256,0,0,0,0,0,0,0,0,0,0,0,0,0.0,0
malware,1d94c9dc4102a5fd0a7efa7726aceecfcb4917ffd863ca6c379a3a6ad30bb291.exe,data\raw\malware\1d94c9dc4102a5fd0a7efa7726aceecfcb4917ffd863ca6c379a3a6ad30bb291.exe,284184,68,1,0,0,0,0.014705882352941176,executable,1,0,0,0,0,1,1,0,0,0,4,7.6390191407054155,5.016639056172815,0.3869570419165048,0.06568631590800326,256,0,0,0,0,0,0,0,0,0,0,0,0,0.0,0
malware,1d9754d306c2afe8fd501b6a7449ce2b31988935a52af20866fe321c5a5b0645.ole,data\raw\malware\1d9754d306c2afe8fd501b6a7449ce2b31988935a52af20866fe321c5a5b0645.ole,150965,68,0,0,0,0,0.014705882352941176,unknown,0,0,0,0,1,0,0,0,0,0,6,6.028910137155071,3.5101156485396783,0.37830622992084256,0.2947703109992382,256,1,0,0,0,0,0,0,0,0,0,0,0,0.0,0
malware,1da4dccfb402bcfbc196d4989b4e42cecc84ec692223160fdef6f202297a9f23.exe,data\raw\malware\1da4dccfb402bcfbc196d4989b4e42cecc84ec692223160fdef6f202297a9f23.exe,413696,68,1,0,0,0,0.014705882352941176,executable,1,0,0,0,0,1,1,0,0,0,4,7.671162535009737,0.6601077473333207,0.33098700495049505,0.09642104347153466,256,0,0,0,0,0,0,0,0,0,0,0,0,0.0,0
malware,1da795f3d31bb8a9653f3df3ca2a6613c7769468ffb6f332113359626a7a5cf6.exe,data\raw\malware\1da795f3d31bb8a9653f3df3ca2a6613c7769468ffb6f332113359626a7a5cf6.exe,371808,68,1,0,0,0,0.014705882352941176,executable,1,0,0,0,0,1,1,0,0,0,2,6.569470715082001,4.123606074004003,0.26013964196574574,0.26448597125398055,256,1,2,0,0,0,0,0,0,0,0,0,0,0.0,0
malware,1dad6e730d5c249b9ed1217a4cc8e9b14efb9e3a8e12773bc6fea43760f8cc5b.exe,data\raw\malware\1dad6e730d5c249b9ed1217a4cc8e9b14efb9e3a8e12773bc6fea43760f8cc5b.exe,212992,68,1,0,0,0,0.014705882352941176,executable,1,0,0,0,0,1,1,0,0,0,1,6.170123101858315,0.9287707242999401,0.2854755108173077,0.24468055138221154,256,0,0,1,0,0,0,1,1,0,0,0,0,0.0,0
malware,1dbb1b7a9fc1079a5ef2c16b71aaf6ace9ad7eaa4e71ac6de93b094269045e0f.exe,data\raw\malware\1dbb1b7a9fc1079a5ef2c16b71aaf6ace9ad7eaa4e71ac6de93b094269045e0f.exe,214528,68,1,0,0,0,0.014705882352941176,executable,1,0,0,0,0,1,1,0,0,0,3,6.999443281179815,6.609014793346763,0.3043425566825776,0.21365509397374702,256,0,0,0,0,0,0,0,0,0,0,0,0,0.0,0
malware,1dbf7365f88340c6b03f3bdff1dc8bc24244aabbc41f74a9eff8ab6e888d36d5.exe,data\raw\malware\1dbf7365f88340c6b03f3bdff1dc8bc24244aabbc41f74a9eff8ab6e888d36d5.exe,438272,68,1,0,0,0,0.014705882352941176,executable,1,0,0,0,0,1,1,0,0,0,5,7.504165530592351,0.7029622401684342,0.3225599627628505,0.1274779132593458,256,0,0,0,0,0,0,0,0,0,0,0,0,0.0,0
malware,1dbfbe7930165984bbad05db489b135c87c66e47cfd9fd11cd8729c23fc7ce06.exe,data\raw\malware\1dbfbe7930165984bbad05db489b135c87c66e47cfd9fd11cd8729c23fc7ce06.exe,124896,68,1,0,0,0,0.014705882352941176,executable,1,0,0,0,0,1,1,0,0,0,1,6.714083190098152,5.013797820617827,0.2878795157571099,0.11297399436331028,256,0,0,0,0,0,0,0,0,0,0,0,0,0.0,0
malware,1dc15a880a81530fc3bb9054c32e00d0071f81e199abd26581bbcca7bde7fced.exe,data\raw\malware\1dc15a880a81530fc3bb9054c32e00d0071f81e199abd26581bbcca7bde7fced.exe,430080,68,1,0,0,0,0.014705882352941176,executable,1,0,0,0,0,1,1,0,0,0,3,7.658062568090992,0.7019623917353132,0.3322242373511905,0.0937895275297619,256,0,0,0,0,0,0,0,0,0,0,0,0,0.0,0
malware,1dcc59731db9dca38547258c3b0f60d89559d676fedbacbe210e612620126061.exe,data\raw\malware\1dcc59731db9dca38547258c3b0f60d89559d676fedbacbe210e612620126061.exe,352256,68,1,0,0,0,0.014705882352941176,executable,1,0,0,0,0,1,1,0,0,0,5,7.773395067130731,0.6790211716642571,0.34294944585755816,0.06949491279069768,256,0,0,0,0,0,0,0,0,0,0,0,0,0.0,0
malware,1dd304879c4da40b83a23df44726fd280b3cb8e125b58b293f6051ee73b724c3.exe,data\raw\malware\1dd304879c4da40b83a23df44726fd280b3cb8e125b58b293f6051ee73b724c3.exe,430080,68,1,0,0,0,0.014705882352941176,executable,1,0,0,0,0,1,1,0,0,0,8,7.660337697146111,0.6694605053646563,0.3317127046130952,0.09537295386904762,256,0,0,0,0,0,0,0,0,0,0,0,0,0.0,0
malware,1dd64f94e0701895d109acedac407579e1d9d63911655090d1db82229ade4e65.exe,data\raw\malware\1dd64f94e0701895d109acedac407579e1d9d63911655090d1db82229ade4e65.exe,143400,68,1,0,0,0,0.014705882352941176,executable,1,0,0,0,0,1,1,0,0,0,1,6.777579543689774,5.491205340421185,0.3296652719665272,0.21560669456066944,256,1,2,0,0,0,0,0,0,0,0,0,0,0.0,0
malware,1ddc98b920be988f0b11cbda5cb9777059337707892c9536fddcaa195129dddb.exe,data\raw\malware\1ddc98b920be988f0b11cbda5cb9777059337707892c9536fddcaa195129dddb.exe,438272,68,1,0,0,0,0.014705882352941176,executable,1,0,0,0,0,1,1,0,0,0,2,7.504378201413167,0.7029622401684342,0.3211019640771028,0.1275189836448598,256,0,0,0,0,0,0,0,0,0,0,0,0,0.0,0
malware,1dddf4dc9077931adb5fb379f30a7188bc1def5fc3abd7bc3e5feb5caf79334a.exe,data\raw\malware\1dddf4dc9077931adb5fb379f30a7188bc1def5fc3abd7bc3e5feb5caf79334a.exe,168960,68,1,0,0,0,0.014705882352941176,executable,1,0,0,0,0,1,1,0,0,0,2,7.8283467260021995,5.121563219955308,0.35655776515151516,0.04901751893939394,256,0,0,1,0,0,0,1,1,0,0,0,0,0.0,0
malware,1de06764fa9ac9c06607f1a17834ca94d8af01be08f3bdccae5974a51900051b.exe,data\raw\malware\1de06764fa9ac9c06607f1a17834ca94d8af01be08f3bdccae5974a51900051b.exe,356352,68,1,0,0,0,0.014705882352941176,executable,1,0,0,0,0,1,1,0,0,0,4,7.726853473688631,0.6665996299829878,0.3361311287715517,0.08069829831178162,256,0,0,0,0,0,0,0,0,0,0,0,0,0.0,0
malware,1df08002d593885dc9c6ae06c88c91af20f4395d3686c6febc34a8a6ac8cf9d1.exe,data\raw\malware\1df08002d593885dc9c6ae06c88c91af20f4395d3686c6febc34a8a6ac8cf9d1.exe,409600,68,1,0,0,0,0.014705882352941176,executable,1,0,0,0,0,1,1,0,0,0,5,7.302442532603353,0.6641852111058699,0.30962646484375,0.1669677734375,256,0,0,0,0,0,0,0,0,0,0,0,0,0.0,0
malware,1dfa83dce16bbb2e37e8c79f66bc06d2d4820405d9cf65cf48087b76d840c29b.exe,data\raw\malware\1dfa83dce16bbb2e37e8c79f66bc06d2d4820405d9cf65cf48087b76d840c29b.exe,413696,68,1,0,0,0,0.014705882352941176,executable,1,0,0,0,0,1,1,0,0,0,5,7.674988705889977,0.6560055904014742,0.33569094214108913,0.09617932008044554,256,0,0,0,0,0,0,0,0,0,0,0,0,0.0,0
malware,1dfc6a1b4b1551ce51faf98bcf51e656c7df051cd466c141b5764baacffbef01.exe,data\raw\malware\1dfc6a1b4b1551ce51faf98bcf51e656c7df051cd466c141b5764baacffbef01.exe,313384,68,1,0,0,0,0.014705882352941176,executable,1,0,0,0,0,1,1,0,0,0,1,7.483719906731149,4.8892327737294785,0.35470221836468996,0.09822773338779262,256,1,2,0,1,0,0,0,1,0,0,0,0,0.0,0
malware,1dffd1a3003bc229dd78d26c77bb5164c33989baffd55126a55abb1e9f346a51.exe,data\raw\malware\1dffd1a3003bc229dd78d26c77bb5164c33989baffd55126a55abb1e9f346a51.exe,148480,68,1,0,0,0,0.014705882352941176,executable,1,0,0,0,0,1,1,0,0,0,3,7.4462718399201115,2.729751451756664,0.35769127155172414,0.11916756465517242,256,0,0,1,0,0,0,1,1,0,0,0,0,0.0,0
malware,1e0c2b85cfe4b4d6edce3c3e70d2f011a3ccbee557ca7b32231997c1a64603bd.exe,data\raw\malware\1e0c2b85cfe4b4d6edce3c3e70d2f011a3ccbee557ca7b32231997c1a64603bd.exe,263680,68,1,0,0,0,0.014705882352941176,executable,1,0,0,0,0,1,1,0,0,0,6,7.803497844829786,5.582967144572032,0.35077745752427186,0.065014411407767,256,0,0,2,0,0,0,2,2,0,0,0,0,0.0,0
malware,1e0c3e95086cd0599e0e94ef14b950d392b4c9d091a80ecde4b3f765f6b03622.exe,data\raw\malware\1e0c3e95086cd0599e0e94ef14b950d392b4c9d091a80ecde4b3f765f6b03622.exe,157184,68,1,0,0,0,0.014705882352941176,executable,1,0,0,0,0,1,1,0,0,0,2,7.763414636856886,5.891314275486063,0.35186787459283386,0.05931901465798046,256,0,0,2,0,0,0,2,2,0,0,0,0,0.0,0
malware,1e13dfcc1d06b13cc7abc80686596dd0b7304c471b175288a260a74c0b21189b.exe,data\raw\malware\1e13dfcc1d06b13cc7abc80686596dd0b7304c471b175288a260a74c0b21189b.exe,425984,68,1,0,0,0,0.014705882352941176,executable,1,0,0,0,0,1,1,0,0,0,3,7.762922615821509,0.6955772553209603,0.3395268366887019,0.06846266526442307,256,0,0,0,0,0,0,0,0,0,0,0,0,0.0,0
malware,1e168bdc8a66c8483343a4847d2ea31cadfca3b8aa3ae591dbf5bc2b6b5e5a79.exe,data\raw\malware\1e168bdc8a66c8483343a4847d2ea31cadfca3b8aa3ae591dbf5bc2b6b5e5a79.exe,433152,68,1,0,0,0,0.014705882352941176,executable,1,0,0,0,0,1,1,0,0,0,7,7.873779605769165,6.104820745575016,0.35362874926122934,0.040447695035460994,256,0,0,0,0,0,0,0,0,0,0,0,0,0.0,0
malware,1e20c9446c5047f8334a48003fbed1f0f0f81328c02f26bb557156962fd551ca.exe,data\raw\malware\1e20c9446c5047f8334a48003fbed1f0f0f81328c02f26bb557156962fd551ca.exe,442368,68,1,0,0,0,0.014705882352941176,executable,1,0,0,0,0,1,1,0,0,0,6,7.627219150868658,0.6979149202909627,0.3267890082465278,0.09801793981481481,256,0,0,0,0,0,0,0,0,0,0,0,0,0.0,0
malware,1e2e6b9342cd42be42c9461885c9707c5189a6eac2e34f84a23ea1e1c6cca685.exe,data\raw\malware\1e2e6b9342cd42be42c9461885c9707c5189a6eac2e34f84a23ea1e1c6cca685.exe,405504,68,1,0,0,0,0.014705882352941176,executable,1,0,0,0,0,1,1,0,0,0,6,7.330505849044483,0.6665156795051888,0.3126454979482323,0.16248914930555555,256,0,0,0,0,0,0,0,0,0,0,0,0,0.0,0
malware,1e3f11177e3a8ad11540bd4759f5742c1faa8494b9cd62cd393693efbb463d12.ole,data\raw\malware\1e3f11177e3a8ad11540bd4759f5742c1faa8494b9cd62cd393693efbb463d12.ole,161009,68,0,0,0,0,0.014705882352941176,unknown,0,0,0,0,1,0,0,0,0,0,6,5.743713942346017,1.6085321813871818,0.3529367923532225,0.3593712152736804,256,1,0,3,0,0,0,3,3,0,0,0,0,0.0,0
malware,1e3f95d85d30adb66bcce8d63d7068174303e6a6bf54a881d5654b7782ee8ac6.exe,data\raw\malware\1e3f95d85d30adb66bcce8d63d7068174303e6a6bf54a881d5654b7782ee8ac6.exe,458752,68,1,0,0,0,0.014705882352941176,executable,1,0,0,0,0,1,1,0,0,0,7,7.584890026479326,0.7035784235551089,0.32678658621651785,0.10689217703683036,256,0,0,0,0,0,0,0,0,0,0,0,0,0.0,0
malware,1e44f9339aab6e8932b7dd9cb447ed29f929a5972d6e56b25d77c3d109a5d02a.exe,data\raw\malware\1e44f9339aab6e8932b7dd9cb447ed29f929a5972d6e56b25d77c3d109a5d02a.exe,214016,68,1,0,0,0,0.014705882352941176,executable,1,0,0,0,0,1,1,0,0,0,4,7.013697514388428,6.592576767723173,0.30674809360047844,0.211446807715311,256,0,0,0,0,0,0,0,0,0,0,0,0,0.0,0
malware,1e46aa822d5151c2591d6f30eedce485add267ca8ce81f33eafd92ae441de991.exe,data\raw\malware\1e46aa822d5151c2591d6f30eedce485add267ca8ce81f33eafd92ae441de991.exe,174592,68,1,0,0,0,0.014705882352941176,executable,1,0,0,0,0,1,1,0,0,0,0,7.792609494543888,4.859734082067399,0.3563450788123167,0.06018603372434018,256,0,0,3,0,0,0,3,3,0,0,0,0,0.0,0
malware,1e5ab6c918dd8bda0f10b979d85d75047b143a1f2f2370719843adce2d0274f2.ole,data\raw\malware\1e5ab6c918dd8bda0f10b979d85d75047b143a1f2f2370719843adce2d0274f2.ole,136019,68,0,0,0,0,0.014705882352941176,unknown,0,0,0,0,1,0,0,0,0,0,6,5.928280066885301,3.421290367319551,0.3201685058705034,0.3290275623258515,256,1,0,0,0,0,0,0,0,0,0,0,0,0.0,0
malware,1e5ce9d0180f8f92a7e9a04113a072e1b1b6c57f8a500b0ebea86d967e594884.exe,data\raw\malware\1e5ce9d0180f8f92a7e9a04113a072e1b1b6c57f8a500b0ebea86d967e594884.exe,352256,68,1,0,0,0,0.014705882352941176,executable,1,0,0,0,0,1,1,0,0,0,4,7.775518332629362,0.67822890787084,0.33728311228197677,0.0695289789244186,256,0,0,0,0,0,0,0,0,0,0,0,0,0.0,0
malware,1e6d17ae25ac571822cac82f84171c5726870ef0889d224763f3b35ba0173970.exe,data\raw\malware\1e6d17ae25ac571822cac82f84171c5726870ef0889d224763f3b35ba0173970.exe,466944,68,1,0,0,0,0.014705882352941176,executable,1,0,0,0,0,1,1,0,0,0,7,7.292858514149,0.7116707036748862,0.30772854989035087,0.1643751713267544,256,0,0,0,0,0,0,0,0,0,0,0,0,0.0,0
malware,1e6dbcd6568f351d6b084c75dab9b4f195c1bbab2069c1563dbb0867db4b34bb.exe,data\raw\malware\1e6dbcd6568f351d6b084c75dab9b4f195c1bbab2069c1563dbb0867db4b34bb.exe,165024,68,1,0,0,0,0.014705882352941176,executable,1,0,0,0,0,1,1,0,0,0,1,5.611823132850839,5.038346060697284,0.24114674229203026,0.4052380259840993,256,0,0,4,0,0,0,4,4,0,0,0,0,0.0,0
malware,1e779ab26512d6cfc42d803a0a2894ad9107c2b976ed5f899d7442254dbaa47a.exe,data\raw\malware\1e779ab26512d6cfc42d803a0a2894ad9107c2b976ed5f899d7442254dbaa47a.exe,458752,68,1,0,0,0,0.014705882352941176,executable,1,0,0,0,0,1,1,0,0,0,7,7.480230426216424,0.7117424429390905,0.31454249790736605,0.12895420619419642,256,0,0,0,0,0,0,0,0,0,0,0,0,0.0,0
malware,1e79bf0333eef9eb971c3316c9c995cac65c388dcea8ec733175f33b045fac00.exe,data\raw\malware\1e79bf0333eef9eb971c3316c9c995cac65c388dcea8ec733175f33b045fac00.exe,454656,68,1,0,0,0,0.014705882352941176,executable,1,0,0,0,0,1,1,0,0,0,5,7.412091785639075,0.7094623504707366,0.31194133586711714,0.14253193623310811,256,0,0,0,0,0,0,0,0,0,0,0,0,0.0,0
malware,1e7a506e35c445e922bb2e53347e83bcaeceb03068d66fca67c229e273c71950.exe,data\raw\malware\1e7a506e35c445e922bb2e53347e83bcaeceb03068d66fca67c229e273c71950.exe,479232,68,1,0,0,0,0.014705882352941176,executable,1,0,0,0,0,1,1,0,0,0,4,7.339446961279386,0.699387450051497,0.3096475193643162,0.1554862780448718,256,0,0,0,0,0,0,0,0,0,0,0,0,0.0,0
malware,1e8331a7a299a4feec06cbc21633687e45e8ffaded9e00a64feed7c256d9b9c9.exe,data\raw\malware\1e8331a7a299a4feec06cbc21633687e45e8ffaded9e00a64feed7c256d9b9c9.exe,471040,68,1,0,0,0,0.014705882352941176,executable,1,0,0,0,0,1,1,0,0,0,9,7.352117535711221,0.6878833734057803,0.31038340692934785,0.15185971467391304,256,0,0,0,0,0,0,0,0,0,0,0,0,0.0,0
malware,1e8efc4f5bc3f4c1233e6072bba8d608c2c37a722e84f3a69a5776225d962922.ole,data\raw\malware\1e8efc4f5bc3f4c1233e6072bba8d608c2c37a722e84f3a69a5776225d962922.ole,169074,68,0,0,0,0,0.014705882352941176,unknown,0,0,0,0,1,0,0,0,0,0,13,5.754180161420038,1.5728037756193889,0.3565716786732437,0.35682009061121167,256,1,0,3,0,0,0,3,3,0,0,0,0,0.0,0
malware,1e92ceb6bb669470e01b3dc1f893716a85d0235930c8f12fa75ec15d9b1b4527.ole,data\raw\malware\1e92ceb6bb669470e01b3dc1f893716a85d0235930c8f12fa75ec15d9b1b4527.ole,236134,68,0,0,0,0,0.014705882352941176,unknown,0,0,0,0,1,0,0,0,0,0,11,6.763969476543893,1.5796237215346853,0.3345600379445569,0.23691209228658305,256,1,0,0,0,0,0,0,0,0,0,0,0,0.0,0
malware,1e950779f8fd3410fa8356eb5a2ce8cbc811816c9c5cbadd4ca8a8e82eb73dee.exe,data\raw\malware\1e950779f8fd3410fa8356eb5a2ce8cbc811816c9c5cbadd4ca8a8e82eb73dee.exe,208896,68,1,0,0,0,0.014705882352941176,executable,1,0,0,0,0,1,1,0,0,0,1,6.442396680616323,0.8986667382238519,0.31160960477941174,0.20424038756127452,256,0,0,1,0,0,0,1,1,0,0,0,0,0.0,0
malware,1e9dd29c0e18bcc64ff4f5144e4f84d3f2f3c335f7926b53b83a63c4bc18e010.exe,data\raw\malware\1e9dd29c0e18bcc64ff4f5144e4f84d3f2f3c335f7926b53b83a63c4bc18e010.exe,127968,68,1,0,0,0,0.014705882352941176,executable,1,0,0,0,0,1,1,0,0,0,1,6.68893798516904,5.154401834167473,0.26792635658914726,0.11726369092273069,256,0,0,0,0,0,0,0,0,0,0,0,0,0.0,0
malware,1ea48ca958762c8e97da7161713a28177818abaeb23f7ceb5405417798f93941.exe,data\raw\malware\1ea48ca958762c8e97da7161713a28177818abaeb23f7ceb5405417798f93941.exe,158720,68,1,0,0,0,0.014705882352941176,executable,1,0,0,0,0,1,1,0,0,0,1,7.767690189259074,5.860302964184723,0.3450163810483871,0.05473160282258065,256,0,0,2,1,0,0,2,3,0,0,0,0,0.0,0
malware,1eb825452f8266fbe1ecc746e17f65e206bc18698508c3a5ce62b1122d2cb4f7.exe,data\raw\malware\1eb825452f8266fbe1ecc746e17f65e206bc18698508c3a5ce62b1122d2cb4f7.exe,356352,68,1,0,0,0,0.014705882352941176,executable,1,0,0,0,0,1,1,0,0,0,5,7.7315340185617805,0.6553801901319852,0.333355783045977,0.07946637033045977,256,0,0,0,0,0,0,0,0,0,0,0,0,0.0,0
malware,1ebbcdcba9cd9122f3dd11dd5fb327c9ace359c0612cc83143bea530a569d070.exe,data\raw\malware\1ebbcdcba9cd9122f3dd11dd5fb327c9ace359c0612cc83143bea530a569d070.exe,438272,68,1,0,0,0,0.014705882352941176,executable,1,0,0,0,0,1,1,0,0,0,5,7.505255637480224,0.7029622401684342,0.31996112003504673,0.12745053300233644,256,0,0,0,0,0,0,0,0,0,0,0,0,0.0,0
malware,1ebec338c01c756d0adc2b83783603c355effa62e4e58ca8625325c513057fd8.exe,data\raw\malware\1ebec338c01c756d0adc2b83783603c355effa62e4e58ca8625325c513057fd8.exe,131168,68,1,0,0,0,0.014705882352941176,executable,1,0,0,0,0,1,1,0,0,0,1,6.857563274188808,5.295826074710299,0.29268571602829957,0.19029793852159063,256,1,2,0,0,0,0,0,0,0,0,0,0,0.0,0
malware,1ecab31e763fef8754bcee87d50d0d714bda1359681b08540baedf310059ffcf.exe,data\raw\malware\1ecab31e763fef8754bcee87d50d0d714bda1359681b08540baedf310059ffcf.exe,458752,68,1,0,0,0,0.014705882352941176,executable,1,0,0,0,0,1,1,0,0,0,5,7.505699240859849,0.7021844606145954,0.3183201381138393,0.12410627092633929,256,0,0,0,0,0,0,0,0,0,0,0,0,0.0,0
malware,1ed59a443752b052a4ad4014989e564cbf2b07574fe3bc206a07dd043b3148ec.ole,data\raw\malware\1ed59a443752b052a4ad4014989e564cbf2b07574fe3bc206a07dd043b3148ec.ole,158159,68,0,0,0,0,0.014705882352941176,unknown,0,0,0,0,1,0,0,0,0,0,6,5.805992679917747,1.631559271160622,0.3467333506155198,0.3548391175968487,256,1,0,3,0,0,0,3,3,0,0,0,0,0.0,0
malware,1edb5c54fee229f7a710437d7356d55d4343437e46e849802c75ae6101162c47.ole,data\raw\malware\1edb5c54fee229f7a710437d7356d55d4343437e46e849802c75ae6101162c47.ole,156884,68,0,0,0,0,0.014705882352941176,unknown,0,0,0,0,1,0,0,0,0,0,6,5.766811206777095,1.6197459551897646,0.34389740190204227,0.3608271079268759,256,1,0,3,0,0,0,3,3,0,0,0,0,0.0,0
malware,1ede1debd9792d664df61ce172092a595c3d73bb82d069130ee4dedd22ebcde8.exe,data\raw\malware\1ede1debd9792d664df61ce172092a595c3d73bb82d069130ee4dedd22ebcde8.exe,454656,68,1,0,0,0,0.014705882352941176,executable,1,0,0,0,0,1,1,0,0,0,3,7.472225932311153,0.6771558040613446,0.314745653856982,0.1309033643018018,256,0,0,0,0,0,0,0,0,0,0,0,0,0.0,0
malware,1eede5386bd62dc36d25aa0f952545ed730086fff2014c00043677da2bc4eedb.exe,data\raw\malware\1eede5386bd62dc36d25aa0f952545ed730086fff2014c00043677da2bc4eedb.exe,434176,68,1,0,0,0,0.014705882352941176,executable,1,0,0,0,0,1,1,0,0,0,4,7.506672559118537,0.7228503620459709,0.3220836711379717,0.12758881191037735,256,0,0,0,0,0,0,0,0,0,0,0,0,0.0,0
malware,1eefa6cd4e20164ba82e1f29ee574d89fcdb15a6acd46434b2d04f8cf2fc0b59.exe,data\raw\malware\1eefa6cd4e20164ba82e1f29ee574d89fcdb15a6acd46434b2d04f8cf2fc0b59.exe,434176,68,1,0,0,0,0.014705882352941176,executable,1,0,0,0,0,1,1,0,0,0,2,7.506185145322149,0.7228503620459709,0.32209749041863206,0.1276095408313679,256,0,0,0,0,0,0,0,0,0,0,0,0,0.0,0
malware,1efc2c675e9512fc7a73e773437a2237aac2092c0489c7e1c78bc49085cef58c.exe,data\raw\malware\1efc2c675e9512fc7a73e773437a2237aac2092c0489c7e1c78bc49085cef58c.exe,221184,68,1,0,0,0,0.014705882352941176,executable,1,0,0,0,0,1,1,0,0,0,1,6.481720261318154,0.9730982208414966,0.3166775173611111,0.1973560474537037,256,0,0,1,0,0,0,1,1,0,0,0,0,0.0,0
malware,1efd5544a7cb09bb1914fffc062ce751984321f433f4291849bde20dc8748e75.exe,data\raw\malware\1efd5544a7cb09bb1914fffc062ce751984321f433f4291849bde20dc8748e75.exe,409600,68,1,0,0,0,0.014705882352941176,executable,1,0,0,0,0,1,1,0,0,0,9,7.212845587387346,0.7237830903487885,0.3042236328125,0.17779052734375,256,0,0,0,0,0,0,0,0,0,0,0,0,0.0,0
malware,1f00efefd4683a6ed68b5a5806ab65de56a474e12d9b0e1a7e627b9b99152503.exe,data\raw\malware\1f00efefd4683a6ed68b5a5806ab65de56a474e12d9b0e1a7e627b9b99152503.exe,425984,68,1,0,0,0,0.014705882352941176,executable,1,0,0,0,0,1,1,0,0,0,5,7.676126073326256,0.6692839088148469,0.33184579702524036,0.09275465745192307,256,0,0,0,0,0,0,0,0,0,0,0,0,0.0,0
malware,1f02d905ca89f0dde8c1b912169ddd4ce571417ffdd89cd3f3e1b0c7f20a10ee.exe,data\raw\malware\1f02d905ca89f0dde8c1b912169ddd4ce571417ffdd89cd3f3e1b0c7f20a10ee.exe,226304,68,1,0,0,0,0.014705882352941176,executable,1,0,0,0,0,1,1,0,0,0,1,7.1254873846275935,6.252804638495646,0.16178238122171945,0.03977835124434389,256,0,0,2,0,0,0,2,2,0,0,0,0,0.0,0
malware,1f062a9ef2d4bee6616ad9960649fd731ebbaa20b8b5e07d2531eda35d4d940d.exe,data\raw\malware\1f062a9ef2d4bee6616ad9960649fd731ebbaa20b8b5e07d2531eda35d4d940d.exe,405504,68,1,0,0,0,0.014705882352941176,executable,1,0,0,0,0,1,1,0,0,0,4,7.653289374264783,0.6676237263578241,0.3343246922348485,0.10100763494318182,256,0,0,0,0,0,0,0,0,0,0,0,0,0.0,0
malware,1f072b17e37be55625aff57161b8ac013692ac5b2e621133d1fc6ed1ad3b20b8.ole,data\raw\malware\1f072b17e37be55625aff57161b8ac013692ac5b2e621133d1fc6ed1ad3b20b8.ole,137634,68,0,0,0,0,0.014705882352941176,unknown,0,0,0,0,1,0,0,0,0,0,6,5.934135275240867,3.421290367319551,0.3281674586221428,0.3251740122353488,256,1,0,0,0,0,0,0,0,0,0,0,0,0.0,0
malware,1f081d0f12a5161bf95169b46968629de32ad99feb77461703d37b07c00c8982.ole,data\raw\malware\1f081d0f12a5161bf95169b46968629de32ad99feb77461703d37b07c00c8982.ole,135058,68,0,0,0,0,0.014705882352941176,unknown,0,0,0,0,1,0,0,0,0,0,8,5.936257410806155,3.5110865123159365,0.3173303321535933,0.33100593818951857,256,1,0,0,0,0,0,0,0,0,0,0,0,0.0,0
malware,1f0966c06595cc3f5e10030ac1af055e90d5502ad15870bfdb498b9f6840c7d8.ole,data\raw\malware\1f0966c06595cc3f5e10030ac1af055e90d5502ad15870bfdb498b9f6840c7d8.ole,144790,68,0,0,0,0,0.014705882352941176,unknown,0,0,0,0,1,0,0,0,0,0,6,6.063777681648718,3.505982549950195,0.3802265349816976,0.29302438013674975,256,1,0,0,0,0,0,0,0,0,0,0,0,0.0,0
malware,1f16a93a5b72ed33ac9d9c9874464ba9d29443b7a9934c046bd99e0b7094d842.ole,data\raw\malware\1f16a93a5b72ed33ac9d9c9874464ba9d29443b7a9934c046bd99e0b7094d842.ole,238285,68,0,0,0,0,0.014705882352941176,unknown,0,0,0,0,1,0,0,0,0,0,11,6.768985687001683,1.6604477401757731,0.3387246364647376,0.23551629351406927,256,1,0,0,0,0,0,0,0,0,0,0,0,0.0,0
malware,1f2679c6694f4a721a5daece784bd0d73194a99edf89eaa72e1c73ac00778c52.exe,data\raw\malware\1f2679c6694f4a721a5daece784bd0d73194a99edf89eaa72e1c73ac00778c52.exe,313384,68,1,0,0,0,0.014705882352941176,executable,1,0,0,0,0,1,1,0,0,0,1,7.483919830002945,4.887775966455159,0.3543224925331223,0.09822135144104358,256,1,2,0,1,0,0,0,1,0,0,0,0,0.0,0
malware,1f277d411c9ddeb257e8c57966df81d7ab1fc9dfefea86847baf9281bd13744d.exe,data\raw\malware\1f277d411c9ddeb257e8c57966df81d7ab1fc9dfefea86847baf9281bd13744d.exe,389120,68,1,0,0,0,0.014705882352941176,executable,1,0,0,0,0,1,1,0,0,0,6,7.634730125724368,0.6549576767452627,0.3337196751644737,0.10391395970394737,256,0,0,0,0,0,0,0,0,0,0,0,0,0.0,0
malware,1f2861a49566455fe3382c1b952cf642ac57a75f3bc2d044dca85b22ba25aeca.exe,data\raw\malware\1f2861a49566455fe3382c1b952cf642ac57a75f3bc2d044dca85b22ba25aeca.exe,151040,68,1,0,0,0,0.014705882352941176,executable,1,0,0,0,0,1,1,0,0,0,3,7.426029710532788,2.7323651731948435,0.3212725105932203,0.1053032309322034,256,0,0,1,0,0,0,1,1,0,0,0,0,0.0,0
malware,1f2868b320098b5633bed555d2eb3b54b9741b09f898bb83220713cbf033fdba.exe,data\raw\malware\1f2868b320098b5633bed555d2eb3b54b9741b09f898bb83220713cbf033fdba.exe,405504,68,1,0,0,0,0.014705882352941176,executable,1,0,0,0,0,1,1,0,0,0,7,7.652935558885415,0.6659745839012412,0.3340756194760101,0.10103476167929293,256,0,0,0,0,0,0,0,0,0,0,0,0,0.0,0
malware,1f45490de5a0c47cb6daad65e6371bf65565b14b3d427b01c33022d011266b64.exe,data\raw\malware\1f45490de5a0c47cb6daad65e6371bf65565b14b3d427b01c33022d011266b64.exe,167936,68,1,0,0,0,0.014705882352941176,executable,1,0,0,0,0,1,1,0,0,0,4,7.837277713449482,6.7501386272862085,0.35486733041158536,0.053794302591463415,256,0,0,2,0,0,0,2,2,0,0,0,0,0.0,0
malware,1f4eb218f8b0d0b65932d1662dd16993897ba907b006776b0435e56cd32193b2.ole,data\raw\malware\1f4eb218f8b0d0b65932d1662dd16993897ba907b006776b0435e56cd32193b2.ole,872960,68,0,0,0,0,0.014705882352941176,unknown,0,0,0,0,1,0,0,0,0,0,14,6.200065000729668,3.452830705815271,0.32116591825513197,0.2949253115835777,256,14,0,9,0,0,0,9,9,0,0,0,0,0.0,0
malware,1f52f951dda97dc86743400a70fb25ce03a3764035a8c31db3b6ecc7b7216019.exe,data\raw\malware\1f52f951dda97dc86743400a70fb25ce03a3764035a8c31db3b6ecc7b7216019.exe,393216,68,1,0,0,0,0.014705882352941176,executable,1,0,0,0,0,1,1,0,0,0,9,7.295172133722201,0.6903496120070982,0.30377197265625,0.16502888997395834,256,0,0,0,0,0,0,0,0,0,0,0,0,0.0,0
malware,1f625ce15dff1a1694e8b59bd43973954c50c8a5a646b11e033585fbb1ae0b0d.exe,data\raw\malware\1f625ce15dff1a1694e8b59bd43973954c50c8a5a646b11e033585fbb1ae0b0d.exe,356352,68,1,0,0,0,0.014705882352941176,executable,1,0,0,0,0,1,1,0,0,0,5,7.7241453963148885,0.6561740062672524,0.3350423177083333,0.0802380792025862,256,0,0,0,0,0,0,0,0,0,0,0,0,0.0,0
malware,1f663ce584b25eca20093937a044668c3c4a859d28ca771067ee42e783ba6eb0.ole,data\raw\malware\1f663ce584b25eca20093937a044668c3c4a859d28ca771067ee42e783ba6eb0.ole,144815,68,0,0,0,0,0.014705882352941176,unknown,0,0,0,0,1,0,0,0,0,0,6,6.063951846847114,3.505982549950195,0.38032662362324343,0.29298069951317196,256,1,0,0,0,0,0,0,0,0,0,0,0,0.0,0
malware,1f665441e4b2da1d006c1a257e0ed12a5d269d537c6f6d0d0bf99bfaebd206fa.exe,data\raw\malware\1f665441e4b2da1d006c1a257e0ed12a5d269d537c6f6d0d0bf99bfaebd206fa.exe,430080,68,1,0,0,0,0.014705882352941176,executable,1,0,0,0,0,1,1,0,0,0,11,7.660647327743076,0.6708755734189462,0.33216378348214287,0.09538225446428572,256,0,0,0,0,0,0,0,0,0,0,0,0,0.0,0
malware,1f75e57889af2b0d3561cdce45c93c791a9dc2fd686f866845c59b753048fedb.exe,data\raw\malware\1f75e57889af2b0d3561cdce45c93c791a9dc2fd686f866845c59b753048fedb.exe,413696,68,1,0,0,0,0.014705882352941176,executable,1,0,0,0,0,1,1,0,0,0,5,7.670600965206723,0.6487297109305815,0.3369720761138614,0.09729366491336634,256,0,0,0,0,0,0,0,0,0,0,0,0,0.0,0
malware,1f7ac70822efa18781fccf424805630ac9a6f0489806c428720262c3f293f164.exe,data\raw\malware\1f7ac70822efa18781fccf424805630ac9a6f0489806c428720262c3f293f164.exe,208896,68,1,0,0,0,0.014705882352941176,executable,1,0,0,0,0,1,1,0,0,0,2,6.417389400757078,0.949708848549029,0.31050857843137253,0.20870193780637256,256,0,0,1,0,0,0,1,1,0,0,0,0,0.0,0
malware,1f7b44bdeb15d83c82b1f0e98e5131ffb2a83e0c1f67a9fef07fde17ff1c5ae4.exe,data\raw\malware\1f7b44bdeb15d83c82b1f0e98e5131ffb2a83e0c1f67a9fef07fde17ff1c5ae4.exe,131168,68,1,0,0,0,0.014705882352941176,executable,1,0,0,0,0,1,1,0,0,0,1,6.857553760321415,5.2936306028443285,0.2927543303244694,0.19029793852159063,256,1,2,0,0,0,0,0,0,0,0,0,0,0.0,0
malware,1f7fff9acb21a7f506194f2d370c669cf98e8dcf597fa2c1e3f5cba9990327ab.ole,data\raw\malware\1f7fff9acb21a7f506194f2d370c669cf98e8dcf597fa2c1e3f5cba9990327ab.ole,133489,68,0,0,0,0,0.014705882352941176,unknown,0,0,0,0,1,0,0,0,0,0,8,5.930943772015322,3.5110865123159365,0.30931387604971194,0.3348965083265288,256,1,0,0,0,0,0,0,0,0,0,0,0,0.0,0
malware,1f835c8c3453a953d7b06ca3d5909a01a479ddd57901c851ae7ba4234a76f3ff.exe,data\raw\malware\1f835c8c3453a953d7b06ca3d5909a01a479ddd57901c851ae7ba4234a76f3ff.exe,438272,68,1,0,0,0,0.014705882352941176,executable,1,0,0,0,0,1,1,0,0,0,9,7.504125079202777,0.7029622401684342,0.3204995984228972,0.1275303920852804,256,0,0,0,0,0,0,0,0,0,0,0,0,0.0,0
malware,1f86ef08ee9d1fe1a55ba7d1d668440a557767df394b67884b8e9576f946d935.exe,data\raw\malware\1f86ef08ee9d1fe1a55ba7d1d668440a557767df394b67884b8e9576f946d935.exe,442368,68,1,0,0,0,0.014705882352941176,executable,1,0,0,0,0,1,1,0,0,0,4,7.629072584496494,0.6987071840843798,0.33147063078703703,0.0979885525173611,256,0,0,0,0,0,0,0,0,0,0,0,0,0.0,0
malware,1f883d709b899a3cf4bd2fadb9ecea9442da06e692bd530c9670dc6fba56cb77.exe,data\raw\malware\1f883d709b899a3cf4bd2fadb9ecea9442da06e692bd530c9670dc6fba56cb77.exe,263680,68,1,0,0,0,0.014705882352941176,executable,1,0,0,0,0,1,1,0,0,0,6,7.803499281963187,5.583867863673347,0.3507736650485437,0.065014411407767,256,0,0,2,0,0,0,2,2,0,0,0,0,0.0,0
malware,1f8b8a172ea5ec9d4a167a255869541e53d3bfad6c7b14d19af4550de92fe249.exe,data\raw\malware\1f8b8a172ea5ec9d4a167a255869541e53d3bfad6c7b14d19af4550de92fe249.exe,430080,68,1,0,0,0,0.014705882352941176,executable,1,0,0,0,0,1,1,0,0,0,11,7.660657077837772,0.6708755734189462,0.33216378348214287,0.09537760416666667,256,0,0,0,0,0,0,0,0,0,0,0,0,0.0,0
malware,1f91b973074b22d04199a3f2005e73160d0292b97654106bec7d2092cf607016.exe,data\raw\malware\1f91b973074b22d04199a3f2005e73160d0292b97654106bec7d2092cf607016.exe,442368,68,1,0,0,0,0.014705882352941176,executable,1,0,0,0,0,1,1,0,0,0,4,7.490032317319661,0.713887979200703,0.3200615776909722,0.1293967918113426,256,0,0,0,0,0,0,0,0,0,0,0,0,0.0,0
malware,1f91e09abae0911a0266f19699ca3042e9cfd72b9f7e9416d0e0bd5edefe2ae5.exe,data\raw\malware\1f91e09abae0911a0266f19699ca3042e9cfd72b9f7e9416d0e0bd5edefe2ae5.exe,434176,68,1,0,0,0,0.014705882352941176,executable,1,0,0,0,0,1,1,0,0,0,5,7.870241059449707,6.093106501133403,0.35061127284787735,0.041335771668632074,256,0,0,0,0,0,0,0,0,0,0,0,0,0.0,0
malware,1f95ff5c4468e0a6865433408a409b80752da669b456ea5b93e96d8c30def8dd.ole,data\raw\malware\1f95ff5c4468e0a6865433408a409b80752da669b456ea5b93e96d8c30def8dd.ole,134900,68,0,0,0,0,0.014705882352941176,unknown,0,0,0,0,1,0,0,0,0,0,8,5.936485424415317,3.5110865123159365,0.3165678280207561,0.3313787991104522,256,1,0,0,0,0,0,0,0,0,0,0,0,0.0,0
malware,1f962d1289e8a1f7a7ae1284b6327ec714d54cfd65716b158edc75c862c02b89.ole,data\raw\malware\1f962d1289e8a1f7a7ae1284b6327ec714d54cfd65716b158edc75c862c02b89.ole,144517,68,0,0,0,0,0.014705882352941176,unknown,0,0,0,0,1,0,0,0,0,0,6,6.06095447902205,3.505982549950195,0.37906959042880767,0.29357099856764257,256,1,0,0,0,0,0,0,0,0,0,0,0,0.0,0
malware,1f9c029427c4568fc059940de94e00ba52e6050d74131244b8d7a378657c6421.exe,data\raw\malware\1f9c029427c4568fc059940de94e00ba52e6050d74131244b8d7a378657c6421.exe,430080,68,1,0,0,0,0.014705882352941176,executable,1,0,0,0,0,1,1,0,0,0,4,7.66072670921595,0.6708755734189462,0.3328148251488095,0.095361328125,256,0,0,0,0,0,0,0,0,0,0,0,0,0.0,0
malware,1f9d65ae17cb1589de56ff283d341f22c8131bbf301b29e9c707a48d69a016e8.ole,data\raw\malware\1f9d65ae17cb1589de56ff283d341f22c8131bbf301b29e9c707a48d69a016e8.ole,158548,68,0,0,0,0,0.014705882352941176,unknown,0,0,0,0,1,0,0,0,0,0,6,5.806436995444754,1.631559271160622,0.3483739939955092,0.3539432853142266,256,1,0,3,0,0,0,3,3,0,0,0,0,0.0,0
malware,1fa6a56f01d50541fabc4505cde7c7a99ca7a7f78bb2631acc6d630a0179d587.ole,data\raw\malware\1fa6a56f01d50541fabc4505cde7c7a99ca7a7f78bb2631acc6d630a0179d587.ole,161382,68,0,0,0,0,0.014705882352941176,unknown,0,0,0,0,1,0,0,0,0,0,6,5.773700521716733,1.6172215738850635,0.3491963168135232,0.3576669021328277,256,1,0,3,0,0,0,3,3,0,0,0,0,0.0,0
malware,1fa982bca8d93cd9a5ed44c8adf3099360cb86476a38bcaa476ad2e23b32d854.ole,data\raw\malware\1fa982bca8d93cd9a5ed44c8adf3099360cb86476a38bcaa476ad2e23b32d854.ole,236473,68,0,0,0,0,0.014705882352941176,unknown,0,0,0,0,1,0,0,0,0,0,11,6.770091592204211,1.6288623081457132,0.33579309265751267,0.23595928499236699,256,1,0,0,0,0,0,0,0,0,0,0,0,0.0,0
malware,1fb9729b9332ba65bd59fb0b662306d882ae722f50dd52dab70bb4bb3a01a924.exe,data\raw\malware\1fb9729b9332ba65bd59fb0b662306d882ae722f50dd52dab70bb4bb3a01a924.exe,284184,68,1,0,0,0,0.014705882352941176,executable,1,0,0,0,0,1,1,0,0,0,4,7.663679948344106,4.957195945169983,0.3929038932522591,0.058412859274273005,256,0,0,0,0,0,0,0,0,0,0,0,0,0.0,0
malware,1fbd311be5994b4600a6ee78bbe66565e1303d0a5d16a76628124ea0ef63933c.exe,data\raw\malware\1fbd311be5994b4600a6ee78bbe66565e1303d0a5d16a76628124ea0ef63933c.exe,435200,68,1,0,0,0,0.014705882352941176,executable,1,0,0,0,0,1,1,0,0,0,5,7.868973833080815,6.050124140656055,0.3484995404411765,0.04139705882352941,256,0,0,0,0,0,0,0,0,0,0,0,0,0.0,0
malware,1fcd894eda6f75fa3252a34c862561e9ec3ed98f2815493f9becba4846248f0c.exe,data\raw\malware\1fcd894eda6f75fa3252a34c862561e9ec3ed98f2815493f9becba4846248f0c.exe,165024,68,1,0,0,0,0.014705882352941176,executable,1,0,0,0,0,1,1,0,0,0,0,5.617086368373609,5.037214917615611,0.24160122164048867,0.4046623521427186,256,0,0,4,0,0,0,4,4,0,0,0,0,0.0,0
malware,1fcf5560ae6e3b35fdf2c410ddcbca6da9930f635efb2522829595a4b05cdd65.exe,data\raw\malware\1fcf5560ae6e3b35fdf2c410ddcbca6da9930f635efb2522829595a4b05cdd65.exe,170496,68,1,0,0,0,0.014705882352941176,executable,1,0,0,0,0,1,1,0,0,0,3,7.793902784647955,6.238611093327615,0.3497384102852853,0.057819538288288286,256,0,0,2,0,0,0,2,2,0,0,0,0,0.0,0
malware,1fcf6dfdb0bf2486d42ac403f692433534249c52740c6672b5958f2261a87026.exe,data\raw\malware\1fcf6dfdb0bf2486d42ac403f692433534249c52740c6672b5958f2261a87026.exe,421888,68,1,0,0,0,0.014705882352941176,executable,1,0,0,0,0,1,1,0,0,0,9,7.661152540848798,0.6674402518362597,0.3334083927487864,0.09617007357402912,256,0,0,0,0,0,0,0,0,0,0,0,0,0.0,0
malware,1fd1d47a391f2a9742fd771c657464fe5f328b394e458c601099237aa25d8a66.exe,data\raw\malware\1fd1d47a391f2a9742fd771c657464fe5f328b394e458c601099237aa25d8a66.exe,129632,68,1,0,0,0,0.014705882352941176,executable,1,0,0,0,0,1,1,0,0,0,1,6.886294464382917,5.788245725210862,0.29455689953098,0.1901228091829178,256,1,2,0,0,0,0,0,0,0,0,0,0,0.0,0
malware,1fda7365eefb5651481a4ebe4e8e4026be8a0243cb96abee40472c50685fd4dc.exe,data\raw\malware\1fda7365eefb5651481a4ebe4e8e4026be8a0243cb96abee40472c50685fd4dc.exe,157184,68,1,0,0,0,0.014705882352941176,executable,1,0,0,0,0,1,1,0,0,0,4,7.76650259888342,5.890721654676544,0.35228776465798045,0.05874643729641694,256,0,0,2,0,0,0,2,2,0,0,0,0,0.0,0
malware,1fda773716b9e7cd4cc3d8a54d3fe6b98d952d86dd1090038d4c73d4bccbd1a6.exe,data\raw\malware\1fda773716b9e7cd4cc3d8a54d3fe6b98d952d86dd1090038d4c73d4bccbd1a6.exe,130144,68,1,0,0,0,0.014705882352941176,executable,1,0,0,0,0,1,1,0,0,0,1,6.8679466882361115,5.790530500298284,0.29372848537005164,0.19372387509220557,256,1,2,0,0,0,0,0,0,0,0,0,0,0.0,0
malware,1fdc71b89f5d3b5fce037341692415964a8c4141c9579be50045bf9d2e309afd.ole,data\raw\malware\1fdc71b89f5d3b5fce037341692415964a8c4141c9579be50045bf9d2e309afd.ole,169291,68,0,0,0,0,0.014705882352941176,unknown,0,0,0,0,1,0,0,0,0,0,13,5.754207546533441,1.5728037756193889,0.35739052873454585,0.35636271272542547,256,1,0,3,0,0,0,3,3,0,0,0,0,0.0,0
malware,1fe34755a849719d88a373694953bcb5b0c56e28521dc77fb54315e2f68ac4ba.exe,data\raw\malware\1fe34755a849719d88a373694953bcb5b0c56e28521dc77fb54315e2f68ac4ba.exe,117801,68,1,0,0,0,0.014705882352941176,executable,1,0,0,0,0,1,1,0,0,0,0,7.261259218174517,4.9465469796001535,0.3723992156263529,0.12850485140194057,256,0,0,0,0,0,0,0,0,0,0,0,0,0.0,0
malware,1feb5f3aea54bc295829a32f104d0ed5fe9786a0ebe5b8ed329622f91a348fcf.exe,data\raw\malware\1feb5f3aea54bc295829a32f104d0ed5fe9786a0ebe5b8ed329622f91a348fcf.exe,353376,68,1,0,0,0,0.014705882352941176,executable,1,0,0,0,0,1,1,0,0,0,0,6.760846750703778,4.386529516136875,0.2612146835099158,0.2313484786742733,256,1,2,0,0,0,0,0,0,0,0,0,0,0.0,0
malware,1ff93a9f669057cc28287a2c0c9dbdea0b5699dd2174652384057bc9518f30f2.exe,data\raw\malware\1ff93a9f669057cc28287a2c0c9dbdea0b5699dd2174652384057bc9518f30f2.exe,110176,68,1,0,0,0,0.014705882352941176,executable,1,0,0,0,0,1,1,0,0,0,1,6.9932551682233735,5.4454966902347595,0.3229741504501888,0.18751815277374384,256,0,0,0,0,0,0,0,0,0,0,0,0,0.0,0
malware,1ffd84c2bbb3860d0f34c4b8e4ae097cda74a43338c24636829b7f424c565ff0.exe,data\raw\malware\1ffd84c2bbb3860d0f34c4b8e4ae097cda74a43338c24636829b7f424c565ff0.exe,152105,68,1,0,0,0,0.014705882352941176,executable,1,0,0,0,0,1,1,0,0,0,1,6.944683788150777,5.278625529457052,0.3428355412379606,0.18036224976167778,256,0,0,0,0,0,0,0,0,0,0,0,0,0.0,0
malware,2a05da6b9d55aa0bef856cbe0f2ea38177b67c4a3e48175025693b7e42681f2f.exe,data\raw\malware\2a05da6b9d55aa0bef856cbe0f2ea38177b67c4a3e48175025693b7e42681f2f.exe,130144,68,1,0,0,0,0.014705882352941176,executable,1,0,0,0,0,1,1,0,0,0,1,6.867712160528964,5.790859891237382,0.2939743668551758,0.19372387509220557,256,1,2,0,0,0,0,0,0,0,0,0,0,0.0,0
malware,2a1095518a41de8b73ecfc22395ca057c8c993963a20c840b5e0b5d897daeb55.exe,data\raw\malware\2a1095518a41de8b73ecfc22395ca057c8c993963a20c840b5e0b5d897daeb55.exe,146432,68,1,0,0,0,0.014705882352941176,executable,1,0,0,0,0,1,1,0,0,0,1,6.744850120724748,5.411354605944522,0.36397781905594406,0.21829927884615385,256,1,2,0,0,0,0,0,0,0,0,0,0,0.0,0
malware,2a1e827b1f91ee76723d47ed221b5cd8ee8ecaded17097a4701c82f0552d4bd0.exe,data\raw\malware\2a1e827b1f91ee76723d47ed221b5cd8ee8ecaded17097a4701c82f0552d4bd0.exe,417792,68,1,0,0,0,0.014705882352941176,executable,1,0,0,0,0,1,1,0,0,0,6,7.663971857796109,0.7122237002021827,0.33409447763480393,0.0918591069240196,256,0,0,0,0,0,0,0,0,0,0,0,0,0.0,0
malware,2a2f5efa19f320cd3f0b11614abd0f62703b100fc093945bfbb63689fb088a76.exe,data\raw\malware\2a2f5efa19f320cd3f0b11614abd0f62703b100fc093945bfbb63689fb088a76.exe,373760,68,1,0,0,0,0.014705882352941176,executable,1,0,0,0,0,1,1,0,0,0,5,7.881122913857133,4.562731156280587,0.35679045376712326,0.04773383989726027,256,0,0,0,0,0,0,0,0,0,0,0,0,0.0,0
malware,2a389c51349d6c3f0180538b64e1939fc8cff79fa3a2aa992044460e18415725.exe,data\raw\malware\2a389c51349d6c3f0180538b64e1939fc8cff79fa3a2aa992044460e18415725.exe,167936,68,1,0,0,0,0.014705882352941176,executable,1,0,0,0,0,1,1,0,0,0,2,7.826830265568516,6.752380763285059,0.35292611471036583,0.056539395960365856,256,0,0,2,0,0,0,2,2,0,0,0,0,0.0,0
malware,2a38b2017c26f04b2deab479be2c0ea011b548d9f2ff30e77a2290efc089a270.exe,data\raw\malware\2a38b2017c26f04b2deab479be2c0ea011b548d9f2ff30e77a2290efc089a270.exe,208896,68,1,0,0,0,0.014705882352941176,executable,1,0,0,0,0,1,1,0,0,0,1,6.394410484677187,0.9499387216381102,0.3088857613357843,0.21272307751225492,256,0,0,1,0,0,0,1,1,0,0,0,0,0.0,0
malware,2a3d73d8e391636548a28421a0cceeaa7fab08cb60380bf090a57a1af35b96fb.ole,data\raw\malware\2a3d73d8e391636548a28421a0cceeaa7fab08cb60380bf090a57a1af35b96fb.ole,137341,68,0,0,0,0,0.014705882352941176,unknown,0,0,0,0,1,0,0,0,0,0,6,5.935327790442226,3.421290367319551,0.32690165354846695,0.32569298315870715,256,1,0,0,0,0,0,0,0,0,0,0,0,0.0,0
malware,2a44946b461e2435e77add694c1e4f625e6c8cec561813cf3d5cb4e1899a9411.exe,data\raw\malware\2a44946b461e2435e77add694c1e4f625e6c8cec561813cf3d5cb4e1899a9411.exe,433664,68,1,0,0,0,0.014705882352941176,executable,1,0,0,0,0,1,1,0,0,0,9,7.873718265803036,6.091615404837048,0.3514587330283353,0.040289256198347105,256,0,0,0,0,0,0,0,0,0,0,0,0,0.0,0
malware,2a4846314a829903b038ac4d35e8fe38b9a14cf144f4d864fe50485f9c732fae.exe,data\raw\malware\2a4846314a829903b038ac4d35e8fe38b9a14cf144f4d864fe50485f9c732fae.exe,434176,68,1,0,0,0,0.014705882352941176,executable,1,0,0,0,0,1,1,0,0,0,5,7.871614970143144,6.093655103621986,0.3494688789799528,0.04099259286556604,256,0,0,0,0,0,0,0,0,0,0,0,0,0.0,0
malware,2a496265df0d56fd40522f5f392734b920cd3513a9ef6a4f8d6f2a69c8e044ee.exe,data\raw\malware\2a496265df0d56fd40522f5f392734b920cd3513a9ef6a4f8d6f2a69c8e044ee.exe,433664,68,1,0,0,0,0.014705882352941176,executable,1,0,0,0,0,1,1,0,0,0,5,7.874334604933908,6.100339264634084,0.3515786415289256,0.04004943919716647,256,0,0,0,0,0,0,0,0,0,0,0,0,0.0,0
malware,2a4ea8ceb4c981dee82b849bc7e10519cb2a146bf80ec2d25039b5b8cfd227d8.exe,data\raw\malware\2a4ea8ceb4c981dee82b849bc7e10519cb2a146bf80ec2d25039b5b8cfd227d8.exe,110176,68,1,0,0,0,0.014705882352941176,executable,1,0,0,0,0,1,1,0,0,0,1,6.998003398519953,5.4459264995067205,0.3233099767644496,0.18687372930583793,256,0,0,0,0,0,0,0,0,0,0,0,0,0.0,0
malware,2a51386ff86bfd990ee75d7b3cb84b4d1df19c85a1e23a7fc5e51e592e07561f.ole,data\raw\malware\2a51386ff86bfd990ee75d7b3cb84b4d1df19c85a1e23a7fc5e51e592e07561f.ole,301056,68,0,0,0,0,0.014705882352941176,unknown,0,0,0,0,1,0,0,0,0,0,3,7.7330350196272954,7.216992020028481,0.3256071960034014,0.0764907525510204,256,0,0,0,0,0,0,0,0,0,0,0,0,0.0,0
malware,2a5180b99dcf09fd1cf91a53aaa01b97843d942253f8f3a0ce65709b0cc1c812.exe,data\raw\malware\2a5180b99dcf09fd1cf91a53aaa01b97843d942253f8f3a0ce65709b0cc1c812.exe,176128,68,1,0,0,0,0.014705882352941176,executable,1,0,0,0,0,1,1,0,0,0,2,7.720309736042456,6.6351990384998185,0.34246116460755816,0.06294285973837209,256,0,0,5,1,0,0,5,6,0,0,0,0,0.0,0
malware,2a5e15e5a4aaeeec5f76e55e6d3917d87a40243a1e4ada549e9290f7bb991fa6.exe,data\raw\malware\2a5e15e5a4aaeeec5f76e55e6d3917d87a40243a1e4ada549e9290f7bb991fa6.exe,110688,68,1,0,0,0,0.014705882352941176,executable,1,0,0,0,0,1,1,0,0,0,1,6.9649200837903456,4.749519528453257,0.32157957502168255,0.19258636889274358,256,0,0,0,0,0,0,0,0,0,0,0,0,0.0,0
malware,2a5fef366925d284b8be9b95905cc6ddd3472ba6f3f8689be6f562d955e453ba.exe,data\raw\malware\2a5fef366925d284b8be9b95905cc6ddd3472ba6f3f8689be6f562d955e453ba.exe,402944,68,1,0,0,0,0.014705882352941176,executable,1,0,0,0,0,1,1,0,0,0,6,7.9728085202116485,6.210385313071611,0.361769873729352,0.01698002700127065,256,0,0,0,0,0,0,0,0,0,0,0,0,0.0,0
malware,2a83e6d39155b9c120d706831431b7fff5f00205e3970d3935fa969b13b7fd3d.exe,data\raw\malware\2a83e6d39155b9c120d706831431b7fff5f00205e3970d3935fa969b13b7fd3d.exe,95785,68,1,0,0,0,0.014705882352941176,executable,1,0,0,0,0,1,1,0,0,0,0,7.6268071940107625,5.532948250331689,0.34509578744062225,0.07091924622853266,256,0,0,0,0,0,0,0,0,0,0,0,0,0.0,0
malware,2a90fb6b1b966085558cb5ecc1c097356c088f7fea1eef8f15c6abf619e131de.exe,data\raw\malware\2a90fb6b1b966085558cb5ecc1c097356c088f7fea1eef8f15c6abf619e131de.exe,503808,68,1,0,0,0,0.014705882352941176,executable,1,0,0,0,0,1,1,0,0,0,3,7.0473630925700785,0.7266545439025308,0.2926888814786585,0.20497888084349594,256,0,0,0,0,0,0,0,0,0,0,0,0,0.0,0
malware,2a9229111fa91637ecf721697476d43e1a9163fb7a6f84ae54ed1a284ce9cca1.exe,data\raw\malware\2a9229111fa91637ecf721697476d43e1a9163fb7a6f84ae54ed1a284ce9cca1.exe,171008,68,1,0,0,0,0.014705882352941176,executable,1,0,0,0,0,1,1,0,0,0,4,7.812974144479187,5.194789713223271,0.3573984842814371,0.05210867327844312,256,0,0,2,0,0,0,2,2,0,0,0,0,0.0,0
malware,2a97f126c2922c8d53ef801400b580cecd519e0ae0a29f68f9a7b9b77fa29d0e.exe,data\raw\malware\2a97f126c2922c8d53ef801400b580cecd519e0ae0a29f68f9a7b9b77fa29d0e.exe,195232,68,1,0,0,0,0.014705882352941176,executable,1,0,0,0,0,1,1,0,0,0,0,4.925100079159977,5.037178262268303,0.20411100639239468,0.49667062776594,256,0,0,4,0,0,0,4,4,0,0,0,0,0.0,0
malware,2a9940a68277deb25cdf541cf50f299d63941708afd021dcb95a468e95d2c051.exe,data\raw\malware\2a9940a68277deb25cdf541cf50f299d63941708afd021dcb95a468e95d2c051.exe,110176,68,1,0,0,0,0.014705882352941176,executable,1,0,0,0,0,1,1,0,0,0,1,6.990478746909577,5.457900266943299,0.3231193726401394,0.18810811792041823,256,0,0,0,0,0,0,0,0,0,0,0,0,0.0,0
malware,2aa23bc6e8eb6a268bd2f05c15c829574fc51f5160b737e2cf5523e0e17332c5.exe,data\raw\malware\2aa23bc6e8eb6a268bd2f05c15c829574fc51f5160b737e2cf5523e0e17332c5.exe,458752,68,1,0,0,0,0.014705882352941176,executable,1,0,0,0,0,1,1,0,0,0,6,7.465067079370517,0.6989663145395375,0.31776646205357145,0.13188825334821427,256,0,0,0,0,0,0,0,0,0,0,0,0,0.0,0
malware,2aa8be44ac5035bd871b7a7229fa69113f9b57924c41980172724e2b5a02da69.exe,data\raw\malware\2aa8be44ac5035bd871b7a7229fa69113f9b57924c41980172724e2b5a02da69.exe,195584,68,1,0,0,0,0.014705882352941176,executable,1,0,0,0,0,1,1,0,0,0,2,7.520503890535532,6.929044286034683,0.336847594895288,0.1212011207460733,256,0,0,1,0,0,0,1,1,0,0,0,0,0.0,0
malware,2aafeab60021447f7c510291abc794c5e46ae2187c71c09f0f5eec310a46c254.ole,data\raw\malware\2aafeab60021447f7c510291abc794c5e46ae2187c71c09f0f5eec310a46c254.ole,234765,68,0,0,0,0,0.014705882352941176,unknown,0,0,0,0,1,0,0,0,0,0,11,6.764345301957535,1.5796237215346853,0.3306753562072711,0.23829787234042554,256,1,0,0,0,0,0,0,0,0,0,0,0,0.0,0
malware,2ab319f5d163d7c0ada9c7d8e1f6ca71a4759794b0db2f3430a5d02b124f89b7.exe,data\raw\malware\2ab319f5d163d7c0ada9c7d8e1f6ca71a4759794b0db2f3430a5d02b124f89b7.exe,393216,68,1,0,0,0,0.014705882352941176,executable,1,0,0,0,0,1,1,0,0,0,5,7.845541539761884,0.6691288037592842,0.3480682373046875,0.05541229248046875,256,0,0,0,0,0,0,0,0,0,0,0,0,0.0,0
malware,2ab4dd243b84ab8e4d0be06f1d7fae730bf7134bef8b44a2f9b795bfdb824fd8.exe,data\raw\malware\2ab4dd243b84ab8e4d0be06f1d7fae730bf7134bef8b44a2f9b795bfdb824fd8.exe,434176,68,1,0,0,0,0.014705882352941176,executable,1,0,0,0,0,1,1,0,0,0,10,7.872238878136455,6.106539232993419,0.35158783534787735,0.04099719929245283,256,0,0,0,0,0,0,0,0,0,0,0,0,0.0,0
malware,2ab5785e6cf491e872486258d12f6c7de0aa1e1ab6181e0a134299e17c2ddb6b.exe,data\raw\malware\2ab5785e6cf491e872486258d12f6c7de0aa1e1ab6181e0a134299e17c2ddb6b.exe,221184,68,1,0,0,0,0.014705882352941176,executable,1,0,0,0,0,1,1,0,0,0,2,6.250725710287937,0.9738339825691713,0.2912914134837963,0.23303674768518517,256,0,0,1,0,0,0,1,1,0,0,0,0,0.0,0
malware,2abc7592f215359af23f2587597662252c03dfce1714a61c03656d81b185c3d0.exe,data\raw\malware\2abc7592f215359af23f2587597662252c03dfce1714a61c03656d81b185c3d0.exe,159744,68,1,0,0,0,0.014705882352941176,executable,1,0,0,0,0,1,1,0,0,0,3,7.7512635766895075,5.744191886740532,0.3482259114583333,0.059952173477564104,256,0,0,4,0,0,0,4,4,0,0,0,0,0.0,0
malware,2acaf33615e25fd98243a861955b9418e012e9d4f048923975583a1115095c70.exe,data\raw\malware\2acaf33615e25fd98243a861955b9418e012e9d4f048923975583a1115095c70.exe,393216,68,1,0,0,0,0.014705882352941176,executable,1,0,0,0,0,1,1,0,0,0,5,7.296454513464982,0.6556635669376704,0.3060353597005208,0.16502888997395834,256,0,0,0,0,0,0,0,0,0,0,0,0,0.0,0
malware,2acd4e73e3673e636a145fdad2bf026d0e0f8fc935af3fec7cf567f3904116f9.exe,data\raw\malware\2acd4e73e3673e636a145fdad2bf026d0e0f8fc935af3fec7cf567f3904116f9.exe,332288,68,1,0,0,0,0.014705882352941176,executable,1,0,0,0,0,1,1,0,0,0,2,7.957550142599264,2.8135802230043465,0.3701517960323575,0.02228187596302003,256,0,0,13,0,0,0,13,13,0,0,0,0,0.0,0
malware,2acd7216c35632db94efedb75c6d343b89aac6147d4556b6cd7b238be1a7db50.exe,data\raw\malware\2acd7216c35632db94efedb75c6d343b89aac6147d4556b6cd7b238be1a7db50.exe,413696,68,1,0,0,0,0.014705882352941176,executable,1,0,0,0,0,1,1,0,0,0,2,7.671263174636698,0.6636039053484244,0.33423576732673266,0.09647422261757425,256,0,0,0,0,0,0,0,0,0,0,0,0,0.0,0
malware,2ace50a919b3ac2f740f6137f0d178282c8efabe4be73d7e9f7538c775aaf55b.exe,data\raw\malware\2ace50a919b3ac2f740f6137f0d178282c8efabe4be73d7e9f7538c775aaf55b.exe,58368,68,1,0,0,0,0.014705882352941176,executable,1,0,0,0,0,1,1,0,0,0,4,7.511524332863392,4.223690391122196,0.3101528234649123,0.11089980811403509,256,0,0,0,0,0,0,0,0,0,0,0,0,0.0,0
malware,2ad1aea90ecf9b034224686998aa1e6bcc41869ad7cb9e68b8963e36a886f03c.exe,data\raw\malware\2ad1aea90ecf9b034224686998aa1e6bcc41869ad7cb9e68b8963e36a886f03c.exe,378880,68,1,0,0,0,0.014705882352941176,executable,1,0,0,0,0,1,1,0,0,0,2,7.879642495755766,4.5371021620556675,0.3491131756756757,0.045845650337837836,256,0,0,0,0,0,0,0,0,0,0,0,0,0.0,0
malware,2ad37abc84ce5b1c7c415973992c654b3e0d6d2f4cf3515d20c1f45d8d913247.exe,data\raw\malware\2ad37abc84ce5b1c7c415973992c654b3e0d6d2f4cf3515d20c1f45d8d913247.exe,466944,68,1,0,0,0,0.014705882352941176,executable,1,0,0,0,0,1,1,0,0,0,4,7.172886885333352,0.7151368030143643,0.29989677563048245,0.18492795709978072,256,0,0,0,0,0,0,0,0,0,0,0,0,0.0,0
malware,2ad4ce4a764abdefaf34cb61edbaf4c2c1949521ba62c37afc8f995c3de11c36.exe,data\raw\malware\2ad4ce4a764abdefaf34cb61edbaf4c2c1949521ba62c37afc8f995c3de11c36.exe,131168,68,1,0,0,0,0.014705882352941176,executable,1,0,0,0,0,1,1,0,0,0,2,6.854676006150896,5.296019120495756,0.2927848255672115,0.19046566235667237,256,1,2,0,0,0,0,0,0,0,0,0,0,0.0,0
malware,2ad71f7b8fca4e5caa398cda610ab54b239282759942e0d84c8d0fe2560b53f5.exe,data\raw\malware\2ad71f7b8fca4e5caa398cda610ab54b239282759942e0d84c8d0fe2560b53f5.exe,262696,68,1,0,0,0,0.014705882352941176,executable,1,0,0,0,0,1,1,0,0,0,1,7.682817738893369,4.355414176838184,0.3348357036270061,0.06011511404817736,256,0,0,0,0,0,0,0,0,0,0,0,0,0.0,0
malware,2ae146b4aedd8fb1417d3d87083d0bb1c8a0c72f6ac3e035133424d4231f17b7.exe,data\raw\malware\2ae146b4aedd8fb1417d3d87083d0bb1c8a0c72f6ac3e035133424d4231f17b7.exe,434176,68,1,0,0,0,0.014705882352941176,executable,1,0,0,0,0,1,1,0,0,0,7,7.505664668037634,0.7228503620459709,0.3236014887971698,0.12765099867334906,256,0,0,0,0,0,0,0,0,0,0,0,0,0.0,0
malware,2ae54352cb5d306a89ce1f463ddc324d477488d7ef61d5a2a264404a75d6e6d1.exe,data\raw\malware\2ae54352cb5d306a89ce1f463ddc324d477488d7ef61d5a2a264404a75d6e6d1.exe,417792,68,1,0,0,0,0.014705882352941176,executable,1,0,0,0,0,1,1,0,0,0,5,7.770358984567054,0.708418315293544,0.3394583907781863,0.0682373046875,256,0,0,0,0,0,0,0,0,0,0,0,0,0.0,0
malware,2ae97d1dc04e59c69da0d72c8490666b24bea5c42ce30292677f87333c6f79aa.exe,data\raw\malware\2ae97d1dc04e59c69da0d72c8490666b24bea5c42ce30292677f87333c6f79aa.exe,458752,68,1,0,0,0,0.014705882352941176,executable,1,0,0,0,0,1,1,0,0,0,3,7.482027568637337,0.7117424429390905,0.3142613002232143,0.12902614048549108,256,0,0,0,0,0,0,0,0,0,0,0,0,0.0,0
malware,2aed48b338702926d268b093b6e0dcb1c7d4a435a1b692a1242b19dee16ad890.exe,data\raw\malware\2aed48b338702926d268b093b6e0dcb1c7d4a435a1b692a1242b19dee16ad890.exe,503808,68,1,0,0,0,0.014705882352941176,executable,1,0,0,0,0,1,1,0,0,0,5,6.8325067882506545,0.6904259127853938,0.27815358231707316,0.24460508765243902,256,0,0,0,0,0,0,0,0,0,0,0,0,0.0,0
malware,2af5264dd16dc5c10f5564ae1cd2c98d18869a0b150d3cf1e28eda0903f3995e.exe,data\raw\malware\2af5264dd16dc5c10f5564ae1cd2c98d18869a0b150d3cf1e28eda0903f3995e.exe,503808,68,1,0,0,0,0.014705882352941176,executable,1,0,0,0,0,1,1,0,0,0,11,7.045911016116655,0.7279234043939792,0.2917262131605691,0.20519324822154472,256,0,0,0,0,0,0,0,0,0,0,0,0,0.0,0
malware,2af824810975b0d7a828fa1895f78f8619fc070b5331286d9cb8ad6c326c7d50.exe,data\raw\malware\2af824810975b0d7a828fa1895f78f8619fc070b5331286d9cb8ad6c326c7d50.exe,95272,68,1,0,0,0,0.014705882352941176,executable,1,0,0,0,0,1,1,0,0,0,1,7.570926043390566,6.161842300690707,0.3642623226131497,0.07361029473507431,256,0,0,0,0,0,0,0,0,0,0,0,0,0.0,0
malware,2afa59bddbae66fd353c3861a1d6d56c1ba21007bcaeac982bfabd7cc7a40f11.exe,data\raw\malware\2afa59bddbae66fd353c3861a1d6d56c1ba21007bcaeac982bfabd7cc7a40f11.exe,442880,68,1,0,0,0,0.014705882352941176,executable,1,0,0,0,0,1,1,0,0,0,11,7.551392351471518,2.9796427652309823,0.3090904985549133,0.11391799132947977,256,0,0,0,0,0,0,0,0,0,0,0,0,0.0,0
malware,2afc0f54f040ec0f86e92944404f70876c2ed94c7c23c4ddf3a56ce0ed42f14d.exe,data\raw\malware\2afc0f54f040ec0f86e92944404f70876c2ed94c7c23c4ddf3a56ce0ed42f14d.exe,433664,68,1,0,0,0,0.014705882352941176,executable,1,0,0,0,0,1,1,0,0,0,3,7.872266236786248,6.078542263996037,0.35113359651711923,0.0410386843270366,256,0,0,0,0,0,0,0,0,0,0,0,0,0.0,0
malware,2b01d186164214f9ce8bd8d54b0f9539fb6c2eb323571a06f00cdfb2f85731f0.exe,data\raw\malware\2b01d186164214f9ce8bd8d54b0f9539fb6c2eb323571a06f00cdfb2f85731f0.exe,434176,68,1,0,0,0,0.014705882352941176,executable,1,0,0,0,0,1,1,0,0,0,4,7.872065803343837,6.110696123690394,0.3522764961674528,0.04088664504716981,256,0,0,0,0,0,0,0,0,0,0,0,0,0.0,0
malware,2b097090ca212377ad533c262176472006d9f40f994bfdbca52853526445972b.exe,data\raw\malware\2b097090ca212377ad533c262176472006d9f40f994bfdbca52853526445972b.exe,367616,68,1,0,0,0,0.014705882352941176,executable,1,0,0,0,0,1,1,0,0,0,7,7.858775297398501,1.5184578463858396,0.3477133748259053,0.05457325034818942,256,0,0,0,0,0,0,0,0,0,0,0,0,0.0,0
malware,2b0cc528cfdc1263b5c119fab9ebee22185d3e36c1cc29a8dfa933d3f11aa81e.exe,data\raw\malware\2b0cc528cfdc1263b5c119fab9ebee22185d3e36c1cc29a8dfa933d3f11aa81e.exe,159744,68,1,0,0,0,0.014705882352941176,executable,1,0,0,0,0,1,1,0,0,0,1,7.747932505411289,5.743215877662413,0.34688626802884615,0.06101011618589743,256,0,0,4,0,0,0,4,4,0,0,0,0,0.0,0
malware,2b1d464d536ed93dd03072e79a9c8aa87b0626d49f69bf123fb39b404f83e35c.exe,data\raw\malware\2b1d464d536ed93dd03072e79a9c8aa87b0626d49f69bf123fb39b404f83e35c.exe,142432,68,1,0,0,0,0.014705882352941176,executable,1,0,0,0,0,1,1,0,0,0,1,6.064191664602122,5.1584460793113776,0.27333043136373847,0.3355004493372276,256,0,0,0,0,0,0,0,0,0,0,0,0,0.0,0
malware,2b1defff772c7e6448125be396c10f7b34b8bbe01d902999824e216358a78338.ole,data\raw\malware\2b1defff772c7e6448125be396c10f7b34b8bbe01d902999824e216358a78338.ole,239846,68,0,0,0,0,0.014705882352941176,unknown,0,0,0,0,1,0,0,0,0,0,11,6.768308547084829,1.6604477401757731,0.3430701366710306,0.2339209325984173,256,1,0,0,0,0,0,0,0,0,0,0,0,0.0,0
malware,2b25f4542f56bbf263e45463c2463600108f66f9b8bd4b5a9c47d446293116bd.exe,data\raw\malware\2b25f4542f56bbf263e45463c2463600108f66f9b8bd4b5a9c47d446293116bd.exe,208896,68,1,0,0,0,0.014705882352941176,executable,1,0,0,0,0,1,1,0,0,0,1,6.174553017407352,0.9583843264644891,0.28524720435049017,0.24561504289215685,256,0,0,1,0,0,0,1,1,0,0,0,0,0.0,0
malware,2b2934b6b4b78ae997653e4df2ff4dad7bfd8a9e3d1039350a37d0a052c069b0.exe,data\raw\malware\2b2934b6b4b78ae997653e4df2ff4dad7bfd8a9e3d1039350a37d0a052c069b0.exe,95272,68,1,0,0,0,0.014705882352941176,executable,1,0,0,0,0,1,1,0,0,0,1,7.593157126866689,5.922519667244429,0.3660361911159627,0.06816273406667227,256,0,0,0,0,0,0,0,0,0,0,0,0,0.0,0
malware,2b3171d2002243579ba9ce814913912b7774e80c7da172fdd54e858184d3948a.exe,data\raw\malware\2b3171d2002243579ba9ce814913912b7774e80c7da172fdd54e858184d3948a.exe,123872,68,1,0,0,0,0.014705882352941176,executable,1,0,0,0,0,1,1,0,0,0,1,6.7228809442639585,4.992579658520358,0.26472487729268923,0.10609338672177732,256,0,0,0,0,0,0,0,0,0,0,0,0,0.0,0
malware,2b3a4150286a8a8ea33a0e5f203fd07c8ea3f702a7b9b300c8bd70d2eba101c6.exe,data\raw\malware\2b3a4150286a8a8ea33a0e5f203fd07c8ea3f702a7b9b300c8bd70d2eba101c6.exe,434176,68,1,0,0,0,0.014705882352941176,executable,1,0,0,0,0,1,1,0,0,0,5,7.871196864524821,6.112848228109962,0.3522258254716981,0.041255159198113206,256,0,0,0,0,0,0,0,0,0,0,0,0,0.0,0
malware,2b411b1b3db57cdad60f179c8073dbdbca3740a671997f20b849502df4108284.exe,data\raw\malware\2b411b1b3db57cdad60f179c8073dbdbca3740a671997f20b849502df4108284.exe,195232,68,1,0,0,0,0.014705882352941176,executable,1,0,0,0,0,1,1,0,0,0,0,4.925032258030637,5.038557906802207,0.20408539583674806,0.4966757498770693,256,0,0,4,0,0,0,4,4,0,0,0,0,0.0,0
malware,2b49e8466b5bd4d476fc53abce4752f474a8e91b4b0791ecddb08f782c1e7232.exe,data\raw\malware\2b49e8466b5bd4d476fc53abce4752f474a8e91b4b0791ecddb08f782c1e7232.exe,122848,68,1,0,0,0,0.014705882352941176,executable,1,0,0,0,0,1,1,0,0,0,1,6.70503725429915,4.306663694321946,0.26116827298775724,0.10871971867673873,256,0,0,0,0,0,0,0,0,0,0,0,0,0.0,0
malware,2b50117aa7ebbf1d72d0b6861553b9572629464de92692e33c23ebc2bb437cc8.exe,data\raw\malware\2b50117aa7ebbf1d72d0b6861553b9572629464de92692e33c23ebc2bb437cc8.exe,389120,68,1,0,0,0,0.014705882352941176,executable,1,0,0,0,0,1,1,0,0,0,2,7.824112604236651,0.6689445050527013,0.34918534128289475,0.06293174342105264,256,0,0,0,0,0,0,0,0,0,0,0,0,0.0,0
malware,2b5117e3cd60e9d288b603b9346b50dec1c2bb8f5a3a6f13f8685c22345ca611.ole,data\raw\malware\2b5117e3cd60e9d288b603b9346b50dec1c2bb8f5a3a6f13f8685c22345ca611.ole,189503,68,0,0,0,0,0.014705882352941176,unknown,0,0,0,0,1,0,0,0,0,0,9,6.02498111616495,1.64811209317185,0.3485538487517348,0.3331715065196857,256,1,0,3,0,0,0,3,3,0,0,0,0,0.0,0
malware,2b5131e7ff79b2625139cd94f6a2003a97f108d2dd0f86f3563ba9892e755272.exe,data\raw\malware\2b5131e7ff79b2625139cd94f6a2003a97f108d2dd0f86f3563ba9892e755272.exe,208896,68,1,0,0,0,0.014705882352941176,executable,1,0,0,0,0,1,1,0,0,0,2,6.176063338668676,0.948120411304469,0.2860897288602941,0.2450262331495098,256,0,0,1,0,0,0,1,1,0,0,0,0,0.0,0
malware,2b518cfe6a22ca7192d11da1e377a546e70856dccb14278c884ed971806c29f1.ole,data\raw\malware\2b518cfe6a22ca7192d11da1e377a546e70856dccb14278c884ed971806c29f1.ole,159117,68,0,0,0,0,0.014705882352941176,unknown,0,0,0,0,1,0,0,0,0,0,6,5.805467925864618,1.631559271160622,0.3506099285431475,0.3527718597007234,256,1,0,3,0,0,0,3,3,0,0,0,0,0.0,0
malware,2b5940e9bc576274ac49adcf153a04328b21d3a6db10d0c0156025f380d0a722.exe,data\raw\malware\2b5940e9bc576274ac49adcf153a04328b21d3a6db10d0c0156025f380d0a722.exe,367616,68,1,0,0,0,0.014705882352941176,executable,1,0,0,0,0,1,1,0,0,0,7,7.892672398257352,2.0505515647220633,0.34774329735376047,0.038953690807799445,256,0,0,0,0,0,0,0,0,0,0,0,0,0.0,0
malware,2b5a62b244ca2c9a482d7612a1948562df186ee0f5b0271193fede35323ed4a1.ole,data\raw\malware\2b5a62b244ca2c9a482d7612a1948562df186ee0f5b0271193fede35323ed4a1.ole,139669,68,0,0,0,0,0.014705882352941176,unknown,0,0,0,0,1,0,0,0,0,0,6,6.089361732666791,3.567478778762211,0.35610622256907404,0.302343397604336,256,1,0,0,0,0,0,0,0,0,0,0,0,0.0,0
malware,2b5ac9b46e71280c724b77ea07cda47afee9dcabe439e3ad23c633d4cbce9ac6.exe,data\raw\malware\2b5ac9b46e71280c724b77ea07cda47afee9dcabe439e3ad23c633d4cbce9ac6.exe,450560,68,1,0,0,0,0.014705882352941176,executable,1,0,0,0,0,1,1,0,0,0,6,7.562880149193862,0.7040924398888334,0.3263494318181818,0.11263538707386364,256,0,0,0,0,0,0,0,0,0,0,0,0,0.0,0
malware,2b6334a6c4fcbaee4a2c85b1ae404e72ca4b5e0fa4200c54777ce11752d85133.exe,data\raw\malware\2b6334a6c4fcbaee4a2c85b1ae404e72ca4b5e0fa4200c54777ce11752d85133.exe,405504,68,1,0,0,0,0.014705882352941176,executable,1,0,0,0,0,1,1,0,0,0,4,7.682722607682907,0.6660252131324498,0.3336588541666667,0.09406565656565656,256,0,0,0,0,0,0,0,0,0,0,0,0,0.0,0
malware,2b6ac85e0c51e46e0aff38edd5028a9a20180b5958cc6fe52a6b31e205122083.ole,data\raw\malware\2b6ac85e0c51e46e0aff38edd5028a9a20180b5958cc6fe52a6b31e205122083.ole,245760,68,0,0,0,0,0.014705882352941176,unknown,0,0,0,0,1,0,0,0,0,0,3,7.9696857006325565,2.6430780399694265,0.36151123046875,0.01661376953125,256,0,0,0,0,0,0,0,0,0,0,0,0,0.0,0
malware,2b71395dee6626a9916f36ad144504d69fa9986bbc95ff7e001191cdc01549b7.exe,data\raw\malware\2b71395dee6626a9916f36ad144504d69fa9986bbc95ff7e001191cdc01549b7.exe,183672,68,1,0,0,0,0.014705882352941176,executable,1,0,0,0,0,1,1,0,0,0,1,5.580305059863047,5.045742758922326,0.228859053094647,0.4096378326582168,256,0,1,4,0,0,0,4,4,0,0,0,0,0.0,0
malware,2b72510e0a05d88c95ac60a953bb51ec2d8c8d913b638d8949ccc9331948fcc3.exe,data\raw\malware\2b72510e0a05d88c95ac60a953bb51ec2d8c8d913b638d8949ccc9331948fcc3.exe,195232,68,1,0,0,0,0.014705882352941176,executable,1,0,0,0,0,1,1,0,0,0,0,4.923831134023958,5.038809999949865,0.2027843796099,0.4968908785445009,256,0,0,4,0,0,0,4,4,0,0,0,0,0.0,0
malware,2b7252cfd35fee0e86004af2749cd115e6ff27353deb6c2624421b2e835e7119.exe,data\raw\malware\2b7252cfd35fee0e86004af2749cd115e6ff27353deb6c2624421b2e835e7119.exe,430080,68,1,0,0,0,0.014705882352941176,executable,1,0,0,0,0,1,1,0,0,0,6,7.659091617344294,0.667482966338618,0.33236839657738093,0.09570777529761905,256,0,0,0,0,0,0,0,0,0,0,0,0,0.0,0
malware,2b75a1617f1fe81de044feb5c23429f6f2dd8af45cfab8b3b3d6043c6935b053.exe,data\raw\malware\2b75a1617f1fe81de044feb5c23429f6f2dd8af45cfab8b3b3d6043c6935b053.exe,432128,68,1,0,0,0,0.014705882352941176,executable,1,0,0,0,0,1,1,0,0,0,4,7.867593371920346,6.051098582559724,0.3512038099822275,0.04091843157582938,256,0,0,0,0,0,0,0,0,0,0,0,0,0.0,0
malware,2b8274717455ba2c0cee6f6d228d0e704e8ed0fbbfe5b75ec222395b0ecfcf05.exe,data\raw\malware\2b8274717455ba2c0cee6f6d228d0e704e8ed0fbbfe5b75ec222395b0ecfcf05.exe,588288,68,1,0,0,0,0.014705882352941176,executable,1,0,0,0,0,1,1,0,0,0,8,7.485070450554177,5.745123560396969,0.3479707218233246,0.10754766372932985,256,0,0,0,0,0,0,0,0,0,0,0,0,0.0,0
malware,2b832ec67aa044d7ddea7f2a58687ea3b19f49979414987d918a2ac7ab57e4b3.exe,data\raw\malware\2b832ec67aa044d7ddea7f2a58687ea3b19f49979414987d918a2ac7ab57e4b3.exe,313384,68,1,0,0,0,0.014705882352941176,executable,1,0,0,0,0,1,1,0,0,0,2,7.483894504735229,4.887815791586274,0.3546926454445664,0.09821816046766906,256,1,2,0,1,0,0,0,1,0,0,0,0,0.0,0
malware,2b83d3da5309f15eba15099579518b59f5e8a8b3cdc54c6b5674def84bbc7d39.ole,data\raw\malware\2b83d3da5309f15eba15099579518b59f5e8a8b3cdc54c6b5674def84bbc7d39.ole,144758,68,0,0,0,0,0.014705882352941176,unknown,0,0,0,0,1,0,0,0,0,0,6,6.096787778569779,3.5031394934029665,0.3857057986432529,0.2863123281614833,256,1,0,0,0,0,0,0,0,0,0,0,0,0.0,0
malware,2b85379b4e85f2c84e4034e3842cade535ae5a06007b32825e74cc50d7694ab7.ole,data\raw\malware\2b85379b4e85f2c84e4034e3842cade535ae5a06007b32825e74cc50d7694ab7.ole,190906,68,0,0,0,0,0.014705882352941176,unknown,0,0,0,0,1,0,0,0,0,0,9,6.02819098818093,1.64811209317185,0.35332572051166544,0.33072297361004893,256,1,0,3,0,0,0,3,3,0,0,0,0,0.0,0
malware,2b8cf57056c60b57a82368c21a7d92a8b8153538dee625deb0d4228d044eb05e.exe,data\raw\malware\2b8cf57056c60b57a82368c21a7d92a8b8153538dee625deb0d4228d044eb05e.exe,394240,68,1,0,0,0,0.014705882352941176,executable,1,0,0,0,0,1,1,0,0,0,5,7.820205084476727,4.556119764302277,0.3359679383116883,0.048604910714285715,256,0,0,0,0,0,0,0,0,0,0,0,0,0.0,0
malware,2b92fad0c5f31a3372ee6455bb7b38084b4af6bb6356d388c669dccffc6e6cd5.exe,data\raw\malware\2b92fad0c5f31a3372ee6455bb7b38084b4af6bb6356d388c669dccffc6e6cd5.exe,210944,68,1,0,0,0,0.014705882352941176,executable,1,0,0,0,0,1,1,0,0,0,5,7.141752254984485,6.779682568636342,0.3164915807038835,0.18908809921116504,256,0,0,1,0,0,0,1,1,0,0,0,0,0.0,0
malware,2b934ca25e7455599b8f13e343ccfbe020724b3358fdbd4b31407a8119698af3.exe,data\raw\malware\2b934ca25e7455599b8f13e343ccfbe020724b3358fdbd4b31407a8119698af3.exe,434176,68,1,0,0,0,0.014705882352941176,executable,1,0,0,0,0,1,1,0,0,0,4,7.50592360257674,0.7228503620459709,0.32156084168632076,0.12758190227004718,256,0,0,0,0,0,0,0,0,0,0,0,0,0.0,0
malware,2b97ca28dc6f457206be5e0d01ce19b876f0f175255aae6ae1a2d6e1e0762239.exe,data\raw\malware\2b97ca28dc6f457206be5e0d01ce19b876f0f175255aae6ae1a2d6e1e0762239.exe,208896,68,1,0,0,0,0.014705882352941176,executable,1,0,0,0,0,1,1,0,0,0,1,6.170855348491264,0.9511190418055424,0.28595569087009803,0.2456964231004902,256,0,0,1,0,0,0,1,1,0,0,0,0,0.0,0
malware,2b9b55a8b5cc0aa3f2fbc5cd447e1bc9c07a6fbe41389b258f37d74b008ebdb7.exe,data\raw\malware\2b9b55a8b5cc0aa3f2fbc5cd447e1bc9c07a6fbe41389b258f37d74b008ebdb7.exe,208896,68,1,0,0,0,0.014705882352941176,executable,1,0,0,0,0,1,1,0,0,0,1,6.389188934097237,0.9553906940074991,0.30874693627450983,0.21340284160539216,256,0,0,1,0,0,0,1,1,0,0,0,0,0.0,0
malware,2b9bc9b8503c38686487064f3d8066d83d65a375ddca2b70d3f10f47bdfecc42.exe,data\raw\malware\2b9bc9b8503c38686487064f3d8066d83d65a375ddca2b70d3f10f47bdfecc42.exe,503808,68,1,0,0,0,0.014705882352941176,executable,1,0,0,0,0,1,1,0,0,0,6,6.832105706182777,0.6869356521918348,0.2786636972815041,0.2446070725355691,256,0,0,0,0,0,0,0,0,0,0,0,0,0.0,0
malware,2b9cbb1bc526d5fa4b9be6a9d2ed593bd9916b3213cb0283b9a1f1cfcd9ce831.exe,data\raw\malware\2b9cbb1bc526d5fa4b9be6a9d2ed593bd9916b3213cb0283b9a1f1cfcd9ce831.exe,195232,68,1,0,0,0,0.014705882352941176,executable,1,0,0,0,0,1,1,0,0,0,0,4.921204670382248,5.040193927236081,0.20390099983609244,0.49705990821176854,256,0,0,4,0,0,0,4,4,0,0,0,0,0.0,0
malware,2b9f5a1b687436a3f6bf2cde0986844d28d6df64930e3bfbfc357c56309677ec.ole,data\raw\malware\2b9f5a1b687436a3f6bf2cde0986844d28d6df64930e3bfbfc357c56309677ec.ole,163219,68,0,0,0,0,0.014705882352941176,unknown,0,0,0,0,1,0,0,0,0,0,13,5.799145640551153,1.5752578820236374,0.3477965187876411,0.35538754679295914,256,1,0,3,0,0,0,3,3,0,0,0,0,0.0,0
malware,2bad36560cc7a49db63be25f9033fafbe56ed693ae0fd29841a78b107d4cdd16.exe,data\raw\malware\2bad36560cc7a49db63be25f9033fafbe56ed693ae0fd29841a78b107d4cdd16.exe,183672,68,1,0,0,0,0.014705882352941176,executable,1,0,0,0,0,1,1,0,0,0,1,5.58110483508302,5.0449339173109715,0.22944161331068427,0.40953983187421056,256,0,1,4,0,0,0,4,4,0,0,0,0,0.0,0
malware,2bae172ef5802b3471222f92e4f7db8a0a698a6fca22ef43ec4e9ea5239ac788.exe,data\raw\malware\2bae172ef5802b3471222f92e4f7db8a0a698a6fca22ef43ec4e9ea5239ac788.exe,434176,68,1,0,0,0,0.014705882352941176,executable,1,0,0,0,0,1,1,0,0,0,7,7.615058465084611,0.6947854252193444,0.3331782502948113,0.10295594413325472,256,0,0,0,0,0,0,0,0,0,0,0,0,0.0,0
malware,2bb089bb05435943365939a052cb79571a9e1da17314da2d69820c9fd6f37372.exe,data\raw\malware\2bb089bb05435943365939a052cb79571a9e1da17314da2d69820c9fd6f37372.exe,503808,68,1,0,0,0,0.014705882352941176,executable,1,0,0,0,0,1,1,0,0,0,9,6.8336777748072555,0.6869356521918348,0.27862399961890244,0.24436094702743902,256,0,0,0,0,0,0,0,0,0,0,0,0,0.0,0
malware,2bb2831b682e6824d8f91987866c6c3a2c801e54d2376984c1baf5f62b3c3870.ole,data\raw\malware\2bb2831b682e6824d8f91987866c6c3a2c801e54d2376984c1baf5f62b3c3870.ole,189703,68,0,0,0,0,0.014705882352941176,unknown,0,0,0,0,1,0,0,0,0,0,9,6.025914137393795,1.64811209317185,0.3492248409355677,0.33282025060225723,256,1,0,3,0,0,0,3,3,0,0,0,0,0.0,0
malware,2bb6f209ca9c16309c45281316f0a27fb8d29f6daa21e5a5f738f98b9595b0d5.exe,data\raw\malware\2bb6f209ca9c16309c45281316f0a27fb8d29f6daa21e5a5f738f98b9595b0d5.exe,158720,68,1,0,0,0,0.014705882352941176,executable,1,0,0,0,0,1,1,0,0,0,3,7.7681056848435714,5.859393756001659,0.34516759072580644,0.05465599798387097,256,0,0,2,0,0,0,2,2,0,0,0,0,0.0,0
malware,2bb90142a22a52f8f31ed59a4a4202f1383a7aa0fe183de64f7e702e08dc97d1.exe,data\raw\malware\2bb90142a22a52f8f31ed59a4a4202f1383a7aa0fe183de64f7e702e08dc97d1.exe,375808,68,1,0,0,0,0.014705882352941176,executable,1,0,0,0,0,1,1,0,0,0,5,7.877797460444721,4.599784062332971,0.35607278184604907,0.0482799727520436,256,0,0,0,0,0,0,0,0,0,0,0,0,0.0,0
malware,2bbf1d1c0dd8ad8498e10350a766ba0e636676db372cf3b42aa9eee3c4dada7e.exe,data\raw\malware\2bbf1d1c0dd8ad8498e10350a766ba0e636676db372cf3b42aa9eee3c4dada7e.exe,438272,68,1,0,0,0,0.014705882352941176,executable,1,0,0,0,0,1,1,0,0,0,3,7.490553746543643,0.6657755057355246,0.31979455680490654,0.13036196699766356,256,0,0,0,0,0,0,0,0,0,0,0,0,0.0,0
malware,2bc5ff048f7bc5fe2b0e1c801d39807510291272e2693615065c8e022502919f.exe,data\raw\malware\2bc5ff048f7bc5fe2b0e1c801d39807510291272e2693615065c8e022502919f.exe,454656,68,1,0,0,0,0.014705882352941176,executable,1,0,0,0,0,1,1,0,0,0,4,7.413295650831264,0.7089394721870265,0.31324121973536034,0.14216022663288289,256,0,0,0,0,0,0,0,0,0,0,0,0,0.0,0
malware,2bced1a8302d817af06cc07010a27345146769b3d9ad0e86d246ca93e4dc8e69.ole,data\raw\malware\2bced1a8302d817af06cc07010a27345146769b3d9ad0e86d246ca93e4dc8e69.ole,156990,68,0,0,0,0,0.014705882352941176,unknown,0,0,0,0,1,0,0,0,0,0,6,5.766823880018561,1.6197459551897646,0.34425759602522454,0.36068539397413846,256,1,0,3,0,0,0,3,3,0,0,0,0,0.0,0
malware,2bd20e209935ae28134b78a566098fe71e5e3e765e0db787700575d7ae21a064.exe,data\raw\malware\2bd20e209935ae28134b78a566098fe71e5e3e765e0db787700575d7ae21a064.exe,130144,68,1,0,0,0,0.014705882352941176,executable,1,0,0,0,0,1,1,0,0,0,1,6.867753118811922,5.788988280096739,0.2937745881485124,0.19372387509220557,256,1,2,0,0,0,0,0,0,0,0,0,0,0.0,0
malware,2bde9226d36a1e293bd1bb34fa0c36933c38efe095d2293db7dc761ea7f67e25.exe,data\raw\malware\2bde9226d36a1e293bd1bb34fa0c36933c38efe095d2293db7dc761ea7f67e25.exe,434176,68,1,0,0,0,0.014705882352941176,executable,1,0,0,0,0,1,1,0,0,0,4,7.506707663441418,0.7228503620459709,0.32066258844339623,0.12749438015919812,256,0,0,0,0,0,0,0,0,0,0,0,0,0.0,0
malware,2be7402cd91e5d05254b8aab859cb524406d1cf380034108b5d31e48a635a508.exe,data\raw\malware\2be7402cd91e5d05254b8aab859cb524406d1cf380034108b5d31e48a635a508.exe,195232,68,1,0,0,0,0.014705882352941176,executable,1,0,0,0,0,1,1,0,0,0,0,4.92391908756295,5.038143018766638,0.2026716931650549,0.4968908785445009,256,0,0,4,0,0,0,4,4,0,0,0,0,0.0,0
malware,2be787d26e9417ef0b51bdb7791f258d7744820c5fd7d00736250c5108641a63.exe,data\raw\malware\2be787d26e9417ef0b51bdb7791f258d7744820c5fd7d00736250c5108641a63.exe,135264,68,1,0,0,0,0.014705882352941176,executable,1,0,0,0,0,1,1,0,0,0,2,6.87530338399029,5.656285724402473,0.3326088242252188,0.20002365744026496,256,1,2,0,0,0,0,0,0,0,0,0,0,0.0,0
malware,2bf25f6400e3c83be98d8f2754fffd9faf02b73cae8ae93a0b2d888bc5fe41e1.exe,data\raw\malware\2bf25f6400e3c83be98d8f2754fffd9faf02b73cae8ae93a0b2d888bc5fe41e1.exe,348160,68,1,0,0,0,0.014705882352941176,executable,1,0,0,0,0,1,1,0,0,0,6,7.666999384844391,0.6743590876643812,0.33037109375,0.09337948069852942,256,0,0,0,0,0,0,0,0,0,0,0,0,0.0,0
malware,2bf961e88de2095b49ba994902770c6937a016956fd3006164ba503a550db388.exe,data\raw\malware\2bf961e88de2095b49ba994902770c6937a016956fd3006164ba503a550db388.exe,131168,68,1,0,0,0,0.014705882352941176,executable,1,0,0,0,0,1,1,0,0,0,2,6.854783938311063,5.297280961241167,0.292777201756526,0.19046566235667237,256,1,2,0,0,0,0,0,0,0,0,0,0,0.0,0
malware,2bfae6da08c1d1aca7b6722823ee117a40dc4a0f8b93ba5e2393a4639ffa86cb.exe,data\raw\malware\2bfae6da08c1d1aca7b6722823ee117a40dc4a0f8b93ba5e2393a4639ffa86cb.exe,413696,68,1,0,0,0,0.014705882352941176,executable,1,0,0,0,0,1,1,0,0,0,3,7.6711287523751555,0.6633362471715544,0.33329546333539606,0.09668452196782178,256,0,0,0,0,0,0,0,0,0,0,0,0,0.0,0
malware,2bfe81e6ce5bb447a54de0aa7f99f85d893d9ac2927b03265f2faacef1533ff7.ole,data\raw\malware\2bfe81e6ce5bb447a54de0aa7f99f85d893d9ac2927b03265f2faacef1533ff7.ole,116945,68,0,0,0,0,0.014705882352941176,unknown,0,0,0,0,1,1,0,0,0,0,17,7.833406025667908,6.215799681361788,0.3318654068151695,0.03411860276198213,256,0,0,0,0,0,0,0,0,0,0,0,0,0.0,0
malware,2bffbae08987c3b429b59cee627dfc5bce904b78daa06039c14af84fa513da59.exe,data\raw\malware\2bffbae08987c3b429b59cee627dfc5bce904b78daa06039c14af84fa513da59.exe,208896,68,1,0,0,0,0.014705882352941176,executable,1,0,0,0,0,1,1,0,0,0,1,6.394463046801364,0.9499387216381102,0.3088857613357843,0.21272307751225492,256,0,0,1,0,0,0,1,1,0,0,0,0,0.0,0
malware,2c055f888f92351290dbe19a83a6f60bbdee63822ad97eed8693b1ee79735477.exe,data\raw\malware\2c055f888f92351290dbe19a83a6f60bbdee63822ad97eed8693b1ee79735477.exe,405504,68,1,0,0,0,0.014705882352941176,executable,1,0,0,0,0,1,1,0,0,0,7,7.685353590138222,0.6682719250961185,0.3347118647411616,0.09417416351010101,256,0,0,0,0,0,0,0,0,0,0,0,0,0.0,0
malware,2c0aaddbefb4eca4bec3357aa3b3d7ccb841e24a63cec139d3ffb3d82427ae9d.exe,data\raw\malware\2c0aaddbefb4eca4bec3357aa3b3d7ccb841e24a63cec139d3ffb3d82427ae9d.exe,434176,68,1,0,0,0,0.014705882352941176,executable,1,0,0,0,0,1,1,0,0,0,2,7.520117806781627,0.6588056691654528,0.3220698518573113,0.12479501400353774,256,0,0,0,0,0,0,0,0,0,0,0,0,0.0,0
malware,2c0f1812add5ea4c3d0a5112fdefd3af2cdc00eecf45d7c00a51e4b6ab639ca6.exe,data\raw\malware\2c0f1812add5ea4c3d0a5112fdefd3af2cdc00eecf45d7c00a51e4b6ab639ca6.exe,409600,68,1,0,0,0,0.014705882352941176,executable,1,0,0,0,0,1,1,0,0,0,6,7.21454931216763,0.7237830903487885,0.30177001953125,0.1776416015625,256,0,0,0,0,0,0,0,0,0,0,0,0,0.0,0
malware,2c127f91b268a5e6316f343781451b76bee664638987ff6d17622be8def3f864.exe,data\raw\malware\2c127f91b268a5e6316f343781451b76bee664638987ff6d17622be8def3f864.exe,38912,68,1,0,0,0,0.014705882352941176,executable,1,0,0,0,0,1,1,0,0,0,0,5.657805711139851,4.404651865577397,0.21700246710526316,0.33251953125,256,0,0,0,0,0,0,0,0,0,0,0,0,0.0,0
malware,2c1359ce63f7b747ddfc79e869ade59cee4a5d24cd224ac41d0de51f114d6c0d.exe,data\raw\malware\2c1359ce63f7b747ddfc79e869ade59cee4a5d24cd224ac41d0de51f114d6c0d.exe,405504,68,1,0,0,0,0.014705882352941176,executable,1,0,0,0,0,1,1,0,0,0,2,7.682188165592531,0.6691531849775728,0.3333407315340909,0.09405825836489899,256,0,0,0,0,0,0,0,0,0,0,0,0,0.0,0
malware,2c1487a61bbcd807564589279cd4314b866c6444198affa0a3d5432b88dcceb8.exe,data\raw\malware\2c1487a61bbcd807564589279cd4314b866c6444198affa0a3d5432b88dcceb8.exe,367616,68,1,0,0,0,0.014705882352941176,executable,1,0,0,0,0,1,1,0,0,0,7,7.858875893963927,1.5557890414181323,0.3477296962047354,0.054546048050139274,256,0,0,0,0,0,0,0,0,0,0,0,0,0.0,0
malware,2c17d41ad13b83ae4f3c094e9fda7bf156f0fbd690f58f2e22ae8f0c12561400.ole,data\raw\malware\2c17d41ad13b83ae4f3c094e9fda7bf156f0fbd690f58f2e22ae8f0c12561400.ole,151491,68,0,0,0,0,0.014705882352941176,unknown,0,0,0,0,1,0,0,0,0,0,6,6.026831528876403,3.487654950249338,0.3813229828834716,0.2934827811553162,256,1,0,0,0,0,0,0,0,0,0,0,0,0.0,0
malware,2c19a5f8e24e277a18f2b8da797fafa0a8b81624b2c7db3509b1f0463a2f4765.exe,data\raw\malware\2c19a5f8e24e277a18f2b8da797fafa0a8b81624b2c7db3509b1f0463a2f4765.exe,425984,68,1,0,0,0,0.014705882352941176,executable,1,0,0,0,0,1,1,0,0,0,4,7.757646832450412,0.6960655365709603,0.34040010892427885,0.06890399639423077,256,0,0,0,0,0,0,0,0,0,0,0,0,0.0,0
malware,2c1fc2785d28ca3f263b7397d84f69d05bd4bf5d883c50c2294d46d2db9f289b.ole,data\raw\malware\2c1fc2785d28ca3f263b7397d84f69d05bd4bf5d883c50c2294d46d2db9f289b.ole,139368,68,0,0,0,0,0.014705882352941176,unknown,0,0,0,0,1,0,0,0,0,0,6,6.094414153149231,3.5608972774740892,0.35716950806497905,0.30183399345617357,256,1,0,0,0,0,0,0,0,0,0,0,0,0.0,0
malware,2c37d78609450c02d998c9e27ad6bc594ae4bf5ae9f789011f6557aa0c50d05e.exe,data\raw\malware\2c37d78609450c02d998c9e27ad6bc594ae4bf5ae9f789011f6557aa0c50d05e.exe,96297,68,1,0,0,0,0.014705882352941176,executable,1,0,0,0,0,1,1,0,0,0,0,7.403815159303713,4.158066337736044,0.3259706948295378,0.10577691932251264,256,0,0,0,0,0,0,0,0,0,0,0,0,0.0,0
malware,2c43733362a0b40f50b44ea8c5437f2ffa8d10531ccaa6df1a4a8fb6348ce20e.exe,data\raw\malware\2c43733362a0b40f50b44ea8c5437f2ffa8d10531ccaa6df1a4a8fb6348ce20e.exe,458752,68,1,0,0,0,0.014705882352941176,executable,1,0,0,0,0,1,1,0,0,0,6,7.459398843403369,0.6989663145395375,0.31875828334263395,0.13242231096540177,256,0,0,0,0,0,0,0,0,0,0,0,0,0.0,0
malware,2c4d1274135a9274d00f5f680b95fd32395b45866948649d9ecbbbcb1dce01d1.exe,data\raw\malware\2c4d1274135a9274d00f5f680b95fd32395b45866948649d9ecbbbcb1dce01d1.exe,32768,68,1,0,0,0,0.014705882352941176,executable,1,0,0,0,0,1,1,0,0,0,1,4.743183728641668,0.6732853151051357,0.255340576171875,0.469268798828125,256,1,0,0,0,0,0,0,0,0,0,0,0,0.0,0
malware,2c5bffad00ed51d99b3f80ea541d406d90cc9fc776b3914775de96111aa58b6f.ole,data\raw\malware\2c5bffad00ed51d99b3f80ea541d406d90cc9fc776b3914775de96111aa58b6f.ole,157479,68,0,0,0,0,0.014705882352941176,unknown,0,0,0,0,1,0,0,0,0,0,6,5.826797624768167,1.610000346744518,0.3497164701325256,0.3502943249576134,256,1,0,3,0,0,0,3,3,0,0,0,0,0.0,0
malware,2c5c6577408a84804e5cbd02cfc25a38fbecf3f8ba87a66ed93dd0af9f6f5edd.exe,data\raw\malware\2c5c6577408a84804e5cbd02cfc25a38fbecf3f8ba87a66ed93dd0af9f6f5edd.exe,133120,68,1,0,0,0,0.014705882352941176,executable,1,0,0,0,0,1,1,0,0,0,2,6.978332436194985,5.2654223833461336,0.2887920673076923,0.18887469951923078,256,0,0,0,0,0,0,0,0,0,0,0,0,0.0,0
malware,2c5fd946325ec89b02cdbcb3c7063aa3cc5e8c8a3259c34d0a7effc050057616.exe,data\raw\malware\2c5fd946325ec89b02cdbcb3c7063aa3cc5e8c8a3259c34d0a7effc050057616.exe,434176,68,1,0,0,0,0.014705882352941176,executable,1,0,0,0,0,1,1,0,0,0,7,7.519010210744107,0.6711991084234147,0.32337807709316035,0.12477658829599056,256,0,0,0,0,0,0,0,0,0,0,0,0,0.0,0
malware,2c6bb2956b08cb745a5a195deff6fe4761415ebd5ea0c46c1c14b36f725ab10f.exe,data\raw\malware\2c6bb2956b08cb745a5a195deff6fe4761415ebd5ea0c46c1c14b36f725ab10f.exe,131168,68,1,0,0,0,0.014705882352941176,executable,1,0,0,0,0,1,1,0,0,0,2,6.854726994045712,5.294245719341334,0.29270858746035616,0.19046566235667237,256,1,2,0,0,0,0,0,0,0,0,0,0,0.0,0
malware,2c700ebcb9952dc5e95f5f2232cf62ec5c204e9914f1bfddeb7a1d21cc2f44d8.exe,data\raw\malware\2c700ebcb9952dc5e95f5f2232cf62ec5c204e9914f1bfddeb7a1d21cc2f44d8.exe,409600,68,1,0,0,0,0.014705882352941176,executable,1,0,0,0,0,1,1,0,0,0,5,7.302211405239907,0.6633441848758758,0.31077392578125,0.1669775390625,256,0,0,0,0,0,0,0,0,0,0,0,0,0.0,0
malware,2c719454d0de13ac4564d00aa10c9e0b005b0bc91f5fc58d3bea10f067a07413.exe,data\raw\malware\2c719454d0de13ac4564d00aa10c9e0b005b0bc91f5fc58d3bea10f067a07413.exe,663552,68,1,0,0,0,0.014705882352941176,executable,1,0,0,0,0,1,1,0,0,0,6,7.05395991406741,5.4369806920755055,0.32802854938271603,0.1553201557677469,256,0,0,1,0,0,0,1,1,0,0,0,0,0.0,0
malware,2c791997126be2668e4bb548e728866b06980bf205d4d53d97c9e58acbb76708.exe,data\raw\malware\2c791997126be2668e4bb548e728866b06980bf205d4d53d97c9e58acbb76708.exe,151040,68,1,0,0,0,0.014705882352941176,executable,1,0,0,0,0,1,1,0,0,0,16,6.661845376623599,5.508580778153326,0.6456038135593221,0.14091631355932202,256,0,0,1,0,0,0,1,1,0,0,0,0,0.0,0
malware,2c83872f55fbf47fe640931327bd09600d6e535513ca60ea98a0602d49b19a05.exe,data\raw\malware\2c83872f55fbf47fe640931327bd09600d6e535513ca60ea98a0602d49b19a05.exe,442368,68,1,0,0,0,0.014705882352941176,executable,1,0,0,0,0,1,1,0,0,0,4,7.6287596428314535,0.6985228853777969,0.3294609917534722,0.09794334129050926,256,0,0,0,0,0,0,0,0,0,0,0,0,0.0,0
malware,2c86bb76fa7bb5637e50fef795f8c01bc2d7aada2c03868619dfcb53649a097d.ole,data\raw\malware\2c86bb76fa7bb5637e50fef795f8c01bc2d7aada2c03868619dfcb53649a097d.ole,236057,68,0,0,0,0,0.014705882352941176,unknown,0,0,0,0,1,0,0,0,0,0,11,6.769607641128815,1.6288623081457132,0.3345463172030484,0.23645136556001306,256,1,0,0,0,0,0,0,0,0,0,0,0,0.0,0
malware,2c8b3647bf5e9e3bbdcc344e549271d9b94a24d5147e40774ba7e7f278753e33.ole,data\raw\malware\2c8b3647bf5e9e3bbdcc344e549271d9b94a24d5147e40774ba7e7f278753e33.ole,134688,68,0,0,0,0,0.014705882352941176,unknown,0,0,0,0,1,0,0,0,0,0,8,5.936361057301151,3.5110865123159365,0.31546240199572345,0.33191524114991683,256,1,0,0,0,0,0,0,0,0,0,0,0,0.0,0
malware,2c91158a135b5ac85968d8591bb5cec9870eab94509891f73abd817aac2ecb78.exe,data\raw\malware\2c91158a135b5ac85968d8591bb5cec9870eab94509891f73abd817aac2ecb78.exe,110176,68,1,0,0,0,0.014705882352941176,executable,1,0,0,0,0,1,1,0,0,0,1,6.994708653199094,4.695066583438288,0.3217760673830961,0.1878085971536451,256,0,0,0,0,0,0,0,0,0,0,0,0,0.0,0
malware,2c94058e09190eb3ab5bcdbc9c78c658d2ba9639c309c723165ff354515847f5.exe,data\raw\malware\2c94058e09190eb3ab5bcdbc9c78c658d2ba9639c309c723165ff354515847f5.exe,208896,68,1,0,0,0,0.014705882352941176,executable,1,0,0,0,0,1,1,0,0,0,1,6.426035288637647,0.94511082161926,0.3100442325367647,0.20748123468137256,256,0,0,1,0,0,0,1,1,0,0,0,0,0.0,0
malware,2c97f34f9f2c5043a2fb9940566f16e717b5596dfbe2e3266e47022fef356259.exe,data\raw\malware\2c97f34f9f2c5043a2fb9940566f16e717b5596dfbe2e3266e47022fef356259.exe,434176,68,1,0,0,0,0.014705882352941176,executable,1,0,0,0,0,1,1,0,0,0,4,7.506686308902068,0.7228503620459709,0.3206602852299528,0.12748516730542453,256,0,0,0,0,0,0,0,0,0,0,0,0,0.0,0
malware,2c9e08609e3e8ac82478e0b64055f97df479a23aebfcddea1bf8cb725fb00469.exe,data\raw\malware\2c9e08609e3e8ac82478e0b64055f97df479a23aebfcddea1bf8cb725fb00469.exe,434176,68,1,0,0,0,0.014705882352941176,executable,1,0,0,0,0,1,1,0,0,0,4,7.506673202793945,0.7228503620459709,0.3206602852299528,0.1274989865860849,256,0,0,0,0,0,0,0,0,0,0,0,0,0.0,0
malware,2c9ff67f89283e4cabb242bfd720cb00629a77fc74a7c7bb37384f708209a4ec.ole,data\raw\malware\2c9ff67f89283e4cabb242bfd720cb00629a77fc74a7c7bb37384f708209a4ec.ole,139364,68,0,0,0,0,0.014705882352941176,unknown,0,0,0,0,1,0,0,0,0,0,6,6.089075158848018,3.567478778762211,0.3547329295944433,0.30298355385895925,256,1,0,0,0,0,0,0,0,0,0,0,0,0.0,0
malware,2ca1861ea6cbfb2c3431c197b5500745d09eb73f1c64a38bf4c77aa260c735ea.exe,data\raw\malware\2ca1861ea6cbfb2c3431c197b5500745d09eb73f1c64a38bf4c77aa260c735ea.exe,430080,68,1,0,0,0,0.014705882352941176,executable,1,0,0,0,0,1,1,0,0,0,8,7.66125425752846,0.6703872921689462,0.33044317336309526,0.0953915550595238,256,0,0,0,0,0,0,0,0,0,0,0,0,0.0,0
malware,2cac6b6f1ed831e31b804e46839fb6e8e196a14ba3d75ba6c945d4b87dd18f04.ole,data\raw\malware\2cac6b6f1ed831e31b804e46839fb6e8e196a14ba3d75ba6c945d4b87dd18f04.ole,136116,68,0,0,0,0,0.014705882352941176,unknown,0,0,0,0,1,0,0,0,0,0,6,5.9299754450268685,3.421290367319551,0.3207411325634018,0.3286828881248347,256,1,0,0,0,0,0,0,0,0,0,0,0,0.0,0
malware,2cb6fc70f59b6c87fe288c055444c5ca6f8db5996375bf5732afa656c5101e6d.exe,data\raw\malware\2cb6fc70f59b6c87fe288c055444c5ca6f8db5996375bf5732afa656c5101e6d.exe,95785,68,1,0,0,0,0.014705882352941176,executable,1,0,0,0,0,1,1,0,0,0,0,7.625572626707838,5.531936472422298,0.3449391867202589,0.07121156757321084,256,0,0,0,0,0,0,0,0,0,0,0,0,0.0,0
malware,2cb7ba80eb3e52433bb2c874efafa25a6924c41e02fd8a897e79affa2a557ee1.exe,data\raw\malware\2cb7ba80eb3e52433bb2c874efafa25a6924c41e02fd8a897e79affa2a557ee1.exe,393216,68,1,0,0,0,0.014705882352941176,executable,1,0,0,0,0,1,1,0,0,0,8,7.410615106188379,0.7140542948186132,0.31546783447265625,0.14186859130859375,256,0,0,0,0,0,0,0,0,0,0,0,0,0.0,0
malware,2cc258aafa084c6219d7ea9c75204664a7b59ce1263844f0bac725c07251e3fc.ole,data\raw\malware\2cc258aafa084c6219d7ea9c75204664a7b59ce1263844f0bac725c07251e3fc.ole,690176,68,0,0,0,0,0.014705882352941176,unknown,0,0,0,0,1,0,0,0,0,0,12,7.992943141735755,2.6610954801770643,0.36603706880563797,0.010855202151335312,256,0,0,0,0,0,0,0,0,0,0,0,0,0.0,0
malware,2ccf091251413db94506ee34898adab6d681e5b276e94df7a3b0e4cbf27c191c.exe,data\raw\malware\2ccf091251413db94506ee34898adab6d681e5b276e94df7a3b0e4cbf27c191c.exe,208896,68,1,0,0,0,0.014705882352941176,executable,1,0,0,0,0,1,1,0,0,0,1,6.172621833675108,0.9491122721274518,0.2852998621323529,0.24565812653186275,256,0,0,1,0,0,0,1,1,0,0,0,0,0.0,0
malware,2cd5f77043ea938cc47928fa322f16e6829ebe75aa7b5cd1d9b12236890954a0.exe,data\raw\malware\2cd5f77043ea938cc47928fa322f16e6829ebe75aa7b5cd1d9b12236890954a0.exe,434176,68,1,0,0,0,0.014705882352941176,executable,1,0,0,0,0,1,1,0,0,0,5,7.506625033049222,0.7198849899711558,0.32238308888561323,0.12752432193396226,256,0,0,0,0,0,0,0,0,0,0,0,0,0.0,0
malware,2cde4939f797633de929427a46005c56edcb0480a7a87e6194df70cbe707bc7e.ole,data\raw\malware\2cde4939f797633de929427a46005c56edcb0480a7a87e6194df70cbe707bc7e.ole,156653,68,0,0,0,0,0.014705882352941176,unknown,0,0,0,0,1,0,0,0,0,0,6,5.8269956298232986,1.610000346744518,0.3463068054872872,0.35213497347640965,256,1,0,3,0,0,0,3,3,0,0,0,0,0.0,0
malware,2ce6ee956ec3e4df9915b00caf0047cd0fb5ddcbadb78df2ec0e7d2542925c30.exe,data\raw\malware\2ce6ee956ec3e4df9915b00caf0047cd0fb5ddcbadb78df2ec0e7d2542925c30.exe,165024,68,1,0,0,0,0.014705882352941176,executable,1,0,0,0,0,1,1,0,0,0,0,5.617394149685884,5.037300706492337,0.2415224452200892,0.4045532770990886,256,0,0,4,0,0,0,4,4,0,0,0,0,0.0,0
malware,2ce99923c319a3e9c82f1ab8a9887eb86e31187261e154d442338ff6b4fca58f.exe,data\raw\malware\2ce99923c319a3e9c82f1ab8a9887eb86e31187261e154d442338ff6b4fca58f.exe,131168,68,1,0,0,0,0.014705882352941176,executable,1,0,0,0,0,1,1,0,0,0,2,6.8581660126218695,5.294292735262653,0.29276957794584046,0.1900844718223957,256,1,2,0,0,0,0,0,0,0,0,0,0,0.0,0
malware,2cf3219eb3fdc7d22d9cdf088ddf3c3e71a62f97763fa1f80d338fbcef66ad66.exe,data\raw\malware\2cf3219eb3fdc7d22d9cdf088ddf3c3e71a62f97763fa1f80d338fbcef66ad66.exe,208896,68,1,0,0,0,0.014705882352941176,executable,1,0,0,0,0,1,1,0,0,0,2,6.422105343559741,0.9534629231823881,0.3096516927083333,0.20803174785539216,256,0,0,1,0,0,0,1,1,0,0,0,0,0.0,0
malware,2cf80bdab324765a8b3daea2a4ccb61c726b7f2d4e3a4abecccfcae9cf1e2f8b.exe,data\raw\malware\2cf80bdab324765a8b3daea2a4ccb61c726b7f2d4e3a4abecccfcae9cf1e2f8b.exe,442880,68,1,0,0,0,0.014705882352941176,executable,1,0,0,0,0,1,1,0,0,0,11,7.551454611360702,3.273884951334813,0.3090250180635838,0.11395863439306358,256,0,0,0,0,0,0,0,0,0,0,0,0,0.0,0
malware,2cf9802d6fd4d0bb3aac10b7bb8de241f92ad4d5f26acfb9ea72569005b5e255.exe,data\raw\malware\2cf9802d6fd4d0bb3aac10b7bb8de241f92ad4d5f26acfb9ea72569005b5e255.exe,140840,68,1,0,0,0,0.014705882352941176,executable,1,0,0,0,0,1,1,0,0,0,1,6.870935231054393,5.580328716560158,0.3349687588753195,0.20086623118432265,256,1,2,0,0,0,0,0,0,0,0,0,0,0.0,0
malware,2cff09d47f65d3bed945ac14c9647f5939c0ac7a4d86f2c091f9e8af4a6051a2.exe,data\raw\malware\2cff09d47f65d3bed945ac14c9647f5939c0ac7a4d86f2c091f9e8af4a6051a2.exe,435200,68,1,0,0,0,0.014705882352941176,executable,1,0,0,0,0,1,1,0,0,0,4,7.8710144352634615,6.054896307997816,0.35151654411764705,0.040638786764705885,256,0,0,0,0,0,0,0,0,0,0,0,0,0.0,0
malware,2d06e9df223442de56a1d2c312eef4e04e2328c227d40bc1827f8ec0c62a84bf.ole,data\raw\malware\2d06e9df223442de56a1d2c312eef4e04e2328c227d40bc1827f8ec0c62a84bf.ole,155203,68,0,0,0,0,0.014705882352941176,unknown,0,0,0,0,1,0,0,0,0,0,6,5.793666024756885,1.6271288817790095,0.3423258571032776,0.35769282810254954,256,1,0,3,0,0,0,3,3,0,0,0,0,0.0,0
malware,2d09e4dadeef971022e4c933251d25a5de74e4bd7adc53380f462f81ec750094.exe,data\raw\malware\2d09e4dadeef971022e4c933251d25a5de74e4bd7adc53380f462f81ec750094.exe,434176,68,1,0,0,0,0.014705882352941176,executable,1,0,0,0,0,1,1,0,0,0,2,7.50687701271159,0.7228503620459709,0.3224383660082547,0.1275174122936321,256,0,0,0,0,0,0,0,0,0,0,0,0,0.0,0
malware,2d0e112eefc0d5e4fad72d32ad952a9b04a6c13e19fc3aa26a55e07c99d2a63b.exe,data\raw\malware\2d0e112eefc0d5e4fad72d32ad952a9b04a6c13e19fc3aa26a55e07c99d2a63b.exe,212992,68,1,0,0,0,0.014705882352941176,executable,1,0,0,0,0,1,1,0,0,0,1,6.39720809594847,0.9292138192334076,0.3101665790264423,0.21049147385817307,256,0,0,1,0,0,0,1,1,0,0,0,0,0.0,0
malware,2d10c5a00680c3a2cd100715abde8b7af431dc5fd581da6002f87004398aa312.exe,data\raw\malware\2d10c5a00680c3a2cd100715abde8b7af431dc5fd581da6002f87004398aa312.exe,402432,68,1,0,0,0,0.014705882352941176,executable,1,0,0,0,0,1,1,0,0,0,3,7.975728580380873,6.250900670849705,0.36236929468829515,0.01591324745547074,256,0,0,0,0,0,0,0,0,0,0,0,0,0.0,0
malware,2d1b073ea0e8cbce34b33df476462ceb0f78d630608e62c4c33075b007fb2706.exe,data\raw\malware\2d1b073ea0e8cbce34b33df476462ceb0f78d630608e62c4c33075b007fb2706.exe,402432,68,1,0,0,0,0.014705882352941176,executable,1,0,0,0,0,1,1,0,0,0,4,7.975714851438531,6.232209564818175,0.36201892493638677,0.01591821723918575,256,0,0,0,0,0,0,0,0,0,0,0,0,0.0,0
malware,2d1c3ef75d8053feb207cc6c6324c6746e5134903e189b775096426cf18703af.exe,data\raw\malware\2d1c3ef75d8053feb207cc6c6324c6746e5134903e189b775096426cf18703af.exe,425984,68,1,0,0,0,0.014705882352941176,executable,1,0,0,0,0,1,1,0,0,0,9,7.7626200707272295,0.7046707862494247,0.3361393855168269,0.06827016977163461,256,0,0,0,0,0,0,0,0,0,0,0,0,0.0,0
malware,2d215fcbe08f12bf70a939ca0e3a5b6cac40436f8b8f30056111f26bb11ddce9.exe,data\raw\malware\2d215fcbe08f12bf70a939ca0e3a5b6cac40436f8b8f30056111f26bb11ddce9.exe,413696,68,1,0,0,0,0.014705882352941176,executable,1,0,0,0,0,1,1,0,0,0,6,7.670571970291377,0.6638835066735529,0.3340641437190594,0.09647663985148515,256,0,0,0,0,0,0,0,0,0,0,0,0,0.0,0
malware,2d22c090ca32c456c3d88c382392a124bf484fb67ef5737c1e9c6ed81b87e4fd.ole,data\raw\malware\2d22c090ca32c456c3d88c382392a124bf484fb67ef5737c1e9c6ed81b87e4fd.ole,137569,68,0,0,0,0,0.014705882352941176,unknown,0,0,0,0,1,0,0,0,0,0,6,5.934143740977952,3.421290367319551,0.32785729343093284,0.32533492283872095,256,1,0,0,0,0,0,0,0,0,0,0,0,0.0,0
malware,2d29ace35616135e78eec31a49991b71335ac22ac3b7320eb2e687596271c2d2.exe,data\raw\malware\2d29ace35616135e78eec31a49991b71335ac22ac3b7320eb2e687596271c2d2.exe,394240,68,1,0,0,0,0.014705882352941176,executable,1,0,0,0,0,1,1,0,0,0,4,7.819368629342003,4.571732163665331,0.3344054383116883,0.04838930600649351,256,0,0,0,0,0,0,0,0,0,0,0,0,0.0,0
malware,2d2fa95aa9bf662fdcd71d75dc4ddb6e322b3db907d7555450c5db9def301012.exe,data\raw\malware\2d2fa95aa9bf662fdcd71d75dc4ddb6e322b3db907d7555450c5db9def301012.exe,39424,68,1,0,0,0,0.014705882352941176,executable,1,0,0,0,0,1,1,0,0,0,0,5.604836643958093,4.407866914928111,0.21400669642857142,0.3411881087662338,256,0,0,0,0,0,0,0,0,0,0,0,0,0.0,0
malware,2d37687cb5a125e10485291be39496dadb15eade08320a4f83c7c81c2e52dad6.exe,data\raw\malware\2d37687cb5a125e10485291be39496dadb15eade08320a4f83c7c81c2e52dad6.exe,175616,68,1,0,0,0,0.014705882352941176,executable,1,0,0,0,0,1,1,0,0,0,2,7.794075685346944,4.848762988493096,0.3532992438046647,0.0581268221574344,256,0,0,1,0,0,0,1,1,0,0,0,0,0.0,0
malware,2d391ec4da23306213c239940d9d669591f98cfc3ad5917c1b1f4b7d2b7b4a50.exe,data\raw\malware\2d391ec4da23306213c239940d9d669591f98cfc3ad5917c1b1f4b7d2b7b4a50.exe,176128,68,1,0,0,0,0.014705882352941176,executable,1,0,0,0,0,1,1,0,0,0,2,7.8070046539722675,6.122732230793419,0.35986328125,0.055465343386627904,256,0,0,1,0,0,0,1,1,0,0,0,0,0.0,0
malware,2d39ac6cc0547f0a57e94ffaa3e0597c5fc7dd998684bbf3a52de063dd4e1c17.exe,data\raw\malware\2d39ac6cc0547f0a57e94ffaa3e0597c5fc7dd998684bbf3a52de063dd4e1c17.exe,466944,68,1,0,0,0,0.014705882352941176,executable,1,0,0,0,0,1,1,0,0,0,5,7.483465555308107,0.7004722556301138,0.32034890693530704,0.12882701137609648,256,0,0,0,0,0,0,0,0,0,0,0,0,0.0,0
malware,2d3b63565c5c2270d5050e5405d9cf0cbbbfdd16853703b3f293ba0209873363.exe,data\raw\malware\2d3b63565c5c2270d5050e5405d9cf0cbbbfdd16853703b3f293ba0209873363.exe,433664,68,1,0,0,0,0.014705882352941176,executable,1,0,0,0,0,1,1,0,0,0,4,7.874236459398991,6.112595050244135,0.35111745498819363,0.04032615112160567,256,0,0,0,0,0,0,0,0,0,0,0,0,0.0,0
malware,2d4c8dadcbc73767e2d69ed795919d6d9486260786da9ded77644ee97b8b3779.exe,data\raw\malware\2d4c8dadcbc73767e2d69ed795919d6d9486260786da9ded77644ee97b8b3779.exe,376832,68,1,0,0,0,0.014705882352941176,executable,1,0,0,0,0,1,1,0,0,0,6,7.887394149436141,4.633223308362787,0.3484523607336957,0.04395327360733696,256,0,0,0,0,0,0,0,0,0,0,0,0,0.0,0
malware,2d4f99bb9f38bb7a54679f950cada5f82e4dbfc81767e565d1a54b69c2a92998.exe,data\raw\malware\2d4f99bb9f38bb7a54679f950cada5f82e4dbfc81767e565d1a54b69c2a92998.exe,417792,68,1,0,0,0,0.014705882352941176,executable,1,0,0,0,0,1,1,0,0,0,5,7.663897654286572,0.7144413229121447,0.33173205805759803,0.09170352711397059,256,0,0,0,0,0,0,0,0,0,0,0,0,0.0,0
malware,2d5823e47a76ecf8eece6cefd85885098687ae9f0cd4c51729920df84f4fdb56.exe,data\raw\malware\2d5823e47a76ecf8eece6cefd85885098687ae9f0cd4c51729920df84f4fdb56.exe,110176,68,1,0,0,0,0.014705882352941176,executable,1,0,0,0,0,1,1,0,0,0,1,6.990755185436227,5.455865697289339,0.32324644205634623,0.1880990415335463,256,0,0,0,0,0,0,0,0,0,0,0,0,0.0,0
malware,2d5a77b261837ea4794495787fb0acd3466786700c1ed7a42b128de50c2ba5c7.exe,data\raw\malware\2d5a77b261837ea4794495787fb0acd3466786700c1ed7a42b128de50c2ba5c7.exe,585728,68,1,0,0,0,0.014705882352941176,executable,1,0,0,0,0,1,1,0,0,0,3,6.7208400319289385,0.9783848954899538,0.294887729458042,0.1560024448208042,256,1,0,1,0,0,0,1,1,0,0,0,0,0.0,0
malware,2d5ac246c0835922c57d0d144858624d92a579f0285cdbb2b817e13ef787ef1e.exe,data\raw\malware\2d5ac246c0835922c57d0d144858624d92a579f0285cdbb2b817e13ef787ef1e.exe,442368,68,1,0,0,0,0.014705882352941176,executable,1,0,0,0,0,1,1,0,0,0,5,7.627223436942448,0.6987071840843798,0.33033808955439814,0.0979342990451389,256,0,0,0,0,0,0,0,0,0,0,0,0,0.0,0
malware,2d5c2ab30d204769a3e873d8256b021a1aa0d03d4d334de8a451ac3557163bbe.exe,data\raw\malware\2d5c2ab30d204769a3e873d8256b021a1aa0d03d4d334de8a451ac3557163bbe.exe,454656,68,1,0,0,0,0.014705882352941176,executable,1,0,0,0,0,1,1,0,0,0,2,7.41324227191606,0.7087897705141537,0.31511296452702703,0.14221081432995494,256,0,0,0,0,0,0,0,0,0,0,0,0,0.0,0
malware,2d5d4c9a875dd1a6a598016b45d049dc944f39da64e814ffdf457093839bba24.exe,data\raw\malware\2d5d4c9a875dd1a6a598016b45d049dc944f39da64e814ffdf457093839bba24.exe,148480,68,1,0,0,0,0.014705882352941176,executable,1,0,0,0,0,1,1,0,0,0,3,7.445433433306105,2.729751451756664,0.3574420797413793,0.11931573275862069,256,0,0,1,0,0,0,1,1,0,0,0,0,0.0,0
malware,2d660914bbcabaeb1bf2e87f8aaf22d85099b576074b2ea4086acdf9ccebe522.exe,data\raw\malware\2d660914bbcabaeb1bf2e87f8aaf22d85099b576074b2ea4086acdf9ccebe522.exe,409600,68,1,0,0,0,0.014705882352941176,executable,1,0,0,0,0,1,1,0,0,0,0,7.682514662632394,0.6812377697877658,0.33429443359375,0.094853515625,256,0,0,0,0,0,0,0,0,0,0,0,0,0.0,0
malware,2d762ab029ed06e534d2fe01860356c294460430b467b6cc9ae3968bfe0d39b7.ole,data\raw\malware\2d762ab029ed06e534d2fe01860356c294460430b467b6cc9ae3968bfe0d39b7.ole,155503,68,0,0,0,0,0.014705882352941176,unknown,0,0,0,0,1,0,0,0,0,0,6,5.796039217825455,1.6271288817790095,0.34362038031420616,0.3569834665569153,256,1,0,3,0,0,0,3,3,0,0,0,0,0.0,0
malware,2d8f16dda50fb25936debfad6fd029d0ef024c622c83d87f95a6cb0e15d8d2db.exe,data\raw\malware\2d8f16dda50fb25936debfad6fd029d0ef024c622c83d87f95a6cb0e15d8d2db.exe,433664,68,1,0,0,0,0.014705882352941176,executable,1,0,0,0,0,1,1,0,0,0,5,7.873545703404984,6.102526619881003,0.35117971517119245,0.04030309179456907,256,0,0,0,0,0,0,0,0,0,0,0,0,0.0,0
malware,2d92b6d38821c49c137967de74020033aabe6d413cb2e07a5183f654437c7bbc.exe,data\raw\malware\2d92b6d38821c49c137967de74020033aabe6d413cb2e07a5183f654437c7bbc.exe,367616,68,1,0,0,0,0.014705882352941176,executable,1,0,0,0,0,1,1,0,0,0,6,7.85873931085185,1.3586304220294307,0.350199664867688,0.054546048050139274,256,0,0,1,0,0,0,1,1,0,0,0,0,0.0,0
malware,2d99264a767ea63e8d8c124078e845c53ad72f009e2b006e210ecd202255b2fc.exe,data\raw\malware\2d99264a767ea63e8d8c124078e845c53ad72f009e2b006e210ecd202255b2fc.exe,454656,68,1,0,0,0,0.014705882352941176,executable,1,0,0,0,0,1,1,0,0,0,4,7.41332308282974,0.7099506317207366,0.3132302224099099,0.1421580271677928,256,0,0,0,0,0,0,0,0,0,0,0,0,0.0,0
malware,2d994b80ffd6c2c8ead94f811f9bec511a5f73677719995d3511572005f78178.exe,data\raw\malware\2d994b80ffd6c2c8ead94f811f9bec511a5f73677719995d3511572005f78178.exe,434176,68,1,0,0,0,0.014705882352941176,executable,1,0,0,0,0,1,1,0,0,0,3,7.505961178038597,0.7228503620459709,0.3214525906544811,0.1275726894162736,256,0,0,0,0,0,0,0,0,0,0,0,0,0.0,0
malware,2d9e1c24b11528eb26a88e9d615e9db3486f5feeb0a28b6534e3d5c78f7b706e.exe,data\raw\malware\2d9e1c24b11528eb26a88e9d615e9db3486f5feeb0a28b6534e3d5c78f7b706e.exe,208896,68,1,0,0,0,0.014705882352941176,executable,1,0,0,0,0,1,1,0,0,0,1,6.18047450985282,0.9583843264644891,0.2860083486519608,0.24464326746323528,256,0,0,1,0,0,0,1,1,0,0,0,0,0.0,0
malware,2da315317811a5385a2c6d4ba3f5730945ee96b5caea6f6fca8f274ff9f0ad67.exe,data\raw\malware\2da315317811a5385a2c6d4ba3f5730945ee96b5caea6f6fca8f274ff9f0ad67.exe,405504,68,1,0,0,0,0.014705882352941176,executable,1,0,0,0,0,1,1,0,0,0,4,7.682600151923516,0.6709866261407386,0.33524700126262624,0.09413224037247475,256,0,0,0,0,0,0,0,0,0,0,0,0,0.0,0
malware,2dac2fec53d44eecc82a6f8d8de2ed6307e5835137ce48e3a2389c313d916755.exe,data\raw\malware\2dac2fec53d44eecc82a6f8d8de2ed6307e5835137ce48e3a2389c313d916755.exe,172032,68,1,0,0,0,0.014705882352941176,executable,1,0,0,0,0,1,1,0,0,0,1,7.7924863253327326,5.108358066981224,0.35059175037202384,0.06043061755952381,256,0,0,1,0,0,0,1,1,0,0,0,0,0.0,0
malware,2dbceae7764e334489edbaaaac3b7b3d8af6c792a8e7262ae4334d833ef5d69a.exe,data\raw\malware\2dbceae7764e334489edbaaaac3b7b3d8af6c792a8e7262ae4334d833ef5d69a.exe,176128,68,1,0,0,0,0.014705882352941176,executable,1,0,0,0,0,1,1,0,0,0,1,7.722128233259478,6.621188615572064,0.3407692132994186,0.06253406613372094,256,0,0,5,1,0,0,5,6,0,0,0,0,0.0,0
malware,2dc45a45c6ed3fc79cf3b4657527122bdd117b31228ca5b44c301cfc3e448c49.exe,data\raw\malware\2dc45a45c6ed3fc79cf3b4657527122bdd117b31228ca5b44c301cfc3e448c49.exe,208896,68,1,0,0,0,0.014705882352941176,executable,1,0,0,0,0,1,1,0,0,0,1,6.440213238361635,0.8987070554806147,0.3112840839460784,0.20462335324754902,256,0,0,1,0,0,0,1,1,0,0,0,0,0.0,0
malware,2dc55319850ccba833517729306bbf99d6313f5deef29c39eff9a6e8925a2dd9.exe,data\raw\malware\2dc55319850ccba833517729306bbf99d6313f5deef29c39eff9a6e8925a2dd9.exe,367616,68,1,0,0,0,0.014705882352941176,executable,1,0,0,0,0,1,1,0,0,0,7,7.893172670746639,1.9438589780299247,0.3476916129874652,0.03879863770891365,256,0,0,0,0,0,0,0,0,0,0,0,0,0.0,0
malware,2dc73c9c89fc8ac16a8804be6ee18eca77594f1f1e77b7c71fbe12a29bb5c37e.exe,data\raw\malware\2dc73c9c89fc8ac16a8804be6ee18eca77594f1f1e77b7c71fbe12a29bb5c37e.exe,670720,68,1,0,0,0,0.014705882352941176,executable,1,0,0,0,0,1,1,0,0,0,5,7.005070280169597,5.447666330537686,0.3239056536259542,0.16484375,256,0,0,0,0,0,0,0,0,0,0,0,0,0.0,0
malware,2dcaf04e65e095b0087b7bf354d6498a8a7c7fd4789d2c0c9516c13bd1c6a310.exe,data\raw\malware\2dcaf04e65e095b0087b7bf354d6498a8a7c7fd4789d2c0c9516c13bd1c6a310.exe,30592,68,1,0,0,0,0.014705882352941176,executable,1,0,0,0,0,1,1,0,0,0,2,6.136079171355571,5.600612522004102,0.30302039748953974,0.22394743723849372,256,0,0,0,0,0,0,0,0,0,0,0,0,0.0,0
malware,2dd089b1edfd40a732994e33f2cc09c93200242b37a4c2f3f64b9fb12d1b33ab.exe,data\raw\malware\2dd089b1edfd40a732994e33f2cc09c93200242b37a4c2f3f64b9fb12d1b33ab.exe,131168,68,1,0,0,0,0.014705882352941176,executable,1,0,0,0,0,1,1,0,0,0,2,6.858128171770226,5.297599068884918,0.2927848255672115,0.1900844718223957,256,1,2,0,0,0,0,0,0,0,0,0,0,0.0,0
malware,2ddce65f2477e6003048b607164c41428034fe2b50406de560e2aa22b0881e90.ole,data\raw\malware\2ddce65f2477e6003048b607164c41428034fe2b50406de560e2aa22b0881e90.ole,161343,68,0,0,0,0,0.014705882352941176,unknown,0,0,0,0,1,0,0,0,0,0,6,5.779332274544975,1.6870839884175763,0.3514190265459301,0.3551130200876394,256,1,0,3,0,0,0,3,3,0,0,0,0,0.0,0
malware,2ddd17a37d6053f97306910684914c5d799a175080e1e3e88565efb839eb99e3.exe,data\raw\malware\2ddd17a37d6053f97306910684914c5d799a175080e1e3e88565efb839eb99e3.exe,130144,68,1,0,0,0,0.014705882352941176,executable,1,0,0,0,0,1,1,0,0,0,1,6.867907717331432,5.790151047839962,0.2936746987951807,0.19372387509220557,256,1,2,0,0,0,0,0,0,0,0,0,0,0.0,0
malware,2df60b4d72c56b0edb7b4ef6120c146448df601040d39a604da90f0ba03a88aa.exe,data\raw\malware\2df60b4d72c56b0edb7b4ef6120c146448df601040d39a604da90f0ba03a88aa.exe,208896,68,1,0,0,0,0.014705882352941176,executable,1,0,0,0,0,1,1,0,0,0,1,6.393386695669035,0.9575248380393949,0.3093118106617647,0.21287626378676472,256,0,0,1,0,0,0,1,1,0,0,0,0,0.0,0
malware,2df88c9b05dd5fa941dd1e9d355eb48e00fd090c7ab015b0450412799db544f7.exe,data\raw\malware\2df88c9b05dd5fa941dd1e9d355eb48e00fd090c7ab015b0450412799db544f7.exe,348160,68,1,0,0,0,0.014705882352941176,executable,1,0,0,0,0,1,1,0,0,0,6,7.817855510283797,0.671755625276781,0.3410271139705882,0.05891544117647059,256,0,0,0,0,0,0,0,0,0,0,0,0,0.0,0
malware,2dfcc98d048387e918ca0274adbdeb76fdd7d91a3d75284c7fbcd4898fcd430e.ole,data\raw\malware\2dfcc98d048387e918ca0274adbdeb76fdd7d91a3d75284c7fbcd4898fcd430e.ole,26578,68,0,0,0,0,0.014705882352941176,unknown,0,0,0,0,1,1,0,0,0,0,35,7.483760428004647,6.1019704663784635,0.36293174806230716,0.12566784558657537,256,0,0,0,0,0,0,0,0,0,0,0,0,0.0,0
malware,2dfe1dd31a420812891c07c0bd9564567452f2c9c58569b81d5602449d7a1487.exe,data\raw\malware\2dfe1dd31a420812891c07c0bd9564567452f2c9c58569b81d5602449d7a1487.exe,195232,68,1,0,0,0,0.014705882352941176,executable,1,0,0,0,0,1,1,0,0,0,0,4.921193210992643,5.037519367651403,0.20395734305851498,0.49705990821176854,256,0,0,4,0,0,0,4,4,0,0,0,0,0.0,0
malware,2e092fdef40471920e4dfb6f60334b155fad4b3a2cfdfc7ea393a85be1d57961.exe,data\raw\malware\2e092fdef40471920e4dfb6f60334b155fad4b3a2cfdfc7ea393a85be1d57961.exe,165344,68,1,0,0,0,0.014705882352941176,executable,1,0,0,0,0,1,1,0,0,0,3,5.548519750998526,4.854590544630418,0.19256217340816723,0.2220340623185601,256,0,0,0,0,0,0,0,0,0,0,0,0,0.0,0
malware,2e14d5c5270f63dd160a5322eabdfee6419f26a0745a033c3e0d7b4479cccc6e.exe,data\raw\malware\2e14d5c5270f63dd160a5322eabdfee6419f26a0745a033c3e0d7b4479cccc6e.exe,127968,68,1,0,0,0,0.014705882352941176,executable,1,0,0,0,0,1,1,0,0,0,1,6.689030413777771,5.1533520395156,0.26785602650662665,0.11698237059264817,256,0,0,0,0,0,0,0,0,0,0,0,0,0.0,0
malware,2e174d4f07dcfac47d20694bdeb19d62a60dfa485cce9b620951dba1efee99a7.ole,data\raw\malware\2e174d4f07dcfac47d20694bdeb19d62a60dfa485cce9b620951dba1efee99a7.ole,156419,68,0,0,0,0,0.014705882352941176,unknown,0,0,0,0,1,0,0,0,0,0,6,5.826637701258639,1.610000346744518,0.34532889227012065,0.35266176103925995,256,1,0,3,0,0,0,3,3,0,0,0,0,0.0,0
malware,2e1a2360ab2e9f62a11f4ca9f2a76d8a2128854d26fbc12b1b2c5e4b3312246b.exe,data\raw\malware\2e1a2360ab2e9f62a11f4ca9f2a76d8a2128854d26fbc12b1b2c5e4b3312246b.exe,151040,68,1,0,0,0,0.014705882352941176,executable,1,0,0,0,0,1,1,0,0,0,3,7.426032664308497,2.7323651731948435,0.3212725105932203,0.1053032309322034,256,0,0,1,0,0,0,1,1,0,0,0,0,0.0,0
malware,2e24fa4b77e00baabb112903fd816861813feaadddcc9e32c31b516e48d489e7.exe,data\raw\malware\2e24fa4b77e00baabb112903fd816861813feaadddcc9e32c31b516e48d489e7.exe,434176,68,1,0,0,0,0.014705882352941176,executable,1,0,0,0,0,1,1,0,0,0,3,7.519372815621493,0.6588056691654528,0.3220951872051887,0.12479271079009434,256,0,0,0,0,0,0,0,0,0,0,0,0,0.0,0
malware,2e264fe37a2ac01ebc46cf8ff12568bd7dfaede71068b6f2c9d71adf9a4c4f14.ole,data\raw\malware\2e264fe37a2ac01ebc46cf8ff12568bd7dfaede71068b6f2c9d71adf9a4c4f14.ole,175104,68,0,0,0,0,0.014705882352941176,unknown,0,0,0,0,1,0,0,0,0,0,6,5.642822708971311,3.711562122650641,0.22823008040935672,0.330078125,256,0,0,1,0,0,0,1,1,0,0,0,0,0.0,0
malware,2e285e3d17ba849fd00be4528c95c890ae96b7a9ef6f7b68f3da3228c50b3688.exe,data\raw\malware\2e285e3d17ba849fd00be4528c95c890ae96b7a9ef6f7b68f3da3228c50b3688.exe,446464,68,1,0,0,0,0.014705882352941176,executable,1,0,0,0,0,1,1,0,0,0,8,7.541839072171384,0.6892664889325897,0.32232834002293576,0.11647523652522936,256,0,1,0,0,0,0,0,0,0,0,0,0,0.0,0
malware,2e2a450ce8f3788dce1917de965970f5196c09394080aa6921724ce783ee2a4e.exe,data\raw\malware\2e2a450ce8f3788dce1917de965970f5196c09394080aa6921724ce783ee2a4e.exe,389120,68,1,0,0,0,0.014705882352941176,executable,1,0,0,0,0,1,1,0,0,0,5,7.633540565524476,0.6549576767452627,0.3289268092105263,0.10405530427631579,256,0,0,0,0,0,0,0,0,0,0,0,0,0.0,0
malware,2e2dfc4ee174155fe2acf49b0685979e5177f332a89a0e87ffb4f5eea7367386.ole,data\raw\malware\2e2dfc4ee174155fe2acf49b0685979e5177f332a89a0e87ffb4f5eea7367386.ole,140108,68,0,0,0,0,0.014705882352941176,unknown,0,0,0,0,1,0,0,0,0,0,6,6.093535597677907,3.559396543015545,0.35892311645302194,0.3006180946127273,256,1,0,0,0,0,0,0,0,0,0,0,0,0.0,0
malware,2e34241064787da9ca26aa762927ec475e8d08ec124441a78acd7cbd82e4a3d6.exe,data\raw\malware\2e34241064787da9ca26aa762927ec475e8d08ec124441a78acd7cbd82e4a3d6.exe,151040,68,1,0,0,0,0.014705882352941176,executable,1,0,0,0,0,1,1,0,0,0,9,6.630785348725196,5.197735164459495,0.6401814088983051,0.14601430084745762,256,0,0,1,0,0,0,1,1,0,0,0,0,0.0,0
malware,2e405d7501cf30dd03f0c62f025a86ab778e8093df265f6b9874f80714ce945e.exe,data\raw\malware\2e405d7501cf30dd03f0c62f025a86ab778e8093df265f6b9874f80714ce945e.exe,110176,68,1,0,0,0,0.014705882352941176,executable,1,0,0,0,0,1,1,0,0,0,1,6.99067405185059,5.456861504181368,0.32331905315132153,0.1880990415335463,256,0,0,0,0,0,0,0,0,0,0,0,0,0.0,0
malware,2e445306c28e328a6625a6f1b71f49afadcb18fcf232fcf0ed1a38f6a98e22c8.ole,data\raw\malware\2e445306c28e328a6625a6f1b71f49afadcb18fcf232fcf0ed1a38f6a98e22c8.ole,325792,68,0,0,0,0,0.014705882352941176,unknown,0,0,0,0,1,0,0,0,0,0,0,4.088629311446522,5.408417187905082,0.9990361948728023,0.0,67,0,0,2,0,0,0,2,2,0,0,0,0,0.0,0
malware,2e5ec339380d8ffd95d0b024097a8b417b7071b758af75566a885dda92f70acb.exe,data\raw\malware\2e5ec339380d8ffd95d0b024097a8b417b7071b758af75566a885dda92f70acb.exe,405504,68,1,0,0,0,0.014705882352941176,executable,1,0,0,0,0,1,1,0,0,0,10,7.687615946256289,0.6682719250961185,0.3369189946338384,0.0937228732638889,256,0,0,0,0,0,0,0,0,0,0,0,0,0.0,0
malware,2e5fb10537112b725236e101c7e1c1ff0cc5248a0f48c279baf19d075547c6a7.exe,data\raw\malware\2e5fb10537112b725236e101c7e1c1ff0cc5248a0f48c279baf19d075547c6a7.exe,130144,68,1,0,0,0,0.014705882352941176,executable,1,0,0,0,0,1,1,0,0,0,1,6.867720177276266,5.790433934577531,0.29385910990902386,0.19373155888861568,256,1,2,0,0,0,0,0,0,0,0,0,0,0.0,0
malware,2e61521406005d30cae68eb0d664bcdf176b68169a5b3449322b330ae06a01e6.exe,data\raw\malware\2e61521406005d30cae68eb0d664bcdf176b68169a5b3449322b330ae06a01e6.exe,96297,68,1,0,0,0,0.014705882352941176,executable,1,0,0,0,0,1,1,0,0,0,0,7.406378211997811,4.1520445807380035,0.3264899218044176,0.10531999958461842,256,0,0,0,0,0,0,0,0,0,0,0,0,0.0,0
malware,2e6dabaf2deffd891300a7fa5d2b38a4c57e49f9ac188f55764fecb26c55a64c.exe,data\raw\malware\2e6dabaf2deffd891300a7fa5d2b38a4c57e49f9ac188f55764fecb26c55a64c.exe,136288,68,1,0,0,0,0.014705882352941176,executable,1,0,0,0,0,1,1,0,0,0,1,6.856945123297601,5.681159936116516,0.33048397511152855,0.19969476402911482,256,1,2,0,0,0,0,0,0,0,0,0,0,0.0,0
malware,2e6e8252f79a64a4015ddd5e9298b0e96ed01a4ea759e9a3a86600d1776a7cc2.exe,data\raw\malware\2e6e8252f79a64a4015ddd5e9298b0e96ed01a4ea759e9a3a86600d1776a7cc2.exe,466944,68,1,0,0,0,0.014705882352941176,executable,1,0,0,0,0,1,1,0,0,0,2,7.174410377228966,0.7153422032645486,0.29837625068530704,0.18488726699561403,256,0,0,0,0,0,0,0,0,0,0,0,0,0.0,0
malware,2e73f1d92d6e05650e6d0562a0a892e6cfc4d789c42dc17d7081c8233ae24a49.exe,data\raw\malware\2e73f1d92d6e05650e6d0562a0a892e6cfc4d789c42dc17d7081c8233ae24a49.exe,94760,68,1,0,0,0,0.014705882352941176,executable,1,0,0,0,0,1,1,0,0,0,1,7.58914663269265,6.1901251679349025,0.36487969607429294,0.06955466441536513,256,0,0,0,0,0,0,0,0,0,0,0,0,0.0,0
malware,2e7c29b4c2062a484df58d981262172dc84ffce4520382bdb39eb0329a9d4f5d.exe,data\raw\malware\2e7c29b4c2062a484df58d981262172dc84ffce4520382bdb39eb0329a9d4f5d.exe,402432,68,1,0,0,0,0.014705882352941176,executable,1,0,0,0,0,1,1,0,0,0,7,7.97542076647286,6.225558829100529,0.3619741968829516,0.015955490617048346,256,0,0,0,0,0,0,0,0,0,0,0,0,0.0,0
malware,2e7c584b53d31556f9f68c8786d54983a0eb649780084a5d1587188c348ee607.exe,data\raw\malware\2e7c584b53d31556f9f68c8786d54983a0eb649780084a5d1587188c348ee607.exe,313384,68,1,0,0,0,0.014705882352941176,executable,1,0,0,0,0,1,1,0,0,0,2,7.4835191382282575,4.8879244637968045,0.35443417660123044,0.09823092436116714,256,1,2,0,1,0,0,0,1,0,0,0,0,0.0,0
malware,2e8a0a4fd5c005ec372abba17efc5afb15e5c98f573fdba9afd030f899d9b368.exe,data\raw\malware\2e8a0a4fd5c005ec372abba17efc5afb15e5c98f573fdba9afd030f899d9b368.exe,130144,68,1,0,0,0,0.014705882352941176,executable,1,0,0,0,0,1,1,0,0,0,1,6.867787161514012,5.789603473707667,0.29378227194492257,0.19372387509220557,256,1,2,0,0,0,0,0,0,0,0,0,0,0.0,0
malware,2e9862af007ccf2cfd050b45f08b6eac014e846759e26d777c3c5981de1a51b6.exe,data\raw\malware\2e9862af007ccf2cfd050b45f08b6eac014e846759e26d777c3c5981de1a51b6.exe,208896,68,1,0,0,0,0.014705882352941176,executable,1,0,0,0,0,1,1,0,0,0,1,6.172549307097843,0.9489025488224209,0.286376953125,0.24539962469362744,256,0,0,1,0,0,0,1,1,0,0,0,0,0.0,0
malware,2ea12952577102f15b53cd97015fcdff2b67b4cc5470dac5571f7f6fa0eb934e.exe,data\raw\malware\2ea12952577102f15b53cd97015fcdff2b67b4cc5470dac5571f7f6fa0eb934e.exe,195232,68,1,0,0,0,0.014705882352941176,executable,1,0,0,0,0,1,1,0,0,0,0,4.921160917187816,5.036775068323125,0.20393685461399771,0.49705990821176854,256,0,0,4,0,0,0,4,4,0,0,0,0,0.0,0
malware,2ea261f7442171692ab091e47f4ce0e3467574809bb3a03a4981ae473501730a.exe,data\raw\malware\2ea261f7442171692ab091e47f4ce0e3467574809bb3a03a4981ae473501730a.exe,442368,68,1,0,0,0,0.014705882352941176,executable,1,0,0,0,0,1,1,0,0,0,3,7.60230040848919,0.7188125149776521,0.33014820240162035,0.10326470269097222,256,0,0,0,0,0,0,0,0,0,0,0,0,0.0,0
malware,2ead74183ff3276d1c85c3555250cb0e04beb8bf182dea7558403dd3b4c36d89.ole,data\raw\malware\2ead74183ff3276d1c85c3555250cb0e04beb8bf182dea7558403dd3b4c36d89.ole,145534,68,0,0,0,0,0.014705882352941176,unknown,0,0,0,0,1,0,0,0,0,0,6,6.067742346041789,3.505982549950195,0.38337433177126995,0.29153324996220814,256,1,0,0,0,0,0,0,0,0,0,0,0,0.0,0
malware,2eb34b8ebb239b86e7672aae769e55959dd7a1731fe4b8594e7be360e379c248.exe,data\raw\malware\2eb34b8ebb239b86e7672aae769e55959dd7a1731fe4b8594e7be360e379c248.exe,434176,68,1,0,0,0,0.014705882352941176,executable,1,0,0,0,0,1,1,0,0,0,8,7.519473057969999,0.6588056691654528,0.32089981942806606,0.1248733232606132,256,0,0,0,0,0,0,0,0,0,0,0,0,0.0,0
malware,2eb5d9d125bede2086d8252795011dd35b042bc5ac6a4f5b7047fbcf4706af7b.exe,data\raw\malware\2eb5d9d125bede2086d8252795011dd35b042bc5ac6a4f5b7047fbcf4706af7b.exe,131168,68,1,0,0,0,0.014705882352941176,executable,1,0,0,0,0,1,1,0,0,0,1,6.857648085512351,5.295761008221549,0.2927848255672115,0.19028269090021957,256,1,2,0,0,0,0,0,0,0,0,0,0,0.0,0
malware,2ebb518ec209911261a41e345d1f11b314aabd2a17e4528f8a18e249fa6ecb11.exe,data\raw\malware\2ebb518ec209911261a41e345d1f11b314aabd2a17e4528f8a18e249fa6ecb11.exe,380928,68,1,0,0,0,0.014705882352941176,executable,1,0,0,0,0,1,1,0,0,0,3,7.442496773610087,0.6596354390041429,0.31721217657930106,0.1382439726142473,256,0,0,0,0,0,0,0,0,0,0,0,0,0.0,0
malware,2ec4f88aa992709dfd37bd46dcc4ae63994c7fc674a987888ace0bfad97778c2.ole,data\raw\malware\2ec4f88aa992709dfd37bd46dcc4ae63994c7fc674a987888ace0bfad97778c2.ole,191073,68,0,0,0,0,0.014705882352941176,unknown,0,0,0,0,1,0,0,0,0,0,9,6.028154483021239,1.64811209317185,0.3539013884745621,0.33043391792665633,256,1,0,3,0,0,0,3,3,0,0,0,0,0.0,0
malware,2ed7eb5c4cdd0158da23c2cf886badf09c22be47749fc14b9a2b13d4419161c0.exe,data\raw\malware\2ed7eb5c4cdd0158da23c2cf886badf09c22be47749fc14b9a2b13d4419161c0.exe,417792,68,1,0,0,0,0.014705882352941176,executable,1,0,0,0,0,1,1,0,0,0,3,7.772535191557618,0.7086269952184154,0.3422444661458333,0.06785194546568628,256,0,0,0,0,0,0,0,0,0,0,0,0,0.0,0
malware,2eeeaf49f221de58e92679d7050bfc2477d635b9a93836dc9be35c0149d3ed76.exe,data\raw\malware\2eeeaf49f221de58e92679d7050bfc2477d635b9a93836dc9be35c0149d3ed76.exe,208896,68,1,0,0,0,0.014705882352941176,executable,1,0,0,0,0,1,1,0,0,0,1,6.437431041500077,0.899842888721391,0.3113415287990196,0.20484355851715685,256,0,0,1,0,0,0,1,1,0,0,0,0,0.0,0
malware,2ef63e0000011361dea82bc5e1748d7fa258ca7e3af119482b82035c2b1f4256.exe,data\raw\malware\2ef63e0000011361dea82bc5e1748d7fa258ca7e3af119482b82035c2b1f4256.exe,454656,68,1,0,0,0,0.014705882352941176,executable,1,0,0,0,0,1,1,0,0,0,11,7.403185817679241,0.7036853812026536,0.3139846389358108,0.14333254152590091,256,0,0,0,0,0,0,0,0,0,0,0,0,0.0,0
malware,2ef8b4817122c9db01343ec7229f1b25c92f0ae0b3dfb600131f3c1e26fcac9c.ole,data\raw\malware\2ef8b4817122c9db01343ec7229f1b25c92f0ae0b3dfb600131f3c1e26fcac9c.ole,174080,68,0,0,0,0,0.014705882352941176,unknown,0,0,0,0,1,0,0,0,0,0,7,5.615115063678894,3.7091733454593956,0.2221047794117647,0.33198529411764705,256,0,0,1,0,0,0,1,1,0,0,0,0,0.0,0
malware,2ef959ab2d7529f6245e27084a44b3875f767afecf1ab24e6d623c35a1fbe4a4.exe,data\raw\malware\2ef959ab2d7529f6245e27084a44b3875f767afecf1ab24e6d623c35a1fbe4a4.exe,413696,68,1,0,0,0,0.014705882352941176,executable,1,0,0,0,0,1,1,0,0,0,5,7.803800408871543,0.6966679799111556,0.3452728573638614,0.060070679919554455,256,0,0,0,0,0,0,0,0,0,0,0,0,0.0,0
malware,2efa547e5039f0edbbc7e4350160c01d6cf5fcb226ce2aa49b718f92d2a90531.ole,data\raw\malware\2efa547e5039f0edbbc7e4350160c01d6cf5fcb226ce2aa49b718f92d2a90531.ole,189989,68,0,0,0,0,0.014705882352941176,unknown,0,0,0,0,1,0,0,0,0,0,9,6.026943570328221,1.64811209317185,0.35022027591071064,0.3323087126096774,256,1,0,3,0,0,0,3,3,0,0,0,0,0.0,0
malware,2eff5cf40e42030dc9c838f6cea5382439ac6137a9313c345a99959af631aeae.exe,data\raw\malware\2eff5cf40e42030dc9c838f6cea5382439ac6137a9313c345a99959af631aeae.exe,940544,68,1,0,0,0,0.014705882352941176,executable,1,0,0,0,0,1,1,0,0,0,10,7.921226021785518,0.5313278485712719,0.35957807396570496,0.032925626020685904,256,0,0,0,0,0,0,0,0,0,0,0,0,0.0,0
malware,2f029dd068082410bf88ec40760f4cba048c8c8bf13e9fbb42260688858dd426.exe,data\raw\malware\2f029dd068082410bf88ec40760f4cba048c8c8bf13e9fbb42260688858dd426.exe,503808,68,1,0,0,0,0.014705882352941176,executable,1,0,0,0,0,1,1,0,0,0,5,7.047550080094481,0.7274351231439792,0.29639068851626016,0.2049510924796748,256,0,0,0,0,0,0,0,0,0,0,0,0,0.0,0
malware,2f0a72b90bf0b7f3ce9ab696c0e14099c51493bcf70848edc132506c4a4d037e.exe,data\raw\malware\2f0a72b90bf0b7f3ce9ab696c0e14099c51493bcf70848edc132506c4a4d037e.exe,454656,68,1,0,0,0,0.014705882352941176,executable,1,0,0,0,0,1,1,0,0,0,4,7.405052009803938,0.711546168943586,0.3137185036599099,0.14296523085585586,256,0,0,0,0,0,0,0,0,0,0,0,0,0.0,0
malware,2f0c530e0a7a99504542e562e3dd08d893acf73835b104d85ff154cb18a97b31.exe,data\raw\malware\2f0c530e0a7a99504542e562e3dd08d893acf73835b104d85ff154cb18a97b31.exe,442368,68,1,0,0,0,0.014705882352941176,executable,1,0,0,0,0,1,1,0,0,0,9,7.491894114024646,0.713887979200703,0.3195235640914352,0.1290825737847222,256,0,0,0,0,0,0,0,0,0,0,0,0,0.0,0
malware,2f13270882d2af1ad3f38f03c8b6b25751505f4bde4832365e9fd5bbab223a8b.exe,data\raw\malware\2f13270882d2af1ad3f38f03c8b6b25751505f4bde4832365e9fd5bbab223a8b.exe,434176,68,1,0,0,0,0.014705882352941176,executable,1,0,0,0,0,1,1,0,0,0,6,7.8698154765749795,6.1022454066974845,0.3524100825471698,0.041427900206367926,256,0,0,0,0,0,0,0,0,0,0,0,0,0.0,0
malware,2f16ca228660b81550f5a77a3c39578d56509bd6f00ed47b190b81dc5905c26c.exe,data\raw\malware\2f16ca228660b81550f5a77a3c39578d56509bd6f00ed47b190b81dc5905c26c.exe,167936,68,1,0,0,0,0.014705882352941176,executable,1,0,0,0,0,1,1,0,0,0,3,7.825691956518078,6.760115712484494,0.3524199695121951,0.05671803544207317,256,0,0,2,0,0,0,2,2,0,0,0,0,0.0,0
malware,2f18dc7186cd7566c21c7fb614b418561be94d5fe3e2381bccac0fa291d13bd4.exe,data\raw\malware\2f18dc7186cd7566c21c7fb614b418561be94d5fe3e2381bccac0fa291d13bd4.exe,438272,68,1,0,0,0,0.014705882352941176,executable,1,0,0,0,0,1,1,0,0,0,6,7.488774544586652,0.6657755057355246,0.3197124160338785,0.13055134710864486,256,0,0,0,0,0,0,0,0,0,0,0,0,0.0,0
malware,2f289e4795a785522093be13c71167e693c004e6361901d757fba8deeee7682a.exe,data\raw\malware\2f289e4795a785522093be13c71167e693c004e6361901d757fba8deeee7682a.exe,434176,68,1,0,0,0,0.014705882352941176,executable,1,0,0,0,0,1,1,0,0,0,6,7.87147395633855,6.0998797618538,0.35086232311320753,0.0410755085495283,256,0,0,0,0,0,0,0,0,0,0,0,0,0.0,0
malware,2f32aac6a779907f9eed4dc17ade072f5123fce48eeb247d05e1e2e2218bec63.exe,data\raw\malware\2f32aac6a779907f9eed4dc17ade072f5123fce48eeb247d05e1e2e2218bec63.exe,194560,68,1,0,0,0,0.014705882352941176,executable,1,0,0,0,0,1,1,0,0,0,1,7.540524854537698,6.7404468788681084,0.3382966694078947,0.11719777960526316,256,0,0,1,0,0,0,1,1,0,0,0,0,0.0,0
malware,2f35cccc6678e63ef4e56bd33955e019d304ac1155961bb9f68e6d16fcd35be1.exe,data\raw\malware\2f35cccc6678e63ef4e56bd33955e019d304ac1155961bb9f68e6d16fcd35be1.exe,409600,68,1,0,0,0,0.014705882352941176,executable,1,0,0,0,0,1,1,0,0,0,6,7.214539588958029,0.7231105103922056,0.30177001953125,0.17763916015625,256,0,0,0,0,0,0,0,0,0,0,0,0,0.0,0
malware,2f3a07ab3b9452ad0331036e37ea346534a87f04d33811d68c3c888f923f43a3.exe,data\raw\malware\2f3a07ab3b9452ad0331036e37ea346534a87f04d33811d68c3c888f923f43a3.exe,389120,68,1,0,0,0,0.014705882352941176,executable,1,0,0,0,0,1,1,0,0,0,3,7.823979079074952,0.6689445050527013,0.3477282072368421,0.06302939967105263,256,0,0,0,0,0,0,0,0,0,0,0,0,0.0,0
malware,2f45dbb56d87ab41d9d7284857f34e8b72d183914e40bd3488b7281cb3377a90.ole,data\raw\malware\2f45dbb56d87ab41d9d7284857f34e8b72d183914e40bd3488b7281cb3377a90.ole,146229,68,0,0,0,0,0.014705882352941176,unknown,0,0,0,0,1,0,0,0,0,0,6,6.101229277301352,3.5031394934029665,0.3918784919544003,0.2834253123525429,256,1,0,0,0,0,0,0,0,0,0,0,0,0.0,0
malware,2f482b8d7c23d1cb027f017c742b3d4aeb50200176cc67fce98df7a144aca362.exe,data\raw\malware\2f482b8d7c23d1cb027f017c742b3d4aeb50200176cc67fce98df7a144aca362.exe,109664,68,1,0,0,0,0.014705882352941176,executable,1,0,0,0,0,1,1,0,0,0,1,6.995729793681476,4.450236952316364,0.32304128975780566,0.1877553253574555,256,0,0,0,0,0,0,0,0,0,0,0,0,0.0,0
malware,2f5154d9b42db2141bd2cefa4b93064f35b5d41da4525ebe344f26434ea77f06.exe,data\raw\malware\2f5154d9b42db2141bd2cefa4b93064f35b5d41da4525ebe344f26434ea77f06.exe,195232,68,1,0,0,0,0.014705882352941176,executable,1,0,0,0,0,1,1,0,0,0,0,4.925097220287758,5.038745385080116,0.20411100639239468,0.4966757498770693,256,0,0,4,0,0,0,4,4,0,0,0,0,0.0,0
malware,2f524449aaaae4f058e7580e0260b2db74fd7c279d219799a0947166c1164322.exe,data\raw\malware\2f524449aaaae4f058e7580e0260b2db74fd7c279d219799a0947166c1164322.exe,503808,68,1,0,0,0,0.014705882352941176,executable,1,0,0,0,0,1,1,0,0,0,6,7.046897176615285,0.7267625431873963,0.2912041888973577,0.20499872967479674,256,0,0,0,0,0,0,0,0,0,0,0,0,0.0,0
malware,2f56124981d2c95aa9eac6834522effadcf22064626f93c1981b105f5f15914e.exe,data\raw\malware\2f56124981d2c95aa9eac6834522effadcf22064626f93c1981b105f5f15914e.exe,124928,68,1,0,0,0,0.014705882352941176,executable,1,0,0,0,0,1,1,0,0,0,2,6.845234368809699,4.588046480831286,0.3177670338114754,0.21349097079918034,256,0,0,1,0,0,0,1,1,0,0,0,0,0.0,0
malware,2f590bd291c8c812882f8f9b17f9aab1175de7a4a82d9a01c1048632f24906d0.exe,data\raw\malware\2f590bd291c8c812882f8f9b17f9aab1175de7a4a82d9a01c1048632f24906d0.exe,434176,68,1,0,0,0,0.014705882352941176,executable,1,0,0,0,0,1,1,0,0,0,6,7.611179080558973,0.7200937622468567,0.32628933888561323,0.10274404849646226,256,0,0,0,0,0,0,0,0,0,0,0,0,0.0,0
malware,2f5f6f296f85728cd128a1fe080cdcdc3631aed0b6a112f9fa0ec4dd3a99b676.exe,data\raw\malware\2f5f6f296f85728cd128a1fe080cdcdc3631aed0b6a112f9fa0ec4dd3a99b676.exe,503808,68,1,0,0,0,0.014705882352941176,executable,1,0,0,0,0,1,1,0,0,0,3,6.831485742352582,0.6869356521918348,0.2808331745426829,0.2447559387703252,256,0,0,0,0,0,0,0,0,0,0,0,0,0.0,0
malware,2f60d780a632d9a2908b2bd288f1640fa3b61b9068b21e5aff4e432de4844e6e.exe,data\raw\malware\2f60d780a632d9a2908b2bd288f1640fa3b61b9068b21e5aff4e432de4844e6e.exe,208896,68,1,0,0,0,0.014705882352941176,executable,1,0,0,0,0,1,1,0,0,0,1,6.17452630394909,0.9583843264644891,0.28524720435049017,0.24561504289215685,256,0,0,1,0,0,0,1,1,0,0,0,0,0.0,0
malware,2f61de44c911f8f2feba820036b78a84e540c84309ed6fab06e0b33892489a39.exe,data\raw\malware\2f61de44c911f8f2feba820036b78a84e540c84309ed6fab06e0b33892489a39.exe,402432,68,1,0,0,0,0.014705882352941176,executable,1,0,0,0,0,1,1,0,0,0,3,7.975367407437535,6.212693435341026,0.36229474793257,0.016102099236641222,256,0,0,0,0,0,0,0,0,0,0,0,0,0.0,0
malware,2f6521a0518df10de4b1485351cd70e867cc2b1cbb30c1daff51abf32ffce911.ole,data\raw\malware\2f6521a0518df10de4b1485351cd70e867cc2b1cbb30c1daff51abf32ffce911.ole,236365,68,0,0,0,0,0.014705882352941176,unknown,0,0,0,0,1,0,0,0,0,0,11,6.769614088391116,1.6288623081457132,0.3354092187929685,0.23615171450933936,256,1,0,0,0,0,0,0,0,0,0,0,0,0.0,0
malware,2f6a389de60e0d8cbadb9fb6be9bf84b3d78a14022411b5b13660351c9cfa2be.exe,data\raw\malware\2f6a389de60e0d8cbadb9fb6be9bf84b3d78a14022411b5b13660351c9cfa2be.exe,208896,68,1,0,0,0,0.014705882352941176,executable,1,0,0,0,0,1,1,0,0,0,1,6.39218574285298,0.9457727101826664,0.30902937346813725,0.21305817248774508,256,0,0,1,0,0,0,1,1,0,0,0,0,0.0,0
malware,2f6f7823f60de608c48a7bfb02459a54655ffc7ccef2ce7d96fd170bbc768cfe.exe,data\raw\malware\2f6f7823f60de608c48a7bfb02459a54655ffc7ccef2ce7d96fd170bbc768cfe.exe,348160,68,1,0,0,0,0.014705882352941176,executable,1,0,0,0,0,1,1,0,0,0,6,7.811089474226113,0.671267344026781,0.338330078125,0.05986328125,256,0,0,0,0,0,0,0,0,0,0,0,0,0.0,0
malware,2f71f6e05948fae6e65c051610398e598d9a89f3bab6ca7b4015759923a7bf79.exe,data\raw\malware\2f71f6e05948fae6e65c051610398e598d9a89f3bab6ca7b4015759923a7bf79.exe,195232,68,1,0,0,0,0.014705882352941176,executable,1,0,0,0,0,1,1,0,0,0,0,4.921223321342325,5.039218054426512,0.20393685461399771,0.49705478610063925,256,0,0,4,0,0,0,4,4,0,0,0,0,0.0,0
malware,2f746b7a5368ca37faafc8e3beeddde8fb170d6dfe5d9d997df3282c889b96a6.ole,data\raw\malware\2f746b7a5368ca37faafc8e3beeddde8fb170d6dfe5d9d997df3282c889b96a6.ole,159914,68,0,0,0,0,0.014705882352941176,unknown,0,0,0,0,1,0,0,0,0,0,6,5.791150568908953,1.6516110533450323,0.3492877421614118,0.3549532873919732,256,1,0,3,0,0,0,3,3,0,0,0,0,0.0,0
malware,2f74b7099076365ab12d0cff0c647a00e6e3598346fb113e7560cfa7d167d4bc.ole,data\raw\malware\2f74b7099076365ab12d0cff0c647a00e6e3598346fb113e7560cfa7d167d4bc.ole,237355,68,0,0,0,0,0.014705882352941176,unknown,0,0,0,0,1,0,0,0,0,0,11,6.768190582377243,1.6288623081457132,0.3381727791704409,0.23517515957110657,256,1,0,0,0,0,0,0,0,0,0,0,0,0.0,0
malware,2f97c22262ad2ea88a948b08c40662fe86232234b376f29582918044f0050aa7.ole,data\raw\malware\2f97c22262ad2ea88a948b08c40662fe86232234b376f29582918044f0050aa7.ole,92706,68,0,0,0,0,0.014705882352941176,unknown,0,0,0,0,1,1,0,0,0,0,18,7.883322357545879,6.178782911485561,0.3430522296291502,0.03738700839212133,256,0,0,0,0,0,0,0,0,0,0,0,0,0.0,0
malware,2f981bdbfbe8f4a399aaeed9be1d2a6869e33494f413d389d8dbcfa4e7039df9.ole,data\raw\malware\2f981bdbfbe8f4a399aaeed9be1d2a6869e33494f413d389d8dbcfa4e7039df9.ole,236123,68,0,0,0,0,0.014705882352941176,unknown,0,0,0,0,1,0,0,0,0,0,11,6.764091406072005,1.5796237215346853,0.3345332729128463,0.23691042380454255,256,1,0,0,0,0,0,0,0,0,0,0,0,0.0,0
malware,2f9927e85c08043d079fbcf43751ce8038ebe0f61b35faf14e6f106fac2272f8.exe,data\raw\malware\2f9927e85c08043d079fbcf43751ce8038ebe0f61b35faf14e6f106fac2272f8.exe,195232,68,1,0,0,0,0.014705882352941176,executable,1,0,0,0,0,1,1,0,0,0,0,4.9211331330399295,5.0395724666591395,0.20396758728077363,0.49705478610063925,256,0,0,4,0,0,0,4,4,0,0,0,0,0.0,0
malware,2fa5dc6856e358c831dc4fa06ba5fc622f23aa830bfe54a0676acb99bb1c9ec4.exe,data\raw\malware\2fa5dc6856e358c831dc4fa06ba5fc622f23aa830bfe54a0676acb99bb1c9ec4.exe,372736,68,1,0,0,0,0.014705882352941176,executable,1,0,0,0,0,1,1,0,0,0,7,7.9737735082500425,5.062732019154513,0.36343149038461536,0.016531808035714284,256,0,0,0,0,0,0,0,0,0,0,0,0,0.0,0
malware,2fabcc2eb662a103f6fb0067a2d8f0b522149acda448296223c7fe79bdc2e2ea.ole,data\raw\malware\2fabcc2eb662a103f6fb0067a2d8f0b522149acda448296223c7fe79bdc2e2ea.ole,238556,68,0,0,0,0,0.014705882352941176,unknown,0,0,0,0,1,0,0,0,0,0,11,6.76930428123432,1.6604477401757731,0.33948003823001727,0.23524455473767167,256,1,0,0,0,0,0,0,0,0,0,0,0,0.0,0
malware,2fac807b7784ff3cd5846ccaa9082d4a29fbca3cb771c3bbd8805f30ef641c14.exe,data\raw\malware\2fac807b7784ff3cd5846ccaa9082d4a29fbca3cb771c3bbd8805f30ef641c14.exe,402432,68,1,0,0,0,0.014705882352941176,executable,1,0,0,0,0,1,1,0,0,0,4,7.975501747382724,6.243428012054212,0.36192201415394404,0.01614434239821883,256,0,0,0,0,0,0,0,0,0,0,0,0,0.0,0
malware,2fb0a620b0860e90c43b66d1ec9fc708579fa13e15559b67809952d115a74c2d.exe,data\raw\malware\2fb0a620b0860e90c43b66d1ec9fc708579fa13e15559b67809952d115a74c2d.exe,214528,68,1,0,0,0,0.014705882352941176,executable,1,0,0,0,0,1,1,0,0,0,2,7.072695769122691,6.676152678571729,0.3121177655131265,0.2008782070405728,256,0,0,1,0,0,0,1,1,0,0,0,0,0.0,0
malware,2fb367e3d8cdfad7ac11715ce34d343812813343c329e89f15be23e75c238ade.exe,data\raw\malware\2fb367e3d8cdfad7ac11715ce34d343812813343c329e89f15be23e75c238ade.exe,208384,68,1,0,0,0,0.014705882352941176,executable,1,0,0,0,0,1,1,0,0,0,0,7.1937383988473735,6.776583612068417,0.319823019041769,0.18034494011056512,256,0,0,0,0,0,0,0,0,0,0,0,0,0.0,0
malware,2fb905625e6f2040cb2c9c2b615c1043ebc62aabe6173cbcfbf4c9477557be70.exe,data\raw\malware\2fb905625e6f2040cb2c9c2b615c1043ebc62aabe6173cbcfbf4c9477557be70.exe,110176,68,1,0,0,0,0.014705882352941176,executable,1,0,0,0,0,1,1,0,0,0,1,6.989040298500448,4.6964802476365834,0.3213404008132443,0.18850747894278247,256,0,0,0,0,0,0,0,0,0,0,0,0,0.0,0
malware,2fbc7a015f940e583400eb9ff3b7641ae07675eb576685cf691cfa3698d63af1.exe,data\raw\malware\2fbc7a015f940e583400eb9ff3b7641ae07675eb576685cf691cfa3698d63af1.exe,174080,68,1,0,0,0,0.014705882352941176,executable,1,0,0,0,0,1,1,0,0,0,2,7.76647739934503,6.907947959640698,0.3518497242647059,0.06662454044117647,256,0,0,1,0,0,0,1,1,0,0,0,0,0.0,0
malware,2fbe2ac4f1f56aafaa5439bb9a813e85b6390fdb50f164ab898401c7accd0fe9.ole,data\raw\malware\2fbe2ac4f1f56aafaa5439bb9a813e85b6390fdb50f164ab898401c7accd0fe9.ole,159102,68,0,0,0,0,0.014705882352941176,unknown,0,0,0,0,1,0,0,0,0,0,6,5.805408267402582,1.631559271160622,0.35054870460459325,0.35281140400497796,256,1,0,3,0,0,0,3,3,0,0,0,0,0.0,0
malware,2fc184e723161cf09e5a4e2f94a6a74a8732733033bba698531918f8865ef76c.exe,data\raw\malware\2fc184e723161cf09e5a4e2f94a6a74a8732733033bba698531918f8865ef76c.exe,435200,68,1,0,0,0,0.014705882352941176,executable,1,0,0,0,0,1,1,0,0,0,5,7.868975795700467,6.050353292514302,0.3484949448529412,0.04139705882352941,256,0,0,0,0,0,0,0,0,0,0,0,0,0.0,0
malware,2fc5f3be8c4e7e03ae574017ef07fbb4201178fd8b63c4500c18e2baf52ca062.ole,data\raw\malware\2fc5f3be8c4e7e03ae574017ef07fbb4201178fd8b63c4500c18e2baf52ca062.ole,144700,68,0,0,0,0,0.014705882352941176,unknown,0,0,0,0,1,0,0,0,0,0,6,6.092815933510994,3.499583595987412,0.3889288182446441,0.2859571527297858,256,1,0,0,0,0,0,0,0,0,0,0,0,0.0,0
malware,2fc8f20d9cf100c7de1244d5ccb17f14230e534ff24921e0cb537ebce7668908.ole,data\raw\malware\2fc8f20d9cf100c7de1244d5ccb17f14230e534ff24921e0cb537ebce7668908.ole,152020,68,0,0,0,0,0.014705882352941176,unknown,0,0,0,0,1,0,0,0,0,0,6,6.033374485585849,3.5101156485396783,0.3825943954742797,0.29275095382186556,256,1,0,0,0,0,0,0,0,0,0,0,0,0.0,0
malware,2fe301e8acdb743815b8039ca2c6f31c6ca1f8a26e70f6cd12ee78c62363a5f1.exe,data\raw\malware\2fe301e8acdb743815b8039ca2c6f31c6ca1f8a26e70f6cd12ee78c62363a5f1.exe,417792,68,1,0,0,0,0.014705882352941176,executable,1,0,0,0,0,1,1,0,0,0,6,7.66469417937867,0.7159196621522533,0.3327852136948529,0.09153119255514706,256,0,0,0,0,0,0,0,0,0,0,0,0,0.0,0
malware,2fe4c3db4a3c96afac4fcbd5f740f534afad36bd4d6cf48e7a98b2bc4da4588e.exe,data\raw\malware\2fe4c3db4a3c96afac4fcbd5f740f534afad36bd4d6cf48e7a98b2bc4da4588e.exe,430080,68,1,0,0,0,0.014705882352941176,executable,1,0,0,0,0,1,1,0,0,0,3,7.6609420909307655,0.6708755734189462,0.3330264136904762,0.09537295386904762,256,0,0,0,0,0,0,0,0,0,0,0,0,0.0,0
malware,2fe91e66ae4520b54f8a733d3440531406c63119544edaf67e6eb846f38a4e39.exe,data\raw\malware\2fe91e66ae4520b54f8a733d3440531406c63119544edaf67e6eb846f38a4e39.exe,433664,68,1,0,0,0,0.014705882352941176,executable,1,0,0,0,0,1,1,0,0,0,5,7.873971353973439,6.104161800725871,0.3508361311983471,0.040489872343565526,256,0,0,0,0,0,0,0,0,0,0,0,0,0.0,0
malware,2fec2872237de22dbaa6abf154b0463ec35e89dc393ed6038b1996c76ea5f3c0.exe,data\raw\malware\2fec2872237de22dbaa6abf154b0463ec35e89dc393ed6038b1996c76ea5f3c0.exe,196096,68,1,0,0,0,0.014705882352941176,executable,1,0,0,0,0,1,1,0,0,0,3,6.812188905718445,5.476948659709068,0.2754518195169713,0.18731641644908617,256,0,0,0,0,0,0,0,0,0,0,0,0,0.0,0
malware,2ff5ac7e14fde60cc3d8ef5c8ab81c35f2e11ed0178f383b8335bb6658ead875.exe,data\raw\malware\2ff5ac7e14fde60cc3d8ef5c8ab81c35f2e11ed0178f383b8335bb6658ead875.exe,175616,68,1,0,0,0,0.014705882352941176,executable,1,0,0,0,0,1,1,0,0,0,0,7.779406897706403,4.857363597217656,0.3542217110058309,0.06355912900874636,256,0,0,3,0,0,0,3,3,0,0,0,0,0.0,0
malware,2ff6bca003584da55bec389db156f566df85c22e890a830bfe3c42fef98989b8.ole,data\raw\malware\2ff6bca003584da55bec389db156f566df85c22e890a830bfe3c42fef98989b8.ole,236053,68,0,0,0,0,0.014705882352941176,unknown,0,0,0,0,1,0,0,0,0,0,11,6.764214580077922,1.5796237215346853,0.33433593303198855,0.23698067806806097,256,1,0,0,0,0,0,0,0,0,0,0,0,0.0,0
malware,2ff8cfe7b4d76bcb80d93d82a4d2efa09fcd4b28584c03777995491d287b83cc.exe,data\raw\malware\2ff8cfe7b4d76bcb80d93d82a4d2efa09fcd4b28584c03777995491d287b83cc.exe,195232,68,1,0,0,0,0.014705882352941176,executable,1,0,0,0,0,1,1,0,0,0,0,4.925147317405776,5.037505448463093,0.20377294705785937,0.49667062776594,256,0,0,4,0,0,0,4,4,0,0,0,0,0.0,0
malware,3a008e06592f52dd80d9010935d5c1600be581e27402f7b909fb7d66aca492cb.ole,data\raw\malware\3a008e06592f52dd80d9010935d5c1600be581e27402f7b909fb7d66aca492cb.ole,167742,68,0,0,0,0,0.014705882352941176,unknown,0,0,0,0,1,0,0,0,0,0,13,5.750622158653822,1.5728037756193889,0.351468326358336,0.3596415924455414,256,1,0,3,0,0,0,3,3,0,0,0,0,0.0,0
malware,3a101185d6dfae71e84fb1c37bcd07da18d34b084ab6837d1c49f1bd99642bcc.exe,data\raw\malware\3a101185d6dfae71e84fb1c37bcd07da18d34b084ab6837d1c49f1bd99642bcc.exe,38912,68,1,0,0,0,0.014705882352941176,executable,1,0,0,0,0,1,1,0,0,0,0,5.65798000755617,4.407353072628354,0.21677117598684212,0.33251953125,256,0,0,0,0,0,0,0,0,0,0,0,0,0.0,0
malware,3a13824edf5af18e7909afd4f549c25c9c13d5777cf194778f5bfcd6bcc54dc8.exe,data\raw\malware\3a13824edf5af18e7909afd4f549c25c9c13d5777cf194778f5bfcd6bcc54dc8.exe,131168,68,1,0,0,0,0.014705882352941176,executable,1,0,0,0,0,1,1,0,0,0,1,6.8576056952175435,5.296170206155091,0.2927162112710417,0.1902903147109051,256,1,2,0,0,0,0,0,0,0,0,0,0,0.0,0
malware,3a1507fbae21d3f27d13066bb56dbd6ac4c7a7c4598ae3bf8e0a218b6d6b0088.exe,data\raw\malware\3a1507fbae21d3f27d13066bb56dbd6ac4c7a7c4598ae3bf8e0a218b6d6b0088.exe,58880,68,1,0,0,0,0.014705882352941176,executable,1,0,0,0,0,1,1,0,0,0,1,7.603865855415663,3.3734835209587,0.3151154891304348,0.0961616847826087,256,0,0,1,0,0,0,1,1,0,0,0,0,0.0,0
malware,3a1b797876f0839e861ea4a5a44940a4fdcf84c91c12a9ff2c1f09ed01b690e1.exe,data\raw\malware\3a1b797876f0839e861ea4a5a44940a4fdcf84c91c12a9ff2c1f09ed01b690e1.exe,38400,68,1,0,0,0,0.014705882352941176,executable,1,0,0,0,0,1,1,0,0,0,0,5.711175134481664,4.406668808119802,0.219609375,0.32361979166666666,256,0,0,0,0,0,0,0,0,0,0,0,0,0.0,0
malware,3a24d29c1a065e91aec7a013423245572e13305e9f65ba5a8dadf3102fbfb754.exe,data\raw\malware\3a24d29c1a065e91aec7a013423245572e13305e9f65ba5a8dadf3102fbfb754.exe,95273,68,1,0,0,0,0.014705882352941176,executable,1,0,0,0,0,1,1,0,0,0,1,7.593362525453127,5.923186718682535,0.3659168914592802,0.06814102631385598,256,0,0,0,0,0,0,0,0,0,0,0,0,0.0,0
malware,3a27d228a126b4876ded1657ddeebfc55df1277042bb3c9e8a88af914fead10e.ole,data\raw\malware\3a27d228a126b4876ded1657ddeebfc55df1277042bb3c9e8a88af914fead10e.ole,162391,68,0,0,0,0,0.014705882352941176,unknown,0,0,0,0,1,0,0,0,0,0,6,5.775180684595998,1.6172215738850635,0.3532338614824713,0.3554445751303952,256,1,0,3,0,0,0,3,3,0,0,0,0,0.0,0
malware,3a2b8b010d844cacfe14b44465d09e4ce938b5bca8f9c5b4d5a8338f9f00d85b.exe,data\raw\malware\3a2b8b010d844cacfe14b44465d09e4ce938b5bca8f9c5b4d5a8338f9f00d85b.exe,37888,68,1,0,0,0,0.014705882352941176,executable,1,0,0,0,0,1,1,0,0,0,0,5.868509089161949,4.445461440099018,0.23580025337837837,0.30727407094594594,256,0,0,0,0,0,0,0,0,0,0,0,0,0.0,0
malware,3a3210018ff29589e921982a79747d4b92e9b66442097a932fa4558c1f337ae1.exe,data\raw\malware\3a3210018ff29589e921982a79747d4b92e9b66442097a932fa4558c1f337ae1.exe,504320,68,1,0,0,0,0.014705882352941176,executable,1,0,0,0,0,1,1,0,0,0,5,6.617799883452539,4.506844187719523,0.26797866434010154,0.27732193845177666,256,0,0,0,0,0,0,0,0,0,0,0,0,0.0,0
malware,3a3dd7687c72a79fe44ec05be24ef77e62e6b1cdcf3f202251d6c12e94475dcd.ole,data\raw\malware\3a3dd7687c72a79fe44ec05be24ef77e62e6b1cdcf3f202251d6c12e94475dcd.ole,151507,68,0,0,0,0,0.014705882352941176,unknown,0,0,0,0,1,0,0,0,0,0,6,6.0321497324551805,3.5101156485396783,0.38053687288376115,0.2937224022652419,256,1,0,0,0,0,0,0,0,0,0,0,0,0.0,0
malware,3a4593999974b1d74071330c49a56c406619d5db2bc93f34e039ab37fd6e66d1.exe,data\raw\malware\3a4593999974b1d74071330c49a56c406619d5db2bc93f34e039ab37fd6e66d1.exe,394240,68,1,0,0,0,0.014705882352941176,executable,1,0,0,0,0,1,1,0,0,0,4,7.819193551758122,4.567679953000972,0.33439021915584416,0.048396915584415584,256,0,0,0,0,0,0,0,0,0,0,0,0,0.0,0
malware,3a46985169f505f6e3794f6da48b0678d7a077f95379a6340afeab2f08914941.ole,data\raw\malware\3a46985169f505f6e3794f6da48b0678d7a077f95379a6340afeab2f08914941.ole,134452,68,0,0,0,0,0.014705882352941176,unknown,0,0,0,0,1,0,0,0,0,0,8,5.936136176284033,3.5110865123159365,0.3142608514562818,0.33249040549787284,256,1,0,0,0,0,0,0,0,0,0,0,0,0.0,0
malware,3a487918f1784b85cc77c3cae460ca4f4ceec6c6257865c30dd9b31966bca1ad.exe,data\raw\malware\3a487918f1784b85cc77c3cae460ca4f4ceec6c6257865c30dd9b31966bca1ad.exe,260136,68,1,0,0,0,0.014705882352941176,executable,1,0,0,0,0,1,1,0,0,0,1,7.6741633432467955,4.91299334271684,0.30457529907433034,0.0638204631423563,256,0,0,0,0,0,0,0,0,0,0,0,0,0.0,0
malware,3a49b882cab1bc80df550fbb5c6ffd329d07f0c1879276969fef247602cbaffe.exe,data\raw\malware\3a49b882cab1bc80df550fbb5c6ffd329d07f0c1879276969fef247602cbaffe.exe,208896,68,1,0,0,0,0.014705882352941176,executable,1,0,0,0,0,1,1,0,0,0,1,6.38776089934661,0.9464571488240296,0.3086703431372549,0.2135943244485294,256,0,0,1,0,0,0,1,1,0,0,0,0,0.0,0
malware,3a4fbad08b6e94d46cb93f8cc3ce25dbcf391eb1bdcf1bf5456688cdf1ae2797.exe,data\raw\malware\3a4fbad08b6e94d46cb93f8cc3ce25dbcf391eb1bdcf1bf5456688cdf1ae2797.exe,462848,68,1,0,0,0,0.014705882352941176,executable,1,0,0,0,0,1,1,0,0,0,9,7.487127091906801,0.7040871361477138,0.3182988799778761,0.12783678443030974,256,0,0,0,0,0,0,0,0,0,0,0,0,0.0,0
malware,3a4fffc8e449a1086a8e2ea51e18990fd80425f5ba752185ed07202fd9287757.exe,data\raw\malware\3a4fffc8e449a1086a8e2ea51e18990fd80425f5ba752185ed07202fd9287757.exe,348160,68,1,0,0,0,0.014705882352941176,executable,1,0,0,0,0,1,1,0,0,0,6,7.666987343507773,0.6738708064143812,0.33037109375,0.09337948069852942,256,0,0,0,0,0,0,0,0,0,0,0,0,0.0,0
malware,3a5dd4cee8cdd1a59a46f8c1cb949bf8ac220c7a2de2577976f45112d63106f4.exe,data\raw\malware\3a5dd4cee8cdd1a59a46f8c1cb949bf8ac220c7a2de2577976f45112d63106f4.exe,394240,68,1,0,0,0,0.014705882352941176,executable,1,0,0,0,0,1,1,0,0,0,4,7.8194061362061165,4.571732163665331,0.33441051136363636,0.048379159902597405,256,0,0,0,0,0,0,0,0,0,0,0,0,0.0,0
malware,3a5df5e2ea2cab2de87bbaa4c3e20684daf50245cf6738c5124fcb848a4b2827.exe,data\raw\malware\3a5df5e2ea2cab2de87bbaa4c3e20684daf50245cf6738c5124fcb848a4b2827.exe,110176,68,1,0,0,0,0.014705882352941176,executable,1,0,0,0,0,1,1,0,0,0,2,6.9925015953299035,5.457875288083918,0.3231102962532675,0.18770875689805402,256,0,0,0,0,0,0,0,0,0,0,0,0,0.0,0
malware,3a5f6250a535e71652a86a54b170040d1f263a87a3af8bef5a92ab5f414f69e9.exe,data\raw\malware\3a5f6250a535e71652a86a54b170040d1f263a87a3af8bef5a92ab5f414f69e9.exe,208896,68,1,0,0,0,0.014705882352941176,executable,1,0,0,0,0,1,1,0,0,0,3,6.4226924891139525,0.9524741285302065,0.31050857843137253,0.20791207107843138,256,0,0,1,0,0,0,1,1,0,0,0,0,0.0,0
malware,3a5fb57b90d29b207eab89b0ab044ae07ad228d258d91c208baa88dd8acb0054.exe,data\raw\malware\3a5fb57b90d29b207eab89b0ab044ae07ad228d258d91c208baa88dd8acb0054.exe,433664,68,1,0,0,0,0.014705882352941176,executable,1,0,0,0,0,1,1,0,0,0,4,7.872938075643425,6.0814357203972165,0.35115204397874855,0.040563662190082644,256,0,0,0,0,0,0,0,0,0,0,0,0,0.0,0
malware,3a655449935db1d07871d79739c4fe01d8792844b72e4bc0c3f2c936b6d5ee1f.ole,data\raw\malware\3a655449935db1d07871d79739c4fe01d8792844b72e4bc0c3f2c936b6d5ee1f.ole,152217,68,0,0,0,0,0.014705882352941176,unknown,0,0,0,0,1,0,0,0,0,0,6,6.033699632664256,3.5101156485396783,0.38341972315838574,0.29235236537311865,256,1,0,0,0,0,0,0,0,0,0,0,0,0.0,0
malware,3a6d473d62cd6fb7bbbbf2f1ee4e234e25ba6975fef394f6a47e2599706d3860.ole,data\raw\malware\3a6d473d62cd6fb7bbbbf2f1ee4e234e25ba6975fef394f6a47e2599706d3860.ole,239799,68,0,0,0,0,0.014705882352941176,unknown,0,0,0,0,1,0,0,0,0,0,11,6.767982047690114,1.6604477401757731,0.34289550832155263,0.2340293328996368,256,1,0,0,0,0,0,0,0,0,0,0,0,0.0,0
malware,3a6f57189a5fe71eed95025289220f3eb997f23b2cd0f8e8affeb1a0bd8832ad.ole,data\raw\malware\3a6f57189a5fe71eed95025289220f3eb997f23b2cd0f8e8affeb1a0bd8832ad.ole,156299,68,0,0,0,0,0.014705882352941176,unknown,0,0,0,0,1,0,0,0,0,0,6,5.82628728961664,1.610000346744518,0.3448134664969066,0.3529389183552038,256,1,0,3,0,0,0,3,3,0,0,0,0,0.0,0
malware,3a74ad0c817ec97540a567c44f9298bb2d34487d2f069b46928ee9f68ababa36.exe,data\raw\malware\3a74ad0c817ec97540a567c44f9298bb2d34487d2f069b46928ee9f68ababa36.exe,177664,68,1,0,0,0,0.014705882352941176,executable,1,0,0,0,0,1,1,0,0,0,1,7.8040902802968555,6.517790160677556,0.3601573757204611,0.05644362391930836,256,0,0,2,0,0,0,2,2,0,0,0,0,0.0,0
malware,3a78c9ef6f9f835459d4c09bd1dcab5da2b11d902e11177bbd106b346bf30041.exe,data\raw\malware\3a78c9ef6f9f835459d4c09bd1dcab5da2b11d902e11177bbd106b346bf30041.exe,417792,68,1,0,0,0,0.014705882352941176,executable,1,0,0,0,0,1,1,0,0,0,6,7.666114323733943,0.7147588009456705,0.33260569852941174,0.09151683134191177,256,0,0,0,0,0,0,0,0,0,0,0,0,0.0,0
malware,3a7d290d64c985186f4275fe8db0b5808e8d3dfcaa556a98851d23680f56089f.ole,data\raw\malware\3a7d290d64c985186f4275fe8db0b5808e8d3dfcaa556a98851d23680f56089f.ole,163219,68,0,0,0,0,0.014705882352941176,unknown,0,0,0,0,1,0,0,0,0,0,13,5.799216313596932,1.5752578820236374,0.34782715247612106,0.3553752933175672,256,1,0,3,0,0,0,3,3,0,0,0,0,0.0,0
malware,3a82c0181412b08304f0e5b8fd03d08344a3ede1cba4c538c871a06665e1ee60.exe,data\raw\malware\3a82c0181412b08304f0e5b8fd03d08344a3ede1cba4c538c871a06665e1ee60.exe,372736,68,1,0,0,0,0.014705882352941176,executable,1,0,0,0,0,1,1,0,0,0,7,7.973998137988224,5.0557869384489385,0.36336173592032966,0.016322544642857144,256,0,0,0,0,0,0,0,0,0,0,0,0,0.0,0
malware,3a842cda8dcdfeead332be55f95c52a3cf29936d49b229adef1498842270a430.exe,data\raw\malware\3a842cda8dcdfeead332be55f95c52a3cf29936d49b229adef1498842270a430.exe,229000,68,1,0,0,0,0.014705882352941176,executable,1,0,0,0,0,1,1,0,0,0,5,6.869453003373518,0.8899040943364491,0.24425764192139737,0.1540349344978166,256,9,0,0,0,0,0,0,0,0,0,0,0,0.0,0
malware,3a8c95da42ca5ac3d036b7713e0d884ec7efccdfc5a402c09110a5fc80615f72.exe,data\raw\malware\3a8c95da42ca5ac3d036b7713e0d884ec7efccdfc5a402c09110a5fc80615f72.exe,110176,68,1,0,0,0,0.014705882352941176,executable,1,0,0,0,0,1,1,0,0,0,1,6.993604692835786,5.454416046753743,0.32357319198373513,0.18759076386871915,256,0,0,0,0,0,0,0,0,0,0,0,0,0.0,0
malware,3a988bbbea90d529c812a035b9fec021b6f3f8164e6b7b5690adf0e5676bcec8.exe,data\raw\malware\3a988bbbea90d529c812a035b9fec021b6f3f8164e6b7b5690adf0e5676bcec8.exe,409600,68,1,0,0,0,0.014705882352941176,executable,1,0,0,0,0,1,1,0,0,0,6,7.313726344661338,0.6721682233675249,0.3101171875,0.165078125,256,0,0,0,0,0,0,0,0,0,0,0,0,0.0,0
malware,3aa323c274bee0cc801efe2c3d81c3623ec7b8b91dcb4a01bcdd9415e9345e98.ole,data\raw\malware\3aa323c274bee0cc801efe2c3d81c3623ec7b8b91dcb4a01bcdd9415e9345e98.ole,191142,68,0,0,0,0,0.014705882352941176,unknown,0,0,0,0,1,0,0,0,0,0,9,6.028169357687974,1.64811209317185,0.35413985413985416,0.3303041717675864,256,1,0,3,0,0,0,3,3,0,0,0,0,0.0,0
malware,3aaed92315923e6e1a7cb3813869ccdc62d5b1967b505685e53ec95e0d2a90b1.exe,data\raw\malware\3aaed92315923e6e1a7cb3813869ccdc62d5b1967b505685e53ec95e0d2a90b1.exe,178176,68,1,0,0,0,0.014705882352941176,executable,1,0,0,0,0,1,1,0,0,0,2,7.794697317715496,6.501742824094281,0.36018318965517243,0.058919270833333336,256,0,0,2,0,0,0,2,2,0,0,0,0,0.0,0
malware,3ab2d78bc82ed967c468035b585478d08ecf4fb129b8563315f1ca1996d0f68e.exe,data\raw\malware\3ab2d78bc82ed967c468035b585478d08ecf4fb129b8563315f1ca1996d0f68e.exe,110176,68,1,0,0,0,0.014705882352941176,executable,1,0,0,0,0,1,1,0,0,0,1,6.991703834716446,5.4568640182670745,0.3225021783328493,0.18779044437990125,256,0,0,0,0,0,0,0,0,0,0,0,0,0.0,0
malware,3ab4cca7ad147e0e086cd15087ecbf9e352f0c123cb2c42c63ee1737d4a17985.exe,data\raw\malware\3ab4cca7ad147e0e086cd15087ecbf9e352f0c123cb2c42c63ee1737d4a17985.exe,154112,68,1,0,0,0,0.014705882352941176,executable,1,0,0,0,0,1,1,0,0,0,1,7.790899780349491,5.782518577288895,0.34857116901993357,0.05144310631229236,256,0,0,3,0,0,0,3,3,0,0,0,0,0.0,0
malware,3ab6a5a1a1c69756f3121883aefaa930c3556821e097a83b7053f214622a1f5d.exe,data\raw\malware\3ab6a5a1a1c69756f3121883aefaa930c3556821e097a83b7053f214622a1f5d.exe,409600,68,1,0,0,0,0.014705882352941176,executable,1,0,0,0,0,1,1,0,0,0,7,7.213184509623872,0.7202610809380927,0.30416015625,0.177548828125,256,0,0,0,0,0,0,0,0,0,0,0,0,0.0,0
malware,3ad176af96769cafce183c9fa607183176fa069a487d946038df6d8867720455.exe,data\raw\malware\3ad176af96769cafce183c9fa607183176fa069a487d946038df6d8867720455.exe,442368,68,1,0,0,0,0.014705882352941176,executable,1,0,0,0,0,1,1,0,0,0,5,7.4924038409498985,0.713887979200703,0.31712284794560186,0.12907353153935186,256,0,0,0,0,0,0,0,0,0,0,0,0,0.0,0
malware,3ad326abc45400b40ed0fba1540f26c7864da17cd0bf503e3c5f435fba6adcbd.ole,data\raw\malware\3ad326abc45400b40ed0fba1540f26c7864da17cd0bf503e3c5f435fba6adcbd.ole,190289,68,0,0,0,0,0.014705882352941176,unknown,0,0,0,0,1,0,0,0,0,0,9,6.027619107159708,1.64811209317185,0.3512394305503734,0.3317953218525506,256,1,0,3,0,0,0,3,3,0,0,0,0,0.0,0
malware,3aea0a2f71f56d3c070fce471e825ccf942d66e435eaac7c07e7258085bf879f.exe,data\raw\malware\3aea0a2f71f56d3c070fce471e825ccf942d66e435eaac7c07e7258085bf879f.exe,475136,68,1,0,0,0,0.014705882352941176,executable,1,0,0,0,0,1,1,0,0,0,7,7.34531158292847,0.6974113722672233,0.30865899447737066,0.15441263133081898,256,0,0,0,0,0,0,0,0,0,0,0,0,0.0,0
malware,3aeb854be075e3c18902edfe885d185c62571b0cd1e42d21a4c97c8487557fe4.ole,data\raw\malware\3aeb854be075e3c18902edfe885d185c62571b0cd1e42d21a4c97c8487557fe4.ole,234674,68,0,0,0,0,0.014705882352941176,unknown,0,0,0,0,1,0,0,0,0,0,11,6.764229802085748,1.5796237215346853,0.3304200721000196,0.23837749388513427,256,1,0,0,0,0,0,0,0,0,0,0,0,0.0,0
malware,3af23db230b41473efc4a9e11313c77015bf9f75aaf0e161a94302a653a61fb9.ole,data\raw\malware\3af23db230b41473efc4a9e11313c77015bf9f75aaf0e161a94302a653a61fb9.ole,143751,68,0,0,0,0,0.014705882352941176,unknown,0,0,0,0,1,0,0,0,0,0,6,6.088482074447924,3.499583595987412,0.38487384435586536,0.2878588670687508,256,1,0,0,0,0,0,0,0,0,0,0,0,0.0,0
malware,3af7e40f674177377873933262fe6d60ce4cc5d5f11b59af5beaf48b11c535f4.exe,data\raw\malware\3af7e40f674177377873933262fe6d60ce4cc5d5f11b59af5beaf48b11c535f4.exe,442368,68,1,0,0,0,0.014705882352941176,executable,1,0,0,0,0,1,1,0,0,0,7,7.426580824743904,0.7075537157057742,0.32072392216435186,0.13968912760416666,256,0,0,0,0,0,0,0,0,0,0,0,0,0.0,0
malware,3b0162ba8c462c159db0898da63e49bcbe758fffb9154df86d35941ccbb2271a.exe,data\raw\malware\3b0162ba8c462c159db0898da63e49bcbe758fffb9154df86d35941ccbb2271a.exe,438272,68,1,0,0,0,0.014705882352941176,executable,1,0,0,0,0,1,1,0,0,0,8,7.579239717227646,0.7086995200460853,0.3274975357768692,0.11011198525116822,256,0,0,0,0,0,0,0,0,0,0,0,0,0.0,0
malware,3b0313d2013ac8bdd6fd4ac9e1491db4f8cff2e8b3f7ebbf60111b7861923d95.exe,data\raw\malware\3b0313d2013ac8bdd6fd4ac9e1491db4f8cff2e8b3f7ebbf60111b7861923d95.exe,396288,68,1,0,0,0,0.014705882352941176,executable,1,0,0,0,0,1,1,0,0,0,20,7.881712411616415,5.702576593018413,0.3722620922157623,0.029544169896640826,256,0,2,0,0,0,0,0,0,0,0,0,0,0.0,0
malware,3b052379f16c15236f6e09347dc9a97128ada57c3aff6f2aca80ea2773216c71.exe,data\raw\malware\3b052379f16c15236f6e09347dc9a97128ada57c3aff6f2aca80ea2773216c71.exe,434176,68,1,0,0,0,0.014705882352941176,executable,1,0,0,0,0,1,1,0,0,0,5,7.871193711187731,6.112597988748033,0.35222812868514153,0.041255159198113206,256,0,0,0,0,0,0,0,0,0,0,0,0,0.0,0
malware,3b08135af5c2ddaad662ed4f1f02f77eff2bf0fe9f33cfadf5ff783fd2acb775.exe,data\raw\malware\3b08135af5c2ddaad662ed4f1f02f77eff2bf0fe9f33cfadf5ff783fd2acb775.exe,151040,68,1,0,0,0,0.014705882352941176,executable,1,0,0,0,0,1,1,0,0,0,3,7.426033597798876,2.7323651731948435,0.3212592690677966,0.1053032309322034,256,0,0,1,0,0,0,1,1,0,0,0,0,0.0,0
malware,3b126dca8990f6cbe0cf6158212a6e62544b8efc0b45226c7f317163d70b60fc.ole,data\raw\malware\3b126dca8990f6cbe0cf6158212a6e62544b8efc0b45226c7f317163d70b60fc.ole,155990,68,0,0,0,0,0.014705882352941176,unknown,0,0,0,0,1,0,0,0,0,0,6,5.798408363189424,1.6271288817790095,0.34565677287005575,0.35586896595935635,256,1,0,3,0,0,0,3,3,0,0,0,0,0.0,0
malware,3b13a5e846c431b58240fcb6ddcd750b827f65347c3f7cd098299dc2b64feb9b.ole,data\raw\malware\3b13a5e846c431b58240fcb6ddcd750b827f65347c3f7cd098299dc2b64feb9b.ole,145242,68,0,0,0,0,0.014705882352941176,unknown,0,0,0,0,1,0,0,0,0,0,6,6.066745019375163,3.505982549950195,0.38216218449208905,0.2921055892923535,256,1,0,0,0,0,0,0,0,0,0,0,0,0.0,0
malware,3b19f9414ae30379a55e93d9b611f31b9b043534091822c1b35e4db83b03ef1b.exe,data\raw\malware\3b19f9414ae30379a55e93d9b611f31b9b043534091822c1b35e4db83b03ef1b.exe,285208,68,1,0,0,0,0.014705882352941176,executable,1,0,0,0,0,1,1,0,0,0,4,7.654263506194834,4.966038059517269,0.3912583097248324,0.06161818742812263,256,0,0,0,0,0,0,0,0,0,0,0,0,0.0,0
malware,3b1a1aa1d3a18d81ce5c0d3df44d94c2f90d753d498cd762a6b2131182b060f7.exe,data\raw\malware\3b1a1aa1d3a18d81ce5c0d3df44d94c2f90d753d498cd762a6b2131182b060f7.exe,221184,68,1,0,0,0,0.014705882352941176,executable,1,0,0,0,0,1,1,0,0,0,1,6.2498025226177925,0.9730982208414966,0.2915310329861111,0.23298701533564814,256,0,0,1,0,0,0,1,1,0,0,0,0,0.0,0
malware,3b23a3e3c7c8989d6af6f47bf448a784eee5a095f1366cd08dcb42b60a7e0353.exe,data\raw\malware\3b23a3e3c7c8989d6af6f47bf448a784eee5a095f1366cd08dcb42b60a7e0353.exe,479232,68,1,0,0,0,0.014705882352941176,executable,1,0,0,0,0,1,1,0,0,0,7,7.350747866719353,0.7000600300080799,0.3085854033119658,0.15323893229166666,256,0,0,0,0,0,0,0,0,0,0,0,0,0.0,0
malware,3b25a614c377a4b4bddb5ebfbe1461748aa879af31c76d9fc7134146ef47dd40.ole,data\raw\malware\3b25a614c377a4b4bddb5ebfbe1461748aa879af31c76d9fc7134146ef47dd40.ole,144996,68,0,0,0,0,0.014705882352941176,unknown,0,0,0,0,1,0,0,0,0,0,6,6.065859003591969,3.505982549950195,0.3811622389583161,0.29253220778504235,256,1,0,0,0,0,0,0,0,0,0,0,0,0.0,0
malware,3b262d8272688182ee682511db96d5717eca6b1870888fb763b72ce82a2b63f5.exe,data\raw\malware\3b262d8272688182ee682511db96d5717eca6b1870888fb763b72ce82a2b63f5.exe,471040,68,1,0,0,0,0.014705882352941176,executable,1,0,0,0,0,1,1,0,0,0,7,7.430861346319556,0.7063650487893749,0.31413468070652173,0.13866975203804346,256,0,0,0,0,0,0,0,0,0,0,0,0,0.0,0
malware,3b2951aef7608ac182547de8f299d699994c3efe71af80502d930ac46a4eb867.exe,data\raw\malware\3b2951aef7608ac182547de8f299d699994c3efe71af80502d930ac46a4eb867.exe,454656,68,1,0,0,0,0.014705882352941176,executable,1,0,0,0,0,1,1,0,0,0,8,7.418682203925925,0.7052984569495645,0.31855292792792794,0.14156637105855857,256,0,0,0,0,0,0,0,0,0,0,0,0,0.0,0
malware,3b2d3460acf5a7f3d5ebecae40f1cd7a0814b6781c7e419d3c85eb9040e00c68.exe,data\raw\malware\3b2d3460acf5a7f3d5ebecae40f1cd7a0814b6781c7e419d3c85eb9040e00c68.exe,433664,68,1,0,0,0,0.014705882352941176,executable,1,0,0,0,0,1,1,0,0,0,5,7.872278436912592,6.096298957873691,0.35133421266233766,0.04088188090318772,256,0,0,0,0,0,0,0,0,0,0,0,0,0.0,0
malware,3b2ebca526c46a22efb108eb010f32669c036436a225ad25e6d302cbe65e511d.exe,data\raw\malware\3b2ebca526c46a22efb108eb010f32669c036436a225ad25e6d302cbe65e511d.exe,208384,68,1,0,0,0,0.014705882352941176,executable,1,0,0,0,0,1,1,0,0,0,0,6.893301491869953,5.870550810226719,0.37801366707616707,0.06305666461916462,256,0,0,4,0,0,0,4,4,0,0,0,0,0.0,0
malware,3b2fe5d1d5aea5c07b13936855c1862dbbebdd7bb260471e1e6f524ec331a0d3.exe,data\raw\malware\3b2fe5d1d5aea5c07b13936855c1862dbbebdd7bb260471e1e6f524ec331a0d3.exe,479232,68,1,0,0,0,0.014705882352941176,executable,1,0,0,0,0,1,1,0,0,0,9,7.271560857075391,0.7192284962321277,0.307750734508547,0.16643087272970086,256,0,0,0,1,0,0,0,1,0,0,0,0,0.0,0
malware,3b3509f63c9c5930a03f8c28772ec311e09d22c5d487a3533fe58be8341f8d5d.exe,data\raw\malware\3b3509f63c9c5930a03f8c28772ec311e09d22c5d487a3533fe58be8341f8d5d.exe,94760,68,1,0,0,0,0.014705882352941176,executable,1,0,0,0,0,1,1,0,0,0,1,7.589022975799171,6.188859173526921,0.3646580835795694,0.06957577036724356,256,0,0,0,0,0,0,0,0,0,0,0,0,0.0,0
malware,3b397d52dfab54059da95d62fd3cd1bbbf510a58c122dd554818211d2365fbeb.ole,data\raw\malware\3b397d52dfab54059da95d62fd3cd1bbbf510a58c122dd554818211d2365fbeb.ole,145645,68,0,0,0,0,0.014705882352941176,unknown,0,0,0,0,1,0,0,0,0,0,6,6.06792855746244,3.505982549950195,0.38385114490713723,0.2913179305846407,256,1,0,0,0,0,0,0,0,0,0,0,0,0.0,0
malware,3b3aa3d3eebaf7e6548cf18fbc2bd1a8242aa84d3f30bc4333962cd60c9d9134.exe,data\raw\malware\3b3aa3d3eebaf7e6548cf18fbc2bd1a8242aa84d3f30bc4333962cd60c9d9134.exe,405504,68,1,0,0,0,0.014705882352941176,executable,1,0,0,0,0,1,1,0,0,0,4,7.6533138471537425,0.6676237263578241,0.3343246922348485,0.10100270280934344,256,0,0,0,0,0,0,0,0,0,0,0,0,0.0,0
malware,3b3bd1e0815263c68b12621f4b1398b36cecaf9d4653a8a2172cec536df3b8fa.exe,data\raw\malware\3b3bd1e0815263c68b12621f4b1398b36cecaf9d4653a8a2172cec536df3b8fa.exe,208896,68,1,0,0,0,0.014705882352941176,executable,1,0,0,0,0,1,1,0,0,0,1,6.178907011104021,0.9470425839332478,0.28617110906862747,0.24463369332107843,256,0,0,1,0,0,0,1,1,0,0,0,0,0.0,0
malware,3b3f421cee870d2c3615a30bb5cb4375ee0706507d3426746eb53f8ee1e89b31.exe,data\raw\malware\3b3f421cee870d2c3615a30bb5cb4375ee0706507d3426746eb53f8ee1e89b31.exe,195584,68,1,0,0,0,0.014705882352941176,executable,1,0,0,0,0,1,1,0,0,0,0,7.784649860296475,5.626485999872089,0.3703217032068063,0.06027589168848167,256,0,0,0,0,0,0,0,0,0,0,0,0,0.0,0
malware,3b45172a15ba8cc7b28494d22db10765e628c48e3150b14c0b39466c70c26ee3.exe,data\raw\malware\3b45172a15ba8cc7b28494d22db10765e628c48e3150b14c0b39466c70c26ee3.exe,458752,68,1,0,0,0,0.014705882352941176,executable,1,0,0,0,0,1,1,0,0,0,7,7.465275607829963,0.6984780332895375,0.32141549246651785,0.13192095075334823,256,0,0,0,0,0,0,0,0,0,0,0,0,0.0,0
malware,3b48d6e2ff1f6439a7084b10649ff34d3ffa528ef51caa987da277071ebd32f7.exe,data\raw\malware\3b48d6e2ff1f6439a7084b10649ff34d3ffa528ef51caa987da277071ebd32f7.exe,405504,68,1,0,0,0,0.014705882352941176,executable,1,0,0,0,0,1,1,0,0,0,3,7.652900910641048,0.6659745839012412,0.33309165877525254,0.1011013454861111,256,0,0,0,0,0,0,0,0,0,0,0,0,0.0,0
malware,3b4aa5b8573062eb1f950bf30309da5c50cc88691ae53066bf3943e1769b935d.exe,data\raw\malware\3b4aa5b8573062eb1f950bf30309da5c50cc88691ae53066bf3943e1769b935d.exe,208896,68,1,0,0,0,0.014705882352941176,executable,1,0,0,0,0,1,1,0,0,0,1,6.390529706452001,0.9511190418055424,0.3088953354779412,0.21332624846813725,256,0,0,1,0,0,0,1,1,0,0,0,0,0.0,0
malware,3b4bc6c14687398d794bae4bc766b39cc641edba006928ee6716761f33139127.exe,data\raw\malware\3b4bc6c14687398d794bae4bc766b39cc641edba006928ee6716761f33139127.exe,402432,68,1,0,0,0,0.014705882352941176,executable,1,0,0,0,0,1,1,0,0,0,3,7.975626556940628,6.228894094901118,0.3617232228053435,0.016015128021628498,256,0,0,0,0,0,0,0,0,0,0,0,0,0.0,0
malware,3b4c6148c3758e6d268d5a4913224ddcc917028132ea4f494b04a845aae3a84c.ole,data\raw\malware\3b4c6148c3758e6d268d5a4913224ddcc917028132ea4f494b04a845aae3a84c.ole,152850,68,0,0,0,0,0.014705882352941176,unknown,0,0,0,0,1,0,0,0,0,0,6,6.031557697310532,3.487654950249338,0.3868040562643114,0.29087994766110564,256,1,0,0,0,0,0,0,0,0,0,0,0,0.0,0
malware,3b4e26361d4048ccfc5c19bcfaed0fb5709a876d65427a2a12c723a46a8037a3.exe,data\raw\malware\3b4e26361d4048ccfc5c19bcfaed0fb5709a876d65427a2a12c723a46a8037a3.exe,446464,68,1,0,0,0,0.014705882352941176,executable,1,0,0,0,0,1,1,0,0,0,8,7.542289389467094,0.6892664889325897,0.3235893599483945,0.11647747634747706,256,0,1,0,0,0,0,0,0,0,0,0,0,0.0,0
malware,3b52c2120be7cc1f4f8329e642920e331fc474bbd9daeaedb35621d61fbaf886.exe,data\raw\malware\3b52c2120be7cc1f4f8329e642920e331fc474bbd9daeaedb35621d61fbaf886.exe,425984,68,1,0,0,0,0.014705882352941176,executable,1,0,0,0,0,1,1,0,0,0,5,7.76217311765194,0.6950889740709603,0.34263023963341344,0.06859882061298077,256,0,0,0,0,0,0,0,0,0,0,0,0,0.0,0
malware,3b5f54748de72e7474be9c46d0d491d75954ae6d7eefb549d24656f6f5141ea7.exe,data\raw\malware\3b5f54748de72e7474be9c46d0d491d75954ae6d7eefb549d24656f6f5141ea7.exe,409600,68,1,0,0,0,0.014705882352941176,executable,1,0,0,0,0,1,1,0,0,0,7,7.6816696294797975,0.6813267658758031,0.33661865234375,0.0951416015625,256,0,0,0,0,0,0,0,0,0,0,0,0,0.0,0
malware,3b610a0aa4890a007dcf6df33178a042c25d7ae68a3fdff4d368a5728f811a78.ole,data\raw\malware\3b610a0aa4890a007dcf6df33178a042c25d7ae68a3fdff4d368a5728f811a78.ole,169354,68,0,0,0,0,0.014705882352941176,unknown,0,0,0,0,1,0,0,0,0,0,13,5.754255710651583,1.5728037756193889,0.35763548543288026,0.3562242403486189,256,1,0,3,0,0,0,3,3,0,0,0,0,0.0,0
malware,3b63ef117aa6dce79aa64ae78e651de544e558a3ea8089bf43662f00359ecb13.exe,data\raw\malware\3b63ef117aa6dce79aa64ae78e651de544e558a3ea8089bf43662f00359ecb13.exe,343040,68,1,0,0,0,0.014705882352941176,executable,1,0,0,0,0,1,1,0,0,0,1,7.879926324008578,3.5825442713430626,0.35129430970149256,0.046752565298507465,256,0,0,0,0,0,0,0,0,0,0,0,0,0.0,0
malware,3b655dcb7a2428cb0e6f063018c4512ee2bed264ce8a16bff8b1deb5c77b1f3e.exe,data\raw\malware\3b655dcb7a2428cb0e6f063018c4512ee2bed264ce8a16bff8b1deb5c77b1f3e.exe,109664,68,1,0,0,0,0.014705882352941176,executable,1,0,0,0,0,1,1,0,0,0,1,6.997165765379053,4.451372813852682,0.3227494893492851,0.187636781441494,256,0,0,0,0,0,0,0,0,0,0,0,0,0.0,0
malware,3b679dfeac3a1585e04ae6d1c63dd55356f624dd15a964f8a8c56e33d5324505.exe,data\raw\malware\3b679dfeac3a1585e04ae6d1c63dd55356f624dd15a964f8a8c56e33d5324505.exe,417792,68,1,0,0,0,0.014705882352941176,executable,1,0,0,0,0,1,1,0,0,0,5,7.772083043158348,0.7071928392172125,0.34018123851102944,0.06801949295343138,256,0,0,0,0,0,0,0,0,0,0,0,0,0.0,0
malware,3b819bd40698d091a166f1e9f7ef8ea9f1d73cc8c2d68aef8e443ac8a5c66021.exe,data\raw\malware\3b819bd40698d091a166f1e9f7ef8ea9f1d73cc8c2d68aef8e443ac8a5c66021.exe,131168,68,1,0,0,0,0.014705882352941176,executable,1,0,0,0,0,1,1,0,0,0,2,6.854418392859354,5.29426868182886,0.2928076969992681,0.19048090997804343,256,1,2,0,0,0,0,0,0,0,0,0,0,0.0,0
malware,3b81addfe339a51522e6f31e84090827c987d2bba4e0f8ecc498bf0f37a2c286.exe,data\raw\malware\3b81addfe339a51522e6f31e84090827c987d2bba4e0f8ecc498bf0f37a2c286.exe,356352,68,1,0,0,0,0.014705882352941176,executable,1,0,0,0,0,1,1,0,0,0,4,7.730721076534829,0.6903722066035084,0.33807022270114945,0.07948040140086207,256,0,0,0,0,0,0,0,0,0,0,0,0,0.0,0
malware,3b84ede7ebb5ee92eb35516bd5f5d879a87ff683d1cd5e9f4b5f544ceb69a510.exe,data\raw\malware\3b84ede7ebb5ee92eb35516bd5f5d879a87ff683d1cd5e9f4b5f544ceb69a510.exe,239493,68,1,0,0,0,0.014705882352941176,executable,1,0,0,0,0,1,1,0,0,0,4,7.916355404556987,5.68980148408451,0.3680316334924194,0.034890372578739254,256,1,1,0,1,0,0,0,1,0,0,0,0,0.0,0
malware,3b86c878612954cbe7f85843923d6942c08c30c5562b34864fb961ec91e0bc5f.exe,data\raw\malware\3b86c878612954cbe7f85843923d6942c08c30c5562b34864fb961ec91e0bc5f.exe,110176,68,1,0,0,0,0.014705882352941176,executable,1,0,0,0,0,1,1,0,0,0,1,6.998829340195813,5.455111505979309,0.32325551844321815,0.1869917223351728,256,0,0,0,0,0,0,0,0,0,0,0,0,0.0,0
malware,3b9a31b84788a47f9d05bbb3a7eff7eabfec267aa7e5597ac8be8f6fe9d3ec3a.exe,data\raw\malware\3b9a31b84788a47f9d05bbb3a7eff7eabfec267aa7e5597ac8be8f6fe9d3ec3a.exe,115200,68,1,0,0,0,0.014705882352941176,executable,1,0,0,0,0,1,1,0,0,0,1,7.695889563912785,5.528347781262677,0.3200173611111111,0.076796875,256,0,0,0,0,0,0,0,0,0,0,0,0,0.0,0
malware,3baaca1e5b6615d146bb01859515984ec9e5a35a1f4a86c995cb990fc48acb01.exe,data\raw\malware\3baaca1e5b6615d146bb01859515984ec9e5a35a1f4a86c995cb990fc48acb01.exe,458752,68,1,0,0,0,0.014705882352941176,executable,1,0,0,0,0,1,1,0,0,0,4,7.482127960821991,0.7122402700917536,0.31475612095424105,0.12890407017299108,256,0,0,0,0,0,0,0,0,0,0,0,0,0.0,0
malware,3bab265b48e6bb91db54d1eb457851df217e3ecc2c7c913c29d560db2b491c72.exe,data\raw\malware\3bab265b48e6bb91db54d1eb457851df217e3ecc2c7c913c29d560db2b491c72.exe,110176,68,1,0,0,0,0.014705882352941176,executable,1,0,0,0,0,1,1,0,0,0,2,6.993774535920109,5.445098968820291,0.3234098170200407,0.18767245135056637,256,0,0,0,0,0,0,0,0,0,0,0,0,0.0,0
malware,3bac36f5fa513dd5920caf37ec631dc4f2de99c4df44480d4ea052dda6c4418e.exe,data\raw\malware\3bac36f5fa513dd5920caf37ec631dc4f2de99c4df44480d4ea052dda6c4418e.exe,176128,68,1,0,0,0,0.014705882352941176,executable,1,0,0,0,0,1,1,0,0,0,1,7.72103297984851,6.633936482773952,0.3433525617732558,0.06272710755813954,256,0,0,5,1,0,0,5,6,0,0,0,0,0.0,0
malware,3bba1dcd8a8ccc33d0b4f52bc98f93af06dc6e599acfa75621693617c29c2dd8.exe,data\raw\malware\3bba1dcd8a8ccc33d0b4f52bc98f93af06dc6e599acfa75621693617c29c2dd8.exe,430080,68,1,0,0,0,0.014705882352941176,executable,1,0,0,0,0,1,1,0,0,0,11,7.658981231333775,0.667482966338618,0.3304920014880952,0.09563337053571429,256,0,0,0,0,0,0,0,0,0,0,0,0,0.0,0
malware,3bbb8b4e023d97ccd922a301a06e7eaa5c97ca874711433b17ccde011fb28ee6.exe,data\raw\malware\3bbb8b4e023d97ccd922a301a06e7eaa5c97ca874711433b17ccde011fb28ee6.exe,208896,68,1,0,0,0,0.014705882352941176,executable,1,0,0,0,0,1,1,0,0,0,1,6.416332928755015,0.947239324009628,0.3098336014093137,0.20850566789215685,256,0,0,1,0,0,0,1,1,0,0,0,0,0.0,0
malware,3bbf1ffc737910c289874c6fb1b5692541e3193481d07e6e56588ad31f54a29e.exe,data\raw\malware\3bbf1ffc737910c289874c6fb1b5692541e3193481d07e6e56588ad31f54a29e.exe,402432,68,1,0,0,0,0.014705882352941176,executable,1,0,0,0,0,1,1,0,0,0,5,7.975741809992232,6.269204501180801,0.3617927997773537,0.015923187022900763,256,0,0,0,0,0,0,0,0,0,0,0,0,0.0,0
malware,3bc008fcaafddb22e7cf4a26569eb858c5dfb7dd4048d36f26988ed4343ef7cf.exe,data\raw\malware\3bc008fcaafddb22e7cf4a26569eb858c5dfb7dd4048d36f26988ed4343ef7cf.exe,276576,68,1,0,0,0,0.014705882352941176,executable,1,0,0,0,0,1,1,0,0,0,2,7.676184681907219,4.705217007806973,0.3418517875737591,0.06904431331713526,256,0,0,0,0,0,0,0,0,0,0,0,0,0.0,0
malware,3bc7499fdd286aece98fe230f1a38fdd246e07a56c9b7b269971a86a67c4db71.exe,data\raw\malware\3bc7499fdd286aece98fe230f1a38fdd246e07a56c9b7b269971a86a67c4db71.exe,433664,68,1,0,0,0,0.014705882352941176,executable,1,0,0,0,0,1,1,0,0,0,4,7.873384789177766,6.085651153784621,0.3515209932113341,0.0405774977863046,256,0,0,0,0,0,0,0,0,0,0,0,0,0.0,0
malware,3bcf35be00c1705b0131e9e006432d28785f34d07dd0543ec9acf9a8973a11f9.exe,data\raw\malware\3bcf35be00c1705b0131e9e006432d28785f34d07dd0543ec9acf9a8973a11f9.exe,442368,68,1,0,0,0,0.014705882352941176,executable,1,0,0,0,0,1,1,0,0,0,4,7.6042326224071335,0.724816483239161,0.3327320240162037,0.10304542824074074,256,0,0,0,0,0,0,0,0,0,0,0,0,0.0,0
malware,3be01590556a23a2a17d45f61bfd8157e1482ce92795aea7188f8ba563cedf6f.exe,data\raw\malware\3be01590556a23a2a17d45f61bfd8157e1482ce92795aea7188f8ba563cedf6f.exe,405504,68,1,0,0,0,0.014705882352941176,executable,1,0,0,0,0,1,1,0,0,0,4,7.652705215290655,0.6659745839012412,0.33320756392045453,0.10106435448232323,256,0,0,0,0,0,0,0,0,0,0,0,0,0.0,0
malware,3be39539b1b8b9511946ff76fe466660eac1bc405d069ac33ec6de26f90fbab4.exe,data\raw\malware\3be39539b1b8b9511946ff76fe466660eac1bc405d069ac33ec6de26f90fbab4.exe,434176,68,1,0,0,0,0.014705882352941176,executable,1,0,0,0,0,1,1,0,0,0,4,7.506678326394144,0.7228503620459709,0.32066258844339623,0.1275012897995283,256,0,0,0,0,0,0,0,0,0,0,0,0,0.0,0
malware,3bf0a7d39814cc3280d9e5df2626de234d078c52c1b7e6cada22f14cd314b884.exe,data\raw\malware\3bf0a7d39814cc3280d9e5df2626de234d078c52c1b7e6cada22f14cd314b884.exe,405504,68,1,0,0,0,0.014705882352941176,executable,1,0,0,0,0,1,1,0,0,0,3,7.681730894026179,0.6709866261407386,0.33482776988636365,0.09416183317550506,256,0,0,0,0,0,0,0,0,0,0,0,0,0.0,0
malware,3bf72c1c7ab3d343a5d40a5cc0cd160f36407df8e265bb060d3afe44c80039be.exe,data\raw\malware\3bf72c1c7ab3d343a5d40a5cc0cd160f36407df8e265bb060d3afe44c80039be.exe,446464,68,1,0,0,0,0.014705882352941176,executable,1,0,0,0,0,1,1,0,0,0,6,7.585150145414449,0.7086374623386521,0.3266892739392202,0.10814533758600918,256,0,0,0,0,0,0,0,0,0,0,0,0,0.0,0
malware,3bf86a1c4985e7d7f19ea727ed39aa660c6f18eef225bcbbd068207d253ae0e7.ole,data\raw\malware\3bf86a1c4985e7d7f19ea727ed39aa660c6f18eef225bcbbd068207d253ae0e7.ole,190416,68,0,0,0,0,0.014705882352941176,unknown,0,0,0,0,1,0,0,0,0,0,9,6.027845754427554,1.64811209317185,0.35167212839257206,0.33156877573313165,256,1,0,3,0,0,0,3,3,0,0,0,0,0.0,0
malware,3c0a6aaaa182346dbd432f1bcfca0b4bca8d80a3778976aa583b2df89e82d04e.exe,data\raw\malware\3c0a6aaaa182346dbd432f1bcfca0b4bca8d80a3778976aa583b2df89e82d04e.exe,405504,68,1,0,0,0,0.014705882352941176,executable,1,0,0,0,0,1,1,0,0,0,4,7.331861173640305,0.6701617567332763,0.313052398989899,0.16216116240530304,256,0,0,0,0,0,0,0,0,0,0,0,0,0.0,0
malware,3c1c6e0ad7abea0f8e84260d7e9e9b3f5be743de89d9a5dc6193cbffe4d936dd.exe,data\raw\malware\3c1c6e0ad7abea0f8e84260d7e9e9b3f5be743de89d9a5dc6193cbffe4d936dd.exe,110176,68,1,0,0,0,0.014705882352941176,executable,1,0,0,0,0,1,1,0,0,0,1,6.998746765110728,5.455394794788841,0.32325551844321815,0.1869826459483009,256,0,0,0,0,0,0,0,0,0,0,0,0,0.0,0
malware,3c20377722db0358693892fc31e312f5cb6bf260b6dec28ceb1c45b10296d33c.exe,data\raw\malware\3c20377722db0358693892fc31e312f5cb6bf260b6dec28ceb1c45b10296d33c.exe,405504,68,1,0,0,0,0.014705882352941176,executable,1,0,0,0,0,1,1,0,0,0,7,7.685342141617459,0.6682719250961185,0.3347118647411616,0.09417662957702021,256,0,0,0,0,0,0,0,0,0,0,0,0,0.0,0
malware,3c264c77078bb3d9bd3d548d754a07710e88b565117a67b25dd5a4c6ab990496.ole,data\raw\malware\3c264c77078bb3d9bd3d548d754a07710e88b565117a67b25dd5a4c6ab990496.ole,155606,68,0,0,0,0,0.014705882352941176,unknown,0,0,0,0,1,0,0,0,0,0,6,5.796621356916293,1.6271288817790095,0.3440355770343046,0.35675359561970615,256,1,0,3,0,0,0,3,3,0,0,0,0,0.0,0
malware,3c37debc9a1802eacd6d1d1c67e96c7919766348958b20b0b804ecc028bfef15.exe,data\raw\malware\3c37debc9a1802eacd6d1d1c67e96c7919766348958b20b0b804ecc028bfef15.exe,313384,68,1,0,0,0,0.014705882352941176,executable,1,0,0,0,0,1,1,0,0,0,1,7.483763444557709,4.888676301489685,0.3545554335894621,0.09822135144104358,256,1,2,0,1,0,0,0,1,0,0,0,0,0.0,0
malware,3c380fd8fd1ac02d65af00a09071d21b055c811934cfe1499b53f90e2086c1ee.exe,data\raw\malware\3c380fd8fd1ac02d65af00a09071d21b055c811934cfe1499b53f90e2086c1ee.exe,417792,68,1,0,0,0,0.014705882352941176,executable,1,0,0,0,0,1,1,0,0,0,5,7.661207927471862,0.7107453609620741,0.33185412837009803,0.0921487247242647,256,0,0,0,1,0,0,0,1,0,0,0,0,0.0,0
malware,3c3931d0ba2379ebf3249b48222cf6da3ecd29a1fbd9446d42d5980b0089b7b9.exe,data\raw\malware\3c3931d0ba2379ebf3249b48222cf6da3ecd29a1fbd9446d42d5980b0089b7b9.exe,147496,68,1,0,0,0,0.014705882352941176,executable,1,0,0,0,0,1,1,0,0,0,2,6.755573068157249,5.414941659523244,0.3638810544014753,0.21681943917123175,256,1,2,0,0,0,0,0,0,0,0,0,0,0.0,0
malware,3c578a8576498d929f618bfe61c266c6107ac4c5e111d3fb86f6aa58e68b11af.exe,data\raw\malware\3c578a8576498d929f618bfe61c266c6107ac4c5e111d3fb86f6aa58e68b11af.exe,151081,68,1,0,0,0,0.014705882352941176,executable,1,0,0,0,0,1,1,0,0,0,2,6.975280689653104,5.255508437005371,0.34575492616543446,0.17448256233411216,256,0,0,0,0,0,0,0,0,0,0,0,0,0.0,0
malware,3c6a38c22a00fb9302f4cb5932690ba148b02e8bd927a5feafb007cba3e0b915.exe,data\raw\malware\3c6a38c22a00fb9302f4cb5932690ba148b02e8bd927a5feafb007cba3e0b915.exe,425984,68,1,0,0,0,0.014705882352941176,executable,1,0,0,0,0,1,1,0,0,0,5,7.758469637957371,0.6953929566143774,0.3402874286358173,0.06844388521634616,256,0,0,0,0,0,0,0,0,0,0,0,0,0.0,0
malware,3c6cf2b0d06d011df358561907b3070b645ba0cbc218df1a1d0ecc6770374cc5.exe,data\raw\malware\3c6cf2b0d06d011df358561907b3070b645ba0cbc218df1a1d0ecc6770374cc5.exe,389120,68,1,0,0,0,0.014705882352941176,executable,1,0,0,0,0,1,1,0,0,0,5,7.851541370161137,4.525732371877149,0.34721936677631576,0.052161287006578946,256,0,0,0,0,0,0,0,0,0,0,0,0,0.0,0
malware,3c6f068524373b18e8f2761a4854c6a18bf625750a77dc8ea0bac769473578ca.exe,data\raw\malware\3c6f068524373b18e8f2761a4854c6a18bf625750a77dc8ea0bac769473578ca.exe,122848,68,1,0,0,0,0.014705882352941176,executable,1,0,0,0,0,1,1,0,0,0,1,6.705127529128289,4.304337308819199,0.2610787314404793,0.10870343839541548,256,0,0,0,0,0,0,0,0,0,0,0,0,0.0,0
malware,3c71b4fb71745ce5f2ef1d5a99f7e22527a83465ec5d353ce1d02f5c1f05f38c.exe,data\raw\malware\3c71b4fb71745ce5f2ef1d5a99f7e22527a83465ec5d353ce1d02f5c1f05f38c.exe,684032,68,1,0,0,0,0.014705882352941176,executable,1,0,0,0,0,1,1,0,0,0,4,7.232909016692954,0.9506900042866196,0.33954551833832336,0.1295743473989521,256,0,0,1,1,0,0,1,2,0,0,0,0,0.0,0
malware,3c7382b0a9826fe895c740f5394208b6dfc6dd78b653d8146963876c89207db9.exe,data\raw\malware\3c7382b0a9826fe895c740f5394208b6dfc6dd78b653d8146963876c89207db9.exe,420864,68,1,0,0,0,0.014705882352941176,executable,1,0,0,0,0,1,1,0,0,0,3,7.523381960581408,2.7071248429357375,0.32099918263381993,0.12480753877737226,256,0,2,0,0,0,0,0,0,0,0,0,0,0.0,0
malware,3c74a09df3339d1064031c49d0584a42052925b99ba4ed6500a20511a8214eb2.ole,data\raw\malware\3c74a09df3339d1064031c49d0584a42052925b99ba4ed6500a20511a8214eb2.ole,134423,68,0,0,0,0,0.014705882352941176,unknown,0,0,0,0,1,0,0,0,0,0,8,5.935935815070245,3.5110865123159365,0.3140905946155048,0.3325844535533354,256,1,0,0,0,0,0,0,0,0,0,0,0,0.0,0
malware,3c76c38ca60f71c4e52f29aca59f255248837a524351b12a37411d73ca5a7cfd.exe,data\raw\malware\3c76c38ca60f71c4e52f29aca59f255248837a524351b12a37411d73ca5a7cfd.exe,110176,68,1,0,0,0,0.014705882352941176,executable,1,0,0,0,0,1,1,0,0,0,2,6.995393183615929,5.450206965328255,0.32347335172814407,0.18720047923322683,256,0,0,0,0,0,0,0,0,0,0,0,0,0.0,0
malware,3c79800b46bcffb2a41b471f13ea810ad367a403b35d8a4bab47d88a8406a85b.exe,data\raw\malware\3c79800b46bcffb2a41b471f13ea810ad367a403b35d8a4bab47d88a8406a85b.exe,172032,68,1,0,0,0,0.014705882352941176,executable,1,0,0,0,0,1,1,0,0,0,4,7.792026986797986,5.110259028513791,0.35209728422619047,0.060546875,256,0,0,1,0,0,0,1,1,0,0,0,0,0.0,0
malware,3c7c6a2f15ce53ae25c693263a33e427c31d3b091af5e3df9026aa82a162b6c4.exe,data\raw\malware\3c7c6a2f15ce53ae25c693263a33e427c31d3b091af5e3df9026aa82a162b6c4.exe,433664,68,1,0,0,0,0.014705882352941176,executable,1,0,0,0,0,1,1,0,0,0,2,7.871934847866788,6.106807266318256,0.3508246015348288,0.04089341056670602,256,0,0,0,0,0,0,0,0,0,0,0,0,0.0,0
malware,3c7e9c33586a2ed01003b802c7da6323f8283cc9c17e149dd7e2112e98b254de.exe,data\raw\malware\3c7e9c33586a2ed01003b802c7da6323f8283cc9c17e149dd7e2112e98b254de.exe,417792,68,1,0,0,0,0.014705882352941176,executable,1,0,0,0,0,1,1,0,0,0,8,7.773234846292641,0.7046232203452613,0.33985093060661764,0.06772748161764706,256,0,0,0,0,0,0,0,0,0,0,0,0,0.0,0
malware,3c841b80a9d7e78e6382363b790a472fa0d358255f2cc0bf423323e925b7ee6c.exe,data\raw\malware\3c841b80a9d7e78e6382363b790a472fa0d358255f2cc0bf423323e925b7ee6c.exe,433664,68,1,0,0,0,0.014705882352941176,executable,1,0,0,0,0,1,1,0,0,0,5,7.874117396481445,6.099977317899158,0.35167549070247933,0.04034229265053128,256,0,0,0,0,0,0,0,0,0,0,0,0,0.0,0
malware,3c86ec9af68ccd08c9524b7a026fd5ed40f199b4750924345c191dbc2b849dae.ole,data\raw\malware\3c86ec9af68ccd08c9524b7a026fd5ed40f199b4750924345c191dbc2b849dae.ole,237120,68,0,0,0,0,0.014705882352941176,unknown,0,0,0,0,1,0,0,0,0,0,11,6.768720089252714,1.6288623081457132,0.3375253036437247,0.23540401484480433,256,1,0,0,0,0,0,0,0,0,0,0,0,0.0,0
malware,3c8a5f0a92a77868aede3716cc86e052c6b8c52d5852ebff04032823a92a4bef.ole,data\raw\malware\3c8a5f0a92a77868aede3716cc86e052c6b8c52d5852ebff04032823a92a4bef.ole,151338,68,0,0,0,0,0.014705882352941176,unknown,0,0,0,0,1,0,0,0,0,0,6,6.025558649394904,3.487654950249338,0.3806909038047285,0.2937728792504196,256,1,0,0,0,0,0,0,0,0,0,0,0,0.0,0
malware,3c941e0ddac44eee9b8f9da4b372c32bd7305a54c6380814c8d6198fadfbc298.exe,data\raw\malware\3c941e0ddac44eee9b8f9da4b372c32bd7305a54c6380814c8d6198fadfbc298.exe,149088,68,1,0,0,0,0.014705882352941176,executable,1,0,0,0,0,1,1,0,0,0,1,5.87497498666039,5.10025146400646,0.2639917364241253,0.3632351362953424,256,0,0,0,0,0,0,0,0,0,0,0,0,0.0,0
malware,3c96d724f9157d9a98918c587540023e5992e153c4bec874566fc33de364b9e2.exe,data\raw\malware\3c96d724f9157d9a98918c587540023e5992e153c4bec874566fc33de364b9e2.exe,174080,68,1,0,0,0,0.014705882352941176,executable,1,0,0,0,0,1,1,0,0,0,1,7.859489844633622,6.928481297931504,0.36629136029411763,0.043813189338235296,256,0,0,0,0,0,0,0,0,0,0,0,0,0.0,0
malware,3c9a188958cb5b4830bb435c60922d44c56b6029cbf7ede5ea73977a3642482e.exe,data\raw\malware\3c9a188958cb5b4830bb435c60922d44c56b6029cbf7ede5ea73977a3642482e.exe,413696,68,1,0,0,0,0.014705882352941176,executable,1,0,0,0,0,1,1,0,0,0,8,7.810488689084946,0.6970672650731184,0.3458119005259901,0.059021600402227724,256,0,0,0,0,0,0,0,0,0,0,0,0,0.0,0
malware,3ca119b4825e57b9c4ec69076b8cb46ad3c84c9e88a495d4c21e13a572a9cb95.exe,data\raw\malware\3ca119b4825e57b9c4ec69076b8cb46ad3c84c9e88a495d4c21e13a572a9cb95.exe,479232,68,1,0,0,0,0.014705882352941176,executable,1,0,0,0,0,1,1,0,0,0,4,7.337391968327702,0.6987148700949142,0.3082870092147436,0.1558994391025641,256,0,0,0,0,0,0,0,0,0,0,0,0,0.0,0
malware,3ca35f616967874289cff2edcc0b98cce422f965542fbd064459fcf81b0cf5c3.exe,data\raw\malware\3ca35f616967874289cff2edcc0b98cce422f965542fbd064459fcf81b0cf5c3.exe,417792,68,1,0,0,0,0.014705882352941176,executable,1,0,0,0,0,1,1,0,0,0,9,7.662026294762596,0.7122237002021827,0.3330269607843137,0.09222771139705882,256,0,0,0,0,0,0,0,0,0,0,0,0,0.0,0
malware,3ca4b49ccf8ea2273c828295132ff032a0b7f377696721641cd47d57a17ce855.exe,data\raw\malware\3ca4b49ccf8ea2273c828295132ff032a0b7f377696721641cd47d57a17ce855.exe,263680,68,1,0,0,0,0.014705882352941176,executable,1,0,0,0,0,1,1,0,0,0,6,7.803498944547933,5.583393784158896,0.3507736650485437,0.065014411407767,256,0,0,2,0,0,0,2,2,0,0,0,0,0.0,0
malware,3ca78b0549d922cefad596c2a85438f3964813abd503a685301d06e53fcc22ca.exe,data\raw\malware\3ca78b0549d922cefad596c2a85438f3964813abd503a685301d06e53fcc22ca.exe,208896,68,1,0,0,0,0.014705882352941176,executable,1,0,0,0,0,1,1,0,0,0,1,6.3993735848729205,0.9583843264644891,0.30892405790441174,0.21227309283088236,256,0,0,1,0,0,0,1,1,0,0,0,0,0.0,0
malware,3cb2c2a9d856f3f369ab6de2cecd305a8d81e0e93c2f0c41ce445d33c6bdbe00.exe,data\raw\malware\3cb2c2a9d856f3f369ab6de2cecd305a8d81e0e93c2f0c41ce445d33c6bdbe00.exe,263680,68,1,0,0,0,0.014705882352941176,executable,1,0,0,0,0,1,1,0,0,0,6,7.803484553412353,5.5804795836580725,0.35078125,0.06501820388349515,256,0,0,2,0,0,0,2,2,0,0,0,0,0.0,0
malware,3cbba280192a0fd99aa090f95cc1e2291a670a7cf53bca32811ff38da7289a95.ole,data\raw\malware\3cbba280192a0fd99aa090f95cc1e2291a670a7cf53bca32811ff38da7289a95.ole,137645,68,0,0,0,0,0.014705882352941176,unknown,0,0,0,0,1,0,0,0,0,0,6,5.9341919842577795,3.421290367319551,0.32823567873878456,0.3251334955864724,256,1,0,0,0,0,0,0,0,0,0,0,0,0.0,0
malware,3cd718b65ffb8b5643e74bb80f1d947ef1ca8e716e6069aad54c70a64d172b59.exe,data\raw\malware\3cd718b65ffb8b5643e74bb80f1d947ef1ca8e716e6069aad54c70a64d172b59.exe,425984,68,1,0,0,0,0.014705882352941176,executable,1,0,0,0,0,1,1,0,0,0,8,7.674726831479524,0.668307346314847,0.33197960486778844,0.0927593524639423,256,0,0,0,0,0,0,0,0,0,0,0,0,0.0,0
malware,3cf53882126641f7206ea1f1caed865b669dd14a9936a5094795766ec64a892d.exe,data\raw\malware\3cf53882126641f7206ea1f1caed865b669dd14a9936a5094795766ec64a892d.exe,208896,68,1,0,0,0,0.014705882352941176,executable,1,0,0,0,0,1,1,0,0,0,2,6.176077116123242,0.948120411304469,0.28609930300245096,0.2450262331495098,256,0,0,1,0,0,0,1,1,0,0,0,0,0.0,0
malware,3cf5528c66ec3683003cc40ffb6404483ddb062871a3ecddb82e987006798804.exe,data\raw\malware\3cf5528c66ec3683003cc40ffb6404483ddb062871a3ecddb82e987006798804.exe,208896,68,1,0,0,0,0.014705882352941176,executable,1,0,0,0,0,1,1,0,0,0,1,6.168176271523915,0.948640472920849,0.28585037530637253,0.24614640778186275,256,0,0,1,0,0,0,1,1,0,0,0,0,0.0,0
malware,3cf7f25fc6ed26250c7f5eb47af5a85e278c50a6164a4df58a46145bf0599851.exe,data\raw\malware\3cf7f25fc6ed26250c7f5eb47af5a85e278c50a6164a4df58a46145bf0599851.exe,417792,68,1,0,0,0,0.014705882352941176,executable,1,0,0,0,0,1,1,0,0,0,7,7.664465089910227,0.7122237002021827,0.3295156441482843,0.09190219056372549,256,0,0,0,0,0,0,0,0,0,0,0,0,0.0,0
malware,3cfa3bb10904d9eea69de031727781db2f3d09ade9f579c1d38b119a34c90982.exe,data\raw\malware\3cfa3bb10904d9eea69de031727781db2f3d09ade9f579c1d38b119a34c90982.exe,425984,68,1,0,0,0,0.014705882352941176,executable,1,0,0,0,0,1,1,0,0,0,2,7.675392039791362,0.6692839088148469,0.33464871920072115,0.09278048001802884,256,0,0,0,0,0,0,0,0,0,0,0,0,0.0,0
