label,filename,filepath,file_size,filename_length,extension_count,has_double_extension,has_uppercase_extension,has_unicode_control_char,special_char_ratio,extension_category,is_executable_extension,is_script_extension,is_macro_document,is_archive_extension,is_unknown_extension,magic_bytes_known,magic_bytes_valid,extension_mime_mismatch,has_content_type,claimed_mime_mismatch,embedded_file_signature_count,byte_entropy,header_entropy,printable_ratio,null_byte_ratio,unique_byte_count,url_count,ip_address_count,base64_candidate_count,suspicious_command_count,execution_api_count,network_api_count,obfuscation_pattern_count,suspicious_string_count,archive_entry_count,executable_entry_count,script_entry_count,archive_depth,compression_ratio,archive_bomb_suspected
malware,bypass403.php,data\raw\malware_webshell\tennc_webshell\0xAbbarhSF\CTF-WebShells-\bypass403.php,50243,13,1,0,0,0,0.07692307692307693,script,0,1,0,0,0,0,0,0,0,0,0,4.468266175301677,4.238754534412255,0.9999203869195709,0.0,85,0,0,0,0,2,0,3,5,0,0,0,0,0.0,0
malware,configkillerionkros.php,data\raw\malware_webshell\tennc_webshell\0xAbbarhSF\CTF-WebShells-\configkillerionkros.php,7616,23,1,0,0,0,0.043478260869565216,script,0,1,0,0,0,0,0,0,0,0,0,5.5464767214007535,5.543169689161938,0.9524684873949579,0.0,86,0,0,0,0,0,0,0,4,0,0,0,0,0.0,0
malware,InjectionShell.php,data\raw\malware_webshell\tennc_webshell\0xAbbarhSF\CTF-WebShells-\InjectionShell.php,349293,18,1,0,0,0,0.05555555555555555,script,0,1,0,0,0,0,0,0,0,0,1,6.160320334749293,5.504334015194011,0.9643136278138984,0.0,101,58,13,157,27,15,0,187,554,0,0,0,0,0.0,0
malware,punk-nopass.php,data\raw\malware_webshell\tennc_webshell\0xAbbarhSF\CTF-WebShells-\punk-nopass.php,58708,15,1,0,0,0,0.13333333333333333,script,0,1,0,0,0,0,0,0,0,0,0,5.55135336954103,5.197574978016511,0.9758295291953396,0.0,96,24,0,0,15,11,0,0,198,0,0,0,0,0.0,0
malware,Rootshell.v.1.0.php,data\raw\malware_webshell\tennc_webshell\0xAbbarhSF\CTF-WebShells-\Rootshell.v.1.0.php,9757,19,1,0,0,0,0.21052631578947367,script,0,1,0,0,0,0,0,0,0,0,0,5.333020694058841,4.762677151301149,0.974889822691401,0.0,95,1,0,0,1,1,0,0,5,0,0,0,0,0.0,0
malware,SimAttacker - Vrsion 1.0.0 - priv8 4 My friend.php,data\raw\malware_webshell\tennc_webshell\0xAbbarhSF\CTF-WebShells-\SimAttacker - Vrsion 1.0.0 - priv8 4 My friend.php,11627,50,1,0,0,0,0.26,script,0,1,0,0,0,0,0,0,0,0,0,5.387758163642776,5.404169407296923,0.9229379891631547,0.0,93,1,0,0,12,1,0,0,32,0,0,0,0,0.0,0
malware,sniffer.php,data\raw\malware_webshell\tennc_webshell\0xAbbarhSF\CTF-WebShells-\sniffer.php,4046,11,1,0,0,0,0.09090909090909091,script,0,1,0,0,0,0,0,0,0,0,0,5.816198086513191,5.816198086513191,0.7488877904102818,0.0,152,0,1,0,0,0,0,0,3,0,0,0,0,0.0,0
malware,uploader403.php,data\raw\malware_webshell\tennc_webshell\0xAbbarhSF\CTF-WebShells-\uploader403.php,2093,15,1,0,0,0,0.06666666666666667,script,0,1,0,0,0,0,0,0,0,0,0,4.69961541077065,4.69961541077065,0.998088867654085,0.0,86,0,0,0,0,1,0,1,5,0,0,0,0,0.0,0
malware,accept_language.txt,data\raw\malware_webshell\tennc_webshell\138shell\A\accept_language.txt,77,19,1,0,0,0,0.10526315789473684,document,0,0,0,0,0,0,0,0,0,0,0,5.237121443095627,5.237121443095627,0.974025974025974,0.0,43,0,0,0,0,1,0,0,1,0,0,0,0,0.0,0
malware,Ajan.asp.txt,data\raw\malware_webshell\tennc_webshell\138shell\A\Ajan.asp.txt,1326,12,2,1,0,0,0.16666666666666666,document,0,1,0,0,0,0,0,0,0,0,0,5.075785399719294,5.075785399719294,0.9562594268476622,0.0,67,1,0,0,0,0,0,0,0,0,0,0,0,0.0,0
malware,Ajax_PHP Command Shell.txt,data\raw\malware_webshell\tennc_webshell\138shell\A\Ajax_PHP Command Shell.txt,18181,26,1,0,0,0,0.15384615384615385,document,0,0,0,0,0,0,0,0,0,0,0,5.3820516887296135,5.383875393019363,0.8721192453660415,0.0,94,3,0,0,19,5,0,0,37,0,0,0,0,0.0,0
malware,Antichat Shell v1.3.txt,data\raw\malware_webshell\tennc_webshell\138shell\A\Antichat Shell v1.3.txt,9178,23,1,0,0,0,0.17391304347826086,document,0,0,0,0,0,0,0,0,0,0,0,5.641081972058615,5.744650477824696,0.9592503813466986,0.0,93,1,0,0,3,1,0,0,25,0,0,0,0,0.0,0
malware,Asmodeus v0.1.pl.txt,data\raw\malware_webshell\tennc_webshell\138shell\A\Asmodeus v0.1.pl.txt,1652,20,2,1,0,0,0.2,document,0,1,0,0,0,0,0,0,0,0,0,5.382527866544633,5.382527866544633,0.8426150121065376,0.0,73,1,1,0,0,4,1,0,5,0,0,0,0,0.0,0
malware,Ayyildiz Tim  -AYT- Shell v 2.1 Biz.txt,data\raw\malware_webshell\tennc_webshell\138shell\A\Ayyildiz Tim  -AYT- Shell v 2.1 Biz.txt,10144,39,1,0,0,0,0.28205128205128205,document,0,0,0,0,0,0,0,0,0,0,0,5.536058333211356,5.637280735052864,0.9354298107255521,0.0,95,2,0,0,0,2,0,0,2,0,0,0,0,0.0,0
malware,aZRaiLPhp v1.0.txt,data\raw\malware_webshell\tennc_webshell\138shell\A\aZRaiLPhp v1.0.txt,10705,18,1,0,0,0,0.16666666666666666,document,0,0,0,0,0,0,0,0,0,0,0,5.3797502269548785,5.270044379180893,0.9396543671181691,0.0,98,1,0,0,0,0,0,0,1,0,0,0,0,0.0,0
malware,backdoor1.txt,data\raw\malware_webshell\tennc_webshell\138shell\B\backdoor1.txt,5945,13,1,0,0,0,0.07692307692307693,document,0,0,0,0,0,0,0,0,0,0,0,5.194400793789565,5.0196271078050065,0.9382674516400337,0.0,85,1,0,0,0,1,0,0,24,0,0,0,0,0.0,0
malware,backdoorfr.txt,data\raw\malware_webshell\tennc_webshell\138shell\B\backdoorfr.txt,9220,14,1,0,0,0,0.07142857142857142,document,0,0,0,0,0,0,0,0,0,0,0,5.3835833351477875,5.4071084280392725,0.943709327548807,0.0,96,3,0,0,5,5,0,0,21,0,0,0,0,0.0,0
malware,backup.php.txt,data\raw\malware_webshell\tennc_webshell\138shell\B\backup.php.txt,1284,14,2,1,0,0,0.14285714285714285,document,0,1,0,0,0,0,0,0,0,0,0,5.730859219728759,5.730859219728759,0.9649532710280374,0.0,84,2,0,0,0,0,0,0,8,0,0,0,0,0.0,0
malware,backupsql.php.txt,data\raw\malware_webshell\tennc_webshell\138shell\B\backupsql.php.txt,6500,17,2,1,0,0,0.11764705882352941,document,0,1,0,0,0,0,0,0,0,0,0,5.338040834809269,5.115653065637877,0.948,0.0,87,0,0,0,0,2,0,0,10,0,0,0,0,0.0,0
malware,backupsql.txt,data\raw\malware_webshell\tennc_webshell\138shell\B\backupsql.txt,6500,13,1,0,0,0,0.07692307692307693,document,0,0,0,0,0,0,0,0,0,0,0,5.338040834809269,5.115653065637877,0.948,0.0,87,0,0,0,0,2,0,0,10,0,0,0,0,0.0,0
malware,Blind Shell.cpp.txt,data\raw\malware_webshell\tennc_webshell\138shell\B\Blind Shell.cpp.txt,2111,19,1,0,0,0,0.15789473684210525,document,0,0,0,0,0,0,0,0,0,0,0,4.249444352510981,4.249444352510981,0.9327333017527238,0.0,81,0,0,0,0,0,0,0,0,0,0,0,0,0.0,0
malware,c100.txt,data\raw\malware_webshell\tennc_webshell\138shell\C\c100.txt,232697,8,1,0,0,0,0.125,document,0,0,0,0,0,0,0,0,0,0,29,5.894294971133067,4.964944734045585,0.9691100443924933,0.0,97,22,1,229,52,24,0,238,399,0,0,0,0,0.0,0
malware,c2007.php.txt,data\raw\malware_webshell\tennc_webshell\138shell\C\c2007.php.txt,167616,13,2,1,0,0,0.15384615384615385,document,0,1,0,0,0,0,0,0,0,0,21,5.614981018085909,5.354212252759322,0.9606123520427644,0.0,98,10,1,225,40,12,0,232,317,0,0,0,0,0.0,0
malware,c99(1).php.txt,data\raw\malware_webshell\tennc_webshell\138shell\C\c99(1).php.txt,137787,14,2,1,0,0,0.2857142857142857,document,0,1,0,0,0,0,0,0,0,0,25,5.8706935444218225,5.516130693291131,0.9547344814822879,0.0,122,6,1,502,19,4,0,508,535,0,0,0,0,0.0,0
malware,c99.txt,data\raw\malware_webshell\tennc_webshell\138shell\C\c99.txt,155877,7,1,0,0,0,0.14285714285714285,document,0,0,0,0,0,0,0,0,0,0,21,5.781062544284692,5.8818057113633895,0.9527704536268982,0.0,139,6,1,268,28,7,1,277,324,0,0,0,0,0.0,0
malware,Casus15.php.txt,data\raw\malware_webshell\tennc_webshell\138shell\C\Casus15.php.txt,14037,15,2,1,0,0,0.13333333333333333,document,0,1,0,0,0,0,0,0,0,0,0,5.420957482127141,5.33813127327954,0.9455724157583529,0.0,93,1,0,0,0,1,0,0,2,0,0,0,0,0.0,0
malware,cgi-python.py.txt,data\raw\malware_webshell\tennc_webshell\138shell\C\cgi-python.py.txt,3881,17,2,1,0,0,0.17647058823529413,document,0,1,0,0,0,0,0,0,0,0,0,5.011402420570625,5.011402420570625,0.9360989435712446,0.0,77,0,0,0,3,0,0,0,3,0,0,0,0,0.0,0
malware,CMD.asp.txt,data\raw\malware_webshell\tennc_webshell\138shell\C\CMD.asp.txt,1521,11,2,1,0,0,0.18181818181818182,document,0,1,0,0,0,0,0,0,0,0,0,5.213441962580128,5.213441962580128,0.9303090072320842,0.0,72,0,0,0,3,3,0,0,7,0,0,0,0,0.0,0
malware,CmdAsp.asp.txt,data\raw\malware_webshell\tennc_webshell\138shell\C\CmdAsp.asp.txt,1483,14,2,1,0,0,0.14285714285714285,document,0,1,0,0,0,0,0,0,0,0,0,5.344410974637499,5.344410974637499,0.925826028320971,0.0,73,0,0,0,3,3,0,0,7,0,0,0,0,0.0,0
malware,connectback2.pl.txt,data\raw\malware_webshell\tennc_webshell\138shell\C\connectback2.pl.txt,2159,19,2,1,0,0,0.10526315789473684,document,0,1,0,0,0,0,0,0,0,0,0,5.559646245294952,5.559646245294952,0.9439555349698935,0.0,85,0,6,0,0,2,1,0,3,0,0,0,0,0.0,0
malware,Crystal.txt,data\raw\malware_webshell\tennc_webshell\138shell\C\Crystal.txt,57262,11,1,0,0,0,0.09090909090909091,document,0,0,0,0,0,0,0,0,0,0,0,5.52216886726045,5.4105209822013824,0.9395061297195347,0.0,137,7,0,0,23,10,0,0,79,0,0,0,0,0.0,0
malware,ctt_sh.php.txt,data\raw\malware_webshell\tennc_webshell\138shell\C\ctt_sh.php.txt,133320,14,2,1,0,0,0.21428571428571427,document,0,1,0,0,0,0,0,0,0,0,26,5.966385528014339,5.173660344676719,0.945919591959196,0.0,150,2,0,537,12,5,0,541,570,0,0,0,0,0.0,0
malware,ctt_sh.txt,data\raw\malware_webshell\tennc_webshell\138shell\C\ctt_sh.txt,133320,10,1,0,0,0,0.2,document,0,0,0,0,0,0,0,0,0,0,26,5.966385528014339,5.173660344676719,0.945919591959196,0.0,150,2,0,537,12,5,0,541,570,0,0,0,0,0.0,0
malware,cybershell.php.txt,data\raw\malware_webshell\tennc_webshell\138shell\C\cybershell.php.txt,36185,18,2,1,0,0,0.1111111111111111,document,0,1,0,0,0,0,0,0,0,0,0,5.981884676667568,5.95464771297016,0.9129473538759154,0.0,140,2,0,4,5,7,0,5,60,0,0,0,0,0.0,0
malware,cybershell.txt,data\raw\malware_webshell\tennc_webshell\138shell\C\cybershell.txt,36185,14,1,0,0,0,0.07142857142857142,document,0,0,0,0,0,0,0,0,0,0,0,5.981884676667568,5.95464771297016,0.9129473538759154,0.0,140,2,0,4,5,7,0,5,60,0,0,0,0,0.0,0
malware,CyberSpy5.Asp.txt,data\raw\malware_webshell\tennc_webshell\138shell\C\CyberSpy5.Asp.txt,83029,17,2,1,0,0,0.11764705882352941,document,0,1,0,0,0,0,0,0,0,0,2,6.103780309576539,6.005036665083545,0.9555938286622746,0.0,118,0,0,0,0,0,0,0,0,0,0,0,0,0.0,0
malware,dC3 Security Crew Shell PRiV.txt,data\raw\malware_webshell\tennc_webshell\138shell\D\dC3 Security Crew Shell PRiV.txt,44666,32,1,0,0,0,0.15625,document,0,0,0,0,0,0,0,0,0,0,1,5.859624938443138,5.357702465879641,0.9430439260287466,0.0,94,1,0,160,0,11,0,164,272,0,0,0,0,0.0,0
malware,Dive Shell 1.0 - Emperor Hacking Team.txt,data\raw\malware_webshell\tennc_webshell\138shell\D\Dive Shell 1.0 - Emperor Hacking Team.txt,5698,41,1,0,0,0,0.21951219512195122,document,0,0,0,0,0,0,0,0,0,0,0,5.335098403783533,5.177436711789282,0.9347139347139347,0.0,88,0,0,0,0,1,0,0,18,0,0,0,0,0.0,0
malware,DTool Pro.txt,data\raw\malware_webshell\tennc_webshell\138shell\D\DTool Pro.txt,14642,13,1,0,0,0,0.15384615384615385,document,0,0,0,0,0,0,0,0,0,0,0,5.480736655595598,5.40007456481288,0.9684469334790329,0.0,90,3,0,0,47,12,0,0,64,0,0,0,0,0.0,0
malware,Dx.php.txt,data\raw\malware_webshell\tennc_webshell\138shell\D\Dx.php.txt,113632,10,2,1,0,0,0.2,document,0,1,0,0,0,0,0,0,0,0,1,5.9280594617173925,5.682748115185665,0.9389080540692762,0.0,99,9,1,12,18,7,0,16,558,0,0,0,0,0.0,0
malware,Dx.txt,data\raw\malware_webshell\tennc_webshell\138shell\D\Dx.txt,113632,6,1,0,0,0,0.16666666666666666,document,0,0,0,0,0,0,0,0,0,0,1,5.9280594617173925,5.682748115185665,0.9389080540692762,0.0,99,9,1,12,18,7,0,16,558,0,0,0,0,0.0,0
malware,DxShell_hk.php.txt,data\raw\malware_webshell\tennc_webshell\138shell\D\DxShell_hk.php.txt,113870,18,2,1,0,0,0.16666666666666666,document,0,1,0,0,0,0,0,0,0,0,1,5.928024661867744,5.776280371789989,0.9389742689031352,0.0,99,8,1,12,18,7,0,16,558,0,0,0,0,0.0,0
malware,EFSO_2.asp.txt,data\raw\malware_webshell\tennc_webshell\138shell\E\EFSO_2.asp.txt,163656,14,2,1,0,0,0.21428571428571427,document,0,1,0,0,0,0,0,0,0,0,0,6.069559365880694,6.066948832813229,0.9573495624969448,0.0,119,0,0,12,1,0,0,12,13,0,0,0,0,0.0,0
malware,Elmali Seker.asp.txt,data\raw\malware_webshell\tennc_webshell\138shell\E\Elmali Seker.asp.txt,65962,20,2,1,0,0,0.15,document,0,1,0,0,0,0,0,0,0,0,0,5.3874719802447375,5.304195144008011,0.9295655074133592,0.0,95,1,0,1,24,13,0,1,103,0,0,0,0,0.0,0
malware,elmaliseker.asp.txt,data\raw\malware_webshell\tennc_webshell\138shell\E\elmaliseker.asp.txt,65962,19,2,1,0,0,0.10526315789473684,document,0,1,0,0,0,0,0,0,0,0,0,5.3874719802447375,5.304195144008011,0.9295655074133592,0.0,95,1,0,1,24,13,0,1,103,0,0,0,0,0.0,0
malware,Fatalshell.php.txt,data\raw\malware_webshell\tennc_webshell\138shell\F\Fatalshell.php.txt,16657,18,2,1,0,0,0.1111111111111111,document,0,1,0,0,0,0,0,0,0,0,0,5.557997762493029,5.571419909294948,0.9588761481659362,0.0,102,1,0,0,11,6,0,0,53,0,0,0,0,0.0,0
malware,fuckphpshell.txt,data\raw\malware_webshell\tennc_webshell\138shell\F\fuckphpshell.txt,9799,16,1,0,0,0,0.0625,document,0,0,0,0,0,0,0,0,0,0,0,5.1313867675473475,4.812960968574764,0.9344831105214818,0.0,89,0,0,0,21,5,0,0,49,0,0,0,0,0.0,0
malware,GFS web-shell ver 3.1.7 - PRiV8.txt,data\raw\malware_webshell\tennc_webshell\138shell\G\GFS web-shell ver 3.1.7 - PRiV8.txt,25446,35,1,0,0,0,0.2857142857142857,document,0,0,0,0,0,0,0,0,0,0,1,6.039922524876996,6.1201233300080755,0.9454531164033639,0.0,126,0,0,72,0,5,0,72,103,0,0,0,0,0.0,0
malware,gfs_sh.php.txt,data\raw\malware_webshell\tennc_webshell\138shell\G\gfs_sh.php.txt,66123,14,2,1,0,0,0.21428571428571427,document,0,1,0,0,0,0,0,0,0,0,1,5.827840143728476,6.1201233300080755,0.9463575457858839,0.0,137,1,0,74,6,6,0,80,255,0,0,0,0,0.0,0
malware,gfs_sh.txt,data\raw\malware_webshell\tennc_webshell\138shell\G\gfs_sh.txt,66123,10,1,0,0,0,0.2,document,0,0,0,0,0,0,0,0,0,0,1,5.827840143728476,6.1201233300080755,0.9463575457858839,0.0,137,1,0,74,6,6,0,80,255,0,0,0,0,0.0,0
malware,h4ntu shell [powered by tsoi].txt,data\raw\malware_webshell\tennc_webshell\138shell\H\h4ntu shell [powered by tsoi].txt,2553,33,1,0,0,0,0.21212121212121213,document,0,0,0,0,0,0,0,0,0,0,0,5.516694694335208,5.516694694335208,0.9388954171562868,0.0,81,0,0,0,6,2,0,0,11,0,0,0,0,0.0,0
malware,img.php.txt,data\raw\malware_webshell\tennc_webshell\138shell\I\img.php.txt,83405,11,2,1,0,0,0.18181818181818182,document,0,1,0,0,0,1,0,1,0,0,0,5.799262013391789,5.126051391074531,0.943528565433727,0.0,131,6,3,1,7,23,1,8,306,0,0,0,0,0.0,0
malware,iMHaPFtp.php.txt,data\raw\malware_webshell\tennc_webshell\138shell\I\iMHaPFtp.php.txt,55800,16,2,1,0,0,0.125,document,0,1,0,0,0,0,0,0,0,0,0,5.466934156678943,5.364144148635298,0.8930286738351254,0.0,113,6,0,6,0,1,0,12,79,0,0,0,0,0.0,0
malware,iMHaPFtp.txt,data\raw\malware_webshell\tennc_webshell\138shell\I\iMHaPFtp.txt,55800,12,1,0,0,0,0.08333333333333333,document,0,0,0,0,0,0,0,0,0,0,0,5.466934156678943,5.364144148635298,0.8930286738351254,0.0,113,6,0,6,0,1,0,12,79,0,0,0,0,0.0,0
malware,Inderxer.asp.txt,data\raw\malware_webshell\tennc_webshell\138shell\I\Inderxer.asp.txt,10269,16,2,1,0,0,0.125,document,0,1,0,0,0,0,0,0,0,0,0,6.238475491080621,6.195559978580528,0.9461486025903204,0.0,109,0,0,0,0,0,0,0,0,0,0,0,0,0.0,0
malware,indexer.asp.txt,data\raw\malware_webshell\tennc_webshell\138shell\I\indexer.asp.txt,10269,15,2,1,0,0,0.13333333333333333,document,0,1,0,0,0,0,0,0,0,0,0,6.238475491080621,6.195559978580528,0.9461486025903204,0.0,109,0,0,0,0,0,0,0,0,0,0,0,0,0.0,0
malware,ironshell.txt,data\raw\malware_webshell\tennc_webshell\138shell\I\ironshell.txt,18958,13,1,0,0,0,0.07692307692307693,document,0,0,0,0,0,0,0,0,0,0,0,4.619233012744381,5.153246831778784,0.9379681400991666,0.0,91,3,0,0,3,5,0,0,77,0,0,0,0,0.0,0
malware,Java Shell.js.txt,data\raw\malware_webshell\tennc_webshell\138shell\J\Java Shell.js.txt,3112,17,2,1,0,0,0.17647058823529413,document,0,1,0,0,0,0,0,0,0,0,0,5.225108450164387,5.225108450164387,0.837082262210797,0.0,76,0,0,0,0,1,0,0,1,0,0,0,0,0.0,0
malware,JspWebshell 1.2.txt,data\raw\malware_webshell\tennc_webshell\138shell\J\JspWebshell 1.2.txt,26862,19,1,0,0,0,0.15789473684210525,document,0,0,0,0,0,0,0,0,0,0,0,5.398712398764891,5.419102178618442,0.8962474871565781,0.0,173,0,0,0,6,1,0,0,31,0,0,0,0,0.0,0
malware,KAdot Universal Shell v0.1.6.html.txt,data\raw\malware_webshell\tennc_webshell\138shell\K\KAdot Universal Shell v0.1.6.html.txt,4884,37,1,0,0,0,0.1891891891891892,document,0,0,0,0,0,0,0,0,0,0,0,5.705148011045266,5.692979427740561,0.8712121212121212,0.0,119,0,0,0,0,2,0,1,38,0,0,0,0,0.0,0
malware,Klasvayv.asp.txt,data\raw\malware_webshell\tennc_webshell\138shell\K\Klasvayv.asp.txt,34631,16,2,1,0,0,0.125,document,0,1,0,0,0,0,0,0,0,0,0,5.230956846032405,5.206584569570417,0.9436054402125263,0.0,99,12,0,0,0,3,0,0,36,0,0,0,0,0.0,0
malware,lamashell.txt,data\raw\malware_webshell\tennc_webshell\138shell\L\lamashell.txt,2569,13,1,0,0,0,0.07692307692307693,document,0,0,0,0,0,0,0,0,0,0,0,4.755842193047029,4.755842193047029,0.9307123394316855,0.0,78,1,0,0,0,1,0,0,9,0,0,0,0,0.0,0
malware,Liz0ziM Private Safe Mode Command Execuriton Bypass Exploit.txt,data\raw\malware_webshell\tennc_webshell\138shell\L\Liz0ziM Private Safe Mode Command Execuriton Bypass Exploit.txt,1373,63,1,0,0,0,0.12698412698412698,document,0,0,0,0,0,0,0,0,0,0,0,5.167099781528052,5.167099781528052,0.9410050983248361,0.0,67,0,0,0,0,4,0,0,6,0,0,0,0,0.0,0
malware,load_shell.php.txt,data\raw\malware_webshell\tennc_webshell\138shell\L\load_shell.php.txt,14344,18,2,1,0,0,0.16666666666666666,document,0,1,0,0,0,0,0,0,0,0,0,5.865124213831157,6.108286401876056,0.8722810931399888,0.0,133,2,1,0,10,7,0,0,51,0,0,0,0,0.0,0
malware,load_shell.txt,data\raw\malware_webshell\tennc_webshell\138shell\L\load_shell.txt,14344,14,1,0,0,0,0.14285714285714285,document,0,0,0,0,0,0,0,0,0,0,0,5.865124213831157,6.108286401876056,0.8722810931399888,0.0,133,2,1,0,10,7,0,0,51,0,0,0,0,0.0,0
malware,lurm_safemod_on.cgi.txt,data\raw\malware_webshell\tennc_webshell\138shell\L\lurm_safemod_on.cgi.txt,2649,23,2,1,0,0,0.17391304347826086,document,0,1,0,0,0,0,0,0,0,0,0,5.292019104337552,5.292019104337552,0.9297848244620611,0.0,86,0,0,0,6,0,0,0,6,0,0,0,0,0.0,0
malware,mailer3.php.txt,data\raw\malware_webshell\tennc_webshell\138shell\M\mailer3.php.txt,7362,15,2,1,0,0,0.13333333333333333,document,0,1,0,0,0,0,0,0,0,0,0,5.374312047464841,5.153416347362864,0.9505569138820973,0.0,87,0,0,0,0,0,0,0,8,0,0,0,0,0.0,0
malware,matamu.txt,data\raw\malware_webshell\tennc_webshell\138shell\M\matamu.txt,3947,10,1,0,0,0,0.1,document,0,0,0,0,0,0,0,0,0,0,0,5.214467661375758,5.214467661375758,0.9239929060045604,0.0,81,0,0,0,0,2,0,0,2,0,0,0,0,0.0,0
malware,Moroccan Spamers Ma-EditioN By GhOsT.txt,data\raw\malware_webshell\tennc_webshell\138shell\M\Moroccan Spamers Ma-EditioN By GhOsT.txt,7362,40,1,0,0,0,0.15,document,0,0,0,0,0,0,0,0,0,0,0,5.374312047464841,5.153416347362864,0.9505569138820973,0.0,87,0,0,0,0,0,0,0,8,0,0,0,0,0.0,0
malware,myshell.php.txt,data\raw\malware_webshell\tennc_webshell\138shell\M\myshell.php.txt,16534,15,2,1,0,0,0.13333333333333333,document,0,1,0,0,0,0,0,0,0,0,0,5.200154400588164,5.017270568907478,0.9491351155195356,0.0,93,3,0,0,0,11,0,0,19,0,0,0,0,0.0,0
malware,Mysql interface v1.0.txt,data\raw\malware_webshell\tennc_webshell\138shell\M\Mysql interface v1.0.txt,34961,24,1,0,0,0,0.16666666666666666,document,0,0,0,0,0,0,0,0,0,0,0,5.386771837239187,5.332055173551764,0.9333543090872687,0.0,94,0,0,0,22,1,0,0,23,0,0,0,0,0.0,0
malware,MySQL Web Interface Version 0.8.txt,data\raw\malware_webshell\tennc_webshell\138shell\M\MySQL Web Interface Version 0.8.txt,35803,35,1,0,0,0,0.17142857142857143,document,0,0,0,0,0,0,0,0,0,0,0,5.4682440829930075,5.415172054652048,0.8882775186436891,0.0,96,2,0,0,22,1,0,0,23,0,0,0,0,0.0,0
malware,mysql.php.txt,data\raw\malware_webshell\tennc_webshell\138shell\M\mysql.php.txt,53192,13,2,1,0,0,0.15384615384615385,document,0,1,0,0,0,0,0,0,0,0,0,4.801847582811955,4.874430205071938,0.9537336441570161,0.0,96,1,0,0,28,18,0,0,56,0,0,0,0,0.0,0
malware,mysql_shell.txt,data\raw\malware_webshell\tennc_webshell\138shell\M\mysql_shell.txt,35559,15,1,0,0,0,0.13333333333333333,document,0,0,0,0,0,0,0,0,0,0,0,5.471642409883423,5.414161802097762,0.8949070558789617,0.0,96,2,0,0,22,1,0,0,23,0,0,0,0,0.0,0
malware,mysql_tool.php.txt,data\raw\malware_webshell\tennc_webshell\138shell\M\mysql_tool.php.txt,34158,18,2,1,0,0,0.16666666666666666,document,0,1,0,0,0,0,0,0,0,0,0,4.519424728450424,4.544116535612977,0.9353592130686809,0.0,95,2,0,0,0,0,6,1,15,0,0,0,0,0.0,0
malware,NCC-Shell.txt,data\raw\malware_webshell\tennc_webshell\138shell\N\NCC-Shell.txt,2652,13,1,0,0,0,0.15384615384615385,document,0,0,0,0,0,0,0,0,0,0,0,5.285912979496869,5.285912979496869,0.9532428355957768,0.0,86,1,0,0,7,1,0,0,24,0,0,0,0,0.0,0
malware,network.php.txt,data\raw\malware_webshell\tennc_webshell\138shell\N\network.php.txt,127853,15,2,1,0,0,0.13333333333333333,document,0,1,0,0,0,0,0,0,0,0,1,5.525801869852816,5.358950702502715,0.9119144642675573,0.0,99,8,0,0,3,23,0,0,55,0,0,0,0,0.0,0
malware,NetworkFileManagerPHP.txt,data\raw\malware_webshell\tennc_webshell\138shell\N\NetworkFileManagerPHP.txt,127853,25,1,0,0,0,0.04,document,0,0,0,0,0,0,0,0,0,0,1,5.525801869852816,5.358950702502715,0.9119144642675573,0.0,99,8,0,0,3,23,0,0,55,0,0,0,0,0.0,0
malware,NIX REMOTE WEB-SHELL v.0.5 alpha Lite Public Version.txt,data\raw\malware_webshell\tennc_webshell\138shell\N\NIX REMOTE WEB-SHELL v.0.5 alpha Lite Public Version.txt,55109,56,1,0,0,0,0.19642857142857142,document,0,0,0,0,0,0,0,0,0,0,0,6.104974788060053,6.169833891484607,0.8646500571594476,0.0,154,5,2,53,17,17,0,60,256,0,0,0,0,0.0,0
malware,Nshell (1).php.txt,data\raw\malware_webshell\tennc_webshell\138shell\N\Nshell (1).php.txt,2940,18,2,1,0,0,0.2777777777777778,document,0,1,0,0,0,0,0,0,0,0,0,5.7081673629437155,5.7081673629437155,0.9551020408163265,0.0,86,0,0,0,8,2,0,0,32,0,0,0,0,0.0,0
malware,nshell.php.txt,data\raw\malware_webshell\tennc_webshell\138shell\N\nshell.php.txt,13188,14,2,1,0,0,0.14285714285714285,document,0,1,0,0,0,0,0,0,0,0,0,5.665396245125971,5.698545569005211,0.9412344555656658,0.0,95,0,0,0,1,9,0,0,46,0,0,0,0,0.0,0
malware,nstview.php.txt,data\raw\malware_webshell\tennc_webshell\138shell\N\nstview.php.txt,83294,15,2,1,0,0,0.13333333333333333,document,0,1,0,0,0,0,0,0,0,0,0,5.793602742354941,5.128017396949395,0.9427569812951713,0.0,132,6,2,1,7,23,1,8,299,0,0,0,0,0.0,0
malware,NT Addy.asp.txt,data\raw\malware_webshell\tennc_webshell\138shell\N\NT Addy.asp.txt,39868,15,2,1,0,0,0.2,document,0,1,0,0,0,0,0,0,0,0,0,5.3572785423388805,5.2387695930720195,0.9490568877295074,0.0,93,0,0,0,6,3,0,0,66,0,0,0,0,0.0,0
malware,ntdaddy.asp.txt,data\raw\malware_webshell\tennc_webshell\138shell\N\ntdaddy.asp.txt,39868,15,2,1,0,0,0.13333333333333333,document,0,1,0,0,0,0,0,0,0,0,0,5.3572785423388805,5.2387695930720195,0.9490568877295074,0.0,93,0,0,0,6,3,0,0,66,0,0,0,0,0.0,0
malware,perlbot.pl.txt,data\raw\malware_webshell\tennc_webshell\138shell\P\perlbot.pl.txt,18978,14,2,1,0,0,0.14285714285714285,document,0,1,0,0,0,0,0,0,0,0,0,5.057523791603679,5.150739134799637,0.9270207608810201,0.0,98,0,1,0,0,1,0,0,1,0,0,0,0,0.0,0
malware,PH Vayv.php.txt,data\raw\malware_webshell\tennc_webshell\138shell\P\PH Vayv.php.txt,25274,15,2,1,0,0,0.2,document,0,1,0,0,0,0,0,0,0,0,0,5.240787376804472,5.283102408717283,0.9495924665664319,0.0,96,10,0,0,0,0,0,0,0,0,0,0,0,0.0,0
malware,PHANTASMA.txt,data\raw\malware_webshell\tennc_webshell\138shell\P\PHANTASMA.txt,26577,13,1,0,0,0,0.07692307692307693,document,0,0,0,0,0,0,0,0,0,0,0,4.472200716849742,5.2895436966109335,0.9521390676148549,0.0,96,0,0,0,3,0,1,0,4,0,0,0,0,0.0,0
malware,PHP Backdoor Connect.pl.txt,data\raw\malware_webshell\tennc_webshell\138shell\P\PHP Backdoor Connect.pl.txt,2086,27,2,1,0,0,0.14814814814814814,document,0,1,0,0,0,0,0,0,0,0,0,5.56215337188693,5.56215337188693,0.9424736337488016,0.0,81,0,6,0,0,2,1,0,3,0,0,0,0,0.0,0
malware,PHP Shell.php.txt,data\raw\malware_webshell\tennc_webshell\138shell\P\PHP Shell.php.txt,38250,17,2,1,0,0,0.17647058823529413,document,0,1,0,0,0,0,0,0,0,0,0,5.333236112493832,4.843518760012076,0.9108496732026143,0.0,95,0,0,0,56,2,0,0,58,0,0,0,0,0.0,0
malware,php-backdoor.txt,data\raw\malware_webshell\tennc_webshell\138shell\P\php-backdoor.txt,2871,16,1,0,0,0,0.125,document,0,0,0,0,0,0,0,0,0,0,0,5.407331028097671,5.407331028097671,0.9380006966213863,0.0,83,2,0,0,0,1,0,0,16,0,0,0,0,0.0,0
malware,php-include-w-shell.txt,data\raw\malware_webshell\tennc_webshell\138shell\P\php-include-w-shell.txt,48246,23,1,0,0,0,0.17391304347826086,document,0,0,0,0,0,0,0,0,0,0,0,5.360566468262086,5.463668462641386,0.9154955851262281,0.0,93,2,3,0,7,20,1,0,39,0,0,0,0,0.0,0
malware,phpbackdoor15.txt,data\raw\malware_webshell\tennc_webshell\138shell\P\phpbackdoor15.txt,3997,17,1,0,0,0,0.058823529411764705,document,0,0,0,0,0,0,0,0,0,0,0,5.456426535372535,5.456426535372535,0.9339504628471353,0.0,82,2,0,0,4,1,0,0,34,0,0,0,0,0.0,0
malware,pHpINJ.php.txt,data\raw\malware_webshell\tennc_webshell\138shell\P\pHpINJ.php.txt,1160,14,2,1,0,0,0.14285714285714285,document,0,1,0,0,0,0,0,0,0,0,0,5.33198791875996,5.33198791875996,0.9379310344827586,0.0,71,2,0,0,0,1,0,0,7,0,0,0,0,0.0,0
malware,phpjackal.txt,data\raw\malware_webshell\tennc_webshell\138shell\P\phpjackal.txt,88331,13,1,0,0,0,0.07692307692307693,document,0,0,0,0,0,0,0,0,0,0,0,5.646213197136216,5.680188506955808,0.9680293441713554,0.0,96,19,1,0,10,7,0,0,310,0,0,0,0,0.0,0
malware,PHPRemoteView.txt,data\raw\malware_webshell\tennc_webshell\138shell\P\PHPRemoteView.txt,91159,17,1,0,0,0,0.058823529411764705,document,0,0,0,0,0,0,0,0,0,0,2,5.596332483432182,4.679602967146681,0.9163330005814018,0.0,164,7,0,75,0,6,0,78,84,0,0,0,0,0.0,0
malware,phpshell17.txt,data\raw\malware_webshell\tennc_webshell\138shell\P\phpshell17.txt,5136,14,1,0,0,0,0.07142857142857142,document,0,0,0,0,0,0,0,0,0,0,0,5.511836790080754,5.479630235051593,0.9205607476635514,0.0,92,2,0,0,0,2,0,0,2,0,0,0,0,0.0,0
malware,phvayv.php.txt,data\raw\malware_webshell\tennc_webshell\138shell\P\phvayv.php.txt,25274,14,2,1,0,0,0.14285714285714285,document,0,1,0,0,0,0,0,0,0,0,0,5.240787376804472,5.283102408717283,0.9495924665664319,0.0,96,10,0,0,0,0,0,0,0,0,0,0,0,0.0,0
malware,Phyton Shell.py.txt,data\raw\malware_webshell\tennc_webshell\138shell\P\Phyton Shell.py.txt,2454,19,2,1,0,0,0.15789473684210525,document,0,1,0,0,0,0,0,0,0,0,0,5.204060576265835,5.204060576265835,0.8052159739201304,0.0,78,0,0,0,8,1,1,0,10,0,0,0,0,0.0,0
malware,Private-i3lue.txt,data\raw\malware_webshell\tennc_webshell\138shell\P\Private-i3lue.txt,64172,17,1,0,0,0,0.11764705882352941,document,0,0,0,0,0,0,0,0,0,0,1,5.608509006315689,5.338793024289693,0.9172380477466808,0.0,99,0,0,0,0,0,0,0,111,0,0,0,0,0.0,0
malware,pws.php.txt,data\raw\malware_webshell\tennc_webshell\138shell\P\pws.php.txt,904,11,2,1,0,0,0.18181818181818182,document,0,1,0,0,0,0,0,0,0,0,0,5.250097653965254,5.250097653965254,0.9214601769911505,0.0,63,0,0,0,6,2,0,0,13,0,0,0,0,0.0,0
malware,pws.txt,data\raw\malware_webshell\tennc_webshell\138shell\P\pws.txt,904,7,1,0,0,0,0.14285714285714285,document,0,0,0,0,0,0,0,0,0,0,0,5.250097653965254,5.250097653965254,0.9214601769911505,0.0,63,0,0,0,6,2,0,0,13,0,0,0,0,0.0,0
malware,ru24_post_sh.txt,data\raw\malware_webshell\tennc_webshell\138shell\P\ru24_post_sh.txt,543,16,1,0,0,0,0.1875,document,0,0,0,0,0,0,0,0,0,0,0,5.412273324428465,5.412273324428465,0.9152854511970534,0.0,63,1,0,0,7,0,0,0,12,0,0,0,0,0.0,0
malware,r57 Shell.php.txt,data\raw\malware_webshell\tennc_webshell\138shell\R\r57 Shell.php.txt,84324,17,2,1,0,0,0.17647058823529413,document,0,1,0,0,0,0,0,0,0,0,0,6.010260721112319,5.106262167483805,0.8821687775722215,0.0,148,7,1,95,68,6,0,98,403,0,0,0,0,0.0,0
malware,r57.php.txt,data\raw\malware_webshell\tennc_webshell\138shell\R\r57.php.txt,106097,11,2,1,0,0,0.18181818181818182,document,0,1,0,0,0,0,0,0,0,0,0,5.824324325558374,4.456815581019765,0.9572183944880628,0.0,98,10,4,113,102,7,3,116,629,0,0,0,0,0.0,0
malware,r577.php.txt,data\raw\malware_webshell\tennc_webshell\138shell\R\r577.php.txt,88482,12,2,1,0,0,0.16666666666666666,document,0,1,0,0,0,0,0,0,0,0,0,5.881139879959063,5.245170464998208,0.9572568431997468,0.0,98,2,1,113,72,6,0,116,546,0,0,0,0,0.0,0
malware,Rader.asp.txt,data\raw\malware_webshell\tennc_webshell\138shell\R\Rader.asp.txt,9277,13,2,1,0,0,0.15384615384615385,document,0,1,0,0,0,0,0,0,0,0,0,6.190046791750243,6.187599762358677,0.9431928425137437,0.0,108,1,0,0,0,0,0,0,0,0,0,0,0,0.0,0
malware,Rem Exp.asp.txt,data\raw\malware_webshell\tennc_webshell\138shell\R\Rem Exp.asp.txt,7695,15,2,1,0,0,0.2,document,0,1,0,0,0,0,0,0,0,0,0,5.380348509864139,5.40727886082505,0.9348927875243664,0.0,89,0,0,0,0,1,0,0,7,0,0,0,0,0.0,0
malware,Rem View.php.txt,data\raw\malware_webshell\tennc_webshell\138shell\R\Rem View.php.txt,91159,16,2,1,0,0,0.1875,document,0,1,0,0,0,0,0,0,0,0,2,5.596332483432182,4.679602967146681,0.9163330005814018,0.0,164,7,0,75,0,6,0,78,84,0,0,0,0,0.0,0
malware,rootshell.txt,data\raw\malware_webshell\tennc_webshell\138shell\R\rootshell.txt,13390,13,1,0,0,0,0.07692307692307693,document,0,0,0,0,0,0,0,0,0,0,0,5.440169752230787,4.811640338135615,0.9351755041075429,0.0,98,1,0,0,1,1,0,0,12,0,0,0,0,0.0,0
malware,ru24_post_sh.php.txt,data\raw\malware_webshell\tennc_webshell\138shell\R\ru24_post_sh.php.txt,543,20,2,1,0,0,0.2,document,0,1,0,0,0,0,0,0,0,0,0,5.412273324428465,5.412273324428465,0.9152854511970534,0.0,63,1,0,0,7,0,0,0,12,0,0,0,0,0.0,0
malware,Russian.php.txt,data\raw\malware_webshell\tennc_webshell\138shell\R\Russian.php.txt,5335,15,2,1,0,0,0.13333333333333333,document,0,1,0,0,0,0,0,0,0,0,0,5.8038497991872084,5.74025207381908,0.8820993439550141,0.0,122,0,0,0,0,2,0,1,46,0,0,0,0,0.0,0
malware,s.php.txt,data\raw\malware_webshell\tennc_webshell\138shell\S\s.php.txt,100824,9,2,1,0,0,0.2222222222222222,document,0,1,0,0,0,0,0,0,0,0,0,5.958847290204098,5.338573314809894,0.9625089264460842,0.0,98,1,1,113,72,6,0,116,554,0,0,0,0,0.0,0
malware,s72 Shell v1.1 Coding.txt,data\raw\malware_webshell\tennc_webshell\138shell\S\s72 Shell v1.1 Coding.txt,5261,25,1,0,0,0,0.2,document,0,0,0,0,0,0,0,0,0,0,0,5.192494422173337,5.1756989680107255,0.9435468542102262,0.0,91,0,0,0,0,1,0,0,3,0,0,0,0,0.0,0
malware,Safe0ver Shell -Safe Mod Bypass By Evilc0der.txt,data\raw\malware_webshell\tennc_webshell\138shell\S\Safe0ver Shell -Safe Mod Bypass By Evilc0der.txt,38673,48,1,0,0,0,0.16666666666666666,document,0,0,0,0,0,0,0,0,0,0,0,5.04671724848331,5.051180771326339,0.9486722002430636,0.0,100,0,0,0,53,2,0,0,59,0,0,0,0,0.0,0
malware,Safe_Mode Bypass PHP 4.4.2 and PHP 5.1.2.txt,data\raw\malware_webshell\tennc_webshell\138shell\S\Safe_Mode Bypass PHP 4.4.2 and PHP 5.1.2.txt,5394,44,1,0,0,0,0.2727272727272727,document,0,0,0,0,0,0,0,0,0,0,0,5.624449600786165,5.542618997723058,0.96421950315165,0.0,90,0,0,0,0,0,0,0,4,0,0,0,0,0.0,0
malware,Server Variables.asp.txt,data\raw\malware_webshell\tennc_webshell\138shell\S\Server Variables.asp.txt,856,24,2,1,0,0,0.125,document,0,1,0,0,0,0,0,0,0,0,0,5.094362454933384,5.094362454933384,0.9369158878504673,0.0,63,0,0,0,0,0,0,0,0,0,0,0,0,0.0,0
malware,shell.php.txt,data\raw\malware_webshell\tennc_webshell\138shell\S\shell.php.txt,3947,13,2,1,0,0,0.15384615384615385,document,0,1,0,0,0,0,0,0,0,0,0,5.214467661375758,5.214467661375758,0.9239929060045604,0.0,81,0,0,0,0,2,0,0,2,0,0,0,0,0.0,0
malware,shellbot.pl.txt,data\raw\malware_webshell\tennc_webshell\138shell\S\shellbot.pl.txt,22832,15,2,1,0,0,0.13333333333333333,document,0,1,0,0,0,0,0,0,0,0,0,4.857377330388546,2.9822925387393973,0.9381569726699369,0.0,99,0,1,0,0,1,0,0,1,0,0,0,0,0.0,0
malware,SimAttacker - Vrsion 1.0.0 - priv8 4 My friend.txt,data\raw\malware_webshell\tennc_webshell\138shell\S\SimAttacker - Vrsion 1.0.0 - priv8 4 My friend.txt,12004,50,1,0,0,0,0.26,document,0,0,0,0,0,0,0,0,0,0,0,5.419944743466662,5.41819289625749,0.8939520159946684,0.0,94,1,0,0,12,1,0,0,32,0,0,0,0,0.0,0
malware,simple-backdoor.txt,data\raw\malware_webshell\tennc_webshell\138shell\S\simple-backdoor.txt,345,19,1,0,0,0,0.10526315789473684,document,0,0,0,0,0,0,0,0,0,0,0,5.040750954690324,5.040750954690324,0.9014492753623189,0.0,56,3,0,0,5,1,0,0,8,0,0,0,0,0.0,0
malware,simple_cmd.txt,data\raw\malware_webshell\tennc_webshell\138shell\S\simple_cmd.txt,353,14,1,0,0,0,0.14285714285714285,document,0,0,0,0,0,0,0,0,0,0,0,5.267127589002093,5.267127589002093,0.8980169971671388,0.0,57,0,0,0,6,1,0,0,8,0,0,0,0,0.0,0
malware,SimShell 1.0 - Simorgh Security MGZ.txt,data\raw\malware_webshell\tennc_webshell\138shell\S\SimShell 1.0 - Simorgh Security MGZ.txt,5343,39,1,0,0,0,0.20512820512820512,document,0,0,0,0,0,0,0,0,0,0,0,5.303422205526233,5.17173762802081,0.9329964439453491,0.0,89,1,0,0,1,1,0,0,19,0,0,0,0,0.0,0
malware,Sincap.php.txt,data\raw\malware_webshell\tennc_webshell\138shell\S\Sincap.php.txt,4048,14,2,1,0,0,0.14285714285714285,document,0,1,0,0,0,0,0,0,0,0,0,5.323684634901691,5.323684634901691,0.9352766798418972,0.0,89,1,0,0,0,0,0,0,0,0,0,0,0,0.0,0
malware,smtpd.py.txt,data\raw\malware_webshell\tennc_webshell\138shell\S\smtpd.py.txt,18557,12,2,1,0,0,0.16666666666666666,document,0,1,0,0,0,0,0,0,0,0,0,4.5379265029412235,4.844720438658842,0.9408309532790861,0.0,86,0,0,0,0,0,1,0,1,0,0,0,0,0.0,0
malware,SnIpEr_SA Shell.txt,data\raw\malware_webshell\tennc_webshell\138shell\S\SnIpEr_SA Shell.txt,106039,19,1,0,0,0,0.15789473684210525,document,0,0,0,0,0,0,0,0,0,0,0,5.939362249155094,5.074482877548011,0.9303369514989768,0.0,133,8,6,95,104,7,3,96,617,0,0,0,0,0.0,0
malware,spy.php.txt,data\raw\malware_webshell\tennc_webshell\138shell\S\spy.php.txt,90514,11,2,1,0,0,0.18181818181818182,document,0,1,0,0,0,0,0,0,0,0,0,6.035272461120402,5.580614491049289,0.9133172768853437,0.0,150,2,1,113,72,6,0,116,546,0,0,0,0,0.0,0
malware,sql.php.txt,data\raw\malware_webshell\tennc_webshell\138shell\S\sql.php.txt,35559,11,2,1,0,0,0.18181818181818182,document,0,1,0,0,0,0,0,0,0,0,0,5.471642409883423,5.414161802097762,0.8949070558789617,0.0,96,2,0,0,22,1,0,0,23,0,0,0,0,0.0,0
malware,telnet.cgi.txt,data\raw\malware_webshell\tennc_webshell\138shell\T\telnet.cgi.txt,27538,14,2,1,0,0,0.14285714285714285,document,0,1,0,0,0,0,0,0,0,0,0,4.679924595993057,4.387978600130177,0.9493427264144092,0.0,95,7,0,0,0,0,0,0,0,0,0,0,0,0.0,0
malware,telnet.pl.txt,data\raw\malware_webshell\tennc_webshell\138shell\T\telnet.pl.txt,23856,13,2,1,0,0,0.15384615384615385,document,0,1,0,0,0,0,0,0,0,0,0,5.1292795867509104,4.824668889953022,0.9186787391012743,0.0,96,8,0,0,0,0,0,0,0,0,0,0,0,0.0,0
malware,telnetd.pl.txt,data\raw\malware_webshell\tennc_webshell\138shell\T\telnetd.pl.txt,11715,14,2,1,0,0,0.14285714285714285,document,0,1,0,0,0,0,0,0,0,0,0,5.367236496705825,5.49587779400355,0.9211267605633803,0.0,94,0,0,0,1,6,0,0,7,0,0,0,0,0.0,0
malware,Test.php.txt,data\raw\malware_webshell\tennc_webshell\138shell\T\Test.php.txt,226,12,2,1,0,0,0.16666666666666666,document,0,1,0,0,0,0,0,0,0,0,0,4.968920242442819,4.968920242442819,0.8849557522123894,0.0,44,0,0,0,0,0,0,0,0,0,0,0,0,0.0,0
malware,Tool.asp.txt,data\raw\malware_webshell\tennc_webshell\138shell\T\Tool.asp.txt,46361,12,2,1,0,0,0.16666666666666666,document,0,1,0,0,0,0,0,0,0,0,0,5.573085543301415,5.22826214674852,0.9114557494445763,0.0,100,3,0,1,6,12,0,1,83,0,0,0,0,0.0,0
malware,Uploader.php.txt,data\raw\malware_webshell\tennc_webshell\138shell\U\Uploader.php.txt,289,16,2,1,0,0,0.125,document,0,1,0,0,0,0,0,0,0,0,0,5.407277110901966,5.407277110901966,0.9377162629757786,0.0,58,0,0,0,0,0,0,0,0,0,0,0,0,0.0,0
malware,w.php.txt,data\raw\malware_webshell\tennc_webshell\138shell\W\w.php.txt,134247,9,2,1,0,0,0.2222222222222222,document,0,1,0,0,0,0,0,0,0,0,0,5.419986019435191,5.358944495938866,0.9604460434870052,0.0,98,6,1,0,27,6,0,5,53,0,0,0,0,0.0,0
malware,w3d.php.txt,data\raw\malware_webshell\tennc_webshell\138shell\W\w3d.php.txt,4082,11,2,1,0,0,0.18181818181818182,document,0,1,0,0,0,0,0,0,0,0,0,5.162778414292147,5.162778414292147,0.9377756001959824,0.0,85,0,0,0,0,0,0,0,10,0,0,0,0,0.0,0
malware,w4k.php.txt,data\raw\malware_webshell\tennc_webshell\138shell\W\w4k.php.txt,145569,11,2,1,0,0,0.18181818181818182,document,0,1,0,0,0,0,0,0,0,0,0,5.470958069526509,5.343707707806196,0.9603280918327392,0.0,99,6,5,2,38,16,0,9,135,0,0,0,0,0.0,0
malware,wacking.php.txt,data\raw\malware_webshell\tennc_webshell\138shell\W\wacking.php.txt,145569,15,2,1,0,0,0.13333333333333333,document,0,1,0,0,0,0,0,0,0,0,0,5.470958069526509,5.343707707806196,0.9603280918327392,0.0,99,6,5,2,38,16,0,9,135,0,0,0,0,0.0,0
malware,WebShell.cgi.txt,data\raw\malware_webshell\tennc_webshell\138shell\W\WebShell.cgi.txt,26429,16,2,1,0,0,0.125,document,0,1,0,0,0,0,0,0,0,0,0,4.804189631682658,5.097168874991297,0.9342389042339854,0.0,94,4,0,0,0,0,0,0,0,0,0,0,0,0.0,0
malware,webshell.txt,data\raw\malware_webshell\tennc_webshell\138shell\W\webshell.txt,70924,12,1,0,0,0,0.08333333333333333,document,0,0,0,0,0,0,0,0,0,0,21,6.131227341366154,6.006484663087764,0.9906096666854661,0.0,93,0,0,9,0,1,0,10,30,0,0,0,0,0.0,0
malware,WinX Shell.txt,data\raw\malware_webshell\tennc_webshell\138shell\W\WinX Shell.txt,5159,14,1,0,0,0,0.14285714285714285,document,0,0,0,0,0,0,0,0,0,0,0,5.23788787378493,5.226889396069222,0.9604574529947665,0.0,84,0,0,0,9,1,0,0,13,0,0,0,0,0.0,0
malware,Worse Linux Shell.txt,data\raw\malware_webshell\tennc_webshell\138shell\W\Worse Linux Shell.txt,2524,21,1,0,0,0,0.14285714285714285,document,0,0,0,0,0,0,0,0,0,0,0,5.395385384271582,5.395385384271582,0.945324881141046,0.0,83,0,0,0,0,2,0,0,12,0,0,0,0,0.0,0
malware,xinfo.php.txt,data\raw\malware_webshell\tennc_webshell\138shell\X\xinfo.php.txt,116515,13,2,1,0,0,0.15384615384615385,document,0,1,0,0,0,0,0,0,0,0,0,5.5028905494475895,5.432193638249644,0.9157361713084152,0.0,166,10,0,0,3,23,0,0,55,0,0,0,0,0.0,0
malware,zacosmall.php.txt,data\raw\malware_webshell\tennc_webshell\138shell\Z\zacosmall.php.txt,16378,17,2,1,0,0,0.11764705882352941,document,0,1,0,0,0,0,0,0,0,0,0,5.633980418124961,5.683728432145168,0.9389424838197582,0.0,94,0,0,0,21,2,0,0,77,0,0,0,0,0.0,0
malware,zacosmall.txt,data\raw\malware_webshell\tennc_webshell\138shell\Z\zacosmall.txt,16378,13,1,0,0,0,0.07692307692307693,document,0,0,0,0,0,0,0,0,0,0,0,5.633980418124961,5.683728432145168,0.9389424838197582,0.0,94,0,0,0,21,2,0,0,77,0,0,0,0,0.0,0
malware,Zehir 4.asp.txt,data\raw\malware_webshell\tennc_webshell\138shell\Z\Zehir 4.asp.txt,51405,15,2,1,0,0,0.2,document,0,1,0,0,0,0,0,0,0,0,0,4.979273171394534,4.893012110247283,0.9511526116136563,0.0,109,1,0,0,0,8,0,0,31,0,0,0,0,0.0,0
malware,zehir4.asp.txt,data\raw\malware_webshell\tennc_webshell\138shell\Z\zehir4.asp.txt,51405,14,2,1,0,0,0.14285714285714285,document,0,1,0,0,0,0,0,0,0,0,0,4.979273171394534,4.893012110247283,0.9511526116136563,0.0,109,1,0,0,0,8,0,0,31,0,0,0,0,0.0,0
malware,jsp_custom_script_for_oracle.jsp,data\raw\malware_webshell\tennc_webshell\antSword-shells\jsp_custom_script_for_oracle.jsp,22378,32,1,0,0,0,0.15625,script,0,1,0,0,0,0,0,0,0,0,0,5.189301212230617,5.981919535120493,0.8852444365001341,0.0,164,0,1,0,0,1,0,0,7,0,0,0,0,0.0,0
malware,jsp_custom_spy_for_mysql.jsp,data\raw\malware_webshell\tennc_webshell\antSword-shells\jsp_custom_spy_for_mysql.jsp,14687,28,1,0,0,0,0.17857142857142858,script,0,1,0,0,0,0,0,0,0,0,0,4.9476885312513845,5.317236772532144,0.9070606658950092,0.0,152,0,0,0,0,1,0,0,6,0,0,0,0,0.0,0
malware,jspx_custom_script_for_mysql.jspx,data\raw\malware_webshell\tennc_webshell\antSword-shells\jspx_custom_script_for_mysql.jspx,24666,33,1,0,0,0,0.15151515151515152,script,0,1,0,0,0,0,0,0,0,0,0,4.922380187146869,5.921334984773325,0.8950377037217222,0.0,164,3,0,0,0,1,0,0,7,0,0,0,0,0.0,0
malware,php1.php,data\raw\malware_webshell\tennc_webshell\antSword-shells\php1.php,358,8,1,0,0,0,0.125,script,0,1,0,0,0,0,0,0,0,0,0,4.636547947825665,4.636547947825665,0.88268156424581,0.0,46,0,0,0,0,0,0,0,0,0,0,0,0,0.0,0
malware,php2.php,data\raw\malware_webshell\tennc_webshell\antSword-shells\php2.php,498,8,1,0,0,0,0.125,script,0,1,0,0,0,0,0,0,0,0,0,4.596855678974466,4.596855678974466,0.8995983935742972,0.0,47,0,0,0,0,0,0,0,0,0,0,0,0,0.0,0
malware,php3.php,data\raw\malware_webshell\tennc_webshell\antSword-shells\php3.php,678,8,1,0,0,0,0.125,script,0,1,0,0,0,0,0,0,0,0,0,4.497500516560112,4.497500516560112,0.8643067846607669,0.0,49,0,0,0,0,0,0,0,0,0,0,0,0,0.0,0
malware,php_assert.php,data\raw\malware_webshell\tennc_webshell\antSword-shells\php_assert.php,59,14,1,0,0,0,0.14285714285714285,script,0,1,0,0,0,0,0,0,0,0,0,5.085701523791433,5.085701523791433,1.0,0.0,38,0,0,0,0,0,0,1,2,0,0,0,0,0.0,0
malware,php_create_function.php,data\raw\malware_webshell\tennc_webshell\antSword-shells\php_create_function.php,87,23,1,0,0,0,0.13043478260869565,script,0,1,0,0,0,0,0,0,0,0,0,5.397038685967222,5.397038685967222,1.0,0.0,49,0,0,0,0,0,0,1,1,0,0,0,0,0.0,0
malware,php_custom_script_for_mysql_fix.php,data\raw\malware_webshell\tennc_webshell\antSword-shells\php_custom_script_for_mysql_fix.php,12852,35,1,0,0,0,0.17142857142857143,script,0,1,0,0,0,0,0,0,0,0,0,5.274730095834372,5.672526123440202,0.8600995953937131,0.0,162,0,0,0,0,1,0,1,12,0,0,0,0,0.0,0
malware,php_custom_spy_for_mysql.php,data\raw\malware_webshell\tennc_webshell\antSword-shells\php_custom_spy_for_mysql.php,11193,28,1,0,0,0,0.17857142857142858,script,0,1,0,0,0,0,0,0,0,0,0,5.12233825782022,5.301375382425648,0.8799249530956847,0.0,153,0,0,0,0,1,0,1,10,0,0,0,0,0.0,0
malware,python2_custom_script.py,data\raw\malware_webshell\tennc_webshell\antSword-shells\python2_custom_script.py,12572,24,1,0,0,0,0.125,script,0,1,0,0,0,0,0,0,0,0,0,5.913564114571241,5.992249617964438,0.6927298759147311,0.0,163,1,0,0,5,1,0,0,6,0,0,0,0,0.0,0
malware,08小组内部交流专用.asp.txt,data\raw\malware_webshell\tennc_webshell\asp\08小组内部交流专用.asp.txt,1918,18,2,1,0,0,0.1111111111111111,document,0,1,0,0,0,0,0,0,0,0,0,5.35598019005761,5.35598019005761,0.8936392075078207,0.0,118,0,0,0,0,0,0,0,0,0,0,0,0,0.0,0
malware,1d.asp,data\raw\malware_webshell\tennc_webshell\asp\1d.asp,96432,6,1,0,0,0,0.16666666666666666,script,0,1,0,0,0,0,0,0,0,0,3,6.4208226428225315,6.409213565996133,0.9159407665505227,0.0,191,0,0,0,0,0,0,0,0,0,0,0,0,0.0,0
malware,2013110125027897.asp,data\raw\malware_webshell\tennc_webshell\asp\2013110125027897.asp,92955,20,1,0,0,0,0.05,script,0,1,0,0,0,0,0,0,0,0,0,5.934773895061868,5.841944432342595,0.8773600129094723,0.0,196,9,10,0,7,22,0,0,88,0,0,0,0,0.0,0
malware,2022-08-12.aspx.txt,data\raw\malware_webshell\tennc_webshell\asp\2022-08-12.aspx.txt,630,19,2,1,0,0,0.21052631578947367,document,0,1,0,0,0,0,0,0,0,0,0,5.484550054829646,5.484550054829646,0.9936507936507937,0.0,73,0,0,0,0,1,0,0,1,0,0,0,0,0.0,0
malware,404.asp,data\raw\malware_webshell\tennc_webshell\asp\404.asp,127471,7,1,0,0,0,0.14285714285714285,script,0,1,0,0,0,0,0,0,0,0,19,6.421799565818871,6.835877437239305,0.833342485741855,0.0,201,3,0,0,0,0,0,0,0,0,0,0,0,0.0,0
malware,80sec内部专用过世界杀软休积最小功能超强超猛宇宙第一asp.txt,data\raw\malware_webshell\tennc_webshell\asp\80sec内部专用过世界杀软休积最小功能超强超猛宇宙第一asp.txt,91115,35,1,0,0,0,0.02857142857142857,document,0,0,0,0,0,0,0,0,0,0,0,5.935072065293176,6.189438848226343,0.9004444932228503,0.0,189,19,17,0,16,50,1,0,137,0,0,0,0,0.0,0
malware,Ajan.asp,data\raw\malware_webshell\tennc_webshell\asp\Ajan.asp,1326,8,1,0,0,0,0.125,script,0,1,0,0,0,0,0,0,0,0,0,5.075785399719294,5.075785399719294,0.9562594268476622,0.0,67,1,0,0,0,0,0,0,0,0,0,0,0,0.0,0
malware,ajn.asp,data\raw\malware_webshell\tennc_webshell\asp\ajn.asp,1257,7,1,0,0,0,0.14285714285714285,script,0,1,0,0,0,0,0,0,0,0,0,5.083317426530778,5.083317426530778,0.9538583929992045,0.0,66,1,0,0,0,0,0,0,0,0,0,0,0,0.0,0
malware,shell.asp,data\raw\malware_webshell\tennc_webshell\asp\ajs\shell.asp,143793,9,1,0,0,0,0.1111111111111111,script,0,1,0,0,0,0,0,0,0,0,10,6.3607941753653705,5.93189971754489,0.9697412252334954,0.0,99,0,0,22,0,0,0,22,22,0,0,0,0,0.0,0
malware,shell_decoded.asp,data\raw\malware_webshell\tennc_webshell\asp\ajs\shell_decoded.asp,138306,17,1,0,0,0,0.11764705882352941,script,0,1,0,0,0,0,0,0,0,0,12,6.058641384578813,5.171147995532351,0.9522218848061544,0.0,94,0,1,327,3,26,0,327,398,0,0,0,0,0.0,0
malware,ASPXspy2.aspx,data\raw\malware_webshell\tennc_webshell\asp\ASPXspy2.aspx,75305,13,1,0,0,0,0.07692307692307693,script,0,1,0,0,0,0,0,1,0,0,2,5.609635857979624,5.58724065055177,0.8972976561981276,0.0,95,5,9,0,11,0,3,0,16,0,0,0,0,0.0,0
malware,aspydrv.asp.txt,data\raw\malware_webshell\tennc_webshell\asp\aspydrv.asp.txt,35259,15,2,1,0,0,0.13333333333333333,document,0,1,0,0,0,0,0,0,0,0,0,5.531314620905426,5.150589387402969,0.9290110326441476,0.0,93,0,0,0,11,9,0,0,84,0,0,0,0,0.0,0
malware,ASP一句话.txt,data\raw\malware_webshell\tennc_webshell\asp\ASP一句话.txt,1225,10,1,0,0,0,0.1,document,0,0,0,0,0,0,0,0,0,0,0,5.909299025882538,5.909299025882538,0.8155102040816327,0.0,132,1,0,0,0,3,0,0,17,0,0,0,0,0.0,0
malware,ASP一句话02.txt,data\raw\malware_webshell\tennc_webshell\asp\ASP一句话02.txt,265,12,1,0,0,0,0.08333333333333333,document,0,0,0,0,0,0,0,0,0,0,0,5.73025390435044,5.73025390435044,0.4377358490566038,0.0,77,0,0,0,0,1,0,0,4,0,0,0,0,0.0,0
malware,Asp最新变形一句话.asp,data\raw\malware_webshell\tennc_webshell\asp\Asp最新变形一句话.asp,177,14,1,0,0,0,0.07142857142857142,script,0,1,0,0,0,0,0,0,0,0,0,4.985880633997866,4.985880633997866,0.9209039548022598,0.0,41,0,0,0,0,0,0,0,0,0,0,0,0,0.0,0
malware,Asp最新变形一句话2014-11-21.asp.md,data\raw\malware_webshell\tennc_webshell\asp\Asp最新变形一句话2014-11-21.asp.md,1455,27,1,0,0,0,0.14814814814814814,script,0,1,0,0,0,0,0,1,0,0,0,6.068932557257583,6.068932557257583,0.5780068728522336,0.0,126,0,0,0,0,3,0,0,5,0,0,0,0,0.0,0
malware,base.asp,data\raw\malware_webshell\tennc_webshell\asp\base.asp,206,8,1,0,0,0,0.125,script,0,1,0,0,0,0,0,0,0,0,0,4.95581045721965,4.95581045721965,0.9902912621359223,0.0,48,0,0,0,0,0,0,0,0,0,0,0,0,0.0,0
malware,bypass-all.asp,data\raw\malware_webshell\tennc_webshell\asp\bypass-all.asp,246,14,1,0,0,0,0.14285714285714285,script,0,1,0,0,0,0,0,0,0,0,0,5.000890723603542,5.000890723603542,0.8983739837398373,0.0,48,0,0,0,0,0,0,0,0,0,0,0,0,0.0,0
malware,bypass-iisuser-p.asp,data\raw\malware_webshell\tennc_webshell\asp\bypass-iisuser-p.asp,193,20,1,0,0,0,0.15,script,0,1,0,0,0,0,0,0,0,0,0,5.148062821997078,5.148062821997078,1.0,0.0,52,0,0,0,0,1,0,0,1,0,0,0,0,0.0,0
malware,bypass-waf.asp,data\raw\malware_webshell\tennc_webshell\asp\bypass-waf.asp,110,14,1,0,0,0,0.14285714285714285,script,0,1,0,0,0,0,0,0,0,0,0,4.735016531313121,4.735016531313121,0.7727272727272727,0.0,42,0,0,0,0,0,0,0,1,0,0,0,0,0.0,0
malware,bypass_safedog_01.asp,data\raw\malware_webshell\tennc_webshell\asp\bypass_safedog_01.asp,688,21,1,0,0,0,0.14285714285714285,script,0,1,0,0,0,0,0,0,0,0,0,4.848011813036516,4.848011813036516,0.9011627906976745,0.0,58,0,0,0,0,1,0,0,1,0,0,0,0,0.0,0
malware,bypass_safedog_02.asp,data\raw\malware_webshell\tennc_webshell\asp\bypass_safedog_02.asp,327,21,1,0,0,0,0.14285714285714285,script,0,1,0,0,0,0,0,0,0,0,0,3.884054365158082,3.884054365158082,0.963302752293578,0.0,42,0,0,0,0,1,0,0,1,0,0,0,0,0.0,0
malware,bypass_safedog_03.asp,data\raw\malware_webshell\tennc_webshell\asp\bypass_safedog_03.asp,509,21,1,0,0,0,0.14285714285714285,script,0,1,0,0,0,0,0,0,0,0,0,4.597273465797201,4.597273465797201,0.925343811394892,0.0,61,0,0,0,0,0,0,0,0,0,0,0,0,0.0,0
malware,class-initialize.asp,data\raw\malware_webshell\tennc_webshell\asp\class-initialize.asp,132,20,1,0,0,0,0.1,script,0,1,0,0,0,0,0,0,0,0,0,4.7129169969483655,4.7129169969483655,0.8712121212121212,0.0,37,0,0,0,0,1,0,0,2,0,0,0,0,0.0,0
malware,class-terminate.asp,data\raw\malware_webshell\tennc_webshell\asp\class-terminate.asp,148,19,1,0,0,0,0.10526315789473684,script,0,1,0,0,0,0,0,0,0,0,0,4.757464221722637,4.757464221722637,0.8716216216216216,0.0,40,0,0,0,0,1,0,0,2,0,0,0,0,0.0,0
malware,cmd.asp.txt,data\raw\malware_webshell\tennc_webshell\asp\cmd.asp.txt,138743,11,2,1,0,0,0.18181818181818182,document,0,1,0,0,0,0,0,0,0,0,0,5.872982003223521,6.245858842654571,0.8871150256229143,0.0,190,2,9,1,1,3,0,1,17,0,0,0,0,0.0,0
malware,cmd提权马.asp,data\raw\malware_webshell\tennc_webshell\asp\cmd提权马.asp,2748,10,1,0,0,0,0.1,script,0,1,0,0,0,0,0,0,0,0,0,5.179482168589784,5.179482168589784,0.950509461426492,0.0,80,1,3,0,3,0,0,0,5,0,0,0,0,0.0,0
malware,Cmd支持管理员登陆的webshell.asp,data\raw\malware_webshell\tennc_webshell\asp\Cmd支持管理员登陆的webshell.asp,42763,23,1,0,0,0,0.043478260869565216,script,0,1,0,0,0,0,0,0,0,0,0,5.571496753118295,5.507733048558717,0.9198372424759722,0.0,94,4,0,0,3,1,0,0,8,0,0,0,0,0.0,0
malware,con2.asp,data\raw\malware_webshell\tennc_webshell\asp\con2.asp,92955,8,1,0,0,0,0.125,script,0,1,0,0,0,0,0,0,0,0,0,5.934773895061868,5.841944432342595,0.8773600129094723,0.0,196,9,10,0,7,22,0,0,88,0,0,0,0,0.0,0
malware,cpanel.asp,data\raw\malware_webshell\tennc_webshell\asp\cpanel.asp,4999,10,1,0,0,0,0.1,script,0,1,0,0,0,0,0,0,0,0,0,5.521438554481797,5.510210119461825,0.8747749549909982,0.0,101,0,0,0,0,0,0,0,0,0,0,0,0,0.0,0
malware,create-activex-object.asp,data\raw\malware_webshell\tennc_webshell\asp\create-activex-object.asp,615,25,1,0,0,0,0.12,script,0,1,0,0,0,0,0,0,0,0,0,5.3847149472491385,5.3847149472491385,0.9642276422764228,0.0,65,0,0,0,0,1,0,0,1,0,0,0,0,0.0,0
malware,CyberSpy5.Asp,data\raw\malware_webshell\tennc_webshell\asp\CyberSpy5.Asp,83030,13,1,0,1,0,0.07692307692307693,script,0,1,0,0,0,0,0,0,0,0,2,6.103920984647253,6.005036665083545,0.9555823196435024,0.0,119,0,0,0,0,0,0,0,0,0,0,0,0,0.0,0
malware,DarkBlade1.5.asp,data\raw\malware_webshell\tennc_webshell\asp\DarkBlade1.5.asp,101895,16,1,0,0,0,0.125,script,0,1,0,0,0,0,0,0,0,0,0,5.5897551372276775,5.586651659463186,0.9250797389469552,0.0,96,4,8,0,13,1,1,1,31,0,0,0,0,0.0,0
malware,EFSO_2.asp,data\raw\malware_webshell\tennc_webshell\asp\EFSO_2.asp,163712,10,1,0,0,0,0.2,script,0,1,0,0,0,0,0,0,0,0,0,6.071914933789513,6.0687342435053555,0.9570220875684128,0.0,120,0,0,12,1,0,0,12,13,0,0,0,0,0.0,0
malware,execute-session.asp,data\raw\malware_webshell\tennc_webshell\asp\execute-session.asp,141,19,1,0,0,0,0.10526315789473684,script,0,1,0,0,0,0,0,0,0,0,0,4.388958768752523,4.388958768752523,1.0,0.0,27,0,0,0,0,0,0,0,2,0,0,0,0,0.0,0
malware,Expdoor.com ASP专用小马.asp,data\raw\malware_webshell\tennc_webshell\asp\Expdoor.com ASP专用小马.asp,1464,23,1,0,0,0,0.13043478260869565,script,0,1,0,0,0,0,0,0,0,0,0,5.692541677815881,5.692541677815881,0.6967213114754098,0.0,130,1,0,0,0,1,0,0,4,0,0,0,0,0.0,0
malware,glorysday.asp,data\raw\malware_webshell\tennc_webshell\asp\glorysday.asp,1072919,13,1,0,0,0,0.07692307692307693,script,0,1,0,0,0,0,0,0,0,0,0,1.5106969230377536,1.5902217738099114,0.9994594186513613,0.0,37,0,0,0,0,0,0,0,1,0,0,0,0,0.0,0
malware,good_1.asp,data\raw\malware_webshell\tennc_webshell\asp\good_1.asp,23731,10,1,0,0,0,0.2,script,0,1,0,0,0,0,0,0,0,0,0,4.221388206822582,4.411467934326455,0.9482533395137163,0.0,86,0,0,1,0,30,0,1,49,0,0,0,0,0.0,0
malware,grasp.asp,data\raw\malware_webshell\tennc_webshell\asp\grasp.asp,43545,9,1,0,0,0,0.1111111111111111,script,0,1,0,0,0,0,0,0,0,0,0,5.351557759632033,5.235822966662103,0.9164312779882879,0.0,93,0,0,0,4,8,0,0,23,0,0,0,0,0.0,0
malware,hididi.net.txt,data\raw\malware_webshell\tennc_webshell\asp\hididi.net.txt,46305,14,1,0,0,0,0.14285714285714285,document,0,0,0,0,0,0,0,0,0,0,0,6.0866899402910635,5.986732701049291,0.8871828096317892,0.0,188,1,1,11,6,11,0,11,51,0,0,0,0,0.0,0
malware,ice.asp,data\raw\malware_webshell\tennc_webshell\asp\ice.asp,99672,7,1,0,0,0,0.14285714285714285,script,0,1,0,0,0,0,0,0,0,0,10,6.417287073460006,6.338719057628846,0.8797756641785055,0.0,197,6,0,0,0,0,0,0,0,0,0,0,0,0.0,0
malware,Inderxer.asp,data\raw\malware_webshell\tennc_webshell\asp\Inderxer.asp,10269,12,1,0,0,0,0.08333333333333333,script,0,1,0,0,0,0,0,0,0,0,0,6.238475491080621,6.195559978580528,0.9461486025903204,0.0,109,0,0,0,0,0,0,0,0,0,0,0,0,0.0,0
malware,killdoor.txt,data\raw\malware_webshell\tennc_webshell\asp\killdoor.txt,25735,12,1,0,0,0,0.08333333333333333,document,0,0,0,0,0,0,0,0,0,0,0,5.971464161568466,6.075443392438126,0.830969496794249,0.0,181,2,0,0,0,2,0,0,13,0,0,0,0,0.0,0
malware,klasvayv.asp,data\raw\malware_webshell\tennc_webshell\asp\klasvayv.asp,4999,12,1,0,0,0,0.08333333333333333,script,0,1,0,0,0,0,0,0,0,0,0,5.521438554481797,5.510210119461825,0.8747749549909982,0.0,101,0,0,0,0,0,0,0,0,0,0,0,0,0.0,0
malware,radhat.asp,data\raw\malware_webshell\tennc_webshell\asp\lpl38-com-RedHat\radhat.asp,97579,10,1,0,0,0,0.1,script,0,1,0,0,0,0,0,0,0,0,0,5.960506900790546,5.989472259206433,0.8902837700734789,0.0,188,1,0,1,0,0,0,1,1,0,0,0,0,0.0,0
malware,解包unpack.vbs,data\raw\malware_webshell\tennc_webshell\asp\lpl38-com-RedHat\解包unpack.vbs,1282,12,1,0,0,0,0.08333333333333333,script,0,1,0,0,0,0,0,0,0,0,0,5.236166934501458,5.236166934501458,0.8845553822152886,0.0,79,0,0,0,0,0,0,0,0,0,0,0,0,0.0,0
malware,lpl38-com-redhat.asp.txt,data\raw\malware_webshell\tennc_webshell\asp\lpl38-com-redhat.asp.txt,97579,24,2,1,0,0,0.16666666666666666,document,0,1,0,0,0,0,0,0,0,0,0,5.960506900790546,5.989472259206433,0.8902837700734789,0.0,188,1,0,1,0,0,0,1,1,0,0,0,0,0.0,0
malware,luoss.asp.txt,data\raw\malware_webshell\tennc_webshell\asp\luoss.asp.txt,100487,13,2,1,0,0,0.15384615384615385,document,0,1,0,0,0,0,0,0,0,0,8,6.412137916691036,6.445597559532116,0.8779046045757163,0.0,198,1,0,0,0,0,0,0,2,0,0,0,0,0.0,0
malware,mumaasp.com.asp,data\raw\malware_webshell\tennc_webshell\asp\mumaasp.com.asp,98573,15,2,1,0,0,0.13333333333333333,script,1,1,0,0,0,0,0,0,0,0,0,6.48481077046897,6.530795423166949,0.8914408610877218,0.0,173,0,0,0,0,0,0,0,0,0,0,0,0,0.0,0
malware,nonoseed0121.asp.txt,data\raw\malware_webshell\tennc_webshell\asp\nonoseed0121.asp.txt,3346,20,2,1,0,0,0.1,document,0,1,0,0,0,0,0,0,0,0,0,5.9526236323739194,5.9526236323739194,0.7501494321578004,0.0,128,0,0,0,0,2,0,0,4,0,0,0,0,0.0,0
malware,r00ts无FSO组建大马.asp,data\raw\malware_webshell\tennc_webshell\asp\r00ts无FSO组建大马.asp,119120,17,1,0,0,0,0.058823529411764705,script,0,1,0,0,0,0,0,0,0,0,0,5.88453818467259,5.849744154964059,0.9156732706514439,0.0,197,8,14,0,36,54,1,0,207,0,0,0,0,0.0,0
malware,Rader.asp,data\raw\malware_webshell\tennc_webshell\asp\Rader.asp,9277,9,1,0,0,0,0.1111111111111111,script,0,1,0,0,0,0,0,0,0,0,0,6.190046791750243,6.187599762358677,0.9431928425137437,0.0,108,1,0,0,0,0,0,0,0,0,0,0,0,0.0,0
malware,加密版.asp,data\raw\malware_webshell\tennc_webshell\asp\RadHat-webshell-del-backdoor\加密版.asp,101230,7,1,0,0,0,0.14285714285714285,script,0,1,0,0,0,0,0,0,0,0,0,5.899929570024474,6.013282079724092,0.8940333893114689,0.0,189,1,0,1,0,0,0,1,1,0,0,0,0,0.0,0
malware,明文版.asp,data\raw\malware_webshell\tennc_webshell\asp\RadHat-webshell-del-backdoor\明文版.asp,97852,7,1,0,0,0,0.14285714285714285,script,0,1,0,0,0,0,0,0,0,0,0,5.898193828413442,5.896330230423485,0.8904161386583821,0.0,188,14,12,1,17,3,1,1,35,0,0,0,0,0.0,0
malware,RemExp.asp,data\raw\malware_webshell\tennc_webshell\asp\RemExp.asp,4999,10,1,0,0,0,0.1,script,0,1,0,0,0,0,0,0,0,0,0,5.521438554481797,5.510210119461825,0.8747749549909982,0.0,101,0,0,0,0,0,0,0,0,0,0,0,0,0.0,0
malware,Server Variables.asp,data\raw\malware_webshell\tennc_webshell\asp\Server Variables.asp,4999,20,1,0,0,0,0.1,script,0,1,0,0,0,0,0,0,0,0,0,5.521438554481797,5.510210119461825,0.8747749549909982,0.0,101,0,0,0,0,0,0,0,0,0,0,0,0,0.0,0
malware,shell.asp,data\raw\malware_webshell\tennc_webshell\asp\shell.asp,1024,9,1,0,0,0,0.1111111111111111,script,0,1,0,0,0,1,0,1,0,0,0,5.377688729946473,5.377688729946473,0.916015625,0.0,77,0,0,0,0,1,0,0,5,0,0,0,0,0.0,0
malware,test.asp.txt,data\raw\malware_webshell\tennc_webshell\asp\test.asp.txt,1469,12,2,1,0,0,0.16666666666666666,document,0,1,0,0,0,0,0,0,0,0,0,5.544923976320347,5.544923976320347,0.865214431586113,0.0,120,0,0,0,0,1,0,0,4,0,0,0,0,0.0,0
malware,use-html-annotator-bypass.asp,data\raw\malware_webshell\tennc_webshell\asp\use-html-annotator-bypass.asp,47,29,1,0,0,0,0.13793103448275862,script,0,1,0,0,0,0,0,0,0,0,0,4.35746837281614,4.35746837281614,0.8297872340425532,0.0,25,0,0,0,0,0,0,0,1,0,0,0,0,0.0,0
malware,utf7-bypass.asp,data\raw\malware_webshell\tennc_webshell\asp\utf7-bypass.asp,162,15,1,0,0,0,0.13333333333333333,script,0,1,0,0,0,0,0,0,0,0,0,4.569924685229649,4.569924685229649,0.9629629629629629,0.0,44,0,0,1,0,0,0,1,1,0,0,0,0,0.0,0
malware,vbencode-bypass.asp,data\raw\malware_webshell\tennc_webshell\asp\vbencode-bypass.asp,97,19,1,0,0,0,0.10526315789473684,script,0,1,0,0,0,0,0,0,0,0,0,5.369415456245985,5.369415456245985,0.9484536082474226,0.0,52,0,0,0,0,0,0,0,0,0,0,0,0,0.0,0
malware,vps提权马.asp,data\raw\malware_webshell\tennc_webshell\asp\vps提权马.asp,89857,10,1,0,0,0,0.1,script,0,1,0,0,0,0,0,0,0,0,0,5.966419464745439,5.798334893257293,0.9110141669541605,0.0,190,8,18,0,13,32,1,0,115,0,0,0,0,0.0,0
malware,webshell.asp,data\raw\malware_webshell\tennc_webshell\asp\webshell.asp,1412,12,1,0,0,0,0.08333333333333333,script,0,1,0,0,0,0,0,0,0,0,0,5.411207952120905,5.411207952120905,0.9291784702549575,0.0,73,3,0,0,4,4,0,0,9,0,0,0,0,0.0,0
malware,xslt.asp,data\raw\malware_webshell\tennc_webshell\asp\xslt.asp,791,8,1,0,0,0,0.125,script,0,1,0,0,0,0,0,0,0,0,0,5.246260954923455,5.246260954923455,0.97724399494311,0.0,63,1,0,0,1,3,0,0,4,0,0,0,0,0.0,0
malware,xx.asp,data\raw\malware_webshell\tennc_webshell\asp\xx.asp,4999,6,1,0,0,0,0.16666666666666666,script,0,1,0,0,0,0,0,0,0,0,0,5.521438554481797,5.510210119461825,0.8747749549909982,0.0,101,0,0,0,0,0,0,0,0,0,0,0,0,0.0,0
malware,不带引号的Asp一句话.asp,data\raw\malware_webshell\tennc_webshell\asp\不带引号的Asp一句话.asp,272,15,1,0,0,0,0.06666666666666667,script,0,1,0,0,0,0,0,0,0,0,0,6.069682902573977,6.069682902573977,0.4227941176470588,0.0,92,1,0,0,0,0,0,0,0,0,0,0,0,0.0,0
malware,不灭之魂.asp,data\raw\malware_webshell\tennc_webshell\asp\不灭之魂.asp,99887,8,1,0,0,0,0.125,script,0,1,0,0,0,0,0,0,0,0,2,6.079543135476965,5.701486291442643,0.9077857979516855,0.0,194,6,12,0,8,30,1,0,112,0,0,0,0,0.0,0
malware,传说中的hcker.asp.txt,data\raw\malware_webshell\tennc_webshell\asp\传说中的hcker.asp.txt,93400,17,2,1,0,0,0.11764705882352941,document,0,1,0,0,0,0,0,0,0,0,0,5.930546169860429,5.817241765802858,0.8779014989293362,0.0,196,9,10,0,7,22,0,0,90,0,0,0,0,0.0,0
malware,.NET WebShell 免杀系列之Unicode编码.md,data\raw\malware_webshell\tennc_webshell\aspx\.NET WebShell 免杀系列之Unicode编码.md,17690,31,0,0,0,0,0.12903225806451613,unknown,0,0,0,0,1,0,0,0,0,0,0,6.712529103867364,6.443816121333521,0.4753533069530808,0.0,165,12,0,11,16,0,0,11,27,0,0,0,0,0.0,0
malware,111.aspx,data\raw\malware_webshell\tennc_webshell\aspx\111.aspx,72631,8,1,0,0,0,0.125,script,0,1,0,0,0,0,0,1,0,0,2,5.777963156523209,5.685244719843671,0.9124478528452038,0.0,165,2,10,0,11,0,3,0,16,0,0,0,0,0.0,0
malware,2013110125222650.aspx,data\raw\malware_webshell\tennc_webshell\aspx\2013110125222650.aspx,28129,21,1,0,0,0,0.047619047619047616,script,0,1,0,0,0,0,0,1,0,0,0,5.7192094756566325,5.354228537070666,0.8946283195278893,0.0,182,1,1,0,8,0,1,0,12,0,0,0,0,0.0,0
malware,a.aspx,data\raw\malware_webshell\tennc_webshell\aspx\a.aspx,1599,6,1,0,0,0,0.16666666666666666,script,0,1,0,0,0,0,0,1,0,0,0,5.419876972701207,5.419876972701207,0.9387116948092558,0.0,80,1,4,0,0,1,0,0,1,0,0,0,0,0.0,0
malware,a1.aspx,data\raw\malware_webshell\tennc_webshell\aspx\a1.aspx,2064,7,1,0,0,0,0.14285714285714285,script,0,1,0,0,0,0,0,1,0,0,0,5.324114046518846,5.324114046518846,0.9156976744186046,0.0,83,1,4,0,2,1,0,0,3,0,0,0,0,0.0,0
malware,a3.aspx,data\raw\malware_webshell\tennc_webshell\aspx\a3.aspx,1637,7,1,0,0,0,0.14285714285714285,script,0,1,0,0,0,0,0,1,0,0,0,4.871923408342586,4.871923408342586,0.9230299328039095,0.0,64,0,0,0,1,0,0,0,1,0,0,0,0,0.0,0
malware,abcd.aspx,data\raw\malware_webshell\tennc_webshell\aspx\abcd.aspx,123,9,1,0,0,0,0.1111111111111111,script,0,1,0,0,0,0,0,1,0,0,0,5.254943400909517,5.254943400909517,0.9186991869918699,0.0,52,0,0,0,0,1,0,0,1,0,0,0,0,0.0,0
malware,as.ashx,data\raw\malware_webshell\tennc_webshell\aspx\as.ashx,822,7,0,0,0,0,0.14285714285714285,unknown,0,0,0,0,1,0,0,0,0,0,0,4.988393558688127,4.988393558688127,0.9367396593673966,0.0,61,0,0,0,1,0,0,0,1,0,0,0,0,0.0,0
malware,ChangeLog.txt,data\raw\malware_webshell\tennc_webshell\aspx\asp.net-backdoors\ChangeLog.txt,1327,13,1,0,0,0,0.07692307692307693,document,0,0,0,0,0,0,0,0,0,0,0,4.5375730396145775,4.5375730396145775,0.921627731725697,0.0,58,1,0,0,0,0,0,0,0,0,0,0,0,0.0,0
malware,cmdexec.aspx,data\raw\malware_webshell\tennc_webshell\aspx\asp.net-backdoors\cmdexec.aspx,3014,12,1,0,0,0,0.08333333333333333,script,0,1,0,0,0,0,0,1,0,0,0,4.888969086827787,4.888969086827787,0.9339747843397479,0.0,78,3,0,0,1,0,0,0,1,0,0,0,0,0.0,0
malware,filesystembrowser.aspx,data\raw\malware_webshell\tennc_webshell\aspx\asp.net-backdoors\filesystembrowser.aspx,7152,22,1,0,0,0,0.045454545454545456,script,0,1,0,0,0,0,0,1,0,0,0,4.444303465640097,4.327675935798459,0.9415548098434005,0.0,82,2,0,0,0,0,0,0,13,0,0,0,0,0.0,0
malware,fileupload.aspx,data\raw\malware_webshell\tennc_webshell\aspx\asp.net-backdoors\fileupload.aspx,4058,15,1,0,0,0,0.06666666666666667,script,0,1,0,0,0,0,0,1,0,0,0,4.5756291526266155,4.5756291526266155,0.9379004435682602,0.0,79,2,0,0,0,0,0,0,8,0,0,0,0,0.0,0
malware,spexec.aspx,data\raw\malware_webshell\tennc_webshell\aspx\asp.net-backdoors\spexec.aspx,14790,11,1,0,0,0,0.09090909090909091,script,0,1,0,0,0,0,0,1,0,0,0,4.3967734294806275,4.449710835737943,0.9503042596348884,0.0,85,3,0,0,0,0,0,0,0,0,0,0,0,0.0,0
malware,sql.aspx,data\raw\malware_webshell\tennc_webshell\aspx\asp.net-backdoors\sql.aspx,3407,8,1,0,0,0,0.125,script,0,1,0,0,0,0,0,1,0,0,0,4.830592251660533,4.830592251660533,0.9389492221896096,0.0,82,3,0,0,0,0,0,0,0,0,0,0,0,0.0,0
malware,ASPXspy2.aspx,data\raw\malware_webshell\tennc_webshell\aspx\ASPXspy2.aspx,72958,13,1,0,0,0,0.07692307692307693,script,0,1,0,0,0,0,0,1,0,0,2,5.657534442561863,5.643574345339331,0.9290687792976782,0.0,98,7,9,0,11,0,3,0,16,0,0,0,0,0.0,0
malware,AspxSpy2014Final.aspx,data\raw\malware_webshell\tennc_webshell\aspx\AspxSpy2014Final.aspx,112714,21,1,0,0,0,0.047619047619047616,script,0,1,0,0,0,0,0,1,0,0,0,5.5276146038895,5.4674989150529845,0.8771847330411484,0.0,97,6,6,0,7,0,3,0,12,0,0,0,0,0.0,0
malware,ASPX一句话,data\raw\malware_webshell\tennc_webshell\aspx\ASPX一句话,465,7,0,0,0,0,0.0,unknown,0,0,0,0,1,0,0,0,0,0,0,5.491817000580427,5.491817000580427,0.8688172043010752,0.0,72,0,0,0,0,2,0,0,7,0,0,0,0,0.0,0
malware,ASPX一句话02.txt,data\raw\malware_webshell\tennc_webshell\aspx\ASPX一句话02.txt,373,13,1,0,0,0,0.07692307692307693,document,0,0,0,0,0,0,0,0,0,0,0,5.0935367042675495,5.0935367042675495,0.967828418230563,0.0,52,0,0,0,0,2,0,0,7,0,0,0,0,0.0,0
malware,Aspx一句话木马小集.aspx,data\raw\malware_webshell\tennc_webshell\aspx\Aspx一句话木马小集.aspx,994,16,1,0,0,0,0.0625,script,0,1,0,0,0,0,0,1,0,0,0,5.6015840635137515,5.6015840635137515,0.9104627766599598,0.0,91,1,1,0,0,1,0,0,3,0,0,0,0,0.0,0
malware,aspx下嗅探工具websniff1.0-linux.aspx,data\raw\malware_webshell\tennc_webshell\aspx\aspx下嗅探工具websniff1.0-linux.aspx,21106,31,1,0,0,0,0.0967741935483871,script,0,1,0,0,0,0,0,1,0,0,0,4.57804829972266,4.886991455201292,0.9262295081967213,0.0,148,4,0,0,0,0,0,0,3,0,0,0,0,0.0,0
malware,aspx变形一句话.aspx,data\raw\malware_webshell\tennc_webshell\aspx\aspx变形一句话.aspx,320,14,1,0,0,0,0.07142857142857142,script,0,1,0,0,0,0,0,1,0,0,0,5.312728215485467,5.312728215485467,0.9,0.0,58,0,0,0,0,1,0,0,1,0,0,0,0,0.0,0
malware,con2.aspx,data\raw\malware_webshell\tennc_webshell\aspx\con2.aspx,32678,9,1,0,0,0,0.1111111111111111,script,0,1,0,0,0,0,0,1,0,0,0,5.6406982245293005,5.389130121361638,0.9023196034029011,0.0,186,1,2,0,8,0,1,0,12,0,0,0,0,0.0,0
malware,editor.aspx,data\raw\malware_webshell\tennc_webshell\aspx\editor.aspx,71,11,1,0,0,0,0.09090909090909091,script,0,1,0,0,0,0,0,1,0,0,0,4.785044964721848,4.785044964721848,1.0,0.0,36,0,0,0,0,1,0,0,1,0,0,0,0,0.0,0
malware,Customize.cs,data\raw\malware_webshell\tennc_webshell\aspx\httpHandlers_backdoor\Customize.cs,14693,12,0,0,0,0,0.08333333333333333,unknown,0,0,0,0,1,0,0,0,0,0,0,3.208273120842591,3.4192859648965164,0.9544000544476962,0.0,90,0,0,0,0,0,0,0,3,0,0,0,0,0.0,0
malware,global.asax,data\raw\malware_webshell\tennc_webshell\aspx\httpHandlers_backdoor\global.asax,14585,11,0,0,0,0,0.09090909090909091,unknown,0,0,0,0,1,0,0,0,0,0,0,3.799739274173342,4.363095815664764,0.9249228659581762,0.0,151,0,0,0,0,0,0,0,3,0,0,0,0,0.0,0
malware,httpHandlers.md,data\raw\malware_webshell\tennc_webshell\aspx\httpHandlers_backdoor\httpHandlers.md,573,15,0,0,0,0,0.06666666666666667,unknown,0,0,0,0,1,0,0,0,0,0,0,5.970912425657272,5.970912425657272,0.6143106457242583,0.0,99,0,0,0,0,0,0,0,0,0,0,0,0,0.0,0
malware,httpModules.md,data\raw\malware_webshell\tennc_webshell\aspx\httpHandlers_backdoor\httpModules.md,310,14,0,0,0,0,0.07142857142857142,unknown,0,0,0,0,1,0,0,0,0,0,0,5.975655564571023,5.975655564571023,0.47419354838709676,0.0,88,0,0,0,0,0,0,0,0,0,0,0,0,0.0,0
malware,icesword.aspx,data\raw\malware_webshell\tennc_webshell\aspx\icesword.aspx,72810,13,1,0,0,0,0.07692307692307693,script,0,1,0,0,0,0,0,1,0,0,2,5.7823480831383725,5.704596484995688,0.9121686581513528,0.0,166,4,9,0,11,0,3,0,16,0,0,0,0,0.0,0
malware,lpl38-com-aspx.txt,data\raw\malware_webshell\tennc_webshell\aspx\lpl38-com-aspx.txt,72609,18,1,0,0,0,0.16666666666666666,document,0,0,0,0,0,0,0,0,0,0,2,5.655902914417353,5.6369266230421475,0.9289344296161632,0.0,95,5,9,0,11,0,3,0,16,0,0,0,0,0.0,0
malware,Nightrunner.aspx%20.txt,data\raw\malware_webshell\tennc_webshell\aspx\Nightrunner.aspx%20.txt,52077,23,1,0,0,0,0.13043478260869565,document,0,0,0,0,0,0,0,0,0,0,0,5.50158654272738,5.308929390118438,0.8646619428922557,0.0,96,5,7,2,33,0,1,2,37,0,0,0,0,0.0,0
malware,antak.aspx,data\raw\malware_webshell\tennc_webshell\aspx\nishang\Antak-WebShell\antak.aspx,6232,10,1,0,0,0,0.1,script,0,1,0,0,0,0,0,1,0,0,0,5.078991637627654,5.021347049936328,0.9374197689345315,0.0,84,4,0,0,11,0,0,0,11,0,0,0,0,0.0,0
malware,DNS_TXT_Pwnage.ps1,data\raw\malware_webshell\tennc_webshell\aspx\nishang\Backdoors\DNS_TXT_Pwnage.ps1,16704,18,1,0,0,0,0.16666666666666666,script,0,1,0,0,0,0,0,0,0,0,0,4.937222505243561,4.894861538556682,0.9523467432950191,0.0,95,7,1,0,11,0,0,0,11,0,0,0,0,0.0,0
malware,Execute-OnTime.ps1,data\raw\malware_webshell\tennc_webshell\aspx\nishang\Backdoors\Execute-OnTime.ps1,11694,18,1,0,0,0,0.1111111111111111,script,0,1,0,0,0,0,0,0,0,0,0,5.0261857631481615,5.0052902212825225,0.9469813579613477,0.0,95,11,1,0,5,0,0,0,5,0,0,0,0,0.0,0
malware,HTTP-Backdoor.ps1,data\raw\malware_webshell\tennc_webshell\aspx\nishang\Backdoors\HTTP-Backdoor.ps1,11911,17,1,0,0,0,0.11764705882352941,script,0,1,0,0,0,0,0,0,0,0,0,5.065387662101754,5.032000845413706,0.9472756275711527,0.0,95,10,0,0,7,0,0,0,7,0,0,0,0,0.0,0
malware,Enable-DuplicateToken.ps1,data\raw\malware_webshell\tennc_webshell\aspx\nishang\Escalation\Enable-DuplicateToken.ps1,5499,25,1,0,0,0,0.08,script,0,1,0,0,0,0,0,0,0,0,0,5.378503830575438,5.292897869271885,0.944717221312966,0.0,85,3,0,0,1,0,0,0,1,0,0,0,0,0.0,0
malware,Remove-Update.ps1,data\raw\malware_webshell\tennc_webshell\aspx\nishang\Escalation\Remove-Update.ps1,2309,17,1,0,0,0,0.11764705882352941,script,0,1,0,0,0,0,0,0,0,0,0,4.837273228095596,4.837273228095596,0.9281074058033781,0.0,74,2,0,0,1,0,0,0,1,0,0,0,0,0.0,0
malware,Download-Execute-PS.ps1,data\raw\malware_webshell\tennc_webshell\aspx\nishang\Execution\Download-Execute-PS.ps1,1741,23,1,0,0,0,0.13043478260869565,script,0,1,0,0,0,0,0,0,0,0,0,4.991467081650166,4.991467081650166,0.9230327398047099,0.0,72,4,0,0,4,0,0,0,4,0,0,0,0,0.0,0
malware,Download_Execute.ps1,data\raw\malware_webshell\tennc_webshell\aspx\nishang\Execution\Download_Execute.ps1,958,20,1,0,0,0,0.1,script,0,1,0,0,0,0,0,0,0,0,0,5.11267105457823,5.11267105457823,0.9248434237995825,0.0,69,3,0,0,0,0,0,0,0,0,0,0,0,0.0,0
malware,Execute-Command-MSSQL.ps1,data\raw\malware_webshell\tennc_webshell\aspx\nishang\Execution\Execute-Command-MSSQL.ps1,4016,25,1,0,0,0,0.12,script,0,1,0,0,0,0,0,0,0,0,0,4.948775879530711,4.948775879530711,0.9402390438247012,0.0,83,4,1,0,15,0,0,0,15,0,0,0,0,0.0,0
malware,Execute-DNSTXT-Code.ps1,data\raw\malware_webshell\tennc_webshell\aspx\nishang\Execution\Execute-DNSTXT-Code.ps1,3432,23,1,0,0,0,0.13043478260869565,script,0,1,0,0,0,0,0,0,0,0,0,5.304005930270728,5.304005930270728,0.9475524475524476,0.0,84,3,0,0,0,0,0,0,0,0,0,0,0,0.0,0
malware,Check-VM.ps1,data\raw\malware_webshell\tennc_webshell\aspx\nishang\Gather\Check-VM.ps1,7230,12,1,0,0,0,0.16666666666666666,script,0,1,0,0,0,0,0,0,0,0,0,4.2983855466291025,4.466813823061991,0.9164591977869986,0.0,79,3,0,1,0,0,0,1,1,0,0,0,0,0.0,0
malware,Copy-VSS.ps1,data\raw\malware_webshell\tennc_webshell\aspx\nishang\Gather\Copy-VSS.ps1,1328,12,1,0,0,0,0.16666666666666666,script,0,1,0,0,0,0,0,0,0,0,0,5.113887596606964,5.113887596606964,0.9141566265060241,0.0,78,2,0,0,1,0,0,0,1,0,0,0,0,0.0,0
malware,Credentials.ps1,data\raw\malware_webshell\tennc_webshell\aspx\nishang\Gather\Credentials.ps1,1676,15,1,0,0,0,0.06666666666666667,script,0,1,0,0,0,0,0,0,0,0,0,4.823341765457689,4.823341765457689,0.9415274463007159,0.0,67,2,0,0,0,0,0,0,0,0,0,0,0,0.0,0
malware,FireBuster.ps1,data\raw\malware_webshell\tennc_webshell\aspx\nishang\Gather\FireBuster.ps1,2176,14,1,0,0,0,0.07142857142857142,script,0,1,0,0,0,0,0,0,0,0,0,4.84375745507892,4.84375745507892,0.9361213235294118,0.0,79,3,2,0,2,0,0,0,2,0,0,0,0,0.0,0
malware,FireListener.ps1,data\raw\malware_webshell\tennc_webshell\aspx\nishang\Gather\FireListener.ps1,2794,16,1,0,0,0,0.0625,script,0,1,0,0,0,0,0,0,0,0,0,5.120220455836747,5.120220455836747,0.8933428775948461,0.0,80,4,0,0,2,0,0,0,2,0,0,0,0,0.0,0
malware,Get-Information.ps1,data\raw\malware_webshell\tennc_webshell\aspx\nishang\Gather\Get-Information.ps1,3692,19,1,0,0,0,0.10526315789473684,script,0,1,0,0,0,0,0,0,0,0,0,4.994358529921406,4.994358529921406,0.9664138678223185,0.0,76,2,0,0,2,0,0,0,2,0,0,0,0,0.0,0
malware,Get-LSASecret.ps1,data\raw\malware_webshell\tennc_webshell\aspx\nishang\Gather\Get-LSASecret.ps1,9082,17,1,0,0,0,0.11764705882352941,script,0,1,0,0,0,0,0,0,0,0,0,5.155065319649803,5.300242668389418,0.9420832415767452,0.0,89,3,0,0,2,0,0,0,2,0,0,0,0,0.0,0
malware,Get-PassHashes.ps1,data\raw\malware_webshell\tennc_webshell\aspx\nishang\Gather\Get-PassHashes.ps1,15047,18,1,0,0,0,0.1111111111111111,script,0,1,0,0,0,0,0,0,0,0,0,5.419537453233334,5.165795253533966,0.9459028377749717,0.0,96,3,0,0,0,0,0,2,2,0,0,0,0,0.0,0
malware,Get-WLAN-Keys.ps1,data\raw\malware_webshell\tennc_webshell\aspx\nishang\Gather\Get-WLAN-Keys.ps1,686,17,1,0,0,0,0.17647058823529413,script,0,1,0,0,0,0,0,0,0,0,0,5.255154795355889,5.255154795355889,0.9183673469387755,0.0,70,2,0,0,0,0,0,0,0,0,0,0,0,0.0,0
malware,Keylogger.ps1,data\raw\malware_webshell\tennc_webshell\aspx\nishang\Gather\Keylogger.ps1,14549,13,1,0,0,0,0.07692307692307693,script,0,1,0,0,0,0,0,0,0,0,0,4.647595519316639,4.950238165471829,0.94597566843082,0.0,94,8,0,0,3,0,0,0,3,0,0,0,0,0.0,0
malware,Speak.ps1,data\raw\malware_webshell\tennc_webshell\aspx\nishang\Misc\Speak.ps1,564,9,1,0,0,0,0.1111111111111111,script,0,1,0,0,0,0,0,0,0,0,0,4.967558364823845,4.967558364823845,0.8900709219858156,0.0,62,2,0,0,0,0,0,0,0,0,0,0,0,0.0,0
malware,Create-MultipleSessions.ps1,data\raw\malware_webshell\tennc_webshell\aspx\nishang\Pivot\Create-MultipleSessions.ps1,3539,27,1,0,0,0,0.07407407407407407,script,0,1,0,0,0,0,0,0,0,0,0,4.757143418388086,4.757143418388086,0.9412263351229161,0.0,77,2,0,0,4,0,0,0,4,0,0,0,0,0.0,0
malware,Run-EXEonRemote.ps1,data\raw\malware_webshell\tennc_webshell\aspx\nishang\Pivot\Run-EXEonRemote.ps1,1341249,19,1,0,0,0,0.10526315789473684,script,0,1,0,0,0,0,0,0,0,0,0,3.0626122399816134,4.356668263136009,0.9998851816478521,0.0,79,2,0,0,4,0,0,0,4,0,0,0,0,0.0,0
malware,Powerpreter.psm1,data\raw\malware_webshell\tennc_webshell\aspx\nishang\powerpreter\Powerpreter.psm1,131792,16,1,0,0,0,0.0625,script,0,1,0,0,0,0,0,0,0,0,0,5.149940675388064,5.142437682414492,0.9395942090566954,0.0,104,110,19,1,80,0,0,3,83,0,0,0,0,0.0,0
malware,Prasadhak.ps1,data\raw\malware_webshell\tennc_webshell\aspx\nishang\Prasadhak\Prasadhak.ps1,3920,13,1,0,0,0,0.07692307692307693,script,0,1,0,0,0,0,0,0,0,0,0,4.779249901767129,4.779249901767129,0.9377551020408164,0.0,85,4,0,1,1,0,0,1,2,0,0,0,0,0.0,0
malware,Brute-Force.ps1,data\raw\malware_webshell\tennc_webshell\aspx\nishang\Scan\Brute-Force.ps1,5549,15,1,0,0,0,0.13333333333333333,script,0,1,0,0,0,0,0,0,0,0,0,4.985347553230292,5.099661532040036,0.9412506757974409,0.0,86,4,0,0,1,0,0,0,1,0,0,0,0,0.0,0
malware,Port-Scan.ps1,data\raw\malware_webshell\tennc_webshell\aspx\nishang\Scan\Port-Scan.ps1,4437,13,1,0,0,0,0.15384615384615385,script,0,1,0,0,0,0,0,0,0,0,0,5.013732022658222,5.081578947543011,0.9409510930809105,0.0,82,3,10,0,1,0,0,0,1,0,0,0,0,0.0,0
malware,Add-Exfiltration.ps1,data\raw\malware_webshell\tennc_webshell\aspx\nishang\Utility\Add-Exfiltration.ps1,7277,20,1,0,0,0,0.1,script,0,1,0,0,0,0,0,0,0,0,0,4.723542966511017,4.7751650833408235,0.9440703586642847,0.0,97,7,0,0,2,0,0,0,2,0,0,0,0,0.0,0
malware,Add-Persistence.ps1,data\raw\malware_webshell\tennc_webshell\aspx\nishang\Utility\Add-Persistence.ps1,2886,19,1,0,0,0,0.10526315789473684,script,0,1,0,0,0,0,0,0,0,0,0,5.085591792094468,5.085591792094468,0.957033957033957,0.0,80,3,0,0,4,0,0,0,4,0,0,0,0,0.0,0
malware,Base64ToString.ps1,data\raw\malware_webshell\tennc_webshell\aspx\nishang\Utility\Base64ToString.ps1,1401,18,1,0,0,0,0.05555555555555555,script,0,1,0,0,0,0,0,0,0,0,0,4.997926128998534,4.997926128998534,0.9186295503211992,0.0,73,2,0,0,0,0,0,0,0,0,0,0,0,0.0,0
malware,Do-Exfiltration.ps1,data\raw\malware_webshell\tennc_webshell\aspx\nishang\Utility\Do-Exfiltration.ps1,5960,19,1,0,0,0,0.10526315789473684,script,0,1,0,0,0,0,0,0,0,0,0,5.07150184062417,5.081702673670035,0.9370805369127517,0.0,95,7,2,0,2,0,0,0,2,0,0,0,0,0.0,0
malware,Download.ps1,data\raw\malware_webshell\tennc_webshell\aspx\nishang\Utility\Download.ps1,832,12,1,0,0,0,0.08333333333333333,script,0,1,0,0,0,0,0,0,0,0,0,5.082582713238395,5.082582713238395,0.9134615384615384,0.0,67,3,0,0,0,0,0,0,0,0,0,0,0,0.0,0
malware,ExetoText.ps1,data\raw\malware_webshell\tennc_webshell\aspx\nishang\Utility\ExetoText.ps1,915,13,1,0,0,0,0.07692307692307693,script,0,1,0,0,0,0,0,0,0,0,0,5.069109358699497,5.069109358699497,0.9191256830601093,0.0,66,2,0,0,1,0,0,0,1,0,0,0,0,0.0,0
malware,Invoke-Decode.ps1,data\raw\malware_webshell\tennc_webshell\aspx\nishang\Utility\Invoke-Decode.ps1,1990,17,1,0,0,0,0.11764705882352941,script,0,1,0,0,0,0,0,0,0,0,0,5.091473679325942,5.091473679325942,0.9271356783919598,0.0,83,2,0,0,1,0,0,0,1,0,0,0,0,0.0,0
malware,Invoke-Encode.ps1,data\raw\malware_webshell\tennc_webshell\aspx\nishang\Utility\Invoke-Encode.ps1,3497,17,1,0,0,0,0.11764705882352941,script,0,1,0,0,0,0,0,0,0,0,0,5.0937596375454515,5.0937596375454515,0.9368029739776952,0.0,85,4,0,0,5,0,0,0,5,0,0,0,0,0.0,0
malware,Parse_Keys.ps1,data\raw\malware_webshell\tennc_webshell\aspx\nishang\Utility\Parse_Keys.ps1,7134,14,1,0,0,0,0.14285714285714285,script,0,1,0,0,0,0,0,0,0,0,0,3.754113533220271,3.8349882774418673,0.944771516680684,0.0,94,2,0,0,0,0,0,0,0,0,0,0,0,0.0,0
malware,Remove-Persistence.ps1,data\raw\malware_webshell\tennc_webshell\aspx\nishang\Utility\Remove-Persistence.ps1,2821,22,1,0,0,0,0.09090909090909091,script,0,1,0,0,0,0,0,0,0,0,0,4.98044120042332,4.98044120042332,0.9489542715349167,0.0,75,3,0,0,1,0,0,0,1,0,0,0,0,0.0,0
malware,StringToBase64.ps1,data\raw\malware_webshell\tennc_webshell\aspx\nishang\Utility\StringToBase64.ps1,1387,18,1,0,0,0,0.05555555555555555,script,0,1,0,0,0,0,0,0,0,0,0,5.001302432235742,5.001302432235742,0.9149242970439798,0.0,71,2,0,0,0,0,0,0,0,0,0,0,0,0.0,0
malware,TexttoExe.ps1,data\raw\malware_webshell\tennc_webshell\aspx\nishang\Utility\TexttoExe.ps1,975,13,1,0,0,0,0.07692307692307693,script,0,1,0,0,0,0,0,0,0,0,0,5.0850678613051095,5.0850678613051095,0.9158974358974359,0.0,68,2,0,0,1,0,0,0,1,0,0,0,0,0.0,0
malware,web.config,data\raw\malware_webshell\tennc_webshell\aspx\web.config,1035,10,0,0,0,0,0.1,unknown,0,0,0,0,1,0,0,0,0,0,0,4.929427936868285,4.929427936868285,0.9381642512077295,0.0,66,0,0,0,2,1,0,0,4,0,0,0,0,0.0,0
malware,wooyun2015052301.aspx,data\raw\malware_webshell\tennc_webshell\aspx\wooyun2015052301.aspx,3047,21,1,0,0,0,0.047619047619047616,script,0,1,0,0,0,0,0,1,0,0,0,3.701164443884025,3.701164443884025,0.9993436166721366,0.0,53,0,0,1,0,1,0,1,2,0,0,0,0,0.0,0
malware,wso.aspx,data\raw\malware_webshell\tennc_webshell\aspx\wso.aspx,62896,8,1,0,0,0,0.125,script,0,1,0,0,0,0,0,1,0,0,0,5.400657449994959,5.377327057380964,0.9186434749427627,0.0,97,1,6,0,16,7,1,0,61,0,0,0,0,0.0,0
malware,xslt.aspx,data\raw\malware_webshell\tennc_webshell\aspx\xslt.aspx,1503,9,1,0,0,0,0.1111111111111111,script,0,1,0,0,0,0,0,1,0,0,0,5.482064625580242,5.482064625580242,0.9540918163672655,0.0,81,1,4,0,0,1,0,0,1,0,0,0,0,0.0,0
malware,z1(1).txt,data\raw\malware_webshell\tennc_webshell\aspx\z1(1).txt,126664,9,1,0,0,0,0.3333333333333333,document,0,0,0,0,0,0,0,0,0,0,0,3.427426161672066,3.413461939159904,0.4744441988252384,0.4999921050969494,99,0,0,0,0,0,0,0,0,0,0,0,0,0.0,0
malware,back.h,data\raw\malware_webshell\tennc_webshell\b4tm4n-toolz\backconnect\back.h,1182,6,0,0,0,0,0.16666666666666666,unknown,0,0,0,0,1,0,0,0,0,0,0,5.567777639092973,5.567777639092973,0.8781725888324873,0.0,76,0,0,0,0,2,1,0,3,0,0,0,0,0.0,0
malware,back.java,data\raw\malware_webshell\tennc_webshell\b4tm4n-toolz\backconnect\back.java,1422,9,0,0,0,0,0.1111111111111111,unknown,0,0,0,0,1,0,0,0,0,0,0,5.0574805711351205,5.0574805711351205,0.819971870604782,0.0,63,0,0,0,4,1,0,0,5,0,0,0,0,0.0,0
malware,back.js,data\raw\malware_webshell\tennc_webshell\b4tm4n-toolz\backconnect\back.js,960,7,1,0,0,0,0.14285714285714285,script,0,1,0,0,0,0,0,0,0,0,0,4.918179000674232,4.918179000674232,0.9291666666666667,0.0,48,0,0,0,1,0,0,0,1,0,0,0,0,0.0,0
malware,back.php,data\raw\malware_webshell\tennc_webshell\b4tm4n-toolz\backconnect\back.php,3103,8,1,0,0,0,0.125,script,0,1,0,0,0,0,0,0,0,0,0,5.12992295412163,5.12992295412163,0.837576538833387,0.0,67,0,1,0,0,2,0,0,2,0,0,0,0,0.0,0
malware,back.pl,data\raw\malware_webshell\tennc_webshell\b4tm4n-toolz\backconnect\back.pl,888,7,1,0,0,0,0.14285714285714285,script,0,1,0,0,0,0,0,0,0,0,0,5.620157738012554,5.620157738012554,0.911036036036036,0.0,79,0,0,0,0,0,1,0,1,0,0,0,0,0.0,0
malware,back.py,data\raw\malware_webshell\tennc_webshell\b4tm4n-toolz\backconnect\back.py,1585,7,1,0,0,0,0.14285714285714285,script,0,1,0,0,0,0,0,0,0,0,0,5.279958154497191,5.279958154497191,0.8441640378548896,0.0,75,0,1,0,0,2,1,0,3,0,0,0,0,0.0,0
malware,back.rb,data\raw\malware_webshell\tennc_webshell\b4tm4n-toolz\backconnect\back.rb,2500,7,1,0,0,0,0.14285714285714285,script,0,1,0,0,0,0,0,0,0,0,0,4.8326239287257335,4.8326239287257335,0.8596,0.0,83,0,0,0,0,2,0,0,2,0,0,0,0,0.0,0
malware,list.json,data\raw\malware_webshell\tennc_webshell\b4tm4n-toolz\backconnect\list.json,874,9,1,0,0,0,0.1111111111111111,data,0,0,0,0,0,0,0,0,0,0,0,4.837758683198466,4.837758683198466,0.9816933638443935,0.0,44,7,0,0,0,0,0,0,0,0,0,0,0,0.0,0
malware,adminer-4.5.0.php,data\raw\malware_webshell\tennc_webshell\b4tm4n-toolz\database\adminer-4.5.0.php,451104,17,1,0,0,0,0.23529411764705882,script,0,1,0,0,0,0,0,0,0,0,8,7.173439401791283,7.606252567157282,0.7441055721075406,0.0,254,15,0,6,0,0,34,9,614,0,0,0,0,0.0,0
malware,list.json,data\raw\malware_webshell\tennc_webshell\b4tm4n-toolz\database\list.json,152,9,1,0,0,0,0.1111111111111111,data,0,0,0,0,0,0,0,0,0,0,0,4.934942910488536,4.934942910488536,0.9736842105263158,0.0,39,1,0,0,0,0,0,0,0,0,0,0,0,0.0,0
malware,devshell.asp,data\raw\malware_webshell\tennc_webshell\Backdoor Dev Shells\devshell.asp,65021,12,1,0,0,0,0.08333333333333333,script,0,1,0,0,0,0,0,0,0,0,3,6.20343132497366,5.815991957704966,0.97314713707879,0.0,99,0,0,0,0,0,0,0,0,0,0,0,0,0.0,0
malware,devshell.aspx,data\raw\malware_webshell\tennc_webshell\Backdoor Dev Shells\devshell.aspx,66285,13,1,0,0,0,0.07692307692307693,script,0,1,0,0,0,0,0,1,0,0,6,5.357584589380541,5.039726641288671,0.9605793165874632,0.0,95,0,0,201,15,0,0,202,268,0,0,0,0,0.0,0
malware,devshell.cfm,data\raw\malware_webshell\tennc_webshell\Backdoor Dev Shells\devshell.cfm,20766,12,0,0,0,0,0.08333333333333333,unknown,0,0,0,0,1,0,0,0,0,0,1,7.96391166985834,7.947075993237128,0.3641047866705191,0.003274583453722431,256,0,0,0,0,0,0,0,0,0,0,0,0,0.0,0
malware,devshell.cgi,data\raw\malware_webshell\tennc_webshell\Backdoor Dev Shells\devshell.cgi,68297,12,1,0,0,0,0.08333333333333333,script,0,1,0,0,0,0,0,0,0,0,3,5.833256744053321,5.900155834716351,0.9994436066005827,0.0,97,0,0,2,0,1,0,2,3,0,0,0,0,0.0,0
malware,devshell.jsp,data\raw\malware_webshell\tennc_webshell\Backdoor Dev Shells\devshell.jsp,65948,12,1,0,0,0,0.08333333333333333,script,0,1,0,0,0,0,0,0,0,0,6,5.891953650713359,6.120905963883542,0.9272608722023412,0.0,95,0,0,5,19,3,0,5,99,0,0,0,0,0.0,0
malware,devshell.php,data\raw\malware_webshell\tennc_webshell\Backdoor Dev Shells\devshell.php,26206,12,1,0,0,0,0.08333333333333333,script,0,1,0,0,0,0,0,0,0,0,14,6.054242223220588,6.120516295488047,0.9984736319926735,0.0,84,0,0,1,0,1,0,2,3,0,0,0,0,0.0,0
malware,devilzShell.asp,data\raw\malware_webshell\tennc_webshell\Backdoor Dev Shells\Source\devilzShell.asp,61618,15,1,0,0,0,0.06666666666666667,script,0,1,0,0,0,0,0,0,0,0,6,5.84196595526179,5.179144634694363,0.9259631925735986,0.0,96,0,0,201,18,22,0,205,298,0,0,0,0,0.0,0
malware,devilzShell.aspx,data\raw\malware_webshell\tennc_webshell\Backdoor Dev Shells\Source\devilzShell.aspx,66285,16,1,0,0,0,0.0625,script,0,1,0,0,0,0,0,1,0,0,6,5.357584589380541,5.039726641288671,0.9605793165874632,0.0,95,0,0,201,15,0,0,202,268,0,0,0,0,0.0,0
malware,devilzShell.cgi,data\raw\malware_webshell\tennc_webshell\Backdoor Dev Shells\Source\devilzShell.cgi,52357,15,1,0,0,0,0.06666666666666667,script,0,1,0,0,0,0,0,0,0,0,6,6.102069546072128,6.198571725525183,0.9158278740187559,0.0,98,0,0,227,14,1,0,227,242,0,0,0,0,0.0,0
malware,devilzShell.jsp,data\raw\malware_webshell\tennc_webshell\Backdoor Dev Shells\Source\devilzShell.jsp,65948,15,1,0,0,0,0.06666666666666667,script,0,1,0,0,0,0,0,0,0,0,6,5.891953650713359,6.120905963883542,0.9272608722023412,0.0,95,0,0,5,19,3,0,5,99,0,0,0,0,0.0,0
malware,devilzShell.php,data\raw\malware_webshell\tennc_webshell\Backdoor Dev Shells\Source\devilzShell.php,49880,15,1,0,0,0,0.06666666666666667,script,0,1,0,0,0,0,0,0,0,0,6,6.098707951989978,6.142319143843935,0.9290898155573376,0.0,96,0,0,226,17,5,0,228,333,0,0,0,0,0.0,0
malware,Behinder_v3.0_Beta_1.zip,data\raw\malware_webshell\tennc_webshell\Behinder\Behinder_v3.0_Beta_1.zip,8587738,24,1,0,0,0,0.20833333333333334,archive,0,0,0,1,0,1,1,0,0,0,141,7.995912261015748,7.948808351663567,0.36670634339333597,0.0029949679414998454,256,0,0,0,0,0,0,0,0,11,1,6,0,1.0180595868201847,0
malware,shell-2021-03-18.php,data\raw\malware_webshell\tennc_webshell\Behinder\shell-2021-03-18.php,853,20,1,0,0,0,0.2,script,0,1,0,0,0,0,0,0,0,0,0,5.444098890888837,5.444098890888837,0.917936694021102,0.0,81,0,0,0,0,1,0,0,2,0,0,0,0,0.0,0
malware,shell-2021-04-23.php,data\raw\malware_webshell\tennc_webshell\Behinder\shell-2021-04-23.php,1061,20,1,0,0,0,0.2,script,0,1,0,0,0,0,0,0,0,0,0,5.097273525393549,5.097273525393549,0.8906691800188501,0.0,96,0,0,0,0,1,0,0,1,0,0,0,0,0.0,0
malware,shell.asp,data\raw\malware_webshell\tennc_webshell\Behinder\shell.asp,243,9,1,0,0,0,0.1111111111111111,script,0,1,0,0,0,0,0,0,0,0,0,5.078150860040614,5.078150860040614,0.9094650205761317,0.0,50,0,0,0,0,0,0,0,0,0,0,0,0,0.0,0
malware,shell.aspx,data\raw\malware_webshell\tennc_webshell\Behinder\shell.aspx,400,10,1,0,0,0,0.1,script,0,1,0,0,0,0,0,1,0,0,0,5.30569396799789,5.30569396799789,1.0,0.0,63,0,0,0,0,0,0,0,0,0,0,0,0,0.0,0
malware,shell.jsp,data\raw\malware_webshell\tennc_webshell\Behinder\shell.jsp,542,9,1,0,0,0,0.1111111111111111,script,0,1,0,0,0,0,0,0,0,0,0,5.2844842754676735,5.2844842754676735,1.0,0.0,67,0,0,0,0,0,0,0,0,0,0,0,0,0.0,0
malware,shell.php,data\raw\malware_webshell\tennc_webshell\Behinder\shell.php,618,9,1,0,0,0,0.1111111111111111,script,0,1,0,0,0,0,0,0,0,0,0,5.4604218723063305,5.4604218723063305,0.8656957928802589,0.0,77,0,0,0,0,1,0,0,2,0,0,0,0,0.0,0
malware,shell2020-12-06.php,data\raw\malware_webshell\tennc_webshell\Behinder\shell2020-12-06.php,686,19,1,0,0,0,0.15789473684210525,script,0,1,0,0,0,0,0,0,0,0,0,5.939708857263137,5.939708857263137,0.8367346938775511,0.0,107,0,0,1,0,1,0,2,3,0,0,0,0,0.0,0
malware,3802.php,data\raw\malware_webshell\tennc_webshell\caidao-shell\3802.php,94,8,1,0,0,0,0.125,script,0,1,0,0,0,0,0,0,0,0,0,4.9405167834553865,4.9405167834553865,0.8723404255319149,0.0,36,0,0,0,0,0,0,0,0,0,0,0,0,0.0,0
malware,404.php,data\raw\malware_webshell\tennc_webshell\caidao-shell\404.php,108,7,1,0,0,0,0.14285714285714285,script,0,1,0,0,0,0,0,0,0,0,0,5.1942825258302765,5.1942825258302765,1.0,0.0,46,0,0,0,0,0,0,0,1,0,0,0,0,0.0,0
malware,a.asp,data\raw\malware_webshell\tennc_webshell\caidao-shell\a.asp,78,5,1,0,0,0,0.2,script,0,1,0,0,0,0,0,0,0,0,0,4.392767759551134,4.392767759551134,0.8205128205128205,0.0,31,0,0,0,0,0,0,0,1,0,0,0,0,0.0,0
malware,bypass01.php,data\raw\malware_webshell\tennc_webshell\caidao-shell\bypass01.php,155,12,1,0,0,0,0.08333333333333333,script,0,1,0,0,0,0,0,0,0,0,0,4.522526132664207,4.522526132664207,0.832258064516129,0.0,36,0,0,0,0,2,0,0,2,0,0,0,0,0.0,0
malware,Aspx文件搜索.ccc,data\raw\malware_webshell\tennc_webshell\caidao-shell\caidao-plug\Aspx文件搜索.ccc,2238,12,0,0,0,0,0.08333333333333333,unknown,0,0,0,0,1,1,0,0,0,0,0,3.6621772287759393,3.6621772287759393,0.4159964253798034,0.49955317247542447,71,0,0,0,0,0,0,0,0,0,0,0,0,0.0,0
malware,Aspx设置权限.ccc,data\raw\malware_webshell\tennc_webshell\caidao-shell\caidao-plug\Aspx设置权限.ccc,1166,12,0,0,0,0,0.08333333333333333,unknown,0,0,0,0,1,1,0,0,0,0,0,3.4782866882072727,3.4782866882072727,0.4725557461406518,0.49914236706689535,54,0,0,0,0,0,0,0,0,0,0,0,0,0.0,0
malware,asp目录写权限检测.ccc,data\raw\malware_webshell\tennc_webshell\caidao-shell\caidao-plug\asp目录写权限检测.ccc,20352,14,0,0,0,0,0.07142857142857142,unknown,0,0,0,0,1,1,0,0,0,0,0,3.8630137765155736,4.007307924210606,0.48132861635220126,0.48737224842767296,146,0,0,0,0,0,0,0,0,0,0,0,0,0.0,0
malware,ASP读终端端口.ccc,data\raw\malware_webshell\tennc_webshell\caidao-shell\caidao-plug\ASP读终端端口.ccc,1674,12,0,0,0,0,0.08333333333333333,unknown,0,0,0,0,1,1,0,0,0,0,0,3.9043894775745054,3.9043894775745054,0.48984468339307047,0.478494623655914,83,0,0,0,0,0,0,0,0,0,0,0,0,0.0,0
malware,php_HTTP代理.ccc,data\raw\malware_webshell\tennc_webshell\caidao-shell\caidao-plug\php_HTTP代理.ccc,2592,14,0,0,0,0,0.14285714285714285,unknown,0,0,0,0,1,1,0,0,0,0,0,3.641417518454152,3.641417518454152,0.4444444444444444,0.4984567901234568,83,0,0,0,0,0,0,0,0,0,0,0,0,0.0,0
malware,phpspy2011.ccc,data\raw\malware_webshell\tennc_webshell\caidao-shell\caidao-plug\phpspy2011.ccc,151922,14,0,0,0,0,0.07142857142857142,unknown,0,0,0,0,1,0,0,0,0,0,0,3.8092414379429886,3.9092398929183885,0.441213254169903,0.49768960387567307,184,0,0,0,0,0,0,0,0,0,0,0,0,0.0,0
malware,PHP批量挂马.ccc,data\raw\malware_webshell\tennc_webshell\caidao-shell\caidao-plug\PHP批量挂马.ccc,1918,11,0,0,0,0,0.09090909090909091,unknown,0,0,0,0,1,1,0,0,0,0,0,3.6341629114003924,3.6341629114003924,0.40719499478623566,0.49582898852971846,70,0,0,0,0,0,0,0,0,0,0,0,0,0.0,0
malware,php端口转向.ccc,data\raw\malware_webshell\tennc_webshell\caidao-shell\caidao-plug\php端口转向.ccc,2104,11,0,0,0,0,0.09090909090909091,unknown,0,0,0,0,1,1,0,0,0,0,0,3.5959442737829646,3.5959442737829646,0.4301330798479088,0.49809885931558934,70,0,0,0,0,0,0,0,0,0,0,0,0,0.0,0
malware,扫描端口_php.ccc,data\raw\malware_webshell\tennc_webshell\caidao-shell\caidao-plug\扫描端口_php.ccc,213,12,0,0,0,0,0.16666666666666666,unknown,0,0,0,0,1,0,0,0,0,0,0,4.846619693647475,4.846619693647475,0.8403755868544601,0.0,39,0,0,0,0,0,0,0,0,0,0,0,0,0.0,0
malware,customize.ashx,data\raw\malware_webshell\tennc_webshell\caidao-shell\customize.ashx,13357,14,0,0,0,0,0.07142857142857142,unknown,0,0,0,0,1,0,0,0,0,0,0,3.2382518724879605,3.37593805689224,0.9535823912555215,0.0,93,0,0,0,0,0,0,0,3,0,0,0,0,0.0,0
malware,customize.asmx,data\raw\malware_webshell\tennc_webshell\caidao-shell\customize.asmx,14385,14,0,0,0,0,0.07142857142857142,unknown,0,0,0,0,1,0,0,0,0,0,0,3.5046132947329203,4.007358992167839,0.9509210983663539,0.0,124,1,0,0,0,0,0,0,3,0,0,0,0,0.0,0
malware,Customize.soap,data\raw\malware_webshell\tennc_webshell\caidao-shell\Customize.soap,13694,14,0,0,0,0,0.07142857142857142,unknown,0,0,0,0,1,0,0,0,0,0,0,3.3159305702021005,3.6707174751695693,0.9538484007594566,0.0,85,1,0,0,0,0,0,0,0,0,0,0,0,0.0,0
malware,cutstomize.asp,data\raw\malware_webshell\tennc_webshell\caidao-shell\cutstomize.asp,4978,14,1,0,0,0,0.07142857142857142,script,0,1,0,0,0,0,0,0,0,0,0,3.8133311855136687,3.589445614555674,0.9875451988750502,0.0,70,0,0,5,0,0,0,5,6,0,0,0,0,0.0,0
malware,download 下载文件.asp,data\raw\malware_webshell\tennc_webshell\caidao-shell\download 下载文件.asp,315,17,1,0,0,0,0.11764705882352941,script,0,1,0,0,0,0,0,0,0,0,0,5.1376753191538675,5.1376753191538675,0.9365079365079365,0.0,57,1,0,0,0,0,0,0,0,0,0,0,0,0.0,0
malware,fuck.php,data\raw\malware_webshell\tennc_webshell\caidao-shell\fuck.php,108,8,1,0,0,0,0.125,script,0,1,0,0,0,0,0,0,0,0,0,5.1942825258302765,5.1942825258302765,1.0,0.0,46,0,0,0,0,0,0,0,1,0,0,0,0,0.0,0
malware,guest.jsp,data\raw\malware_webshell\tennc_webshell\caidao-shell\guest.jsp,9886,9,1,0,0,0,0.1111111111111111,script,0,1,0,0,0,0,0,0,0,0,0,4.487754598354485,4.498430124550016,0.9467934452761481,0.0,87,0,0,0,0,1,0,0,6,0,0,0,0,0.0,0
malware,guo.php,data\raw\malware_webshell\tennc_webshell\caidao-shell\guo.php,94,7,1,0,0,0,0.14285714285714285,script,0,1,0,0,0,0,0,0,0,0,0,4.912271868220771,4.912271868220771,1.0,0.0,40,0,0,0,0,0,0,1,2,0,0,0,0,0.0,0
malware,hkmjj.asp,data\raw\malware_webshell\tennc_webshell\caidao-shell\hkmjj.asp,674,9,1,0,0,0,0.1111111111111111,script,0,1,0,0,0,0,0,0,0,0,0,4.552155035647835,4.552155035647835,0.9198813056379822,0.0,75,0,0,0,0,0,0,0,0,0,0,0,0,0.0,0
malware,ice.asp,data\raw\malware_webshell\tennc_webshell\caidao-shell\ice.asp,31,7,1,0,0,0,0.14285714285714285,script,0,1,0,0,0,1,0,1,0,0,0,4.502583407161069,4.502583407161069,0.9354838709677419,0.0,25,0,0,0,0,0,0,0,1,0,0,0,0,0.0,0
malware,ice.aspx,data\raw\malware_webshell\tennc_webshell\caidao-shell\ice.aspx,76,8,1,0,0,0,0.125,script,0,1,0,0,0,1,0,1,0,0,0,4.984255144794801,4.984255144794801,0.9736842105263158,0.0,41,0,0,0,0,1,0,0,1,0,0,0,0,0.0,0
malware,ice.cfm,data\raw\malware_webshell\tennc_webshell\caidao-shell\ice.cfm,3196,7,0,0,0,0,0.14285714285714285,unknown,0,0,0,0,1,0,0,0,0,0,0,5.71688307305173,5.71688307305173,0.983729662077597,0.0,86,0,0,0,0,0,0,0,0,0,0,0,0,0.0,0
malware,ice.jsp,data\raw\malware_webshell\tennc_webshell\caidao-shell\ice.jsp,6276,7,1,0,0,0,0.14285714285714285,script,0,1,0,0,0,0,0,0,0,0,0,5.429495410273428,5.409992290887098,0.9815168897386871,0.0,87,0,0,0,0,1,0,0,5,0,0,0,0,0.0,0
malware,ice.php,data\raw\malware_webshell\tennc_webshell\caidao-shell\ice.php,32,7,1,0,0,0,0.14285714285714285,script,0,1,0,0,0,0,0,0,0,0,0,4.538909765557392,4.538909765557392,1.0,0.0,25,0,0,0,0,1,0,0,2,0,0,0,0,0.0,0
malware,m7lrv01.php,data\raw\malware_webshell\tennc_webshell\caidao-shell\m7lrv01.php,68,11,1,0,0,0,0.09090909090909091,script,0,1,0,0,0,0,0,0,0,0,0,4.814972767530035,4.814972767530035,0.9705882352941176,0.0,34,0,0,0,0,1,0,0,2,0,0,0,0,0.0,0
malware,mdb.asp,data\raw\malware_webshell\tennc_webshell\caidao-shell\mdb.asp,233472,7,1,0,0,0,0.14285714285714285,script,0,1,0,0,0,0,0,0,0,0,0,0.7324062130771908,0.8028358091263323,0.026204427083333332,0.9393588952850878,249,0,0,0,0,0,0,0,2,0,0,0,0,0.0,0
malware,p.php,data\raw\malware_webshell\tennc_webshell\caidao-shell\p.php,80,5,1,0,0,0,0.2,script,0,1,0,0,0,0,0,0,0,0,0,4.6429309079523415,4.6429309079523415,0.85,0.0,31,0,0,0,0,1,0,0,2,0,0,0,0,0.0,0
malware,qun01.php,data\raw\malware_webshell\tennc_webshell\caidao-shell\qun01.php,1212,9,1,0,0,0,0.1111111111111111,script,0,1,0,0,0,0,0,0,0,0,0,5.264244719420739,5.264244719420739,0.9323432343234324,0.0,63,0,0,0,0,1,0,0,24,0,0,0,0,0.0,0
malware,README.md,data\raw\malware_webshell\tennc_webshell\caidao-shell\README.md,781,9,0,0,0,0,0.1111111111111111,unknown,0,0,0,0,1,0,0,0,0,0,0,6.249082599455375,6.249082599455375,0.5224071702944942,0.0,126,2,0,0,0,0,0,0,0,0,0,0,0,0.0,0
malware,redirect.asp,data\raw\malware_webshell\tennc_webshell\caidao-shell\redirect.asp,14933,12,1,0,0,0,0.08333333333333333,script,0,1,0,0,0,0,0,0,0,0,0,5.595694089789055,5.39487847338552,0.9398647291234179,0.0,154,6,0,0,0,4,0,1,19,0,0,0,0,0.0,0
malware,short_shell.md,data\raw\malware_webshell\tennc_webshell\caidao-shell\short_shell.md,1231,14,0,0,0,0,0.14285714285714285,unknown,0,0,0,0,1,0,0,0,0,0,0,6.248559372048355,6.248559372048355,0.5499593826157595,0.0,125,0,0,0,0,9,0,0,14,0,0,0,0,0.0,0
malware,sqzr.php,data\raw\malware_webshell\tennc_webshell\caidao-shell\sqzr.php,337,8,1,0,0,0,0.125,script,0,1,0,0,0,0,0,0,0,0,0,5.08558862447934,5.08558862447934,0.9406528189910979,0.0,53,0,0,0,0,0,0,0,0,0,0,0,0,0.0,0
malware,tie01.asp,data\raw\malware_webshell\tennc_webshell\caidao-shell\tie01.asp,56,9,1,0,0,0,0.1111111111111111,script,0,1,0,0,0,0,0,0,0,0,0,4.1704353348182,4.1704353348182,0.9642857142857143,0.0,25,0,0,0,0,0,0,0,0,0,0,0,0,0.0,0
malware,toby57解析加密一句话木马.php,data\raw\malware_webshell\tennc_webshell\caidao-shell\toby57解析加密一句话木马.php,849,19,1,0,0,0,0.05263157894736842,script,0,1,0,0,0,0,0,0,0,0,0,6.103983087433258,6.103983087433258,0.8080094228504122,0.0,123,0,2,0,0,1,0,0,5,0,0,0,0,0.0,0
malware,w-ob_start01.php,data\raw\malware_webshell\tennc_webshell\caidao-shell\w-ob_start01.php,151,16,1,0,0,0,0.1875,script,0,1,0,0,0,0,0,0,0,0,0,5.02552398620396,5.02552398620396,0.9072847682119205,0.0,43,0,0,0,0,1,0,0,2,0,0,0,0,0.0,0
malware,w-ob_start02.php,data\raw\malware_webshell\tennc_webshell\caidao-shell\w-ob_start02.php,128,16,1,0,0,0,0.1875,script,0,1,0,0,0,0,0,0,0,0,0,5.063253250935348,5.063253250935348,0.921875,0.0,41,0,0,0,0,0,0,0,1,0,0,0,0,0.0,0
malware,w.jsp,data\raw\malware_webshell\tennc_webshell\caidao-shell\w.jsp,6279,5,1,0,0,0,0.2,script,0,1,0,0,0,0,0,0,0,0,0,5.429379325472418,5.408682469384926,0.9812071985985029,0.0,87,0,0,0,0,1,0,0,5,0,0,0,0,0.0,0
malware,w.jspx,data\raw\malware_webshell\tennc_webshell\caidao-shell\w.jspx,286,6,1,0,0,0,0.16666666666666666,script,0,1,0,0,0,0,0,0,0,0,0,5.042338328083543,5.042338328083543,0.993006993006993,0.0,50,1,0,0,0,0,0,0,2,0,0,0,0,0.0,0
malware,w.php,data\raw\malware_webshell\tennc_webshell\caidao-shell\w.php,395,5,1,0,0,0,0.2,script,0,1,0,0,0,0,0,0,0,0,0,5.719542407380639,5.719542407380639,0.6734177215189874,0.0,88,0,0,0,0,1,0,0,2,0,0,0,0,0.0,0
malware,w01.asp,data\raw\malware_webshell\tennc_webshell\caidao-shell\w01.asp,142,7,1,0,0,0,0.14285714285714285,script,0,1,0,0,0,0,0,0,0,0,0,4.93395504376176,4.93395504376176,0.9154929577464789,0.0,43,0,0,0,0,1,0,0,1,0,0,0,0,0.0,0
malware,w01.php,data\raw\malware_webshell\tennc_webshell\caidao-shell\w01.php,225,7,1,0,0,0,0.14285714285714285,script,0,1,0,0,0,0,0,0,0,0,0,6.010690275781887,6.010690275781887,0.76,0.0,88,0,0,0,1,1,0,0,3,0,0,0,0,0.0,0
malware,w02.asp,data\raw\malware_webshell\tennc_webshell\caidao-shell\w02.asp,3039,7,1,0,0,0,0.14285714285714285,script,0,1,0,0,0,0,0,0,0,0,0,3.6811273165638645,3.6811273165638645,0.9993418887792037,0.0,50,0,0,1,0,1,0,1,2,0,0,0,0,0.0,0
malware,w02.jsp,data\raw\malware_webshell\tennc_webshell\caidao-shell\w02.jsp,184,7,1,0,0,0,0.14285714285714285,script,0,1,0,0,0,0,0,0,0,0,0,4.8990409448731,4.8990409448731,0.9891304347826086,0.0,45,0,0,0,0,0,0,0,2,0,0,0,0,0.0,0
malware,w02.php,data\raw\malware_webshell\tennc_webshell\caidao-shell\w02.php,294,7,1,0,0,0,0.14285714285714285,script,0,1,0,0,0,0,0,0,0,0,0,5.943328260002617,5.943328260002617,0.9523809523809523,0.0,78,0,0,1,0,1,0,3,6,0,0,0,0,0.0,0
malware,w03.asp,data\raw\malware_webshell\tennc_webshell\caidao-shell\w03.asp,123,7,1,0,0,0,0.14285714285714285,script,0,1,0,0,0,0,0,0,0,0,0,5.254943400909517,5.254943400909517,0.9186991869918699,0.0,52,0,0,0,0,1,0,0,1,0,0,0,0,0.0,0
malware,w03.jsp,data\raw\malware_webshell\tennc_webshell\caidao-shell\w03.jsp,162,7,1,0,0,0,0.14285714285714285,script,0,1,0,0,0,0,0,0,0,0,0,4.556826941392417,4.556826941392417,0.9876543209876543,0.0,41,0,0,0,0,0,0,0,2,0,0,0,0,0.0,0
malware,w_2016-05-25.php,data\raw\malware_webshell\tennc_webshell\caidao-shell\w_2016-05-25.php,159,16,1,0,0,0,0.25,script,0,1,0,0,0,0,0,0,0,0,0,5.760007977561542,5.760007977561542,0.9245283018867925,0.0,66,0,0,0,0,0,0,1,2,0,0,0,0,0.0,0
malware,x.php,data\raw\malware_webshell\tennc_webshell\caidao-shell\x.php,137,5,1,0,0,0,0.2,script,0,1,0,0,0,0,0,0,0,0,0,5.308131558091607,5.308131558091607,0.9562043795620438,0.0,49,0,0,0,0,1,0,0,5,0,0,0,0,0.0,0
malware,z-2016-01-05.php,data\raw\malware_webshell\tennc_webshell\caidao-shell\z-2016-01-05.php,454,16,1,0,0,0,0.25,script,0,1,0,0,0,0,0,0,0,0,0,5.249447158723821,5.249447158723821,0.8986784140969163,0.0,58,0,0,1,0,0,0,1,1,0,0,0,0,0.0,0
malware,强悍.php,data\raw\malware_webshell\tennc_webshell\caidao-shell\强悍.php,2419,6,1,0,0,0,0.16666666666666666,script,0,1,0,0,0,0,0,0,0,0,0,6.526581038966394,6.526581038966394,0.52087639520463,0.0,149,3,0,0,0,2,0,2,25,0,0,0,0,0.0,0
malware,菜刀jsp修改.jsp,data\raw\malware_webshell\tennc_webshell\caidao-shell\菜刀jsp修改.jsp,8621,11,1,0,0,0,0.09090909090909091,script,0,1,0,0,0,0,0,0,0,0,0,5.2811094700124,5.279362099143992,0.8479294745389166,0.0,89,0,0,0,0,1,0,0,8,0,0,0,0,0.0,0
malware,1个经典的过人 WebShell.pdf,data\raw\malware_webshell\tennc_webshell\content\1个经典的过人 WebShell.pdf,519010,20,1,0,0,0,0.1,document,0,0,0,0,0,1,1,0,0,0,9,7.965359657978108,6.556322461966759,0.40256064430357796,0.005300475906051907,256,11,0,21,0,0,0,21,21,0,0,0,0,0.0,0
malware,php马-bypass _ alin'Blog.pdf,data\raw\malware_webshell\tennc_webshell\content\php马-bypass _ alin'Blog.pdf,3436855,27,1,0,0,0,0.2222222222222222,document,0,0,0,0,0,1,1,0,0,0,115,6.046715464329276,3.6412344129643714,0.25401129811993817,0.3573348308264387,256,51,0,3,0,0,0,3,3,0,0,0,0,0.0,0
malware,Upload与WAF的那些事.pdf,data\raw\malware_webshell\tennc_webshell\content\Upload与WAF的那些事.pdf,1033329,18,1,0,0,0,0.05555555555555555,document,0,0,0,0,0,1,1,0,0,0,13,7.984851912683949,7.071071791984562,0.3766128696668728,0.013585218260592705,256,9,0,0,0,0,0,0,0,0,0,0,0,0.0,0
malware,webshell-detect-bypass,data\raw\malware_webshell\tennc_webshell\content\webshell-detect-bypass,80,22,0,0,0,0,0.09090909090909091,unknown,0,0,0,0,1,0,0,0,0,0,0,4.610031727380474,4.610031727380474,0.925,0.0,30,1,0,0,0,0,0,0,0,0,0,0,0,0.0,0
malware,WebShell免杀.pdf,data\raw\malware_webshell\tennc_webshell\content\WebShell免杀.pdf,145323,14,1,0,0,0,0.07142857142857142,document,0,0,0,0,0,1,1,0,0,0,0,7.9392246129312944,6.814537895862837,0.4154056825141237,0.0030139757643318677,256,6,0,10,0,0,0,10,10,0,0,0,0,0.0,0
malware,Webshell免杀的思考与学习 - 先知社区.mhtml,data\raw\malware_webshell\tennc_webshell\content\Webshell免杀的思考与学习 - 先知社区.mhtml,5730609,29,0,0,0,0,0.13793103448275862,unknown,0,0,0,0,1,0,0,0,0,0,1286,6.154056056547055,5.423509836445825,0.9722069678807261,0.0,97,790,0,62156,12,0,0,62156,62172,0,0,0,0,0.0,0
malware,从Webshell的视角谈攻防对抗 - FreeBuf网络安全行业门户.pdf,data\raw\malware_webshell\tennc_webshell\content\从Webshell的视角谈攻防对抗 - FreeBuf网络安全行业门户.pdf,2803649,39,1,0,0,0,0.10256410256410256,document,0,0,0,0,0,1,1,0,0,0,102,7.9848313265296,5.922596379812209,0.38663292016939355,0.010827674933631135,256,43,0,19,1,0,0,19,20,0,0,0,0,0.0,0
malware,冰蝎，从入门到魔改.pdf,data\raw\malware_webshell\tennc_webshell\content\冰蝎，从入门到魔改.pdf,6671889,13,1,0,0,0,0.15384615384615385,document,0,0,0,0,0,1,1,0,0,0,103,7.996844802788621,7.2075695181712245,0.37173655017342166,0.005037553832205542,256,0,0,2,0,0,0,2,2,0,0,0,0,0.0,0
malware,冰蝎，从入门到魔改（续）.pdf,data\raw\malware_webshell\tennc_webshell\content\冰蝎，从入门到魔改（续）.pdf,2841120,16,1,0,0,0,0.25,document,0,0,0,0,0,1,1,0,0,0,37,7.996652426675226,6.889375124037195,0.3755997634735597,0.004936433519175536,256,49,0,2,0,0,0,2,2,0,0,0,0,0.0,0
malware,Webshell_Generate-1.1.jar,data\raw\malware_webshell\tennc_webshell\cseroad\Webshell_Generate-1.1.jar,1328211,25,1,0,0,0,0.16,archive,1,0,0,1,0,1,1,0,0,0,954,7.883676646241558,7.854490224034714,0.4241419473261402,0.029029273210355883,256,0,0,1254,0,0,0,1254,1254,0,0,0,0,0.0,0
malware,_config.yml,data\raw\malware_webshell\tennc_webshell\docs\_config.yml,26,11,1,0,0,0,0.18181818181818182,data,0,0,0,0,0,1,1,0,0,0,0,3.53641423712223,3.53641423712223,1.0,0.0,14,0,0,0,0,0,0,0,0,0,0,0,0,0.0,0
malware,webshell.md,data\raw\malware_webshell\tennc_webshell\docs\webshell.md,21,11,0,0,0,0,0.09090909090909091,unknown,0,0,0,0,1,0,0,0,0,0,0,3.9754180179138325,3.9754180179138325,0.047619047619047616,0.0,17,0,0,0,0,0,0,0,0,0,0,0,0,0.0,0
malware,asp wget drag database.asp.txt,data\raw\malware_webshell\tennc_webshell\drag\asp wget drag database.asp.txt,2207,30,2,1,0,0,0.16666666666666666,document,0,1,0,0,0,0,0,0,0,0,0,4.337522832740155,4.337522832740155,0.3470774807430902,0.0,127,1,1,0,0,2,0,0,2,0,0,0,0,0.0,0
malware,jsp wget drag database.jsp.txt,data\raw\malware_webshell\tennc_webshell\drag\jsp wget drag database.jsp.txt,2605,30,2,1,0,0,0.16666666666666666,document,0,1,0,0,0,0,0,0,0,0,0,5.899739655696525,5.899739655696525,0.7857965451055662,0.0,143,1,1,0,1,0,0,0,4,0,0,0,0,0.0,0
malware,MSSQL.asp,data\raw\malware_webshell\tennc_webshell\drag\MSSQL.asp,70581,9,1,0,0,0,0.1111111111111111,script,0,1,0,0,0,0,0,0,0,0,0,5.8169953354601285,5.451536865039028,0.8587863589351242,0.0,166,1,0,0,8,6,0,0,72,0,0,0,0,0.0,0
malware,mysql_1.php,data\raw\malware_webshell\tennc_webshell\drag\mysql_1.php,3268,11,1,0,0,0,0.18181818181818182,script,0,1,0,0,0,0,0,0,0,0,0,5.876590935309349,5.876590935309349,0.9553243574051408,0.0,90,0,0,0,2,0,0,3,9,0,0,0,0,0.0,0
malware,mysql_jsp脱裤.txt,data\raw\malware_webshell\tennc_webshell\drag\mysql_jsp脱裤.txt,3025,15,1,0,0,0,0.13333333333333333,document,0,0,0,0,0,0,0,0,0,0,0,4.736774886039673,4.736774886039673,0.9338842975206612,0.0,97,0,0,0,0,0,0,0,0,0,0,0,0,0.0,0
malware,mysql数据库脱单个表.jsp,data\raw\malware_webshell\tennc_webshell\drag\mysql数据库脱单个表.jsp,2896,16,1,0,0,0,0.0625,script,0,1,0,0,0,0,0,0,0,0,0,4.805220439443891,4.805220439443891,0.9350828729281768,0.0,96,0,0,0,0,0,0,0,11,0,0,0,0,0.0,0
malware,oracle_jsp脱裤.txt,data\raw\malware_webshell\tennc_webshell\drag\oracle_jsp脱裤.txt,8963,16,1,0,0,0,0.125,document,0,0,0,0,0,0,0,0,0,0,0,4.0182254286590835,4.750107860554083,0.9283721968091041,0.0,86,0,1,0,0,0,0,0,10,0,0,0,0,0.0,0
malware,oracle脱裤脚本.jsp,data\raw\malware_webshell\tennc_webshell\drag\oracle脱裤脚本.jsp,2371,14,1,0,0,0,0.07142857142857142,script,0,1,0,0,0,0,0,0,0,0,0,4.7386930336392545,4.7386930336392545,0.9401096583719949,0.0,78,0,0,0,0,0,0,0,0,0,0,0,0,0.0,0
malware,php wget drag database.php 2.txt,data\raw\malware_webshell\tennc_webshell\drag\php wget drag database.php 2.txt,4938,32,1,0,0,0,0.1875,document,0,0,0,0,0,0,0,0,0,0,0,4.384441431337417,4.5819833035333835,0.9214256784123127,0.0,133,3,1,0,1,0,0,0,11,0,0,0,0,0.0,0
malware,php wget drag database.php.txt,data\raw\malware_webshell\tennc_webshell\drag\php wget drag database.php.txt,2065,30,2,1,0,0,0.16666666666666666,document,0,1,0,0,0,0,0,0,0,0,0,5.880225149191384,5.880225149191384,0.7656174334140435,0.0,134,1,1,0,1,0,0,0,5,0,0,0,0,0.0,0
malware,system.jsp,data\raw\malware_webshell\tennc_webshell\drag\system.jsp,17473,10,1,0,0,0,0.1,script,0,1,0,0,0,0,0,0,0,0,0,5.321340026486194,5.272287695073595,0.8258455903393808,0.0,93,0,0,0,0,0,0,0,11,0,0,0,0,0.0,0
malware,tuo.aspx,data\raw\malware_webshell\tennc_webshell\drag\tuo.aspx,10787,8,1,0,0,0,0.125,script,0,1,0,0,0,0,0,1,0,0,0,4.22254097883604,4.569318842434992,0.9008065263743394,0.0,152,3,0,0,2,0,0,0,2,0,0,0,0,0.0,0
malware,脱mysql数据库.jsp,data\raw\malware_webshell\tennc_webshell\drag\脱mysql数据库.jsp,2976,13,1,0,0,0,0.07692307692307693,script,0,1,0,0,0,0,0,0,0,0,0,4.697062779664818,4.697062779664818,0.9327956989247311,0.0,98,0,0,0,0,0,0,0,0,0,0,0,0,0.0,0
malware,cmd-asp-5.1.asp,data\raw\malware_webshell\tennc_webshell\fuzzdb-webshell\asp\cmd-asp-5.1.asp,1241,15,1,0,0,0,0.26666666666666666,script,0,1,0,0,0,0,0,0,0,0,0,5.432367461617462,5.432367461617462,0.9339242546333602,0.0,73,2,0,0,4,3,0,0,8,0,0,0,0,0.0,0
malware,cmd.asp,data\raw\malware_webshell\tennc_webshell\fuzzdb-webshell\asp\cmd.asp,970,7,1,0,0,0,0.14285714285714285,script,0,1,0,0,0,0,0,0,0,0,0,5.353105525436418,5.353105525436418,0.9030927835051547,0.0,71,0,0,0,4,3,0,0,8,0,0,0,0,0.0,0
malware,cmd.aspx,data\raw\malware_webshell\tennc_webshell\fuzzdb-webshell\asp\cmd.aspx,1583,8,1,0,0,0,0.125,script,0,1,0,0,0,0,0,1,0,0,0,4.8661312577087354,4.8661312577087354,0.9545167403663929,0.0,64,0,0,0,1,0,0,0,1,0,0,0,0,0.0,0
malware,cmdasp.asp,data\raw\malware_webshell\tennc_webshell\fuzzdb-webshell\asp\cmdasp.asp,1581,10,1,0,0,0,0.1,script,0,1,0,0,0,0,0,0,0,0,0,5.1984166546388355,5.1984166546388355,0.9304237824161923,0.0,74,1,0,0,3,3,0,0,7,0,0,0,0,0.0,0
malware,cmdasp.aspx,data\raw\malware_webshell\tennc_webshell\fuzzdb-webshell\asp\cmdasp.aspx,1443,11,1,0,0,0,0.09090909090909091,script,0,1,0,0,0,0,0,1,0,0,0,5.464681934812685,5.464681934812685,0.9417879417879418,0.0,76,2,0,0,2,0,0,0,2,0,0,0,0,0.0,0
malware,list.asp,data\raw\malware_webshell\tennc_webshell\fuzzdb-webshell\asp\list.asp,1451,8,1,0,0,0,0.125,script,0,1,0,0,0,0,0,0,0,0,0,5.28897937074584,5.28897937074584,0.8807718814610613,0.0,74,0,0,0,0,1,0,0,3,0,0,0,0,0.0,0
malware,list.txt,data\raw\malware_webshell\tennc_webshell\fuzzdb-webshell\asp\list.txt,1451,8,1,0,0,0,0.125,document,0,0,0,0,0,0,0,0,0,0,0,5.28897937074584,5.28897937074584,0.8807718814610613,0.0,74,0,0,0,0,1,0,0,3,0,0,0,0,0.0,0
malware,ntdaddy.asp,data\raw\malware_webshell\tennc_webshell\fuzzdb-webshell\asp\ntdaddy.asp,42801,11,1,0,0,0,0.09090909090909091,script,0,1,0,0,0,0,0,0,0,0,0,5.2151161837471065,5.0323629652026645,0.9525011097871545,0.0,93,0,0,0,6,3,0,0,66,0,0,0,0,0.0,0
malware,up.asp,data\raw\malware_webshell\tennc_webshell\fuzzdb-webshell\asp\up.asp,4604,6,1,0,0,0,0.16666666666666666,script,0,1,0,0,0,0,0,0,0,0,0,4.913928194968356,4.800900377882491,0.9400521285838401,0.0,77,0,0,0,0,2,0,0,3,0,0,0,0,0.0,0
malware,cmd.c,data\raw\malware_webshell\tennc_webshell\fuzzdb-webshell\c\cmd.c,1448,5,0,0,0,0,0.2,unknown,0,0,0,0,1,0,0,0,0,0,0,5.0388239935023345,5.0388239935023345,0.8977900552486188,0.0,75,0,0,0,11,0,0,0,11,0,0,0,0,0.0,0
malware,cfExec.cfm,data\raw\malware_webshell\tennc_webshell\fuzzdb-webshell\cfm\cfExec.cfm,2187,10,0,0,0,0,0.1,unknown,0,0,0,0,1,0,0,0,0,0,0,5.238305611425732,5.238305611425732,0.9208962048468221,0.0,79,0,0,0,7,0,0,0,7,0,0,0,0,0.0,0
malware,cfSQL.cfm,data\raw\malware_webshell\tennc_webshell\fuzzdb-webshell\cfm\cfSQL.cfm,1836,9,0,0,0,0,0.1111111111111111,unknown,0,0,0,0,1,0,0,0,0,0,0,4.843659240633536,4.843659240633536,0.920479302832244,0.0,70,0,0,0,0,0,0,0,0,0,0,0,0,0.0,0
malware,cmd.cfm,data\raw\malware_webshell\tennc_webshell\fuzzdb-webshell\cfm\cmd.cfm,807,7,0,0,0,0,0.14285714285714285,unknown,0,0,0,0,1,0,0,0,0,0,0,4.865000756521949,4.865000756521949,0.9231722428748451,0.0,48,0,0,0,4,0,0,0,4,0,0,0,0,0.0,0
malware,browser.jsp,data\raw\malware_webshell\tennc_webshell\fuzzdb-webshell\jsp\browser.jsp,69911,11,1,0,0,0,0.09090909090909091,script,0,1,0,0,0,0,0,0,0,0,0,5.17613604891118,5.182999463778185,0.8735249102430233,0.0,95,2,0,0,6,1,0,0,63,0,0,0,0,0.0,0
malware,cmd.jsp,data\raw\malware_webshell\tennc_webshell\fuzzdb-webshell\jsp\cmd.jsp,864,7,1,0,0,0,0.14285714285714285,script,0,1,0,0,0,0,0,0,0,0,0,5.127800888595501,5.127800888595501,0.9189814814814815,0.0,74,0,0,0,5,1,0,0,9,0,0,0,0,0.0,0
malware,cmdjsp.jsp,data\raw\malware_webshell\tennc_webshell\fuzzdb-webshell\jsp\cmdjsp.jsp,757,10,1,0,0,0,0.1,script,0,1,0,0,0,0,0,0,0,0,0,4.961264559400151,4.961264559400151,0.9154557463672391,0.0,68,1,0,0,9,1,0,0,11,0,0,0,0,0.0,0
malware,CmdServlet.class,data\raw\malware_webshell\tennc_webshell\fuzzdb-webshell\jsp\CmdServlet.class,1785,16,0,0,0,0,0.0625,unknown,0,0,0,0,1,0,0,0,0,0,0,5.675841238592639,5.675841238592639,0.6375350140056022,0.16806722689075632,144,0,0,0,3,0,0,0,3,0,0,0,0,0.0,0
malware,CmdServlet.java,data\raw\malware_webshell\tennc_webshell\fuzzdb-webshell\jsp\CmdServlet.java,1203,15,0,0,0,0,0.06666666666666667,unknown,0,0,0,0,1,0,0,0,0,0,0,5.187957241026747,5.187957241026747,0.8952618453865336,0.0,65,0,0,0,5,1,0,0,6,0,0,0,0,0.0,0
malware,jsp-reverse.jsp,data\raw\malware_webshell\tennc_webshell\fuzzdb-webshell\jsp\jsp-reverse.jsp,2542,15,1,0,0,0,0.13333333333333333,script,0,1,0,0,0,0,0,0,0,0,0,4.198998648097017,4.198998648097017,0.9284028324154209,0.0,70,2,0,0,1,1,0,0,4,0,0,0,0,0.0,0
malware,list.jsp,data\raw\malware_webshell\tennc_webshell\fuzzdb-webshell\jsp\list.jsp,1946,8,1,0,0,0,0.125,script,0,1,0,0,0,0,0,0,0,0,0,5.39084350854543,5.39084350854543,0.8663926002055499,0.0,83,0,0,0,0,0,0,0,2,0,0,0,0,0.0,0
malware,ListServlet.class,data\raw\malware_webshell\tennc_webshell\fuzzdb-webshell\jsp\ListServlet.class,2377,17,0,0,0,0,0.058823529411764705,unknown,0,0,0,0,1,0,0,0,0,0,0,5.886816522217981,5.886816522217981,0.5363904080774085,0.18426588136306268,188,0,0,0,0,0,0,0,0,0,0,0,0,0.0,0
malware,ListServlet.java,data\raw\malware_webshell\tennc_webshell\fuzzdb-webshell\jsp\ListServlet.java,2217,16,0,0,0,0,0.0625,unknown,0,0,0,0,1,0,0,0,0,0,0,5.157599650746884,5.157599650746884,0.8322056833558863,0.0,76,0,0,0,0,0,0,0,0,0,0,0,0,0.0,0
malware,up.jsp,data\raw\malware_webshell\tennc_webshell\fuzzdb-webshell\jsp\up.jsp,3735,6,1,0,0,0,0.16666666666666666,script,0,1,0,0,0,0,0,0,0,0,0,5.308083737784256,5.308083737784256,0.8904953145917002,0.0,86,0,0,0,0,0,0,0,1,0,0,0,0,0.0,0
malware,UpServlet.class,data\raw\malware_webshell\tennc_webshell\fuzzdb-webshell\jsp\UpServlet.class,2072,15,0,0,0,0,0.06666666666666667,unknown,0,0,0,0,1,0,0,0,0,0,0,5.731757694821315,5.731757694821315,0.596042471042471,0.18629343629343628,148,0,0,0,0,0,0,0,0,0,0,0,0,0.0,0
malware,UpServlet.java,data\raw\malware_webshell\tennc_webshell\fuzzdb-webshell\jsp\UpServlet.java,1997,14,0,0,0,0,0.07142857142857142,unknown,0,0,0,0,1,0,0,0,0,0,0,5.314703422694737,5.314703422694737,0.8928392588883325,0.0,79,0,0,0,0,0,0,0,0,0,0,0,0,0.0,0
malware,cmd_win32.jsp,data\raw\malware_webshell\tennc_webshell\fuzzdb-webshell\jsp\win32\cmd_win32.jsp,853,13,1,0,0,0,0.15384615384615385,script,0,1,0,0,0,0,0,0,0,0,0,5.254089732171272,5.254089732171272,0.9296600234466589,0.0,74,0,0,0,6,1,0,0,10,0,0,0,0,0.0,0
malware,up_win32.jsp,data\raw\malware_webshell\tennc_webshell\fuzzdb-webshell\jsp\win32\up_win32.jsp,3735,12,1,0,0,0,0.16666666666666666,script,0,1,0,0,0,0,0,0,0,0,0,5.312742262987124,5.312742262987124,0.8904953145917002,0.0,86,0,0,0,0,0,0,0,1,0,0,0,0,0.0,0
malware,cmd.php,data\raw\malware_webshell\tennc_webshell\fuzzdb-webshell\php\cmd.php,345,7,1,0,0,0,0.14285714285714285,script,0,1,0,0,0,0,0,0,0,0,0,5.437364527097642,5.437364527097642,0.855072463768116,0.0,66,0,0,0,4,1,0,0,7,0,0,0,0,0.0,0
malware,list.php,data\raw\malware_webshell\tennc_webshell\fuzzdb-webshell\php\list.php,589,8,1,0,0,0,0.125,script,0,1,0,0,0,0,0,0,0,0,0,5.061800580998846,5.061800580998846,0.8845500848896435,0.0,63,0,0,0,0,0,0,0,2,0,0,0,0,0.0,0
malware,php-backdoor.php,data\raw\malware_webshell\tennc_webshell\fuzzdb-webshell\php\php-backdoor.php,2871,16,1,0,0,0,0.125,script,0,1,0,0,0,0,0,0,0,0,0,5.407331028097671,5.407331028097671,0.9380006966213863,0.0,83,2,0,0,0,1,0,0,16,0,0,0,0,0.0,0
malware,simple-backdoor.php,data\raw\malware_webshell\tennc_webshell\fuzzdb-webshell\php\simple-backdoor.php,345,19,1,0,0,0,0.10526315789473684,script,0,1,0,0,0,0,0,0,0,0,0,5.040750954690324,5.040750954690324,0.9014492753623189,0.0,56,3,0,0,5,1,0,0,8,0,0,0,0,0.0,0
malware,up.php,data\raw\malware_webshell\tennc_webshell\fuzzdb-webshell\php\up.php,696,6,1,0,0,0,0.16666666666666666,script,0,1,0,0,0,0,0,0,0,0,0,5.377794387957096,5.377794387957096,0.9051724137931034,0.0,66,0,0,0,0,0,0,0,1,0,0,0,0,0.0,0
malware,cmd.pl,data\raw\malware_webshell\tennc_webshell\fuzzdb-webshell\pl-cgi\cmd.pl,1099,6,1,0,0,0,0.16666666666666666,script,0,1,0,0,0,0,0,0,0,0,0,5.262196795344634,5.262196795344634,0.8780709736123748,0.0,78,1,0,0,13,0,0,0,13,0,0,0,0,0.0,0
malware,list.pl,data\raw\malware_webshell\tennc_webshell\fuzzdb-webshell\pl-cgi\list.pl,2094,7,1,0,0,0,0.14285714285714285,script,0,1,0,0,0,0,0,0,0,0,0,5.211720642479145,5.211720642479145,0.889207258834766,0.0,84,1,0,0,0,0,0,0,0,0,0,0,0,0.0,0
malware,perlcmd.cgi,data\raw\malware_webshell\tennc_webshell\fuzzdb-webshell\pl-cgi\perlcmd.cgi,619,11,1,0,0,0,0.09090909090909091,script,0,1,0,0,0,0,0,0,0,0,0,5.3224127437565425,5.3224127437565425,0.8610662358642972,0.0,69,3,0,0,2,0,0,0,2,0,0,0,0,0.0,0
malware,up.pl,data\raw\malware_webshell\tennc_webshell\fuzzdb-webshell\pl-cgi\up.pl,13391,5,1,0,0,0,0.2,script,0,1,0,0,0,0,0,0,0,0,0,4.923428162661239,5.227044255352549,0.9171085057127921,0.0,91,2,0,0,0,0,0,0,0,0,0,0,0,0.0,0
malware,CmdServlet.java,data\raw\malware_webshell\tennc_webshell\fuzzdb-webshell\servlet\CmdServlet.java,1203,15,0,0,0,0,0.06666666666666667,unknown,0,0,0,0,1,0,0,0,0,0,0,5.187957241026747,5.187957241026747,0.8952618453865336,0.0,65,0,0,0,5,1,0,0,6,0,0,0,0,0.0,0
malware,ListServlet.java,data\raw\malware_webshell\tennc_webshell\fuzzdb-webshell\servlet\ListServlet.java,2217,16,0,0,0,0,0.0625,unknown,0,0,0,0,1,0,0,0,0,0,0,5.157599650746884,5.157599650746884,0.8322056833558863,0.0,76,0,0,0,0,0,0,0,0,0,0,0,0,0.0,0
malware,UpServlet.java,data\raw\malware_webshell\tennc_webshell\fuzzdb-webshell\servlet\UpServlet.java,1997,14,0,0,0,0,0.07142857142857142,unknown,0,0,0,0,1,0,0,0,0,0,0,5.314703422694737,5.314703422694737,0.8928392588883325,0.0,79,0,0,0,0,0,0,0,0,0,0,0,0,0.0,0
malware,cmd.sh,data\raw\malware_webshell\tennc_webshell\fuzzdb-webshell\sh\cmd.sh,8752,6,1,0,0,0,0.16666666666666666,script,0,1,0,0,0,0,0,0,0,0,0,5.321084875193139,5.097429941144801,0.9065356489945156,0.0,99,0,0,1,3,0,0,1,4,0,0,0,0,0.0,0
malware,list.sh,data\raw\malware_webshell\tennc_webshell\fuzzdb-webshell\sh\list.sh,863,7,1,0,0,0,0.14285714285714285,script,0,1,0,0,0,0,0,0,0,0,0,4.943610123072104,4.943610123072104,0.8933951332560834,0.0,68,0,0,0,0,0,0,0,0,0,0,0,0,0.0,0
malware,up.sh,data\raw\malware_webshell\tennc_webshell\fuzzdb-webshell\sh\up.sh,807,5,1,0,0,0,0.2,script,0,1,0,0,0,0,0,0,0,0,0,5.165652179481303,5.165652179481303,0.8934324659231723,0.0,64,0,0,0,0,0,0,0,0,0,0,0,0,0.0,0
malware,123.ashx,data\raw\malware_webshell\tennc_webshell\Godzilla\123.ashx,1673,8,0,0,0,0,0.125,unknown,0,0,0,0,1,0,0,0,0,0,0,5.154203197992296,5.154203197992296,0.9790794979079498,0.0,74,0,0,0,0,0,0,0,0,0,0,0,0,0.0,0
malware,123.asmx,data\raw\malware_webshell\tennc_webshell\Godzilla\123.asmx,1575,8,0,0,0,0,0.125,unknown,0,0,0,0,1,0,0,0,0,0,0,5.208560170352269,5.208560170352269,0.9834920634920635,0.0,73,0,0,0,0,0,0,0,0,0,0,0,0,0.0,0
malware,123.aspx,data\raw\malware_webshell\tennc_webshell\Godzilla\123.aspx,1319,8,1,0,0,0,0.125,script,0,1,0,0,0,0,0,1,0,0,0,5.199305607942218,5.199305607942218,1.0,0.0,70,0,0,0,0,0,0,0,0,0,0,0,0,0.0,0
malware,123.jsp,data\raw\malware_webshell\tennc_webshell\Godzilla\123.jsp,2589,7,1,0,0,0,0.14285714285714285,script,0,1,0,0,0,0,0,0,0,0,0,5.142535448798341,5.142535448798341,1.0,0.0,74,0,0,0,0,0,0,0,1,0,0,0,0,0.0,0
malware,123.jspx,data\raw\malware_webshell\tennc_webshell\Godzilla\123.jspx,2722,8,1,0,0,0,0.125,script,0,1,0,0,0,0,0,0,0,0,0,5.173427153211703,5.173427153211703,1.0,0.0,74,1,0,0,0,0,0,0,1,0,0,0,0,0.0,0
malware,123.php,data\raw\malware_webshell\tennc_webshell\Godzilla\123.php,870,7,1,0,0,0,0.14285714285714285,script,0,1,0,0,0,0,0,0,0,0,0,4.792968978844282,4.792968978844282,0.9172413793103448,0.0,75,0,0,0,0,1,0,1,4,0,0,0,0,0.0,0
malware,20220213.php,data\raw\malware_webshell\tennc_webshell\Godzilla\20220213.php,874,12,1,0,0,0,0.08333333333333333,script,0,1,0,0,0,0,0,0,0,0,0,4.791100625400998,4.791100625400998,0.9176201372997712,0.0,75,0,0,0,0,1,0,1,4,0,0,0,0,0.0,0
malware,20220213_02.php,data\raw\malware_webshell\tennc_webshell\Godzilla\20220213_02.php,657,15,1,0,0,0,0.13333333333333333,script,0,1,0,0,0,0,0,0,0,0,0,5.099705931113595,5.099705931113595,0.9178082191780822,0.0,64,0,0,0,0,1,0,0,1,0,0,0,0,0.0,0
malware,20220213_03.php,data\raw\malware_webshell\tennc_webshell\Godzilla\20220213_03.php,873,15,1,0,0,0,0.13333333333333333,script,0,1,0,0,0,0,0,0,0,0,0,5.0595066735570775,5.0595066735570775,0.9266895761741123,0.0,65,0,0,0,0,1,0,1,4,0,0,0,0,0.0,0
malware,gesila.7z,data\raw\malware_webshell\tennc_webshell\Godzilla\gesila.7z,8470439,9,1,0,0,0,0.1111111111111111,archive,0,0,0,1,0,1,1,0,0,0,144,7.996127211936856,5.030345993578595,0.3664995403425962,0.00300869884075666,256,0,0,0,3,0,0,0,3,0,0,0,0,0.0,0
malware,Godzilla-BypassOpenRasp.jar,data\raw\malware_webshell\tennc_webshell\Godzilla\Godzilla-BypassOpenRasp.jar,6248,27,1,0,0,0,0.07407407407407407,archive,1,0,0,1,0,1,1,0,0,0,3,7.8753260955121265,7.895853299756711,0.4033290653008963,0.03329065300896287,256,0,0,0,0,0,0,0,0,0,0,0,0,0.0,0
malware,retransform字节码.7z,data\raw\malware_webshell\tennc_webshell\java\字节码增强型\retransform字节码.7z,5178495,17,1,0,0,0,0.058823529411764705,archive,0,0,0,1,0,1,1,0,0,0,72,7.999960691813239,4.999095993578595,0.3709658887379441,0.0039411064411571314,256,0,0,0,0,0,0,0,0,0,0,0,0,0.0,0
malware,000.jsp,data\raw\malware_webshell\tennc_webshell\jsp\000.jsp,124091,7,1,0,0,0,0.14285714285714285,script,0,1,0,0,0,0,0,0,0,0,0,5.408881798406938,5.318666838291763,0.938279166095849,0.0,97,6,5,0,23,5,6,0,143,0,0,0,0,0.0,0
malware,0000.jsp,data\raw\malware_webshell\tennc_webshell\jsp\0000.jsp,124091,8,1,0,0,0,0.125,script,0,1,0,0,0,0,0,0,0,0,0,5.408881798406938,5.318666838291763,0.938279166095849,0.0,97,6,5,0,23,5,6,0,143,0,0,0,0,0.0,0
malware,1.jsp,data\raw\malware_webshell\tennc_webshell\jsp\1.jsp,855,5,1,0,0,0,0.2,script,0,1,0,0,0,0,0,0,0,0,0,5.253044888861114,5.253044888861114,0.927485380116959,0.0,74,0,0,0,6,1,0,0,10,0,0,0,0,0.0,0
malware,102.jsp,data\raw\malware_webshell\tennc_webshell\jsp\102.jsp,855,7,1,0,0,0,0.14285714285714285,script,0,1,0,0,0,0,0,0,0,0,0,5.253044888861114,5.253044888861114,0.927485380116959,0.0,74,0,0,0,6,1,0,0,10,0,0,0,0,0.0,0
malware,123.jsp,data\raw\malware_webshell\tennc_webshell\jsp\123.jsp,2111,7,1,0,0,0,0.14285714285714285,script,0,1,0,0,0,0,0,0,0,0,0,4.788238593753409,4.788238593753409,0.9545239223117006,0.0,73,0,0,0,0,0,0,0,3,0,0,0,0,0.0,0
malware,12302.jsp,data\raw\malware_webshell\tennc_webshell\jsp\12302.jsp,2126,9,1,0,0,0,0.1111111111111111,script,0,1,0,0,0,0,0,0,0,0,0,4.872240752732077,4.872240752732077,0.9397930385700847,0.0,80,0,0,0,0,0,0,0,3,0,0,0,0,0.0,0
malware,2.jsp,data\raw\malware_webshell\tennc_webshell\jsp\2.jsp,59398,5,1,0,0,0,0.2,script,0,1,0,0,0,0,0,0,0,0,0,5.5555432716576325,5.252123239947353,0.8372504124718004,0.0,186,1,0,7,7,1,0,7,69,0,0,0,0,0.0,0
malware,201.jsp,data\raw\malware_webshell\tennc_webshell\jsp\201.jsp,75416,7,1,0,0,0,0.14285714285714285,script,0,1,0,0,0,0,0,0,0,0,0,5.190706545284361,5.174182246902841,0.8723347830699056,0.0,96,4,0,0,6,1,0,0,67,0,0,0,0,0.0,0
malware,2021052101.jsp,data\raw\malware_webshell\tennc_webshell\jsp\2021052101.jsp,17727,14,1,0,0,0,0.07142857142857142,script,0,1,0,0,0,0,0,0,0,0,13,5.538009582129171,5.7189307960213265,0.9998871777514526,0.0,70,0,0,1,0,0,0,1,1,0,0,0,0,0.0,0
malware,2022-09-03-01.jsp,data\raw\malware_webshell\tennc_webshell\jsp\2022-09-03-01.jsp,554,17,1,0,0,0,0.23529411764705882,script,0,1,0,0,0,0,0,0,0,0,0,4.873659791909064,4.873659791909064,0.9386281588447654,0.0,49,0,0,0,3,1,0,0,5,0,0,0,0,0.0,0
malware,2022-09-03-02.jsp,data\raw\malware_webshell\tennc_webshell\jsp\2022-09-03-02.jsp,549,17,1,0,0,0,0.23529411764705882,script,0,1,0,0,0,0,0,0,0,0,0,4.958318005804205,4.958318005804205,0.941712204007286,0.0,50,0,0,0,3,1,0,0,5,0,0,0,0,0.0,0
malware,2022-09-03-03.jsp,data\raw\malware_webshell\tennc_webshell\jsp\2022-09-03-03.jsp,664,17,1,0,0,0,0.23529411764705882,script,0,1,0,0,0,0,0,0,0,0,0,5.031862114405076,5.031862114405076,0.9487951807228916,0.0,57,0,0,0,3,0,0,0,4,0,0,0,0,0.0,0
malware,3.jsp,data\raw\malware_webshell\tennc_webshell\jsp\3.jsp,74235,5,1,0,0,0,0.2,script,0,1,0,0,0,0,0,0,0,0,0,5.186501043090204,5.216680782454106,0.8712467165083855,0.0,95,4,0,0,6,1,0,0,67,0,0,0,0,0.0,0
malware,400.jsp,data\raw\malware_webshell\tennc_webshell\jsp\400.jsp,38495,7,1,0,0,0,0.14285714285714285,script,0,1,0,0,0,0,0,0,0,0,0,5.499994716416712,5.445324500442984,0.7933757630861151,0.0,181,9,0,0,12,1,0,0,28,0,0,0,0,0.0,0
malware,403.jsp,data\raw\malware_webshell\tennc_webshell\jsp\403.jsp,124094,7,1,0,0,0,0.14285714285714285,script,0,1,0,0,0,0,0,0,0,0,0,5.408917276312027,5.3204963301222135,0.9382806582107113,0.0,97,6,5,0,23,5,6,0,143,0,0,0,0,0.0,0
malware,404.jsp,data\raw\malware_webshell\tennc_webshell\jsp\404.jsp,31018,7,1,0,0,0,0.14285714285714285,script,0,1,0,0,0,0,0,0,0,0,0,5.458290966374589,5.404012231997147,0.9030885292410858,0.0,176,6,0,0,11,1,0,0,22,0,0,0,0,0.0,0
malware,520.jsp,data\raw\malware_webshell\tennc_webshell\jsp\520.jsp,59536,7,1,0,0,0,0.14285714285714285,script,0,1,0,0,0,0,0,0,0,0,0,5.557356844585615,5.251926590196982,0.8378796022574577,0.0,185,2,0,7,7,1,0,7,69,0,0,0,0,0.0,0
malware,807.jsp,data\raw\malware_webshell\tennc_webshell\jsp\807.jsp,88976,7,1,0,0,0,0.14285714285714285,script,0,1,0,0,0,0,0,0,0,0,0,5.419222711737177,5.2875984835919345,0.9371740694119762,0.0,131,7,4,0,22,5,4,0,97,0,0,0,0,0.0,0
malware,a.jsp,data\raw\malware_webshell\tennc_webshell\jsp\a.jsp,86845,5,1,0,0,0,0.2,script,0,1,0,0,0,0,0,0,0,0,0,5.414736176474127,5.286256301273131,0.9378432840117451,0.0,118,7,4,0,22,5,4,0,97,0,0,0,0,0.0,0
malware,action.jsp,data\raw\malware_webshell\tennc_webshell\jsp\action.jsp,1505,10,1,0,0,0,0.1,script,0,1,0,0,0,0,0,0,0,0,0,5.376638784466282,5.376638784466282,0.9348837209302325,0.0,75,0,0,0,0,0,0,0,0,0,0,0,0,0.0,0
malware,asd.jsp,data\raw\malware_webshell\tennc_webshell\jsp\asd.jsp,1384,7,1,0,0,0,0.14285714285714285,script,0,1,0,0,0,0,0,0,0,0,0,5.278754390725718,5.278754390725718,0.8410404624277457,0.0,76,0,0,0,0,0,0,0,3,0,0,0,0,0.0,0
malware,c5.jsp,data\raw\malware_webshell\tennc_webshell\jsp\c5.jsp,123618,6,1,0,0,0,0.16666666666666666,script,0,1,0,0,0,0,0,0,0,0,0,5.406639518352143,5.317271785595891,0.9381319872510476,0.0,98,1,5,0,23,5,6,0,143,0,0,0,0,0.0,0
malware,CaiDao-Webshell-Password-LandGrey.jsp,data\raw\malware_webshell\tennc_webshell\jsp\CaiDao-Webshell-Password-LandGrey.jsp,36475,37,1,0,0,0,0.10810810810810811,script,0,1,0,0,0,0,0,0,0,0,0,3.051742653244298,3.1551594064906925,0.9996161754626457,0.0,45,0,0,0,0,0,0,0,0,0,0,0,0,0.0,0
malware,cat.jar,data\raw\malware_webshell\tennc_webshell\jsp\cat\cat.jar,3587,7,1,0,0,0,0.14285714285714285,archive,1,0,0,1,0,1,1,0,0,0,3,7.729179247621883,7.729179247621883,0.37970448843044324,0.06272651240591023,256,0,0,0,0,0,0,0,0,0,0,0,0,0.0,0
malware,Cat.java,data\raw\malware_webshell\tennc_webshell\jsp\cat\Cat.java,5140,8,0,0,0,0,0.125,unknown,0,0,0,0,1,0,0,0,0,0,0,5.61028277797274,5.634675395872576,0.7900778210116731,0.0,140,0,0,0,7,5,0,0,12,0,0,0,0,0.0,0
malware,cat.jsp,data\raw\malware_webshell\tennc_webshell\jsp\cat\cat.jsp,10099,7,1,0,0,0,0.14285714285714285,script,0,1,0,0,0,0,0,0,0,0,0,5.713397874189264,5.744877036690206,0.835528270125755,0.0,154,0,0,0,9,6,0,0,30,0,0,0,0,0.0,0
malware,catjsp.md,data\raw\malware_webshell\tennc_webshell\jsp\cat\catjsp.md,2627,9,0,0,0,0,0.1111111111111111,unknown,0,0,0,0,1,0,0,0,0,0,0,5.8227967807698535,5.8227967807698535,0.825656642558051,0.0,135,8,1,0,0,0,0,0,13,0,0,0,0,0.0,0
malware,cmd1.jsp,data\raw\malware_webshell\tennc_webshell\jsp\cat\cmd1.jsp,59,8,1,0,0,0,0.125,script,0,1,0,0,0,0,0,0,0,0,0,4.289197821084809,4.289197821084809,0.9661016949152542,0.0,25,0,0,0,0,1,0,0,2,0,0,0,0,0.0,0
malware,cmd2.jsp,data\raw\malware_webshell\tennc_webshell\jsp\cat\cmd2.jsp,376,8,1,0,0,0,0.125,script,0,1,0,0,0,0,0,0,0,0,0,4.6544035136769715,4.6544035136769715,0.9361702127659575,0.0,53,0,0,0,0,1,0,0,3,0,0,0,0,0.0,0
malware,test.php,data\raw\malware_webshell\tennc_webshell\jsp\cat\test.php,1622,8,1,0,0,0,0.125,script,0,1,0,0,0,0,0,0,0,0,0,5.231987048693511,5.231987048693511,0.9543773119605425,0.0,69,0,0,0,0,0,0,0,8,0,0,0,0,0.0,0
malware,Chropper.java,data\raw\malware_webshell\tennc_webshell\jsp\Chropper for jsp\Chropper.java,10180,13,0,0,0,0,0.07692307692307693,unknown,0,0,0,0,1,0,0,0,0,0,0,5.352777784608513,5.348271269227178,0.8573673870333989,0.0,88,0,0,0,0,1,0,0,6,0,0,0,0,0.0,0
malware,菜刀jsp脚本文明版.jsp,data\raw\malware_webshell\tennc_webshell\jsp\Chropper for jsp\菜刀jsp脚本文明版.jsp,7144,14,1,0,0,0,0.07142857142857142,script,0,1,0,0,0,0,0,0,0,0,0,5.430259144857595,5.417623836185684,0.9993001119820829,0.0,88,0,0,0,0,1,0,0,6,0,0,0,0,0.0,0
malware,菜刀jsp脚本无压缩版.jsp,data\raw\malware_webshell\tennc_webshell\jsp\Chropper for jsp\菜刀jsp脚本无压缩版.jsp,8937,15,1,0,0,0,0.06666666666666667,script,0,1,0,0,0,0,0,0,0,0,0,5.367564997256447,5.352667476620798,0.8539778449144008,0.0,88,0,0,0,0,1,0,0,6,0,0,0,0,0.0,0
malware,菜刀jsp脚本更新版.jsp,data\raw\malware_webshell\tennc_webshell\jsp\Chropper for jsp\菜刀jsp脚本更新版.jsp,7137,14,1,0,0,0,0.07142857142857142,script,0,1,0,0,0,0,0,0,0,0,0,5.423673368555546,5.417623836185684,1.0,0.0,85,0,0,0,0,1,0,0,6,0,0,0,0,0.0,0
malware,菜刀脚本连接数据库问题.txt,data\raw\malware_webshell\tennc_webshell\jsp\Chropper for jsp\菜刀脚本连接数据库问题.txt,2472,15,1,0,0,0,0.06666666666666667,document,0,0,0,0,0,0,0,0,0,0,0,6.020999800832789,6.020999800832789,0.5222491909385113,0.0,128,0,1,0,0,0,0,0,0,0,0,0,0,0.0,0
malware,cmdjsp.jsp,data\raw\malware_webshell\tennc_webshell\jsp\cmdjsp.jsp,712,10,1,0,0,0,0.1,script,0,1,0,0,0,0,0,0,0,0,0,4.911666605935868,4.911666605935868,0.9129213483146067,0.0,63,0,0,0,9,1,0,0,11,0,0,0,0,0.0,0
malware,cofigrue.jsp,data\raw\malware_webshell\tennc_webshell\jsp\cofigrue.jsp,88911,12,1,0,0,0,0.08333333333333333,script,0,1,0,0,0,0,0,0,0,0,0,5.418339962212375,5.272370157637634,0.9371393865775888,0.0,132,5,4,0,22,5,4,0,97,0,0,0,0,0.0,0
malware,config.jsp,data\raw\malware_webshell\tennc_webshell\jsp\config.jsp,148294,10,1,0,0,0,0.1,script,0,1,0,0,0,0,0,0,0,0,0,5.193187315653577,5.312313989973668,0.8042469688591581,0.0,98,1,5,0,23,5,6,0,144,0,0,0,0,0.0,0
malware,css.jsp,data\raw\malware_webshell\tennc_webshell\jsp\css.jsp,86824,7,1,0,0,0,0.14285714285714285,script,0,1,0,0,0,0,0,0,0,0,0,5.412189317362479,5.287006218351426,0.9382313645996498,0.0,97,7,4,0,22,5,4,0,97,0,0,0,0,0.0,0
malware,customize.jsp,data\raw\malware_webshell\tennc_webshell\jsp\customize.jsp,7959,13,1,0,0,0,0.07692307692307693,script,0,1,0,0,0,0,0,0,0,0,0,5.296498273177714,5.286980445035867,0.8424425179042593,0.0,88,0,0,0,0,1,0,0,6,0,0,0,0,0.0,0
malware,data.jsp,data\raw\malware_webshell\tennc_webshell\jsp\data.jsp,31059,8,1,0,0,0,0.125,script,0,1,0,0,0,0,0,0,0,0,0,5.317122916188609,5.137708314054,0.9285231333912876,0.0,108,6,0,0,13,1,0,0,24,0,0,0,0,0.0,0
malware,data02.jsp,data\raw\malware_webshell\tennc_webshell\jsp\data02.jsp,31059,10,1,0,0,0,0.1,script,0,1,0,0,0,0,0,0,0,0,0,5.317122916188609,5.137708314054,0.9285231333912876,0.0,108,6,0,0,13,1,0,0,24,0,0,0,0,0.0,0
malware,date.jsp.txt,data\raw\malware_webshell\tennc_webshell\jsp\date.jsp.txt,86840,12,2,1,0,0,0.16666666666666666,document,0,1,0,0,0,0,0,0,0,0,0,5.415276169429682,5.296843577578298,0.9379203132197144,0.0,119,7,4,0,22,5,4,0,97,0,0,0,0,0.0,0
malware,dm.jsp,data\raw\malware_webshell\tennc_webshell\jsp\dm.jsp,88965,6,1,0,0,0,0.16666666666666666,script,0,1,0,0,0,0,0,0,0,0,0,5.418026887385983,5.2876398580849004,0.9372674647333221,0.0,126,7,4,0,22,5,4,0,97,0,0,0,0,0.0,0
malware,dy.jsp,data\raw\malware_webshell\tennc_webshell\jsp\dy.jsp,75927,6,1,0,0,0,0.16666666666666666,script,0,1,0,0,0,0,0,0,0,0,0,4.800498795628385,4.452070568989019,0.9117968575078694,0.0,167,2,0,7,7,1,0,7,69,0,0,0,0,0.0,0
malware,edit_ot.jsp,data\raw\malware_webshell\tennc_webshell\jsp\edit_ot.jsp,6275,11,1,0,0,0,0.18181818181818182,script,0,1,0,0,0,0,0,0,0,0,0,5.430211650382858,5.411541124761869,0.9815139442231076,0.0,87,0,0,0,0,1,0,0,5,0,0,0,0,0.0,0
malware,guige.jsp,data\raw\malware_webshell\tennc_webshell\jsp\guige.jsp,2567,9,1,0,0,0,0.1111111111111111,script,0,1,0,0,0,0,0,0,0,0,0,5.382183204282352,5.382183204282352,0.7156213478768991,0.0,88,0,0,0,0,0,0,0,2,0,0,0,0,0.0,0
malware,guige02.jsp,data\raw\malware_webshell\tennc_webshell\jsp\guige02.jsp,2054,11,1,0,0,0,0.09090909090909091,script,0,1,0,0,0,0,0,0,0,0,0,5.092629296944212,5.092629296944212,0.9990262901655307,0.0,74,0,0,0,0,0,0,0,4,0,0,0,0,0.0,0
malware,ha.jsp,data\raw\malware_webshell\tennc_webshell\jsp\ha.jsp,56668,6,1,0,0,0,0.16666666666666666,script,0,1,0,0,0,0,0,0,0,0,0,5.638323177292028,5.250096850122559,0.8819792475471165,0.0,167,2,0,7,7,1,0,7,69,0,0,0,0,0.0,0
malware,in.jsp,data\raw\malware_webshell\tennc_webshell\jsp\hackk8\fuck-jsp\in.jsp,29835,6,1,0,0,0,0.16666666666666666,script,0,1,0,0,0,0,0,0,0,0,0,5.462614322864427,5.432687001123954,0.8645215351097704,0.0,163,1,0,0,11,1,0,0,22,0,0,0,0,0.0,0
malware,JFolder.jsp,data\raw\malware_webshell\tennc_webshell\jsp\hackk8\fuck-jsp\JFolder.jsp,32078,11,1,0,0,0,0.09090909090909091,script,0,1,0,0,0,0,0,0,0,0,0,5.591307478514746,5.580640269062579,0.8506764760895318,0.0,178,6,0,0,11,1,0,0,22,0,0,0,0,0.0,0
malware,job.jsp,data\raw\malware_webshell\tennc_webshell\jsp\hackk8\fuck-jsp\job.jsp,59537,7,1,0,0,0,0.14285714285714285,script,0,1,0,0,0,0,0,0,0,0,0,5.557251928375026,5.250108230488068,0.837848732720829,0.0,185,2,0,7,7,1,0,7,69,0,0,0,0,0.0,0
malware,1.jsp,data\raw\malware_webshell\tennc_webshell\jsp\hackk8\fuck-jsp\jspbrowser\1.jsp,87355,5,1,0,0,0,0.2,script,0,1,0,0,0,0,0,0,0,0,0,5.412320704677207,5.28822788516401,0.9379657718504951,0.0,113,7,4,0,22,5,4,0,100,0,0,0,0,0.0,0
malware,2.jsp,data\raw\malware_webshell\tennc_webshell\jsp\hackk8\fuck-jsp\jspbrowser\2.jsp,57208,5,1,0,0,0,0.2,script,0,1,0,0,0,0,0,0,0,0,0,5.518089088663369,5.248950773421635,0.834236470423717,0.0,186,1,0,6,7,1,0,6,68,0,0,0,0,0.0,0
malware,Browser.jsp,data\raw\malware_webshell\tennc_webshell\jsp\hackk8\fuck-jsp\jspbrowser\Browser.jsp,75416,11,1,0,0,0,0.09090909090909091,script,0,1,0,0,0,0,0,0,0,0,0,5.190706545284361,5.174182246902841,0.8723347830699056,0.0,96,4,0,0,6,1,0,0,67,0,0,0,0,0.0,0
malware,example-css.css,data\raw\malware_webshell\tennc_webshell\jsp\hackk8\fuck-jsp\jspbrowser\example-css.css,1476,15,0,0,0,0,0.13333333333333333,unknown,0,0,0,0,1,0,0,0,0,0,0,5.153559032948523,5.153559032948523,0.9058265582655827,0.0,57,0,0,0,0,0,0,0,0,0,0,0,0,0.0,0
malware,gpl.txt,data\raw\malware_webshell\tennc_webshell\jsp\hackk8\fuck-jsp\jspbrowser\gpl.txt,12502,7,1,0,0,0,0.14285714285714285,document,0,0,0,0,0,0,0,0,0,0,0,4.757294665128235,4.477363085145152,0.963845784674452,0.0,74,0,0,0,0,0,0,0,0,0,0,0,0,0.0,0
malware,JspSpyJDK5.jsp,data\raw\malware_webshell\tennc_webshell\jsp\hackk8\fuck-jsp\JspSpyJDK5.jsp,88977,14,1,0,0,0,0.07142857142857142,script,0,1,0,0,0,0,0,0,0,0,0,5.419564742122546,5.2933845793367515,0.9371410589253403,0.0,132,7,4,0,22,5,4,0,97,0,0,0,0,0.0,0
malware,ma1.jsp,data\raw\malware_webshell\tennc_webshell\jsp\hackk8\fuck-jsp\ma1.jsp,55646,7,1,0,0,0,0.14285714285714285,script,0,1,0,0,0,0,0,0,0,0,0,5.57093120215265,5.227416886189926,0.8981777665959817,0.0,185,2,0,7,7,1,0,7,69,0,0,0,0,0.0,0
malware,ma2.jsp,data\raw\malware_webshell\tennc_webshell\jsp\hackk8\fuck-jsp\ma2.jsp,32831,7,1,0,0,0,0.14285714285714285,script,0,1,0,0,0,0,0,0,0,0,0,5.142372060112773,4.87519787608756,0.9195881940848588,0.0,175,4,0,0,4,0,0,0,41,0,0,0,0,0.0,0
malware,ma3.jsp,data\raw\malware_webshell\tennc_webshell\jsp\hackk8\fuck-jsp\ma3.jsp,86727,7,1,0,0,0,0.14285714285714285,script,0,1,0,0,0,0,0,0,0,0,0,5.413084071997272,5.248397848768756,0.9380700358596515,0.0,115,6,4,0,22,5,4,0,97,0,0,0,0,0.0,0
malware,ma4.jsp,data\raw\malware_webshell\tennc_webshell\jsp\hackk8\fuck-jsp\ma4.jsp,57839,7,1,0,0,0,0.14285714285714285,script,0,1,0,0,0,0,0,0,0,0,0,5.535180327539506,5.269323728176613,0.8329673749546154,0.0,184,1,0,6,7,1,0,6,68,0,0,0,0,0.0,0
malware,no.jsp,data\raw\malware_webshell\tennc_webshell\jsp\hackk8\fuck-jsp\no.jsp,31184,6,1,0,0,0,0.16666666666666666,script,0,1,0,0,0,0,0,0,0,0,0,5.59016812886068,5.586813010292158,0.8505643919958953,0.0,178,6,0,0,11,1,0,0,22,0,0,0,0,0.0,0
malware,silic webshell.jsp,data\raw\malware_webshell\tennc_webshell\jsp\hackk8\fuck-jsp\silic webshell.jsp,28610,18,1,0,0,0,0.1111111111111111,script,0,1,0,0,0,0,0,0,0,0,0,5.44873575050943,5.3457098431446175,0.8756378888500524,0.0,159,3,0,0,11,1,0,0,22,0,0,0,0,0.0,0
malware,spjspshell.jsp,data\raw\malware_webshell\tennc_webshell\jsp\hackk8\fuck-jsp\spjspshell.jsp,19287,14,1,0,0,0,0.07142857142857142,script,0,1,0,0,0,0,0,0,0,0,0,5.7946302385338235,6.3637465299093545,0.8462176595634365,0.0,180,1,6,0,10,1,8,0,28,0,0,0,0,0.0,0
malware,cmdjsp.jsp,data\raw\malware_webshell\tennc_webshell\jsp\hackk8\JSP\cmdjsp.jsp,712,10,1,0,0,0,0.1,script,0,1,0,0,0,0,0,0,0,0,0,4.911666605935868,4.911666605935868,0.9129213483146067,0.0,63,0,0,0,9,1,0,0,11,0,0,0,0,0.0,0
malware,Customize.jsp,data\raw\malware_webshell\tennc_webshell\jsp\hackk8\JSP\Customize.jsp,6275,13,1,0,0,0,0.07692307692307693,script,0,1,0,0,0,0,0,0,0,0,0,5.431355510013421,5.413162492602132,0.9815139442231076,0.0,87,0,0,0,0,1,0,0,5,0,0,0,0,0.0,0
malware,Java Shell.jsp,data\raw\malware_webshell\tennc_webshell\jsp\hackk8\JSP\Java Shell.jsp,3112,14,1,0,0,0,0.14285714285714285,script,0,1,0,0,0,0,0,0,0,0,0,5.225108450164387,5.225108450164387,0.837082262210797,0.0,76,0,0,0,0,1,0,0,1,0,0,0,0,0.0,0
malware,jsp-reverse.jsp,data\raw\malware_webshell\tennc_webshell\jsp\hackk8\JSP\jsp-reverse.jsp,2447,15,1,0,0,0,0.13333333333333333,script,0,1,0,0,0,0,0,0,0,0,0,4.127661015716658,4.127661015716658,0.9264405394360441,0.0,67,0,0,0,1,1,0,0,4,0,0,0,0,0.0,0
malware,jspspy有屏幕.txt,data\raw\malware_webshell\tennc_webshell\jsp\hackk8\JSP\jspspy有屏幕.txt,86744,13,1,0,0,0,0.07692307692307693,document,0,0,0,0,0,0,0,0,0,0,0,5.4099250763867195,5.2599844767420265,0.938128285529835,0.0,97,6,4,0,22,5,4,0,97,0,0,0,0,0.0,0
malware,JspWebshell 1.2.jsp,data\raw\malware_webshell\tennc_webshell\jsp\hackk8\JSP\JspWebshell 1.2.jsp,26862,19,1,0,0,0,0.15789473684210525,script,0,1,0,0,0,0,0,0,0,0,0,5.398712398764891,5.419102178618442,0.8962474871565781,0.0,173,0,0,0,6,1,0,0,31,0,0,0,0,0.0,0
malware,JSP无组件实现WEB上传.rar,data\raw\malware_webshell\tennc_webshell\jsp\hackk8\JSP\JSP无组件实现WEB上传.rar,27698,17,1,0,0,0,0.058823529411764705,archive,0,0,0,1,0,1,1,0,0,0,0,7.96262690465048,3.642646869935886,0.38981153873925917,0.014838616506606976,256,2,0,0,0,0,0,0,0,0,0,0,0,0.0,0
malware,minupload.jsp,data\raw\malware_webshell\tennc_webshell\jsp\hackk8\JSP\minupload.jsp,2299,13,1,0,0,0,0.07692307692307693,script,0,1,0,0,0,0,0,0,0,0,0,4.98315976889702,4.98315976889702,0.8834275772074816,0.0,121,0,0,0,0,0,0,0,3,0,0,0,0,0.0,0
malware,download.jsp,data\raw\malware_webshell\tennc_webshell\jsp\hackk8\JSP\other\download.jsp,74272,12,1,0,0,0,0.08333333333333333,script,0,1,0,0,0,0,0,0,0,0,0,5.186996139475794,5.216680782454106,0.8712839293408013,0.0,95,4,0,0,6,1,0,0,67,0,0,0,0,0.0,0
malware,jspspy.jsp,data\raw\malware_webshell\tennc_webshell\jsp\hackk8\JSP\other\jspspy.jsp,86872,10,1,0,0,0,0.1,script,0,1,0,0,0,0,0,0,0,0,0,5.416632243505528,5.285766228484939,0.9375287779721889,0.0,118,7,4,0,22,5,4,0,97,0,0,0,0,0.0,0
malware,jspspy_k8.jsp,data\raw\malware_webshell\tennc_webshell\jsp\hackk8\JSP\other\jspspy_k8.jsp,86743,13,1,0,0,0,0.15384615384615385,script,0,1,0,0,0,0,0,0,0,0,0,5.415137539540608,5.252146866774624,0.9375742134812031,0.0,118,6,4,0,22,5,4,0,97,0,0,0,0,0.0,0
malware,thx.jsp,data\raw\malware_webshell\tennc_webshell\jsp\hackk8\JSP\other\thx.jsp,6275,7,1,0,0,0,0.14285714285714285,script,0,1,0,0,0,0,0,0,0,0,0,5.430211650382858,5.411541124761869,0.9815139442231076,0.0,87,0,0,0,0,1,0,0,5,0,0,0,0,0.0,0
malware,browser.jsp,data\raw\malware_webshell\tennc_webshell\jsp\hackk8\jsp2\browser.jsp,69911,11,1,0,0,0,0.09090909090909091,script,0,1,0,0,0,0,0,0,0,0,0,5.17613604891118,5.182999463778185,0.8735249102430233,0.0,95,2,0,0,6,1,0,0,63,0,0,0,0,0.0,0
malware,cmd.jsp,data\raw\malware_webshell\tennc_webshell\jsp\hackk8\jsp2\cmd.jsp,864,7,1,0,0,0,0.14285714285714285,script,0,1,0,0,0,0,0,0,0,0,0,5.127800888595501,5.127800888595501,0.9189814814814815,0.0,74,0,0,0,5,1,0,0,9,0,0,0,0,0.0,0
malware,cmdjsp.jsp,data\raw\malware_webshell\tennc_webshell\jsp\hackk8\jsp2\cmdjsp.jsp,757,10,1,0,0,0,0.1,script,0,1,0,0,0,0,0,0,0,0,0,4.961264559400151,4.961264559400151,0.9154557463672391,0.0,68,1,0,0,9,1,0,0,11,0,0,0,0,0.0,0
malware,CmdServlet.class,data\raw\malware_webshell\tennc_webshell\jsp\hackk8\jsp2\CmdServlet.class,1785,16,0,0,0,0,0.0625,unknown,0,0,0,0,1,0,0,0,0,0,0,5.675841238592639,5.675841238592639,0.6375350140056022,0.16806722689075632,144,0,0,0,3,0,0,0,3,0,0,0,0,0.0,0
malware,CmdServlet.java,data\raw\malware_webshell\tennc_webshell\jsp\hackk8\jsp2\CmdServlet.java,1203,15,0,0,0,0,0.06666666666666667,unknown,0,0,0,0,1,0,0,0,0,0,0,5.187957241026747,5.187957241026747,0.8952618453865336,0.0,65,0,0,0,5,1,0,0,6,0,0,0,0,0.0,0
malware,jsp-reverse.jsp,data\raw\malware_webshell\tennc_webshell\jsp\hackk8\jsp2\jsp-reverse.jsp,2542,15,1,0,0,0,0.13333333333333333,script,0,1,0,0,0,0,0,0,0,0,0,4.198998648097017,4.198998648097017,0.9284028324154209,0.0,70,2,0,0,1,1,0,0,4,0,0,0,0,0.0,0
malware,list.jsp,data\raw\malware_webshell\tennc_webshell\jsp\hackk8\jsp2\list.jsp,1946,8,1,0,0,0,0.125,script,0,1,0,0,0,0,0,0,0,0,0,5.39084350854543,5.39084350854543,0.8663926002055499,0.0,83,0,0,0,0,0,0,0,2,0,0,0,0,0.0,0
malware,ListServlet.class,data\raw\malware_webshell\tennc_webshell\jsp\hackk8\jsp2\ListServlet.class,2377,17,0,0,0,0,0.058823529411764705,unknown,0,0,0,0,1,0,0,0,0,0,0,5.886816522217981,5.886816522217981,0.5363904080774085,0.18426588136306268,188,0,0,0,0,0,0,0,0,0,0,0,0,0.0,0
malware,ListServlet.java,data\raw\malware_webshell\tennc_webshell\jsp\hackk8\jsp2\ListServlet.java,2217,16,0,0,0,0,0.0625,unknown,0,0,0,0,1,0,0,0,0,0,0,5.157599650746884,5.157599650746884,0.8322056833558863,0.0,76,0,0,0,0,0,0,0,0,0,0,0,0,0.0,0
malware,up.jsp,data\raw\malware_webshell\tennc_webshell\jsp\hackk8\jsp2\up.jsp,3735,6,1,0,0,0,0.16666666666666666,script,0,1,0,0,0,0,0,0,0,0,0,5.308083737784256,5.308083737784256,0.8904953145917002,0.0,86,0,0,0,0,0,0,0,1,0,0,0,0,0.0,0
malware,UpServlet.class,data\raw\malware_webshell\tennc_webshell\jsp\hackk8\jsp2\UpServlet.class,2072,15,0,0,0,0,0.06666666666666667,unknown,0,0,0,0,1,0,0,0,0,0,0,5.731757694821315,5.731757694821315,0.596042471042471,0.18629343629343628,148,0,0,0,0,0,0,0,0,0,0,0,0,0.0,0
malware,UpServlet.java,data\raw\malware_webshell\tennc_webshell\jsp\hackk8\jsp2\UpServlet.java,1997,14,0,0,0,0,0.07142857142857142,unknown,0,0,0,0,1,0,0,0,0,0,0,5.314703422694737,5.314703422694737,0.8928392588883325,0.0,79,0,0,0,0,0,0,0,0,0,0,0,0,0.0,0
malware,cmd_win32.jsp,data\raw\malware_webshell\tennc_webshell\jsp\hackk8\jsp2\win32\cmd_win32.jsp,853,13,1,0,0,0,0.15384615384615385,script,0,1,0,0,0,0,0,0,0,0,0,5.254089732171272,5.254089732171272,0.9296600234466589,0.0,74,0,0,0,6,1,0,0,10,0,0,0,0,0.0,0
malware,up_win32.jsp,data\raw\malware_webshell\tennc_webshell\jsp\hackk8\jsp2\win32\up_win32.jsp,3735,12,1,0,0,0,0.16666666666666666,script,0,1,0,0,0,0,0,0,0,0,0,5.312742262987124,5.312742262987124,0.8904953145917002,0.0,86,0,0,0,0,0,0,0,1,0,0,0,0,0.0,0
malware,cmdjsp.jsp,data\raw\malware_webshell\tennc_webshell\jsp\hackk8\JSP_66\cmdjsp.jsp,712,10,1,0,0,0,0.1,script,0,1,0,0,0,0,0,0,0,0,0,4.911666605935868,4.911666605935868,0.9129213483146067,0.0,63,0,0,0,9,1,0,0,11,0,0,0,0,0.0,0
malware,Customize.jsp,data\raw\malware_webshell\tennc_webshell\jsp\hackk8\JSP_66\Customize.jsp,6275,13,1,0,0,0,0.07692307692307693,script,0,1,0,0,0,0,0,0,0,0,0,5.431355510013421,5.413162492602132,0.9815139442231076,0.0,87,0,0,0,0,1,0,0,5,0,0,0,0,0.0,0
malware,Java Shell.jsp,data\raw\malware_webshell\tennc_webshell\jsp\hackk8\JSP_66\Java Shell.jsp,3112,14,1,0,0,0,0.14285714285714285,script,0,1,0,0,0,0,0,0,0,0,0,5.225108450164387,5.225108450164387,0.837082262210797,0.0,76,0,0,0,0,1,0,0,1,0,0,0,0,0.0,0
malware,jsp-reverse.jsp,data\raw\malware_webshell\tennc_webshell\jsp\hackk8\JSP_66\jsp-reverse.jsp,2447,15,1,0,0,0,0.13333333333333333,script,0,1,0,0,0,0,0,0,0,0,0,4.127661015716658,4.127661015716658,0.9264405394360441,0.0,67,0,0,0,1,1,0,0,4,0,0,0,0,0.0,0
malware,JspWebshell 1.2.jsp,data\raw\malware_webshell\tennc_webshell\jsp\hackk8\JSP_66\JspWebshell 1.2.jsp,26862,19,1,0,0,0,0.15789473684210525,script,0,1,0,0,0,0,0,0,0,0,0,5.398712398764891,5.419102178618442,0.8962474871565781,0.0,173,0,0,0,6,1,0,0,31,0,0,0,0,0.0,0
malware,JSP无组件实现WEB上传.rar,data\raw\malware_webshell\tennc_webshell\jsp\hackk8\JSP_66\JSP无组件实现WEB上传.rar,27698,17,1,0,0,0,0.058823529411764705,archive,0,0,0,1,0,1,1,0,0,0,0,7.96262690465048,3.642646869935886,0.38981153873925917,0.014838616506606976,256,2,0,0,0,0,0,0,0,0,0,0,0,0.0,0
malware,minupload.jsp,data\raw\malware_webshell\tennc_webshell\jsp\hackk8\JSP_66\minupload.jsp,2299,13,1,0,0,0,0.07692307692307693,script,0,1,0,0,0,0,0,0,0,0,0,4.98315976889702,4.98315976889702,0.8834275772074816,0.0,121,0,0,0,0,0,0,0,3,0,0,0,0,0.0,0
malware,download.jsp,data\raw\malware_webshell\tennc_webshell\jsp\hackk8\JSP_66\other\download.jsp,74272,12,1,0,0,0,0.08333333333333333,script,0,1,0,0,0,0,0,0,0,0,0,5.186996139475794,5.216680782454106,0.8712839293408013,0.0,95,4,0,0,6,1,0,0,67,0,0,0,0,0.0,0
malware,jspspy.jsp,data\raw\malware_webshell\tennc_webshell\jsp\hackk8\JSP_66\other\jspspy.jsp,86872,10,1,0,0,0,0.1,script,0,1,0,0,0,0,0,0,0,0,0,5.416632243505528,5.285766228484939,0.9375287779721889,0.0,118,7,4,0,22,5,4,0,97,0,0,0,0,0.0,0
malware,jspspy_k8.jsp,data\raw\malware_webshell\tennc_webshell\jsp\hackk8\JSP_66\other\jspspy_k8.jsp,86743,13,1,0,0,0,0.15384615384615385,script,0,1,0,0,0,0,0,0,0,0,0,5.415137539540608,5.252146866774624,0.9375742134812031,0.0,118,6,4,0,22,5,4,0,97,0,0,0,0,0.0,0
malware,thx.jsp,data\raw\malware_webshell\tennc_webshell\jsp\hackk8\JSP_66\other\thx.jsp,6275,7,1,0,0,0,0.14285714285714285,script,0,1,0,0,0,0,0,0,0,0,0,5.430211650382858,5.411541124761869,0.9815139442231076,0.0,87,0,0,0,0,1,0,0,5,0,0,0,0,0.0,0
malware,browser.jsp,data\raw\malware_webshell\tennc_webshell\jsp\hackk8\jsp_77\browser.jsp,69911,11,1,0,0,0,0.09090909090909091,script,0,1,0,0,0,0,0,0,0,0,0,5.17613604891118,5.182999463778185,0.8735249102430233,0.0,95,2,0,0,6,1,0,0,63,0,0,0,0,0.0,0
malware,cmd.jsp,data\raw\malware_webshell\tennc_webshell\jsp\hackk8\jsp_77\cmd.jsp,864,7,1,0,0,0,0.14285714285714285,script,0,1,0,0,0,0,0,0,0,0,0,5.127800888595501,5.127800888595501,0.9189814814814815,0.0,74,0,0,0,5,1,0,0,9,0,0,0,0,0.0,0
malware,cmdjsp.jsp,data\raw\malware_webshell\tennc_webshell\jsp\hackk8\jsp_77\cmdjsp.jsp,757,10,1,0,0,0,0.1,script,0,1,0,0,0,0,0,0,0,0,0,4.961264559400151,4.961264559400151,0.9154557463672391,0.0,68,1,0,0,9,1,0,0,11,0,0,0,0,0.0,0
malware,CmdServlet.class,data\raw\malware_webshell\tennc_webshell\jsp\hackk8\jsp_77\CmdServlet.class,1785,16,0,0,0,0,0.0625,unknown,0,0,0,0,1,0,0,0,0,0,0,5.675841238592639,5.675841238592639,0.6375350140056022,0.16806722689075632,144,0,0,0,3,0,0,0,3,0,0,0,0,0.0,0
malware,CmdServlet.java,data\raw\malware_webshell\tennc_webshell\jsp\hackk8\jsp_77\CmdServlet.java,1203,15,0,0,0,0,0.06666666666666667,unknown,0,0,0,0,1,0,0,0,0,0,0,5.187957241026747,5.187957241026747,0.8952618453865336,0.0,65,0,0,0,5,1,0,0,6,0,0,0,0,0.0,0
malware,jsp-reverse.jsp,data\raw\malware_webshell\tennc_webshell\jsp\hackk8\jsp_77\jsp-reverse.jsp,2542,15,1,0,0,0,0.13333333333333333,script,0,1,0,0,0,0,0,0,0,0,0,4.198998648097017,4.198998648097017,0.9284028324154209,0.0,70,2,0,0,1,1,0,0,4,0,0,0,0,0.0,0
malware,list.jsp,data\raw\malware_webshell\tennc_webshell\jsp\hackk8\jsp_77\list.jsp,1946,8,1,0,0,0,0.125,script,0,1,0,0,0,0,0,0,0,0,0,5.39084350854543,5.39084350854543,0.8663926002055499,0.0,83,0,0,0,0,0,0,0,2,0,0,0,0,0.0,0
malware,ListServlet.class,data\raw\malware_webshell\tennc_webshell\jsp\hackk8\jsp_77\ListServlet.class,2377,17,0,0,0,0,0.058823529411764705,unknown,0,0,0,0,1,0,0,0,0,0,0,5.886816522217981,5.886816522217981,0.5363904080774085,0.18426588136306268,188,0,0,0,0,0,0,0,0,0,0,0,0,0.0,0
malware,ListServlet.java,data\raw\malware_webshell\tennc_webshell\jsp\hackk8\jsp_77\ListServlet.java,2217,16,0,0,0,0,0.0625,unknown,0,0,0,0,1,0,0,0,0,0,0,5.157599650746884,5.157599650746884,0.8322056833558863,0.0,76,0,0,0,0,0,0,0,0,0,0,0,0,0.0,0
malware,up.jsp,data\raw\malware_webshell\tennc_webshell\jsp\hackk8\jsp_77\up.jsp,3735,6,1,0,0,0,0.16666666666666666,script,0,1,0,0,0,0,0,0,0,0,0,5.308083737784256,5.308083737784256,0.8904953145917002,0.0,86,0,0,0,0,0,0,0,1,0,0,0,0,0.0,0
malware,UpServlet.class,data\raw\malware_webshell\tennc_webshell\jsp\hackk8\jsp_77\UpServlet.class,2072,15,0,0,0,0,0.06666666666666667,unknown,0,0,0,0,1,0,0,0,0,0,0,5.731757694821315,5.731757694821315,0.596042471042471,0.18629343629343628,148,0,0,0,0,0,0,0,0,0,0,0,0,0.0,0
malware,UpServlet.java,data\raw\malware_webshell\tennc_webshell\jsp\hackk8\jsp_77\UpServlet.java,1997,14,0,0,0,0,0.07142857142857142,unknown,0,0,0,0,1,0,0,0,0,0,0,5.314703422694737,5.314703422694737,0.8928392588883325,0.0,79,0,0,0,0,0,0,0,0,0,0,0,0,0.0,0
malware,cmd_win32.jsp,data\raw\malware_webshell\tennc_webshell\jsp\hackk8\jsp_77\win32\cmd_win32.jsp,853,13,1,0,0,0,0.15384615384615385,script,0,1,0,0,0,0,0,0,0,0,0,5.254089732171272,5.254089732171272,0.9296600234466589,0.0,74,0,0,0,6,1,0,0,10,0,0,0,0,0.0,0
malware,up_win32.jsp,data\raw\malware_webshell\tennc_webshell\jsp\hackk8\jsp_77\win32\up_win32.jsp,3735,12,1,0,0,0,0.16666666666666666,script,0,1,0,0,0,0,0,0,0,0,0,5.312742262987124,5.312742262987124,0.8904953145917002,0.0,86,0,0,0,0,0,0,0,1,0,0,0,0,0.0,0
malware,Struts2下shell兼容性报告_K8.txt,data\raw\malware_webshell\tennc_webshell\jsp\hackk8\Struts2下shell兼容性报告_K8.txt,2375,25,1,0,0,0,0.08,document,0,0,0,0,0,0,0,0,0,0,0,6.153187610753802,6.153187610753802,0.23326315789473684,0.0,128,0,1,0,1,0,0,0,1,0,0,0,0,0.0,0
malware,he1p.jsp,data\raw\malware_webshell\tennc_webshell\jsp\he1p.jsp,87371,8,1,0,0,0,0.125,script,0,1,0,0,0,0,0,0,0,0,0,5.4140739562085125,5.292642735253099,0.93786267754747,0.0,117,7,4,0,22,5,4,0,100,0,0,0,0,0.0,0
malware,hideShell.jsp,data\raw\malware_webshell\tennc_webshell\jsp\hideShell.jsp,14953,13,1,0,0,0,0.07692307692307693,script,0,1,0,0,0,0,0,0,0,0,0,5.243285697721677,5.0775690358379295,0.9002875677121648,0.0,90,1,0,0,0,0,0,0,5,0,0,0,0,0.0,0
malware,hsxa.jsp,data\raw\malware_webshell\tennc_webshell\jsp\hsxa.jsp,700,8,1,0,0,0,0.125,script,0,1,0,0,0,0,0,0,0,0,0,5.114078349455383,5.114078349455383,1.0,0.0,57,0,0,0,0,0,0,0,3,0,0,0,0,0.0,0
malware,hsxa1.jsp,data\raw\malware_webshell\tennc_webshell\jsp\hsxa1.jsp,702,9,1,0,0,0,0.1111111111111111,script,0,1,0,0,0,0,0,0,0,0,0,5.130550961524129,5.130550961524129,0.9971509971509972,0.0,59,0,0,0,0,0,0,0,3,0,0,0,0,0.0,0
malware,icesword.jsp,data\raw\malware_webshell\tennc_webshell\jsp\icesword.jsp,59156,12,1,0,0,0,0.08333333333333333,script,0,1,0,0,0,0,0,0,0,0,0,5.40748598584536,5.093015601553142,0.9048955304618297,0.0,185,0,0,7,7,1,0,7,69,0,0,0,0,0.0,0
malware,in.jsp,data\raw\malware_webshell\tennc_webshell\jsp\in.jsp,29835,6,1,0,0,0,0.16666666666666666,script,0,1,0,0,0,0,0,0,0,0,0,5.462614322864427,5.432687001123954,0.8645215351097704,0.0,163,1,0,0,11,1,0,0,22,0,0,0,0,0.0,0
malware,inback3.jsp,data\raw\malware_webshell\tennc_webshell\jsp\inback3.jsp,170,11,1,0,0,0,0.09090909090909091,script,0,1,0,0,0,0,0,0,0,0,0,4.590396566268715,4.590396566268715,1.0,0.0,40,0,0,0,0,0,0,0,3,0,0,0,0,0.0,0
malware,index_bak1.jsp,data\raw\malware_webshell\tennc_webshell\jsp\index_bak1.jsp,6290,14,1,0,0,0,0.14285714285714285,script,0,1,0,0,0,0,0,0,0,0,0,5.4291732704264275,5.40690452179121,0.9815580286168522,0.0,87,0,0,0,1,1,0,0,6,0,0,0,0,0.0,0
malware,index_sys.jsp,data\raw\malware_webshell\tennc_webshell\jsp\index_sys.jsp,8556,13,1,0,0,0,0.15384615384615385,script,0,1,0,0,0,0,0,0,0,0,0,5.476638211755803,5.394008095781248,0.9608461898083216,0.0,90,1,0,0,0,1,0,0,5,0,0,0,0,0.0,0
malware,indexop.jsp.上传.jsp,data\raw\malware_webshell\tennc_webshell\jsp\indexop.jsp.上传.jsp,6279,18,2,1,0,0,0.16666666666666666,script,0,1,0,0,0,0,0,0,0,0,0,5.433703294416619,5.414731365426373,0.9812071985985029,0.0,87,0,0,0,0,1,0,0,5,0,0,0,0,0.0,0
malware,info.jsp,data\raw\malware_webshell\tennc_webshell\jsp\info.jsp,6280,8,1,0,0,0,0.125,script,0,1,0,0,0,0,0,0,0,0,0,5.431739907700594,5.411649614637211,0.9812101910828025,0.0,87,0,0,0,0,1,0,0,5,0,0,0,0,0.0,0
malware,IXRbE.jsp,data\raw\malware_webshell\tennc_webshell\jsp\IXRbE.jsp,181,9,1,0,0,0,0.1111111111111111,script,0,1,0,0,0,0,0,0,0,0,0,4.7561269872877245,4.7561269872877245,1.0,0.0,45,0,0,0,0,0,0,0,3,0,0,0,0,0.0,0
malware,IXRbE02.jsp,data\raw\malware_webshell\tennc_webshell\jsp\IXRbE02.jsp,181,11,1,0,0,0,0.09090909090909091,script,0,1,0,0,0,0,0,0,0,0,0,4.7561269872877245,4.7561269872877245,1.0,0.0,45,0,0,0,0,0,0,0,3,0,0,0,0,0.0,0
malware,java_faces_shell.xhtml,data\raw\malware_webshell\tennc_webshell\jsp\java\java_faces_shell.xhtml,3786,22,0,0,0,0,0.13636363636363635,unknown,0,0,0,0,1,0,0,0,0,0,0,5.36648758319849,5.36648758319849,0.8634442683571051,0.0,84,5,0,0,7,0,0,0,12,0,0,0,0,0.0,0
malware,Java Shell.jsp,data\raw\malware_webshell\tennc_webshell\jsp\Java Shell.jsp,3112,14,1,0,0,0,0.14285714285714285,script,0,1,0,0,0,0,0,0,0,0,0,5.225108450164387,5.225108450164387,0.837082262210797,0.0,76,0,0,0,0,1,0,0,1,0,0,0,0,0.0,0
malware,jdbc.jsp,data\raw\malware_webshell\tennc_webshell\jsp\jdbc.jsp,7964,8,1,0,0,0,0.125,script,0,1,0,0,0,0,0,0,0,0,0,5.297174747187459,5.2881076197827355,0.8425414364640884,0.0,88,0,0,0,0,1,0,0,6,0,0,0,0,0.0,0
malware,JFolder.jsp,data\raw\malware_webshell\tennc_webshell\jsp\JFolder.jsp,32078,11,1,0,0,0,0.09090909090909091,script,0,1,0,0,0,0,0,0,0,0,0,5.591307478514746,5.580640269062579,0.8506764760895318,0.0,178,6,0,0,11,1,0,0,22,0,0,0,0,0.0,0
malware,jfolder01.jsp,data\raw\malware_webshell\tennc_webshell\jsp\jfolder01.jsp,31184,13,1,0,0,0,0.07692307692307693,script,0,1,0,0,0,0,0,0,0,0,0,5.59016812886068,5.586813010292158,0.8505643919958953,0.0,178,6,0,0,11,1,0,0,22,0,0,0,0,0.0,0
malware,job.jsp,data\raw\malware_webshell\tennc_webshell\jsp\job.jsp,59537,7,1,0,0,0,0.14285714285714285,script,0,1,0,0,0,0,0,0,0,0,0,5.557251928375026,5.250108230488068,0.837848732720829,0.0,185,2,0,7,7,1,0,7,69,0,0,0,0,0.0,0
malware,jshell.jsp,data\raw\malware_webshell\tennc_webshell\jsp\jshell.jsp,112448,10,1,0,0,0,0.1,script,0,1,0,0,0,0,0,0,0,0,0,3.697630031170615,3.590853785732676,0.46977269493454754,0.4913115395560615,193,0,0,0,0,0,0,0,0,0,0,0,0,0.0,0
malware,jsp-reverse.jsp,data\raw\malware_webshell\tennc_webshell\jsp\jsp-reverse.jsp,2447,15,1,0,0,0,0.13333333333333333,script,0,1,0,0,0,0,0,0,0,0,0,4.127661015716658,4.127661015716658,0.9264405394360441,0.0,67,0,0,0,1,1,0,0,4,0,0,0,0,0.0,0
malware,jsp.jsp,data\raw\malware_webshell\tennc_webshell\jsp\jsp.jsp,31182,7,1,0,0,0,0.14285714285714285,script,0,1,0,0,0,0,0,0,0,0,0,5.590207864831352,5.586813010292158,0.8506189468282984,0.0,178,6,0,0,11,1,0,0,22,0,0,0,0,0.0,0
malware,jsp.txt,data\raw\malware_webshell\tennc_webshell\jsp\jsp.txt,43138,7,1,0,0,0,0.14285714285714285,document,0,0,0,0,0,0,0,0,0,0,0,5.842006340108818,5.5882101388166525,0.8528675413788307,0.0,186,2,0,0,9,5,0,0,44,0,0,0,0,0.0,0
malware,jsp_File_browser.jsp,data\raw\malware_webshell\tennc_webshell\jsp\jsp_File_browser.jsp,75418,20,1,0,0,0,0.15,script,0,1,0,0,0,0,0,0,0,0,0,5.190709061833835,5.174182246902841,0.8723116497387892,0.0,96,4,0,0,6,1,0,0,67,0,0,0,0,0.0,0
malware,1.jsp,data\raw\malware_webshell\tennc_webshell\jsp\jspbrowser\1.jsp,87355,5,1,0,0,0,0.2,script,0,1,0,0,0,0,0,0,0,0,0,5.412320704677207,5.28822788516401,0.9379657718504951,0.0,113,7,4,0,22,5,4,0,100,0,0,0,0,0.0,0
malware,2.jsp,data\raw\malware_webshell\tennc_webshell\jsp\jspbrowser\2.jsp,57208,5,1,0,0,0,0.2,script,0,1,0,0,0,0,0,0,0,0,0,5.518089088663369,5.248950773421635,0.834236470423717,0.0,186,1,0,6,7,1,0,6,68,0,0,0,0,0.0,0
malware,Browser.jsp,data\raw\malware_webshell\tennc_webshell\jsp\jspbrowser\Browser.jsp,75416,11,1,0,0,0,0.09090909090909091,script,0,1,0,0,0,0,0,0,0,0,0,5.190706545284361,5.174182246902841,0.8723347830699056,0.0,96,4,0,0,6,1,0,0,67,0,0,0,0,0.0,0
malware,example-css.css,data\raw\malware_webshell\tennc_webshell\jsp\jspbrowser\example-css.css,1476,15,0,0,0,0,0.13333333333333333,unknown,0,0,0,0,1,0,0,0,0,0,0,5.153559032948523,5.153559032948523,0.9058265582655827,0.0,57,0,0,0,0,0,0,0,0,0,0,0,0,0.0,0
malware,gpl.txt,data\raw\malware_webshell\tennc_webshell\jsp\jspbrowser\gpl.txt,12502,7,1,0,0,0,0.14285714285714285,document,0,0,0,0,0,0,0,0,0,0,0,4.757294665128235,4.477363085145152,0.963845784674452,0.0,74,0,0,0,0,0,0,0,0,0,0,0,0,0.0,0
malware,JspSpy.jsp,data\raw\malware_webshell\tennc_webshell\jsp\jspspy\JspSpy.jsp,87357,10,1,0,0,0,0.1,script,0,1,0,0,0,0,0,0,0,0,0,5.413879393358609,5.292148757803845,0.9379442975376902,0.0,119,7,4,0,22,5,4,0,100,0,0,0,0,0.0,0
malware,JspSpy1.jsp,data\raw\malware_webshell\tennc_webshell\jsp\jspspy\JspSpy1.jsp,87367,11,1,0,0,0,0.09090909090909091,script,0,1,0,0,0,0,0,0,0,0,0,5.413857444349792,5.292148757803845,0.937836940721325,0.0,119,7,4,0,22,5,4,0,100,0,0,0,0,0.0,0
malware,JspSpyJDK5.jsp,data\raw\malware_webshell\tennc_webshell\jsp\jspspy\JspSpyJDK5.jsp,86847,14,1,0,0,0,0.07142857142857142,script,0,1,0,0,0,0,0,0,0,0,0,5.415090750099561,5.292148757803845,0.9378101719115226,0.0,119,7,4,0,22,5,4,0,97,0,0,0,0,0.0,0
malware,JspSpyJDK51.jsp,data\raw\malware_webshell\tennc_webshell\jsp\jspspy\JspSpyJDK51.jsp,86835,15,1,0,0,0,0.06666666666666667,script,0,1,0,0,0,0,0,0,0,0,0,5.415117285478123,5.292148757803845,0.9379397708297346,0.0,119,7,4,0,22,5,4,0,97,0,0,0,0,0.0,0
malware,Jspspyweb.jsp,data\raw\malware_webshell\tennc_webshell\jsp\jspspy\Jspspyweb.jsp,43176,13,1,0,0,0,0.07692307692307693,script,0,1,0,0,0,0,0,0,0,0,0,5.746674812662108,5.501402278512266,0.8865573466740782,0.0,185,2,0,0,9,5,0,0,44,0,0,0,0,0.0,0
malware,JspSpy.jsp,data\raw\malware_webshell\tennc_webshell\jsp\JspSpy.jsp,87367,10,1,0,0,0,0.1,script,0,1,0,0,0,0,0,0,0,0,0,5.413857444349792,5.292148757803845,0.937836940721325,0.0,119,7,4,0,22,5,4,0,100,0,0,0,0,0.0,0
malware,JspSpy1.jsp,data\raw\malware_webshell\tennc_webshell\jsp\JspSpy1.jsp,87367,11,1,0,0,0,0.09090909090909091,script,0,1,0,0,0,0,0,0,0,0,0,5.413857444349792,5.292148757803845,0.937836940721325,0.0,119,7,4,0,22,5,4,0,100,0,0,0,0,0.0,0
malware,JspSpyJDK5.jsp,data\raw\malware_webshell\tennc_webshell\jsp\JspSpyJDK5.jsp,88977,14,1,0,0,0,0.07142857142857142,script,0,1,0,0,0,0,0,0,0,0,0,5.419564742122546,5.2933845793367515,0.9371410589253403,0.0,132,7,4,0,22,5,4,0,97,0,0,0,0,0.0,0
malware,JspSpyJDK51.jsp,data\raw\malware_webshell\tennc_webshell\jsp\JspSpyJDK51.jsp,86835,15,1,0,0,0,0.06666666666666667,script,0,1,0,0,0,0,0,0,0,0,0,5.415117285478123,5.292148757803845,0.9379397708297346,0.0,119,7,4,0,22,5,4,0,97,0,0,0,0,0.0,0
malware,JspWebshell 1.2.jsp,data\raw\malware_webshell\tennc_webshell\jsp\JspWebshell 1.2.jsp,26862,19,1,0,0,0,0.15789473684210525,script,0,1,0,0,0,0,0,0,0,0,0,5.398712398764891,5.419102178618442,0.8962474871565781,0.0,173,0,0,0,6,1,0,0,31,0,0,0,0,0.0,0
malware,JSP一句话,data\raw\malware_webshell\tennc_webshell\jsp\JSP一句话,446,6,0,0,0,0,0.0,unknown,0,0,0,0,1,0,0,0,0,0,0,5.565994433467426,5.565994433467426,0.8295964125560538,0.0,77,1,0,0,0,0,0,0,3,0,0,0,0,0.0,0
malware,JSP菜刀一句话木马.jsp,data\raw\malware_webshell\tennc_webshell\jsp\JSP菜刀一句话木马.jsp,6276,14,1,0,0,0,0.07142857142857142,script,0,1,0,0,0,0,0,0,0,0,0,5.430783868984125,5.4118120434912145,0.9815168897386871,0.0,87,0,0,0,0,1,0,0,5,0,0,0,0,0.0,0
malware,jweevely.md,data\raw\malware_webshell\tennc_webshell\jsp\jweevely.md,137,11,0,0,0,0,0.09090909090909091,unknown,0,0,0,0,1,0,0,0,0,0,0,4.710482525898279,4.710482525898279,0.9124087591240876,0.0,37,1,0,0,0,0,0,0,0,0,0,0,0,0.0,0
malware,k81.jsp,data\raw\malware_webshell\tennc_webshell\jsp\k81.jsp,743,7,1,0,0,0,0.14285714285714285,script,0,1,0,0,0,0,0,0,0,0,0,5.257185523572021,5.257185523572021,0.927321668909825,0.0,67,0,0,0,3,1,0,0,5,0,0,0,0,0.0,0
malware,k8cmd.jsp,data\raw\malware_webshell\tennc_webshell\jsp\k8cmd.jsp,2174,9,1,0,0,0,0.1111111111111111,script,0,1,0,0,0,0,0,0,0,0,0,5.160321729273424,5.160321729273424,0.9328426862925483,0.0,81,0,0,0,0,0,0,0,4,0,0,0,0,0.0,0
malware,ks0ljvi9m2.txt,data\raw\malware_webshell\tennc_webshell\jsp\ks0ljvi9m2.txt,139003,14,1,0,0,0,0.07142857142857142,document,0,0,0,0,0,0,0,0,0,0,0,5.267837153680372,5.3353152582312,0.8337589836190585,0.0,97,6,5,0,23,5,6,0,142,0,0,0,0,0.0,0
malware,leo.jsp,data\raw\malware_webshell\tennc_webshell\jsp\leo.jsp,28610,7,1,0,0,0,0.14285714285714285,script,0,1,0,0,0,0,0,0,0,0,0,5.44873575050943,5.3457098431446175,0.8756378888500524,0.0,159,3,0,0,11,1,0,0,22,0,0,0,0,0.0,0
malware,list1.jsp,data\raw\malware_webshell\tennc_webshell\jsp\list1.jsp,34410,9,1,0,0,0,0.1111111111111111,script,0,1,0,0,0,0,0,0,0,0,0,5.152564506561708,5.258281650330067,0.9536181342632956,0.0,92,2,1,0,1,1,0,0,34,0,0,0,0,0.0,0
malware,luci.jsp.spy2009.jsp,data\raw\malware_webshell\tennc_webshell\jsp\luci.jsp.spy2009.jsp,86722,20,2,1,0,0,0.15,script,0,1,0,0,0,0,0,0,0,0,0,5.410132852984476,5.250291261542273,0.9383201494430479,0.0,97,6,4,0,22,5,4,0,97,0,0,0,0,0.0,0
malware,m.jsp,data\raw\malware_webshell\tennc_webshell\jsp\m.jsp,89053,5,1,0,0,0,0.2,script,0,1,0,0,0,0,0,0,0,0,0,5.423042215094429,5.2876398580849004,0.9368802847742356,0.0,121,7,4,0,22,5,4,0,97,0,0,0,0,0.0,0
malware,ma (1).jsp,data\raw\malware_webshell\tennc_webshell\jsp\ma (1).jsp,6278,10,1,0,0,0,0.4,script,0,1,0,0,0,0,0,0,0,0,0,5.429864914652785,5.409340999553257,0.9815227779547626,0.0,87,0,0,0,0,1,0,0,5,0,0,0,0,0.0,0
malware,ma.jsp,data\raw\malware_webshell\tennc_webshell\jsp\ma.jsp,74221,6,1,0,0,0,0.16666666666666666,script,0,1,0,0,0,0,0,0,0,0,0,5.1904036167692595,5.216680782454106,0.8711954837579661,0.0,95,4,0,0,6,1,0,0,67,0,0,0,0,0.0,0
malware,ma1.jsp,data\raw\malware_webshell\tennc_webshell\jsp\ma1.jsp,55646,7,1,0,0,0,0.14285714285714285,script,0,1,0,0,0,0,0,0,0,0,0,5.57093120215265,5.227416886189926,0.8981777665959817,0.0,185,2,0,7,7,1,0,7,69,0,0,0,0,0.0,0
malware,ma2.jsp,data\raw\malware_webshell\tennc_webshell\jsp\ma2.jsp,32831,7,1,0,0,0,0.14285714285714285,script,0,1,0,0,0,0,0,0,0,0,0,5.142372060112773,4.87519787608756,0.9195881940848588,0.0,175,4,0,0,4,0,0,0,41,0,0,0,0,0.0,0
malware,ma3.jsp,data\raw\malware_webshell\tennc_webshell\jsp\ma3.jsp,86727,7,1,0,0,0,0.14285714285714285,script,0,1,0,0,0,0,0,0,0,0,0,5.413084071997272,5.248397848768756,0.9380700358596515,0.0,115,6,4,0,22,5,4,0,97,0,0,0,0,0.0,0
malware,ma4.jsp,data\raw\malware_webshell\tennc_webshell\jsp\ma4.jsp,57839,7,1,0,0,0,0.14285714285714285,script,0,1,0,0,0,0,0,0,0,0,0,5.535180327539506,5.269323728176613,0.8329673749546154,0.0,184,1,0,6,7,1,0,6,68,0,0,0,0,0.0,0
malware,maint.jsp,data\raw\malware_webshell\tennc_webshell\jsp\maint.jsp,6275,9,1,0,0,0,0.1111111111111111,script,0,1,0,0,0,0,0,0,0,0,0,5.43114218418462,5.413462565860636,0.9815139442231076,0.0,87,0,0,0,0,1,0,0,5,0,0,0,0,0.0,0
malware,mg.jsp,data\raw\malware_webshell\tennc_webshell\jsp\mg.jsp,6275,6,1,0,0,0,0.16666666666666666,script,0,1,0,0,0,0,0,0,0,0,0,5.430211650382858,5.411541124761869,0.9815139442231076,0.0,87,0,0,0,0,1,0,0,5,0,0,0,0,0.0,0
malware,mmym520.jsp,data\raw\malware_webshell\tennc_webshell\jsp\mmym520.jsp,86868,11,1,0,0,0,0.09090909090909091,script,0,1,0,0,0,0,0,0,0,0,0,5.416616192772463,5.288406134235823,0.9378942763733481,0.0,110,7,4,0,22,5,4,0,97,0,0,0,0,0.0,0
malware,myxx.jsp,data\raw\malware_webshell\tennc_webshell\jsp\myxx.jsp,146615,8,1,0,0,0,0.125,script,0,1,0,0,0,0,0,0,0,0,0,5.191820977135418,5.3240215630078485,0.8036217303822938,0.0,98,1,5,0,23,5,6,0,143,0,0,0,0,0.0,0
malware,myxx1.jsp,data\raw\malware_webshell\tennc_webshell\jsp\myxx1.jsp,146615,9,1,0,0,0,0.1111111111111111,script,0,1,0,0,0,0,0,0,0,0,0,5.191820977135418,5.3240215630078485,0.8036217303822938,0.0,98,1,5,0,23,5,6,0,143,0,0,0,0,0.0,0
malware,netspy.jsp,data\raw\malware_webshell\tennc_webshell\jsp\netspy\netspy.jsp,16106,10,1,0,0,0,0.1,script,0,1,0,0,0,0,0,0,0,0,0,5.385020940834035,5.366031263674579,0.8207500310443313,0.0,155,5,5,0,0,0,1,0,13,0,0,0,0,0.0,0
malware,no.jsp,data\raw\malware_webshell\tennc_webshell\jsp\no.jsp,31184,6,1,0,0,0,0.16666666666666666,script,0,1,0,0,0,0,0,0,0,0,0,5.59016812886068,5.586813010292158,0.8505643919958953,0.0,178,6,0,0,11,1,0,0,22,0,0,0,0,0.0,0
malware,nogfw.jsp,data\raw\malware_webshell\tennc_webshell\jsp\nogfw.jsp,87353,9,1,0,0,0,0.1111111111111111,script,0,1,0,0,0,0,0,0,0,0,0,5.410724002984143,5.2860907921729305,0.9381704120064566,0.0,97,7,4,0,22,5,4,0,100,0,0,0,0,0.0,0
malware,ok.jsp,data\raw\malware_webshell\tennc_webshell\jsp\ok.jsp,87409,6,1,0,0,0,0.16666666666666666,script,0,1,0,0,0,0,0,0,0,0,0,5.413615376391187,5.2860907921729305,0.9382100241393907,0.0,97,7,4,0,22,5,4,0,100,0,0,0,0,0.0,0
malware,one8.jsp,data\raw\malware_webshell\tennc_webshell\jsp\one8.jsp,170,8,1,0,0,0,0.125,script,0,1,0,0,0,0,0,0,0,0,0,4.590396566268715,4.590396566268715,1.0,0.0,40,0,0,0,0,0,0,0,3,0,0,0,0,0.0,0
malware,jshell.jsp,data\raw\malware_webshell\tennc_webshell\jsp\p2j.cn\jshell.jsp,76,10,1,0,0,0,0.1,script,0,1,0,0,0,0,0,0,0,0,0,4.575892481115098,4.575892481115098,0.9736842105263158,0.0,31,0,0,0,0,1,0,0,2,0,0,0,0,0.0,0
malware,pb.jsp,data\raw\malware_webshell\tennc_webshell\jsp\pb.jsp,467,6,1,0,0,0,0.16666666666666666,script,0,1,0,0,0,0,0,0,0,0,0,5.103952084707511,5.103952084707511,0.9785867237687366,0.0,60,0,0,0,4,1,0,0,6,0,0,0,0,0.0,0
malware,ProcessBuilder-cmd.jsp,data\raw\malware_webshell\tennc_webshell\jsp\ProcessBuilder-cmd.jsp,1159,22,1,0,0,0,0.09090909090909091,script,0,1,0,0,0,0,0,0,0,0,0,5.249125818204293,5.249125818204293,0.9292493528904228,0.0,80,0,0,0,0,2,0,0,3,0,0,0,0,0.0,0
malware,ProcessBuilder-reflect-cmd.jsp,data\raw\malware_webshell\tennc_webshell\jsp\ProcessBuilder-reflect-cmd.jsp,1844,30,1,0,0,0,0.1,script,0,1,0,0,0,0,0,0,0,0,0,5.204379231112376,5.204379231112376,0.9414316702819957,0.0,84,0,0,0,0,0,0,0,1,0,0,0,0,0.0,0
malware,pyth.jsp,data\raw\malware_webshell\tennc_webshell\jsp\pyth.jsp,75416,8,1,0,0,0,0.125,script,0,1,0,0,0,0,0,0,0,0,0,5.190706545284361,5.174182246902841,0.8723347830699056,0.0,96,4,0,0,6,1,0,0,67,0,0,0,0,0.0,0
malware,queryDong.jsp,data\raw\malware_webshell\tennc_webshell\jsp\queryDong.jsp,123954,13,1,0,0,0,0.07692307692307693,script,0,1,0,0,0,0,0,0,0,0,0,5.408479188413485,5.328501344639314,0.9382109492230989,0.0,97,6,5,0,23,5,6,0,143,0,0,0,0,0.0,0
malware,ROOTtows.jsp,data\raw\malware_webshell\tennc_webshell\jsp\ROOTtows.jsp,6278,12,1,0,0,0,0.08333333333333333,script,0,1,0,0,0,0,0,0,0,0,0,5.432010529858423,5.412214536992499,0.9815227779547626,0.0,87,0,0,0,0,1,0,0,5,0,0,0,0,0.0,0
malware,Runtime-reflect-cmd.jsp,data\raw\malware_webshell\tennc_webshell\jsp\Runtime-reflect-cmd.jsp,1486,23,1,0,0,0,0.13043478260869565,script,0,1,0,0,0,0,0,0,0,0,0,5.216791667986024,5.216791667986024,0.9421265141318977,0.0,82,0,0,0,0,0,0,0,1,0,0,0,0,0.0,0
malware,shell.jsp,data\raw\malware_webshell\tennc_webshell\jsp\shell.jsp,75416,9,1,0,0,0,0.1111111111111111,script,0,1,0,0,0,0,0,0,0,0,0,5.190706545284361,5.174182246902841,0.8723347830699056,0.0,96,4,0,0,6,1,0,0,67,0,0,0,0,0.0,0
malware,shell1.jsp,data\raw\malware_webshell\tennc_webshell\jsp\shell1.jsp,32255,10,1,0,0,0,0.1,script,0,1,0,0,0,0,0,0,0,0,0,5.624643102365212,5.440404964928272,0.8419159820182918,0.0,163,6,0,0,11,1,0,0,22,0,0,0,0,0.0,0
malware,silic webshell.jsp,data\raw\malware_webshell\tennc_webshell\jsp\silic webshell.jsp,28610,18,1,0,0,0,0.1111111111111111,script,0,1,0,0,0,0,0,0,0,0,0,5.44873575050943,5.3457098431446175,0.8756378888500524,0.0,159,3,0,0,11,1,0,0,22,0,0,0,0,0.0,0
malware,Silic.jsp,data\raw\malware_webshell\tennc_webshell\jsp\Silic.jsp,700,9,1,0,0,0,0.1111111111111111,script,0,1,0,0,0,0,0,0,0,0,0,5.114078349455383,5.114078349455383,1.0,0.0,57,0,0,0,0,0,0,0,3,0,0,0,0,0.0,0
malware,SJavaWebManageV1.4.jsp,data\raw\malware_webshell\tennc_webshell\jsp\SJavaWebManageV1.4.jsp,54431,22,1,0,0,0,0.09090909090909091,script,0,1,0,0,0,0,0,0,0,0,0,5.590683345003915,5.497331742059872,0.7711598170160386,0.0,168,11,1,0,10,1,1,0,14,0,0,0,0,0.0,0
malware,spjspshell.jsp,data\raw\malware_webshell\tennc_webshell\jsp\spjspshell.jsp,19287,14,1,0,0,0,0.07142857142857142,script,0,1,0,0,0,0,0,0,0,0,0,5.7946302385338235,6.3637465299093545,0.8462176595634365,0.0,180,1,6,0,10,1,8,0,28,0,0,0,0,0.0,0
malware,spyjsp2010.jsp,data\raw\malware_webshell\tennc_webshell\jsp\spyjsp2010.jsp,124027,14,1,0,0,0,0.07142857142857142,script,0,1,0,0,0,0,0,0,0,0,0,5.408598059417148,5.320426510797646,0.9382231288348505,0.0,100,6,5,0,23,5,6,0,143,0,0,0,0,0.0,0
malware,dict.txt,data\raw\malware_webshell\tennc_webshell\jsp\struts2\dict.txt,133152,8,1,0,0,0,0.125,document,0,0,0,0,0,0,0,0,0,0,0,4.9471264596141165,4.935869762216594,0.777224525354482,0.0,118,2,0,0,2,0,0,0,2,0,0,0,0,0.0,0
malware,webshell.txt,data\raw\malware_webshell\tennc_webshell\jsp\struts2\webshell.txt,2372,12,1,0,0,0,0.08333333333333333,document,0,0,0,0,0,0,0,0,0,0,0,4.362971908040615,4.362971908040615,0.811973018549747,0.0,54,0,0,0,2,0,0,0,2,0,0,0,0,0.0,0
malware,style.jsp,data\raw\malware_webshell\tennc_webshell\jsp\style.jsp,87071,9,1,0,0,0,0.1111111111111111,script,0,1,0,0,0,0,0,0,0,0,0,5.410950513576663,5.246532103744877,0.9377978890790275,0.0,118,5,4,0,22,5,4,0,100,0,0,0,0,0.0,0
malware,suiyue.jsp,data\raw\malware_webshell\tennc_webshell\jsp\suiyue.jsp,30899,10,1,0,0,0,0.1,script,0,1,0,0,0,0,0,0,0,0,0,5.4653327558964895,5.439260016629962,0.9017443930224279,0.0,176,5,0,0,11,1,0,0,22,0,0,0,0,0.0,0
malware,sys3.jsp,data\raw\malware_webshell\tennc_webshell\jsp\sys3.jsp,1357,8,1,0,0,0,0.125,script,0,1,0,0,0,0,0,0,0,0,0,4.869343401730413,4.869343401730413,0.9380987472365512,0.0,67,0,0,0,0,0,0,0,3,0,0,0,0,0.0,0
malware,system1.jsp.上传.jsp,data\raw\malware_webshell\tennc_webshell\jsp\system1.jsp.上传.jsp,2174,18,2,1,0,0,0.16666666666666666,script,0,1,0,0,0,0,0,0,0,0,0,5.141530105454256,5.141530105454256,0.937442502299908,0.0,73,0,0,0,0,0,0,0,4,0,0,0,0,0.0,0
malware,t.jsp,data\raw\malware_webshell\tennc_webshell\jsp\t.jsp,6274,5,1,0,0,0,0.2,script,0,1,0,0,0,0,0,0,0,0,0,5.429633101458234,5.4118611759454165,0.9815109977685686,0.0,87,0,0,0,0,1,0,0,5,0,0,0,0,0.0,0
malware,t00ls.jsp,data\raw\malware_webshell\tennc_webshell\jsp\t00ls.jsp,139004,9,1,0,0,0,0.1111111111111111,script,0,1,0,0,0,0,0,0,0,0,0,5.267834203529649,5.336107574288319,0.8337745676383413,0.0,97,6,5,0,23,5,6,0,142,0,0,0,0,0.0,0
malware,t00ls1.jsp,data\raw\malware_webshell\tennc_webshell\jsp\t00ls1.jsp,138980,10,1,0,0,0,0.1,script,0,1,0,0,0,0,0,0,0,0,0,5.267500149151075,5.334163460771769,0.8337458627140596,0.0,97,6,5,0,23,5,6,0,142,0,0,0,0,0.0,0
malware,test.jsp,data\raw\malware_webshell\tennc_webshell\jsp\test.jsp,454,8,1,0,0,0,0.125,script,0,1,0,0,0,0,0,0,0,0,0,5.055338936263191,5.055338936263191,0.986784140969163,0.0,59,0,0,0,4,1,0,0,6,0,0,0,0,0.0,0
malware,tree.jsp,data\raw\malware_webshell\tennc_webshell\jsp\tree.jsp,2151,8,1,0,0,0,0.125,script,0,1,0,0,0,0,0,0,0,0,0,5.019219099771413,5.019219099771413,0.9125987912598791,0.0,85,0,0,0,0,0,0,0,0,0,0,0,0,0.0,0
malware,u.jsp,data\raw\malware_webshell\tennc_webshell\jsp\u.jsp,86823,5,1,0,0,0,0.2,script,0,1,0,0,0,0,0,0,0,0,0,5.412353135348756,5.294865528856126,0.9382536885387512,0.0,97,7,4,0,22,5,4,0,97,0,0,0,0,0.0,0
malware,utils.jsp,data\raw\malware_webshell\tennc_webshell\jsp\utils.jsp,7971,9,1,0,0,0,0.1111111111111111,script,0,1,0,0,0,0,0,0,0,0,0,5.300353208592004,5.294939626114962,0.8426797139631163,0.0,88,0,0,0,0,1,0,0,6,0,0,0,0,0.0,0
malware,ver007.jsp,data\raw\malware_webshell\tennc_webshell\jsp\ver007.jsp,170,10,1,0,0,0,0.1,script,0,1,0,0,0,0,0,0,0,0,0,4.590396566268715,4.590396566268715,1.0,0.0,40,0,0,0,0,0,0,0,3,0,0,0,0,0.0,0
malware,ver008.jsp,data\raw\malware_webshell\tennc_webshell\jsp\ver008.jsp,6276,10,1,0,0,0,0.1,script,0,1,0,0,0,0,0,0,0,0,0,5.43024339682535,5.412231029398236,0.9811982154238368,0.0,87,0,0,0,0,1,0,0,5,0,0,0,0,0.0,0
malware,warn.jsp,data\raw\malware_webshell\tennc_webshell\jsp\warn.jsp,30416,8,1,0,0,0,0.125,script,0,1,0,0,0,0,0,0,0,0,0,5.335404129284109,5.160095477214476,0.8793726985796949,0.0,90,1,0,0,10,1,0,0,21,0,0,0,0,0.0,0
malware,web.jsp,data\raw\malware_webshell\tennc_webshell\jsp\web.jsp,641,7,1,0,0,0,0.14285714285714285,script,0,1,0,0,0,0,0,0,0,0,0,5.11230940361819,5.11230940361819,1.0,0.0,64,1,0,0,0,0,0,0,3,0,0,0,0,0.0,0
malware,web02.jsp,data\raw\malware_webshell\tennc_webshell\jsp\web02.jsp,641,9,1,0,0,0,0.1111111111111111,script,0,1,0,0,0,0,0,0,0,0,0,5.11230940361819,5.11230940361819,1.0,0.0,64,1,0,0,0,0,0,0,3,0,0,0,0,0.0,0
malware,webshell-nc.jsp,data\raw\malware_webshell\tennc_webshell\jsp\webshell-nc.jsp,42808,15,1,0,0,0,0.13333333333333333,script,0,1,0,0,0,0,0,0,0,0,0,5.4413016326963115,5.581838942101836,0.7683143337693888,0.0,163,2,1,0,12,3,1,0,29,0,0,0,0,0.0,0
malware,WebSocket 内存马，一种新型内存马技术.md,data\raw\malware_webshell\tennc_webshell\jsp\WebSocket 内存马，一种新型内存马技术.md,5724,26,0,0,0,0,0.11538461538461539,unknown,0,0,0,0,1,0,0,0,0,0,0,6.655071160215673,6.563090970300509,0.4699510831586303,0.0,158,9,1,5,0,0,0,5,5,0,0,0,0,0.0,0
malware,x.jsp,data\raw\malware_webshell\tennc_webshell\jsp\x.jsp,289658,5,1,0,0,0,0.2,script,0,1,0,0,0,0,0,0,0,0,0,5.3548457581756885,5.5370005926297265,0.9834908754462158,0.0,98,10,0,0,27,31,0,1,60,0,0,0,0,0.0,0
malware,x7.jsp,data\raw\malware_webshell\tennc_webshell\jsp\x7.jsp,89005,6,1,0,0,0,0.16666666666666666,script,0,1,0,0,0,0,0,0,0,0,0,5.420535546398158,5.2876398580849004,0.9370709510701646,0.0,128,7,4,0,22,5,4,0,97,0,0,0,0,0.0,0
malware,xia.jsp,data\raw\malware_webshell\tennc_webshell\jsp\xia.jsp,86726,7,1,0,0,0,0.14285714285714285,script,0,1,0,0,0,0,0,0,0,0,0,5.413062056557659,5.247632280694168,0.9380693217720176,0.0,115,6,4,0,22,5,4,0,97,0,0,0,0,0.0,0
malware,xm.jsp,data\raw\malware_webshell\tennc_webshell\jsp\xm.jsp,170,6,1,0,0,0,0.16666666666666666,script,0,1,0,0,0,0,0,0,0,0,0,4.590396566268715,4.590396566268715,1.0,0.0,40,0,0,0,0,0,0,0,3,0,0,0,0,0.0,0
malware,xx.jsp,data\raw\malware_webshell\tennc_webshell\jsp\xx.jsp,700,6,1,0,0,0,0.16666666666666666,script,0,1,0,0,0,0,0,0,0,0,0,5.114078349455383,5.114078349455383,1.0,0.0,57,0,0,0,0,0,0,0,3,0,0,0,0,0.0,0
malware,yijuhua.jsp,data\raw\malware_webshell\tennc_webshell\jsp\yijuhua.jsp,8886,11,1,0,0,0,0.09090909090909091,script,0,1,0,0,0,0,0,0,0,0,0,5.371222507062583,5.358629985846743,0.8586540625703354,0.0,88,0,0,0,0,1,0,0,6,0,0,0,0,0.0,0
malware,zend.jsp,data\raw\malware_webshell\tennc_webshell\jsp\zend.jsp,148298,8,1,0,0,0,0.125,script,0,1,0,0,0,0,0,0,0,0,0,5.193227633826316,5.3158444026482465,0.8042522488502879,0.0,98,1,5,0,23,5,6,0,144,0,0,0,0,0.0,0
malware,zval.jsp,data\raw\malware_webshell\tennc_webshell\jsp\zval.jsp,6274,8,1,0,0,0,0.125,script,0,1,0,0,0,0,0,0,0,0,0,5.429939197393121,5.412358332271882,0.9815109977685686,0.0,87,0,0,0,0,1,0,0,5,0,0,0,0,0.0,0
malware,zx.jsp,data\raw\malware_webshell\tennc_webshell\jsp\zx.jsp,177,6,1,0,0,0,0.16666666666666666,script,0,1,0,0,0,0,0,0,0,0,0,4.695069855834108,4.695069855834108,0.9661016949152542,0.0,42,0,0,0,0,0,0,0,3,0,0,0,0,0.0,0
malware,新型JSP小马支持上传任意格式文件.jsp,data\raw\malware_webshell\tennc_webshell\jsp\新型JSP小马支持上传任意格式文件.jsp,306,21,1,0,0,0,0.047619047619047616,script,0,1,0,0,0,0,0,0,0,0,0,5.142747726687664,5.142747726687664,1.0,0.0,54,0,0,0,0,0,0,0,2,0,0,0,0,0.0,0
malware,cmd.jspx,data\raw\malware_webshell\tennc_webshell\jspx\cmd.jspx,945,8,1,0,0,0,0.125,script,0,1,0,0,0,0,0,0,0,0,0,5.3969588271652285,5.3969588271652285,0.9185185185185185,0.0,72,3,0,0,0,1,0,0,1,0,0,0,0,0.0,0
malware,base64.jspx.txt,data\raw\malware_webshell\tennc_webshell\jspx\Ends\base64.jspx.txt,945,15,2,1,0,0,0.13333333333333333,document,0,1,0,0,0,0,0,0,0,0,0,5.3969588271652285,5.3969588271652285,0.9185185185185185,0.0,72,3,0,0,0,1,0,0,1,0,0,0,0,0.0,0
malware,jjw.jspx,data\raw\malware_webshell\tennc_webshell\jspx\jjw.jspx,245,8,1,0,0,0,0.125,script,0,1,0,0,0,0,0,0,0,0,0,5.043300909062776,5.043300909062776,0.9510204081632653,0.0,46,1,0,0,0,1,0,0,2,0,0,0,0,0.0,0
malware,jspspy.jspx,data\raw\malware_webshell\tennc_webshell\jspx\jspspy.jspx,124256,11,1,0,0,0,0.09090909090909091,script,0,1,0,0,0,0,0,0,0,0,0,5.407901895974766,5.32218954993729,0.9384094128251352,0.0,98,4,5,0,23,5,6,0,143,0,0,0,0,0.0,0
malware,jspx.jspx,data\raw\malware_webshell\tennc_webshell\jspx\jspx.jspx,7586,9,1,0,0,0,0.1111111111111111,script,0,1,0,0,0,0,0,0,0,0,0,5.438190892932469,5.426723308499465,1.0,0.0,85,3,0,0,0,1,0,0,6,0,0,0,0,0.0,0
malware,jsp一句话.txt,data\raw\malware_webshell\tennc_webshell\jspx\jsp一句话.txt,419,10,1,0,0,0,0.1,document,0,0,0,0,0,0,0,0,0,0,0,5.57352703082404,5.57352703082404,0.8687350835322196,0.0,79,1,0,0,0,0,0,0,3,0,0,0,0,0.0,0
malware,jw.jspx,data\raw\malware_webshell\tennc_webshell\jspx\jw.jspx,579,7,1,0,0,0,0.14285714285714285,script,0,1,0,0,0,0,0,0,0,0,0,4.9277732426383904,4.9277732426383904,0.9481865284974094,0.0,58,1,0,0,0,1,0,0,3,0,0,0,0,0.0,0
malware,paxmac.jspx,data\raw\malware_webshell\tennc_webshell\jspx\paxmac.jspx,932,11,1,0,0,0,0.09090909090909091,script,0,1,0,0,0,0,0,0,0,0,0,4.993453548472545,4.993453548472545,0.8744635193133047,0.0,57,3,0,0,3,1,0,0,5,0,0,0,0,0.0,0
malware,msmap-main.zip,data\raw\malware_webshell\tennc_webshell\msmap\msmap-main.zip,2468559,14,1,0,0,0,0.14285714285714285,archive,0,0,0,1,0,1,1,0,0,0,89,7.998623183058398,7.925786221407803,0.3701390163249086,0.003967091732464162,256,0,0,0,2,0,0,0,2,48,0,23,0,1.022413480901206,0
malware,01.asp,data\raw\malware_webshell\tennc_webshell\net-friend\asp\01.asp,24,6,1,0,0,0,0.16666666666666666,script,0,1,0,0,0,0,0,0,0,0,0,3.9387218755408675,3.9387218755408675,1.0,0.0,17,0,0,0,0,0,0,0,1,0,0,0,0,0.0,0
malware,1.asp,data\raw\malware_webshell\tennc_webshell\net-friend\asp\1.asp,142766,5,1,0,0,0,0.2,script,0,1,0,0,0,0,0,0,0,0,0,7.6077961238414975,7.5792998880641305,0.405152487286889,0.0,254,0,0,1,0,0,0,1,2,0,0,0,0,0.0,0
malware,01.aspx,data\raw\malware_webshell\tennc_webshell\net-friend\asp\asp目录可写扫描\01.aspx,5117,7,1,0,0,0,0.14285714285714285,script,0,1,0,0,0,0,0,1,0,0,0,4.2797922702288655,4.466243584889096,0.9525112370529607,0.0,108,2,3,0,0,0,0,0,0,0,0,0,0,0.0,0
malware,1.aspx,data\raw\malware_webshell\tennc_webshell\net-friend\asp\asp目录可写扫描\1.aspx,5117,6,1,0,0,0,0.16666666666666666,script,0,1,0,0,0,0,0,1,0,0,0,4.2797922702288655,4.466243584889096,0.9525112370529607,0.0,108,2,3,0,0,0,0,0,0,0,0,0,0,0.0,0
malware,finaly.aspx,data\raw\malware_webshell\tennc_webshell\net-friend\asp\asp目录可写扫描\finaly.aspx,5117,11,1,0,0,0,0.09090909090909091,script,0,1,0,0,0,0,0,1,0,0,0,4.2797922702288655,4.466243584889096,0.9525112370529607,0.0,108,2,3,0,0,0,0,0,0,0,0,0,0,0.0,0
malware,wt.asp,data\raw\malware_webshell\tennc_webshell\net-friend\asp\asp目录可写扫描\wt.asp,5564,6,1,0,0,0,0.16666666666666666,script,0,1,0,0,0,0,0,0,0,0,0,5.711964600430494,5.687202796726158,0.8242271746944644,0.0,144,0,0,0,0,4,0,0,11,0,0,0,0,0.0,0
malware,wt.aspx,data\raw\malware_webshell\tennc_webshell\net-friend\asp\asp目录可写扫描\wt.aspx,6876,7,1,0,0,0,0.14285714285714285,script,0,1,0,0,0,0,0,1,0,0,0,3.5897525673678836,4.027418720920791,0.9528795811518325,0.0,99,2,3,0,0,0,0,0,0,0,0,0,0,0.0,0
malware,indexx.asp,data\raw\malware_webshell\tennc_webshell\net-friend\asp\DarkBlade1.3--强大的asp大马\indexx.asp,131823,10,1,0,0,0,0.1,script,0,1,0,0,0,0,0,0,0,0,0,5.402779052485093,5.3281510332349695,0.8495937734689698,0.0,97,6,8,1,11,2,1,1,33,0,0,0,0,0.0,0
malware,mssql在线管理.asp,data\raw\malware_webshell\tennc_webshell\net-friend\asp\mssql在线管理.asp,47962,13,1,0,0,0,0.07692307692307693,script,0,1,0,0,0,0,0,0,0,0,0,5.602109332031184,5.63466895153937,0.8648513406446771,0.0,183,3,0,0,0,8,0,0,98,0,0,0,0,0.0,0
malware,一句话.doc,data\raw\malware_webshell\tennc_webshell\net-friend\asp\一句话.doc,126464,7,1,0,0,0,0.14285714285714285,document,0,0,0,0,0,0,0,0,0,0,6,7.125252557373565,0.9312747249082675,0.30966124746963564,0.1888679782388664,256,0,0,0,0,0,0,0,0,0,0,0,0,0.0,0
malware,修改属性.asp,data\raw\malware_webshell\tennc_webshell\net-friend\asp\修改属性.asp,2091,8,1,0,0,0,0.125,script,0,1,0,0,0,0,0,0,0,0,0,5.882304475885307,5.882304475885307,0.7924438067910091,0.0,127,0,0,0,0,2,0,0,6,0,0,0,0,0.0,0
malware,1.bat,data\raw\malware_webshell\tennc_webshell\net-friend\asp\陆羽asp打包\1.bat,18,5,1,0,0,0,0.2,script,0,1,0,0,0,0,0,0,0,0,0,3.6835423624332306,3.6835423624332306,1.0,0.0,14,0,0,0,0,0,0,0,0,0,0,0,0,0.0,0
malware,cscript.exe,data\raw\malware_webshell\tennc_webshell\net-friend\asp\陆羽asp打包\cscript.exe,135168,11,1,0,0,0,0.09090909090909091,executable,1,0,0,0,0,1,1,0,0,0,1,5.717779113729262,1.0906835253899674,0.2666237571022727,0.3013361150568182,256,0,0,0,0,0,0,0,0,0,0,0,0,0.0,0
malware,dabao.asp,data\raw\malware_webshell\tennc_webshell\net-friend\asp\陆羽asp打包\dabao.asp,26593,9,1,0,0,0,0.1111111111111111,script,0,1,0,0,0,0,0,0,0,0,0,5.779702737459866,5.946126981348646,0.8593614861053661,0.0,162,2,0,0,0,15,0,0,31,0,0,0,0,0.0,0
malware,unpack.vbs,data\raw\malware_webshell\tennc_webshell\net-friend\asp\陆羽asp打包\unpack.vbs,3993,10,1,0,0,0,0.1,script,0,1,0,0,0,0,0,0,0,0,0,5.145873459792996,5.145873459792996,0.8837966441272226,0.0,131,0,0,0,0,1,0,0,1,0,0,0,0,0.0,0
malware,01.aspx,data\raw\malware_webshell\tennc_webshell\net-friend\aspx\01.aspx,120759,7,1,0,0,0,0.14285714285714285,script,0,1,0,0,0,0,0,1,0,0,0,4.70095189902889,4.8843982306343845,0.9199562765508161,0.0,168,5,7,0,27,0,1,0,51,0,0,0,0,0.0,0
malware,1----环境检测功能非常不错.aspx,data\raw\malware_webshell\tennc_webshell\net-friend\aspx\1----环境检测功能非常不错.aspx,64151,20,1,0,0,0,0.25,script,0,1,0,0,0,0,0,1,0,0,0,4.868550595663191,4.3338614523576755,0.9494941622110333,0.0,96,5,7,2,33,0,1,2,36,0,0,0,0,0.0,0
malware,1.aspx,data\raw\malware_webshell\tennc_webshell\net-friend\aspx\1.aspx,47390,6,1,0,0,0,0.16666666666666666,script,0,1,0,0,0,0,0,1,0,0,0,4.766650822049726,4.712545850707669,0.9551171133150453,0.0,110,2,2,0,16,2,0,0,31,0,0,0,0,0.0,0
malware,11.aspx,data\raw\malware_webshell\tennc_webshell\net-friend\aspx\11.aspx,64151,7,1,0,0,0,0.14285714285714285,script,0,1,0,0,0,0,0,1,0,0,0,4.868550595663191,4.3338614523576755,0.9494941622110333,0.0,96,5,7,2,33,0,1,2,36,0,0,0,0,0.0,0
malware,ASP.NET Web BackDoor.aspx,data\raw\malware_webshell\tennc_webshell\net-friend\aspx\ASP.NET Web BackDoor.aspx,120931,25,1,0,0,0,0.16,script,0,1,0,0,0,0,0,1,0,0,0,4.703319658892283,4.9934805251292715,0.9198137781048698,0.0,168,6,7,0,27,0,1,0,51,0,0,0,0,0.0,0
malware,aspx.aspx,data\raw\malware_webshell\tennc_webshell\net-friend\aspx\aspx.aspx,72967,9,1,0,0,0,0.1111111111111111,script,0,1,0,0,0,0,0,1,0,0,2,5.657933144545473,5.646453810575599,0.9290501185467404,0.0,98,7,9,0,11,0,3,0,16,0,0,0,0,0.0,0
malware,1.aspx,data\raw\malware_webshell\tennc_webshell\net-friend\aspx\aspxspy\1.aspx,63476,6,1,0,0,0,0.16666666666666666,script,0,1,0,0,0,0,0,1,0,0,0,4.85419944423225,4.368458530529164,0.9488468082424854,0.0,99,6,7,2,33,0,1,2,36,0,0,0,0,0.0,0
malware,aspxspy.aspx,data\raw\malware_webshell\tennc_webshell\net-friend\aspx\aspxspy\aspxspy.aspx,63476,12,1,0,0,0,0.08333333333333333,script,0,1,0,0,0,0,0,1,0,0,0,4.85419944423225,4.368458530529164,0.9488468082424854,0.0,99,6,7,2,33,0,1,2,36,0,0,0,0,0.0,0
malware,aspxspy.aspx,data\raw\malware_webshell\tennc_webshell\net-friend\aspx\aspxspy.aspx,63476,12,1,0,0,0,0.08333333333333333,script,0,1,0,0,0,0,0,1,0,0,0,4.85419944423225,4.368458530529164,0.9488468082424854,0.0,99,6,7,2,33,0,1,2,36,0,0,0,0,0.0,0
malware,Aspx（免杀）.aspx,data\raw\malware_webshell\tennc_webshell\net-friend\aspx\Aspx（免杀）.aspx,120759,13,1,0,0,0,0.23076923076923078,script,0,1,0,0,0,0,0,1,0,0,0,4.70095189902889,4.8843982306343845,0.9199562765508161,0.0,168,5,7,0,27,0,1,0,51,0,0,0,0,0.0,0
malware,sniffer--aspx的嗅探工具.aspx,data\raw\malware_webshell\tennc_webshell\net-friend\aspx\sniffer--aspx的嗅探工具.aspx,21011,23,1,0,0,0,0.13043478260869565,script,0,1,0,0,0,0,0,1,0,0,0,4.612830445470676,4.923161318873889,0.9201846651753843,0.0,159,4,0,0,0,0,0,0,3,0,0,0,0,0.0,0
malware,view.aspx,data\raw\malware_webshell\tennc_webshell\net-friend\aspx\view.aspx,61219,9,1,0,0,0,0.1111111111111111,script,0,1,0,0,0,0,0,1,0,0,0,5.387626211018032,5.39463155182932,0.9160881425701172,0.0,98,1,6,0,16,7,1,0,61,0,0,0,0,0.0,0
malware,干净清爽的大马，不怎么好用.aspx,data\raw\malware_webshell\tennc_webshell\net-friend\aspx\干净清爽的大马，不怎么好用.aspx,47390,18,1,0,0,0,0.1111111111111111,script,0,1,0,0,0,0,0,1,0,0,0,4.766650822049726,4.712545850707669,0.9551171133150453,0.0,110,2,2,0,16,2,0,0,31,0,0,0,0,0.0,0
malware,脱裤4ngle.aspx,data\raw\malware_webshell\tennc_webshell\net-friend\aspx\脱裤4ngle.aspx,20484,12,1,0,0,0,0.08333333333333333,script,0,1,0,0,0,0,0,1,0,0,0,4.656128930350579,4.656073969370897,0.8935754735403242,0.0,160,5,0,0,2,0,0,0,2,0,0,0,0,0.0,0
malware,cfmShell.cfm,data\raw\malware_webshell\tennc_webshell\net-friend\cfm\cfmShell.cfm,925,12,0,0,0,0,0.08333333333333333,unknown,0,0,0,0,1,0,0,0,0,0,0,5.083411467947947,5.083411467947947,0.9308108108108109,0.0,66,0,0,0,5,0,0,0,5,0,0,0,0,0.0,0
malware,cmfshell.cmf,data\raw\malware_webshell\tennc_webshell\net-friend\cfm\cmfshell.cmf,833,12,0,0,0,0,0.08333333333333333,unknown,0,0,0,0,1,0,0,0,0,0,0,5.259020327836085,5.259020327836085,0.9279711884753902,0.0,68,0,0,0,5,0,0,0,5,0,0,0,0,0.0,0
malware,ColdFusion.chm,data\raw\malware_webshell\tennc_webshell\net-friend\cfm\ColdFusion.chm,117042,14,0,0,0,0,0.07142857142857142,unknown,0,0,0,0,1,0,0,0,0,0,1,7.84348453624672,4.503367655354889,0.35501785683771636,0.058782317458690045,256,0,0,0,0,0,0,0,0,0,0,0,0,0.0,0
malware,list.cfm,data\raw\malware_webshell\tennc_webshell\net-friend\cfm\list.cfm,2127,8,0,0,0,0,0.125,unknown,0,0,0,0,1,0,0,0,0,0,0,5.781755922242293,5.781755922242293,0.8594264221908792,0.0,119,0,0,0,0,0,0,0,0,0,0,0,0,0.0,0
malware,mycode12.cfm,data\raw\malware_webshell\tennc_webshell\net-friend\cfm\mycode12.cfm,895,12,0,0,0,0,0.08333333333333333,unknown,0,0,0,0,1,0,0,0,0,0,0,5.054130068190722,5.054130068190722,0.9284916201117318,0.0,64,0,0,0,5,0,0,0,5,0,0,0,0,0.0,0
malware,xl.cfm,data\raw\malware_webshell\tennc_webshell\net-friend\cfm\xl.cfm,2680,6,0,0,0,0,0.16666666666666666,unknown,0,0,0,0,1,0,0,0,0,0,0,5.750724513384018,5.750724513384018,0.8820895522388059,0.0,102,0,0,0,2,0,0,0,2,0,0,0,0,0.0,0
malware,WebShell.cgi,data\raw\malware_webshell\tennc_webshell\net-friend\cgi\WebShell.cgi,26429,12,1,0,0,0,0.08333333333333333,script,0,1,0,0,0,0,0,0,0,0,0,4.804189631682658,5.097168874991297,0.9342389042339854,0.0,94,4,0,0,0,0,0,0,0,0,0,0,0,0.0,0
malware,菊花聊天室.asp,data\raw\malware_webshell\tennc_webshell\net-friend\ChatRoom\菊花聊天室.asp,2141,9,1,0,0,0,0.1111111111111111,script,0,1,0,0,0,0,0,0,0,0,0,5.938346512616889,5.938346512616889,0.8757589911256423,0.0,149,1,0,0,0,1,0,0,2,0,0,0,0,0.0,0
malware,菊花聊天室.php,data\raw\malware_webshell\tennc_webshell\net-friend\ChatRoom\菊花聊天室.php,1899,9,1,0,0,0,0.1111111111111111,script,0,1,0,0,0,0,0,0,0,0,0,6.071996712298344,6.071996712298344,0.8736176935229067,0.0,148,1,0,0,0,0,0,0,2,0,0,0,0,0.0,0
malware,in.jsp,data\raw\malware_webshell\tennc_webshell\net-friend\jsp\in.jsp,29835,6,1,0,0,0,0.16666666666666666,script,0,1,0,0,0,0,0,0,0,0,0,5.462614322864427,5.432687001123954,0.8645215351097704,0.0,163,1,0,0,11,1,0,0,22,0,0,0,0,0.0,0
malware,JFolder.jsp,data\raw\malware_webshell\tennc_webshell\net-friend\jsp\JFolder.jsp,32078,11,1,0,0,0,0.09090909090909091,script,0,1,0,0,0,0,0,0,0,0,0,5.591307478514746,5.580640269062579,0.8506764760895318,0.0,178,6,0,0,11,1,0,0,22,0,0,0,0,0.0,0
malware,job.jsp,data\raw\malware_webshell\tennc_webshell\net-friend\jsp\job.jsp,59537,7,1,0,0,0,0.14285714285714285,script,0,1,0,0,0,0,0,0,0,0,0,5.557251928375026,5.250108230488068,0.837848732720829,0.0,185,2,0,7,7,1,0,7,69,0,0,0,0,0.0,0
malware,1.jsp,data\raw\malware_webshell\tennc_webshell\net-friend\jsp\jspbrowser\1.jsp,87355,5,1,0,0,0,0.2,script,0,1,0,0,0,0,0,0,0,0,0,5.412320704677207,5.28822788516401,0.9379657718504951,0.0,113,7,4,0,22,5,4,0,100,0,0,0,0,0.0,0
malware,2.jsp,data\raw\malware_webshell\tennc_webshell\net-friend\jsp\jspbrowser\2.jsp,57208,5,1,0,0,0,0.2,script,0,1,0,0,0,0,0,0,0,0,0,5.518089088663369,5.248950773421635,0.834236470423717,0.0,186,1,0,6,7,1,0,6,68,0,0,0,0,0.0,0
malware,Browser.jsp,data\raw\malware_webshell\tennc_webshell\net-friend\jsp\jspbrowser\Browser.jsp,75416,11,1,0,0,0,0.09090909090909091,script,0,1,0,0,0,0,0,0,0,0,0,5.190706545284361,5.174182246902841,0.8723347830699056,0.0,96,4,0,0,6,1,0,0,67,0,0,0,0,0.0,0
malware,example-css.css,data\raw\malware_webshell\tennc_webshell\net-friend\jsp\jspbrowser\example-css.css,1476,15,0,0,0,0,0.13333333333333333,unknown,0,0,0,0,1,0,0,0,0,0,0,5.153559032948523,5.153559032948523,0.9058265582655827,0.0,57,0,0,0,0,0,0,0,0,0,0,0,0,0.0,0
malware,gpl.txt,data\raw\malware_webshell\tennc_webshell\net-friend\jsp\jspbrowser\gpl.txt,12502,7,1,0,0,0,0.14285714285714285,document,0,0,0,0,0,0,0,0,0,0,0,4.757294665128235,4.477363085145152,0.963845784674452,0.0,74,0,0,0,0,0,0,0,0,0,0,0,0,0.0,0
malware,JspSpyJDK5.jsp,data\raw\malware_webshell\tennc_webshell\net-friend\jsp\JspSpyJDK5.jsp,88977,14,1,0,0,0,0.07142857142857142,script,0,1,0,0,0,0,0,0,0,0,0,5.419564742122546,5.2933845793367515,0.9371410589253403,0.0,132,7,4,0,22,5,4,0,97,0,0,0,0,0.0,0
malware,ma1.jsp,data\raw\malware_webshell\tennc_webshell\net-friend\jsp\ma1.jsp,55646,7,1,0,0,0,0.14285714285714285,script,0,1,0,0,0,0,0,0,0,0,0,5.57093120215265,5.227416886189926,0.8981777665959817,0.0,185,2,0,7,7,1,0,7,69,0,0,0,0,0.0,0
malware,ma2.jsp,data\raw\malware_webshell\tennc_webshell\net-friend\jsp\ma2.jsp,32831,7,1,0,0,0,0.14285714285714285,script,0,1,0,0,0,0,0,0,0,0,0,5.142372060112773,4.87519787608756,0.9195881940848588,0.0,175,4,0,0,4,0,0,0,41,0,0,0,0,0.0,0
malware,ma3.jsp,data\raw\malware_webshell\tennc_webshell\net-friend\jsp\ma3.jsp,86727,7,1,0,0,0,0.14285714285714285,script,0,1,0,0,0,0,0,0,0,0,0,5.413084071997272,5.248397848768756,0.9380700358596515,0.0,115,6,4,0,22,5,4,0,97,0,0,0,0,0.0,0
malware,ma4.jsp,data\raw\malware_webshell\tennc_webshell\net-friend\jsp\ma4.jsp,57839,7,1,0,0,0,0.14285714285714285,script,0,1,0,0,0,0,0,0,0,0,0,5.535180327539506,5.269323728176613,0.8329673749546154,0.0,184,1,0,6,7,1,0,6,68,0,0,0,0,0.0,0
malware,no.jsp,data\raw\malware_webshell\tennc_webshell\net-friend\jsp\no.jsp,31184,6,1,0,0,0,0.16666666666666666,script,0,1,0,0,0,0,0,0,0,0,0,5.59016812886068,5.586813010292158,0.8505643919958953,0.0,178,6,0,0,11,1,0,0,22,0,0,0,0,0.0,0
malware,silic webshell.jsp,data\raw\malware_webshell\tennc_webshell\net-friend\jsp\silic webshell.jsp,28610,18,1,0,0,0,0.1111111111111111,script,0,1,0,0,0,0,0,0,0,0,0,5.44873575050943,5.3457098431446175,0.8756378888500524,0.0,159,3,0,0,11,1,0,0,22,0,0,0,0,0.0,0
malware,spjspshell.jsp,data\raw\malware_webshell\tennc_webshell\net-friend\jsp\spjspshell.jsp,19287,14,1,0,0,0,0.07142857142857142,script,0,1,0,0,0,0,0,0,0,0,0,5.7946302385338235,6.3637465299093545,0.8462176595634365,0.0,180,1,6,0,10,1,8,0,28,0,0,0,0,0.0,0
malware,2.php,data\raw\malware_webshell\tennc_webshell\net-friend\php\2.php,32,5,1,0,0,0,0.2,script,0,1,0,0,0,0,0,0,0,0,0,4.625,4.625,1.0,0.0,26,0,0,0,0,1,0,0,2,0,0,0,0,0.0,0
malware,moon.php,data\raw\malware_webshell\tennc_webshell\net-friend\php\moon.php,121959,8,1,0,0,0,0.125,script,0,1,0,0,0,0,0,0,0,0,0,4.437164873840076,5.689568695989178,0.9886273255766282,0.0,173,3,0,1,3,0,0,1,31,0,0,0,0,0.0,0
malware,php一句话后门.TXT,data\raw\malware_webshell\tennc_webshell\net-friend\php\php一句话后门.TXT,1169,12,1,0,1,0,0.08333333333333333,document,0,0,0,0,0,0,0,0,0,0,0,6.063133898950035,6.063133898950035,0.8169375534644996,0.0,123,2,1,2,0,4,0,6,14,0,0,0,0,0.0,0
malware,php网站打包（dodo）.doc,data\raw\malware_webshell\tennc_webshell\net-friend\php\php网站打包（dodo）\php网站打包（dodo）.doc,197120,17,1,0,0,0,0.17647058823529413,document,0,0,0,0,0,0,0,0,0,0,6,7.4919520613463675,1.0052102031417811,0.31400669642857143,0.11883116883116883,256,2,0,2,0,0,0,2,2,0,0,0,0,0.0,0
malware,zip.php,data\raw\malware_webshell\tennc_webshell\net-friend\php\php网站打包（dodo）\zip.php,10270,7,1,0,0,0,0.14285714285714285,script,0,1,0,0,0,0,0,0,0,0,0,5.620135130377592,5.6560821723185395,0.8354430379746836,0.0,162,1,0,0,0,1,0,0,29,0,0,0,0,0.0,0
malware,php读取iis.txt,data\raw\malware_webshell\tennc_webshell\net-friend\php\php读取iis.txt,983,12,1,0,0,0,0.08333333333333333,document,0,0,0,0,0,0,0,0,0,0,0,4.933583370971041,4.933583370971041,0.9165818921668362,0.0,63,0,0,0,0,0,0,0,0,0,0,0,0,0.0,0
malware,s-u.php,data\raw\malware_webshell\tennc_webshell\net-friend\php\s-u.php,9247,7,1,0,0,0,0.2857142857142857,script,0,1,0,0,0,0,0,0,0,0,0,5.6551066203364915,5.539351674765329,0.9242997728993188,0.0,143,2,4,0,6,0,0,0,36,0,0,0,0,0.0,0
malware,零魂PHP一句话木马客户端.htm,data\raw\malware_webshell\tennc_webshell\net-friend\php\零魂PHP一句话木马客户端%28一键提交版%29\零魂PHP一句话木马客户端(一键提交版)\零魂PHP一句话木马客户端.htm,78385,17,0,0,0,0,0.058823529411764705,unknown,0,0,0,0,1,0,0,0,0,0,0,5.6219102564824315,5.8630681439336065,0.8850290234100913,0.0,185,6,0,14,2,22,0,18,68,0,0,0,0,0.0,0
malware,test3693.war,data\raw\malware_webshell\tennc_webshell\net-friend\war\test3693.war,31512,12,0,0,0,0,0.08333333333333333,unknown,0,0,0,0,1,1,0,0,0,0,5,5.642766959986819,5.82829904264412,0.8693830921553694,0.008187357197258188,197,10,0,0,11,1,0,0,22,0,0,0,0,0.0,0
malware,PHP 搜索可读可写目录脚本.php,data\raw\malware_webshell\tennc_webshell\net-friend\可读写目录探测\PHP 搜索可读可写目录脚本.php,1364,18,1,0,0,0,0.1111111111111111,script,0,1,0,0,0,0,0,0,0,0,0,5.392960347838096,5.392960347838096,0.8489736070381232,0.0,95,0,0,0,0,0,0,0,2,0,0,0,0,0.0,0
malware,从注册表中读存在路径.aspx,data\raw\malware_webshell\tennc_webshell\net-friend\可读写目录探测\从注册表中读存在路径.aspx,5117,15,1,0,0,0,0.06666666666666667,script,0,1,0,0,0,0,0,1,0,0,0,4.2797922702288655,4.466243584889096,0.9525112370529607,0.0,108,2,3,0,0,0,0,0,0,0,0,0,0,0.0,0
malware,啊D小工具 - 目录读写检测 [ASPX版].aspx,data\raw\malware_webshell\tennc_webshell\net-friend\可读写目录探测\啊D小工具 - 目录读写检测 [ASPX版].aspx,2358,27,1,0,0,0,0.25925925925925924,script,0,1,0,0,0,0,0,1,0,0,0,4.758720618912626,4.758720618912626,0.9402035623409669,0.0,84,3,0,0,0,0,0,0,0,0,0,0,0,0.0,0
malware,啊D小工具 - 目录读写检测 [ASP版].asp,data\raw\malware_webshell\tennc_webshell\net-friend\可读写目录探测\啊D小工具 - 目录读写检测 [ASP版].asp,6190,25,1,0,0,0,0.28,script,0,1,0,0,0,0,0,0,0,0,0,5.861111942531923,5.830878398234023,0.8163166397415186,0.0,167,1,0,0,0,4,0,0,11,0,0,0,0,0.0,0
malware,啊D小工具 - 目录读写检测 [ASP版]说明.txt,data\raw\malware_webshell\tennc_webshell\net-friend\可读写目录探测\啊D小工具 - 目录读写检测 [ASP版]说明.txt,5230,27,1,0,0,0,0.25925925925925924,document,0,0,0,0,0,0,0,0,0,0,0,5.3887080490530685,5.4430844975773915,0.9112810707456979,0.0,135,1,0,0,0,0,0,0,0,0,0,0,0,0.0,0
malware,很好用的扫可读可写目录asp脚本xwdir.asp,data\raw\malware_webshell\tennc_webshell\net-friend\可读写目录探测\很好用的扫可读可写目录asp脚本xwdir.asp,2628,25,1,0,0,0,0.04,script,0,1,0,0,0,0,0,0,0,0,0,5.241141261869371,5.241141261869371,0.895738203957382,0.0,92,1,0,0,0,1,0,0,2,0,0,0,0,0.0,0
malware,shell.js,data\raw\malware_webshell\tennc_webshell\nodejs\shell.js,298,8,1,0,0,0,0.125,script,0,1,0,0,0,0,0,0,0,0,0,4.906663129804347,4.906663129804347,0.8758389261744967,0.0,40,0,0,0,0,0,1,0,1,0,0,0,0,0.0,0
malware,ACat-src.zip,data\raw\malware_webshell\tennc_webshell\other\acat\ACat-src.zip,35828,12,1,0,0,0,0.16666666666666666,archive,0,0,0,1,0,1,1,0,0,0,54,7.679933171128302,7.39568809524417,0.40532544378698226,0.07335045216032153,256,0,0,0,0,0,0,0,0,55,0,0,0,3.0238081947080495,0
malware,ACat-附数据库驱动-jdk1.5.jar,data\raw\malware_webshell\tennc_webshell\other\acat\ACat-附数据库驱动-jdk1.5.jar,3988626,22,1,0,0,0,0.18181818181818182,archive,1,0,0,1,0,1,1,0,0,0,1821,7.956759133128846,7.943960424628621,0.391041927721476,0.021533480451664307,256,0,0,324,0,0,0,324,324,0,0,0,0,0.0,0
malware,ACat-附数据库驱动.jar,data\raw\malware_webshell\tennc_webshell\other\acat\ACat-附数据库驱动.jar,3989569,15,1,0,0,0,0.13333333333333333,archive,1,0,0,1,0,1,1,0,0,0,1821,7.956973372436316,7.947760952269451,0.39011858173151037,0.02152839066074556,256,0,0,324,0,0,0,324,324,0,0,0,0,0.0,0
malware,ACat.jar,data\raw\malware_webshell\tennc_webshell\other\acat\ACat.jar,18160,8,1,0,0,0,0.125,archive,1,0,0,1,0,1,1,0,0,0,18,7.806540513327739,7.701311857474243,0.3868942731277533,0.055726872246696035,256,0,0,0,0,0,0,0,0,0,0,0,0,0.0,0
malware,ACat_jdk1.5.jar,data\raw\malware_webshell\tennc_webshell\other\acat\ACat_jdk1.5.jar,17241,15,1,0,0,0,0.2,archive,1,0,0,1,0,1,1,0,0,0,18,7.792790995932357,7.714523559593182,0.3958007076155675,0.058407284960269125,256,0,0,0,0,0,0,0,0,0,0,0,0,0.0,0
malware,config.aar,data\raw\malware_webshell\tennc_webshell\other\Axis2Shell\config.aar,6216,10,0,0,0,0,0.1,unknown,0,0,0,0,1,1,0,0,0,0,6,7.814029391338385,7.908648892323947,0.36904761904761907,0.055341055341055344,256,0,0,0,0,0,0,0,0,0,0,0,0,0.0,0
malware,Utils.java,data\raw\malware_webshell\tennc_webshell\other\Axis2Shell\Utils.java,3569,10,0,0,0,0,0.1,unknown,0,0,0,0,1,0,0,0,0,0,0,5.072395637237388,5.072395637237388,0.8189969179041748,0.0,72,0,0,0,9,6,0,0,15,0,0,0,0,0.0,0
malware,bypass_waf.txt,data\raw\malware_webshell\tennc_webshell\other\bypass_waf.txt,1459,14,1,0,0,0,0.14285714285714285,document,0,0,0,0,0,0,0,0,0,0,0,5.7747884954761135,5.7747884954761135,0.8163125428375599,0.0,124,0,0,0,0,4,0,0,8,0,0,0,0,0.0,0
malware,axis2 利用小工具cat.aar.zip,data\raw\malware_webshell\tennc_webshell\other\cat.aar\axis2 利用小工具cat.aar.zip,11639,22,1,0,0,0,0.13636363636363635,archive,0,0,0,1,0,1,1,0,0,0,3,7.957662530206879,7.927955798010297,0.3665263338774809,0.020190738035913737,256,0,0,0,0,0,0,0,0,20,0,0,1,1.1023283787266946,0
malware,axis2 利用小工具cat.pdf,data\raw\malware_webshell\tennc_webshell\other\cat.aar\axis2 利用小工具cat.pdf,1311881,18,1,0,0,0,0.1111111111111111,document,0,0,0,0,0,1,1,0,0,0,35,7.896944443998985,5.313092942217215,0.35092817107649243,0.027784532286083876,256,56,0,0,0,0,0,0,0,0,0,0,0,0.0,0
malware,icesword.war,data\raw\malware_webshell\tennc_webshell\other\icesword.war,11470,12,0,0,0,0,0.08333333333333333,unknown,0,0,0,0,1,1,0,0,0,0,8,7.895635242218793,7.859528493328251,0.36460331299040977,0.03905841325196164,256,0,0,0,0,0,0,0,0,0,0,0,0,0.0,0
malware,test.ear,data\raw\malware_webshell\tennc_webshell\other\jdk1.3webshell\test.ear,27481,8,0,0,0,0,0.125,unknown,0,0,0,0,1,1,0,0,0,0,4,7.985728526882367,7.940899483957333,0.3735308031003239,0.010989410865689022,256,0,0,0,0,0,0,0,0,0,0,0,0,0.0,0
malware,test.war,data\raw\malware_webshell\tennc_webshell\other\jdk1.3webshell\test.war,27233,8,0,0,0,0,0.125,unknown,0,0,0,0,1,1,0,0,0,0,9,7.962990714117962,7.7955480336517855,0.3691477251863548,0.02096720890096574,256,0,0,0,1,0,0,0,1,0,0,0,0,0.0,0
malware,ololo.cfm,data\raw\malware_webshell\tennc_webshell\other\ololo.cfm,27702,9,0,0,0,0,0.1111111111111111,unknown,0,0,0,0,1,0,0,0,0,0,0,5.369084230681145,5.338107913822076,0.8831492311024475,0.0,93,0,0,0,11,0,0,0,11,0,0,0,0,0.0,0
malware,pwd.txt,data\raw\malware_webshell\tennc_webshell\other\pwd.txt,12136,7,1,0,0,0,0.14285714285714285,document,0,0,0,0,0,0,0,0,0,0,0,6.146061793113166,4.990776169537713,0.573582729070534,0.0,192,0,0,1,0,0,0,1,1,0,0,0,0,0.0,0
malware,README.md,data\raw\malware_webshell\tennc_webshell\other\README.md,80,9,0,0,0,0,0.1111111111111111,unknown,0,0,0,0,1,0,0,0,0,0,0,5.193419658168686,5.193419658168686,0.0,0.0,45,0,0,0,0,0,0,0,0,0,0,0,0,0.0,0
malware,small_shell.txt,data\raw\malware_webshell\tennc_webshell\other\small_shell.txt,11487,15,1,0,0,0,0.13333333333333333,document,0,0,0,0,0,0,0,0,0,0,0,5.4944068366209455,4.934890039280643,0.9384521633150518,0.0,143,6,0,4,4,26,0,10,95,0,0,0,0,0.0,0
malware,sshback-v0.1.tar.gz,data\raw\malware_webshell\tennc_webshell\other\sshback-v0.1.tar.gz,2927,19,1,0,0,0,0.21052631578947367,archive,0,0,0,1,0,1,1,0,0,0,0,7.924635337183368,5.65625,0.371711650153741,0.0058079945336522035,256,0,0,0,0,0,0,0,0,0,0,0,0,0.0,0
malware,webshell-pwd.txt,data\raw\malware_webshell\tennc_webshell\other\webshell-pwd.txt,20135,16,1,0,0,0,0.125,document,0,0,0,0,0,0,0,0,0,0,0,6.000833686672012,6.133004469126165,0.40774770300471813,0.0,164,0,0,1,0,0,0,1,1,0,0,0,0,0.0,0
malware,zs.war,data\raw\malware_webshell\tennc_webshell\other\zs.war,985,6,0,0,0,0,0.16666666666666666,unknown,0,0,0,0,1,1,0,0,0,0,4,6.018922999815604,6.018922999815604,0.3411167512690355,0.28426395939086296,211,0,0,0,0,0,0,0,0,0,0,0,0,0.0,0
malware,12309.php.txt,data\raw\malware_webshell\tennc_webshell\php\12309\12309.php.txt,104706,13,2,1,0,0,0.15384615384615385,document,0,1,0,0,0,0,0,0,0,0,3,5.575386115816738,5.481406313871962,0.9605371229919967,0.0,97,4,7,14,2,29,1,41,383,0,0,0,0,0.0,0
malware,2011.php,data\raw\malware_webshell\tennc_webshell\php\2011.php,77291,8,1,0,0,0,0.125,script,0,1,0,0,0,0,0,0,0,0,0,5.632917761551995,5.790793425596364,0.8731158867138477,0.0,184,3,1,14,3,9,0,18,58,0,0,0,0,0.0,0
malware,2020-08-31-01.php,data\raw\malware_webshell\tennc_webshell\php\2020-08-31-01.php,55,17,1,0,0,0,0.23529411764705882,script,0,1,0,0,0,0,0,0,0,0,0,4.524643068456227,4.524643068456227,0.9636363636363636,0.0,29,0,0,0,0,1,0,0,1,0,0,0,0,0.0,0
malware,2020.08.20.01.php,data\raw\malware_webshell\tennc_webshell\php\2020.08.20.01.php,80,17,1,0,0,0,0.23529411764705882,script,0,1,0,0,0,0,0,0,0,0,0,4.415976442480105,4.415976442480105,0.9,0.0,32,0,0,0,0,0,0,0,1,0,0,0,0,0.0,0
malware,2020.08.20.02.php,data\raw\malware_webshell\tennc_webshell\php\2020.08.20.02.php,75,17,1,0,0,0,0.23529411764705882,script,0,1,0,0,0,0,0,0,0,0,0,4.567711052922666,4.567711052922666,0.8933333333333333,0.0,31,0,0,0,0,0,0,0,1,0,0,0,0,0.0,0
malware,2020.08.20.03.php,data\raw\malware_webshell\tennc_webshell\php\2020.08.20.03.php,80,17,1,0,0,0,0.23529411764705882,script,0,1,0,0,0,0,0,0,0,0,0,4.682862265581259,4.682862265581259,0.9,0.0,34,0,0,0,0,0,0,0,1,0,0,0,0,0.0,0
malware,2020.08.20.04.php,data\raw\malware_webshell\tennc_webshell\php\2020.08.20.04.php,62,17,1,0,0,0,0.23529411764705882,script,0,1,0,0,0,0,0,0,0,0,0,4.379752901674599,4.379752901674599,0.8709677419354839,0.0,29,0,0,0,0,0,0,0,1,0,0,0,0,0.0,0
malware,2020.08.20.05.php,data\raw\malware_webshell\tennc_webshell\php\2020.08.20.05.php,94,17,1,0,0,0,0.23529411764705882,script,0,1,0,0,0,0,0,0,0,0,0,4.4540615693783305,4.4540615693783305,0.851063829787234,0.0,36,0,0,0,0,0,0,0,1,0,0,0,0,0.0,0
malware,2020.08.20.06.php,data\raw\malware_webshell\tennc_webshell\php\2020.08.20.06.php,92,17,1,0,0,0,0.23529411764705882,script,0,1,0,0,0,0,0,0,0,0,0,4.467408199144167,4.467408199144167,0.8695652173913043,0.0,36,0,0,0,0,1,0,0,2,0,0,0,0,0.0,0
malware,2020.08.20.07.php,data\raw\malware_webshell\tennc_webshell\php\2020.08.20.07.php,54,17,1,0,0,0,0.23529411764705882,script,0,1,0,0,0,0,0,0,0,0,0,4.8100810205217295,4.8100810205217295,0.8888888888888888,0.0,32,0,0,0,0,0,0,0,1,0,0,0,0,0.0,0
malware,2020.08.20.08.php,data\raw\malware_webshell\tennc_webshell\php\2020.08.20.08.php,65,17,1,0,0,0,0.23529411764705882,script,0,1,0,0,0,0,0,0,0,0,0,4.771841466641621,4.771841466641621,0.9076923076923077,0.0,33,0,0,0,0,0,0,0,1,0,0,0,0,0.0,0
malware,2020.08.20.09.php,data\raw\malware_webshell\tennc_webshell\php\2020.08.20.09.php,59,17,1,0,0,0,0.23529411764705882,script,0,1,0,0,0,0,0,0,0,0,0,4.6855381259196225,4.6855381259196225,0.8983050847457628,0.0,31,0,0,0,0,0,0,0,1,0,0,0,0,0.0,0
malware,2020.08.20.10.php,data\raw\malware_webshell\tennc_webshell\php\2020.08.20.10.php,117,17,1,0,0,0,0.23529411764705882,script,0,1,0,0,0,0,0,0,0,0,0,4.817619666312824,4.817619666312824,0.9145299145299145,0.0,41,0,0,0,0,0,0,1,3,0,0,0,0,0.0,0
malware,2020.08.20.11.php,data\raw\malware_webshell\tennc_webshell\php\2020.08.20.11.php,114,17,1,0,0,0,0.23529411764705882,script,0,1,0,0,0,0,0,0,0,0,0,4.733990239775111,4.733990239775111,0.9122807017543859,0.0,38,0,0,0,0,0,0,1,3,0,0,0,0,0.0,0
malware,2020.08.20.12.php,data\raw\malware_webshell\tennc_webshell\php\2020.08.20.12.php,174,17,1,0,0,0,0.23529411764705882,script,0,1,0,0,0,0,0,0,0,0,0,4.598407055232222,4.598407055232222,0.896551724137931,0.0,44,0,0,0,0,0,0,0,1,0,0,0,0,0.0,0
malware,2020.08.20.13.php,data\raw\malware_webshell\tennc_webshell\php\2020.08.20.13.php,109,17,1,0,0,0,0.23529411764705882,script,0,1,0,0,0,0,0,0,0,0,0,4.6866525934235925,4.6866525934235925,0.908256880733945,0.0,37,0,0,0,0,0,0,0,2,0,0,0,0,0.0,0
malware,2020.08.20.14.php,data\raw\malware_webshell\tennc_webshell\php\2020.08.20.14.php,467,17,1,0,0,0,0.23529411764705882,script,0,1,0,0,0,0,0,0,0,0,0,5.770058708893617,5.770058708893617,0.6873661670235546,0.0,95,0,0,0,0,0,0,0,5,0,0,0,0,0.0,0
malware,2020.08.20.15.php,data\raw\malware_webshell\tennc_webshell\php\2020.08.20.15.php,67,17,1,0,0,0,0.23529411764705882,script,0,1,0,0,0,0,0,0,0,0,0,4.731998474259947,4.731998474259947,0.9104477611940298,0.0,36,0,0,0,0,0,0,0,1,0,0,0,0,0.0,0
malware,2020.08.20.16.php,data\raw\malware_webshell\tennc_webshell\php\2020.08.20.16.php,125,17,1,0,0,0,0.23529411764705882,script,0,1,0,0,0,0,0,0,0,0,0,4.760415394142364,4.760415394142364,0.92,0.0,41,0,0,0,0,0,0,0,2,0,0,0,0,0.0,0
malware,2020.08.20.17.php,data\raw\malware_webshell\tennc_webshell\php\2020.08.20.17.php,1245,17,1,0,0,0,0.23529411764705882,script,0,1,0,0,0,0,0,0,0,0,0,5.16114654637247,5.16114654637247,0.9004016064257028,0.0,68,0,0,0,0,0,0,1,17,0,0,0,0,0.0,0
malware,2020.08.20.18.php,data\raw\malware_webshell\tennc_webshell\php\2020.08.20.18.php,75,17,1,0,0,0,0.23529411764705882,script,0,1,0,0,0,0,0,0,0,0,0,4.249908346741075,4.249908346741075,0.8933333333333333,0.0,31,0,0,0,0,0,0,0,1,0,0,0,0,0.0,0
malware,2020.08.20.19.php,data\raw\malware_webshell\tennc_webshell\php\2020.08.20.19.php,113,17,1,0,0,0,0.23529411764705882,script,0,1,0,0,0,0,0,0,0,0,0,4.069052392456799,4.069052392456799,0.8938053097345132,0.0,33,0,0,0,0,0,0,0,0,0,0,0,0,0.0,0
malware,2020.08.20.20.php,data\raw\malware_webshell\tennc_webshell\php\2020.08.20.20.php,94,17,1,0,0,0,0.23529411764705882,script,0,1,0,0,0,0,0,0,0,0,0,5.095426517010293,5.095426517010293,0.9148936170212766,0.0,40,0,0,0,0,0,0,0,2,0,0,0,0,0.0,0
malware,2022-08-26-01.php,data\raw\malware_webshell\tennc_webshell\php\2022-08-26-01.php,37,17,1,0,0,0,0.23529411764705882,script,0,1,0,0,0,0,0,0,0,0,0,4.039609784138564,4.039609784138564,0.9459459459459459,0.0,19,0,0,0,0,0,0,0,3,0,0,0,0,0.0,0
malware,2022-08-26-02.php,data\raw\malware_webshell\tennc_webshell\php\2022-08-26-02.php,45,17,1,0,0,0,0.23529411764705882,script,0,1,0,0,0,0,0,0,0,0,0,3.996648373770914,3.996648373770914,0.9555555555555556,0.0,20,0,0,0,0,0,0,0,3,0,0,0,0,0.0,0
malware,2022-08-26-03.php,data\raw\malware_webshell\tennc_webshell\php\2022-08-26-03.php,48,17,1,0,0,0,0.23529411764705882,script,0,1,0,0,0,0,0,0,0,0,0,4.141541406655651,4.141541406655651,0.9583333333333334,0.0,22,0,0,0,0,0,0,0,3,0,0,0,0,0.0,0
malware,2022-08-26-04.php,data\raw\malware_webshell\tennc_webshell\php\2022-08-26-04.php,51,17,1,0,0,0,0.23529411764705882,script,0,1,0,0,0,0,0,0,0,0,0,4.235479998537295,4.235479998537295,0.9607843137254902,0.0,23,0,0,0,0,0,0,0,3,0,0,0,0,0.0,0
malware,2022-08-26-05.php,data\raw\malware_webshell\tennc_webshell\php\2022-08-26-05.php,64,17,1,0,0,0,0.23529411764705882,script,0,1,0,0,0,0,0,0,0,0,0,4.561889062229567,4.561889062229567,0.9375,0.0,28,0,0,0,0,0,0,0,3,0,0,0,0,0.0,0
malware,2022-08-26-06.php,data\raw\malware_webshell\tennc_webshell\php\2022-08-26-06.php,73,17,1,0,0,0,0.23529411764705882,script,0,1,0,0,0,0,0,0,0,0,0,4.521145962604331,4.521145962604331,0.8904109589041096,0.0,29,0,0,0,0,0,0,0,3,0,0,0,0,0.0,0
malware,2022-08-26-07.php,data\raw\malware_webshell\tennc_webshell\php\2022-08-26-07.php,36,17,1,0,0,0,0.23529411764705882,script,0,1,0,0,0,0,0,0,0,0,0,4.169925001442312,4.169925001442312,0.8888888888888888,0.0,20,0,0,0,0,0,0,0,2,0,0,0,0,0.0,0
malware,2022-08-26-08.php,data\raw\malware_webshell\tennc_webshell\php\2022-08-26-08.php,67,17,1,0,0,0,0.23529411764705882,script,0,1,0,0,0,0,0,0,0,0,0,3.972972310494676,3.972972310494676,0.8507462686567164,0.0,22,0,0,0,0,0,0,0,2,0,0,0,0,0.0,0
malware,2022-09-09-02.php,data\raw\malware_webshell\tennc_webshell\php\2022-09-09-02.php,88,17,1,0,0,0,0.23529411764705882,script,0,1,0,0,0,0,0,0,0,0,0,5.098945545763532,5.098945545763532,0.8863636363636364,0.0,41,0,0,0,0,0,0,1,2,0,0,0,0,0.0,0
malware,2022-09-09-03.php,data\raw\malware_webshell\tennc_webshell\php\2022-09-09-03.php,95,17,1,0,0,0,0.23529411764705882,script,0,1,0,0,0,0,0,0,0,0,0,4.7404824510486225,4.7404824510486225,0.8315789473684211,0.0,35,0,0,0,0,0,0,0,0,0,0,0,0,0.0,0
malware,2022-09-09-04.php,data\raw\malware_webshell\tennc_webshell\php\2022-09-09-04.php,101,17,1,0,0,0,0.23529411764705882,script,0,1,0,0,0,0,0,0,0,0,0,4.666155883609423,4.666155883609423,0.8415841584158416,0.0,33,0,0,0,0,0,0,0,0,0,0,0,0,0.0,0
malware,2022-09-09-05.php,data\raw\malware_webshell\tennc_webshell\php\2022-09-09-05.php,61,17,1,0,0,0,0.23529411764705882,script,0,1,0,0,0,0,0,0,0,0,0,4.832056189880034,4.832056189880034,0.9016393442622951,0.0,32,0,0,0,0,0,0,0,2,0,0,0,0,0.0,0
malware,2022-09-0901.php,data\raw\malware_webshell\tennc_webshell\php\2022-09-0901.php,116,16,1,0,0,0,0.1875,script,0,1,0,0,0,0,0,0,0,0,0,4.915286224163773,4.915286224163773,0.8448275862068966,0.0,40,0,0,0,0,0,0,1,2,0,0,0,0,0.0,0
malware,20220206.php,data\raw\malware_webshell\tennc_webshell\php\20220206.php,36,12,1,0,0,0,0.08333333333333333,script,0,1,0,0,0,0,0,0,0,0,0,3.9675857649105257,3.9675857649105257,0.9444444444444444,0.0,18,0,0,0,0,0,0,0,2,0,0,0,0,0.0,0
malware,20220207.php,data\raw\malware_webshell\tennc_webshell\php\20220207.php,17,12,1,0,0,0,0.08333333333333333,script,0,1,0,0,0,0,0,0,0,0,0,3.734521664779752,3.734521664779752,0.8823529411764706,0.0,14,0,0,0,0,0,0,0,1,0,0,0,0,0.0,0
malware,20220213_04.php,data\raw\malware_webshell\tennc_webshell\php\20220213_04.php,151,15,1,0,0,0,0.13333333333333333,script,0,1,0,0,0,0,0,0,0,0,0,5.370753393792431,5.370753393792431,0.9735099337748344,0.0,52,0,0,0,0,0,0,2,4,0,0,0,0,0.0,0
malware,20220213_05.php,data\raw\malware_webshell\tennc_webshell\php\20220213_05.php,102110,15,1,0,0,0,0.13333333333333333,script,0,1,0,0,0,0,0,0,0,0,23,5.967101299573082,5.91464342326643,0.9999020663989815,0.0,80,0,0,1,0,1,0,2,3,0,0,0,0,0.0,0
malware,20220213_06.php,data\raw\malware_webshell\tennc_webshell\php\20220213_06.php,519,15,1,0,0,0,0.13333333333333333,script,0,1,0,0,0,0,0,0,0,0,0,5.328917793600445,5.328917793600445,0.884393063583815,0.0,66,0,0,0,0,1,0,0,1,0,0,0,0,0.0,0
malware,2023-04-08.js,data\raw\malware_webshell\tennc_webshell\php\2023-04-08.js,770,13,1,0,0,0,0.23076923076923078,script,0,1,0,0,0,0,0,0,0,0,0,5.99991753114149,5.99991753114149,0.6974025974025974,0.0,129,0,0,0,0,0,0,1,1,0,0,0,0,0.0,0
malware,2023-04-08.php,data\raw\malware_webshell\tennc_webshell\php\2023-04-08.php,139,14,1,0,0,0,0.21428571428571427,script,0,1,0,0,0,0,0,0,0,0,0,5.477538353885951,5.477538353885951,0.8848920863309353,0.0,58,0,0,0,0,0,0,0,0,0,0,0,0,0.0,0
malware,404.php,data\raw\malware_webshell\tennc_webshell\php\404.php,15043,7,1,0,0,0,0.14285714285714285,script,0,1,0,0,0,0,0,0,0,0,1,6.102617543695586,6.185952474584546,0.9949478162600545,0.0,89,0,0,1,0,1,0,3,6,0,0,0,0,0.0,0
malware,404.php.no.txt,data\raw\malware_webshell\tennc_webshell\php\404.php.no.txt,108530,14,2,1,0,0,0.21428571428571427,document,0,1,0,0,0,0,0,0,0,0,0,4.954620360595896,5.1753606309557245,0.9628305537639362,0.0,96,5,1,2,13,10,3,3,321,0,0,0,0,0.0,0
malware,404.php.txt,data\raw\malware_webshell\tennc_webshell\php\404.php.txt,109202,11,2,1,0,0,0.18181818181818182,document,0,1,0,0,0,0,0,0,0,0,0,4.975536716994461,5.593953016334444,0.9630226552627241,0.0,96,5,1,3,13,11,3,5,324,0,0,0,0,0.0,0
malware,5678.php,data\raw\malware_webshell\tennc_webshell\php\5678.php,147017,8,1,0,0,0,0.125,script,0,1,0,0,0,0,0,0,0,0,22,5.870100475160861,5.931118428698993,0.9999319806552983,0.0,77,0,0,1,0,1,0,3,4,0,0,0,0,0.0,0
malware,admine21.txt,data\raw\malware_webshell\tennc_webshell\php\admine21.txt,50152,12,1,0,0,0,0.08333333333333333,document,0,0,0,0,0,0,0,0,0,0,0,3.681702201810676,3.871656636508101,0.9997208486201946,0.0,54,0,0,1,0,0,0,1,1,0,0,0,0,0.0,0
malware,admine21_decode.php,data\raw\malware_webshell\tennc_webshell\php\admine21_decode.php,53741,19,1,0,0,0,0.10526315789473684,script,0,1,0,0,0,0,0,0,0,0,0,5.975130809634595,5.363571616427494,0.8729833832641745,0.0,170,4,1,1,24,12,0,9,200,0,0,0,0,0.0,0
malware,aioshell.php,data\raw\malware_webshell\tennc_webshell\php\aioshell.php,34394,12,1,0,0,0,0.08333333333333333,script,0,1,0,0,0,0,0,0,0,0,0,4.963295550296612,5.143663934872804,0.8998953305809153,0.0,94,1,1,0,32,3,0,0,85,0,0,0,0,0.0,0
malware,angel大马.php,data\raw\malware_webshell\tennc_webshell\php\angel大马.php,77367,11,1,0,0,0,0.09090909090909091,script,0,1,0,0,0,0,0,0,0,0,0,5.633321292773155,5.799464314862288,0.8732405289076738,0.0,184,4,1,14,3,9,0,18,59,0,0,0,0,0.0,0
malware,Ani-Shell.php,data\raw\malware_webshell\tennc_webshell\php\Ani-Shell\Ani-Shell.php,89496,13,1,0,0,0,0.15384615384615385,script,0,1,0,0,0,0,0,0,0,0,0,5.421909926938061,5.219541853373267,0.9429136497720568,0.0,95,5,7,273,57,8,0,277,508,0,0,0,0,0.0,0
malware,AntSword_2021-03-06.php,data\raw\malware_webshell\tennc_webshell\php\AntSword_2021-03-06.php,431,23,1,0,0,0,0.17391304347826086,script,0,1,0,0,0,0,0,0,0,0,0,4.706997854142109,4.706997854142109,0.8793503480278422,0.0,50,0,0,0,0,0,0,0,0,0,0,0,0,0.0,0
malware,array_intersect_uassoc-filename-last-char-must-be-r.php,data\raw\malware_webshell\tennc_webshell\php\array_intersect_uassoc-filename-last-char-must-be-r.php,224,55,1,0,0,0,0.16363636363636364,script,0,1,0,0,0,0,0,0,0,0,0,5.3328499706495345,5.3328499706495345,0.9375,0.0,59,0,0,0,0,0,0,0,1,0,0,0,0,0.0,0
malware,array_intersect_uassoc-filename-last-char-must-be-s.php,data\raw\malware_webshell\tennc_webshell\php\array_intersect_uassoc-filename-last-char-must-be-s.php,204,55,1,0,0,0,0.16363636363636364,script,0,1,0,0,0,0,0,0,0,0,0,5.3356261917477825,5.3356261917477825,0.9411764705882353,0.0,56,0,0,0,0,0,0,0,1,0,0,0,0,0.0,0
malware,array_intersect_uassoc-headers-accept-r.php,data\raw\malware_webshell\tennc_webshell\php\array_intersect_uassoc-headers-accept-r.php,241,43,1,0,0,0,0.13953488372093023,script,0,1,0,0,0,0,0,0,0,0,0,5.476187535796187,5.476187535796187,0.941908713692946,0.0,63,0,0,0,0,0,0,0,2,0,0,0,0,0.0,0
malware,array_intersect_ukey-cookie-ass.php,data\raw\malware_webshell\tennc_webshell\php\array_intersect_ukey-cookie-ass.php,202,35,1,0,0,0,0.14285714285714285,script,0,1,0,0,0,0,0,0,0,0,0,5.390246790587024,5.390246790587024,0.9108910891089109,0.0,58,0,0,0,0,0,0,0,2,0,0,0,0,0.0,0
malware,array_intersect_ukey.php,data\raw\malware_webshell\tennc_webshell\php\array_intersect_ukey.php,220,24,1,0,0,0,0.125,script,0,1,0,0,0,0,0,0,0,0,0,5.344590327848045,5.344590327848045,0.9181818181818182,0.0,55,0,0,0,0,0,0,0,1,0,0,0,0,0.0,0
malware,array_udiff_assoc.php,data\raw\malware_webshell\tennc_webshell\php\array_udiff_assoc.php,153,21,1,0,0,0,0.14285714285714285,script,0,1,0,0,0,0,0,0,0,0,0,5.247155113827148,5.247155113827148,0.8954248366013072,0.0,52,0,0,0,0,0,0,0,1,0,0,0,0,0.0,0
malware,ass.php,data\raw\malware_webshell\tennc_webshell\php\ass.php,202,7,1,0,0,0,0.14285714285714285,script,0,1,0,0,0,0,0,0,0,0,0,5.438585695476645,5.438585695476645,0.9108910891089109,0.0,58,0,0,0,0,0,0,0,2,0,0,0,0,0.0,0
malware,asw.php,data\raw\malware_webshell\tennc_webshell\php\asw.php,135917,7,1,0,0,0,0.14285714285714285,script,0,1,0,0,0,0,0,0,0,0,1,5.614174274805201,5.777435590124428,0.8472523672535445,0.0,101,9,0,10,9,9,0,11,213,0,0,0,0,0.0,0
malware,b374k-2.2.min.php,data\raw\malware_webshell\tennc_webshell\php\b374k\b374k-2.2.min.php,31492,17,1,0,0,0,0.23529411764705882,script,0,1,0,0,0,0,0,0,0,0,12,6.050256482218391,6.06599183532451,0.9825987552394259,0.0,80,0,0,271,0,2,0,271,273,0,0,0,0,0.0,0
malware,b374k-2.2.poly.php,data\raw\malware_webshell\tennc_webshell\php\b374k\b374k-2.2.poly.php,51546,18,1,0,0,0,0.2222222222222222,script,0,1,0,0,0,0,0,0,0,0,11,6.0066219739374125,6.019505593479716,0.9998835991153533,0.0,78,0,0,1,0,1,0,3,4,0,0,0,0,0.0,0
malware,b374k-2.3.min.php,data\raw\malware_webshell\tennc_webshell\php\b374k\b374k-2.3.min.php,36655,17,1,0,0,0,0.23529411764705882,script,0,1,0,0,0,0,0,0,0,0,7,6.025985707357804,6.11125038070752,0.9992906833992634,0.0,86,1,0,1,0,0,0,1,1,0,0,0,0,0.0,0
malware,b374k-2.3.poly.php,data\raw\malware_webshell\tennc_webshell\php\b374k\b374k-2.3.poly.php,60255,18,1,0,0,0,0.2222222222222222,script,0,1,0,0,0,0,0,0,0,0,21,6.01647624795167,6.088092050347705,0.9995685005393743,0.0,85,1,0,1,0,0,0,1,1,0,0,0,0,0.0,0
malware,b374k-2.4.min.php,data\raw\malware_webshell\tennc_webshell\php\b374k\b374k-2.4.min.php,43143,17,1,0,0,0,0.23529411764705882,script,0,1,0,0,0,0,0,0,0,0,7,6.024029566744254,6.103765341835989,0.9993973529888974,0.0,86,1,0,1,0,0,0,1,1,0,0,0,0,0.0,0
malware,b374k-2.4.poly.php,data\raw\malware_webshell\tennc_webshell\php\b374k\b374k-2.4.poly.php,70671,18,1,0,0,0,0.2222222222222222,script,0,1,0,0,0,0,0,0,0,0,16,6.014332166633024,6.094762045816525,0.9996320980317245,0.0,85,1,0,1,0,0,0,1,1,0,0,0,0,0.0,0
malware,b374k-2.5.php,data\raw\malware_webshell\tennc_webshell\php\b374k\b374k-2.5.php,47501,13,1,0,0,0,0.23076923076923078,script,0,1,0,0,0,0,0,0,0,0,8,6.023221831895272,6.116760280341307,0.9994526431022505,0.0,86,1,0,1,0,0,0,1,1,0,0,0,0,0.0,0
malware,b374k-2.6.php,data\raw\malware_webshell\tennc_webshell\php\b374k\b374k-2.6.php,53862,13,1,0,0,0,0.23076923076923078,script,0,1,0,0,0,0,0,0,0,0,12,6.0210008486901065,6.1197170212635665,0.9995915487727898,0.0,86,1,0,1,0,0,0,1,1,0,0,0,0,0.0,0
malware,b374k-2.7.php,data\raw\malware_webshell\tennc_webshell\php\b374k\b374k-2.7.php,57546,13,1,0,0,0,0.23076923076923078,script,0,1,0,0,0,0,0,0,0,0,12,6.019383408350679,6.128972633027354,0.9996176971466305,0.0,86,1,0,1,0,0,0,1,1,0,0,0,0,0.0,0
malware,b374k-2.8.php,data\raw\malware_webshell\tennc_webshell\php\b374k\b374k-2.8.php,99559,13,1,0,0,0,0.23076923076923078,script,0,1,0,0,0,0,0,0,0,0,24,6.012805428571348,6.037564888249768,0.9997790255024659,0.0,86,1,0,1,1,0,0,1,2,0,0,0,0,0.0,0
malware,b374k-3.2.2.min.php,data\raw\malware_webshell\tennc_webshell\php\b374k\b374k-3.2.2.min.php,109556,19,1,0,0,0,0.2631578947368421,script,0,1,0,0,0,0,0,0,0,0,32,6.0100371679515225,6.095147535802009,0.9997991894556209,0.0,85,1,0,1,0,0,0,1,1,0,0,0,0,0.0,0
malware,b374k-3.2.2.php,data\raw\malware_webshell\tennc_webshell\php\b374k\b374k-3.2.2.php,226573,15,1,0,0,0,0.26666666666666666,script,0,1,0,0,0,0,0,0,0,0,19,5.971714545481603,6.127771234189484,0.9241348263032224,0.0,97,2,0,12,40,9,0,15,84,0,0,0,0,0.0,0
malware,b374k-3.2.3.min.php,data\raw\malware_webshell\tennc_webshell\php\b374k\b374k-3.2.3.min.php,110090,19,1,0,0,0,0.2631578947368421,script,0,1,0,0,0,0,0,0,0,0,24,6.010026620554592,6.094857575613644,0.9997819965482787,0.0,85,1,0,1,0,0,0,1,1,0,0,0,0,0.0,0
malware,b374k-3.2.3.php,data\raw\malware_webshell\tennc_webshell\php\b374k\b374k-3.2.3.php,228561,15,1,0,0,0,0.26666666666666666,script,0,1,0,0,0,0,0,0,0,0,19,5.968532903098594,6.127708342440953,0.9238671514387844,0.0,97,2,0,12,40,9,0,15,84,0,0,0,0,0.0,0
malware,b374k-master-3.2.3.zip,data\raw\malware_webshell\tennc_webshell\php\b374k\b374k-master-3.2.3.zip,251771,22,1,0,0,0,0.22727272727272727,archive,0,0,0,1,0,1,1,0,0,0,36,7.993485425762033,7.911856605326522,0.372461482855452,0.008988326693701816,256,0,0,0,0,0,0,0,0,34,0,22,0,1.8925491815975628,0
malware,mini_b374k,data\raw\malware_webshell\tennc_webshell\php\b374k\mini_b374k,119441,10,0,0,0,0,0.1,unknown,0,0,0,0,1,0,0,0,0,0,6,5.766259183517735,6.184226634064309,0.906037290377676,0.0,97,1,0,12,14,11,0,24,233,0,0,0,0,0.0,0
malware,b374k-2.2.php,data\raw\malware_webshell\tennc_webshell\php\b374k\source\b374k-2.2.php,82618,13,1,0,0,0,0.23076923076923078,script,0,1,0,0,0,0,0,0,0,0,7,5.863421486578576,6.207178764628995,0.9041371129778014,0.0,96,4,0,9,15,10,0,19,273,0,0,0,0,0.0,0
malware,b374k-2.3.php,data\raw\malware_webshell\tennc_webshell\php\b374k\source\b374k-2.3.php,92702,13,1,0,0,0,0.23076923076923078,script,0,1,0,0,0,0,0,0,0,0,7,5.838451801296646,5.98351107841463,0.8985027291752066,0.0,96,5,0,9,22,11,0,23,216,0,0,0,0,0.0,0
malware,b374k-2.4.php,data\raw\malware_webshell\tennc_webshell\php\b374k\source\b374k-2.4.php,103602,13,1,0,0,0,0.23076923076923078,script,0,1,0,0,0,0,0,0,0,0,6,5.796518112512107,5.9134490859131255,0.9020868323005348,0.0,96,5,0,9,22,11,0,23,211,0,0,0,0,0.0,0
malware,b374k-2.5.source.php,data\raw\malware_webshell\tennc_webshell\php\b374k\source\b374k-2.5.source.php,119849,20,1,0,0,0,0.2,script,0,1,0,0,0,0,0,0,0,0,5,5.760101194762363,5.867438427703832,0.9068160768967618,0.0,97,5,0,11,16,11,0,25,232,0,0,0,0,0.0,0
malware,b374k-2.6.source.php,data\raw\malware_webshell\tennc_webshell\php\b374k\source\b374k-2.6.source.php,140734,20,1,0,0,0,0.2,script,0,1,0,0,0,0,0,0,0,0,6,5.766944827104569,5.8143511398973535,0.909908053490983,0.0,97,5,0,14,18,11,0,26,276,0,0,0,0,0.0,0
malware,b374k-2.7.source.php,data\raw\malware_webshell\tennc_webshell\php\b374k\source\b374k-2.7.source.php,140036,20,1,0,0,0,0.2,script,0,1,0,0,0,0,0,0,0,0,8,5.791361852866743,5.750211252832636,0.9090662401096861,0.0,96,6,0,16,21,11,0,30,106,0,0,0,0,0.0,0
malware,b374k-2.8.source.php,data\raw\malware_webshell\tennc_webshell\php\b374k\source\b374k-2.8.source.php,173313,20,1,0,0,0,0.2,script,0,1,0,0,0,0,0,0,0,0,19,6.117985116416984,5.717355994734692,0.9351058489553582,0.0,96,5,0,18,20,12,0,30,111,0,0,0,0,0.0,0
malware,b374k-3.2.2.php,data\raw\malware_webshell\tennc_webshell\php\b374k\source\b374k-3.2.2.php,226573,15,1,0,0,0,0.26666666666666666,script,0,1,0,0,0,0,0,0,0,0,19,5.971714545481603,6.127771234189484,0.9241348263032224,0.0,97,2,0,12,40,9,0,15,84,0,0,0,0,0.0,0
malware,bat.php,data\raw\malware_webshell\tennc_webshell\php\bat.php,129399,7,1,0,0,0,0.14285714285714285,script,0,1,0,0,0,0,0,0,0,0,1,5.610031290088519,5.739162823651182,0.8444501116701056,0.0,100,6,0,10,9,9,0,14,205,0,0,0,0,0.0,0
malware,bat_2.7.php,data\raw\malware_webshell\tennc_webshell\php\bat_2.7.php,133220,11,1,0,0,0,0.2727272727272727,script,0,1,0,0,0,0,0,0,0,0,1,5.615488722011095,5.818305468614986,0.8477180603512986,0.0,101,7,0,10,9,9,0,11,202,0,0,0,0,0.0,0
malware,bat_b4tm4n.php,data\raw\malware_webshell\tennc_webshell\php\bat_b4tm4n.php,133669,14,1,0,0,0,0.14285714285714285,script,0,1,0,0,0,0,0,0,0,0,1,5.6138102405989025,5.807632098252605,0.8448630572533646,0.0,101,7,0,10,9,9,0,11,202,0,0,0,0,0.0,0
malware,biantai.php,data\raw\malware_webshell\tennc_webshell\php\biantai.php,1885,11,1,0,0,0,0.09090909090909091,script,0,1,0,0,0,0,0,0,0,0,0,0.8701575989638557,0.8701575989638557,0.9978779840848806,0.0,47,0,0,0,0,0,0,0,0,0,0,0,0,0.0,0
malware,404super.php,data\raw\malware_webshell\tennc_webshell\php\blackbin\404super.php,1071,12,1,0,0,0,0.08333333333333333,script,0,1,0,0,0,0,0,0,0,0,0,5.808617426739988,5.808617426739988,0.8216619981325863,0.0,117,1,0,1,0,0,0,3,3,0,0,0,0,0.0,0
malware,code.php,data\raw\malware_webshell\tennc_webshell\php\blackbin\v1\code.php,36360,8,1,0,0,0,0.125,script,0,1,0,0,0,0,0,0,0,0,0,5.323700705246932,5.570075437267827,0.9068756875687569,0.0,163,0,0,0,0,1,0,0,56,0,0,0,0,0.0,0
malware,dev_core.php,data\raw\malware_webshell\tennc_webshell\php\blackbin\v1\dev_core.php,7275,12,1,0,0,0,0.16666666666666666,script,0,1,0,0,0,0,0,0,0,0,0,5.1947366279504275,5.1018235786071795,0.925360824742268,0.0,93,0,0,4,0,2,0,4,17,0,0,0,0,0.0,0
malware,make2.php,data\raw\malware_webshell\tennc_webshell\php\blackbin\v1\make2.php,355,9,1,0,0,0,0.1111111111111111,script,0,1,0,0,0,0,0,0,0,0,0,5.452290745099387,5.452290745099387,0.9887323943661972,0.0,65,0,0,1,0,0,0,1,1,0,0,0,0,0.0,0
malware,BNKQbAKQ.txt,data\raw\malware_webshell\tennc_webshell\php\BNKQbAKQ.txt,5969,12,1,0,0,0,0.08333333333333333,document,0,0,0,0,0,0,0,0,0,0,1,5.897055743260871,5.948460209561218,0.9956441615010889,0.0,81,0,0,1,0,1,0,2,3,0,0,0,0,0.0,0
malware,bypass-dog-2020-01-30.php,data\raw\malware_webshell\tennc_webshell\php\bypass-dog-2020-01-30.php,192,25,1,0,0,0,0.2,script,0,1,0,0,0,0,0,0,0,0,0,5.071921517943046,5.071921517943046,0.875,0.0,47,0,0,0,0,0,0,0,1,0,0,0,0,0.0,0
malware,bypass-safedog-2016-08-29.php,data\raw\malware_webshell\tennc_webshell\php\bypass-safedog-2016-08-29.php,126,29,1,0,0,0,0.1724137931034483,script,0,1,0,0,0,0,0,0,0,0,0,4.830870743492306,4.830870743492306,0.9206349206349206,0.0,36,0,0,0,0,0,0,0,1,0,0,0,0,0.0,0
malware,bypass-waf-2015-06-10-01.php,data\raw\malware_webshell\tennc_webshell\php\bypass-waf-2015-06-10-01.php,1015,28,1,0,0,0,0.21428571428571427,script,0,1,0,0,0,0,0,0,0,0,0,4.629021291495809,4.629021291495809,0.9428571428571428,0.0,70,0,0,0,0,0,0,0,0,0,0,0,0,0.0,0
malware,bypass-waf-2015-06-16-01.php,data\raw\malware_webshell\tennc_webshell\php\bypass-waf-2015-06-16-01.php,679,28,1,0,0,0,0.21428571428571427,script,0,1,0,0,0,0,0,0,0,0,0,4.782028115648435,4.782028115648435,0.9381443298969072,0.0,58,0,0,0,0,0,0,0,0,0,0,0,0,0.0,0
malware,bypass-waf-2015-06-16-02.php,data\raw\malware_webshell\tennc_webshell\php\bypass-waf-2015-06-16-02.php,89,28,1,0,0,0,0.21428571428571427,script,0,1,0,0,0,0,0,0,0,0,0,4.790740741830695,4.790740741830695,0.9775280898876404,0.0,35,0,0,0,0,0,0,0,1,0,0,0,0,0.0,0
malware,bypass-waf-2015-06-16-03.php,data\raw\malware_webshell\tennc_webshell\php\bypass-waf-2015-06-16-03.php,467,28,1,0,0,0,0.21428571428571427,script,0,1,0,0,0,0,0,0,0,0,0,5.505147499299961,5.505147499299961,0.9700214132762313,0.0,65,0,0,0,0,0,0,0,0,0,0,0,0,0.0,0
malware,bypass-with-base32.php,data\raw\malware_webshell\tennc_webshell\php\bypass-with-base32.php,1623,22,1,0,0,0,0.13636363636363635,script,0,1,0,0,0,0,0,0,0,0,0,4.717582385331654,4.717582385331654,0.9149722735674677,0.0,78,0,0,0,0,0,0,0,1,0,0,0,0,0.0,0
malware,bypass2021-01-04-01.php,data\raw\malware_webshell\tennc_webshell\php\bypass2021-01-04-01.php,108,23,1,0,0,0,0.17391304347826086,script,0,1,0,0,0,0,0,0,0,0,0,5.063805829728267,5.063805829728267,0.7962962962962963,0.0,45,0,0,0,0,1,0,0,2,0,0,0,0,0.0,0
malware,carbylamine.txt,data\raw\malware_webshell\tennc_webshell\php\carbylamine.txt,3544,15,1,0,0,0,0.06666666666666667,document,0,0,0,0,0,0,0,0,0,0,0,4.725639632981567,4.725639632981567,0.9418735891647856,0.0,81,0,0,2,0,1,0,5,7,0,0,0,0,0.0,0
malware,conflg1.php,data\raw\malware_webshell\tennc_webshell\php\conflg1.php,36958,11,1,0,0,0,0.09090909090909091,script,0,1,0,0,0,0,0,0,0,0,7,6.056922716208817,6.29510855407857,0.9944531630499486,0.0,143,1,0,1,0,1,0,2,3,0,0,0,0,0.0,0
malware,cotent01.md,data\raw\malware_webshell\tennc_webshell\php\cotent01.md,11920,11,0,0,0,0,0.09090909090909091,unknown,0,0,0,0,1,0,0,0,0,0,0,5.803016208465756,5.635479790039521,0.9211409395973155,0.0,110,76,0,0,11,14,0,6,54,0,0,0,0,0.0,0
malware,Crack8_PHP.txt,data\raw\malware_webshell\tennc_webshell\php\Crack8_PHP.txt,36759,14,1,0,0,0,0.14285714285714285,document,0,0,0,0,0,0,0,0,0,0,7,6.0158221971757655,6.070268234095972,0.9992382817813324,0.0,95,0,0,1,0,1,0,2,3,0,0,0,0,0.0,0
malware,create_code_with_xor.py,data\raw\malware_webshell\tennc_webshell\php\create_code_with_xor.py,2967,23,1,0,0,0,0.17391304347826086,script,0,1,0,0,0,0,0,0,0,0,0,4.93786147087055,4.93786147087055,0.9602291877317155,0.0,83,2,0,0,0,0,0,0,0,0,0,0,0,0.0,0
malware,create_webshell_with_py.py,data\raw\malware_webshell\tennc_webshell\php\create_webshell_with_py.py,2372,26,1,0,0,0,0.15384615384615385,script,0,1,0,0,0,0,0,0,0,0,0,5.195213913723618,5.195213913723618,0.9317032040472175,0.0,97,2,0,1,0,1,0,1,3,0,0,0,0,0.0,0
malware,cvwfzthj.php,data\raw\malware_webshell\tennc_webshell\php\cvwfzthj.php,86960,12,1,0,0,0,0.08333333333333333,script,0,1,0,0,0,0,0,0,0,0,9,5.8423574544903,5.840843852624575,0.9458371665133395,0.0,85,0,0,1171,0,0,0,1172,1174,0,0,0,0,0.0,0
malware,DAws.md,data\raw\malware_webshell\tennc_webshell\php\DAws.md,249,7,0,0,0,0,0.14285714285714285,unknown,0,0,0,0,1,0,0,0,0,0,0,4.879693593908454,4.879693593908454,0.9196787148594378,0.0,42,3,0,0,0,0,0,0,0,0,0,0,0,0.0,0
malware,error52.php,data\raw\malware_webshell\tennc_webshell\php\error52.php,10208,11,1,0,0,0,0.09090909090909091,script,0,1,0,0,0,0,0,0,0,0,0,4.684047011189091,4.4686420161010965,0.9845219435736677,0.0,72,0,0,0,0,1,0,0,1,0,0,0,0,0.0,0
malware,fbi.php,data\raw\malware_webshell\tennc_webshell\php\fbi.php,391947,7,1,0,0,0,0.14285714285714285,script,0,1,0,0,0,0,0,0,0,0,0,6.284637932290131,5.499446993820765,0.8065580295295027,0.0,183,10,0,6,0,5,21,13,625,0,0,0,0,0.0,0
malware,Fig4-web-shell-example-2.png,data\raw\malware_webshell\tennc_webshell\php\Fig4-web-shell-example-2.png,102913,28,1,0,0,0,0.17857142857142858,image,0,0,0,0,0,1,1,0,0,0,1,7.973514825586387,4.340020845650719,0.3660178986133919,0.0025555566352161536,256,0,0,0,0,0,0,0,0,0,0,0,0,0.0,0
malware,forward_static_call_array-referer-ass.php,data\raw\malware_webshell\tennc_webshell\php\forward_static_call_array-referer-ass.php,202,41,1,0,0,0,0.14634146341463414,script,0,1,0,0,0,0,0,0,0,0,0,5.438585695476645,5.438585695476645,0.9108910891089109,0.0,58,0,0,0,0,0,0,0,2,0,0,0,0,0.0,0
malware,general.php,data\raw\malware_webshell\tennc_webshell\php\general.php,128496,11,1,0,0,0,0.09090909090909091,script,0,1,0,0,0,0,0,0,0,0,15,5.7736724113512095,5.875295417301602,0.9749252895031751,0.0,86,0,0,1605,0,0,0,1605,1605,0,0,0,0,0.0,0
malware,get1.php,data\raw\malware_webshell\tennc_webshell\php\get1.php,17,8,1,0,0,0,0.125,script,0,1,0,0,0,0,0,0,0,0,0,3.8521687236032816,3.8521687236032816,0.8823529411764706,0.0,15,0,0,0,0,0,0,0,1,0,0,0,0,0.0,0
malware,getConstants.php,data\raw\malware_webshell\tennc_webshell\php\getConstants.php,458,16,1,0,0,0,0.0625,script,0,1,0,0,0,0,0,0,0,0,0,4.802708272449014,4.802708272449014,0.8820960698689956,0.0,53,0,0,0,0,0,0,0,0,0,0,0,0,0.0,0
malware,getConstants2.php,data\raw\malware_webshell\tennc_webshell\php\getConstants2.php,450,17,1,0,0,0,0.058823529411764705,script,0,1,0,0,0,0,0,0,0,0,0,4.79478324812731,4.79478324812731,0.8933333333333333,0.0,50,0,0,0,0,0,0,0,0,0,0,0,0,0.0,0
malware,ghost.php,data\raw\malware_webshell\tennc_webshell\php\ghost.php,73308,9,1,0,0,0,0.1111111111111111,script,0,1,0,0,0,0,0,0,0,0,27,6.0604345850394505,6.419598381047967,0.9965897309979811,0.0,148,1,0,2,0,0,0,2,2,0,0,0,0,0.0,0
malware,ghost_source.php,data\raw\malware_webshell\tennc_webshell\php\ghost_source.php,142149,16,1,0,0,0,0.125,script,0,1,0,0,0,0,0,0,0,0,0,6.213588551966211,5.576116796111071,0.899964122153515,0.0,171,4,7,3,28,15,0,12,455,0,0,0,0,0.0,0
malware,gif.php,data\raw\malware_webshell\tennc_webshell\php\gif.php,719,7,1,0,0,0,0.14285714285714285,script,0,1,0,0,0,1,0,1,0,0,0,5.515925383040986,5.515925383040986,0.9554937413073713,0.0,67,0,0,0,0,0,0,0,8,0,0,0,0,0.0,0
malware,gzismexv.php,data\raw\malware_webshell\tennc_webshell\php\gzismexv.php,86982,12,1,0,0,0,0.08333333333333333,script,0,1,0,0,0,0,0,0,0,0,10,5.842442883036888,5.824476156709501,0.945850865696351,0.0,85,0,0,1170,0,0,0,1171,1173,0,0,0,0,0.0,0
malware,h6ss.php,data\raw\malware_webshell\tennc_webshell\php\h6ss.php,29155,8,1,0,0,0,0.125,script,0,1,0,0,0,0,0,0,0,0,6,6.003460161840418,5.977462822366777,1.0,0.0,73,0,0,1,0,1,0,2,3,0,0,0,0,0.0,0
malware,icesword.php,data\raw\malware_webshell\tennc_webshell\php\icesword.php,159802,12,1,0,0,0,0.08333333333333333,script,0,1,0,0,0,0,0,0,0,0,0,6.119162821426632,5.510280630470885,0.9185304314088685,0.0,189,7,8,15,39,15,0,21,558,0,0,0,0,0.0,0
malware,indrajith-2.0.txt,data\raw\malware_webshell\tennc_webshell\php\indrajith-2.0.txt,93353,17,1,0,0,0,0.17647058823529413,document,0,0,0,0,0,0,0,0,0,0,0,5.364376797482138,5.190923866810119,0.9419515173588422,0.0,96,9,1,3,38,10,0,18,309,0,0,0,0,0.0,0
malware,indrajith.txt,data\raw\malware_webshell\tennc_webshell\php\indrajith.txt,67430,13,1,0,0,0,0.07692307692307693,document,0,0,0,0,0,0,0,0,0,0,0,5.327913382235212,5.123767538179999,0.9373275989915468,0.0,96,8,0,2,33,10,0,15,252,0,0,0,0,0.0,0
malware,itsec.php,data\raw\malware_webshell\tennc_webshell\php\itsec.php,66296,9,1,0,0,0,0.1111111111111111,script,0,1,0,0,0,0,0,0,0,0,0,5.7529447964347025,6.095456357151755,0.9558344394835284,0.0,148,6,0,29,4,9,0,35,303,0,0,0,0,0.0,0
malware,job.php.txt,data\raw\malware_webshell\tennc_webshell\php\job.php.txt,17429,11,2,1,0,0,0.18181818181818182,document,0,1,0,0,0,0,0,0,0,0,0,6.1417833003825635,6.145822351490441,0.9463537781857824,0.0,98,0,0,0,0,0,0,0,1,0,0,0,0,0.0,0
malware,koplak_php%3Bme.txt,data\raw\malware_webshell\tennc_webshell\php\koplak_php%3Bme.txt,26200,19,1,0,0,0,0.15789473684210525,document,0,0,0,0,0,0,0,0,0,0,14,6.054861191487412,6.122350027472894,0.9984732824427481,0.0,84,0,0,1,0,1,0,2,3,0,0,0,0,0.0,0
malware,lnc.php,data\raw\malware_webshell\tennc_webshell\php\lnc.php,65424,7,1,0,0,0,0.14285714285714285,script,0,1,0,0,0,0,0,0,0,0,0,6.061209013543593,5.970164173939645,0.8075171191000244,0.0,168,3,5,2,9,12,0,7,199,0,0,0,0,0.0,0
malware,lpl38-com-php.txt,data\raw\malware_webshell\tennc_webshell\php\lpl38-com-php.txt,163957,17,1,0,0,0,0.17647058823529413,document,0,0,0,0,0,0,0,0,0,0,0,6.139045902162652,5.575044126730005,0.9144653781174332,0.0,190,9,8,15,39,16,0,21,577,0,0,0,0,0.0,0
malware,memWebshell.php,data\raw\malware_webshell\tennc_webshell\php\MemShellForPHP\memWebshell.php,398,15,1,0,0,0,0.06666666666666667,script,0,1,0,0,0,0,0,0,0,0,0,4.884242438808939,4.884242438808939,0.9346733668341709,0.0,63,1,1,0,0,1,0,0,3,0,0,0,0,0.0,0
malware,mof提权带回显带清楚命令版本.php,data\raw\malware_webshell\tennc_webshell\php\mof提权带回显带清楚命令版本.php,3060,19,1,0,0,0,0.05263157894736842,script,0,1,0,0,0,0,0,0,0,0,0,5.437016053718266,5.437016053718266,0.9366013071895425,0.0,85,0,1,0,5,0,0,0,22,0,0,0,0,0.0,0
malware,no2.php,data\raw\malware_webshell\tennc_webshell\php\no2.php,1154,7,1,0,0,0,0.14285714285714285,script,0,1,0,0,0,0,0,0,0,0,0,3.0661689631689284,3.0661689631689284,0.9410745233968805,0.0,41,0,0,0,0,1,0,1,3,0,0,0,0,0.0,0
malware,oi.php.decode.txt,data\raw\malware_webshell\tennc_webshell\php\oi.php.decode.txt,163693,17,2,1,0,0,0.17647058823529413,document,0,1,0,0,0,0,0,0,0,0,21,5.5459655209808245,5.356806418107983,0.9618798604705149,0.0,96,11,0,216,46,13,0,222,302,0,0,0,0,0.0,0
malware,oi.php.txt,data\raw\malware_webshell\tennc_webshell\php\oi.php.txt,58940,10,2,1,0,0,0.2,document,0,1,0,0,0,0,0,0,0,0,17,6.005558102726387,6.024641932210083,0.9999660671869698,0.0,77,0,0,1,0,1,0,2,3,0,0,0,0,0.0,0
malware,other-decode.php,data\raw\malware_webshell\tennc_webshell\php\other-decode.php,67630,16,1,0,0,0,0.125,script,0,1,0,0,0,0,0,0,0,0,0,5.538021081637839,5.358857574932285,0.908664793730593,0.0,97,4,1,2,13,10,3,3,346,0,0,0,0,0.0,0
malware,other.php,data\raw\malware_webshell\tennc_webshell\php\other.php,25067,9,1,0,0,0,0.1111111111111111,script,0,1,0,0,0,0,0,0,0,0,5,6.005873166464385,6.001710458451548,0.9999202138269437,0.0,76,0,0,1,0,0,0,2,2,0,0,0,0,0.0,0
malware,PHP reflection.php.txt,data\raw\malware_webshell\tennc_webshell\php\p2j\PHP reflection.php.txt,595,22,2,1,0,0,0.13636363636363635,document,0,1,0,0,0,0,0,0,0,0,0,5.9177159135900785,5.9177159135900785,0.7764705882352941,0.0,90,3,0,0,1,2,0,0,9,0,0,0,0,0.0,0
malware,PHP反射后门.php.txt,data\raw\malware_webshell\tennc_webshell\php\p2j\PHP反射后门.php.txt,104,15,2,1,0,0,0.13333333333333333,document,0,1,0,0,0,0,0,0,0,0,0,5.005057266652616,5.005057266652616,0.9230769230769231,0.0,41,0,0,0,0,0,0,0,2,0,0,0,0,0.0,0
malware,pas.php,data\raw\malware_webshell\tennc_webshell\php\pas\pas.php,21262,7,1,0,0,0,0.14285714285714285,script,0,1,0,0,0,0,0,0,0,0,3,6.107518702507167,6.084620011639522,0.9761076098203367,0.0,92,0,0,253,0,0,0,254,257,0,0,0,0,0.0,0
malware,pass-waf-2014-10-19.php,data\raw\malware_webshell\tennc_webshell\php\pass-waf-2014-10-19.php,121,23,1,0,0,0,0.21739130434782608,script,0,1,0,0,0,0,0,0,0,0,0,4.856733397794135,4.856733397794135,0.9338842975206612,0.0,40,0,0,0,0,0,0,0,1,0,0,0,0,0.0,0
malware,php-extension-backdoor.md,data\raw\malware_webshell\tennc_webshell\php\php-extension-backdoor.md,386,25,0,0,0,0,0.12,unknown,0,0,0,0,1,0,0,0,0,0,0,4.908293677824457,4.908293677824457,0.9015544041450777,0.0,42,3,0,0,0,0,0,0,0,0,0,0,0,0.0,0
malware,client.py,data\raw\malware_webshell\tennc_webshell\php\php-sh\client.py,1320,9,1,0,0,0,0.1111111111111111,script,0,1,0,0,0,0,0,0,0,0,0,4.639789207391092,4.639789207391092,0.9378787878787879,0.0,68,1,0,0,3,1,0,0,4,0,0,0,0,0.0,0
malware,server.php,data\raw\malware_webshell\tennc_webshell\php\php-sh\server.php,39,10,1,0,0,0,0.1,script,0,1,0,0,0,0,0,0,0,0,0,4.560667282798391,4.560667282798391,0.8461538461538461,0.0,26,0,0,0,0,1,0,0,1,0,0,0,0,0.0,0
malware,php-xor.md,data\raw\malware_webshell\tennc_webshell\php\php-xor.md,2816,10,0,0,0,0,0.2,unknown,0,0,0,0,1,0,0,0,0,0,0,6.516450366359914,6.516450366359914,0.42720170454545453,0.0,156,5,0,0,0,0,0,0,1,0,0,0,0,0.0,0
malware,php-xor.php.md,data\raw\malware_webshell\tennc_webshell\php\php-xor.php.md,45,14,1,0,0,0,0.21428571428571427,script,0,1,0,0,0,0,0,1,0,0,0,4.730416151740999,4.730416151740999,0.8222222222222222,0.0,31,0,0,0,0,0,0,0,1,0,0,0,0,0.0,0
malware,php1.php,data\raw\malware_webshell\tennc_webshell\php\php1.php,76059,8,1,0,0,0,0.125,script,0,1,0,0,0,0,0,0,0,0,37,6.053946263816759,6.104625439332325,0.9607672990704584,0.0,111,1,0,1458,0,1,0,1460,1461,0,0,0,0,0.0,0
malware,php7.1_bypass.php,data\raw\malware_webshell\tennc_webshell\php\php7.1_bypass.php,77,17,1,0,0,0,0.17647058823529413,script,0,1,0,0,0,0,0,0,0,0,0,4.346676522097962,4.346676522097962,0.8701298701298701,0.0,30,0,0,0,0,1,0,0,1,0,0,0,0,0.0,0
malware,php_niu_1.php,data\raw\malware_webshell\tennc_webshell\php\php_niu_1.php,222,13,1,0,0,0,0.23076923076923078,script,0,1,0,0,0,0,0,0,0,0,0,4.520861625280916,4.520861625280916,0.954954954954955,0.0,40,0,0,0,0,1,0,0,2,0,0,0,0,0.0,0
malware,php_niu_2.php,data\raw\malware_webshell\tennc_webshell\php\php_niu_2.php,417,13,1,0,0,0,0.23076923076923078,script,0,1,0,0,0,0,0,0,0,0,0,3.7067911902456636,3.7067911902456636,0.8752997601918465,0.0,43,0,0,0,0,0,0,0,0,0,0,0,0,0.0,0
malware,php_webshell.py,data\raw\malware_webshell\tennc_webshell\php\php_webshell.py,1125,15,1,0,0,0,0.13333333333333333,script,0,1,0,0,0,0,0,0,0,0,0,5.371702425983976,5.371702425983976,0.9235555555555556,0.0,95,1,0,1,0,1,0,2,3,0,0,0,0,0.0,0
malware,odd.php,data\raw\malware_webshell\tennc_webshell\php\phpkit-0.1a\odd.php,435,7,1,0,0,0,0.14285714285714285,script,0,1,0,0,0,0,0,0,0,0,0,4.841430266354344,4.841430266354344,0.9540229885057471,0.0,51,0,0,0,0,2,0,0,2,0,0,0,0,0.0,0
malware,phpkit.py,data\raw\malware_webshell\tennc_webshell\php\phpkit-0.1a\phpkit.py,756,9,1,0,0,0,0.1111111111111111,script,0,1,0,0,0,0,0,0,0,0,0,4.945174977716168,4.945174977716168,0.9259259259259259,0.0,66,1,0,0,4,1,0,0,5,0,0,0,0,0.0,0
malware,odd.php,data\raw\malware_webshell\tennc_webshell\php\phpkit-0.2a\odd.php,435,7,1,0,0,0,0.14285714285714285,script,0,1,0,0,0,0,0,0,0,0,0,4.841430266354344,4.841430266354344,0.9540229885057471,0.0,51,0,0,0,0,2,0,0,2,0,0,0,0,0.0,0
malware,phpkit.py,data\raw\malware_webshell\tennc_webshell\php\phpkit-0.2a\phpkit.py,3467,9,1,0,0,0,0.1111111111111111,script,0,1,0,0,0,0,0,0,0,0,0,4.644027783266155,4.644027783266155,0.9388520334583214,0.0,79,1,0,0,9,17,0,1,27,0,0,0,0,0.0,0
malware,upload.py,data\raw\malware_webshell\tennc_webshell\php\phpkit-0.2a\upload.py,998,9,1,0,0,0,0.1111111111111111,script,0,1,0,0,0,0,0,0,0,0,0,5.099855565881546,5.099855565881546,0.9318637274549099,0.0,64,1,0,0,0,0,0,1,1,0,0,0,0,0.0,0
malware,odd.php,data\raw\malware_webshell\tennc_webshell\php\phpkit-1.0\odd.php,184,7,1,0,0,0,0.14285714285714285,script,0,1,0,0,0,0,0,0,0,0,0,4.719237437077993,4.719237437077993,0.9456521739130435,0.0,37,0,0,0,0,2,0,0,2,0,0,0,0,0.0,0
malware,phpkitcli.py,data\raw\malware_webshell\tennc_webshell\php\phpkit-1.0\phpkitcli.py,4513,12,1,0,0,0,0.08333333333333333,script,0,1,0,0,0,0,0,0,0,0,0,4.7049861691055845,4.695519985839089,0.9415023266120097,0.0,76,0,0,0,9,17,0,2,28,0,0,0,0,0.0,0
malware,Antichat Shell v1.3.php,data\raw\malware_webshell\tennc_webshell\php\PHPshell\Antichat Shell v1.3\Antichat Shell v1.3.php,9176,23,1,0,0,0,0.17391304347826086,script,0,1,0,0,0,0,0,0,0,0,0,5.641877256085781,5.746326912338623,0.9592414995640802,0.0,93,1,0,0,3,1,0,0,25,0,0,0,0,0.0,0
malware,c99.php,data\raw\malware_webshell\tennc_webshell\php\PHPshell\c99\c99.php,163746,7,1,0,0,0,0.14285714285714285,script,0,1,0,0,0,0,0,0,0,0,21,5.727632593877293,4.847693752820098,0.9471376400034199,0.0,137,11,1,219,27,7,1,225,275,0,0,0,0,0.0,0
malware,c99_locus7s.php,data\raw\malware_webshell\tennc_webshell\php\PHPshell\c99_locus7s\c99_locus7s.php,232697,15,1,0,0,0,0.13333333333333333,script,0,1,0,0,0,0,0,0,0,0,29,5.894294971133067,4.964944734045585,0.9691100443924933,0.0,97,22,1,229,52,24,0,238,399,0,0,0,0,0.0,0
malware,c99_PSych0.php,data\raw\malware_webshell\tennc_webshell\php\PHPshell\c99_PSych0\c99_PSych0.php,167398,14,1,0,0,0,0.14285714285714285,script,0,1,0,0,0,0,0,0,0,0,21,5.615549180850861,5.354212252759322,0.9607402716878338,0.0,98,10,1,225,40,12,0,232,317,0,0,0,0,0.0,0
malware,c99_w4cking.php,data\raw\malware_webshell\tennc_webshell\php\PHPshell\c99_w4cking\c99_w4cking.php,145893,15,1,0,0,0,0.13333333333333333,script,0,1,0,0,0,0,0,0,0,0,0,5.473815653718358,5.343707707806196,0.960429904107805,0.0,97,6,5,2,38,16,0,9,139,0,0,0,0,0.0,0
malware,c99shell.php,data\raw\malware_webshell\tennc_webshell\php\PHPshell\c99shell\c99shell.php,144164,12,1,0,0,0,0.08333333333333333,script,0,1,0,0,0,0,0,0,0,0,25,5.93984805945182,5.3588246247385465,0.9380358480619295,0.0,135,6,1,501,11,4,1,507,535,0,0,0,0,0.0,0
malware,Crystal.php,data\raw\malware_webshell\tennc_webshell\php\PHPshell\Crystal\Crystal.php,57262,11,1,0,0,0,0.09090909090909091,script,0,1,0,0,0,0,0,0,0,0,0,5.52216886726045,5.4105209822013824,0.9395061297195347,0.0,137,7,0,0,23,10,0,0,79,0,0,0,0,0.0,0
malware,ctt_sh.php,data\raw\malware_webshell\tennc_webshell\php\PHPshell\ctt_sh\ctt_sh.php,133320,10,1,0,0,0,0.2,script,0,1,0,0,0,0,0,0,0,0,26,5.966385528014339,5.173660344676719,0.945919591959196,0.0,150,2,0,537,12,5,0,541,570,0,0,0,0,0.0,0
malware,Dx.php,data\raw\malware_webshell\tennc_webshell\php\PHPshell\Dx\Dx.php,113632,6,1,0,0,0,0.16666666666666666,script,0,1,0,0,0,0,0,0,0,0,1,5.9280594617173925,5.682748115185665,0.9389080540692762,0.0,99,9,1,12,18,7,0,16,558,0,0,0,0,0.0,0
malware,gfs_sh.php,data\raw\malware_webshell\tennc_webshell\php\PHPshell\gfs_sh\gfs_sh.php,66123,10,1,0,0,0,0.2,script,0,1,0,0,0,0,0,0,0,0,1,5.827840143728476,6.1201233300080755,0.9463575457858839,0.0,137,1,0,74,6,6,0,80,255,0,0,0,0,0.0,0
malware,iMHaPFtp.php,data\raw\malware_webshell\tennc_webshell\php\PHPshell\iMHaPFtp\iMHaPFtp.php,55800,12,1,0,0,0,0.08333333333333333,script,0,1,0,0,0,0,0,0,0,0,0,5.466934156678943,5.364144148635298,0.8930286738351254,0.0,113,6,0,6,0,1,0,12,79,0,0,0,0,0.0,0
malware,Mysql interface v1.0.php,data\raw\malware_webshell\tennc_webshell\php\PHPshell\Mysql interface v1.0\Mysql interface v1.0.php,34961,24,1,0,0,0,0.16666666666666666,script,0,1,0,0,0,0,0,0,0,0,0,5.386771837239187,5.332055173551764,0.9333543090872687,0.0,94,0,0,0,22,1,0,0,23,0,0,0,0,0.0,0
malware,MySQL Web Interface Version 0.8.php,data\raw\malware_webshell\tennc_webshell\php\PHPshell\MySQL Web Interface Version 0.8\MySQL Web Interface Version 0.8.php,35803,35,1,0,0,0,0.17142857142857143,script,0,1,0,0,0,0,0,0,0,0,0,5.4682440829930075,5.415172054652048,0.8882775186436891,0.0,96,2,0,0,22,1,0,0,23,0,0,0,0,0.0,0
malware,NetworkFileManagerPHP.php,data\raw\malware_webshell\tennc_webshell\php\PHPshell\NetworkFileManagerPHP\NetworkFileManagerPHP.php,127853,25,1,0,0,0,0.04,script,0,1,0,0,0,0,0,0,0,0,1,5.525801869852816,5.358950702502715,0.9119144642675573,0.0,99,8,0,0,3,23,0,0,55,0,0,0,0,0.0,0
malware,NIX REMOTE WEB-SHELL.php,data\raw\malware_webshell\tennc_webshell\php\PHPshell\NIX REMOTE WEB-SHELL v.0.5 alpha Lite Public Version\NIX REMOTE WEB-SHELL.php,54743,24,1,0,0,0,0.16666666666666666,script,0,1,0,0,0,0,0,0,0,0,0,6.108529484697223,6.179989108316982,0.8711068081763879,0.0,154,5,2,53,17,17,0,60,256,0,0,0,0,0.0,0
malware,nstview.php,data\raw\malware_webshell\tennc_webshell\php\PHPshell\nstview\nstview.php,83294,11,1,0,0,0,0.09090909090909091,script,0,1,0,0,0,0,0,0,0,0,0,5.793602742354941,5.128017396949395,0.9427569812951713,0.0,132,6,2,1,7,23,1,8,299,0,0,0,0,0.0,0
malware,PH Vayv.php,data\raw\malware_webshell\tennc_webshell\php\PHPshell\PH Vayv\PH Vayv.php,25274,11,1,0,0,0,0.18181818181818182,script,0,1,0,0,0,0,0,0,0,0,0,5.240787376804472,5.283102408717283,0.9495924665664319,0.0,96,10,0,0,0,0,0,0,0,0,0,0,0,0.0,0
malware,PHP Shell.php,data\raw\malware_webshell\tennc_webshell\php\PHPshell\PHP Shell\PHP Shell.php,38250,13,1,0,0,0,0.15384615384615385,script,0,1,0,0,0,0,0,0,0,0,0,5.333236112493832,4.843518760012076,0.9108496732026143,0.0,95,0,0,0,56,2,0,0,58,0,0,0,0,0.0,0
malware,PHPRemoteView.php,data\raw\malware_webshell\tennc_webshell\php\PHPshell\PHPRemoteView\PHPRemoteView.php,91159,17,1,0,0,0,0.058823529411764705,script,0,1,0,0,0,0,0,0,0,0,2,5.596332483432182,4.679602967146681,0.9163330005814018,0.0,164,7,0,75,0,6,0,78,84,0,0,0,0,0.0,0
malware,r57shell.php,data\raw\malware_webshell\tennc_webshell\php\PHPshell\r57shell\r57shell.php,103656,12,1,0,0,0,0.08333333333333333,script,0,1,0,0,0,0,0,0,0,0,0,5.885476123897517,4.495458439881931,0.9466697538010342,0.0,134,10,6,97,103,7,3,99,612,0,0,0,0,0.0,0
malware,r57shell127.php,data\raw\malware_webshell\tennc_webshell\php\PHPshell\r57shell127\r57shell127.php,110412,15,1,0,0,0,0.06666666666666667,script,0,1,0,0,0,0,0,0,0,0,0,5.944268659780795,5.051356192444676,0.9336394594790421,0.0,148,11,6,115,103,7,0,119,687,0,0,0,0,0.0,0
malware,SnIpEr_SA Shell.php,data\raw\malware_webshell\tennc_webshell\php\PHPshell\SnIpEr_SA Shell\SnIpEr_SA Shell.php,106039,19,1,0,0,0,0.15789473684210525,script,0,1,0,0,0,0,0,0,0,0,0,5.939362249155094,5.074482877548011,0.9303369514989768,0.0,133,8,6,95,104,7,3,96,617,0,0,0,0,0.0,0
malware,zacosmall.php,data\raw\malware_webshell\tennc_webshell\php\PHPshell\zacosmall\zacosmall.php,16378,13,1,0,0,0,0.07692307692307693,script,0,1,0,0,0,0,0,0,0,0,0,5.633980418124961,5.683728432145168,0.9389424838197582,0.0,94,0,0,0,21,2,0,0,77,0,0,0,0,0.0,0
malware,smowu.php,data\raw\malware_webshell\tennc_webshell\php\PHPshell\【c99_madnet】\smowu.php,44360,9,1,0,0,0,0.1111111111111111,script,0,1,0,0,0,0,0,0,0,0,7,6.011548057828857,6.0509927544716975,0.9996844003606853,0.0,78,0,0,1,0,1,0,3,4,0,0,0,0,0.0,0
malware,smowu.php,data\raw\malware_webshell\tennc_webshell\php\PHPshell\【C99madShell v. 3.0】\smowu.php,60641,9,1,0,0,0,0.1111111111111111,script,0,1,0,0,0,0,0,0,0,0,0,5.231119982460706,5.5096860545478075,0.9892481984136146,0.0,89,0,0,0,6,0,0,0,6,0,0,0,0,0.0,0
malware,EgY_SpIdEr ShElL V2.php,data\raw\malware_webshell\tennc_webshell\php\PHPshell\【EgY_SpIdEr ShElL V2】\EgY_SpIdEr ShElL V2.php,317756,23,1,0,0,0,0.17391304347826086,script,0,1,0,0,0,0,0,0,0,0,0,6.018825216489828,5.531987400327187,0.9516264051662282,0.0,134,12,4,128,253,28,6,133,1249,0,0,0,0,0.0,0
malware,ironshell.php,data\raw\malware_webshell\tennc_webshell\php\PHPshell\【ironshell】\ironshell.php,18958,13,1,0,0,0,0.07692307692307693,script,0,1,0,0,0,0,0,0,0,0,0,4.619233012744381,5.153246831778784,0.9379681400991666,0.0,91,3,0,0,3,5,0,0,77,0,0,0,0,0.0,0
malware,PHPJackal v1.5.php,data\raw\malware_webshell\tennc_webshell\php\PHPshell\【PHPJackal v1.5】\PHPJackal v1.5.php,88333,18,1,0,0,0,0.16666666666666666,script,0,1,0,0,0,0,0,0,0,0,0,5.6475503453770495,5.701156970696207,0.9679395016584968,0.0,104,19,1,0,10,7,0,0,310,0,0,0,0,0.0,0
malware,PHPJackal.php,data\raw\malware_webshell\tennc_webshell\php\PHPshell\【PHPJackal】\PHPJackal.php,100770,13,1,0,0,0,0.07692307692307693,script,0,1,0,0,0,0,0,0,0,0,0,5.654499749968469,5.587192087495355,0.9686216135754689,0.0,96,23,1,0,14,8,0,0,375,0,0,0,0,0.0,0
malware,config.php,data\raw\malware_webshell\tennc_webshell\php\PHPshell\【phpshell-2.1】\config.php,1916,10,1,0,0,0,0.1,script,0,1,0,0,0,0,0,0,0,0,0,4.721106045999625,4.721106045999625,0.9436325678496869,0.0,66,0,0,0,0,0,0,0,0,0,0,0,0,0.0,0
malware,phpshell3.php,data\raw\malware_webshell\tennc_webshell\php\PHPshell\【phpshell-2.1】\phpshell3.php,13683,13,1,0,0,0,0.07692307692307693,script,0,1,0,0,0,0,0,0,0,0,0,5.060729831402534,5.1328431411101745,0.9403639552729665,0.0,90,6,0,0,0,1,0,0,16,0,0,0,0,0.0,0
malware,pwhash.php,data\raw\malware_webshell\tennc_webshell\php\PHPshell\【phpshell-2.1】\pwhash.php,2865,10,1,0,0,0,0.1,script,0,1,0,0,0,0,0,0,0,0,0,5.152232644366886,5.152232644366886,0.9301919720767888,0.0,81,2,0,0,0,0,0,0,5,0,0,0,0,0.0,0
malware,style.css,data\raw\malware_webshell\tennc_webshell\php\PHPshell\【phpshell-2.1】\style.css,791,9,0,0,0,0,0.1111111111111111,unknown,0,0,0,0,1,0,0,0,0,0,0,4.909717435758075,4.909717435758075,0.8558786346396966,0.0,59,0,0,0,0,0,0,0,0,0,0,0,0,0.0,0
malware,r57_iFX.php,data\raw\malware_webshell\tennc_webshell\php\PHPshell\【r57_iFX】\r57_iFX.php,89657,11,1,0,0,0,0.18181818181818182,script,0,1,0,0,0,0,0,0,0,0,0,5.8864837308034055,4.861632293365465,0.9572593327905239,0.0,97,7,1,113,72,6,0,116,546,0,0,0,0,0.0,0
malware,r57_kartal.php,data\raw\malware_webshell\tennc_webshell\php\PHPshell\【r57_karta】\r57_kartal.php,100416,14,1,0,0,0,0.14285714285714285,script,0,1,0,0,0,0,0,0,0,0,0,5.942738614691944,4.9688048883683775,0.96243626513703,0.0,98,2,1,113,72,6,0,116,543,0,0,0,0,0.0,0
malware,r57_Mohajer22.php,data\raw\malware_webshell\tennc_webshell\php\PHPshell\【r57_Mohajer22】\r57_Mohajer22.php,116687,17,1,0,0,0,0.11764705882352941,script,0,1,0,0,0,0,0,0,0,0,0,5.933051080041781,4.820084963728495,0.9071019050965403,0.0,148,10,6,115,109,8,3,117,657,0,0,0,0,0.0,0
malware,r57.php,data\raw\malware_webshell\tennc_webshell\php\PHPshell\【r57】\r57.php,110613,7,1,0,0,0,0.14285714285714285,script,0,1,0,0,0,0,0,0,0,0,0,5.821620183573417,4.589533547354949,0.958097149521304,0.0,98,11,6,115,103,7,0,119,688,0,0,0,0,0.0,0
malware,Shell [ci] .Biz was here.php,data\raw\malware_webshell\tennc_webshell\php\PHPshell\【Shell [ci] .Biz was here】\Shell [ci] .Biz was here.php,165060,28,1,0,0,0,0.2857142857142857,script,0,1,0,0,0,0,0,0,0,0,21,5.645191882190021,5.3678662967801,0.9615412577244639,0.0,100,9,2,219,36,7,0,225,287,0,0,0,0,0.0,0
malware,phpshell.php.txt,data\raw\malware_webshell\tennc_webshell\php\phpshell.php.txt,2257,16,2,1,0,0,0.125,document,0,1,0,0,0,0,0,0,0,0,0,5.307452008438508,5.307452008438508,0.948604342046965,0.0,82,1,0,0,0,0,0,0,13,0,0,0,0,0.0,0
malware,2008.php,data\raw\malware_webshell\tennc_webshell\php\phpspy\2008.php,68972,8,1,0,0,0,0.125,script,0,1,0,0,0,0,0,0,0,0,0,5.670056915915017,6.036138542382728,0.8711651104796149,0.0,186,4,0,14,2,10,0,18,54,0,0,0,0,0.0,0
malware,2009lite.php,data\raw\malware_webshell\tennc_webshell\php\phpspy\2009lite.php,38989,12,1,0,0,0,0.08333333333333333,script,0,1,0,0,0,0,0,0,0,0,0,5.5979797217338545,5.806715903401712,0.8853266305881146,0.0,177,2,0,0,2,8,0,0,32,0,0,0,0,0.0,0
malware,2009mssql.php,data\raw\malware_webshell\tennc_webshell\php\phpspy\2009mssql.php,96894,13,1,0,0,0,0.07692307692307693,script,0,1,0,0,0,0,0,0,0,0,0,5.60276132415861,5.8314320432511675,0.8615703758746671,0.0,184,3,0,15,2,10,0,22,63,0,0,0,0,0.0,0
malware,2011.php,data\raw\malware_webshell\tennc_webshell\php\phpspy\2011.php,77035,8,1,0,0,0,0.125,script,0,1,0,0,0,0,0,0,0,0,0,5.6318327831218635,5.773538677564082,0.8728240410203154,0.0,184,3,1,14,3,9,0,18,58,0,0,0,0,0.0,0
malware,2013加密.php,data\raw\malware_webshell\tennc_webshell\php\phpspy\2013加密.php,23333,10,1,0,0,0,0.1,script,0,1,0,0,0,0,0,0,0,0,4,6.00985364565477,6.016149972308534,0.9994857069386706,0.0,77,0,0,1,0,1,0,3,4,0,0,0,0,0.0,0
malware,2013未加密.php,data\raw\malware_webshell\tennc_webshell\php\phpspy\2013未加密.php,58349,11,1,0,0,0,0.09090909090909091,script,0,1,0,0,0,0,0,0,0,0,0,5.70660774126843,5.912297881982696,0.8768616428730569,0.0,164,3,1,14,1,6,3,15,46,0,0,0,0,0.0,0
malware,2014phpspy.php,data\raw\malware_webshell\tennc_webshell\php\phpspy\2014phpspy.php,23755,14,1,0,0,0,0.07142857142857142,script,0,1,0,0,0,0,0,0,0,0,7,6.009318131687814,6.01492402051712,0.9994948431909072,0.0,77,0,0,1,0,1,0,3,4,0,0,0,0,0.0,0
malware,phpspy2010.php,data\raw\malware_webshell\tennc_webshell\php\phpspy\phpspy2010.php,34735,14,1,0,0,0,0.07142857142857142,script,0,1,0,0,0,0,0,0,0,0,5,6.068727751483286,6.312184337842001,0.9940118036562545,0.0,141,0,0,1,0,1,0,3,4,0,0,0,0,0.0,0
malware,phpspy_2005_full.php,data\raw\malware_webshell\tennc_webshell\php\phpspy\phpspy_2005_full.php,40092,20,1,0,0,0,0.15,script,0,1,0,0,0,0,0,0,0,0,0,5.810245865747133,5.789244252970408,0.8385962286740497,0.0,186,8,0,0,0,7,0,0,57,0,0,0,0,0.0,0
malware,phpspy_2005_lite.php,data\raw\malware_webshell\tennc_webshell\php\phpspy\phpspy_2005_lite.php,21209,20,1,0,0,0,0.15,script,0,1,0,0,0,0,0,0,0,0,0,5.761444309114177,5.754046632372914,0.8497807534537225,0.0,182,7,0,0,0,6,0,0,37,0,0,0,0,0.0,0
malware,phpspy_2006.php,data\raw\malware_webshell\tennc_webshell\php\phpspy\phpspy_2006.php,48162,15,1,0,0,0,0.13333333333333333,script,0,1,0,0,0,0,0,0,0,0,0,5.919720356772967,5.696602651898506,0.8348698143764793,0.0,188,9,0,0,1,9,0,0,148,0,0,0,0,0.0,0
malware,Phpspy 2010 身份验证绕过漏洞,data\raw\malware_webshell\tennc_webshell\php\Phpspy 2010 身份验证绕过漏洞,723,20,0,0,0,0,0.1,unknown,0,0,0,0,1,0,0,0,0,0,0,6.375148532783179,6.375148532783179,0.5601659751037344,0.0,126,1,0,0,0,0,0,0,0,0,0,0,0,0.0,0
malware,Phpspy 2011 继续身份验证绕过漏洞,data\raw\malware_webshell\tennc_webshell\php\Phpspy 2011 继续身份验证绕过漏洞,2199,22,0,0,0,0,0.09090909090909091,unknown,0,0,0,0,1,0,0,0,0,0,0,6.278209155320232,6.278209155320232,0.5798090040927695,0.0,130,5,0,0,0,0,0,0,0,0,0,0,0,0.0,0
malware,phpwebshell pass by waf for share.md,data\raw\malware_webshell\tennc_webshell\php\phpwebshell pass by waf for share.md,1337,36,0,0,0,0,0.16666666666666666,unknown,0,0,0,0,1,0,0,0,0,0,0,6.304800699961896,6.304800699961896,0.6110695587135377,0.0,131,1,0,0,0,0,0,0,6,0,0,0,0,0.0,0
malware,php一句话,data\raw\malware_webshell\tennc_webshell\php\php一句话,605,6,0,0,0,0,0.0,unknown,0,0,0,0,1,0,0,0,0,0,0,5.914919085044503,5.914919085044503,0.7768595041322314,0.0,90,0,0,0,0,5,0,0,19,0,0,0,0,0.0,0
malware,php一句话02.txt,data\raw\malware_webshell\tennc_webshell\php\php一句话02.txt,170,12,1,0,0,0,0.08333333333333333,document,0,0,0,0,0,0,0,0,0,0,0,5.098288093655302,5.098288093655302,0.9058823529411765,0.0,44,0,0,0,1,5,0,0,11,0,0,0,0,0.0,0
malware,pHp一句话扫描脚本程序.php,data\raw\malware_webshell\tennc_webshell\php\pHp一句话扫描脚本程序.php,4290,16,1,0,0,0,0.0625,script,0,1,0,0,0,0,0,0,0,0,0,5.651788612324418,5.626603298288652,0.9095571095571096,0.0,146,0,0,0,0,0,0,0,9,0,0,0,0,0.0,0
malware,php版iisspy.php,data\raw\malware_webshell\tennc_webshell\php\php版iisspy.php,2744,14,1,0,0,0,0.07142857142857142,script,0,1,0,0,0,0,0,0,0,0,0,5.319915178639921,5.319915178639921,0.9456997084548106,0.0,99,1,0,0,0,0,0,0,0,0,0,0,0,0.0,0
malware,PHP简单小马源码.php,data\raw\malware_webshell\tennc_webshell\php\PHP简单小马源码.php,456,13,1,0,0,0,0.07692307692307693,script,0,1,0,0,0,0,0,0,0,0,0,5.431500817296206,5.431500817296206,0.9122807017543859,0.0,72,0,0,0,0,0,0,0,3,0,0,0,0,0.0,0
malware,poison.php,data\raw\malware_webshell\tennc_webshell\php\poison.php,50628,10,1,0,0,0,0.1,script,0,1,0,0,0,0,0,0,0,0,0,4.918030854861653,4.971775845126066,0.9394801295725685,0.0,97,2,1,0,9,12,1,1,284,0,0,0,0,0.0,0
malware,priv8-2012-bypass-shell.php.txt,data\raw\malware_webshell\tennc_webshell\php\priv8-2012-bypass-shell.php.txt,139796,31,2,1,0,0,0.16129032258064516,document,0,1,0,0,0,0,0,0,0,0,9,6.05452176038581,5.4667172935287995,0.9577813385218461,0.0,95,11,0,1444,5,19,0,1466,1512,0,0,0,0,0.0,0
malware,priv95.php.txt,data\raw\malware_webshell\tennc_webshell\php\priv95.php.txt,93561,14,2,1,0,0,0.14285714285714285,document,0,1,0,0,0,0,0,0,0,0,15,6.014959080157126,5.913217349816736,0.9996579771485983,0.0,79,0,0,1,0,1,0,2,3,0,0,0,0,0.0,0
malware,r00ts php大马.php,data\raw\malware_webshell\tennc_webshell\php\r00ts php大马.php,154032,15,1,0,0,0,0.13333333333333333,script,0,1,0,0,0,0,0,0,0,0,0,5.877544755815539,5.489782812461341,0.9526332190713618,0.0,155,6,10,25,40,19,0,31,448,0,0,0,0,0.0,0
malware,README.md,data\raw\malware_webshell\tennc_webshell\php\README.md,1192,9,0,0,0,0,0.1111111111111111,unknown,0,0,0,0,1,0,0,0,0,0,0,3.3794862725340775,3.3794862725340775,0.9026845637583892,0.0,77,1,0,0,0,0,0,0,0,0,0,0,0,0.0,0
malware,Resume.php.txt,data\raw\malware_webshell\tennc_webshell\php\Resume.php.txt,68500,14,2,1,0,0,0.14285714285714285,document,0,1,0,0,0,0,0,0,0,0,24,6.089740397570777,5.628094220344985,0.9933430656934307,0.0,90,1,0,1,0,1,0,2,3,0,0,0,0,0.0,0
malware,reverseshell-poc.txt,data\raw\malware_webshell\tennc_webshell\php\reverseshell-poc.txt,3077,20,1,0,0,0,0.1,document,0,0,0,0,0,0,0,0,0,0,0,4.640006965714309,4.640006965714309,0.9337016574585635,0.0,84,2,1,0,0,5,0,1,6,0,0,0,0,0.0,0
malware,s.php.txt,data\raw\malware_webshell\tennc_webshell\php\s.php.txt,25915,9,2,1,0,0,0.2222222222222222,document,0,1,0,0,0,0,0,0,0,0,7,6.014553279615358,6.018068123399347,0.9996912984757862,0.0,79,0,0,1,0,0,0,2,2,0,0,0,0,0.0,0
malware,SaiProbe_v1.0.php,data\raw\malware_webshell\tennc_webshell\php\SaiProbe\SaiProbe_v1.0.php,11811,17,1,0,0,0,0.17647058823529413,script,0,1,0,0,0,0,0,0,0,0,0,5.369923967521066,5.22279509503842,0.8642790618914571,0.0,163,3,0,0,0,5,0,0,34,0,0,0,0,0.0,0
malware,session91.php,data\raw\malware_webshell\tennc_webshell\php\session91.php,169098,13,1,0,0,0,0.07692307692307693,script,0,1,0,0,0,0,0,0,0,0,0,5.436521444138464,5.828965670817715,0.9750322298312222,0.0,86,0,0,2105,0,0,0,2105,2105,0,0,0,0,0.0,0
malware,shell.php,data\raw\malware_webshell\tennc_webshell\php\shell.php,97351,9,1,0,0,0,0.1111111111111111,script,0,1,0,0,0,0,0,0,0,0,0,6.16586265759389,6.499968272279829,0.8067919179053117,0.0,170,10,9,3,11,11,0,7,242,0,0,0,0,0.0,0
malware,shell.php.txt,data\raw\malware_webshell\tennc_webshell\php\shell.php.txt,67941,13,2,1,0,0,0.15384615384615385,document,0,1,0,0,0,0,0,0,0,0,0,5.579783038607977,5.342701615714553,0.90572702786241,0.0,97,6,1,2,13,10,3,3,298,0,0,0,0,0.0,0
malware,Shu1337.php,data\raw\malware_webshell\tennc_webshell\php\Shu1337.php,55360,11,1,0,0,0,0.09090909090909091,script,0,1,0,0,0,0,0,0,0,0,17,5.692288381948676,5.839060821466073,0.999421965317919,0.0,88,0,0,1,0,1,0,3,4,0,0,0,0,0.0,0
malware,silic.php,data\raw\malware_webshell\tennc_webshell\php\silic.php,140178,9,1,0,0,0,0.1111111111111111,script,0,1,0,0,0,0,0,0,0,0,0,6.161075607906962,5.557279087389371,0.9165703605415971,0.0,191,6,7,3,28,14,0,12,449,0,0,0,0,0.0,0
malware,simple_2022_08_15.php,data\raw\malware_webshell\tennc_webshell\php\simple_2022_08_15.php,96,21,1,0,0,0,0.19047619047619047,script,0,1,0,0,0,0,0,0,0,0,0,5.003571484803189,5.003571484803189,0.875,0.0,39,0,0,0,0,1,0,0,1,0,0,0,0,0.0,0
malware,spy.php,data\raw\malware_webshell\tennc_webshell\php\spy.php,76805,7,1,0,0,0,0.14285714285714285,script,0,1,0,0,0,0,0,0,0,0,0,5.637781814670102,5.724244064679995,0.8717661610572228,0.0,185,3,1,14,3,9,0,18,58,0,0,0,0,0.0,0
malware,supers.php,data\raw\malware_webshell\tennc_webshell\php\supers.php,1472,10,1,0,0,0,0.1,script,0,1,0,0,0,0,0,0,0,0,0,5.201134221703906,5.201134221703906,0.9782608695652174,0.0,82,0,0,0,0,0,0,0,0,0,0,0,0,0.0,0
malware,sure.php_.txt,data\raw\malware_webshell\tennc_webshell\php\sure.php_.txt,10990,13,1,0,0,0,0.23076923076923078,document,0,0,0,0,0,0,0,0,0,0,2,6.028899711749001,6.054923465781438,0.9996360327570518,0.0,78,0,0,3,0,1,0,4,5,0,0,0,0,0.0,0
malware,system2022-08-22-2.php,data\raw\malware_webshell\tennc_webshell\php\system2022-08-22-2.php,406,22,1,0,0,0,0.18181818181818182,script,0,1,0,0,0,0,0,0,0,0,0,5.630664432367488,5.630664432367488,0.8054187192118226,0.0,92,0,0,0,0,0,0,0,2,0,0,0,0,0.0,0
malware,system2022-08-22-3.php,data\raw\malware_webshell\tennc_webshell\php\system2022-08-22-3.php,133,22,1,0,0,0,0.18181818181818182,script,0,1,0,0,0,0,0,0,0,0,0,5.799013527141481,5.799013527141481,0.6992481203007519,0.0,69,0,0,0,0,0,0,0,1,0,0,0,0,0.0,0
malware,system2022-08-22-4.php,data\raw\malware_webshell\tennc_webshell\php\system2022-08-22-4.php,158,22,1,0,0,0,0.18181818181818182,script,0,1,0,0,0,0,0,0,0,0,0,5.303449302065378,5.303449302065378,0.8481012658227848,0.0,56,0,0,0,0,0,0,0,1,0,0,0,0,0.0,0
malware,system2022-08-22.php,data\raw\malware_webshell\tennc_webshell\php\system2022-08-22.php,831,20,1,0,0,0,0.15,script,0,1,0,0,0,0,0,0,0,0,0,5.530507614074242,5.530507614074242,0.9386281588447654,0.0,74,1,0,0,2,0,0,0,7,0,0,0,0,0.0,0
malware,getcode.php,data\raw\malware_webshell\tennc_webshell\php\tank96a\getcode.php,152,11,1,0,0,0,0.09090909090909091,script,0,1,0,0,0,0,0,0,0,0,0,5.330809026310898,5.330809026310898,0.9078947368421053,0.0,50,0,0,0,2,1,0,0,5,0,0,0,0,0.0,0
malware,webshell.php,data\raw\malware_webshell\tennc_webshell\php\tank96a\webshell.php,402,12,1,0,0,0,0.08333333333333333,script,0,1,0,0,0,0,0,0,0,0,0,5.318607521332196,5.318607521332196,0.9502487562189055,0.0,57,1,0,0,0,1,0,0,2,0,0,0,0,0.0,0
malware,test.php,data\raw\malware_webshell\tennc_webshell\php\test.php,379,8,1,0,0,0,0.125,script,0,1,0,0,0,0,0,0,0,0,0,5.048669689382212,5.048669689382212,0.8786279683377308,0.0,52,0,0,0,0,1,0,0,1,0,0,0,0,0.0,0
malware,tiamo.php.decode.txt,data\raw\malware_webshell\tennc_webshell\php\tiamo.php.decode.txt,68339,20,2,1,0,0,0.15,document,0,1,0,0,0,0,0,0,0,0,0,5.58418499847511,5.448607179039891,0.9059248745226005,0.0,100,7,1,2,13,10,3,3,302,0,0,0,0,0.0,0
malware,tiamo.php.txt,data\raw\malware_webshell\tennc_webshell\php\tiamo.php.txt,25173,13,2,1,0,0,0.15384615384615385,document,0,1,0,0,0,0,0,0,0,0,5,6.011240390921821,6.026483063327364,0.9999205497954157,0.0,77,0,0,1,0,1,0,2,3,0,0,0,0,0.0,0
malware,tips.md,data\raw\malware_webshell\tennc_webshell\php\tips.md,12157,7,0,0,0,0,0.14285714285714285,unknown,0,0,0,0,1,0,0,0,0,0,0,6.4423853030570655,6.310956027198891,0.3291930574977379,0.0,159,3,0,0,0,4,1,3,48,0,0,0,0,0.0,0
malware,tk.php,data\raw\malware_webshell\tennc_webshell\php\tk.php,1476,6,1,0,0,0,0.16666666666666666,script,0,1,0,0,0,0,0,0,0,0,0,5.209542253014246,5.209542253014246,0.9769647696476965,0.0,85,0,0,0,0,0,0,0,0,0,0,0,0,0.0,0
malware,tk_dencode_1.php,data\raw\malware_webshell\tennc_webshell\php\tk_dencode_1.php,1541,16,1,0,0,0,0.1875,script,0,1,0,0,0,0,0,0,0,0,0,4.552763214145853,4.552763214145853,0.9325113562621674,0.0,79,0,0,0,0,1,0,1,2,0,0,0,0,0.0,0
malware,1n73ction.php,data\raw\malware_webshell\tennc_webshell\php\twitter\1n73ction.php,348840,13,1,0,0,0,0.07692307692307693,script,0,1,0,0,0,0,0,0,0,0,1,6.160219199402563,5.5187994982031,0.9643246187363834,0.0,101,57,13,158,27,16,0,189,551,0,0,0,0,0.0,0
malware,404 shell code.php,data\raw\malware_webshell\tennc_webshell\php\twitter\404 shell code.php,63915,18,1,0,0,0,0.16666666666666666,script,0,1,0,0,0,0,0,0,0,0,19,6.021502326758241,6.105819902111724,0.9995619181725729,0.0,83,1,0,1,0,0,0,1,1,0,0,0,0,0.0,0
malware,adminer-4.2.4.php,data\raw\malware_webshell\tennc_webshell\php\twitter\adminer-4.2.4.php,518187,17,1,0,0,0,0.23529411764705882,script,0,1,0,0,0,0,0,0,0,0,11,6.769025323161172,6.765578804720218,0.6054049985815931,0.0,196,14,0,0,0,0,32,2,586,0,0,0,0,0.0,0
malware,bh.php,data\raw\malware_webshell\tennc_webshell\php\twitter\bh.php,251863,6,1,0,0,0,0.16666666666666666,script,0,1,0,0,0,0,0,0,0,0,65,5.999983463283129,5.947233934199847,0.99989676927536,0.0,82,0,0,1,0,1,0,5,6,0,0,0,0,0.0,0
malware,bukapalapak.php,data\raw\malware_webshell\tennc_webshell\php\twitter\bukapalapak.php,4587,15,1,0,0,0,0.06666666666666667,script,0,1,0,0,0,0,0,0,0,0,0,5.350620777861547,5.317208586718946,0.9485502507085241,0.0,89,7,0,1,0,1,0,2,8,0,0,0,0,0.0,0
malware,gamestopceker.php,data\raw\malware_webshell\tennc_webshell\php\twitter\gamestopceker.php,19168,17,1,0,0,0,0.058823529411764705,script,0,1,0,0,0,0,0,0,0,0,0,5.078264718146626,5.289195129907315,0.9498121869782972,0.0,96,13,0,1,0,2,0,2,21,0,0,0,0,0.0,0
malware,mailer.php,data\raw\malware_webshell\tennc_webshell\php\twitter\mailer.php,5640,10,1,0,0,0,0.1,script,0,1,0,0,0,0,0,0,0,0,0,5.331003176515912,5.114432677519685,0.9267730496453901,0.0,94,2,0,2,0,1,0,3,10,0,0,0,0,0.0,0
malware,promailerv2.php,data\raw\malware_webshell\tennc_webshell\php\twitter\promailerv2.php,107158,15,1,0,0,0,0.06666666666666667,script,0,1,0,0,0,0,0,0,0,0,0,5.177679038715344,6.003390685973972,0.9361316933873346,0.0,98,3,0,17,0,2,2,18,30,0,0,0,0,0.0,0
malware,qyt0dHv1.php,data\raw\malware_webshell\tennc_webshell\php\twitter\qyt0dHv1.php,231939,12,1,0,0,0,0.08333333333333333,script,0,1,0,0,0,0,0,0,0,0,0,5.57172832006021,5.407854048051594,0.9322968539141757,0.0,98,42,1,9,14,16,0,27,263,0,0,0,0,0.0,0
malware,v4xGus6X.php,data\raw\malware_webshell\tennc_webshell\php\twitter\v4xGus6X.php,232705,12,1,0,0,0,0.08333333333333333,script,0,1,0,0,0,0,0,0,0,0,1,5.566318645089122,5.612750334584335,0.8895210674459079,0.0,97,20,6,8,18,32,0,30,658,0,0,0,0,0.0,0
malware,ucen.php,data\raw\malware_webshell\tennc_webshell\php\ucen.php,618476,8,1,0,0,0,0.125,script,0,1,0,0,0,0,0,0,0,0,5,5.770065872595461,5.44763673431106,0.9999967662447694,0.0,76,0,0,1,0,1,0,2,3,0,0,0,0,0.0,0
malware,upsi1on.php,data\raw\malware_webshell\tennc_webshell\php\upsi1on.php,26273,11,1,0,0,0,0.09090909090909091,script,0,1,0,0,0,0,0,0,0,0,0,5.684812023255311,5.505297879648671,0.8531952955505652,0.0,99,0,0,0,0,2,0,0,130,0,0,0,0,0.0,0
malware,w.php,data\raw\malware_webshell\tennc_webshell\php\w.php,592,5,1,0,0,0,0.2,script,0,1,0,0,0,0,0,0,0,0,0,5.759731588160531,5.759731588160531,0.9594594594594594,0.0,77,0,0,1,0,0,0,2,4,0,0,0,0,0.0,0
malware,webshell-123.php,data\raw\malware_webshell\tennc_webshell\php\webshell-123.php,63938,16,1,0,0,0,0.125,script,0,1,0,0,0,0,0,0,0,0,9,6.004778804435477,6.069969712088977,0.9997810378804467,0.0,85,1,0,1,0,0,0,1,1,0,0,0,0,0.0,0
malware,webshell-cnseay-x.php,data\raw\malware_webshell\tennc_webshell\php\webshell-cnseay-x.php,580,21,1,0,0,0,0.14285714285714285,script,0,1,0,0,0,0,0,0,0,0,0,4.5494683135550975,4.5494683135550975,0.9551724137931035,0.0,76,0,0,0,0,0,0,0,0,0,0,0,0,0.0,0
malware,webshell-cnseay02-1.php,data\raw\malware_webshell\tennc_webshell\php\webshell-cnseay02-1.php,376,23,1,0,0,0,0.13043478260869565,script,0,1,0,0,0,0,0,0,0,0,0,4.1964532466203455,4.1964532466203455,0.9680851063829787,0.0,34,0,0,0,0,0,0,0,0,0,0,0,0,0.0,0
malware,webshell-without-alphanumeric2.php,data\raw\malware_webshell\tennc_webshell\php\webshell-without-alphanumeric2.php,42,34,1,0,0,0,0.08823529411764706,script,0,1,0,0,0,0,0,0,0,0,0,3.946387519131128,3.946387519131128,0.9523809523809523,0.0,19,0,0,0,0,0,0,0,0,0,0,0,0,0.0,0
malware,webshell免杀-提升兼容性.html,data\raw\malware_webshell\tennc_webshell\php\webshell免杀-提升兼容性.html,1503910,21,0,0,0,0,0.09523809523809523,unknown,0,0,0,0,1,0,0,0,0,0,377,6.074572417638935,5.426010800110142,0.9967650989753376,0.0,167,49,2,20,7,0,0,20,27,0,0,0,0,0.0,0
malware,wloymzuk.php,data\raw\malware_webshell\tennc_webshell\php\wloymzuk.php,86954,12,1,0,0,0,0.08333333333333333,script,0,1,0,0,0,0,0,0,0,0,13,5.842261794501239,5.81432240461305,0.9458334291694459,0.0,85,0,0,1171,0,0,0,1172,1174,0,0,0,0,0.0,0
malware,wp_backup.php,data\raw\malware_webshell\tennc_webshell\php\wp_backup.php,66029,13,1,0,0,0,0.15384615384615385,script,0,1,0,0,0,0,0,0,0,0,8,6.0065397770833675,6.04367017442648,0.9999697102788169,0.0,78,0,0,3,0,3,0,5,8,0,0,0,0,0.0,0
malware,wpes-v0.2.php,data\raw\malware_webshell\tennc_webshell\php\wpes\wpes-v0.2.php,11315,13,1,0,0,0,0.23076923076923078,script,0,1,0,0,0,0,0,0,0,0,0,5.4910082999019,5.286364565100982,0.915687140963323,0.0,95,8,0,0,13,11,0,0,52,0,0,0,0,0.0,0
malware,idc.php,data\raw\malware_webshell\tennc_webshell\php\wsb\idc.php,194,7,1,0,0,0,0.14285714285714285,script,0,1,0,0,0,0,0,0,0,0,0,5.4236742491374335,5.4236742491374335,0.9278350515463918,0.0,50,0,0,0,0,1,0,0,4,0,0,0,0,0.0,0
malware,wsb.pl,data\raw\malware_webshell\tennc_webshell\php\wsb\wsb.pl,3920,6,1,0,0,0,0.16666666666666666,script,0,1,0,0,0,0,0,0,0,0,0,5.364368622676153,5.364368622676153,0.8931122448979592,0.0,86,0,0,0,11,1,0,0,12,0,0,0,0,0.0,0
malware,wso-4.1.3.php,data\raw\malware_webshell\tennc_webshell\php\wso\wso-4.1.3.php,79203,13,1,0,0,0,0.3076923076923077,script,0,1,0,0,0,0,0,0,0,0,0,5.658016203397015,5.799916756772443,0.9095362549398381,0.0,108,9,1,5,13,10,3,16,432,0,0,0,0,0.0,0
malware,wso-4.2.0.php,data\raw\malware_webshell\tennc_webshell\php\wso\wso-4.2.0.php,90235,13,1,0,0,0,0.3076923076923077,script,0,1,0,0,0,0,0,0,0,0,0,5.154698101283241,5.670706521445473,0.9609907463844406,0.0,108,10,1,5,13,10,3,16,431,0,0,0,0,0.0,0
malware,wso-4.2.1.php,data\raw\malware_webshell\tennc_webshell\php\wso\wso-4.2.1.php,79155,13,1,0,0,0,0.3076923076923077,script,0,1,0,0,0,0,0,0,0,0,0,5.659557119588379,5.810764733143939,0.9093929631735204,0.0,109,10,1,5,13,10,3,16,423,0,0,0,0,0.0,0
malware,wso-4.2.2.php,data\raw\malware_webshell\tennc_webshell\php\wso\wso-4.2.2.php,79143,13,1,0,0,0,0.3076923076923077,script,0,1,0,0,0,0,0,0,0,0,0,5.659629452386208,5.810790270518114,0.9094044956597551,0.0,109,10,1,5,13,10,3,16,423,0,0,0,0,0.0,0
malware,wso-4.2.3.php,data\raw\malware_webshell\tennc_webshell\php\wso\wso-4.2.3.php,79718,13,1,0,0,0,0.3076923076923077,script,0,1,0,0,0,0,0,0,0,0,0,5.660233855562774,5.810851720584287,0.9098823352316917,0.0,109,10,1,5,13,10,3,16,423,0,0,0,0,0.0,0
malware,wso-4.2.4.php,data\raw\malware_webshell\tennc_webshell\php\wso\wso-4.2.4.php,79867,13,1,0,0,0,0.3076923076923077,script,0,1,0,0,0,0,0,0,0,0,0,5.661830205465007,5.775003690962379,0.9099252507293375,0.0,109,9,1,5,13,10,3,16,426,0,0,0,0,0.0,0
malware,wso-4.2.5.php,data\raw\malware_webshell\tennc_webshell\php\wso\wso-4.2.5.php,81387,13,1,0,0,0,0.3076923076923077,script,0,1,0,0,0,0,0,0,0,0,0,5.665474178585933,5.791073998872357,0.9113986263162421,0.0,109,10,1,5,13,10,3,16,426,0,0,0,0,0.0,0
malware,wso-master.zip,data\raw\malware_webshell\tennc_webshell\php\wso\wso-master.zip,149102,14,1,0,0,0,0.14285714285714285,archive,0,0,0,1,0,1,1,0,0,0,8,7.997170612349734,7.921625698131185,0.37324113693981303,0.006116618154015372,256,0,0,0,0,0,0,0,0,7,0,4,0,3.6180735335542114,0
malware,wso.php,data\raw\malware_webshell\tennc_webshell\php\wso\wso.php,64526,7,1,0,0,0,0.14285714285714285,script,0,1,0,0,0,0,0,0,0,0,0,5.68859158330568,5.283045525531741,0.8960574032173078,0.0,100,10,1,4,13,9,3,7,270,0,0,0,0,0.0,0
malware,wso2.php,data\raw\malware_webshell\tennc_webshell\php\wso\wso2.php,67630,8,1,0,0,0,0.125,script,0,1,0,0,0,0,0,0,0,0,0,5.538542208107724,5.368389887941348,0.9086352210557445,0.0,97,4,1,2,13,10,3,3,346,0,0,0,0,0.0,0
malware,wso2_pack.php,data\raw\malware_webshell\tennc_webshell\php\wso\wso2_pack.php,24760,13,1,0,0,0,0.15384615384615385,script,0,1,0,0,0,0,0,0,0,0,4,6.026624770348903,6.080838754468508,0.9994345718901454,0.0,84,0,0,1,0,0,0,1,1,0,0,0,0,0.0,0
malware,wso_404.php,data\raw\malware_webshell\tennc_webshell\php\wso\wso_404.php,109582,11,1,0,0,0,0.18181818181818182,script,0,1,0,0,0,0,0,0,0,0,0,4.964926797149397,5.208377614966977,0.9632056359621106,0.0,96,7,1,3,13,11,3,5,324,0,0,0,0,0.0,0
malware,WSO_4_0_5.php,data\raw\malware_webshell\tennc_webshell\php\wso\WSO_4_0_5.php,70918,13,1,0,0,0,0.3076923076923077,script,0,1,0,0,0,0,0,0,0,0,0,5.686244652140377,5.691854368183509,0.901520065427677,0.0,100,12,1,4,13,9,3,7,302,0,0,0,0,0.0,0
malware,WSO_base64.php,data\raw\malware_webshell\tennc_webshell\php\wso\WSO_base64.php,84133,14,1,0,0,0,0.14285714285714285,script,0,1,0,0,0,0,0,0,0,0,0,5.756531836199104,5.741996303925959,0.9998811405750418,0.0,79,0,0,1,0,1,0,2,3,0,0,0,0,0.0,0
malware,wso-ng.php,data\raw\malware_webshell\tennc_webshell\php\wso-ng\wso-ng.php,87412,10,1,0,0,0,0.2,script,0,1,0,0,0,0,0,0,0,0,0,5.635746653643124,5.6717652335943,0.8712876950533107,0.0,102,19,7,3,12,12,4,7,353,0,0,0,0,0.0,0
malware,wsoExGently.php,data\raw\malware_webshell\tennc_webshell\php\wso-ng\wsoExGently.php,6763,15,1,0,0,0,0.06666666666666667,script,0,1,0,0,0,0,0,0,0,0,0,4.990341428747036,5.172185351359242,0.9399674700576667,0.0,90,2,0,0,4,0,0,0,4,0,0,0,0,0.0,0
malware,wso2.5.1.php,data\raw\malware_webshell\tennc_webshell\php\wso2.5.1.php,67647,12,1,0,0,0,0.25,script,0,1,0,0,0,0,0,0,0,0,0,5.548106266407704,5.3493398034419455,0.9086581814418969,0.0,97,4,1,2,13,10,3,3,348,0,0,0,0,0.0,0
malware,wso2.php.txt,data\raw\malware_webshell\tennc_webshell\php\wso2.php.txt,76842,12,2,1,0,0,0.16666666666666666,document,0,1,0,0,0,0,0,0,0,0,0,5.022829565143836,5.028779711178456,0.9606204940006767,0.0,96,4,1,2,13,10,3,3,345,0,0,0,0,0.0,0
malware,xd20.txt,data\raw\malware_webshell\tennc_webshell\php\xd20.txt,1312995,8,1,0,0,0,0.125,document,0,0,0,0,0,0,0,0,0,0,1,5.347890519598193,5.314691345820732,0.9999984767649535,0.0,75,0,0,1,0,1,0,2,3,0,0,0,0,0.0,0
malware,xd30.txt,data\raw\malware_webshell\tennc_webshell\php\xd30.txt,986639,8,1,0,0,0,0.125,document,0,0,0,0,0,0,0,0,0,0,29,5.436459593643882,5.3002090666319654,0.9999979729161325,0.0,76,0,0,1,0,1,0,2,3,0,0,0,0,0.0,0
malware,xiao.php.txt,data\raw\malware_webshell\tennc_webshell\php\xiao.php.txt,38241,12,2,1,0,0,0.16666666666666666,document,0,1,0,0,0,0,0,0,0,0,13,6.022938539477002,6.1049569025632895,0.998692502811119,0.0,109,0,0,1,0,1,0,2,3,0,0,0,0,0.0,0
malware,xiaom.php,data\raw\malware_webshell\tennc_webshell\php\xiaom.php,251,9,1,0,0,0,0.1111111111111111,script,0,1,0,0,0,0,0,0,0,0,0,3.507041202201851,3.507041202201851,0.9601593625498008,0.0,41,0,0,0,0,0,0,0,0,0,0,0,0,0.0,0
malware,xslt.php,data\raw\malware_webshell\tennc_webshell\php\xslt.php,554,8,1,0,0,0,0.125,script,0,1,0,0,0,0,0,0,0,0,0,5.389769599974719,5.389769599974719,0.9458483754512635,0.0,60,2,0,0,0,1,0,0,2,0,0,0,0,0.0,0
malware,xw.php,data\raw\malware_webshell\tennc_webshell\php\xw.php,28650,6,1,0,0,0,0.16666666666666666,script,0,1,0,0,0,0,0,0,0,0,0,5.962992325118188,5.616061256074808,0.8095287958115184,0.0,167,3,0,0,0,6,0,0,20,0,0,0,0,0.0,0
malware,yaps.php,data\raw\malware_webshell\tennc_webshell\php\YAPS\yaps.php,35931,8,1,0,0,0,0.125,script,0,1,0,0,0,0,0,0,0,0,0,5.5773818927488374,5.449490204967835,0.9146141215106732,0.0,97,6,9,2,10,23,2,5,75,0,0,0,0,0.0,0
malware,YXNzZXJ0YWE.php,data\raw\malware_webshell\tennc_webshell\php\YXNzZXJ0YWE.php,455,15,1,0,0,0,0.06666666666666667,script,0,1,0,0,0,0,0,0,0,0,0,5.148286716031482,5.148286716031482,0.8901098901098901,0.0,65,0,0,0,0,0,0,1,1,0,0,0,0,0.0,0
malware,yyihacker.php.txt,data\raw\malware_webshell\tennc_webshell\php\yyihacker.php.txt,127585,17,2,1,0,0,0.11764705882352941,document,0,1,0,0,0,0,0,0,0,0,13,6.444199998749405,6.112865301225909,0.8924638476309911,0.0,202,3,7,5,10,18,0,12,246,0,0,0,0,0.0,0
malware,zone_hackbar.php,data\raw\malware_webshell\tennc_webshell\php\zone_hackbar.php,246,16,1,0,0,0,0.125,script,0,1,0,0,0,0,0,0,0,0,0,4.858790581524343,4.858790581524343,0.975609756097561,0.0,55,0,0,0,0,1,0,0,1,0,0,0,0,0.0,0
malware,zone_hackbar_beutify.php,data\raw\malware_webshell\tennc_webshell\php\zone_hackbar_beutify.php,299,24,1,0,0,0,0.125,script,0,1,0,0,0,0,0,0,0,0,0,4.754766552210882,4.754766552210882,0.9464882943143813,0.0,55,0,0,0,0,1,0,0,1,0,0,0,0,0.0,0
malware,zone_hackbar_other.php,data\raw\malware_webshell\tennc_webshell\php\zone_hackbar_other.php,87,22,1,0,0,0,0.13636363636363635,script,0,1,0,0,0,0,0,0,0,0,0,4.95272808789764,4.95272808789764,0.8620689655172413,0.0,41,0,0,0,0,1,0,1,3,0,0,0,0,0.0,0
malware,zw.php,data\raw\malware_webshell\tennc_webshell\php\zw.php,680,6,1,0,0,0,0.16666666666666666,script,0,1,0,0,0,0,0,0,0,0,0,5.308796490834351,5.308796490834351,0.9705882352941176,0.0,67,0,0,0,0,0,0,0,0,0,0,0,0,0.0,0
malware,.v.php,data\raw\malware_webshell\tennc_webshell\php\zxc\.v.php,85738,6,1,0,0,0,0.3333333333333333,script,0,1,0,0,0,0,0,0,0,0,0,5.679350821811444,5.824601839884041,0.9160348970118267,0.0,112,8,1,5,13,10,3,16,422,0,0,0,0,0.0,0
malware,bypass403.php,data\raw\malware_webshell\tennc_webshell\php\zxc\bypass403.php,13145,13,1,0,0,0,0.07692307692307693,script,0,1,0,0,0,0,0,0,0,0,0,5.609455835055746,5.652914962023914,0.9647014073792316,0.0,93,1,0,0,0,1,0,1,43,0,0,0,0,0.0,0
malware,kyo.php,data\raw\malware_webshell\tennc_webshell\php\zxc\kyo.php,12079,7,1,0,0,0,0.14285714285714285,script,0,1,0,0,0,0,0,0,0,0,0,5.376158806877609,6.114811938709721,0.5421806440930541,0.0,130,0,0,1,0,1,0,1,2,0,0,0,0,0.0,0
malware,shell.php,data\raw\malware_webshell\tennc_webshell\php\zxc\shell.php,113131,9,1,0,0,0,0.1111111111111111,script,0,1,0,0,0,0,0,0,0,0,0,5.913791107805602,5.406805786188616,0.9414307307457725,0.0,100,0,1,46,25,13,0,55,301,0,0,0,0,0.0,0
malware,一个过安全狗的pHp一句话.php,data\raw\malware_webshell\tennc_webshell\php\一个过安全狗的pHp一句话.php,187,17,1,0,0,0,0.058823529411764705,script,0,1,0,0,0,0,0,0,0,0,0,4.831131412140745,4.831131412140745,0.6684491978609626,0.0,65,0,0,0,0,0,0,0,1,0,0,0,0,0.0,0
malware,一句话2015-06-10-01.php,data\raw\malware_webshell\tennc_webshell\php\一句话2015-06-10-01.php,55,20,1,0,0,0,0.2,script,0,1,0,0,0,0,0,0,0,0,0,5.172091077082349,5.172091077082349,0.9636363636363636,0.0,39,0,0,0,0,0,0,1,2,0,0,0,0,0.0,0
malware,一句话2015-06-10-02.php,data\raw\malware_webshell\tennc_webshell\php\一句话2015-06-10-02.php,69,20,1,0,0,0,0.2,script,0,1,0,0,0,0,0,0,0,0,0,4.802162638119941,4.802162638119941,0.9710144927536232,0.0,33,0,0,0,0,1,0,0,2,0,0,0,0,0.0,0
malware,一句话2015-06-10-03.php,data\raw\malware_webshell\tennc_webshell\php\一句话2015-06-10-03.php,190,20,1,0,0,0,0.2,script,0,1,0,0,0,0,0,0,0,0,0,5.679239412042697,5.679239412042697,0.9894736842105263,0.0,65,0,0,1,0,1,0,2,3,0,0,0,0,0.0,0
malware,一句话木马的精简史.md,data\raw\malware_webshell\tennc_webshell\php\一句话木马的精简史.md,4236,12,0,0,0,0,0.08333333333333333,unknown,0,0,0,0,1,0,0,0,0,0,1,6.718193407081699,6.721600458648136,0.47592067988668557,0.0,162,10,0,6,0,0,0,6,31,0,0,0,0,0.0,0
malware,不带引号的pHp一句话.php,data\raw\malware_webshell\tennc_webshell\php\不带引号的pHp一句话.php,156,15,1,0,0,0,0.06666666666666667,script,0,1,0,0,0,0,0,0,0,0,0,5.630440056987316,5.630440056987316,0.23076923076923078,0.0,70,0,0,0,0,1,0,0,2,0,0,0,0,0.0,0
malware,另类PHP一句话小马.md,data\raw\malware_webshell\tennc_webshell\php\另类PHP一句话小马.md,815,13,0,0,0,0,0.07692307692307693,unknown,0,0,0,0,1,0,0,0,0,0,0,6.2960515676791555,6.2960515676791555,0.48466257668711654,0.0,123,2,0,0,0,0,0,0,1,0,0,0,0,0.0,0
malware,"国外某论坛不含Get,Post的pHp一句话.php","data\raw\malware_webshell\tennc_webshell\php\国外某论坛不含Get,Post的pHp一句话.php",47,26,1,0,0,0,0.07692307692307693,script,0,1,0,0,0,0,0,0,0,0,0,4.825553479199118,4.825553479199118,1.0,0.0,32,0,0,0,0,1,0,1,2,0,0,0,0,0.0,0
malware,极其隐蔽的pHp小马穿插在正常页面中.php,data\raw\malware_webshell\tennc_webshell\php\极其隐蔽的pHp小马穿插在正常页面中.php,509,22,1,0,0,0,0.045454545454545456,script,0,1,0,0,0,0,0,0,0,0,0,5.485511279022895,5.485511279022895,0.9489194499017681,0.0,79,1,0,0,0,0,0,0,6,0,0,0,0,0.0,0
malware,某变异pHp一句话木马.php,data\raw\malware_webshell\tennc_webshell\php\某变异pHp一句话木马.php,295,15,1,0,0,0,0.06666666666666667,script,0,1,0,0,0,0,0,0,0,0,0,6.146128026060437,6.146128026060437,0.6406779661016949,0.0,92,1,0,0,0,0,0,0,4,0,0,0,0,0.0,0
malware,牛X的pHp一句话.php,data\raw\malware_webshell\tennc_webshell\php\牛X的pHp一句话.php,95,13,1,0,0,0,0.07692307692307693,script,0,1,0,0,0,0,0,0,0,0,0,5.337659292268193,5.337659292268193,0.9789473684210527,0.0,46,0,0,0,0,1,0,0,3,0,0,0,0,0.0,0
malware,过各大杀软的pHp一句话.php,data\raw\malware_webshell\tennc_webshell\php\过各大杀软的pHp一句话.php,495,16,1,0,0,0,0.0625,script,0,1,0,0,0,0,0,0,0,0,0,4.95243045519524,4.95243045519524,0.8484848484848485,0.0,72,0,0,0,0,0,0,0,0,0,0,0,0,0.0,0
malware,非常规的pHp一句话木马.php,data\raw\malware_webshell\tennc_webshell\php\非常规的pHp一句话木马.php,428,16,1,0,0,0,0.0625,script,0,1,0,0,0,0,0,0,0,0,0,6.329506137093527,6.329506137093527,0.6051401869158879,0.0,116,0,0,0,0,0,0,0,4,0,0,0,0,0.0,0
malware,exim.pl,data\raw\malware_webshell\tennc_webshell\pl\exim.pl,175,7,1,0,0,0,0.14285714285714285,script,0,1,0,0,0,0,0,0,0,0,0,4.745465161421414,4.745465161421414,0.8742857142857143,0.0,42,0,0,0,0,1,0,0,1,0,0,0,0,0.0,0
malware,hmass (priv8 mass defacor).pl,data\raw\malware_webshell\tennc_webshell\pl\hmass (priv8 mass defacor).pl,3251,29,1,0,0,0,0.20689655172413793,script,0,1,0,0,0,0,0,0,0,0,0,5.296526842310412,5.296526842310412,0.9212549984620116,0.0,80,0,0,0,0,6,0,0,6,0,0,0,0,0.0,0
malware,inc.pl,data\raw\malware_webshell\tennc_webshell\pl\inc.pl,4714,6,1,0,0,0,0.16666666666666666,script,0,1,0,0,0,0,0,0,0,0,0,5.161215142024664,5.1691936670655885,0.927874416631311,0.0,78,0,0,0,0,0,0,0,0,0,0,0,0,0.0,0
malware,ka0tic.pl,data\raw\malware_webshell\tennc_webshell\pl\ka0tic.pl,4856,9,1,0,0,0,0.1111111111111111,script,0,1,0,0,0,0,0,0,0,0,0,5.297303699170498,5.239735782410649,0.8799423393739704,0.0,87,0,0,0,0,1,0,0,1,0,0,0,0,0.0,0
malware,lurm_safemod_on.cgi.pl,data\raw\malware_webshell\tennc_webshell\pl\lurm_safemod_on.cgi.pl,2649,22,2,1,0,0,0.18181818181818182,script,0,1,0,0,0,0,0,0,0,0,0,5.292019104337552,5.292019104337552,0.9297848244620611,0.0,86,0,0,0,6,0,0,0,6,0,0,0,0,0.0,0
malware,perlweb_shell.pl,data\raw\malware_webshell\tennc_webshell\pl\perlweb_shell.pl,1575,16,1,0,0,0,0.125,script,0,1,0,0,0,0,0,0,0,0,0,5.336196591081959,5.336196591081959,0.9098412698412699,0.0,82,1,0,0,0,0,0,0,0,0,0,0,0,0.0,0
malware,AUTHORS,data\raw\malware_webshell\tennc_webshell\pl\perlwebshell-0.1\AUTHORS,180,7,0,0,0,0,0.0,unknown,0,0,0,0,1,0,0,0,0,0,0,4.792511906224182,4.792511906224182,0.9555555555555556,0.0,39,1,0,0,0,0,0,0,0,0,0,0,0,0.0,0
malware,ChangeLog,data\raw\malware_webshell\tennc_webshell\pl\perlwebshell-0.1\ChangeLog,123,9,0,0,0,0,0.0,unknown,0,0,0,0,1,0,0,0,0,0,0,4.717205925705643,4.717205925705643,0.9024390243902439,0.0,39,0,0,0,0,0,0,0,0,0,0,0,0,0.0,0
malware,COPYING,data\raw\malware_webshell\tennc_webshell\pl\perlwebshell-0.1\COPYING,18324,7,0,0,0,0,0.0,unknown,0,0,0,0,1,0,0,0,0,0,0,4.737435674014456,4.622475128251728,0.962180746561886,0.0,77,0,0,0,0,0,0,0,0,0,0,0,0,0.0,0
malware,INSTALL,data\raw\malware_webshell\tennc_webshell\pl\perlwebshell-0.1\INSTALL,899,7,0,0,0,0,0.0,unknown,0,0,0,0,1,0,0,0,0,0,0,4.895164453388362,4.895164453388362,0.9354838709677419,0.0,62,1,0,0,0,0,0,0,0,0,0,0,0,0.0,0
malware,perlwebshell.cgi,data\raw\malware_webshell\tennc_webshell\pl\perlwebshell-0.1\perlwebshell.cgi,4404,16,1,0,0,0,0.0625,script,0,1,0,0,0,0,0,0,0,0,0,5.38654084969008,5.385456911826375,0.9321071752951862,0.0,90,10,0,0,0,0,0,0,0,0,0,0,0,0.0,0
malware,README,data\raw\malware_webshell\tennc_webshell\pl\perlwebshell-0.1\README,2151,6,0,0,0,0,0.0,unknown,0,0,0,0,1,0,0,0,0,0,0,4.828436850175454,4.828436850175454,0.9535099953509996,0.0,65,2,0,0,0,0,0,0,0,0,0,0,0,0.0,0
malware,pps-v1.0.pl,data\raw\malware_webshell\tennc_webshell\pl\pps-pl\pps-v1.0.pl,46915,11,1,0,0,0,0.2727272727272727,script,0,1,0,0,0,0,0,0,0,0,0,5.4767648338779376,5.615013246866403,0.9924544388788235,0.0,99,0,0,0,1,4,6,0,11,0,0,0,0,0.0,0
malware,pps-v3.0.pl,data\raw\malware_webshell\tennc_webshell\pl\pps-pl\pps-v3.0.pl,50972,11,1,0,0,0,0.2727272727272727,script,0,1,0,0,0,0,0,0,0,0,0,5.5404429471385255,5.674172628416803,0.9968414031232834,0.0,100,0,0,1,1,4,6,1,12,0,0,0,0,0.0,0
malware,pps-v3.5.pl,data\raw\malware_webshell\tennc_webshell\pl\pps-pl\pps-v3.5.pl,52130,11,1,0,0,0,0.2727272727272727,script,0,1,0,0,0,0,0,0,0,0,0,5.587002861195553,5.711277667277002,0.9969307500479571,0.0,99,0,0,1,1,4,6,1,12,0,0,0,0,0.0,0
malware,pps-v4.0.pl,data\raw\malware_webshell\tennc_webshell\pl\pps-pl\pps-v4.0.pl,57304,11,1,0,0,0,0.2727272727272727,script,0,1,0,0,0,0,0,0,0,0,0,5.596436596424515,5.700560014323258,0.997138070640793,0.0,97,0,0,2,1,4,6,8,19,0,0,0,0,0.0,0
malware,rcpexp.pl,data\raw\malware_webshell\tennc_webshell\pl\rcpexp.pl,840,9,1,0,0,0,0.1111111111111111,script,0,1,0,0,0,0,0,0,0,0,0,5.2287811169557905,5.2287811169557905,0.9261904761904762,0.0,66,0,0,0,0,0,0,0,0,0,0,0,0,0.0,0
malware,remot shell.pl,data\raw\malware_webshell\tennc_webshell\pl\remot shell.pl,1652,14,1,0,0,0,0.14285714285714285,script,0,1,0,0,0,0,0,0,0,0,0,5.382527866544633,5.382527866544633,0.8426150121065376,0.0,73,1,1,0,0,4,1,0,5,0,0,0,0,0.0,0
malware,Silic Group_cgi.pl,data\raw\malware_webshell\tennc_webshell\pl\Silic Group_cgi.pl,10571,18,1,0,0,0,0.16666666666666666,script,0,1,0,0,0,0,0,0,0,0,0,5.794047077886078,5.998215821214576,0.9150506101598713,0.0,139,1,0,0,0,0,0,0,0,0,0,0,0,0.0,0
malware,Silic Group_readme.txt,data\raw\malware_webshell\tennc_webshell\pl\Silic Group_readme.txt,513,22,1,0,0,0,0.13636363636363635,document,0,0,0,0,0,0,0,0,0,0,0,5.991518078050133,5.991518078050133,0.36062378167641324,0.0,115,0,0,0,0,0,0,0,0,0,0,0,0,0.0,0
malware,telnet.cgi.pl,data\raw\malware_webshell\tennc_webshell\pl\telnet.cgi.pl,27538,13,2,1,0,0,0.15384615384615385,script,0,1,0,0,0,0,0,0,0,0,0,4.679924595993057,4.387978600130177,0.9493427264144092,0.0,95,7,0,0,0,0,0,0,0,0,0,0,0,0.0,0
malware,telnet.pl,data\raw\malware_webshell\tennc_webshell\pl\telnet.pl,23856,9,1,0,0,0,0.1111111111111111,script,0,1,0,0,0,0,0,0,0,0,0,5.1292795867509104,4.824668889953022,0.9186787391012743,0.0,96,8,0,0,0,0,0,0,0,0,0,0,0,0.0,0
malware,WebShell.cgi.pl,data\raw\malware_webshell\tennc_webshell\pl\WebShell.cgi.pl,26429,15,2,1,0,0,0.13333333333333333,script,0,1,0,0,0,0,0,0,0,0,0,4.804189631682658,5.097168874991297,0.9342389042339854,0.0,94,4,0,0,0,0,0,0,0,0,0,0,0,0.0,0
malware,cgi-python.py,data\raw\malware_webshell\tennc_webshell\py\cgi-python.py,3881,13,1,0,0,0,0.15384615384615385,script,0,1,0,0,0,0,0,0,0,0,0,5.011402420570625,5.011402420570625,0.9360989435712446,0.0,77,0,0,0,3,0,0,0,3,0,0,0,0,0.0,0
malware,d00r_py3.py,data\raw\malware_webshell\tennc_webshell\py\d00r_py3.py,3418,11,1,0,0,0,0.18181818181818182,script,0,1,0,0,0,0,0,0,0,0,0,4.44661351396369,4.44661351396369,0.9057928613224108,0.0,77,0,0,0,8,1,1,0,10,0,0,0,0,0.0,0
malware,darkBC.py.txt,data\raw\malware_webshell\tennc_webshell\py\darkBC.py.txt,1154,13,2,1,0,0,0.15384615384615385,document,0,1,0,0,0,0,0,0,0,0,0,4.980183891117361,4.980183891117361,0.9341421143847487,0.0,74,0,0,0,0,0,1,0,1,0,0,0,0,0.0,0
malware,Phyton Shell.py,data\raw\malware_webshell\tennc_webshell\py\Phyton Shell.py,2454,15,1,0,0,0,0.13333333333333333,script,0,1,0,0,0,0,0,0,0,0,0,5.204060576265835,5.204060576265835,0.8052159739201304,0.0,78,0,0,0,8,1,1,0,10,0,0,0,0,0.0,0
malware,python flask 内存马.md,data\raw\malware_webshell\tennc_webshell\py\python flask 内存马.md,651,19,0,0,0,0,0.15789473684210525,unknown,0,0,0,0,1,0,0,0,0,0,0,5.556282436258127,5.556282436258127,0.8433179723502304,0.0,82,5,2,0,1,1,0,0,3,0,0,0,0,0.0,0
malware,sctp_reverse.py.txt,data\raw\malware_webshell\tennc_webshell\py\sctp_reverse.py.txt,946,19,2,1,0,0,0.15789473684210525,document,0,1,0,0,0,0,0,0,0,0,0,5.059439262456987,5.059439262456987,0.9238900634249472,0.0,67,0,1,0,0,0,1,0,1,0,0,0,0,0.0,0
malware,smtpd.py,data\raw\malware_webshell\tennc_webshell\py\smtpd.py,18557,8,1,0,0,0,0.125,script,0,1,0,0,0,0,0,0,0,0,0,4.5379265029412235,4.844720438658842,0.9408309532790861,0.0,86,0,0,0,0,0,1,0,1,0,0,0,0,0.0,0
malware,xshock-0.1.tar.gz,data\raw\malware_webshell\tennc_webshell\py\xshock-0.1.tar.gz,3025,17,1,0,0,0,0.23529411764705882,archive,0,0,0,1,0,1,1,0,0,0,1,7.931743428389745,5.8125,0.37454545454545457,0.005289256198347108,256,0,0,0,0,0,0,0,0,0,0,0,0,0.0,0
malware,readme.md,data\raw\malware_webshell\tennc_webshell\rec\readme.md,2458,9,0,0,0,0,0.1111111111111111,unknown,0,0,0,0,1,0,0,0,0,0,0,5.336673916183049,5.336673916183049,0.935313262815297,0.0,87,0,10,0,0,3,2,0,5,0,0,0,0,0.0,0
malware,decrypt.php,data\raw\malware_webshell\tennc_webshell\upsi1on\webshell\sungux\decrypt.php,28382,11,1,0,0,0,0.09090909090909091,script,0,1,0,0,0,0,0,0,0,0,0,4.689060394356451,4.490327597671637,0.9473610034528926,0.0,88,0,0,0,0,0,0,1,58,0,0,0,0,0.0,0
malware,encrypt.php,data\raw\malware_webshell\tennc_webshell\upsi1on\webshell\sungux\encrypt.php,5780,11,1,0,0,0,0.09090909090909091,script,0,1,0,0,0,0,0,0,0,0,1,6.043415950624534,6.024254591653305,0.998961937716263,0.0,78,0,0,3,0,1,0,5,6,0,0,0,0,0.0,0
malware,3fexe.txt,data\raw\malware_webshell\tennc_webshell\web-malware-collection-13-06-2012\ASP\3fexe.txt,57402,9,1,0,0,0,0.1111111111111111,document,0,0,0,0,0,0,0,0,0,0,0,5.412096392273129,5.221888847360356,0.9083132991881816,0.0,96,1,0,0,7,21,0,0,128,0,0,0,0,0.0,0
malware,aspSH.v1.txt,data\raw\malware_webshell\tennc_webshell\web-malware-collection-13-06-2012\ASP\aspSH.v1.txt,28144,12,1,0,0,0,0.16666666666666666,document,0,0,0,0,0,0,0,0,0,0,0,5.362697520312712,5.16822872750046,0.8628482092097783,0.0,96,0,0,1,21,2,0,1,26,0,0,0,0,0.0,0
malware,aspxSH.txt,data\raw\malware_webshell\tennc_webshell\web-malware-collection-13-06-2012\ASP\aspxSH.txt,73147,10,1,0,0,0,0.1,document,0,0,0,0,0,0,0,0,0,0,2,5.658886120904952,5.638067353973801,0.9292110407808932,0.0,95,10,9,0,11,0,3,0,16,0,0,0,0,0.0,0
malware,aspxshell.aspx.txt,data\raw\malware_webshell\tennc_webshell\web-malware-collection-13-06-2012\ASP\aspxshell.aspx.txt,5271,18,2,1,0,0,0.1111111111111111,document,0,1,0,0,0,0,0,0,0,0,0,5.4686914567536515,5.496970105245719,0.870043634983874,0.0,89,2,0,0,2,0,0,0,10,0,0,0,0,0.0,0
malware,ASpy.txt,data\raw\malware_webshell\tennc_webshell\web-malware-collection-13-06-2012\ASP\ASpy.txt,35254,8,1,0,0,0,0.125,document,0,0,0,0,0,0,0,0,0,0,0,5.531317164383919,5.150589387402969,0.9290009644295683,0.0,93,0,0,0,11,9,0,0,84,0,0,0,0,0.0,0
malware,aspydrv.asp,data\raw\malware_webshell\tennc_webshell\web-malware-collection-13-06-2012\ASP\aspydrv.asp,35284,11,1,0,0,0,0.09090909090909091,script,0,1,0,0,0,0,0,0,0,0,0,5.531225902574508,5.153331933447808,0.9290046479990931,0.0,93,0,0,0,11,9,0,0,84,0,0,0,0,0.0,0
malware,aspydrv.txt,data\raw\malware_webshell\tennc_webshell\web-malware-collection-13-06-2012\ASP\aspydrv.txt,35665,11,1,0,0,0,0.09090909090909091,document,0,0,0,0,0,0,0,0,0,0,0,5.552578453890561,5.150589387402969,0.9297069956540025,0.0,92,0,0,0,11,9,0,0,84,0,0,0,0,0.0,0
malware,cmd.asp,data\raw\malware_webshell\tennc_webshell\web-malware-collection-13-06-2012\ASP\cmd.asp,1521,7,1,0,0,0,0.14285714285714285,script,0,1,0,0,0,0,0,0,0,0,0,5.213441962580128,5.213441962580128,0.9303090072320842,0.0,72,0,0,0,3,3,0,0,7,0,0,0,0,0.0,0
malware,cmd.aspx,data\raw\malware_webshell\tennc_webshell\web-malware-collection-13-06-2012\ASP\cmd.aspx,1583,8,1,0,0,0,0.125,script,0,1,0,0,0,0,0,1,0,0,0,4.8661312577087354,4.8661312577087354,0.9545167403663929,0.0,64,0,0,0,1,0,0,0,1,0,0,0,0,0.0,0
malware,cmdexec.aspx,data\raw\malware_webshell\tennc_webshell\web-malware-collection-13-06-2012\ASP\cmdexec.aspx,2623,12,1,0,0,0,0.08333333333333333,script,0,1,0,0,0,0,0,1,0,0,0,4.911661584444376,4.911661584444376,0.938238658025162,0.0,75,3,0,0,1,0,0,0,1,0,0,0,0,0.0,0
malware,EFSO.txt,data\raw\malware_webshell\tennc_webshell\web-malware-collection-13-06-2012\ASP\EFSO.txt,154542,8,1,0,0,0,0.125,document,0,0,0,0,0,0,0,0,0,0,0,5.5126079812683715,5.485887785507057,0.942863428711936,0.0,121,6,0,1,17,32,0,1,118,0,0,0,0,0.0,0
malware,ELMALISEKER Backd00r.asp,data\raw\malware_webshell\tennc_webshell\web-malware-collection-13-06-2012\ASP\ELMALISEKER Backd00r.asp,39482,24,1,0,0,0,0.08333333333333333,script,0,1,0,0,0,0,0,0,0,0,0,5.348727528221674,5.196298200332101,0.9490653968897219,0.0,90,0,0,0,6,3,0,0,66,0,0,0,0,0.0,0
malware,elmaliseker.asp,data\raw\malware_webshell\tennc_webshell\web-malware-collection-13-06-2012\ASP\elmaliseker.asp,65962,15,1,0,0,0,0.06666666666666667,script,0,1,0,0,0,0,0,0,0,0,0,5.3874719802447375,5.304195144008011,0.9295655074133592,0.0,95,1,0,1,24,13,0,1,103,0,0,0,0,0.0,0
malware,filesystembrowser.aspx,data\raw\malware_webshell\tennc_webshell\web-malware-collection-13-06-2012\ASP\filesystembrowser.aspx,6359,22,1,0,0,0,0.045454545454545456,script,0,1,0,0,0,0,0,1,0,0,0,4.4006079109367935,4.289484182460853,0.9405566913036641,0.0,80,2,0,0,0,0,0,0,7,0,0,0,0,0.0,0
malware,fileupload.aspx,data\raw\malware_webshell\tennc_webshell\web-malware-collection-13-06-2012\ASP\fileupload.aspx,3154,15,1,0,0,0,0.06666666666666667,script,0,1,0,0,0,0,0,1,0,0,0,4.666361269663152,4.666361269663152,0.937856689917565,0.0,78,2,0,0,0,0,0,0,4,0,0,0,0,0.0,0
malware,list.asp,data\raw\malware_webshell\tennc_webshell\web-malware-collection-13-06-2012\ASP\list.asp,1451,8,1,0,0,0,0.125,script,0,1,0,0,0,0,0,0,0,0,0,5.28897937074584,5.28897937074584,0.8807718814610613,0.0,74,0,0,0,0,1,0,0,3,0,0,0,0,0.0,0
malware,ntdaddy.asp,data\raw\malware_webshell\tennc_webshell\web-malware-collection-13-06-2012\ASP\ntdaddy.asp,42801,11,1,0,0,0,0.09090909090909091,script,0,1,0,0,0,0,0,0,0,0,0,5.2151161837471065,5.0323629652026645,0.9525011097871545,0.0,93,0,0,0,6,3,0,0,66,0,0,0,0,0.0,0
malware,NTDaddy.v1.9.txt,data\raw\malware_webshell\tennc_webshell\web-malware-collection-13-06-2012\ASP\NTDaddy.v1.9.txt,39868,16,1,0,0,0,0.1875,document,0,0,0,0,0,0,0,0,0,0,0,5.3572785423388805,5.2387695930720195,0.9490568877295074,0.0,93,0,0,0,6,3,0,0,66,0,0,0,0,0.0,0
malware,RemExp.asp,data\raw\malware_webshell\tennc_webshell\web-malware-collection-13-06-2012\ASP\RemExp.asp,7695,10,1,0,0,0,0.1,script,0,1,0,0,0,0,0,0,0,0,0,5.380348509864139,5.40727886082505,0.9348927875243664,0.0,89,0,0,0,0,1,0,0,7,0,0,0,0,0.0,0
malware,RHTools.v1.5-BETA.txt,data\raw\malware_webshell\tennc_webshell\web-malware-collection-13-06-2012\ASP\RHTools.v1.5-BETA.txt,46361,21,1,0,0,0,0.19047619047619047,document,0,0,0,0,0,0,0,0,0,0,0,5.573085543301415,5.22826214674852,0.9114557494445763,0.0,100,3,0,1,6,12,0,1,83,0,0,0,0,0.0,0
malware,Server Variables.asp,data\raw\malware_webshell\tennc_webshell\web-malware-collection-13-06-2012\ASP\Server Variables.asp,856,20,1,0,0,0,0.1,script,0,1,0,0,0,0,0,0,0,0,0,5.094362454933384,5.094362454933384,0.9369158878504673,0.0,63,0,0,0,0,0,0,0,0,0,0,0,0,0.0,0
malware,spexec.aspx,data\raw\malware_webshell\tennc_webshell\web-malware-collection-13-06-2012\ASP\spexec.aspx,14079,11,1,0,0,0,0.09090909090909091,script,0,1,0,0,0,0,0,1,0,0,0,4.416346826351417,4.425929765720133,0.9515590595923006,0.0,83,2,0,0,0,0,0,0,0,0,0,0,0,0.0,0
malware,sql.aspx,data\raw\malware_webshell\tennc_webshell\web-malware-collection-13-06-2012\ASP\sql.aspx,2910,8,1,0,0,0,0.125,script,0,1,0,0,0,0,0,1,0,0,0,4.728302739233505,4.728302739233505,0.9353951890034364,0.0,80,2,0,0,0,0,0,0,0,0,0,0,0,0.0,0
malware,tool.asp,data\raw\malware_webshell\tennc_webshell\web-malware-collection-13-06-2012\ASP\tool.asp,46359,8,1,0,0,0,0.125,script,0,1,0,0,0,0,0,0,0,0,0,5.573072641299291,5.22826214674852,0.911495071075735,0.0,100,3,0,1,6,12,0,1,83,0,0,0,0,0.0,0
malware,toolaspshell.txt,data\raw\malware_webshell\tennc_webshell\web-malware-collection-13-06-2012\ASP\toolaspshell.txt,46795,16,1,0,0,0,0.0625,document,0,0,0,0,0,0,0,0,0,0,0,5.583889058039735,5.22826214674852,0.9122769526658832,0.0,100,3,0,1,6,12,0,1,83,0,0,0,0,0.0,0
malware,up.asp,data\raw\malware_webshell\tennc_webshell\web-malware-collection-13-06-2012\ASP\up.asp,4604,6,1,0,0,0,0.16666666666666666,script,0,1,0,0,0,0,0,0,0,0,0,4.913928194968356,4.800900377882491,0.9400521285838401,0.0,77,0,0,0,0,2,0,0,3,0,0,0,0,0.0,0
malware,zehir.asp,data\raw\malware_webshell\tennc_webshell\web-malware-collection-13-06-2012\ASP\zehir.asp,45960,9,1,0,0,0,0.1111111111111111,script,0,1,0,0,0,0,0,0,0,0,0,5.40584675235947,5.282870361237119,0.9023716275021758,0.0,108,2,0,0,0,8,0,0,31,0,0,0,0,0.0,0
malware,zehir.txt,data\raw\malware_webshell\tennc_webshell\web-malware-collection-13-06-2012\ASP\zehir.txt,51405,9,1,0,0,0,0.1111111111111111,document,0,0,0,0,0,0,0,0,0,0,0,4.979273171394534,4.893012110247283,0.9511526116136563,0.0,109,1,0,0,0,8,0,0,31,0,0,0,0,0.0,0
malware,zehir4.asp,data\raw\malware_webshell\tennc_webshell\web-malware-collection-13-06-2012\ASP\zehir4.asp,51405,10,1,0,0,0,0.1,script,0,1,0,0,0,0,0,0,0,0,0,4.979273171394534,4.893012110247283,0.9511526116136563,0.0,109,1,0,0,0,8,0,0,31,0,0,0,0,0.0,0
malware,zehir4.txt,data\raw\malware_webshell\tennc_webshell\web-malware-collection-13-06-2012\ASP\zehir4.txt,46321,10,1,0,0,0,0.1,document,0,0,0,0,0,0,0,0,0,0,0,5.425751830670045,5.2825065155599855,0.9028734267394918,0.0,108,1,0,0,0,8,0,0,31,0,0,0,0,0.0,0
malware,browser.jsp,data\raw\malware_webshell\tennc_webshell\web-malware-collection-13-06-2012\JSP\browser.jsp,69911,11,1,0,0,0,0.09090909090909091,script,0,1,0,0,0,0,0,0,0,0,0,5.17613604891118,5.182999463778185,0.8735249102430233,0.0,95,2,0,0,6,1,0,0,63,0,0,0,0,0.0,0
malware,cmd.jsp,data\raw\malware_webshell\tennc_webshell\web-malware-collection-13-06-2012\JSP\cmd.jsp,864,7,1,0,0,0,0.14285714285714285,script,0,1,0,0,0,0,0,0,0,0,0,5.127800888595501,5.127800888595501,0.9189814814814815,0.0,74,0,0,0,5,1,0,0,9,0,0,0,0,0.0,0
malware,cmd_win32.jsp,data\raw\malware_webshell\tennc_webshell\web-malware-collection-13-06-2012\JSP\cmd_win32.jsp,853,13,1,0,0,0,0.15384615384615385,script,0,1,0,0,0,0,0,0,0,0,0,5.254089732171272,5.254089732171272,0.9296600234466589,0.0,74,0,0,0,6,1,0,0,10,0,0,0,0,0.0,0
malware,jspbd.jsp,data\raw\malware_webshell\tennc_webshell\web-malware-collection-13-06-2012\JSP\jspbd.jsp,2446,9,1,0,0,0,0.1111111111111111,script,0,1,0,0,0,0,0,0,0,0,0,4.12045530422736,4.12045530422736,0.92886345053148,0.0,67,0,0,0,1,1,0,0,4,0,0,0,0,0.0,0
malware,jspShell.jsp,data\raw\malware_webshell\tennc_webshell\web-malware-collection-13-06-2012\JSP\jspShell.jsp,13602,12,1,0,0,0,0.08333333333333333,script,0,1,0,0,0,0,0,0,0,0,0,4.345027766693865,4.275620984981064,0.9480223496544625,0.0,89,1,0,0,13,2,0,0,19,0,0,0,0,0.0,0
malware,JspWebshell 1.2.jsp,data\raw\malware_webshell\tennc_webshell\web-malware-collection-13-06-2012\JSP\JspWebshell 1.2.jsp,26862,19,1,0,0,0,0.15789473684210525,script,0,1,0,0,0,0,0,0,0,0,0,5.398712398764891,5.419102178618442,0.8962474871565781,0.0,173,0,0,0,6,1,0,0,31,0,0,0,0,0.0,0
malware,list.jsp,data\raw\malware_webshell\tennc_webshell\web-malware-collection-13-06-2012\JSP\list.jsp,1946,8,1,0,0,0,0.125,script,0,1,0,0,0,0,0,0,0,0,0,5.39084350854543,5.39084350854543,0.8663926002055499,0.0,83,0,0,0,0,0,0,0,2,0,0,0,0,0.0,0
malware,up.jsp,data\raw\malware_webshell\tennc_webshell\web-malware-collection-13-06-2012\JSP\up.jsp,3735,6,1,0,0,0,0.16666666666666666,script,0,1,0,0,0,0,0,0,0,0,0,5.308083737784256,5.308083737784256,0.8904953145917002,0.0,86,0,0,0,0,0,0,0,1,0,0,0,0,0.0,0
malware,up_win32.jsp,data\raw\malware_webshell\tennc_webshell\web-malware-collection-13-06-2012\JSP\up_win32.jsp,3735,12,1,0,0,0,0.16666666666666666,script,0,1,0,0,0,0,0,0,0,0,0,5.312742262987124,5.312742262987124,0.8904953145917002,0.0,86,0,0,0,0,0,0,0,1,0,0,0,0,0.0,0
malware,cmd.c,data\raw\malware_webshell\tennc_webshell\web-malware-collection-13-06-2012\Other\cmd.c,1448,5,0,0,0,0,0.2,unknown,0,0,0,0,1,0,0,0,0,0,0,5.0388239935023345,5.0388239935023345,0.8977900552486188,0.0,75,0,0,0,11,0,0,0,11,0,0,0,0,0.0,0
malware,cmd.cfm,data\raw\malware_webshell\tennc_webshell\web-malware-collection-13-06-2012\Other\cmd.cfm,807,7,0,0,0,0,0.14285714285714285,unknown,0,0,0,0,1,0,0,0,0,0,0,4.865000756521949,4.865000756521949,0.9231722428748451,0.0,48,0,0,0,4,0,0,0,4,0,0,0,0,0.0,0
malware,150.php,data\raw\malware_webshell\tennc_webshell\web-malware-collection-13-06-2012\PHP\150.php,65654,7,1,0,0,0,0.14285714285714285,script,0,1,0,0,0,0,0,0,0,0,15,6.002741907366283,6.01091398537973,0.9999390745422975,0.0,77,0,0,1,0,1,0,3,4,0,0,0,0,0.0,0
malware,27.9.txt,data\raw\malware_webshell\tennc_webshell\web-malware-collection-13-06-2012\PHP\27.9.txt,134351,8,1,0,0,0,0.25,document,0,0,0,0,0,0,0,0,0,0,0,5.436037560559937,5.344684982229482,0.9543881325780976,0.0,98,8,5,0,38,16,0,7,140,0,0,0,0,0.0,0
malware,2mv2.txt,data\raw\malware_webshell\tennc_webshell\web-malware-collection-13-06-2012\PHP\2mv2.txt,64638,8,1,0,0,0,0.125,document,0,0,0,0,0,0,0,0,0,0,0,6.120153050149608,5.5819707320621825,0.955382282867663,0.0,95,2,1,551,6,15,0,556,622,0,0,0,0,0.0,0
malware,404.php,data\raw\malware_webshell\tennc_webshell\web-malware-collection-13-06-2012\PHP\404.php,74291,7,1,0,0,0,0.14285714285714285,script,0,1,0,0,0,0,0,0,0,0,0,5.065926882667864,4.987332561437132,0.9599682330295729,0.0,96,7,1,4,13,9,3,7,267,0,0,0,0,0.0,0
malware,404.txt,data\raw\malware_webshell\tennc_webshell\web-malware-collection-13-06-2012\PHP\404.txt,74395,7,1,0,0,0,0.14285714285714285,document,0,0,0,0,0,0,0,0,0,0,0,5.0681779014647095,4.9699913046585795,0.9619329255998387,0.0,96,7,1,4,13,9,3,7,267,0,0,0,0,0.0,0
malware,a.php,data\raw\malware_webshell\tennc_webshell\web-malware-collection-13-06-2012\PHP\a.php,5298,5,1,0,0,0,0.2,script,0,1,0,0,0,0,0,0,0,0,0,5.159081006201296,5.1604675169600265,0.947527368818422,0.0,88,2,0,0,0,2,0,0,2,0,0,0,0,0.0,0
malware,accept_language.txt,data\raw\malware_webshell\tennc_webshell\web-malware-collection-13-06-2012\PHP\accept_language.txt,77,19,1,0,0,0,0.10526315789473684,document,0,0,0,0,0,0,0,0,0,0,0,5.237121443095627,5.237121443095627,0.974025974025974,0.0,43,0,0,0,0,1,0,0,1,0,0,0,0,0.0,0
malware,acid.php,data\raw\malware_webshell\tennc_webshell\web-malware-collection-13-06-2012\PHP\acid.php,188697,8,1,0,0,0,0.125,script,0,1,0,0,0,0,0,0,0,0,21,5.654688671980353,5.141980600248303,0.9651451798385772,0.0,97,10,0,221,55,27,0,231,368,0,0,0,0,0.0,0
malware,Ajax_PHP Command Shell.txt,data\raw\malware_webshell\tennc_webshell\web-malware-collection-13-06-2012\PHP\Ajax_PHP Command Shell.txt,18181,26,1,0,0,0,0.15384615384615385,document,0,0,0,0,0,0,0,0,0,0,0,5.3820516887296135,5.383875393019363,0.8721192453660415,0.0,94,3,0,0,19,5,0,0,37,0,0,0,0,0.0,0
malware,Ajax_PHP Command Shell.txt.1,data\raw\malware_webshell\tennc_webshell\web-malware-collection-13-06-2012\PHP\Ajax_PHP Command Shell.txt.1,18181,28,1,0,0,0,0.17857142857142858,document,0,0,0,0,0,0,0,0,0,0,0,5.3820516887296135,5.383875393019363,0.8721192453660415,0.0,94,3,0,0,19,5,0,0,37,0,0,0,0,0.0,0
malware,Ani-Shell.php,data\raw\malware_webshell\tennc_webshell\web-malware-collection-13-06-2012\PHP\Ani-Shell.php,89557,13,1,0,0,0,0.15384615384615385,script,0,1,0,0,0,0,0,0,0,0,0,5.422204334530866,5.219541853373267,0.9429078687316458,0.0,95,5,7,273,57,8,0,277,510,0,0,0,0,0.0,0
malware,Antichat Shell v1.3.php,data\raw\malware_webshell\tennc_webshell\web-malware-collection-13-06-2012\PHP\Antichat Shell v1.3.php,9178,23,1,0,0,0,0.17391304347826086,script,0,1,0,0,0,0,0,0,0,0,0,5.641081972058615,5.744650477824696,0.9592503813466986,0.0,93,1,0,0,3,1,0,0,25,0,0,0,0,0.0,0
malware,Antichat Shell v1.3.txt,data\raw\malware_webshell\tennc_webshell\web-malware-collection-13-06-2012\PHP\Antichat Shell v1.3.txt,9178,23,1,0,0,0,0.17391304347826086,document,0,0,0,0,0,0,0,0,0,0,0,5.641081972058615,5.744650477824696,0.9592503813466986,0.0,93,1,0,0,3,1,0,0,25,0,0,0,0,0.0,0
malware,antichat.php,data\raw\malware_webshell\tennc_webshell\web-malware-collection-13-06-2012\PHP\antichat.php,32664,12,1,0,0,0,0.08333333333333333,script,0,1,0,0,0,0,0,0,0,0,0,5.658302281294255,5.473419699318047,0.9229426891991183,0.0,165,1,0,0,12,6,0,0,112,0,0,0,0,0.0,0
malware,AntiSecShell.v0.5.txt,data\raw\malware_webshell\tennc_webshell\web-malware-collection-13-06-2012\PHP\AntiSecShell.v0.5.txt,193686,21,1,0,0,0,0.14285714285714285,document,0,0,0,0,0,0,0,0,0,0,22,5.771473236139593,5.4788790577169015,0.9671168798983922,0.0,98,10,0,220,41,15,0,229,335,0,0,0,0,0.0,0
malware,arabicspy.php,data\raw\malware_webshell\tennc_webshell\web-malware-collection-13-06-2012\PHP\arabicspy.php,45379,13,1,0,0,0,0.07692307692307693,script,0,1,0,0,0,0,0,0,0,0,0,5.632232666626235,5.63613461868107,0.8901694616452545,0.0,130,2,0,0,1,9,0,0,148,0,0,0,0,0.0,0
malware,Ayyildiz Tim  -AYT- Shell v 2.1 Biz.txt,data\raw\malware_webshell\tennc_webshell\web-malware-collection-13-06-2012\PHP\Ayyildiz Tim  -AYT- Shell v 2.1 Biz.txt,10144,39,1,0,0,0,0.28205128205128205,document,0,0,0,0,0,0,0,0,0,0,0,5.536058333211356,5.637280735052864,0.9354298107255521,0.0,95,2,0,0,0,2,0,0,2,0,0,0,0,0.0,0
malware,aZRaiLPhp v1.0.php,data\raw\malware_webshell\tennc_webshell\web-malware-collection-13-06-2012\PHP\aZRaiLPhp v1.0.php,10705,18,1,0,0,0,0.16666666666666666,script,0,1,0,0,0,0,0,0,0,0,0,5.3797502269548785,5.270044379180893,0.9396543671181691,0.0,98,1,0,0,0,0,0,0,1,0,0,0,0,0.0,0
malware,aZRaiLPhp v1.0.txt,data\raw\malware_webshell\tennc_webshell\web-malware-collection-13-06-2012\PHP\aZRaiLPhp v1.0.txt,10705,18,1,0,0,0,0.16666666666666666,document,0,0,0,0,0,0,0,0,0,0,0,5.3797502269548785,5.270044379180893,0.9396543671181691,0.0,98,1,0,0,0,0,0,0,1,0,0,0,0,0.0,0
malware,b37.php,data\raw\malware_webshell\tennc_webshell\web-malware-collection-13-06-2012\PHP\b37.php,31362,7,1,0,0,0,0.14285714285714285,script,0,1,0,0,0,0,0,0,0,0,10,6.063229948257307,6.0898920470111655,0.983100567565844,0.0,82,1,0,254,0,1,0,256,257,0,0,0,0,0.0,0
malware,b374k.v1.txt,data\raw\malware_webshell\tennc_webshell\web-malware-collection-13-06-2012\PHP\b374k.v1.txt,21413,12,1,0,0,0,0.16666666666666666,document,0,0,0,0,0,0,0,0,0,0,7,6.241720311492724,5.535213954232838,0.9593237752767011,0.0,96,0,0,186,0,1,0,188,201,0,0,0,0,0.0,0
malware,Backdoor.PHP.Agent.php,data\raw\malware_webshell\tennc_webshell\web-malware-collection-13-06-2012\PHP\Backdoor.PHP.Agent.php,105790,22,2,1,0,0,0.13636363636363635,script,0,1,0,0,0,0,0,0,0,0,0,5.8362867447196365,5.744730241586268,0.956697230362038,0.0,97,3,4,114,102,8,3,118,637,0,0,0,0,0.0,0
malware,backupsql.txt,data\raw\malware_webshell\tennc_webshell\web-malware-collection-13-06-2012\PHP\backupsql.txt,6500,13,1,0,0,0,0.07692307692307693,document,0,0,0,0,0,0,0,0,0,0,0,5.338040834809269,5.115653065637877,0.948,0.0,87,0,0,0,0,2,0,0,10,0,0,0,0,0.0,0
malware,bdotw44shell.txt,data\raw\malware_webshell\tennc_webshell\web-malware-collection-13-06-2012\PHP\bdotw44shell.txt,3317,16,1,0,0,0,0.0625,document,0,0,0,0,0,0,0,0,0,0,0,5.301804078065158,5.301804078065158,0.8468495628580042,0.0,83,0,0,0,13,9,0,0,24,0,0,0,0,0.0,0
malware,bug (1).php,data\raw\malware_webshell\tennc_webshell\web-malware-collection-13-06-2012\PHP\bug (1).php,34,11,1,0,0,0,0.36363636363636365,script,0,1,0,0,0,0,0,0,0,0,0,4.73452166477975,4.73452166477975,0.8823529411764706,0.0,28,0,0,0,0,0,0,0,1,0,0,0,0,0.0,0
malware,bug.php,data\raw\malware_webshell\tennc_webshell\web-malware-collection-13-06-2012\PHP\bug.php,34,7,1,0,0,0,0.14285714285714285,script,0,1,0,0,0,0,0,0,0,0,0,4.73452166477975,4.73452166477975,0.8823529411764706,0.0,28,0,0,0,0,0,0,0,1,0,0,0,0,0.0,0
malware,bypass.txt,data\raw\malware_webshell\tennc_webshell\web-malware-collection-13-06-2012\PHP\bypass.txt,110373,10,1,0,0,0,0.1,document,0,0,0,0,0,0,0,0,0,0,25,6.043912093721565,6.073255551866772,0.9979614579652633,0.0,90,1,0,1,0,1,0,3,4,0,0,0,0,0.0,0
malware,c100 v. 777shell v. Undetectable #18a Modded by 777 - Don.php,data\raw\malware_webshell\tennc_webshell\web-malware-collection-13-06-2012\PHP\c100 v. 777shell v. Undetectable #18a Modded by 777 - Don.php,165084,61,1,0,0,0,0.2459016393442623,script,0,1,0,0,0,0,0,0,0,0,21,5.640717014365845,5.400531763839859,0.9616316541881709,0.0,96,5,1,219,36,7,0,225,287,0,0,0,0,0.0,0
malware,c100.txt,data\raw\malware_webshell\tennc_webshell\web-malware-collection-13-06-2012\PHP\c100.txt,167633,8,1,0,0,0,0.125,document,0,0,0,0,0,0,0,0,0,0,21,5.666256647213362,5.355944191822424,0.9621852499209583,0.0,99,9,1,221,36,8,0,228,291,0,0,0,0,0.0,0
malware,c37.php,data\raw\malware_webshell\tennc_webshell\web-malware-collection-13-06-2012\PHP\c37.php,177014,7,1,0,0,0,0.14285714285714285,script,0,1,0,0,0,0,0,0,0,0,5,5.848424221381028,6.158301220808088,0.918526218265222,0.0,96,48,1,31,3,49,0,46,766,0,0,0,0,0.0,0
malware,c66.php,data\raw\malware_webshell\tennc_webshell\web-malware-collection-13-06-2012\PHP\c66.php,134243,7,1,0,0,0,0.14285714285714285,script,0,1,0,0,0,0,0,0,0,0,0,5.419978818827797,5.358944495938866,0.9604746616210901,0.0,98,6,1,0,27,6,0,5,53,0,0,0,0,0.0,0
malware,c99-bd.txt,data\raw\malware_webshell\tennc_webshell\web-malware-collection-13-06-2012\PHP\c99-bd.txt,174323,10,1,0,0,0,0.2,document,0,0,0,0,0,0,0,0,0,0,21,5.7264315738999585,5.38658996291912,0.9606534995382136,0.0,102,11,1,219,36,7,0,225,287,0,0,0,0,0.0,0
malware,c99-shadows-mod.php,data\raw\malware_webshell\tennc_webshell\web-malware-collection-13-06-2012\PHP\c99-shadows-mod.php,163252,19,1,0,0,0,0.15789473684210525,script,0,1,0,0,0,0,0,0,0,0,21,5.647059142764631,5.384169149814711,0.9623220542474211,0.0,97,11,1,219,35,7,0,225,282,0,0,0,0,0.0,0
malware,c99.php,data\raw\malware_webshell\tennc_webshell\web-malware-collection-13-06-2012\PHP\c99.php,153441,7,1,0,0,0,0.14285714285714285,script,0,1,0,0,0,0,0,0,0,0,21,5.718087685279313,5.432308017079516,0.9619919056836178,0.0,99,5,1,268,28,7,0,277,323,0,0,0,0,0.0,0
malware,c99.txt,data\raw\malware_webshell\tennc_webshell\web-malware-collection-13-06-2012\PHP\c99.txt,165164,7,1,0,0,0,0.14285714285714285,document,0,0,0,0,0,0,0,0,0,0,21,5.645611361268931,5.378388896976546,0.9615049284347679,0.0,100,9,1,219,36,7,0,225,287,0,0,0,0,0.0,0
malware,c993.txt,data\raw\malware_webshell\tennc_webshell\web-malware-collection-13-06-2012\PHP\c993.txt,153571,8,1,0,0,0,0.125,document,0,0,0,0,0,0,0,0,0,0,21,5.714751668021913,5.520150996168807,0.9621933828652545,0.0,99,5,1,268,28,7,0,277,323,0,0,0,0,0.0,0
malware,c99_2.txt,data\raw\malware_webshell\tennc_webshell\web-malware-collection-13-06-2012\PHP\c99_2.txt,163746,9,1,0,0,0,0.2222222222222222,document,0,0,0,0,0,0,0,0,0,0,21,5.727632593877293,4.847693752820098,0.9471376400034199,0.0,137,11,1,219,27,7,1,225,275,0,0,0,0,0.0,0
malware,c99_locus7s.txt,data\raw\malware_webshell\tennc_webshell\web-malware-collection-13-06-2012\PHP\c99_locus7s.txt,232697,15,1,0,0,0,0.13333333333333333,document,0,0,0,0,0,0,0,0,0,0,29,5.894294971133067,4.964944734045585,0.9691100443924933,0.0,97,22,1,229,52,24,0,238,399,0,0,0,0,0.0,0
malware,c99_madnet.txt,data\raw\malware_webshell\tennc_webshell\web-malware-collection-13-06-2012\PHP\c99_madnet.txt,44358,14,1,0,0,0,0.14285714285714285,document,0,0,0,0,0,0,0,0,0,0,7,6.011551462489927,6.0510900740219915,0.9996843861310248,0.0,78,0,0,1,0,1,0,3,4,0,0,0,0,0.0,0
malware,c99_PSych0.php,data\raw\malware_webshell\tennc_webshell\web-malware-collection-13-06-2012\PHP\c99_PSych0.php,167398,14,1,0,0,0,0.14285714285714285,script,0,1,0,0,0,0,0,0,0,0,21,5.615549180850861,5.354212252759322,0.9607402716878338,0.0,98,10,1,225,40,12,0,232,317,0,0,0,0,0.0,0
malware,c99_w4cking.txt,data\raw\malware_webshell\tennc_webshell\web-malware-collection-13-06-2012\PHP\c99_w4cking.txt,145893,15,1,0,0,0,0.13333333333333333,document,0,0,0,0,0,0,0,0,0,0,0,5.473815653718358,5.343707707806196,0.960429904107805,0.0,97,6,5,2,38,16,0,9,139,0,0,0,0,0.0,0
malware,c99madshell.php,data\raw\malware_webshell\tennc_webshell\web-malware-collection-13-06-2012\PHP\c99madshell.php,44348,15,1,0,0,0,0.06666666666666667,script,0,1,0,0,0,0,0,0,0,0,7,6.011250177702666,6.051158375938139,0.999729412825832,0.0,78,0,0,1,0,1,0,3,4,0,0,0,0,0.0,0
malware,c99shell.php,data\raw\malware_webshell\tennc_webshell\web-malware-collection-13-06-2012\PHP\c99shell.php,162242,12,1,0,0,0,0.08333333333333333,script,0,1,0,0,0,0,0,0,0,0,21,5.670449310925792,4.350842396264447,0.9616375537776901,0.0,100,11,1,219,27,7,1,225,276,0,0,0,0,0.0,0
malware,c99ud.txt,data\raw\malware_webshell\tennc_webshell\web-malware-collection-13-06-2012\PHP\c99ud.txt,146412,9,1,0,0,0,0.1111111111111111,document,0,0,0,0,0,0,0,0,0,0,34,6.001037653332983,6.004319015190361,1.0,0.0,73,0,0,1,0,1,0,4,5,0,0,0,0,0.0,0
malware,c99unlimited.txt,data\raw\malware_webshell\tennc_webshell\web-malware-collection-13-06-2012\PHP\c99unlimited.txt,231227,16,1,0,0,0,0.0625,document,0,0,0,0,0,0,0,0,0,0,29,5.941214054166389,5.067487058799283,0.9690520570694598,0.0,97,21,1,231,52,25,0,241,403,0,0,0,0,0.0,0
malware,c99v2.php,data\raw\malware_webshell\tennc_webshell\web-malware-collection-13-06-2012\PHP\c99v2.php,153441,9,1,0,0,0,0.1111111111111111,script,0,1,0,0,0,0,0,0,0,0,21,5.718087685279313,5.432308017079516,0.9619919056836178,0.0,99,5,1,268,28,7,0,277,323,0,0,0,0,0.0,0
malware,cbfphpsh.txt,data\raw\malware_webshell\tennc_webshell\web-malware-collection-13-06-2012\PHP\cbfphpsh.txt,97921,12,1,0,0,0,0.08333333333333333,document,0,0,0,0,0,0,0,0,0,0,0,5.651794332553109,5.6048807825000235,0.9682703403764259,0.0,97,22,1,1,14,8,0,1,373,0,0,0,0,0.0,0
malware,cihshell_fix.php,data\raw\malware_webshell\tennc_webshell\web-malware-collection-13-06-2012\PHP\cihshell_fix.php,47118,16,1,0,0,0,0.125,script,0,1,0,0,0,0,0,0,0,0,0,5.496190593183259,5.219899269108714,0.9760176577953223,0.0,94,0,0,0,14,8,0,0,176,0,0,0,0,0.0,0
malware,cmd.php,data\raw\malware_webshell\tennc_webshell\web-malware-collection-13-06-2012\PHP\cmd.php,345,7,1,0,0,0,0.14285714285714285,script,0,1,0,0,0,0,0,0,0,0,0,5.437364527097642,5.437364527097642,0.855072463768116,0.0,66,0,0,0,4,1,0,0,7,0,0,0,0,0.0,0
malware,cmd.txt,data\raw\malware_webshell\tennc_webshell\web-malware-collection-13-06-2012\PHP\cmd.txt,70,7,1,0,0,0,0.14285714285714285,document,0,0,0,0,0,0,0,0,0,0,0,4.972229896092237,4.972229896092237,1.0,0.0,37,0,0,0,1,1,0,0,3,0,0,0,0,0.0,0
malware,co.php,data\raw\malware_webshell\tennc_webshell\web-malware-collection-13-06-2012\PHP\co.php,63065,6,1,0,0,0,0.16666666666666666,script,0,1,0,0,0,0,0,0,0,0,12,6.038575122735023,6.038123342872538,0.9523666058828193,0.0,76,0,0,0,0,1,0,2,3,0,0,0,0,0.0,0
malware,connect-back.php.txt,data\raw\malware_webshell\tennc_webshell\web-malware-collection-13-06-2012\PHP\connect-back.php.txt,1460,20,2,1,0,0,0.15,document,0,1,0,0,0,0,0,0,0,0,0,4.628733684571525,4.628733684571525,0.9246575342465754,0.0,74,0,0,0,0,4,0,0,6,0,0,0,0,0.0,0
malware,cpanel.txt,data\raw\malware_webshell\tennc_webshell\web-malware-collection-13-06-2012\PHP\cpanel.txt,9801,10,1,0,0,0,0.1,document,0,0,0,0,0,0,0,0,0,0,0,5.821764576259594,5.863728626616679,0.9634731149882665,0.0,93,3,0,2,0,1,0,3,16,0,0,0,0,0.0,0
malware,cpg_143_incl_xpl.php,data\raw\malware_webshell\tennc_webshell\web-malware-collection-13-06-2012\PHP\cpg_143_incl_xpl.php,18077,20,1,0,0,0,0.2,script,0,1,0,0,0,0,0,0,0,0,0,5.082471619899994,4.707514698253312,0.9534767937157714,0.0,90,5,0,0,9,1,0,0,18,0,0,0,0,0.0,0
malware,Crystal.txt,data\raw\malware_webshell\tennc_webshell\web-malware-collection-13-06-2012\PHP\Crystal.txt,57262,11,1,0,0,0,0.09090909090909091,document,0,0,0,0,0,0,0,0,0,0,0,5.52216886726045,5.4105209822013824,0.9395061297195347,0.0,137,7,0,0,23,10,0,0,79,0,0,0,0,0.0,0
malware,CrystalShell v.1.txt,data\raw\malware_webshell\tennc_webshell\web-malware-collection-13-06-2012\PHP\CrystalShell v.1.txt,41610,20,1,0,0,0,0.15,document,0,0,0,0,0,0,0,0,0,0,0,5.574191644557375,5.497076847330221,0.9367219418409036,0.0,133,2,0,0,23,10,0,0,79,0,0,0,0,0.0,0
malware,ctt_sh.txt,data\raw\malware_webshell\tennc_webshell\web-malware-collection-13-06-2012\PHP\ctt_sh.txt,133320,10,1,0,0,0,0.2,document,0,0,0,0,0,0,0,0,0,0,26,5.966385528014339,5.173660344676719,0.945919591959196,0.0,150,2,0,537,12,5,0,541,570,0,0,0,0,0.0,0
malware,Cyber Shell (v 1.0).php,data\raw\malware_webshell\tennc_webshell\web-malware-collection-13-06-2012\PHP\Cyber Shell (v 1.0).php,35738,23,1,0,0,0,0.30434782608695654,script,0,1,0,0,0,0,0,0,0,0,0,5.971954356103217,5.954961615708422,0.9118585259387767,0.0,140,2,0,4,5,7,0,5,52,0,0,0,0,0.0,0
malware,cybershell.txt,data\raw\malware_webshell\tennc_webshell\web-malware-collection-13-06-2012\PHP\cybershell.txt,36185,14,1,0,0,0,0.07142857142857142,document,0,0,0,0,0,0,0,0,0,0,0,5.981884676667568,5.95464771297016,0.9129473538759154,0.0,140,2,0,4,5,7,0,5,60,0,0,0,0,0.0,0
malware,dC3 Security Crew Shell PRiV.txt,data\raw\malware_webshell\tennc_webshell\web-malware-collection-13-06-2012\PHP\dC3 Security Crew Shell PRiV.txt,44666,32,1,0,0,0,0.15625,document,0,0,0,0,0,0,0,0,0,0,1,5.859624938443138,5.357702465879641,0.9430439260287466,0.0,94,1,0,160,0,11,0,164,272,0,0,0,0,0.0,0
malware,dC3.Security.Crew.Shell.priv8.txt,data\raw\malware_webshell\tennc_webshell\web-malware-collection-13-06-2012\PHP\dC3.Security.Crew.Shell.priv8.txt,44666,33,1,0,0,0,0.15151515151515152,document,0,0,0,0,0,0,0,0,0,0,1,5.859624938443138,5.357702465879641,0.9430439260287466,0.0,94,1,0,160,0,11,0,164,272,0,0,0,0,0.0,0
malware,Dive Shell 1.0 - Emperor Hacking Team.php,data\raw\malware_webshell\tennc_webshell\web-malware-collection-13-06-2012\PHP\Dive Shell 1.0 - Emperor Hacking Team.php,5698,41,1,0,0,0,0.21951219512195122,script,0,1,0,0,0,0,0,0,0,0,0,5.335098403783533,5.177436711789282,0.9347139347139347,0.0,88,0,0,0,0,1,0,0,18,0,0,0,0,0.0,0
malware,Dive Shell 1.0 - Emperor Hacking Team.txt,data\raw\malware_webshell\tennc_webshell\web-malware-collection-13-06-2012\PHP\Dive Shell 1.0 - Emperor Hacking Team.txt,5698,41,1,0,0,0,0.21951219512195122,document,0,0,0,0,0,0,0,0,0,0,0,5.335098403783533,5.177436711789282,0.9347139347139347,0.0,88,0,0,0,0,1,0,0,18,0,0,0,0,0.0,0
malware,DTool Pro.txt,data\raw\malware_webshell\tennc_webshell\web-malware-collection-13-06-2012\PHP\DTool Pro.txt,14642,13,1,0,0,0,0.15384615384615385,document,0,0,0,0,0,0,0,0,0,0,0,5.480736655595598,5.40007456481288,0.9684469334790329,0.0,90,3,0,0,47,12,0,0,64,0,0,0,0,0.0,0
malware,Dx.txt,data\raw\malware_webshell\tennc_webshell\web-malware-collection-13-06-2012\PHP\Dx.txt,113632,6,1,0,0,0,0.16666666666666666,document,0,0,0,0,0,0,0,0,0,0,1,5.9280594617173925,5.682748115185665,0.9389080540692762,0.0,99,9,1,12,18,7,0,16,558,0,0,0,0,0.0,0
malware,DxShell.1.0.txt,data\raw\malware_webshell\tennc_webshell\web-malware-collection-13-06-2012\PHP\DxShell.1.0.txt,113557,15,1,0,0,0,0.2,document,0,0,0,0,0,0,0,0,0,0,1,5.92536151798053,5.680565032519155,0.9373618535184973,0.0,99,8,1,12,18,7,0,16,550,0,0,0,0,0.0,0
malware,egy.txt,data\raw\malware_webshell\tennc_webshell\web-malware-collection-13-06-2012\PHP\egy.txt,318222,7,1,0,0,0,0.14285714285714285,document,0,0,0,0,0,0,0,0,0,0,0,6.019767600004948,5.5318571346571,0.9502642809108107,0.0,136,12,4,128,253,28,6,133,1249,0,0,0,0,0.0,0
malware,erne.txt,data\raw\malware_webshell\tennc_webshell\web-malware-collection-13-06-2012\PHP\erne.txt,45014,8,1,0,0,0,0.125,document,0,0,0,0,0,0,0,0,0,0,0,5.394995203592538,5.761643710169037,0.9003865464077843,0.0,110,0,0,1,7,10,0,1,78,0,0,0,0,0.0,0
malware,ex0shell.txt,data\raw\malware_webshell\tennc_webshell\web-malware-collection-13-06-2012\PHP\ex0shell.txt,42487,12,1,0,0,0,0.08333333333333333,document,0,0,0,0,0,0,0,0,0,0,0,5.615658121460156,5.612655151948744,0.9715207004495493,0.0,98,3,0,2,18,17,1,4,188,0,0,0,0,0.0,0
malware,FaTaLisTiCz_Fx.txt,data\raw\malware_webshell\tennc_webshell\web-malware-collection-13-06-2012\PHP\FaTaLisTiCz_Fx.txt,163992,18,1,0,0,0,0.1111111111111111,document,0,0,0,0,0,0,0,0,0,0,21,5.5587033837166455,5.658816537762862,0.9621079077028147,0.0,97,10,2,217,44,14,0,225,301,0,0,0,0,0.0,0
malware,fx.txt,data\raw\malware_webshell\tennc_webshell\web-malware-collection-13-06-2012\PHP\fx.txt,171760,6,1,0,0,0,0.16666666666666666,document,0,0,0,0,0,0,0,0,0,0,21,5.634663171699801,5.419648870128176,0.9607766651141127,0.0,100,10,2,216,44,14,0,224,300,0,0,0,0,0.0,0
malware,Fx29Sh.3.2.12.08.txt,data\raw\malware_webshell\tennc_webshell\web-malware-collection-13-06-2012\PHP\Fx29Sh.3.2.12.08.txt,165618,20,1,0,0,0,0.25,document,0,0,0,0,0,0,0,0,0,0,5,5.33567993901129,5.1464849916013256,0.915401707543866,0.0,97,9,2,109,41,14,0,117,191,0,0,0,0,0.0,0
malware,g00nshell-v1.3.txt,data\raw\malware_webshell\tennc_webshell\web-malware-collection-13-06-2012\PHP\g00nshell-v1.3.txt,29760,18,1,0,0,0,0.16666666666666666,document,0,0,0,0,0,0,0,0,0,0,6,5.847125179682099,5.444917983695498,0.9509408602150538,0.0,94,14,3,41,21,7,0,42,166,0,0,0,0,0.0,0
malware,g00nv13.php,data\raw\malware_webshell\tennc_webshell\web-malware-collection-13-06-2012\PHP\g00nv13.php,32530,11,1,0,0,0,0.09090909090909091,script,0,1,0,0,0,0,0,0,0,0,6,5.627996545780166,4.844659196080751,0.9551798339993852,0.0,94,14,3,42,21,7,0,43,167,0,0,0,0,0.0,0
malware,G5.php,data\raw\malware_webshell\tennc_webshell\web-malware-collection-13-06-2012\PHP\G5.php,87220,6,1,0,0,0,0.16666666666666666,script,0,1,0,0,0,0,0,0,0,0,0,5.715621096046745,5.433284805505835,0.962955744095391,0.0,99,13,1,3,2,6,0,14,275,0,0,0,0,0.0,0
malware,GFS web-shell ver 3.1.7 - PRiV8.txt,data\raw\malware_webshell\tennc_webshell\web-malware-collection-13-06-2012\PHP\GFS web-shell ver 3.1.7 - PRiV8.txt,25446,35,1,0,0,0,0.2857142857142857,document,0,0,0,0,0,0,0,0,0,0,1,6.039922524876996,6.1201233300080755,0.9454531164033639,0.0,126,0,0,72,0,5,0,72,103,0,0,0,0,0.0,0
malware,gfs_sh.txt,data\raw\malware_webshell\tennc_webshell\web-malware-collection-13-06-2012\PHP\gfs_sh.txt,66123,10,1,0,0,0,0.2,document,0,0,0,0,0,0,0,0,0,0,1,5.827840143728476,6.1201233300080755,0.9463575457858839,0.0,137,1,0,74,6,6,0,80,255,0,0,0,0,0.0,0
malware,GNY.Shell.v1.1.txt,data\raw\malware_webshell\tennc_webshell\web-malware-collection-13-06-2012\PHP\GNY.Shell.v1.1.txt,591118,18,1,0,0,0,0.2222222222222222,document,0,0,0,0,0,0,0,0,0,0,34,5.817159996448255,3.878443395038974,0.9753399490457066,0.0,98,13,2,3311,43,27,0,3320,3518,0,0,0,0,0.0,0
malware,h4ntu shell [powered by tsoi].php,data\raw\malware_webshell\tennc_webshell\web-malware-collection-13-06-2012\PHP\h4ntu shell [powered by tsoi].php,2553,33,1,0,0,0,0.21212121212121213,script,0,1,0,0,0,0,0,0,0,0,0,5.516694694335208,5.516694694335208,0.9388954171562868,0.0,81,0,0,0,6,2,0,0,11,0,0,0,0,0.0,0
malware,h4ntu shell [powered by tsoi].txt,data\raw\malware_webshell\tennc_webshell\web-malware-collection-13-06-2012\PHP\h4ntu shell [powered by tsoi].txt,2553,33,1,0,0,0,0.21212121212121213,document,0,0,0,0,0,0,0,0,0,0,0,5.516694694335208,5.516694694335208,0.9388954171562868,0.0,81,0,0,0,6,2,0,0,11,0,0,0,0,0.0,0
malware,hkrkoz.php,data\raw\malware_webshell\tennc_webshell\web-malware-collection-13-06-2012\PHP\hkrkoz.php,46437,10,1,0,0,0,0.1,script,0,1,0,0,0,0,0,0,0,0,0,5.490251208759931,5.8064173037639435,0.8809139263949006,0.0,143,2,0,1,7,10,0,1,81,0,0,0,0,0.0,0
malware,iMHaPFtp.txt,data\raw\malware_webshell\tennc_webshell\web-malware-collection-13-06-2012\PHP\iMHaPFtp.txt,55800,12,1,0,0,0,0.08333333333333333,document,0,0,0,0,0,0,0,0,0,0,0,5.466934156678943,5.364144148635298,0.8930286738351254,0.0,113,6,0,6,0,1,0,12,79,0,0,0,0,0.0,0
malware,ironshell.txt,data\raw\malware_webshell\tennc_webshell\web-malware-collection-13-06-2012\PHP\ironshell.txt,18958,13,1,0,0,0,0.07692307692307693,document,0,0,0,0,0,0,0,0,0,0,0,4.619233012744381,5.153246831778784,0.9379681400991666,0.0,91,3,0,0,3,5,0,0,77,0,0,0,0,0.0,0
malware,isko.txt,data\raw\malware_webshell\tennc_webshell\web-malware-collection-13-06-2012\PHP\isko.txt,112002,8,1,0,0,0,0.125,document,0,0,0,0,0,0,0,0,0,0,22,6.00563244026057,6.0023618462272434,1.0,0.0,77,0,0,1,0,1,0,3,4,0,0,0,0,0.0,0
malware,iskorpitx.txt,data\raw\malware_webshell\tennc_webshell\web-malware-collection-13-06-2012\PHP\iskorpitx.txt,112002,13,1,0,0,0,0.07692307692307693,document,0,0,0,0,0,0,0,0,0,0,22,6.00563244026057,6.0023618462272434,1.0,0.0,77,0,0,1,0,1,0,3,4,0,0,0,0,0.0,0
malware,itsecteam.v2.1.txt,data\raw\malware_webshell\tennc_webshell\web-malware-collection-13-06-2012\PHP\itsecteam.v2.1.txt,66403,18,1,0,0,0,0.16666666666666666,document,0,0,0,0,0,0,0,0,0,0,0,5.719217866306417,6.044969578055824,0.9594897820881587,0.0,96,6,0,29,4,9,0,35,303,0,0,0,0,0.0,0
malware,itsecteam_shell.php,data\raw\malware_webshell\tennc_webshell\web-malware-collection-13-06-2012\PHP\itsecteam_shell.php,66403,19,1,0,0,0,0.10526315789473684,script,0,1,0,0,0,0,0,0,0,0,0,5.719217866306417,6.044969578055824,0.9594897820881587,0.0,96,6,0,29,4,9,0,35,303,0,0,0,0,0.0,0
malware,jHn.php,data\raw\malware_webshell\tennc_webshell\web-malware-collection-13-06-2012\PHP\jHn.php,64929,7,1,0,0,0,0.14285714285714285,script,0,1,0,0,0,0,0,0,0,0,0,5.723670542386453,6.049274729487848,0.9591245822359808,0.0,97,0,0,29,4,9,0,35,303,0,0,0,0,0.0,0
malware,KAdot Universal Shell v0.1.6.php,data\raw\malware_webshell\tennc_webshell\web-malware-collection-13-06-2012\PHP\KAdot Universal Shell v0.1.6.php,4884,32,1,0,0,0,0.1875,script,0,1,0,0,0,0,0,0,0,0,0,5.705148011045266,5.692979427740561,0.8712121212121212,0.0,119,0,0,0,0,2,0,1,38,0,0,0,0,0.0,0
malware,KAdot Universal Shell v0.1.6.txt,data\raw\malware_webshell\tennc_webshell\web-malware-collection-13-06-2012\PHP\KAdot Universal Shell v0.1.6.txt,4884,32,1,0,0,0,0.1875,document,0,0,0,0,0,0,0,0,0,0,0,5.705148011045266,5.692979427740561,0.8712121212121212,0.0,119,0,0,0,0,2,0,1,38,0,0,0,0,0.0,0
malware,knullsh.txt,data\raw\malware_webshell\tennc_webshell\web-malware-collection-13-06-2012\PHP\knullsh.txt,22141,11,1,0,0,0,0.09090909090909091,document,0,0,0,0,0,0,0,0,0,0,0,5.8715144049639125,5.241488837402623,0.9414660584436114,0.0,96,3,0,93,10,7,0,97,173,0,0,0,0,0.0,0
malware,kolang-bypass.txt,data\raw\malware_webshell\tennc_webshell\web-malware-collection-13-06-2012\PHP\kolang-bypass.txt,19968,17,1,0,0,0,0.11764705882352941,document,0,0,0,0,0,0,0,0,0,0,0,4.18059866545615,5.10905383964784,0.9633914262820513,0.0,95,6,2,202,0,1,0,204,211,0,0,0,0,0.0,0
malware,kral.txt,data\raw\malware_webshell\tennc_webshell\web-malware-collection-13-06-2012\PHP\kral.txt,10380,8,1,0,0,0,0.125,document,0,0,0,0,0,0,0,0,0,0,0,5.141399762944566,5.283818986152595,0.9277456647398844,0.0,93,2,0,0,0,0,0,0,15,0,0,0,0,0.0,0
malware,lamashell.txt,data\raw\malware_webshell\tennc_webshell\web-malware-collection-13-06-2012\PHP\lamashell.txt,2569,13,1,0,0,0,0.07692307692307693,document,0,0,0,0,0,0,0,0,0,0,0,4.755842193047029,4.755842193047029,0.9307123394316855,0.0,78,1,0,0,0,1,0,0,9,0,0,0,0,0.0,0
malware,list.php,data\raw\malware_webshell\tennc_webshell\web-malware-collection-13-06-2012\PHP\list.php,589,8,1,0,0,0,0.125,script,0,1,0,0,0,0,0,0,0,0,0,5.061800580998846,5.061800580998846,0.8845500848896435,0.0,63,0,0,0,0,0,0,0,2,0,0,0,0,0.0,0
malware,Liz0ziM Private Safe Mode Command Execuriton Bypass Exploit.php,data\raw\malware_webshell\tennc_webshell\web-malware-collection-13-06-2012\PHP\Liz0ziM Private Safe Mode Command Execuriton Bypass Exploit.php,1373,63,1,0,0,0,0.12698412698412698,script,0,1,0,0,0,0,0,0,0,0,0,5.167099781528052,5.167099781528052,0.9410050983248361,0.0,67,0,0,0,0,4,0,0,6,0,0,0,0,0.0,0
malware,Liz0ziM Private Safe Mode Command Execuriton Bypass Exploit.txt,data\raw\malware_webshell\tennc_webshell\web-malware-collection-13-06-2012\PHP\Liz0ziM Private Safe Mode Command Execuriton Bypass Exploit.txt,1373,63,1,0,0,0,0.12698412698412698,document,0,0,0,0,0,0,0,0,0,0,0,5.167099781528052,5.167099781528052,0.9410050983248361,0.0,67,0,0,0,0,4,0,0,6,0,0,0,0,0.0,0
malware,load_shell.txt,data\raw\malware_webshell\tennc_webshell\web-malware-collection-13-06-2012\PHP\load_shell.txt,14344,14,1,0,0,0,0.14285714285714285,document,0,0,0,0,0,0,0,0,0,0,0,5.865124213831157,6.108286401876056,0.8722810931399888,0.0,133,2,1,0,10,7,0,0,51,0,0,0,0,0.0,0
malware,locus.txt,data\raw\malware_webshell\tennc_webshell\web-malware-collection-13-06-2012\PHP\locus.txt,237487,9,1,0,0,0,0.1111111111111111,document,0,0,0,0,0,0,0,0,0,0,29,5.968098205855817,4.9705519912693905,0.9675519081044436,0.0,97,22,1,229,52,24,0,238,399,0,0,0,0,0.0,0
malware,log.txt,data\raw\malware_webshell\tennc_webshell\web-malware-collection-13-06-2012\PHP\log.txt,67682,7,1,0,0,0,0.14285714285714285,document,0,0,0,0,0,0,0,0,0,0,0,5.565584993828,5.305824604610812,0.9055583463845631,0.0,97,6,1,2,13,10,3,3,298,0,0,0,0,0.0,0
malware,lolipop.txt,data\raw\malware_webshell\tennc_webshell\web-malware-collection-13-06-2012\PHP\lolipop.txt,14064,11,1,0,0,0,0.09090909090909091,document,0,0,0,0,0,0,0,0,0,0,0,5.4695741602994685,5.2953801075017894,0.9589021615472128,0.0,87,1,0,0,2,1,0,1,59,0,0,0,0,0.0,0
malware,lostDC.txt,data\raw\malware_webshell\tennc_webshell\web-malware-collection-13-06-2012\PHP\lostDC.txt,20303,10,1,0,0,0,0.1,document,0,0,0,0,0,0,0,0,0,0,0,4.688714441058098,4.772570743756344,0.9532088853863961,0.0,92,7,0,0,6,3,0,0,74,0,0,0,0,0.0,0
malware,ly0kha.txt,data\raw\malware_webshell\tennc_webshell\web-malware-collection-13-06-2012\PHP\ly0kha.txt,72343,10,1,0,0,0,0.1,document,0,0,0,0,0,0,0,0,0,0,15,6.037966821143081,6.038655253767385,0.9523658128637187,0.0,76,0,0,0,0,1,0,2,3,0,0,0,0,0.0,0
malware,Macker's Private PHPShell.php,data\raw\malware_webshell\tennc_webshell\web-malware-collection-13-06-2012\PHP\Macker's Private PHPShell.php,40256,29,1,0,0,0,0.13793103448275862,script,0,1,0,0,0,0,0,0,0,0,0,5.3000129304707615,4.778312784700952,0.8648151828298887,0.0,95,0,0,0,56,2,0,0,58,0,0,0,0,0.0,0
malware,matamu.txt,data\raw\malware_webshell\tennc_webshell\web-malware-collection-13-06-2012\PHP\matamu.txt,3947,10,1,0,0,0,0.1,document,0,0,0,0,0,0,0,0,0,0,0,5.214467661375758,5.214467661375758,0.9239929060045604,0.0,81,0,0,0,0,2,0,0,2,0,0,0,0,0.0,0
malware,megabor.txt,data\raw\malware_webshell\tennc_webshell\web-malware-collection-13-06-2012\PHP\megabor.txt,43541,11,1,0,0,0,0.09090909090909091,document,0,0,0,0,0,0,0,0,0,0,0,5.674300284884011,5.656882433582839,0.9600146987896465,0.0,112,1,0,2,18,16,1,4,188,0,0,0,0,0.0,0
malware,metaslsoft.php,data\raw\malware_webshell\tennc_webshell\web-malware-collection-13-06-2012\PHP\metaslsoft.php,81063,14,1,0,0,0,0.07142857142857142,script,0,1,0,0,0,0,0,0,0,0,7,5.858298661253988,6.200567152759732,0.9028656723782736,0.0,98,3,0,9,13,8,0,19,236,0,0,0,0,0.0,0
malware,mini.j0s_ali.j0e.v27.9.txt,data\raw\malware_webshell\tennc_webshell\web-malware-collection-13-06-2012\PHP\mini.j0s_ali.j0e.v27.9.txt,134351,26,1,0,0,0,0.23076923076923078,document,0,0,0,0,0,0,0,0,0,0,0,5.436037560559937,5.344684982229482,0.9543881325780976,0.0,98,8,5,0,38,16,0,7,140,0,0,0,0,0.0,0
malware,Moroccan Spamers Ma-EditioN By GhOsT.txt,data\raw\malware_webshell\tennc_webshell\web-malware-collection-13-06-2012\PHP\Moroccan Spamers Ma-EditioN By GhOsT.txt,7362,40,1,0,0,0,0.15,document,0,0,0,0,0,0,0,0,0,0,0,5.374312047464841,5.153416347362864,0.9505569138820973,0.0,87,0,0,0,0,0,0,0,8,0,0,0,0,0.0,0
malware,myshell.txt,data\raw\malware_webshell\tennc_webshell\web-malware-collection-13-06-2012\PHP\myshell.txt,16534,11,1,0,0,0,0.09090909090909091,document,0,0,0,0,0,0,0,0,0,0,0,5.200154400588164,5.017270568907478,0.9491351155195356,0.0,93,3,0,0,0,11,0,0,19,0,0,0,0,0.0,0
malware,Mysql interface v1.0.txt,data\raw\malware_webshell\tennc_webshell\web-malware-collection-13-06-2012\PHP\Mysql interface v1.0.txt,34961,24,1,0,0,0,0.16666666666666666,document,0,0,0,0,0,0,0,0,0,0,0,5.386771837239187,5.332055173551764,0.9333543090872687,0.0,94,0,0,0,22,1,0,0,23,0,0,0,0,0.0,0
malware,MySQL Web Interface Version 0.8.php,data\raw\malware_webshell\tennc_webshell\web-malware-collection-13-06-2012\PHP\MySQL Web Interface Version 0.8.php,35803,35,1,0,0,0,0.17142857142857143,script,0,1,0,0,0,0,0,0,0,0,0,5.4682440829930075,5.415172054652048,0.8882775186436891,0.0,96,2,0,0,22,1,0,0,23,0,0,0,0,0.0,0
malware,MySQL Web Interface Version 0.8.txt,data\raw\malware_webshell\tennc_webshell\web-malware-collection-13-06-2012\PHP\MySQL Web Interface Version 0.8.txt,35803,35,1,0,0,0,0.17142857142857143,document,0,0,0,0,0,0,0,0,0,0,0,5.4682440829930075,5.415172054652048,0.8882775186436891,0.0,96,2,0,0,22,1,0,0,23,0,0,0,0,0.0,0
malware,mysql.txt,data\raw\malware_webshell\tennc_webshell\web-malware-collection-13-06-2012\PHP\mysql.txt,53620,9,1,0,0,0,0.1111111111111111,document,0,0,0,0,0,0,0,0,0,0,0,4.82417333927281,4.874430205071938,0.9540283476314808,0.0,96,1,0,0,28,18,0,0,56,0,0,0,0,0.0,0
malware,mysql_tool.txt,data\raw\malware_webshell\tennc_webshell\web-malware-collection-13-06-2012\PHP\mysql_tool.txt,34158,14,1,0,0,0,0.14285714285714285,document,0,0,0,0,0,0,0,0,0,0,0,4.519424728450424,4.544116535612977,0.9353592130686809,0.0,95,2,0,0,0,0,6,1,15,0,0,0,0,0.0,0
malware,mysqlwebsh.php,data\raw\malware_webshell\tennc_webshell\web-malware-collection-13-06-2012\PHP\mysqlwebsh.php,17782,14,1,0,0,0,0.07142857142857142,script,0,1,0,0,0,0,0,0,0,0,0,5.660708572800045,5.685891190814669,0.9414014171634237,0.0,94,1,0,3,0,0,0,5,5,0,0,0,0,0.0,0
malware,NCC-Shell.txt,data\raw\malware_webshell\tennc_webshell\web-malware-collection-13-06-2012\PHP\NCC-Shell.txt,2652,13,1,0,0,0,0.15384615384615385,document,0,0,0,0,0,0,0,0,0,0,0,5.285912979496869,5.285912979496869,0.9532428355957768,0.0,86,1,0,0,7,1,0,0,24,0,0,0,0,0.0,0
malware,NetworkFileManagerPHP.txt,data\raw\malware_webshell\tennc_webshell\web-malware-collection-13-06-2012\PHP\NetworkFileManagerPHP.txt,127853,25,1,0,0,0,0.04,document,0,0,0,0,0,0,0,0,0,0,1,5.525801869852816,5.358950702502715,0.9119144642675573,0.0,99,8,0,0,3,23,0,0,55,0,0,0,0,0.0,0
malware,newsh.php,data\raw\malware_webshell\tennc_webshell\web-malware-collection-13-06-2012\PHP\newsh.php,57294,9,1,0,0,0,0.1111111111111111,script,0,1,0,0,0,0,0,0,0,0,1,5.892837985661331,5.709087817891954,0.9437811987293608,0.0,97,0,0,50,11,11,0,55,259,0,0,0,0,0.0,0
malware,NIX REMOTE WEB-SHELL v.0.5 alpha Lite Public Version.php,data\raw\malware_webshell\tennc_webshell\web-malware-collection-13-06-2012\PHP\NIX REMOTE WEB-SHELL v.0.5 alpha Lite Public Version.php,55109,56,1,0,0,0,0.19642857142857142,script,0,1,0,0,0,0,0,0,0,0,0,6.104974788060053,6.169833891484607,0.8646500571594476,0.0,154,5,2,53,17,17,0,60,256,0,0,0,0,0.0,0
malware,NIX REMOTE WEB-SHELL v.0.5 alpha Lite Public Version.txt,data\raw\malware_webshell\tennc_webshell\web-malware-collection-13-06-2012\PHP\NIX REMOTE WEB-SHELL v.0.5 alpha Lite Public Version.txt,55109,56,1,0,0,0,0.19642857142857142,document,0,0,0,0,0,0,0,0,0,0,0,6.104974788060053,6.169833891484607,0.8646500571594476,0.0,154,5,2,53,17,17,0,60,256,0,0,0,0,0.0,0
malware,nshell.txt,data\raw\malware_webshell\tennc_webshell\web-malware-collection-13-06-2012\PHP\nshell.txt,13188,10,1,0,0,0,0.1,document,0,0,0,0,0,0,0,0,0,0,0,5.665396245125971,5.698545569005211,0.9412344555656658,0.0,95,0,0,0,1,9,0,0,46,0,0,0,0,0.0,0
malware,nst.txt,data\raw\malware_webshell\tennc_webshell\web-malware-collection-13-06-2012\PHP\nst.txt,83731,7,1,0,0,0,0.14285714285714285,document,0,0,0,0,0,0,0,0,0,0,0,5.799942389487115,5.123130851699111,0.9430079659863133,0.0,132,6,2,1,7,23,1,8,299,0,0,0,0,0.0,0
malware,nstview.txt,data\raw\malware_webshell\tennc_webshell\web-malware-collection-13-06-2012\PHP\nstview.txt,83294,11,1,0,0,0,0.09090909090909091,document,0,0,0,0,0,0,0,0,0,0,0,5.793602742354941,5.128017396949395,0.9427569812951713,0.0,132,6,2,1,7,23,1,8,299,0,0,0,0,0.0,0
malware,p0isoN.sh3ll.txt,data\raw\malware_webshell\tennc_webshell\web-malware-collection-13-06-2012\PHP\p0isoN.sh3ll.txt,189068,16,1,0,0,0,0.125,document,0,0,0,0,0,0,0,0,0,0,21,5.655690722106161,5.119668090533672,0.9651712611335604,0.0,96,10,0,221,55,27,0,231,368,0,0,0,0,0.0,0
malware,PH Vayv.txt,data\raw\malware_webshell\tennc_webshell\web-malware-collection-13-06-2012\PHP\PH Vayv.txt,25274,11,1,0,0,0,0.18181818181818182,document,0,0,0,0,0,0,0,0,0,0,0,5.240787376804472,5.283102408717283,0.9495924665664319,0.0,96,10,0,0,0,0,0,0,0,0,0,0,0,0.0,0
malware,PHANTASMA.txt,data\raw\malware_webshell\tennc_webshell\web-malware-collection-13-06-2012\PHP\PHANTASMA.txt,26577,13,1,0,0,0,0.07692307692307693,document,0,0,0,0,0,0,0,0,0,0,0,4.472200716849742,5.2895436966109335,0.9521390676148549,0.0,96,0,0,0,3,0,1,0,4,0,0,0,0,0.0,0
malware,PHP Shell.txt,data\raw\malware_webshell\tennc_webshell\web-malware-collection-13-06-2012\PHP\PHP Shell.txt,38250,13,1,0,0,0,0.15384615384615385,document,0,0,0,0,0,0,0,0,0,0,0,5.333236112493832,4.843518760012076,0.9108496732026143,0.0,95,0,0,0,56,2,0,0,58,0,0,0,0,0.0,0
malware,php-backdoor.txt,data\raw\malware_webshell\tennc_webshell\web-malware-collection-13-06-2012\PHP\php-backdoor.txt,2871,16,1,0,0,0,0.125,document,0,0,0,0,0,0,0,0,0,0,0,5.407331028097671,5.407331028097671,0.9380006966213863,0.0,83,2,0,0,0,1,0,0,16,0,0,0,0,0.0,0
malware,php-include-w-shell.txt,data\raw\malware_webshell\tennc_webshell\web-malware-collection-13-06-2012\PHP\php-include-w-shell.txt,48246,23,1,0,0,0,0.17391304347826086,document,0,0,0,0,0,0,0,0,0,0,0,5.360566468262086,5.463668462641386,0.9154955851262281,0.0,93,2,3,0,7,20,1,0,39,0,0,0,0,0.0,0
malware,Php_Backdoor.txt,data\raw\malware_webshell\tennc_webshell\web-malware-collection-13-06-2012\PHP\Php_Backdoor.txt,9247,16,1,0,0,0,0.125,document,0,0,0,0,0,0,0,0,0,0,0,5.243675326297274,5.167560767275826,0.954796150102736,0.0,84,4,0,0,11,2,0,0,13,0,0,0,0,0.0,0
malware,pHpINJ.txt,data\raw\malware_webshell\tennc_webshell\web-malware-collection-13-06-2012\PHP\pHpINJ.txt,1160,10,1,0,0,0,0.1,document,0,0,0,0,0,0,0,0,0,0,0,5.33198791875996,5.33198791875996,0.9379310344827586,0.0,71,2,0,0,0,1,0,0,7,0,0,0,0,0.0,0
malware,PHPJackal.txt,data\raw\malware_webshell\tennc_webshell\web-malware-collection-13-06-2012\PHP\PHPJackal.txt,100824,13,1,0,0,0,0.07692307692307693,document,0,0,0,0,0,0,0,0,0,0,0,5.654528307307355,5.587796053764396,0.9686185828770928,0.0,96,24,1,0,14,8,0,0,375,0,0,0,0,0.0,0
malware,phpjackal1.3.txt,data\raw\malware_webshell\tennc_webshell\web-malware-collection-13-06-2012\PHP\phpjackal1.3.txt,96770,16,1,0,0,0,0.125,document,0,0,0,0,0,0,0,0,0,0,0,5.750690400845981,5.680188506955808,0.9655058385863388,0.0,96,19,1,0,10,7,0,0,310,0,0,0,0,0.0,0
malware,PHPRemoteView.txt,data\raw\malware_webshell\tennc_webshell\web-malware-collection-13-06-2012\PHP\PHPRemoteView.txt,35828,17,1,0,0,0,0.058823529411764705,document,0,0,0,0,0,0,0,0,0,0,0,5.616073185124568,4.679602967146681,0.8725298649101262,0.0,157,5,0,5,0,2,0,5,7,0,0,0,0,0.0,0
malware,phpshell.php,data\raw\malware_webshell\tennc_webshell\web-malware-collection-13-06-2012\PHP\phpshell.php,8945,12,1,0,0,0,0.08333333333333333,script,0,1,0,0,0,0,0,0,0,0,0,5.232480089608642,5.158079013083285,0.9420905533817775,0.0,92,4,0,0,0,1,0,0,27,0,0,0,0,0.0,0
malware,PHPSPY.php,data\raw\malware_webshell\tennc_webshell\web-malware-collection-13-06-2012\PHP\PHPSPY.php,28023,10,1,0,0,0,0.1,script,0,1,0,0,0,0,0,0,0,0,0,5.889000823191548,5.817598791719862,0.8397031010241587,0.0,185,7,1,0,0,6,0,0,63,0,0,0,0,0.0,0
malware,priv8-2012-bypass-shell.txt,data\raw\malware_webshell\tennc_webshell\web-malware-collection-13-06-2012\PHP\priv8-2012-bypass-shell.txt,139796,27,1,0,0,0,0.14814814814814814,document,0,0,0,0,0,0,0,0,0,0,9,6.05452176038581,5.4667172935287995,0.9577813385218461,0.0,95,11,0,1444,5,19,0,1466,1512,0,0,0,0,0.0,0
malware,Private-i3lue.php,data\raw\malware_webshell\tennc_webshell\web-malware-collection-13-06-2012\PHP\Private-i3lue.php,64172,17,1,0,0,0,0.11764705882352941,script,0,1,0,0,0,0,0,0,0,0,1,5.608509006315689,5.338793024289693,0.9172380477466808,0.0,99,0,0,0,0,0,0,0,111,0,0,0,0,0.0,0
malware,Private-i3lue.txt,data\raw\malware_webshell\tennc_webshell\web-malware-collection-13-06-2012\PHP\Private-i3lue.txt,64172,17,1,0,0,0,0.11764705882352941,document,0,0,0,0,0,0,0,0,0,0,1,5.608509006315689,5.338793024289693,0.9172380477466808,0.0,99,0,0,0,0,0,0,0,111,0,0,0,0,0.0,0
malware,pws.txt,data\raw\malware_webshell\tennc_webshell\web-malware-collection-13-06-2012\PHP\pws.txt,904,7,1,0,0,0,0.14285714285714285,document,0,0,0,0,0,0,0,0,0,0,0,5.250097653965254,5.250097653965254,0.9214601769911505,0.0,63,0,0,0,6,2,0,0,13,0,0,0,0,0.0,0
malware,r57-bd.txt,data\raw\malware_webshell\tennc_webshell\web-malware-collection-13-06-2012\PHP\r57-bd.txt,200007,10,1,0,0,0,0.2,document,0,0,0,0,0,0,0,0,0,0,0,5.79429120663021,5.5882154203094325,0.9582014629487968,0.0,98,3,4,121,216,12,6,123,1065,0,0,0,0,0.0,0
malware,r57.1.4.0.php,data\raw\malware_webshell\tennc_webshell\web-malware-collection-13-06-2012\PHP\r57.1.4.0.php,53086,13,1,0,0,0,0.3076923076923077,script,0,1,0,0,0,0,0,0,0,0,17,6.0295081456581,6.12664919252739,0.9991711562370493,0.0,81,0,0,1,0,1,0,3,4,0,0,0,0,0.0,0
malware,r57.mod-bizzz.shell.txt,data\raw\malware_webshell\tennc_webshell\web-malware-collection-13-06-2012\PHP\r57.mod-bizzz.shell.txt,88482,23,1,0,0,0,0.17391304347826086,document,0,0,0,0,0,0,0,0,0,0,0,5.881139879959063,5.245170464998208,0.9572568431997468,0.0,98,2,1,113,72,6,0,116,546,0,0,0,0,0.0,0
malware,r57.php,data\raw\malware_webshell\tennc_webshell\web-malware-collection-13-06-2012\PHP\r57.php,100846,7,1,0,0,0,0.14285714285714285,script,0,1,0,0,0,0,0,0,0,0,0,5.838820741612621,5.651056697342974,0.9567955099855224,0.0,97,1,4,113,104,8,3,117,643,0,0,0,0,0.0,0
malware,r57.txt,data\raw\malware_webshell\tennc_webshell\web-malware-collection-13-06-2012\PHP\r57.txt,105476,7,1,0,0,0,0.14285714285714285,document,0,0,0,0,0,0,0,0,0,0,0,5.821793413096336,4.764385932834905,0.9572509386021465,0.0,98,7,4,114,102,7,3,118,631,0,0,0,0,0.0,0
malware,r57142.php,data\raw\malware_webshell\tennc_webshell\web-malware-collection-13-06-2012\PHP\r57142.php,57437,10,1,0,0,0,0.1,script,0,1,0,0,0,0,0,0,0,0,9,6.0598030139676515,5.9813348834022,0.9984330657938263,0.0,84,0,0,1,1,1,0,4,6,0,0,0,0,0.0,0
malware,r57_iFX.txt,data\raw\malware_webshell\tennc_webshell\web-malware-collection-13-06-2012\PHP\r57_iFX.txt,89657,11,1,0,0,0,0.18181818181818182,document,0,0,0,0,0,0,0,0,0,0,0,5.8864837308034055,4.861632293365465,0.9572593327905239,0.0,97,7,1,113,72,6,0,116,546,0,0,0,0,0.0,0
malware,r57_kartal.txt,data\raw\malware_webshell\tennc_webshell\web-malware-collection-13-06-2012\PHP\r57_kartal.txt,100416,14,1,0,0,0,0.14285714285714285,document,0,0,0,0,0,0,0,0,0,0,0,5.942738614691944,4.9688048883683775,0.96243626513703,0.0,98,2,1,113,72,6,0,116,543,0,0,0,0,0.0,0
malware,r57_Mohajer22.txt,data\raw\malware_webshell\tennc_webshell\web-malware-collection-13-06-2012\PHP\r57_Mohajer22.txt,116687,17,1,0,0,0,0.11764705882352941,document,0,0,0,0,0,0,0,0,0,0,0,5.933051080041781,4.820084963728495,0.9071019050965403,0.0,148,10,6,115,109,8,3,117,657,0,0,0,0,0.0,0
malware,r57shell1.40.txt,data\raw\malware_webshell\tennc_webshell\web-malware-collection-13-06-2012\PHP\r57shell1.40.txt,162874,16,1,0,0,0,0.125,document,0,0,0,0,0,0,0,0,0,0,0,5.85063776648103,5.669654677252935,0.9485246263983201,0.0,111,4,4,131,186,12,6,139,993,0,0,0,0,0.0,0
malware,r57shell2.0.txt,data\raw\malware_webshell\tennc_webshell\web-malware-collection-13-06-2012\PHP\r57shell2.0.txt,102069,15,1,0,0,0,0.13333333333333333,document,0,0,0,0,0,0,0,0,0,0,0,5.76460060609342,5.603899311190888,0.9576658926804417,0.0,97,4,6,99,103,8,3,102,616,0,0,0,0,0.0,0
malware,redcod.php,data\raw\malware_webshell\tennc_webshell\web-malware-collection-13-06-2012\PHP\redcod.php,72343,10,1,0,0,0,0.1,script,0,1,0,0,0,0,0,0,0,0,15,6.037966821143081,6.038655253767385,0.9523658128637187,0.0,76,0,0,0,0,1,0,2,3,0,0,0,0,0.0,0
malware,RedhatC99 [login=redhat-pass=root],data\raw\malware_webshell\tennc_webshell\web-malware-collection-13-06-2012\PHP\RedhatC99 [login=redhat-pass=root],134107,34,0,0,0,0,0.17647058823529413,unknown,0,0,0,0,1,0,0,0,0,0,0,5.419411472360257,5.355379364616539,0.9604345783590715,0.0,98,4,1,0,27,6,0,5,53,0,0,0,0,0.0,0
malware,remview_fix.php,data\raw\malware_webshell\tennc_webshell\web-malware-collection-13-06-2012\PHP\remview_fix.php,91008,15,1,0,0,0,0.13333333333333333,script,0,1,0,0,0,0,0,0,0,0,2,5.591382705288834,4.679602967146681,0.9161722046413502,0.0,164,7,0,75,0,6,0,78,100,0,0,0,0,0.0,0
malware,rootshell.txt,data\raw\malware_webshell\tennc_webshell\web-malware-collection-13-06-2012\PHP\rootshell.txt,13817,13,1,0,0,0,0.07692307692307693,document,0,0,0,0,0,0,0,0,0,0,0,5.491462475985366,4.812538000349848,0.9367445899978287,0.0,98,1,0,0,1,1,0,0,12,0,0,0,0,0.0,0
malware,Rootshell.v.1.0.txt,data\raw\malware_webshell\tennc_webshell\web-malware-collection-13-06-2012\PHP\Rootshell.v.1.0.txt,10002,19,1,0,0,0,0.21052631578947367,document,0,0,0,0,0,0,0,0,0,0,0,5.368372556607887,4.777945088748987,0.9510097980403919,0.0,96,1,0,0,1,1,0,0,5,0,0,0,0,0.0,0
malware,ru24_post_sh.txt,data\raw\malware_webshell\tennc_webshell\web-malware-collection-13-06-2012\PHP\ru24_post_sh.txt,543,16,1,0,0,0,0.1875,document,0,0,0,0,0,0,0,0,0,0,0,5.412273324428465,5.412273324428465,0.9152854511970534,0.0,63,1,0,0,7,0,0,0,12,0,0,0,0,0.0,0
malware,s72 Shell v1.1 Coding.php,data\raw\malware_webshell\tennc_webshell\web-malware-collection-13-06-2012\PHP\s72 Shell v1.1 Coding.php,5261,25,1,0,0,0,0.2,script,0,1,0,0,0,0,0,0,0,0,0,5.192494422173337,5.1756989680107255,0.9435468542102262,0.0,91,0,0,0,0,1,0,0,3,0,0,0,0,0.0,0
malware,s72 Shell v1.1 Coding.txt,data\raw\malware_webshell\tennc_webshell\web-malware-collection-13-06-2012\PHP\s72 Shell v1.1 Coding.txt,5261,25,1,0,0,0,0.2,document,0,0,0,0,0,0,0,0,0,0,0,5.192494422173337,5.1756989680107255,0.9435468542102262,0.0,91,0,0,0,0,1,0,0,3,0,0,0,0,0.0,0
malware,Safe mode breaker.php,data\raw\malware_webshell\tennc_webshell\web-malware-collection-13-06-2012\PHP\Safe mode breaker.php,2337,21,1,0,0,0,0.14285714285714285,script,0,1,0,0,0,0,0,0,0,0,0,5.017944774645295,5.017944774645295,0.920410783055199,0.0,91,0,0,1,0,0,0,1,4,0,0,0,0,0.0,0
malware,Safe0ver Shell -Safe Mod Bypass By Evilc0der.txt,data\raw\malware_webshell\tennc_webshell\web-malware-collection-13-06-2012\PHP\Safe0ver Shell -Safe Mod Bypass By Evilc0der.txt,38673,48,1,0,0,0,0.16666666666666666,document,0,0,0,0,0,0,0,0,0,0,0,5.04671724848331,5.051180771326339,0.9486722002430636,0.0,100,0,0,0,53,2,0,0,59,0,0,0,0,0.0,0
malware,safe0ver.txt,data\raw\malware_webshell\tennc_webshell\web-malware-collection-13-06-2012\PHP\safe0ver.txt,39678,12,1,0,0,0,0.08333333333333333,document,0,0,0,0,0,0,0,0,0,0,0,4.97154739079083,4.966725794543973,0.9507787690911841,0.0,99,0,0,0,53,2,0,0,59,0,0,0,0,0.0,0
malware,Safe_Mode Bypass PHP 4.4.2 and PHP 5.1.2.php,data\raw\malware_webshell\tennc_webshell\web-malware-collection-13-06-2012\PHP\Safe_Mode Bypass PHP 4.4.2 and PHP 5.1.2.php,5394,44,1,0,0,0,0.2727272727272727,script,0,1,0,0,0,0,0,0,0,0,0,5.624449600786165,5.542618997723058,0.96421950315165,0.0,90,0,0,0,0,0,0,0,4,0,0,0,0,0.0,0
malware,Safe_Mode Bypass PHP 4.4.2 and PHP 5.1.2.txt,data\raw\malware_webshell\tennc_webshell\web-malware-collection-13-06-2012\PHP\Safe_Mode Bypass PHP 4.4.2 and PHP 5.1.2.txt,5394,44,1,0,0,0,0.2727272727272727,document,0,0,0,0,0,0,0,0,0,0,0,5.624449600786165,5.542618997723058,0.96421950315165,0.0,90,0,0,0,0,0,0,0,4,0,0,0,0,0.0,0
malware,Safe_Mode_Bypass_PHP_4.4.2_and_PHP_5.1.2.txt,data\raw\malware_webshell\tennc_webshell\web-malware-collection-13-06-2012\PHP\Safe_Mode_Bypass_PHP_4.4.2_and_PHP_5.1.2.txt,5824,44,1,0,0,0,0.2727272727272727,document,0,0,0,0,0,0,0,0,0,0,0,5.67577379426564,5.542618997723058,0.9658310439560439,0.0,90,0,0,0,0,0,0,0,4,0,0,0,0,0.0,0
malware,shellzx.txt,data\raw\malware_webshell\tennc_webshell\web-malware-collection-13-06-2012\PHP\shellzx.txt,71960,11,1,0,0,0,0.09090909090909091,document,0,0,0,0,0,0,0,0,0,0,0,5.220943650261375,6.066619004323703,0.9594219010561423,0.0,97,2,1,6,12,10,0,12,313,0,0,0,0,0.0,0
malware,SimAttacker - Vrsion 1.0.0 - priv8 4 My friend.php,data\raw\malware_webshell\tennc_webshell\web-malware-collection-13-06-2012\PHP\SimAttacker - Vrsion 1.0.0 - priv8 4 My friend.php,12004,50,1,0,0,0,0.26,script,0,1,0,0,0,0,0,0,0,0,0,5.419944743466662,5.41819289625749,0.8939520159946684,0.0,94,1,0,0,12,1,0,0,32,0,0,0,0,0.0,0
malware,SimAttacker - Vrsion 1.0.0 - priv8 4 My friend.txt,data\raw\malware_webshell\tennc_webshell\web-malware-collection-13-06-2012\PHP\SimAttacker - Vrsion 1.0.0 - priv8 4 My friend.txt,12004,50,1,0,0,0,0.26,document,0,0,0,0,0,0,0,0,0,0,0,5.419944743466662,5.41819289625749,0.8939520159946684,0.0,94,1,0,0,12,1,0,0,32,0,0,0,0,0.0,0
malware,simattacker.txt,data\raw\malware_webshell\tennc_webshell\web-malware-collection-13-06-2012\PHP\simattacker.txt,13169,15,1,0,0,0,0.06666666666666667,document,0,0,0,0,0,0,0,0,0,0,0,5.415021909603565,5.3679531737363595,0.8460779102437542,0.0,94,0,0,0,12,1,0,0,32,0,0,0,0,0.0,0
malware,simple-backdoor.txt,data\raw\malware_webshell\tennc_webshell\web-malware-collection-13-06-2012\PHP\simple-backdoor.txt,345,19,1,0,0,0,0.10526315789473684,document,0,0,0,0,0,0,0,0,0,0,0,5.040750954690324,5.040750954690324,0.9014492753623189,0.0,56,3,0,0,5,1,0,0,8,0,0,0,0,0.0,0
malware,simple_cmd.txt,data\raw\malware_webshell\tennc_webshell\web-malware-collection-13-06-2012\PHP\simple_cmd.txt,353,14,1,0,0,0,0.14285714285714285,document,0,0,0,0,0,0,0,0,0,0,0,5.267127589002093,5.267127589002093,0.8980169971671388,0.0,57,0,0,0,6,1,0,0,8,0,0,0,0,0.0,0
malware,SimShell 1.0 - Simorgh Security MGZ.php,data\raw\malware_webshell\tennc_webshell\web-malware-collection-13-06-2012\PHP\SimShell 1.0 - Simorgh Security MGZ.php,5343,39,1,0,0,0,0.20512820512820512,script,0,1,0,0,0,0,0,0,0,0,0,5.303422205526233,5.17173762802081,0.9329964439453491,0.0,89,1,0,0,1,1,0,0,19,0,0,0,0,0.0,0
malware,SimShell 1.0 - Simorgh Security MGZ.txt,data\raw\malware_webshell\tennc_webshell\web-malware-collection-13-06-2012\PHP\SimShell 1.0 - Simorgh Security MGZ.txt,5343,39,1,0,0,0,0.20512820512820512,document,0,0,0,0,0,0,0,0,0,0,0,5.303422205526233,5.17173762802081,0.9329964439453491,0.0,89,1,0,0,1,1,0,0,19,0,0,0,0,0.0,0
malware,small.txt,data\raw\malware_webshell\tennc_webshell\web-malware-collection-13-06-2012\PHP\small.txt,16336,9,1,0,0,0,0.1111111111111111,document,0,0,0,0,0,0,0,0,0,0,0,5.627324122666593,5.545568488213371,0.9385406464250735,0.0,93,0,0,0,21,2,0,0,69,0,0,0,0,0.0,0
malware,sniper.txt,data\raw\malware_webshell\tennc_webshell\web-malware-collection-13-06-2012\PHP\sniper.txt,222157,10,1,0,0,0,0.1,document,0,0,0,0,0,0,0,0,0,0,0,5.777950034623536,5.904010893033239,0.9362657940105421,0.0,138,11,7,100,127,16,3,101,837,0,0,0,0,0.0,0
malware,SnIpEr_SA Shell.txt,data\raw\malware_webshell\tennc_webshell\web-malware-collection-13-06-2012\PHP\SnIpEr_SA Shell.txt,106039,19,1,0,0,0,0.15789473684210525,document,0,0,0,0,0,0,0,0,0,0,0,5.939362249155094,5.074482877548011,0.9303369514989768,0.0,133,8,6,95,104,7,3,96,617,0,0,0,0,0.0,0
malware,soldierofallah.txt,data\raw\malware_webshell\tennc_webshell\web-malware-collection-13-06-2012\PHP\soldierofallah.txt,36973,18,1,0,0,0,0.05555555555555555,document,0,0,0,0,0,0,0,0,0,0,0,5.415296208711855,5.442063655824738,0.8810483325670083,0.0,96,1,0,0,19,18,0,0,50,0,0,0,0,0.0,0
malware,sosyete.txt,data\raw\malware_webshell\tennc_webshell\web-malware-collection-13-06-2012\PHP\sosyete.txt,8322,11,1,0,0,0,0.09090909090909091,document,0,0,0,0,0,0,0,0,0,0,0,5.3796879063251914,5.230514139085129,0.9432828646959865,0.0,88,1,0,0,0,2,0,0,4,0,0,0,0,0.0,0
malware,spygrup.txt,data\raw\malware_webshell\tennc_webshell\web-malware-collection-13-06-2012\PHP\spygrup.txt,8841,11,1,0,0,0,0.09090909090909091,document,0,0,0,0,0,0,0,0,0,0,0,5.584904818024363,5.540941333731479,0.944123967876937,0.0,94,0,0,1,0,0,0,1,10,0,0,0,0,0.0,0
malware,sql.php,data\raw\malware_webshell\tennc_webshell\web-malware-collection-13-06-2012\PHP\sql.php,84277,7,1,0,0,0,0.14285714285714285,script,0,1,0,0,0,0,0,0,0,0,1,5.719919552551628,5.617927659779349,0.889139385597494,0.0,151,13,0,23,0,0,0,29,133,0,0,0,0,0.0,0
malware,Sst-Sheller.php,data\raw\malware_webshell\tennc_webshell\web-malware-collection-13-06-2012\PHP\Sst-Sheller.php,22304,15,1,0,0,0,0.13333333333333333,script,0,1,0,0,0,0,0,0,0,0,0,5.520551450339805,5.389120047797563,0.8877779770444764,0.0,104,22,0,0,7,3,0,0,49,0,0,0,0,0.0,0
malware,stres.txt,data\raw\malware_webshell\tennc_webshell\web-malware-collection-13-06-2012\PHP\stres.txt,41925,9,1,0,0,0,0.1111111111111111,document,0,0,0,0,0,0,0,0,0,0,0,5.444515004429487,5.44657748728999,0.9553488372093023,0.0,98,2,0,0,23,10,0,0,79,0,0,0,0,0.0,0
malware,SyRiAn.Sh3ll.v7.txt,data\raw\malware_webshell\tennc_webshell\web-malware-collection-13-06-2012\PHP\SyRiAn.Sh3ll.v7.txt,117761,19,1,0,0,0,0.15789473684210525,document,0,0,0,0,0,0,0,0,0,0,0,5.632584769097471,5.332860183992168,0.8754426338091559,0.0,98,18,7,28,26,14,0,32,335,0,0,0,0,0.0,0
malware,ugdevil.v2.0.txt,data\raw\malware_webshell\tennc_webshell\web-malware-collection-13-06-2012\PHP\ugdevil.v2.0.txt,32549,16,1,0,0,0,0.1875,document,0,0,0,0,0,0,0,0,0,0,0,5.961580193634357,5.674040971514405,0.9194445297858613,0.0,116,1,0,8,0,2,0,19,140,0,0,0,0,0.0,0
malware,up.php,data\raw\malware_webshell\tennc_webshell\web-malware-collection-13-06-2012\PHP\up.php,696,6,1,0,0,0,0.16666666666666666,script,0,1,0,0,0,0,0,0,0,0,0,5.377794387957096,5.377794387957096,0.9051724137931034,0.0,66,0,0,0,0,0,0,0,1,0,0,0,0,0.0,0
malware,uploader.txt,data\raw\malware_webshell\tennc_webshell\web-malware-collection-13-06-2012\PHP\uploader.txt,287,12,1,0,0,0,0.08333333333333333,document,0,0,0,0,0,0,0,0,0,0,0,5.409534845957686,5.409534845957686,0.9442508710801394,0.0,58,0,0,0,0,0,0,0,0,0,0,0,0,0.0,0
malware,WinX Shell.php,data\raw\malware_webshell\tennc_webshell\web-malware-collection-13-06-2012\PHP\WinX Shell.php,5159,14,1,0,0,0,0.14285714285714285,script,0,1,0,0,0,0,0,0,0,0,0,5.23788787378493,5.226889396069222,0.9604574529947665,0.0,84,0,0,0,9,1,0,0,13,0,0,0,0,0.0,0
malware,WinX Shell.txt,data\raw\malware_webshell\tennc_webshell\web-malware-collection-13-06-2012\PHP\WinX Shell.txt,5159,14,1,0,0,0,0.14285714285714285,document,0,0,0,0,0,0,0,0,0,0,0,5.23788787378493,5.226889396069222,0.9604574529947665,0.0,84,0,0,0,9,1,0,0,13,0,0,0,0,0.0,0
malware,Worse Linux Shell.php,data\raw\malware_webshell\tennc_webshell\web-malware-collection-13-06-2012\PHP\Worse Linux Shell.php,2524,21,1,0,0,0,0.14285714285714285,script,0,1,0,0,0,0,0,0,0,0,0,5.395385384271582,5.395385384271582,0.945324881141046,0.0,83,0,0,0,0,2,0,0,12,0,0,0,0,0.0,0
malware,Worse Linux Shell.txt,data\raw\malware_webshell\tennc_webshell\web-malware-collection-13-06-2012\PHP\Worse Linux Shell.txt,2524,21,1,0,0,0,0.14285714285714285,document,0,0,0,0,0,0,0,0,0,0,0,5.395385384271582,5.395385384271582,0.945324881141046,0.0,83,0,0,0,0,2,0,0,12,0,0,0,0,0.0,0
malware,wso.v2.5.txt,data\raw\malware_webshell\tennc_webshell\web-malware-collection-13-06-2012\PHP\wso.v2.5.txt,67550,12,1,0,0,0,0.25,document,0,0,0,0,0,0,0,0,0,0,0,5.5387210113763095,5.37305190767289,0.9086454478164323,0.0,97,4,1,2,13,10,3,3,345,0,0,0,0,0.0,0
malware,wso2.5.php,data\raw\malware_webshell\tennc_webshell\web-malware-collection-13-06-2012\PHP\wso2.5.php,67466,10,1,0,0,0,0.2,script,0,1,0,0,0,0,0,0,0,0,0,5.542637305974584,5.257611946660188,0.9085613494204489,0.0,97,4,1,2,13,10,3,3,345,0,0,0,0,0.0,0
malware,wso2.php,data\raw\malware_webshell\tennc_webshell\web-malware-collection-13-06-2012\PHP\wso2.php,52017,8,1,0,0,0,0.125,script,0,1,0,0,0,0,0,0,0,0,0,5.531892308174828,5.2509818196701685,0.8912086433281428,0.0,95,7,1,0,12,8,3,0,205,0,0,0,0,0.0,0
malware,x0rg.byp4ss.txt,data\raw\malware_webshell\tennc_webshell\web-malware-collection-13-06-2012\PHP\x0rg.byp4ss.txt,305079,15,1,0,0,0,0.13333333333333333,document,0,0,0,0,0,0,0,0,0,0,22,6.081254135634328,5.409865180889492,0.9736887822498435,0.0,98,12,1,213,54,22,0,220,395,0,0,0,0,0.0,0
malware,zacosmall.txt,data\raw\malware_webshell\tennc_webshell\web-malware-collection-13-06-2012\PHP\zacosmall.txt,16806,13,1,0,0,0,0.07692307692307693,document,0,0,0,0,0,0,0,0,0,0,0,5.667040291571369,5.683728432145168,0.9402594311555397,0.0,94,0,0,0,21,2,0,0,77,0,0,0,0,0.0,0
malware,PHP.7z,data\raw\malware_webshell\tennc_webshell\web-malware-collection-13-06-2012\PHP.7z,1694312,6,1,0,0,0,0.16666666666666666,archive,0,0,0,1,0,1,1,0,0,0,30,7.999905371799101,4.948391110799899,0.37204422798162323,0.0039591291332411035,256,0,0,0,0,0,0,0,0,0,0,0,0,0.0,0
malware,cgitelnet.txt,data\raw\malware_webshell\tennc_webshell\web-malware-collection-13-06-2012\PL\cgitelnet.txt,23851,13,1,0,0,0,0.07692307692307693,document,0,0,0,0,0,0,0,0,0,0,0,5.1275674536678375,4.813116483430441,0.9186616913336967,0.0,96,8,0,0,0,0,0,0,0,0,0,0,0,0.0,0
malware,cmd.pl,data\raw\malware_webshell\tennc_webshell\web-malware-collection-13-06-2012\PL\cmd.pl,1099,6,1,0,0,0,0.16666666666666666,script,0,1,0,0,0,0,0,0,0,0,0,5.262196795344634,5.262196795344634,0.8780709736123748,0.0,78,1,0,0,13,0,0,0,13,0,0,0,0,0.0,0
malware,dc.pl,data\raw\malware_webshell\tennc_webshell\web-malware-collection-13-06-2012\PL\dc.pl,1993,5,1,0,0,0,0.2,script,0,1,0,0,0,0,0,0,0,0,0,5.5888373536034,5.5888373536034,0.943803311590567,0.0,83,0,6,0,0,2,1,0,3,0,0,0,0,0.0,0
malware,list.pl,data\raw\malware_webshell\tennc_webshell\web-malware-collection-13-06-2012\PL\list.pl,2094,7,1,0,0,0,0.14285714285714285,script,0,1,0,0,0,0,0,0,0,0,0,5.211720642479145,5.211720642479145,0.889207258834766,0.0,84,1,0,0,0,0,0,0,0,0,0,0,0,0.0,0
malware,Perl Web Shell by RST-GHC.pl,data\raw\malware_webshell\tennc_webshell\web-malware-collection-13-06-2012\PL\Perl Web Shell by RST-GHC.pl,20294,28,1,0,0,0,0.21428571428571427,script,0,1,0,0,0,0,0,0,0,0,0,5.685455046442602,4.802245479785664,0.9346604907854539,0.0,96,11,0,0,15,1,1,0,17,0,0,0,0,0.0,0
malware,up.pl,data\raw\malware_webshell\tennc_webshell\web-malware-collection-13-06-2012\PL\up.pl,13391,5,1,0,0,0,0.2,script,0,1,0,0,0,0,0,0,0,0,0,4.923428162661239,5.227044255352549,0.9171085057127921,0.0,91,2,0,0,0,0,0,0,0,0,0,0,0,0.0,0
malware,README.md,data\raw\malware_webshell\tennc_webshell\web-malware-collection-13-06-2012\README.md,141,9,0,0,0,0,0.1111111111111111,unknown,0,0,0,0,1,0,0,0,0,0,0,5.651398515809225,5.651398515809225,0.19148936170212766,0.0,63,0,0,0,0,0,0,0,0,0,0,0,0,0.0,0
malware,Exception.php,data\raw\malware_webshell\tennc_webshell\webshell-free\php\Exception.php,308,13,1,0,0,0,0.07692307692307693,script,0,1,0,0,0,0,0,0,0,0,0,5.34339573455706,5.34339573455706,0.8961038961038961,0.0,65,0,0,0,0,2,0,0,3,0,0,0,0,0.0,0
malware,README.md,data\raw\malware_webshell\tennc_webshell\webshell-free\README.md,604,9,0,0,0,0,0.1111111111111111,unknown,0,0,0,0,1,0,0,0,0,0,0,6.157632990247752,6.157632990247752,0.5149006622516556,0.0,108,4,0,0,0,0,0,0,0,0,0,0,0,0.0,0
malware,webshell-free-master.zip,data\raw\malware_webshell\tennc_webshell\webshell-free\webshell-free-master.zip,76749,24,1,0,0,0,0.125,archive,0,0,0,1,0,1,1,0,0,0,108,7.7045428626411425,7.805191076256552,0.4313150659943452,0.05934930748283365,256,0,0,0,0,2,0,0,4,108,1,32,0,1.5986657806616373,0
malware,Godzilla.java,data\raw\malware_webshell\tennc_webshell\wsMemShell\Godzilla.java,1043,13,0,0,0,0,0.07692307692307693,unknown,0,0,0,0,1,0,0,0,0,0,0,5.366848771356479,5.366848771356479,0.7957813998082455,0.0,105,0,0,0,0,0,0,0,0,0,0,0,0,0.0,0
malware,1.png,data\raw\malware_webshell\tennc_webshell\wsMemShell\image\1.png,115897,5,1,0,0,0,0.2,image,0,0,0,0,0,1,1,0,0,0,0,7.819141743628726,4.636184179450871,0.3555829745377361,0.009059768587625219,256,0,0,0,0,0,0,0,0,0,0,0,0,0.0,0
malware,2.png,data\raw\malware_webshell\tennc_webshell\wsMemShell\image\2.png,199942,5,1,0,0,0,0.2,image,0,0,0,0,0,1,1,0,0,0,0,7.763352319444914,4.691024413893479,0.3507967310520051,0.021581258564983847,256,0,0,0,0,0,0,0,0,0,0,0,0,0.0,0
malware,3.png,data\raw\malware_webshell\tennc_webshell\wsMemShell\image\3.png,340079,5,1,0,0,0,0.2,image,0,0,0,0,0,1,1,0,0,0,2,7.846180451304199,4.647979296672175,0.3537678010109416,0.011332660940546167,256,0,0,0,0,0,0,0,0,0,0,0,0,0.0,0
malware,ws.jpg,data\raw\malware_webshell\tennc_webshell\wsMemShell\image\ws.jpg,115694,6,1,0,0,0,0.16666666666666666,image,0,0,0,0,0,1,1,0,0,0,1,7.712356821652832,6.27471424167333,0.32442477570141925,0.04823932096737946,256,0,0,0,0,0,0,0,0,0,0,0,0,0.0,0
malware,ws2.jpg,data\raw\malware_webshell\tennc_webshell\wsMemShell\image\ws2.jpg,116766,7,1,0,0,0,0.14285714285714285,image,0,0,0,0,0,1,1,0,0,0,0,7.713140524411554,6.27471424167333,0.3220714934141788,0.04844732199441618,256,0,0,0,0,0,0,0,0,0,0,0,0,0.0,0
malware,readme.md,data\raw\malware_webshell\tennc_webshell\wsMemShell\readme.md,5530,9,0,0,0,0,0.1111111111111111,unknown,0,0,0,0,1,0,0,0,0,0,0,6.492637291412427,6.424770133276983,0.37848101265822787,0.0,152,4,1,0,0,0,0,0,0,0,0,0,0,0.0,0
malware,wsAddAllContainer.jsp,data\raw\malware_webshell\tennc_webshell\wsMemShell\weblogic\wsAddAllContainer.jsp,4009,21,1,0,0,0,0.047619047619047616,script,0,1,0,0,0,0,0,0,0,0,0,4.795172071048209,4.795172071048209,0.9516088800199551,0.0,86,0,0,0,1,2,0,0,4,0,0,0,0,0.0,0
malware,wscmd.jsp,data\raw\malware_webshell\tennc_webshell\wsMemShell\weblogic\wscmd.jsp,2562,9,1,0,0,0,0.1111111111111111,script,0,1,0,0,0,0,0,0,0,0,0,5.131775017909662,5.131775017909662,0.8641686182669789,0.0,123,0,0,0,1,2,0,0,4,0,0,0,0,0.0,0
malware,WsCmd.java,data\raw\malware_webshell\tennc_webshell\wsMemShell\WsCmd.java,9916,10,0,0,0,0,0.1,unknown,0,0,0,0,1,0,0,0,0,0,0,3.9423013769092847,4.275955933756025,0.9903186768858411,0.0,65,0,0,0,1,0,0,0,1,0,0,0,0,0.0,0
malware,wscmd.jsp,data\raw\malware_webshell\tennc_webshell\wsMemShell\wscmd.jsp,2246,9,1,0,0,0,0.1111111111111111,script,0,1,0,0,0,0,0,0,0,0,0,4.543726486880325,4.543726486880325,0.9536954585930543,0.0,66,0,0,0,1,2,0,0,4,0,0,0,0,0.0,0
malware,wsMemShell-main2022-09-20.zip,data\raw\malware_webshell\tennc_webshell\wsMemShell\wsMemShell-main2022-09-20.zip,770547,29,1,0,0,0,0.13793103448275862,archive,0,0,0,1,0,1,1,0,0,0,41,7.998395901457498,7.810716129712393,0.36978925360815107,0.005313108739635609,256,0,0,0,0,0,0,0,0,34,0,10,0,1.2546710323964665,0
malware,wsproxy.jsp,data\raw\malware_webshell\tennc_webshell\wsMemShell\wsproxy.jsp,5583,11,1,0,0,0,0.09090909090909091,script,0,1,0,0,0,0,0,0,0,0,0,4.283473765536777,4.217303758271429,0.9570123589468028,0.0,74,0,0,0,0,0,1,0,2,0,0,0,0,0.0,0
malware,aspmuma.asp,data\raw\malware_webshell\tennc_webshell\www-7jyewu-cn\aspmuma.asp,1652,11,1,0,0,0,0.09090909090909091,script,0,1,0,0,0,0,0,0,0,0,0,5.479249603939522,5.479249603939522,0.8940677966101694,0.0,113,2,0,0,0,2,0,0,2,0,0,0,0,0.0,0
malware,aspx经典大马.aspx,data\raw\malware_webshell\tennc_webshell\www-7jyewu-cn\aspx经典大马.aspx,63636,13,1,0,0,0,0.07692307692307693,script,0,1,0,0,0,0,0,1,0,0,0,4.860484387223191,4.32668400717949,0.9491954239738513,0.0,104,6,7,2,33,0,1,2,36,0,0,0,0,0.0,0
malware,asp小马.asp,data\raw\malware_webshell\tennc_webshell\www-7jyewu-cn\asp小马.asp,3500,9,1,0,0,0,0.1111111111111111,script,0,1,0,0,0,0,0,0,0,0,0,6.1085017808310464,6.1085017808310464,0.8862857142857142,0.0,145,1,0,0,0,0,0,0,0,0,0,0,0,0.0,0
malware,DOC_ZIBSZXBIEG.php,data\raw\malware_webshell\tennc_webshell\www-7jyewu-cn\DOC_ZIBSZXBIEG.php,142970,18,1,0,0,0,0.1111111111111111,script,0,1,0,0,0,0,0,0,0,0,0,6.11282439572204,6.051374999900022,0.9030985521438064,0.0,169,5,7,47,11,13,0,50,389,0,0,0,0,0.0,0
malware,README.md,data\raw\malware_webshell\tennc_webshell\www-7jyewu-cn\README.md,255,9,0,0,0,0,0.1111111111111111,unknown,0,0,0,0,1,0,0,0,0,0,0,6.079144273119652,6.079144273119652,0.3764705882352941,0.0,89,2,0,0,0,0,0,0,0,0,0,0,0,0.0,0
malware,UnKnown 高级Vip防删收费版 (1).asp,data\raw\malware_webshell\tennc_webshell\www-7jyewu-cn\UnKnown 高级Vip防删收费版 (1).asp,128660,26,1,0,0,0,0.19230769230769232,script,0,1,0,0,0,0,0,0,0,0,0,6.217694017715606,6.0415742833371215,0.8951500077724235,0.0,193,6,8,5,39,32,1,5,182,0,0,0,0,0.0,0
malware,UnKnown 高级Vip防删收费版.asp,data\raw\malware_webshell\tennc_webshell\www-7jyewu-cn\UnKnown 高级Vip防删收费版.asp,128650,22,1,0,0,0,0.09090909090909091,script,0,1,0,0,0,0,0,0,0,0,0,6.217930147333197,6.044061688510875,0.895110765643218,0.0,193,6,8,5,39,32,1,5,182,0,0,0,0,0.0,0
malware,【批量下载】银河舰队大马_2014版等.zip,data\raw\malware_webshell\tennc_webshell\www-7jyewu-cn\【批量下载】银河舰队大马_2014版等.zip,1229067,23,1,0,0,0,0.17391304347826086,archive,0,0,0,1,0,1,1,0,0,0,36,6.090987035679453,6.025867528985656,0.9110015971464533,0.0004393576591023923,232,103,107,271,219,272,8,282,1727,14,0,14,0,0.9983955309189816,0
malware,不灭之魂2013改进版本.asp,data\raw\malware_webshell\tennc_webshell\www-7jyewu-cn\不灭之魂2013改进版本.asp,103095,16,1,0,0,0,0.0625,script,0,1,0,0,0,0,0,0,0,0,2,6.081205611999152,5.9344027718769805,0.910888015907658,0.0,196,13,12,0,8,28,1,0,104,0,0,0,0,0.0,0
malware,不灭之魂2014改进版本.asp,data\raw\malware_webshell\tennc_webshell\www-7jyewu-cn\不灭之魂2014改进版本.asp,103016,16,1,0,0,0,0.0625,script,0,1,0,0,0,0,0,0,0,0,2,6.078906886253552,5.904848863060084,0.9110720664751106,0.0,196,13,12,0,8,28,1,0,104,0,0,0,0,0.0,0
malware,传说中的草泥马4.0 (1).asp,data\raw\malware_webshell\tennc_webshell\www-7jyewu-cn\传说中的草泥马4.0 (1).asp,94327,18,1,0,0,0,0.2777777777777778,script,0,1,0,0,0,0,0,0,0,0,0,5.93919259502473,5.869768320634658,0.8761224251804891,0.0,197,11,9,0,7,21,0,0,86,0,0,0,0,0.0,0
malware,传说中的草泥马4.0.asp,data\raw\malware_webshell\tennc_webshell\www-7jyewu-cn\传说中的草泥马4.0.asp,94379,14,1,0,0,0,0.14285714285714285,script,0,1,0,0,0,0,0,0,0,0,0,5.940498580035257,5.878101504765938,0.8758728106888185,0.0,197,11,9,0,7,21,0,0,86,0,0,0,0,0.0,0
malware,免杀php大马.php,data\raw\malware_webshell\tennc_webshell\www-7jyewu-cn\免杀php大马.php,141117,11,1,0,0,0,0.09090909090909091,script,0,1,0,0,0,0,0,0,0,0,0,6.067784618527673,5.990971135613889,0.9147657617438012,0.0,189,5,7,47,11,13,0,50,389,0,0,0,0,0.0,0
malware,国外免杀php大马.php,data\raw\malware_webshell\tennc_webshell\www-7jyewu-cn\国外免杀php大马.php,164075,13,1,0,0,0,0.07692307692307693,script,0,1,0,0,0,0,0,0,0,0,21,5.559462864226696,5.647319512886434,0.9620783178424501,0.0,96,13,2,217,44,14,0,225,301,0,0,0,0,0.0,0
malware,国外免杀PHP大马_未翻译.php,data\raw\malware_webshell\tennc_webshell\www-7jyewu-cn\国外免杀PHP大马_未翻译.php,164084,17,1,0,0,0,0.11764705882352941,script,0,1,0,0,0,0,0,0,0,0,21,5.5593817619800125,5.647319512886434,0.9620803978450062,0.0,96,13,2,217,44,14,0,225,301,0,0,0,0,0.0,0
malware,土司搞基asp大马 (1).asp,data\raw\malware_webshell\tennc_webshell\www-7jyewu-cn\土司搞基asp大马 (1).asp,64597,17,1,0,0,0,0.23529411764705882,script,0,1,0,0,0,0,0,0,0,0,0,5.960472050179985,6.0901855167979155,0.9318853816740715,0.0,190,6,8,0,10,22,1,0,73,0,0,0,0,0.0,0
malware,土司搞基asp大马 (1)_重命名_2014-10-23-14-54-16.asp,data\raw\malware_webshell\tennc_webshell\www-7jyewu-cn\土司搞基asp大马 (1)_重命名_2014-10-23-14-54-16.asp,64537,41,1,0,0,0,0.2682926829268293,script,0,1,0,0,0,0,0,0,0,0,0,5.960622593400234,6.0901855167979155,0.9318220555650247,0.0,190,5,7,0,10,22,1,0,73,0,0,0,0,0.0,0
malware,土司搞基asp大马.asp,data\raw\malware_webshell\tennc_webshell\www-7jyewu-cn\土司搞基asp大马.asp,64544,13,1,0,0,0,0.07692307692307693,script,0,1,0,0,0,0,0,0,0,0,0,5.960184582878768,6.0826527986554515,0.9318294496777392,0.0,190,5,7,0,10,22,1,0,73,0,0,0,0,0.0,0
malware,拿站小助手-经典Asp小马.asp,data\raw\malware_webshell\tennc_webshell\www-7jyewu-cn\拿站小助手-经典Asp小马.asp,3497,17,1,0,0,0,0.11764705882352941,script,0,1,0,0,0,0,0,0,0,0,0,6.113526004539255,6.113526004539255,0.8861881612810981,0.0,146,1,0,0,0,0,0,0,0,0,0,0,0,0.0,0
malware,星外虚拟机提权专用asp大马 (1).asp,data\raw\malware_webshell\tennc_webshell\www-7jyewu-cn\星外虚拟机提权专用asp大马 (1).asp,90164,22,1,0,0,0,0.18181818181818182,script,0,1,0,0,0,0,0,0,0,0,0,5.966528575411138,5.833423437939866,0.9110953373852092,0.0,190,10,18,0,13,32,1,0,116,0,0,0,0,0.0,0
malware,星外虚拟机提权专用asp大马 (1)_重命名_2014-10-23-14-54-16.asp,data\raw\malware_webshell\tennc_webshell\www-7jyewu-cn\星外虚拟机提权专用asp大马 (1)_重命名_2014-10-23-14-54-16.asp,90104,46,1,0,0,0,0.2391304347826087,script,0,1,0,0,0,0,0,0,0,0,0,5.966602515674378,5.833423437939866,0.9110361360205984,0.0,190,9,17,0,13,32,1,0,116,0,0,0,0,0.0,0
malware,星外虚拟机提权专用asp大马.asp,data\raw\malware_webshell\tennc_webshell\www-7jyewu-cn\星外虚拟机提权专用asp大马.asp,90111,18,1,0,0,0,0.05555555555555555,script,0,1,0,0,0,0,0,0,0,0,0,5.966559957594532,5.835307470099125,0.9110430469088124,0.0,190,9,17,0,13,32,1,0,116,0,0,0,0,0.0,0
malware,最新过安全狗- 免杀PHP大马 -.php,data\raw\malware_webshell\tennc_webshell\www-7jyewu-cn\最新过安全狗- 免杀PHP大马 -.php,141122,21,1,0,0,0,0.23809523809523808,script,0,1,0,0,0,0,0,0,0,0,0,6.067733110573154,5.9861264055324845,0.9147687816215757,0.0,189,5,7,47,11,13,0,50,389,0,0,0,0,0.0,0
malware,法克僵尸大马 (1).asp,data\raw\malware_webshell\tennc_webshell\www-7jyewu-cn\法克僵尸大马 (1).asp,102034,14,1,0,0,0,0.2857142857142857,script,0,1,0,0,0,0,0,0,0,0,0,5.86481392183568,5.831281251694962,0.9115000882058921,0.0,195,11,14,0,22,51,1,0,182,0,0,0,0,0.0,0
malware,法克僵尸大马.asp,data\raw\malware_webshell\tennc_webshell\www-7jyewu-cn\法克僵尸大马.asp,102038,10,1,0,0,0,0.1,script,0,1,0,0,0,0,0,0,0,0,0,5.864406855235785,5.821189843289329,0.9115035574981869,0.0,195,11,14,0,22,51,1,0,182,0,0,0,0,0.0,0
malware,火狐NEW WebShell (1).asp,data\raw\malware_webshell\tennc_webshell\www-7jyewu-cn\火狐NEW WebShell (1).asp,84618,22,1,0,0,0,0.22727272727272727,script,0,1,0,0,0,0,0,0,0,0,0,5.9469856128427665,6.201677742535815,0.8719775934198397,0.0,190,4,5,0,4,15,1,0,77,0,0,0,0,0.0,0
malware,火狐NEW WebShell (1)_重命名_2014-10-23-14-54-16.asp,data\raw\malware_webshell\tennc_webshell\www-7jyewu-cn\火狐NEW WebShell (1)_重命名_2014-10-23-14-54-16.asp,84558,46,1,0,0,0,0.2608695652173913,script,0,1,0,0,0,0,0,0,0,0,0,5.947034417724718,6.201677742535815,0.8718867522883701,0.0,190,3,4,0,4,15,1,0,77,0,0,0,0,0.0,0
malware,火狐NEW WebShell.asp,data\raw\malware_webshell\tennc_webshell\www-7jyewu-cn\火狐NEW WebShell.asp,84551,18,1,0,0,0,0.1111111111111111,script,0,1,0,0,0,0,0,0,0,0,0,5.946439599674734,6.190464435805552,0.8718998001206373,0.0,190,2,4,0,4,15,1,0,77,0,0,0,0,0.0,0
malware,牛逼免杀提权隐藏大马 (1).asp,data\raw\malware_webshell\tennc_webshell\www-7jyewu-cn\牛逼免杀提权隐藏大马 (1).asp,64943,18,1,0,0,0,0.2222222222222222,script,0,1,0,0,0,0,0,0,0,0,0,5.9551857531350185,5.982815071520692,0.9305236900050814,0.0,190,6,8,0,10,22,1,0,73,0,0,0,0,0.0,0
malware,牛逼免杀提权隐藏大马 (1)_重命名_2014-10-23-14-54-16.asp,data\raw\malware_webshell\tennc_webshell\www-7jyewu-cn\牛逼免杀提权隐藏大马 (1)_重命名_2014-10-23-14-54-16.asp,64883,42,1,0,0,0,0.2619047619047619,script,0,1,0,0,0,0,0,0,0,0,0,5.955323863142664,5.982815071520692,0.9304594423809011,0.0,190,5,7,0,10,22,1,0,73,0,0,0,0,0.0,0
malware,牛逼免杀提权隐藏大马.asp,data\raw\malware_webshell\tennc_webshell\www-7jyewu-cn\牛逼免杀提权隐藏大马.asp,64890,14,1,0,0,0,0.07142857142857142,script,0,1,0,0,0,0,0,0,0,0,0,5.954886315490976,5.975020416243856,0.9304669440591771,0.0,190,5,7,0,10,22,1,0,73,0,0,0,0,0.0,0
malware,银河舰队大马_2012版.asp,data\raw\malware_webshell\tennc_webshell\www-7jyewu-cn\银河舰队大马_2012版.asp,91392,16,1,0,0,0,0.125,script,0,1,0,0,0,0,0,0,0,0,0,5.928963973372102,5.932444137466645,0.8677236519607843,0.0,196,5,9,0,7,21,0,0,86,0,0,0,0,0.0,0
malware,银河舰队大马_2014版.asp,data\raw\malware_webshell\tennc_webshell\www-7jyewu-cn\银河舰队大马_2014版.asp,91388,16,1,0,0,0,0.125,script,0,1,0,0,0,0,0,0,0,0,0,5.929172577404636,5.936863088019619,0.8677178623013962,0.0,196,5,9,0,7,21,0,0,86,0,0,0,0,0.0,0
malware,非常牛逼的Jsp大马.jsp,data\raw\malware_webshell\tennc_webshell\www-7jyewu-cn\非常牛逼的Jsp大马.jsp,31023,14,1,0,0,0,0.07142857142857142,script,0,1,0,0,0,0,0,0,0,0,0,5.464668923876794,5.412981571699974,0.9025239338555265,0.0,176,6,0,0,11,1,0,0,22,0,0,0,0,0.0,0
malware,Ajan.asp.txt,data\raw\malware_webshell\tennc_webshell\xakep-shells\ASP\Ajan.asp.txt,1326,12,2,1,0,0,0.16666666666666666,document,0,1,0,0,0,0,0,0,0,0,0,5.075785399719294,5.075785399719294,0.9562594268476622,0.0,67,1,0,0,0,0,0,0,0,0,0,0,0,0.0,0
malware,aspydrv.asp.txt,data\raw\malware_webshell\tennc_webshell\xakep-shells\ASP\aspydrv.asp.txt,35313,15,2,1,0,0,0.13333333333333333,document,0,1,0,0,0,0,0,0,0,0,0,5.532313299349555,5.150589387402969,0.9290629513210432,0.0,93,1,0,0,11,9,0,0,84,0,0,0,0,0.0,0
malware,cmd-asp-5.1.asp.txt,data\raw\malware_webshell\tennc_webshell\xakep-shells\ASP\cmd-asp-5.1.asp.txt,1241,19,2,1,0,0,0.2631578947368421,document,0,1,0,0,0,0,0,0,0,0,0,5.432367461617462,5.432367461617462,0.9339242546333602,0.0,73,2,0,0,4,3,0,0,8,0,0,0,0,0.0,0
malware,CMD.asp.txt,data\raw\malware_webshell\tennc_webshell\xakep-shells\ASP\CMD.asp.txt,1521,11,2,1,0,0,0.18181818181818182,document,0,1,0,0,0,0,0,0,0,0,0,5.213441962580128,5.213441962580128,0.9303090072320842,0.0,72,0,0,0,3,3,0,0,7,0,0,0,0,0.0,0
malware,CmdAsp.asp.txt,data\raw\malware_webshell\tennc_webshell\xakep-shells\ASP\CmdAsp.asp.txt,1483,14,2,1,0,0,0.14285714285714285,document,0,1,0,0,0,0,0,0,0,0,0,5.344410974637499,5.344410974637499,0.925826028320971,0.0,73,0,0,0,3,3,0,0,7,0,0,0,0,0.0,0
malware,CyberSpy5.Asp.txt,data\raw\malware_webshell\tennc_webshell\xakep-shells\ASP\CyberSpy5.Asp.txt,83029,17,2,1,0,0,0.11764705882352941,document,0,1,0,0,0,0,0,0,0,0,2,6.103780309576539,6.005036665083545,0.9555938286622746,0.0,118,0,0,0,0,0,0,0,0,0,0,0,0,0.0,0
malware,EFSO_2.asp.txt,data\raw\malware_webshell\tennc_webshell\xakep-shells\ASP\EFSO_2.asp.txt,163656,14,2,1,0,0,0.21428571428571427,document,0,1,0,0,0,0,0,0,0,0,0,6.069559365880694,6.066948832813229,0.9573495624969448,0.0,119,0,0,12,1,0,0,12,13,0,0,0,0,0.0,0
malware,Elmali Seker.asp.txt,data\raw\malware_webshell\tennc_webshell\xakep-shells\ASP\Elmali Seker.asp.txt,65962,20,2,1,0,0,0.15,document,0,1,0,0,0,0,0,0,0,0,0,5.3874719802447375,5.304195144008011,0.9295655074133592,0.0,95,1,0,1,24,13,0,1,103,0,0,0,0,0.0,0
malware,elmaliseker.asp.txt,data\raw\malware_webshell\tennc_webshell\xakep-shells\ASP\elmaliseker.asp.txt,65962,19,2,1,0,0,0.10526315789473684,document,0,1,0,0,0,0,0,0,0,0,0,5.3874719802447375,5.304195144008011,0.9295655074133592,0.0,95,1,0,1,24,13,0,1,103,0,0,0,0,0.0,0
malware,indexer.asp.txt,data\raw\malware_webshell\tennc_webshell\xakep-shells\ASP\indexer.asp.txt,10269,15,2,1,0,0,0.13333333333333333,document,0,1,0,0,0,0,0,0,0,0,0,6.238475491080621,6.195559978580528,0.9461486025903204,0.0,109,0,0,0,0,0,0,0,0,0,0,0,0,0.0,0
malware,kacak.asp.txt,data\raw\malware_webshell\tennc_webshell\xakep-shells\ASP\kacak.asp.txt,34440,13,2,1,0,0,0.15384615384615385,document,0,1,0,0,0,0,0,0,0,0,0,5.238816213794912,5.242420934549047,0.9434668989547038,0.0,101,8,0,0,0,3,0,0,36,0,0,0,0,0.0,0
malware,klasvayv.asp.txt,data\raw\malware_webshell\tennc_webshell\xakep-shells\ASP\klasvayv.asp.txt,34631,16,2,1,0,0,0.125,document,0,1,0,0,0,0,0,0,0,0,0,5.230956846032405,5.206584569570417,0.9436054402125263,0.0,99,12,0,0,0,3,0,0,36,0,0,0,0,0.0,0
malware,NT Addy.asp.txt,data\raw\malware_webshell\tennc_webshell\xakep-shells\ASP\NT Addy.asp.txt,39868,15,2,1,0,0,0.2,document,0,1,0,0,0,0,0,0,0,0,0,5.3572785423388805,5.2387695930720195,0.9490568877295074,0.0,93,0,0,0,6,3,0,0,66,0,0,0,0,0.0,0
malware,ntdaddy.asp.txt,data\raw\malware_webshell\tennc_webshell\xakep-shells\ASP\ntdaddy.asp.txt,39868,15,2,1,0,0,0.13333333333333333,document,0,1,0,0,0,0,0,0,0,0,0,5.3572785423388805,5.2387695930720195,0.9490568877295074,0.0,93,0,0,0,6,3,0,0,66,0,0,0,0,0.0,0
malware,Rader.asp.txt,data\raw\malware_webshell\tennc_webshell\xakep-shells\ASP\Rader.asp.txt,9277,13,2,1,0,0,0.15384615384615385,document,0,1,0,0,0,0,0,0,0,0,0,6.190046791750243,6.187599762358677,0.9431928425137437,0.0,108,1,0,0,0,0,0,0,0,0,0,0,0,0.0,0
malware,Reader.asp.txt,data\raw\malware_webshell\tennc_webshell\xakep-shells\ASP\Reader.asp.txt,9277,14,2,1,0,0,0.14285714285714285,document,0,1,0,0,0,0,0,0,0,0,0,6.190046791750243,6.187599762358677,0.9431928425137437,0.0,108,1,0,0,0,0,0,0,0,0,0,0,0,0.0,0
malware,RemExp.asp.txt,data\raw\malware_webshell\tennc_webshell\xakep-shells\ASP\RemExp.asp.txt,7695,14,2,1,0,0,0.14285714285714285,document,0,1,0,0,0,0,0,0,0,0,0,5.380348509864139,5.40727886082505,0.9348927875243664,0.0,89,0,0,0,0,1,0,0,7,0,0,0,0,0.0,0
malware,Server Variables.asp.txt,data\raw\malware_webshell\tennc_webshell\xakep-shells\ASP\Server Variables.asp.txt,856,24,2,1,0,0,0.125,document,0,1,0,0,0,0,0,0,0,0,0,5.094362454933384,5.094362454933384,0.9369158878504673,0.0,63,0,0,0,0,0,0,0,0,0,0,0,0,0.0,0
malware,Tool.asp.txt,data\raw\malware_webshell\tennc_webshell\xakep-shells\ASP\Tool.asp.txt,46361,12,2,1,0,0,0.16666666666666666,document,0,1,0,0,0,0,0,0,0,0,0,5.573085543301415,5.22826214674852,0.9114557494445763,0.0,100,3,0,1,6,12,0,1,83,0,0,0,0,0.0,0
malware,Zehir 4.asp.txt,data\raw\malware_webshell\tennc_webshell\xakep-shells\ASP\Zehir 4.asp.txt,51405,15,2,1,0,0,0.2,document,0,1,0,0,0,0,0,0,0,0,0,4.979273171394534,4.893012110247283,0.9511526116136563,0.0,109,1,0,0,0,8,0,0,31,0,0,0,0,0.0,0
malware,zehir4.asp.txt,data\raw\malware_webshell\tennc_webshell\xakep-shells\ASP\zehir4.asp.txt,51405,14,2,1,0,0,0.14285714285714285,document,0,1,0,0,0,0,0,0,0,0,0,4.979273171394534,4.893012110247283,0.9511526116136563,0.0,109,1,0,0,0,8,0,0,31,0,0,0,0,0.0,0
malware,go-shell.cgi.txt,data\raw\malware_webshell\tennc_webshell\xakep-shells\CGI\go-shell.cgi.txt,2137,16,2,1,0,0,0.1875,document,0,1,0,0,0,0,0,0,0,0,0,5.472285830823162,5.472285830823162,0.9195133364529715,0.0,82,0,0,0,6,0,0,0,6,0,0,0,0,0.0,0
malware,lurm_safemod_on.cgi.txt,data\raw\malware_webshell\tennc_webshell\xakep-shells\CGI\lurm_safemod_on.cgi.txt,2649,23,2,1,0,0,0.17391304347826086,document,0,1,0,0,0,0,0,0,0,0,0,5.292019104337552,5.292019104337552,0.9297848244620611,0.0,86,0,0,0,6,0,0,0,6,0,0,0,0,0.0,0
malware,telnet.cgi.txt,data\raw\malware_webshell\tennc_webshell\xakep-shells\CGI\telnet.cgi.txt,27538,14,2,1,0,0,0.14285714285714285,document,0,1,0,0,0,0,0,0,0,0,0,4.679924595993057,4.387978600130177,0.9493427264144092,0.0,95,7,0,0,0,0,0,0,0,0,0,0,0,0.0,0
malware,WebShell.cgi.txt,data\raw\malware_webshell\tennc_webshell\xakep-shells\CGI\WebShell.cgi.txt,26429,16,2,1,0,0,0.125,document,0,1,0,0,0,0,0,0,0,0,0,4.804189631682658,5.097168874991297,0.9342389042339854,0.0,94,4,0,0,0,0,0,0,0,0,0,0,0,0.0,0
malware,cmdjsp.jsp.txt,data\raw\malware_webshell\tennc_webshell\xakep-shells\JSP\cmdjsp.jsp.txt,757,14,2,1,0,0,0.14285714285714285,document,0,1,0,0,0,0,0,0,0,0,0,4.961264559400151,4.961264559400151,0.9154557463672391,0.0,68,1,0,0,9,1,0,0,11,0,0,0,0,0.0,0
malware,Java Shell.js.txt,data\raw\malware_webshell\tennc_webshell\xakep-shells\JSP\Java Shell.js.txt,3112,17,2,1,0,0,0.17647058823529413,document,0,1,0,0,0,0,0,0,0,0,0,5.225108450164387,5.225108450164387,0.837082262210797,0.0,76,0,0,0,0,1,0,0,1,0,0,0,0,0.0,0
malware,jsp-reverse.jsp.txt,data\raw\malware_webshell\tennc_webshell\xakep-shells\JSP\jsp-reverse.jsp.txt,2542,19,2,1,0,0,0.15789473684210525,document,0,1,0,0,0,0,0,0,0,0,0,4.198998648097017,4.198998648097017,0.9284028324154209,0.0,70,2,0,0,1,1,0,0,4,0,0,0,0,0.0,0
malware,jspshall.jsp.txt,data\raw\malware_webshell\tennc_webshell\xakep-shells\JSP\jspshall.jsp.txt,36152,16,2,1,0,0,0.125,document,0,1,0,0,0,0,0,0,0,0,0,5.154139844491384,5.117781913289602,0.9523677804824077,0.0,92,1,0,0,1,1,0,0,34,0,0,0,0,0.0,0
malware,JspWebshell 1.2.jsp.txt,data\raw\malware_webshell\tennc_webshell\xakep-shells\JSP\JspWebshell 1.2.jsp.txt,26862,23,2,1,0,0,0.17391304347826086,document,0,1,0,0,0,0,0,0,0,0,0,5.398712398764891,5.419102178618442,0.8962474871565781,0.0,173,0,0,0,6,1,0,0,31,0,0,0,0,0.0,0
malware,mod_joomla_shell.PNG,data\raw\malware_webshell\tennc_webshell\xakep-shells\others\mod_joomla_shell.PNG,7021,20,1,0,1,0,0.15,image,0,0,0,0,0,1,1,0,0,0,0,7.916988306496279,4.2483203810934285,0.36305369605469306,0.01153681811707734,256,0,0,0,0,0,0,0,0,0,0,0,0,0.0,0
malware,mod_joomla_shell.zip,data\raw\malware_webshell\tennc_webshell\xakep-shells\others\mod_joomla_shell.zip,34247,20,1,0,0,0,0.15,archive,0,0,0,1,0,1,1,0,0,0,1,7.993168872503607,7.947622127464328,0.37063100417554823,0.005635530119426519,256,0,0,0,0,0,0,0,0,2,0,1,0,1.3151224924810931,0
malware,DefaceKeeper_0.2.php.txt,data\raw\malware_webshell\tennc_webshell\xakep-shells\others\tools\DefaceKeeper_0.2.php.txt,1692,24,2,1,0,0,0.16666666666666666,document,0,1,0,0,0,0,0,0,0,0,0,5.9287172951605305,5.9287172951605305,0.9533096926713948,0.0,85,2,0,11,0,1,0,12,13,0,0,0,0,0.0,0
malware,Asmodeus v0.1.pl.txt,data\raw\malware_webshell\tennc_webshell\xakep-shells\PERL\Asmodeus v0.1.pl.txt,1652,20,2,1,0,0,0.2,document,0,1,0,0,0,0,0,0,0,0,0,5.382527866544633,5.382527866544633,0.8426150121065376,0.0,73,1,1,0,0,4,1,0,5,0,0,0,0,0.0,0
malware,connectback2.pl.txt,data\raw\malware_webshell\tennc_webshell\xakep-shells\PERL\connectback2.pl.txt,2159,19,2,1,0,0,0.10526315789473684,document,0,1,0,0,0,0,0,0,0,0,0,5.559646245294952,5.559646245294952,0.9439555349698935,0.0,85,0,6,0,0,2,1,0,3,0,0,0,0,0.0,0
malware,perlbot.pl.txt,data\raw\malware_webshell\tennc_webshell\xakep-shells\PERL\perlbot.pl.txt,18978,14,2,1,0,0,0.14285714285714285,document,0,1,0,0,0,0,0,0,0,0,0,5.057523791603679,5.150739134799637,0.9270207608810201,0.0,98,0,1,0,0,1,0,0,1,0,0,0,0,0.0,0
malware,shellbot.pl.txt,data\raw\malware_webshell\tennc_webshell\xakep-shells\PERL\shellbot.pl.txt,22832,15,2,1,0,0,0.13333333333333333,document,0,1,0,0,0,0,0,0,0,0,0,4.857377330388546,2.9822925387393973,0.9381569726699369,0.0,99,0,1,0,0,1,0,0,1,0,0,0,0,0.0,0
malware,telnet.pl.txt,data\raw\malware_webshell\tennc_webshell\xakep-shells\PERL\telnet.pl.txt,23856,13,2,1,0,0,0.15384615384615385,document,0,1,0,0,0,0,0,0,0,0,0,5.1292795867509104,4.824668889953022,0.9186787391012743,0.0,96,8,0,0,0,0,0,0,0,0,0,0,0,0.0,0
malware,telnetd.pl.txt,data\raw\malware_webshell\tennc_webshell\xakep-shells\PERL\telnetd.pl.txt,11715,14,2,1,0,0,0.14285714285714285,document,0,1,0,0,0,0,0,0,0,0,0,5.367236496705825,5.49587779400355,0.9211267605633803,0.0,94,0,0,0,1,6,0,0,7,0,0,0,0,0.0,0
malware,1.txt,data\raw\malware_webshell\tennc_webshell\xakep-shells\PHP\1.txt,554540,5,1,0,0,0,0.2,document,0,0,0,0,0,0,0,0,0,0,54,5.611540524166953,5.038071134131631,0.9691059256320554,0.0,98,16,1,4655,46,29,0,4664,4839,0,0,0,0,0.0,0
malware,2008.php.php.txt,data\raw\malware_webshell\tennc_webshell\xakep-shells\PHP\2008.php.php.txt,68972,16,3,1,0,0,0.1875,document,0,1,0,0,0,0,0,0,0,0,0,5.670056915915017,6.036138542382728,0.8711651104796149,0.0,186,4,0,14,2,10,0,18,54,0,0,0,0,0.0,0
malware,a_gedit.php.php.txt,data\raw\malware_webshell\tennc_webshell\xakep-shells\PHP\a_gedit.php.php.txt,31546,19,3,1,0,0,0.21052631578947367,document,0,1,0,0,0,0,0,0,0,0,0,5.6750660632296395,5.48014165268554,0.9389780003803969,0.0,165,0,0,0,12,6,0,0,112,0,0,0,0,0.0,0
malware,accept_language.php.txt,data\raw\malware_webshell\tennc_webshell\xakep-shells\PHP\accept_language.php.txt,77,23,2,1,0,0,0.13043478260869565,document,0,1,0,0,0,0,0,0,0,0,0,5.237121443095627,5.237121443095627,0.974025974025974,0.0,43,0,0,0,0,1,0,0,1,0,0,0,0,0.0,0
malware,Ajax_PHP Command Shell.php.txt,data\raw\malware_webshell\tennc_webshell\xakep-shells\PHP\Ajax_PHP Command Shell.php.txt,18181,30,2,1,0,0,0.16666666666666666,document,0,1,0,0,0,0,0,0,0,0,0,5.3820516887296135,5.383875393019363,0.8721192453660415,0.0,94,3,0,0,19,5,0,0,37,0,0,0,0,0.0,0
malware,ak74shell.php.php.txt,data\raw\malware_webshell\tennc_webshell\xakep-shells\PHP\ak74shell.php.php.txt,20232,21,3,1,0,0,0.14285714285714285,document,0,1,0,0,0,0,0,0,0,0,0,5.620836788532929,5.192488485056003,0.9036674574930803,0.0,134,4,0,0,0,2,0,0,55,0,0,0,0,0.0,0
malware,Antichat Shell v1.3.php.txt,data\raw\malware_webshell\tennc_webshell\xakep-shells\PHP\Antichat Shell v1.3.php.txt,9178,27,2,1,0,0,0.18518518518518517,document,0,1,0,0,0,0,0,0,0,0,0,5.641081972058615,5.744650477824696,0.9592503813466986,0.0,93,1,0,0,3,1,0,0,25,0,0,0,0,0.0,0
malware,Antichat Socks5 Server.php.php.txt,data\raw\malware_webshell\tennc_webshell\xakep-shells\PHP\Antichat Socks5 Server.php.php.txt,15757,34,3,1,0,0,0.14705882352941177,document,0,1,0,0,0,0,0,0,0,0,0,5.323574797453721,4.405910180954565,0.8863996953734848,0.0,95,0,4,0,0,0,0,0,0,0,0,0,0,0.0,0
malware,antichat.php.php.txt,data\raw\malware_webshell\tennc_webshell\xakep-shells\PHP\antichat.php.php.txt,13193,20,3,1,0,0,0.15,document,0,1,0,0,0,0,0,0,0,0,0,5.551588260628604,5.548158896685363,0.9417873114530433,0.0,93,1,0,0,7,2,0,0,49,0,0,0,0,0.0,0
malware,Ayyildiz Tim  -AYT- Shell v 2.1 Biz.html.txt,data\raw\malware_webshell\tennc_webshell\xakep-shells\PHP\Ayyildiz Tim  -AYT- Shell v 2.1 Biz.html.txt,10144,44,1,0,0,0,0.2727272727272727,document,0,0,0,0,0,0,0,0,0,0,0,5.536058333211356,5.637280735052864,0.9354298107255521,0.0,95,2,0,0,0,2,0,0,2,0,0,0,0,0.0,0
malware,aZRaiLPhp v1.0.php.txt,data\raw\malware_webshell\tennc_webshell\xakep-shells\PHP\aZRaiLPhp v1.0.php.txt,10705,22,2,1,0,0,0.18181818181818182,document,0,1,0,0,0,0,0,0,0,0,0,5.3797502269548785,5.270044379180893,0.9396543671181691,0.0,98,1,0,0,0,0,0,0,1,0,0,0,0,0.0,0
malware,backdoor1.php.txt,data\raw\malware_webshell\tennc_webshell\xakep-shells\PHP\backdoor1.php.txt,5945,17,2,1,0,0,0.11764705882352941,document,0,1,0,0,0,0,0,0,0,0,0,5.194400793789565,5.0196271078050065,0.9382674516400337,0.0,85,1,0,0,0,1,0,0,24,0,0,0,0,0.0,0
malware,backdoorfr.php.txt,data\raw\malware_webshell\tennc_webshell\xakep-shells\PHP\backdoorfr.php.txt,9220,18,2,1,0,0,0.1111111111111111,document,0,1,0,0,0,0,0,0,0,0,0,5.3835833351477875,5.4071084280392725,0.943709327548807,0.0,96,3,0,0,5,5,0,0,21,0,0,0,0,0.0,0
malware,backup.php.php.txt,data\raw\malware_webshell\tennc_webshell\xakep-shells\PHP\backup.php.php.txt,1284,18,3,1,0,0,0.16666666666666666,document,0,1,0,0,0,0,0,0,0,0,0,5.730859219728759,5.730859219728759,0.9649532710280374,0.0,84,2,0,0,0,0,0,0,8,0,0,0,0,0.0,0
malware,backupsql.php.php.txt,data\raw\malware_webshell\tennc_webshell\xakep-shells\PHP\backupsql.php.php.txt,6500,21,3,1,0,0,0.14285714285714285,document,0,1,0,0,0,0,0,0,0,0,0,5.338040834809269,5.115653065637877,0.948,0.0,87,0,0,0,0,2,0,0,10,0,0,0,0,0.0,0
malware,c100.php.txt,data\raw\malware_webshell\tennc_webshell\xakep-shells\PHP\c100.php.txt,232697,12,2,1,0,0,0.16666666666666666,document,0,1,0,0,0,0,0,0,0,0,29,5.894294971133067,4.964944734045585,0.9691100443924933,0.0,97,22,1,229,52,24,0,238,399,0,0,0,0,0.0,0
malware,c2007.php.php.txt,data\raw\malware_webshell\tennc_webshell\xakep-shells\PHP\c2007.php.php.txt,167616,17,3,1,0,0,0.17647058823529413,document,0,1,0,0,0,0,0,0,0,0,21,5.614981018085909,5.354212252759322,0.9606123520427644,0.0,98,10,1,225,40,12,0,232,317,0,0,0,0,0.0,0
malware,c99madshell_v2.0.php.php.txt,data\raw\malware_webshell\tennc_webshell\xakep-shells\PHP\c99madshell_v2.0.php.php.txt,44348,28,3,1,0,0,0.17857142857142858,document,0,1,0,0,0,0,0,0,0,0,7,6.011254134044304,6.05106143235142,0.999729412825832,0.0,78,0,0,1,0,1,0,3,4,0,0,0,0,0.0,0
malware,c99madshell_v2.1.php.php.txt,data\raw\malware_webshell\tennc_webshell\xakep-shells\PHP\c99madshell_v2.1.php.php.txt,143758,28,3,1,0,0,0.17857142857142858,document,0,1,0,0,0,0,0,0,0,0,0,5.432416565546898,5.173998227303196,0.9649689060782705,0.0,98,4,0,0,26,6,0,2,112,0,0,0,0,0.0,0
malware,c99php.txt,data\raw\malware_webshell\tennc_webshell\xakep-shells\PHP\c99php.txt,137787,10,1,0,0,0,0.1,document,0,0,0,0,0,0,0,0,0,0,25,5.8706935444218225,5.516130693291131,0.9547344814822879,0.0,122,6,1,502,19,4,0,508,535,0,0,0,0,0.0,0
malware,c99shell_v1.0.php.php.txt,data\raw\malware_webshell\tennc_webshell\xakep-shells\PHP\c99shell_v1.0.php.php.txt,142406,25,3,1,0,0,0.2,document,0,1,0,0,0,0,0,0,0,0,25,5.915682363242318,5.7498558710123175,0.9474039015210033,0.0,135,6,1,501,11,4,1,507,527,0,0,0,0,0.0,0
malware,Casus15.php.php.txt,data\raw\malware_webshell\tennc_webshell\xakep-shells\PHP\Casus15.php.php.txt,14037,19,3,1,0,0,0.15789473684210525,document,0,1,0,0,0,0,0,0,0,0,0,5.420957482127141,5.33813127327954,0.9455724157583529,0.0,93,1,0,0,0,1,0,0,2,0,0,0,0,0.0,0
malware,Crystal.php.txt,data\raw\malware_webshell\tennc_webshell\xakep-shells\PHP\Crystal.php.txt,57262,15,2,1,0,0,0.13333333333333333,document,0,1,0,0,0,0,0,0,0,0,0,5.52216886726045,5.4105209822013824,0.9395061297195347,0.0,137,7,0,0,23,10,0,0,79,0,0,0,0,0.0,0
malware,crystal.txt,data\raw\malware_webshell\tennc_webshell\xakep-shells\PHP\crystal.txt,57262,11,1,0,0,0,0.09090909090909091,document,0,0,0,0,0,0,0,0,0,0,0,5.52216886726045,5.4105209822013824,0.9395061297195347,0.0,137,7,0,0,23,10,0,0,79,0,0,0,0,0.0,0
malware,csh.php.php.txt,data\raw\malware_webshell\tennc_webshell\xakep-shells\PHP\csh.php.php.txt,12984,15,3,1,0,0,0.2,document,0,1,0,0,0,0,0,0,0,0,0,5.532820915230925,5.5399821881272295,0.9483980283425755,0.0,92,2,0,0,6,5,0,0,26,0,0,0,0,0.0,0
malware,ctt_sh.php.php.txt,data\raw\malware_webshell\tennc_webshell\xakep-shells\PHP\ctt_sh.php.php.txt,133320,18,3,1,0,0,0.2222222222222222,document,0,1,0,0,0,0,0,0,0,0,26,5.966385528014339,5.173660344676719,0.945919591959196,0.0,150,2,0,537,12,5,0,541,570,0,0,0,0,0.0,0
malware,cyberlords_sql.php.php.txt,data\raw\malware_webshell\tennc_webshell\xakep-shells\PHP\cyberlords_sql.php.php.txt,76374,26,3,1,0,0,0.15384615384615385,document,0,1,0,0,0,0,0,0,0,0,0,5.826601516676688,5.909767262108065,0.9418781260638437,0.0,143,3,0,128,0,0,0,129,142,0,0,0,0,0.0,0
malware,cybershell.php.php.txt,data\raw\malware_webshell\tennc_webshell\xakep-shells\PHP\cybershell.php.php.txt,36185,22,3,1,0,0,0.13636363636363635,document,0,1,0,0,0,0,0,0,0,0,0,5.981884676667568,5.95464771297016,0.9129473538759154,0.0,140,2,0,4,5,7,0,5,60,0,0,0,0,0.0,0
malware,dC3 Security Crew Shell PRiV.php.txt,data\raw\malware_webshell\tennc_webshell\xakep-shells\PHP\dC3 Security Crew Shell PRiV.php.txt,44666,36,2,1,0,0,0.16666666666666666,document,0,1,0,0,0,0,0,0,0,0,1,5.859624938443138,5.357702465879641,0.9430439260287466,0.0,94,1,0,160,0,11,0,164,272,0,0,0,0,0.0,0
malware,Dive Shell 1.0 - Emperor Hacking Team.php.txt,data\raw\malware_webshell\tennc_webshell\xakep-shells\PHP\Dive Shell 1.0 - Emperor Hacking Team.php.txt,5698,45,2,1,0,0,0.2222222222222222,document,0,1,0,0,0,0,0,0,0,0,0,5.335098403783533,5.177436711789282,0.9347139347139347,0.0,88,0,0,0,0,1,0,0,18,0,0,0,0,0.0,0
malware,DTool Pro.php.txt,data\raw\malware_webshell\tennc_webshell\xakep-shells\PHP\DTool Pro.php.txt,14642,17,2,1,0,0,0.17647058823529413,document,0,1,0,0,0,0,0,0,0,0,0,5.480736655595598,5.40007456481288,0.9684469334790329,0.0,90,3,0,0,47,12,0,0,64,0,0,0,0,0.0,0
malware,Dx.php.php.txt,data\raw\malware_webshell\tennc_webshell\xakep-shells\PHP\Dx.php.php.txt,113632,14,3,1,0,0,0.21428571428571427,document,0,1,0,0,0,0,0,0,0,0,1,5.9280594617173925,5.682748115185665,0.9389080540692762,0.0,99,9,1,12,18,7,0,16,558,0,0,0,0,0.0,0
malware,DxShell.php.php.txt,data\raw\malware_webshell\tennc_webshell\xakep-shells\PHP\DxShell.php.php.txt,111446,19,3,1,0,0,0.15789473684210525,document,0,1,0,0,0,0,0,0,0,0,1,5.906028989638417,5.658587575177445,0.955117276528543,0.0,99,8,1,12,18,7,0,16,550,0,0,0,0,0.0,0
malware,Fatalshell.php.php.txt,data\raw\malware_webshell\tennc_webshell\xakep-shells\PHP\Fatalshell.php.php.txt,16657,22,3,1,0,0,0.13636363636363635,document,0,1,0,0,0,0,0,0,0,0,0,5.557997762493029,5.571419909294948,0.9588761481659362,0.0,102,1,0,0,11,6,0,0,53,0,0,0,0,0.0,0
malware,framer.zip,data\raw\malware_webshell\tennc_webshell\xakep-shells\PHP\framer.zip,1494267,10,1,0,0,0,0.1,archive,0,0,0,1,0,1,1,0,0,0,745,7.947728493748372,7.588596647379075,0.39117306344850017,0.023512531562297767,256,0,0,0,0,0,0,0,0,698,0,52,0,2.0492616112113833,0
malware,fuckphpshell.php.txt,data\raw\malware_webshell\tennc_webshell\xakep-shells\PHP\fuckphpshell.php.txt,9799,20,2,1,0,0,0.1,document,0,1,0,0,0,0,0,0,0,0,0,5.1313867675473475,4.812960968574764,0.9344831105214818,0.0,89,0,0,0,21,5,0,0,49,0,0,0,0,0.0,0
malware,GFS web-shell ver 3.1.7 - PRiV8.php.txt,data\raw\malware_webshell\tennc_webshell\xakep-shells\PHP\GFS web-shell ver 3.1.7 - PRiV8.php.txt,25446,39,2,1,0,0,0.28205128205128205,document,0,1,0,0,0,0,0,0,0,0,1,6.039922524876996,6.1201233300080755,0.9454531164033639,0.0,126,0,0,72,0,5,0,72,103,0,0,0,0,0.0,0
malware,gfs_sh.php.php.txt,data\raw\malware_webshell\tennc_webshell\xakep-shells\PHP\gfs_sh.php.php.txt,65672,18,3,1,0,0,0.2222222222222222,document,0,1,0,0,0,0,0,0,0,0,1,5.821751431933105,6.1201233300080755,0.9459891582409551,0.0,137,1,0,74,6,6,0,80,247,0,0,0,0,0.0,0
malware,h4ntu shell [powered by tsoi].txt,data\raw\malware_webshell\tennc_webshell\xakep-shells\PHP\h4ntu shell [powered by tsoi].txt,2553,33,1,0,0,0,0.21212121212121213,document,0,0,0,0,0,0,0,0,0,0,0,5.516694694335208,5.516694694335208,0.9388954171562868,0.0,81,0,0,0,6,2,0,0,11,0,0,0,0,0.0,0
malware,hidshell.php.php.txt,data\raw\malware_webshell\tennc_webshell\xakep-shells\PHP\hidshell.php.php.txt,7236,20,3,1,0,0,0.15,document,0,1,0,0,0,0,0,0,0,0,3,6.0148738013506335,5.997237730281078,1.0,0.0,74,0,0,2,0,1,0,3,4,0,0,0,0,0.0,0
malware,img.php.php.txt,data\raw\malware_webshell\tennc_webshell\xakep-shells\PHP\img.php.php.txt,83405,15,3,1,0,0,0.2,document,0,1,0,0,0,1,0,1,0,0,0,5.799262013391789,5.126051391074531,0.943528565433727,0.0,131,6,3,1,7,23,1,8,306,0,0,0,0,0.0,0
malware,iMHaPFtp.php.php.txt,data\raw\malware_webshell\tennc_webshell\xakep-shells\PHP\iMHaPFtp.php.php.txt,55800,20,3,1,0,0,0.15,document,0,1,0,0,0,0,0,0,0,0,0,5.466934156678943,5.364144148635298,0.8930286738351254,0.0,113,6,0,6,0,1,0,12,79,0,0,0,0,0.0,0
malware,ironshell.php.txt,data\raw\malware_webshell\tennc_webshell\xakep-shells\PHP\ironshell.php.txt,18958,17,2,1,0,0,0.11764705882352941,document,0,1,0,0,0,0,0,0,0,0,0,4.619233012744381,5.153246831778784,0.9379681400991666,0.0,91,3,0,0,3,5,0,0,77,0,0,0,0,0.0,0
malware,KA_uShell.php.php.txt,data\raw\malware_webshell\tennc_webshell\xakep-shells\PHP\KA_uShell.php.php.txt,4884,21,3,1,0,0,0.19047619047619047,document,0,1,0,0,0,0,0,0,0,0,0,5.705148011045266,5.692979427740561,0.8712121212121212,0.0,119,0,0,0,0,2,0,1,38,0,0,0,0,0.0,0
malware,KAdot Universal Shell v0.1.6.html.txt,data\raw\malware_webshell\tennc_webshell\xakep-shells\PHP\KAdot Universal Shell v0.1.6.html.txt,4884,37,1,0,0,0,0.1891891891891892,document,0,0,0,0,0,0,0,0,0,0,0,5.705148011045266,5.692979427740561,0.8712121212121212,0.0,119,0,0,0,0,2,0,1,38,0,0,0,0,0.0,0
malware,lamashell.php.txt,data\raw\malware_webshell\tennc_webshell\xakep-shells\PHP\lamashell.php.txt,2569,17,2,1,0,0,0.11764705882352941,document,0,1,0,0,0,0,0,0,0,0,0,4.755842193047029,4.755842193047029,0.9307123394316855,0.0,78,1,0,0,0,1,0,0,9,0,0,0,0,0.0,0
malware,Liz0ziM Private Safe Mode Command Execuriton Bypass Exploit.php.txt,data\raw\malware_webshell\tennc_webshell\xakep-shells\PHP\Liz0ziM Private Safe Mode Command Execuriton Bypass Exploit.php.txt,1373,67,2,1,0,0,0.13432835820895522,document,0,1,0,0,0,0,0,0,0,0,0,5.167099781528052,5.167099781528052,0.9410050983248361,0.0,67,0,0,0,0,4,0,0,6,0,0,0,0,0.0,0
malware,load_shell.php.php.txt,data\raw\malware_webshell\tennc_webshell\xakep-shells\PHP\load_shell.php.php.txt,13893,22,3,1,0,0,0.18181818181818182,document,0,1,0,0,0,0,0,0,0,0,0,5.827260805836316,6.108286401876056,0.868135032030519,0.0,133,2,1,0,10,7,0,0,43,0,0,0,0,0.0,0
malware,LOTFREE.php.php.txt,data\raw\malware_webshell\tennc_webshell\xakep-shells\PHP\LOTFREE.php.php.txt,3997,19,3,1,0,0,0.15789473684210525,document,0,1,0,0,0,0,0,0,0,0,0,5.456426535372535,5.456426535372535,0.9339504628471353,0.0,82,2,0,0,4,1,0,0,34,0,0,0,0,0.0,0
malware,mailer3.php.php.txt,data\raw\malware_webshell\tennc_webshell\xakep-shells\PHP\mailer3.php.php.txt,7362,19,3,1,0,0,0.15789473684210525,document,0,1,0,0,0,0,0,0,0,0,0,5.374312047464841,5.153416347362864,0.9505569138820973,0.0,87,0,0,0,0,0,0,0,8,0,0,0,0,0.0,0
malware,matamu.php.txt,data\raw\malware_webshell\tennc_webshell\xakep-shells\PHP\matamu.php.txt,3947,14,2,1,0,0,0.14285714285714285,document,0,1,0,0,0,0,0,0,0,0,0,5.214467661375758,5.214467661375758,0.9239929060045604,0.0,81,0,0,0,0,2,0,0,2,0,0,0,0,0.0,0
malware,Moroccan Spamers Ma-EditioN By GhOsT.php.txt,data\raw\malware_webshell\tennc_webshell\xakep-shells\PHP\Moroccan Spamers Ma-EditioN By GhOsT.php.txt,7362,44,2,1,0,0,0.1590909090909091,document,0,1,0,0,0,0,0,0,0,0,0,5.374312047464841,5.153416347362864,0.9505569138820973,0.0,87,0,0,0,0,0,0,0,8,0,0,0,0,0.0,0
malware,myshell.php.php.txt,data\raw\malware_webshell\tennc_webshell\xakep-shells\PHP\myshell.php.php.txt,16083,19,3,1,0,0,0.15789473684210525,document,0,1,0,0,0,0,0,0,0,0,0,5.141099047379195,5.017270568907478,0.9477087608033327,0.0,93,3,0,0,0,11,0,0,11,0,0,0,0,0.0,0
malware,Mysql interface v1.0.php.txt,data\raw\malware_webshell\tennc_webshell\xakep-shells\PHP\Mysql interface v1.0.php.txt,34961,28,2,1,0,0,0.17857142857142858,document,0,1,0,0,0,0,0,0,0,0,0,5.386771837239187,5.332055173551764,0.9333543090872687,0.0,94,0,0,0,22,1,0,0,23,0,0,0,0,0.0,0
malware,MySQL Web Interface Version 0.8.php.txt,data\raw\malware_webshell\tennc_webshell\xakep-shells\PHP\MySQL Web Interface Version 0.8.php.txt,35803,39,2,1,0,0,0.1794871794871795,document,0,1,0,0,0,0,0,0,0,0,0,5.4682440829930075,5.415172054652048,0.8882775186436891,0.0,96,2,0,0,22,1,0,0,23,0,0,0,0,0.0,0
malware,mysql.php.php.txt,data\raw\malware_webshell\tennc_webshell\xakep-shells\PHP\mysql.php.php.txt,53192,17,3,1,0,0,0.17647058823529413,document,0,1,0,0,0,0,0,0,0,0,0,4.801847582811955,4.874430205071938,0.9537336441570161,0.0,96,1,0,0,28,18,0,0,56,0,0,0,0,0.0,0
malware,mysql_shell.php.txt,data\raw\malware_webshell\tennc_webshell\xakep-shells\PHP\mysql_shell.php.txt,35559,19,2,1,0,0,0.15789473684210525,document,0,1,0,0,0,0,0,0,0,0,0,5.471642409883423,5.414161802097762,0.8949070558789617,0.0,96,2,0,0,22,1,0,0,23,0,0,0,0,0.0,0
malware,mysql_tool.php.php.txt,data\raw\malware_webshell\tennc_webshell\xakep-shells\PHP\mysql_tool.php.php.txt,34158,22,3,1,0,0,0.18181818181818182,document,0,1,0,0,0,0,0,0,0,0,0,4.519424728450424,4.544116535612977,0.9353592130686809,0.0,95,2,0,0,0,0,6,1,15,0,0,0,0,0.0,0
malware,network.php.php.txt,data\raw\malware_webshell\tennc_webshell\xakep-shells\PHP\network.php.php.txt,127853,19,3,1,0,0,0.15789473684210525,document,0,1,0,0,0,0,0,0,0,0,1,5.525801869852816,5.358950702502715,0.9119144642675573,0.0,99,8,0,0,3,23,0,0,55,0,0,0,0,0.0,0
malware,NetworkFileManagerPHP.php.txt,data\raw\malware_webshell\tennc_webshell\xakep-shells\PHP\NetworkFileManagerPHP.php.txt,127853,29,2,1,0,0,0.06896551724137931,document,0,1,0,0,0,0,0,0,0,0,1,5.525801869852816,5.358950702502715,0.9119144642675573,0.0,99,8,0,0,3,23,0,0,55,0,0,0,0,0.0,0
malware,nfm.php.php.txt,data\raw\malware_webshell\tennc_webshell\xakep-shells\PHP\nfm.php.php.txt,132053,15,3,1,0,0,0.2,document,0,1,0,0,0,0,0,0,0,0,1,5.911911606147643,5.730101251641982,0.8599577442390556,0.0,168,7,0,0,4,21,0,0,46,0,0,0,0,0.0,0
malware,ngh.php.php.txt,data\raw\malware_webshell\tennc_webshell\xakep-shells\PHP\ngh.php.php.txt,18349,15,3,1,0,0,0.2,document,0,1,0,0,0,0,0,0,0,0,0,5.974049795485039,5.9577379249286695,0.9197776445582866,0.0,133,0,0,36,6,3,0,39,84,0,0,0,0,0.0,0
malware,NIX REMOTE WEB-SHELL v.0.5 alpha Lite Public Version.php.txt,data\raw\malware_webshell\tennc_webshell\xakep-shells\PHP\NIX REMOTE WEB-SHELL v.0.5 alpha Lite Public Version.php.txt,55109,60,2,1,0,0,0.2,document,0,1,0,0,0,0,0,0,0,0,0,6.104974788060053,6.169833891484607,0.8646500571594476,0.0,154,5,2,53,17,17,0,60,256,0,0,0,0,0.0,0
malware,nixrem.php.php.txt,data\raw\malware_webshell\tennc_webshell\xakep-shells\PHP\nixrem.php.php.txt,69522,18,3,1,0,0,0.16666666666666666,document,0,1,0,0,0,0,0,0,0,0,0,6.101698805097049,6.129079483579256,0.8526941112165933,0.0,155,13,2,52,18,39,0,57,333,0,0,0,0,0.0,0
malware,Nshell (1).php.php.txt,data\raw\malware_webshell\tennc_webshell\xakep-shells\PHP\Nshell (1).php.php.txt,2940,22,3,1,0,0,0.2727272727272727,document,0,1,0,0,0,0,0,0,0,0,0,5.7081673629437155,5.7081673629437155,0.9551020408163265,0.0,86,0,0,0,8,2,0,0,32,0,0,0,0,0.0,0
malware,nshell.php.php.txt,data\raw\malware_webshell\tennc_webshell\xakep-shells\PHP\nshell.php.php.txt,13188,18,3,1,0,0,0.16666666666666666,document,0,1,0,0,0,0,0,0,0,0,0,5.665396245125971,5.698545569005211,0.9412344555656658,0.0,95,0,0,0,1,9,0,0,46,0,0,0,0,0.0,0
malware,nst.php.php.txt,data\raw\malware_webshell\tennc_webshell\xakep-shells\PHP\nst.php.php.txt,83297,15,3,1,0,0,0.2,document,0,1,0,0,0,0,0,0,0,0,0,5.793760944308098,5.129482240699395,0.9427590429427231,0.0,132,6,2,1,7,23,1,8,299,0,0,0,0,0.0,0
malware,nstview.php.php.txt,data\raw\malware_webshell\tennc_webshell\xakep-shells\PHP\nstview.php.php.txt,83294,19,3,1,0,0,0.15789473684210525,document,0,1,0,0,0,0,0,0,0,0,0,5.793602742354941,5.128017396949395,0.9427569812951713,0.0,132,6,2,1,7,23,1,8,299,0,0,0,0,0.0,0
malware,PH Vayv.php.php.txt,data\raw\malware_webshell\tennc_webshell\xakep-shells\PHP\PH Vayv.php.php.txt,25274,19,3,1,0,0,0.21052631578947367,document,0,1,0,0,0,0,0,0,0,0,0,5.240787376804472,5.283102408717283,0.9495924665664319,0.0,96,10,0,0,0,0,0,0,0,0,0,0,0,0.0,0
malware,PHANTASMA.php.txt,data\raw\malware_webshell\tennc_webshell\xakep-shells\PHP\PHANTASMA.php.txt,26577,17,2,1,0,0,0.11764705882352941,document,0,1,0,0,0,0,0,0,0,0,0,4.472200716849742,5.2895436966109335,0.9521390676148549,0.0,96,0,0,0,3,0,1,0,4,0,0,0,0,0.0,0
malware,PHP Backdoor Connect.pl.php.txt,data\raw\malware_webshell\tennc_webshell\xakep-shells\PHP\PHP Backdoor Connect.pl.php.txt,2086,31,3,1,0,0,0.16129032258064516,document,0,1,0,0,0,0,0,0,0,0,0,5.56215337188693,5.56215337188693,0.9424736337488016,0.0,81,0,6,0,0,2,1,0,3,0,0,0,0,0.0,0
malware,PHP Shell.php.php.txt,data\raw\malware_webshell\tennc_webshell\xakep-shells\PHP\PHP Shell.php.php.txt,38250,21,3,1,0,0,0.19047619047619047,document,0,1,0,0,0,0,0,0,0,0,0,5.333236112493832,4.843518760012076,0.9108496732026143,0.0,95,0,0,0,56,2,0,0,58,0,0,0,0,0.0,0
malware,php-backdoor.php.txt,data\raw\malware_webshell\tennc_webshell\xakep-shells\PHP\php-backdoor.php.txt,2871,20,2,1,0,0,0.15,document,0,1,0,0,0,0,0,0,0,0,0,5.407331028097671,5.407331028097671,0.9380006966213863,0.0,83,2,0,0,0,1,0,0,16,0,0,0,0,0.0,0
malware,php-include-w-shell.php.txt,data\raw\malware_webshell\tennc_webshell\xakep-shells\PHP\php-include-w-shell.php.txt,48246,27,2,1,0,0,0.18518518518518517,document,0,1,0,0,0,0,0,0,0,0,0,5.360566468262086,5.463668462641386,0.9154955851262281,0.0,93,2,3,0,7,20,1,0,39,0,0,0,0,0.0,0
malware,phpbackdoor15.php.txt,data\raw\malware_webshell\tennc_webshell\xakep-shells\PHP\phpbackdoor15.php.txt,3997,21,2,1,0,0,0.09523809523809523,document,0,1,0,0,0,0,0,0,0,0,0,5.456426535372535,5.456426535372535,0.9339504628471353,0.0,82,2,0,0,4,1,0,0,34,0,0,0,0,0.0,0
malware,pHpINJ.php.php.txt,data\raw\malware_webshell\tennc_webshell\xakep-shells\PHP\pHpINJ.php.php.txt,1160,18,3,1,0,0,0.16666666666666666,document,0,1,0,0,0,0,0,0,0,0,0,5.33198791875996,5.33198791875996,0.9379310344827586,0.0,71,2,0,0,0,1,0,0,7,0,0,0,0,0.0,0
malware,phpjackal.php.txt,data\raw\malware_webshell\tennc_webshell\xakep-shells\PHP\phpjackal.php.txt,88331,17,2,1,0,0,0.11764705882352941,document,0,1,0,0,0,0,0,0,0,0,0,5.646213197136216,5.680188506955808,0.9680293441713554,0.0,96,19,1,0,10,7,0,0,310,0,0,0,0,0.0,0
malware,PHPRemoteView.php.txt,data\raw\malware_webshell\tennc_webshell\xakep-shells\PHP\PHPRemoteView.php.txt,91159,21,2,1,0,0,0.09523809523809523,document,0,1,0,0,0,0,0,0,0,0,2,5.596332483432182,4.679602967146681,0.9163330005814018,0.0,164,7,0,75,0,6,0,78,84,0,0,0,0,0.0,0
malware,phpshell17.php.txt,data\raw\malware_webshell\tennc_webshell\xakep-shells\PHP\phpshell17.php.txt,5136,18,2,1,0,0,0.1111111111111111,document,0,1,0,0,0,0,0,0,0,0,0,5.511836790080754,5.479630235051593,0.9205607476635514,0.0,92,2,0,0,0,2,0,0,2,0,0,0,0,0.0,0
malware,phvayv.php.php.txt,data\raw\malware_webshell\tennc_webshell\xakep-shells\PHP\phvayv.php.php.txt,4048,18,3,1,0,0,0.16666666666666666,document,0,1,0,0,0,0,0,0,0,0,0,5.323684634901691,5.323684634901691,0.9352766798418972,0.0,89,1,0,0,0,0,0,0,0,0,0,0,0,0.0,0
malware,phvayvv.php.php.txt,data\raw\malware_webshell\tennc_webshell\xakep-shells\PHP\phvayvv.php.php.txt,25274,19,3,1,0,0,0.15789473684210525,document,0,1,0,0,0,0,0,0,0,0,0,5.240787376804472,5.283102408717283,0.9495924665664319,0.0,96,10,0,0,0,0,0,0,0,0,0,0,0,0.0,0
malware,predator.php.php.txt,data\raw\malware_webshell\tennc_webshell\xakep-shells\PHP\predator.php.php.txt,43704,20,3,1,0,0,0.15,document,0,1,0,0,0,0,0,0,0,0,0,5.696662165796285,6.135376090760566,0.923851363719568,0.0,96,1,0,34,2,6,0,41,107,0,0,0,0,0.0,0
malware,Private-i3lue.php.txt,data\raw\malware_webshell\tennc_webshell\xakep-shells\PHP\Private-i3lue.php.txt,64172,21,2,1,0,0,0.14285714285714285,document,0,1,0,0,0,0,0,0,0,0,1,5.608509006315689,5.338793024289693,0.9172380477466808,0.0,99,0,0,0,0,0,0,0,111,0,0,0,0,0.0,0
malware,pws.php.php.txt,data\raw\malware_webshell\tennc_webshell\xakep-shells\PHP\pws.php.php.txt,904,15,3,1,0,0,0.2,document,0,1,0,0,0,0,0,0,0,0,0,5.250097653965254,5.250097653965254,0.9214601769911505,0.0,63,0,0,0,6,2,0,0,13,0,0,0,0,0.0,0
malware,r57 Shell.php.php.txt,data\raw\malware_webshell\tennc_webshell\xakep-shells\PHP\r57 Shell.php.php.txt,83381,21,3,1,0,0,0.19047619047619047,document,0,1,0,0,0,0,0,0,0,0,0,6.033308497953781,5.159197413394507,0.9171154099854884,0.0,147,7,1,113,68,6,0,116,421,0,0,0,0,0.0,0
malware,r57.php.php.txt,data\raw\malware_webshell\tennc_webshell\xakep-shells\PHP\r57.php.php.txt,106097,15,3,1,0,0,0.2,document,0,1,0,0,0,0,0,0,0,0,0,5.824324325558374,4.456815581019765,0.9572183944880628,0.0,98,10,4,113,102,7,3,116,629,0,0,0,0,0.0,0
malware,r577.php.php.txt,data\raw\malware_webshell\tennc_webshell\xakep-shells\PHP\r577.php.php.txt,88482,16,3,1,0,0,0.1875,document,0,1,0,0,0,0,0,0,0,0,0,5.881139879959063,5.245170464998208,0.9572568431997468,0.0,98,2,1,113,72,6,0,116,546,0,0,0,0,0.0,0
malware,r57shell.php.php.txt,data\raw\malware_webshell\tennc_webshell\xakep-shells\PHP\r57shell.php.php.txt,28836,20,3,1,0,0,0.15,document,0,1,0,0,0,0,0,0,0,0,0,6.174811780287361,5.381646635222779,0.8748786239422943,0.0,143,3,1,73,20,10,0,79,109,0,0,0,0,0.0,0
malware,Rem View.php.php.txt,data\raw\malware_webshell\tennc_webshell\xakep-shells\PHP\Rem View.php.php.txt,91159,20,3,1,0,0,0.2,document,0,1,0,0,0,0,0,0,0,0,2,5.596332483432182,4.679602967146681,0.9163330005814018,0.0,164,7,0,75,0,6,0,78,84,0,0,0,0,0.0,0
malware,rootshell.php.txt,data\raw\malware_webshell\tennc_webshell\xakep-shells\PHP\rootshell.php.txt,13390,17,2,1,0,0,0.11764705882352941,document,0,1,0,0,0,0,0,0,0,0,0,5.440169752230787,4.811640338135615,0.9351755041075429,0.0,98,1,0,0,1,1,0,0,12,0,0,0,0,0.0,0
malware,rst_sql.php.php.txt,data\raw\malware_webshell\tennc_webshell\xakep-shells\PHP\rst_sql.php.php.txt,83483,19,3,1,0,0,0.21052631578947367,document,0,1,0,0,0,0,0,0,0,0,1,5.713986405262948,5.565643266547909,0.8911395134338728,0.0,150,10,0,23,0,0,0,29,46,0,0,0,0,0.0,0
malware,ru24_post_sh.php.php.txt,data\raw\malware_webshell\tennc_webshell\xakep-shells\PHP\ru24_post_sh.php.php.txt,543,24,3,1,0,0,0.20833333333333334,document,0,1,0,0,0,0,0,0,0,0,0,5.412273324428465,5.412273324428465,0.9152854511970534,0.0,63,1,0,0,7,0,0,0,12,0,0,0,0,0.0,0
malware,Russian.php.php.txt,data\raw\malware_webshell\tennc_webshell\xakep-shells\PHP\Russian.php.php.txt,5335,19,3,1,0,0,0.15789473684210525,document,0,1,0,0,0,0,0,0,0,0,0,5.8038497991872084,5.74025207381908,0.8820993439550141,0.0,122,0,0,0,0,2,0,1,46,0,0,0,0,0.0,0
malware,s.php.php.txt,data\raw\malware_webshell\tennc_webshell\xakep-shells\PHP\s.php.php.txt,100824,13,3,1,0,0,0.23076923076923078,document,0,1,0,0,0,0,0,0,0,0,0,5.958847290204098,5.338573314809894,0.9625089264460842,0.0,98,1,1,113,72,6,0,116,554,0,0,0,0,0.0,0
malware,s72 Shell v1.1 Coding.html.txt,data\raw\malware_webshell\tennc_webshell\xakep-shells\PHP\s72 Shell v1.1 Coding.html.txt,5261,30,1,0,0,0,0.2,document,0,0,0,0,0,0,0,0,0,0,0,5.192494422173337,5.1756989680107255,0.9435468542102262,0.0,91,0,0,0,0,1,0,0,3,0,0,0,0,0.0,0
malware,s72_shell.txt,data\raw\malware_webshell\tennc_webshell\xakep-shells\PHP\s72_shell.txt,5261,13,1,0,0,0,0.15384615384615385,document,0,0,0,0,0,0,0,0,0,0,0,5.192494422173337,5.1756989680107255,0.9435468542102262,0.0,91,0,0,0,0,1,0,0,3,0,0,0,0,0.0,0
malware,Safe0ver Shell -Safe Mod Bypass By Evilc0der.php.txt,data\raw\malware_webshell\tennc_webshell\xakep-shells\PHP\Safe0ver Shell -Safe Mod Bypass By Evilc0der.php.txt,38673,52,2,1,0,0,0.17307692307692307,document,0,1,0,0,0,0,0,0,0,0,0,5.04671724848331,5.051180771326339,0.9486722002430636,0.0,100,0,0,0,53,2,0,0,59,0,0,0,0,0.0,0
malware,Safe_Mode Bypass PHP 4.4.2 and PHP 5.1.2.php.txt,data\raw\malware_webshell\tennc_webshell\xakep-shells\PHP\Safe_Mode Bypass PHP 4.4.2 and PHP 5.1.2.php.txt,5394,48,2,1,0,0,0.2708333333333333,document,0,1,0,0,0,0,0,0,0,0,0,5.624449600786165,5.542618997723058,0.96421950315165,0.0,90,0,0,0,0,0,0,0,4,0,0,0,0,0.0,0
malware,sh.php.php.txt,data\raw\malware_webshell\tennc_webshell\xakep-shells\PHP\sh.php.php.txt,27005,14,3,1,0,0,0.21428571428571427,document,0,1,0,0,0,0,0,0,0,0,0,5.625388860952593,5.197767266872011,0.952305128679874,0.0,95,0,0,0,0,1,0,0,227,0,0,0,0,0.0,0
malware,shankar.php.php.txt,data\raw\malware_webshell\tennc_webshell\xakep-shells\PHP\shankar.php.php.txt,23440,19,3,1,0,0,0.15789473684210525,document,0,1,0,0,0,0,0,0,0,0,0,5.671717019561692,5.602310279047332,0.9362627986348123,0.0,94,1,0,0,0,13,0,0,212,0,0,0,0,0.0,0
malware,shell.php.php.txt,data\raw\malware_webshell\tennc_webshell\xakep-shells\PHP\shell.php.php.txt,3947,17,3,1,0,0,0.17647058823529413,document,0,1,0,0,0,0,0,0,0,0,0,5.214467661375758,5.214467661375758,0.9239929060045604,0.0,81,0,0,0,0,2,0,0,2,0,0,0,0,0.0,0
malware,SimAttacker - Vrsion 1.0.0 - priv8 4 My friend.php.txt,data\raw\malware_webshell\tennc_webshell\xakep-shells\PHP\SimAttacker - Vrsion 1.0.0 - priv8 4 My friend.php.txt,12004,54,2,1,0,0,0.25925925925925924,document,0,1,0,0,0,0,0,0,0,0,0,5.419944743466662,5.41819289625749,0.8939520159946684,0.0,94,1,0,0,12,1,0,0,32,0,0,0,0,0.0,0
malware,simple-backdoor.php.txt,data\raw\malware_webshell\tennc_webshell\xakep-shells\PHP\simple-backdoor.php.txt,345,23,2,1,0,0,0.13043478260869565,document,0,1,0,0,0,0,0,0,0,0,0,5.040750954690324,5.040750954690324,0.9014492753623189,0.0,56,3,0,0,5,1,0,0,8,0,0,0,0,0.0,0
malware,simple_cmd.html.txt,data\raw\malware_webshell\tennc_webshell\xakep-shells\PHP\simple_cmd.html.txt,353,19,1,0,0,0,0.15789473684210525,document,0,0,0,0,0,0,0,0,0,0,0,5.267127589002093,5.267127589002093,0.8980169971671388,0.0,57,0,0,0,6,1,0,0,8,0,0,0,0,0.0,0
malware,SimShell 1.0 - Simorgh Security MGZ.php.txt,data\raw\malware_webshell\tennc_webshell\xakep-shells\PHP\SimShell 1.0 - Simorgh Security MGZ.php.txt,5343,43,2,1,0,0,0.20930232558139536,document,0,1,0,0,0,0,0,0,0,0,0,5.303422205526233,5.17173762802081,0.9329964439453491,0.0,89,1,0,0,1,1,0,0,19,0,0,0,0,0.0,0
malware,Sincap.php.php.txt,data\raw\malware_webshell\tennc_webshell\xakep-shells\PHP\Sincap.php.php.txt,4048,18,3,1,0,0,0.16666666666666666,document,0,1,0,0,0,0,0,0,0,0,0,5.323684634901691,5.323684634901691,0.9352766798418972,0.0,89,1,0,0,0,0,0,0,0,0,0,0,0,0.0,0
malware,small.php.php.txt,data\raw\malware_webshell\tennc_webshell\xakep-shells\PHP\small.php.php.txt,53610,17,3,1,0,0,0.17647058823529413,document,0,1,0,0,0,0,0,0,0,0,12,6.0288136142930355,6.123453888875069,0.9991792576011939,0.0,81,0,0,1,0,1,0,3,4,0,0,0,0,0.0,0
malware,SnIpEr_SA Shell.php.txt,data\raw\malware_webshell\tennc_webshell\xakep-shells\PHP\SnIpEr_SA Shell.php.txt,106039,23,2,1,0,0,0.17391304347826086,document,0,1,0,0,0,0,0,0,0,0,0,5.939362249155094,5.074482877548011,0.9303369514989768,0.0,133,8,6,95,104,7,3,96,617,0,0,0,0,0.0,0
malware,sniper_sa_shell.txt,data\raw\malware_webshell\tennc_webshell\xakep-shells\PHP\sniper_sa_shell.txt,106039,19,1,0,0,0,0.15789473684210525,document,0,0,0,0,0,0,0,0,0,0,0,5.939362249155094,5.074482877548011,0.9303369514989768,0.0,133,8,6,95,104,7,3,96,617,0,0,0,0,0.0,0
malware,SpecialShell_99.php.php.txt,data\raw\malware_webshell\tennc_webshell\xakep-shells\PHP\SpecialShell_99.php.php.txt,136046,27,3,1,0,0,0.14814814814814814,document,0,1,0,0,0,0,0,0,0,0,0,5.46957464768722,5.359040367153112,0.9567719741852021,0.0,99,8,0,0,28,14,0,7,115,0,0,0,0,0.0,0
malware,spy.php.php.txt,data\raw\malware_webshell\tennc_webshell\xakep-shells\PHP\spy.php.php.txt,90514,15,3,1,0,0,0.2,document,0,1,0,0,0,0,0,0,0,0,0,6.035272461120402,5.580614491049289,0.9133172768853437,0.0,150,2,1,113,72,6,0,116,546,0,0,0,0,0.0,0
malware,sql.php.php.txt,data\raw\malware_webshell\tennc_webshell\xakep-shells\PHP\sql.php.php.txt,83483,15,3,1,0,0,0.2,document,0,1,0,0,0,0,0,0,0,0,1,5.716958707974964,5.569352535619246,0.8911395134338728,0.0,150,10,0,23,0,0,0,29,46,0,0,0,0,0.0,0
malware,SsEs.php.php.txt,data\raw\malware_webshell\tennc_webshell\xakep-shells\PHP\SsEs.php.php.txt,193220,16,3,1,0,0,0.1875,document,0,1,0,0,0,0,0,0,0,0,21,5.619826192295033,5.477464310508002,0.9657488872787496,0.0,97,12,1,220,41,16,0,229,336,0,0,0,0,0.0,0
malware,STNC.php.php.txt,data\raw\malware_webshell\tennc_webshell\xakep-shells\PHP\STNC.php.php.txt,6896,16,3,1,0,0,0.1875,document,0,1,0,0,0,0,0,0,0,0,0,5.389213865804693,5.405207765408352,0.9515661252900232,0.0,86,5,0,0,14,6,0,0,45,0,0,0,0,0.0,0
malware,Test.php.php.txt,data\raw\malware_webshell\tennc_webshell\xakep-shells\PHP\Test.php.php.txt,226,16,3,1,0,0,0.1875,document,0,1,0,0,0,0,0,0,0,0,0,4.968920242442819,4.968920242442819,0.8849557522123894,0.0,44,0,0,0,0,0,0,0,0,0,0,0,0,0.0,0
malware,uploader.php.php.txt,data\raw\malware_webshell\tennc_webshell\xakep-shells\PHP\uploader.php.php.txt,289,20,3,1,0,0,0.15,document,0,1,0,0,0,0,0,0,0,0,0,5.407277110901966,5.407277110901966,0.9377162629757786,0.0,58,0,0,0,0,0,0,0,0,0,0,0,0,0.0,0
malware,w.php.php.txt,data\raw\malware_webshell\tennc_webshell\xakep-shells\PHP\w.php.php.txt,134247,13,3,1,0,0,0.23076923076923078,document,0,1,0,0,0,0,0,0,0,0,0,5.419986019435191,5.358944495938866,0.9604460434870052,0.0,98,6,1,0,27,6,0,5,53,0,0,0,0,0.0,0
malware,w3d.php.php.txt,data\raw\malware_webshell\tennc_webshell\xakep-shells\PHP\w3d.php.php.txt,4082,15,3,1,0,0,0.2,document,0,1,0,0,0,0,0,0,0,0,0,5.162778414292147,5.162778414292147,0.9377756001959824,0.0,85,0,0,0,0,0,0,0,10,0,0,0,0,0.0,0
malware,w4k.php.php.txt,data\raw\malware_webshell\tennc_webshell\xakep-shells\PHP\w4k.php.php.txt,145569,15,3,1,0,0,0.2,document,0,1,0,0,0,0,0,0,0,0,0,5.470958069526509,5.343707707806196,0.9603280918327392,0.0,99,6,5,2,38,16,0,9,135,0,0,0,0,0.0,0
malware,wacking.php.php.txt,data\raw\malware_webshell\tennc_webshell\xakep-shells\PHP\wacking.php.php.txt,145569,19,3,1,0,0,0.15789473684210525,document,0,1,0,0,0,0,0,0,0,0,0,5.470958069526509,5.343707707806196,0.9603280918327392,0.0,99,6,5,2,38,16,0,9,135,0,0,0,0,0.0,0
malware,webadmin.php.php.txt,data\raw\malware_webshell\tennc_webshell\xakep-shells\PHP\webadmin.php.php.txt,70088,20,3,1,0,0,0.15,document,0,1,0,0,0,0,0,0,0,0,0,5.408680512861779,4.878123854265572,0.8994835064490355,0.0,129,3,0,6,0,1,0,12,79,0,0,0,0,0.0,0
malware,webshell.php.txt,data\raw\malware_webshell\tennc_webshell\xakep-shells\PHP\webshell.php.txt,70924,16,2,1,0,0,0.125,document,0,1,0,0,0,0,0,0,0,0,21,6.131227341366154,6.006484663087764,0.9906096666854661,0.0,93,0,0,9,0,1,0,10,30,0,0,0,0,0.0,0
malware,WinX Shell.html.txt,data\raw\malware_webshell\tennc_webshell\xakep-shells\PHP\WinX Shell.html.txt,5159,19,1,0,0,0,0.15789473684210525,document,0,0,0,0,0,0,0,0,0,0,0,5.23788787378493,5.226889396069222,0.9604574529947665,0.0,84,0,0,0,9,1,0,0,13,0,0,0,0,0.0,0
malware,Worse Linux Shell.php.txt,data\raw\malware_webshell\tennc_webshell\xakep-shells\PHP\Worse Linux Shell.php.txt,2524,25,2,1,0,0,0.16,document,0,1,0,0,0,0,0,0,0,0,0,5.395385384271582,5.395385384271582,0.945324881141046,0.0,83,0,0,0,0,2,0,0,12,0,0,0,0,0.0,0
malware,wso.txt,data\raw\malware_webshell\tennc_webshell\xakep-shells\PHP\wso.txt,67606,7,1,0,0,0,0.14285714285714285,document,0,0,0,0,0,0,0,0,0,0,0,5.537831756273813,5.364037446170855,0.9085436203887229,0.0,97,4,1,2,13,10,3,5,347,0,0,0,0,0.0,0
malware,xinfo.php.php.txt,data\raw\malware_webshell\tennc_webshell\xakep-shells\PHP\xinfo.php.php.txt,116515,17,3,1,0,0,0.17647058823529413,document,0,1,0,0,0,0,0,0,0,0,0,5.5028905494475895,5.432193638249644,0.9157361713084152,0.0,166,10,0,0,3,23,0,0,55,0,0,0,0,0.0,0
malware,zacosmall.php.txt,data\raw\malware_webshell\tennc_webshell\xakep-shells\PHP\zacosmall.php.txt,16378,17,2,1,0,0,0.11764705882352941,document,0,1,0,0,0,0,0,0,0,0,0,5.633980418124961,5.683728432145168,0.9389424838197582,0.0,94,0,0,0,21,2,0,0,77,0,0,0,0,0.0,0
malware,cgi-python.py.txt,data\raw\malware_webshell\tennc_webshell\xakep-shells\PY\cgi-python.py.txt,3881,17,2,1,0,0,0.17647058823529413,document,0,1,0,0,0,0,0,0,0,0,0,5.011402420570625,5.011402420570625,0.9360989435712446,0.0,77,0,0,0,3,0,0,0,3,0,0,0,0,0.0,0
malware,Phyton Shell.py.txt,data\raw\malware_webshell\tennc_webshell\xakep-shells\PY\Phyton Shell.py.txt,2454,19,2,1,0,0,0.15789473684210525,document,0,1,0,0,0,0,0,0,0,0,0,5.204060576265835,5.204060576265835,0.8052159739201304,0.0,78,0,0,0,8,1,1,0,10,0,0,0,0,0.0,0
malware,smtpd.py.txt,data\raw\malware_webshell\tennc_webshell\xakep-shells\PY\smtpd.py.txt,18557,12,2,1,0,0,0.16666666666666666,document,0,1,0,0,0,0,0,0,0,0,0,4.5379265029412235,4.844720438658842,0.9408309532790861,0.0,86,0,0,0,0,0,1,0,1,0,0,0,0,0.0,0
malware,wh_bindshell.py.txt,data\raw\malware_webshell\tennc_webshell\xakep-shells\PY\wh_bindshell.py.txt,3107,19,2,1,0,0,0.15789473684210525,document,0,1,0,0,0,0,0,0,0,0,0,4.369677066482527,4.369677066482527,0.9436755712906341,0.0,81,0,0,0,0,4,0,0,4,0,0,0,0,0.0,0
malware,README.md,data\raw\malware_webshell\tennc_webshell\xakep-shells\README.md,37,9,0,0,0,0,0.1111111111111111,unknown,0,0,0,0,1,0,0,0,0,0,0,4.283381405994076,4.283381405994076,0.9459459459459459,0.0,22,1,0,0,0,0,0,0,0,0,0,0,0,0.0,0
malware,read.me,data\raw\malware_webshell\tennc_webshell\xl7dev\WebShell\other\webshell\read.me,11,7,0,0,0,0,0.14285714285714285,unknown,0,0,0,0,1,0,0,0,0,0,0,3.027169118440619,3.027169118440619,0.8181818181818182,0.0,9,0,0,0,0,0,0,0,0,0,0,0,0,0.0,0
malware,WebShell-master.zip,data\raw\malware_webshell\tennc_webshell\xl7dev\WebShell-master.zip,25870369,19,1,0,0,0,0.10526315789473684,archive,0,0,0,1,0,1,1,0,0,0,1262,7.9994832668033435,7.9330280093017596,0.37110042767461104,0.0044651083252813285,256,3,1,0,22,2,0,1,27,1394,23,573,2,1.5068796274223997,0
malware,-WebShell--main.zip,data\raw\malware_webshell\tennc_webshell\zxc7528064\-WebShell-\-WebShell--main.zip,209050,19,1,0,0,0,0.21052631578947367,archive,0,0,0,1,0,1,1,0,0,0,15,7.991643777368227,7.938685781700648,0.3688256397990911,0.004405644582635733,256,0,0,0,0,0,0,0,0,11,0,0,0,2.254312365462808,0
malware,README.md,data\raw\malware_webshell\tennc_webshell\zxc7528064\-WebShell-\README.md,65,9,0,0,0,0,0.1111111111111111,unknown,0,0,0,0,1,0,0,0,0,0,0,4.868220889818397,4.868220889818397,0.9076923076923077,0.0,34,1,0,0,0,0,0,0,0,0,0,0,0,0.0,0
malware,config,data\raw\malware_webshell\troony_php\.git\config,310,6,0,0,0,0,0.0,unknown,0,0,0,0,1,0,0,0,0,0,0,4.681855116500578,4.681855116500578,0.9258064516129032,0.0,38,1,0,0,0,0,0,0,0,0,0,0,0,0.0,0
malware,description,data\raw\malware_webshell\troony_php\.git\description,73,11,0,0,0,0,0.0,unknown,0,0,0,0,1,0,0,0,0,0,0,4.073913813607716,4.073913813607716,0.9863013698630136,0.0,22,0,0,0,0,0,0,0,0,0,0,0,0,0.0,0
malware,HEAD,data\raw\malware_webshell\troony_php\.git\HEAD,23,4,0,0,0,0,0.0,unknown,0,0,0,0,1,0,0,0,0,0,0,3.501397825434103,3.501397825434103,0.9565217391304348,0.0,13,0,0,0,0,0,0,0,0,0,0,0,0,0.0,0
malware,applypatch-msg.sample,data\raw\malware_webshell\troony_php\.git\hooks\applypatch-msg.sample,478,21,0,0,0,0,0.09523809523809523,unknown,0,0,0,0,1,0,0,0,0,0,0,4.62881938404591,4.62881938404591,0.9686192468619247,0.0,46,0,0,0,0,0,0,0,0,0,0,0,0,0.0,0
malware,commit-msg.sample,data\raw\malware_webshell\troony_php\.git\hooks\commit-msg.sample,1972,17,0,0,0,0,0.11764705882352941,unknown,0,0,0,0,1,0,0,0,0,0,0,5.138576365184305,5.138576365184305,0.936105476673428,0.0,75,0,0,0,0,0,0,0,0,0,0,0,0,0.0,0
malware,fsmonitor-watchman.sample,data\raw\malware_webshell\troony_php\.git\hooks\fsmonitor-watchman.sample,4611,25,0,0,0,0,0.08,unknown,0,0,0,0,1,0,0,0,0,0,0,5.193669415276895,5.16580336225356,0.9345044458902624,0.0,81,1,0,0,0,0,0,0,0,0,0,0,0,0.0,0
malware,post-update.sample,data\raw\malware_webshell\troony_php\.git\hooks\post-update.sample,189,18,0,0,0,0,0.1111111111111111,unknown,0,0,0,0,1,0,0,0,0,0,0,4.488007575888407,4.488007575888407,0.9576719576719577,0.0,33,0,0,0,0,0,0,0,0,0,0,0,0,0.0,0
malware,pre-applypatch.sample,data\raw\malware_webshell\troony_php\.git\hooks\pre-applypatch.sample,424,21,0,0,0,0,0.09523809523809523,unknown,0,0,0,0,1,0,0,0,0,0,0,4.68023484733197,4.68023484733197,0.9669811320754716,0.0,46,0,0,0,0,0,0,0,0,0,0,0,0,0.0,0
malware,pre-commit.sample,data\raw\malware_webshell\troony_php\.git\hooks\pre-commit.sample,1649,17,0,0,0,0,0.11764705882352941,unknown,0,0,0,0,1,0,0,0,0,0,0,4.826694355313581,4.826694355313581,0.9642207398423287,0.0,69,0,0,0,0,0,0,0,0,0,0,0,0,0.0,0
malware,pre-merge-commit.sample,data\raw\malware_webshell\troony_php\.git\hooks\pre-merge-commit.sample,416,23,0,0,0,0,0.13043478260869565,unknown,0,0,0,0,1,0,0,0,0,0,0,4.6651482646900995,4.6651482646900995,0.96875,0.0,44,0,0,0,0,0,0,0,0,0,0,0,0,0.0,0
malware,pre-push.sample,data\raw\malware_webshell\troony_php\.git\hooks\pre-push.sample,1374,15,0,0,0,0,0.13333333333333333,unknown,0,0,0,0,1,0,0,0,0,0,0,4.859887909095222,4.859887909095222,0.9294032023289666,0.0,66,0,0,0,0,0,0,0,0,0,0,0,0,0.0,0
malware,pre-rebase.sample,data\raw\malware_webshell\troony_php\.git\hooks\pre-rebase.sample,4898,17,0,0,0,0,0.11764705882352941,unknown,0,0,0,0,1,0,0,0,0,0,0,4.846789819360512,4.9134591416898745,0.9452837893017558,0.0,85,0,0,0,0,0,0,0,0,0,0,0,0,0.0,0
malware,pre-receive.sample,data\raw\malware_webshell\troony_php\.git\hooks\pre-receive.sample,544,18,0,0,0,0,0.1111111111111111,unknown,0,0,0,0,1,0,0,0,0,0,0,5.13234064089237,5.13234064089237,0.9099264705882353,0.0,62,0,0,0,0,0,0,0,0,0,0,0,0,0.0,0
malware,prepare-commit-msg.sample,data\raw\malware_webshell\troony_php\.git\hooks\prepare-commit-msg.sample,1492,25,0,0,0,0,0.12,unknown,0,0,0,0,1,0,0,0,0,0,0,5.094384720791364,5.094384720791364,0.9711796246648794,0.0,74,0,0,0,0,0,0,0,0,0,0,0,0,0.0,0
malware,push-to-checkout.sample,data\raw\malware_webshell\troony_php\.git\hooks\push-to-checkout.sample,2783,23,0,0,0,0,0.13043478260869565,unknown,0,0,0,0,1,0,0,0,0,0,0,4.634821815293621,4.634821815293621,0.969098095580309,0.0,72,0,0,0,0,0,0,0,0,0,0,0,0,0.0,0
malware,sendemail-validate.sample,data\raw\malware_webshell\troony_php\.git\hooks\sendemail-validate.sample,2308,25,0,0,0,0,0.08,unknown,0,0,0,0,1,0,0,0,0,0,0,5.02113522413189,5.02113522413189,0.9558058925476604,0.0,71,0,0,0,0,0,0,0,0,0,0,0,0,0.0,0
malware,update.sample,data\raw\malware_webshell\troony_php\.git\hooks\update.sample,3650,13,0,0,0,0,0.07692307692307693,unknown,0,0,0,0,1,0,0,0,0,0,0,4.996088117571221,4.996088117571221,0.9306849315068493,0.0,72,0,0,0,0,0,0,0,0,0,0,0,0,0.0,0
malware,index,data\raw\malware_webshell\troony_php\.git\index,11288,5,0,0,0,0,0.0,unknown,0,0,0,0,1,0,0,0,0,0,0,5.870056971154752,5.835277674267651,0.45322466335931966,0.27772856130403967,256,0,0,0,1,0,0,0,1,0,0,0,0,0.0,0
malware,exclude,data\raw\malware_webshell\troony_php\.git\info\exclude,240,7,0,0,0,0,0.0,unknown,0,0,0,0,1,0,0,0,0,0,0,4.633791568623334,4.633791568623334,0.975,0.0,41,0,0,0,0,0,0,0,0,0,0,0,0,0.0,0
malware,HEAD,data\raw\malware_webshell\troony_php\.git\logs\HEAD,193,4,0,0,0,0,0.0,unknown,0,0,0,0,1,0,0,0,0,0,0,4.662966652311112,4.662966652311112,0.9896373056994818,0.0,43,1,0,0,0,0,0,0,0,0,0,0,0,0.0,0
malware,master,data\raw\malware_webshell\troony_php\.git\logs\refs\heads\master,193,6,0,0,0,0,0.0,unknown,0,0,0,0,1,0,0,0,0,0,0,4.662966652311112,4.662966652311112,0.9896373056994818,0.0,43,1,0,0,0,0,0,0,0,0,0,0,0,0.0,0
malware,HEAD,data\raw\malware_webshell\troony_php\.git\logs\refs\remotes\origin\HEAD,193,4,0,0,0,0,0.0,unknown,0,0,0,0,1,0,0,0,0,0,0,4.662966652311112,4.662966652311112,0.9896373056994818,0.0,43,1,0,0,0,0,0,0,0,0,0,0,0,0.0,0
malware,pack-adc705b2762d70d36cc7be11a18a3e70469c3333.idx,data\raw\malware_webshell\troony_php\.git\objects\pack\pack-adc705b2762d70d36cc7be11a18a3e70469c3333.idx,6868,49,0,0,0,0,0.04081632653061224,unknown,0,0,0,0,1,0,0,0,0,0,0,7.359843449139329,7.113530293824045,0.3182877111240536,0.15099009900990099,256,0,0,0,0,0,0,0,0,0,0,0,0,0.0,0
malware,pack-adc705b2762d70d36cc7be11a18a3e70469c3333.pack,data\raw\malware_webshell\troony_php\.git\objects\pack\pack-adc705b2762d70d36cc7be11a18a3e70469c3333.pack,2469660,50,0,0,0,0,0.04,unknown,0,0,0,0,1,0,0,0,0,0,35,7.998582396397943,7.928105683383237,0.36844747860029314,0.0035106046986224824,256,0,0,0,0,0,0,0,0,0,0,0,0,0.0,0
malware,pack-adc705b2762d70d36cc7be11a18a3e70469c3333.rev,data\raw\malware_webshell\troony_php\.git\objects\pack\pack-adc705b2762d70d36cc7be11a18a3e70469c3333.rev,880,49,0,0,0,0,0.04081632653061224,unknown,0,0,0,0,1,0,0,0,0,0,0,3.0446483012302332,3.0446483012302332,0.13295454545454546,0.7136363636363636,211,0,0,0,0,0,0,0,0,0,0,0,0,0.0,0
malware,packed-refs,data\raw\malware_webshell\troony_php\.git\packed-refs,169,11,0,0,0,0,0.09090909090909091,unknown,0,0,0,0,1,0,0,0,0,0,0,4.837213259767338,4.837213259767338,0.9822485207100592,0.0,38,0,0,0,0,0,0,0,0,0,0,0,0,0.0,0
malware,master,data\raw\malware_webshell\troony_php\.git\refs\heads\master,41,6,0,0,0,0,0.0,unknown,0,0,0,0,1,0,0,0,0,0,0,3.930007492106357,3.930007492106357,0.975609756097561,0.0,17,0,0,0,0,0,0,0,0,0,0,0,0,0.0,0
malware,HEAD,data\raw\malware_webshell\troony_php\.git\refs\remotes\origin\HEAD,32,4,0,0,0,0,0.0,unknown,0,0,0,0,1,0,0,0,0,0,0,3.6647170014624826,3.6647170014624826,0.96875,0.0,15,0,0,0,0,0,0,0,0,0,0,0,0,0.0,0
malware,529.php,data\raw\malware_webshell\troony_php\Collection\529.php,1581,7,1,0,0,0,0.14285714285714285,script,0,1,0,0,0,0,0,0,0,0,0,5.460130752176049,5.460130752176049,0.9259962049335864,0.0,81,0,0,0,0,0,0,0,7,0,0,0,0,0.0,0
malware,accept_language.php,data\raw\malware_webshell\troony_php\Collection\accept_language.php,77,19,1,0,0,0,0.10526315789473684,script,0,1,0,0,0,0,0,0,0,0,0,5.237121443095627,5.237121443095627,0.974025974025974,0.0,43,0,0,0,0,1,0,0,1,0,0,0,0,0.0,0
malware,Ajax_PHP_Command_Shell.php,data\raw\malware_webshell\troony_php\Collection\Ajax_PHP_Command_Shell.php,18183,26,1,0,0,0,0.15384615384615385,script,0,1,0,0,0,0,0,0,0,0,0,5.3819894216067246,5.383875393019363,0.8720233184842985,0.0,94,3,0,0,19,5,0,0,37,0,0,0,0,0.0,0
malware,AK-74.php,data\raw\malware_webshell\troony_php\Collection\AK-74.php,20232,9,1,0,0,0,0.2222222222222222,script,0,1,0,0,0,0,0,0,0,0,0,5.620836788532929,5.192488485056003,0.9036674574930803,0.0,134,4,0,0,0,2,0,0,55,0,0,0,0,0.0,0
malware,alfa3.php,data\raw\malware_webshell\troony_php\Collection\alfa3.php,252185,9,1,0,0,0,0.1111111111111111,script,0,1,0,0,0,0,0,0,0,0,60,6.02411452598883,5.9415866800237485,0.9998969010845213,0.0,93,0,0,3,0,0,0,3,3,0,0,0,0,0.0,0
malware,andela.php,data\raw\malware_webshell\troony_php\Collection\andela.php,210708,10,1,0,0,0,0.1,script,0,1,0,0,0,0,0,0,0,0,65,6.005810074038387,6.078157391661653,0.9998386392543235,0.0,86,0,0,1,0,1,0,5,6,0,0,0,0,0.0,0
malware,Antichat_Shell.php,data\raw\malware_webshell\troony_php\Collection\Antichat_Shell.php,13193,18,1,0,0,0,0.1111111111111111,script,0,1,0,0,0,0,0,0,0,0,0,5.551588260628604,5.548158896685363,0.9417873114530433,0.0,93,1,0,0,7,2,0,0,49,0,0,0,0,0.0,0
malware,aspydrv.php,data\raw\malware_webshell\troony_php\Collection\aspydrv.php,35241,11,1,0,0,0,0.09090909090909091,script,0,1,0,0,0,0,0,0,0,0,0,5.530087062067188,5.150589387402969,0.9288612695439971,0.0,92,0,0,0,11,9,0,0,84,0,0,0,0,0.0,0
malware,Ayyildiz_Tim.php,data\raw\malware_webshell\troony_php\Collection\Ayyildiz_Tim.php,10144,16,1,0,0,0,0.125,script,0,1,0,0,0,0,0,0,0,0,0,5.536058333211356,5.637280735052864,0.9354298107255521,0.0,95,2,0,0,0,2,0,0,2,0,0,0,0,0.0,0
malware,aZRaiLPhp_v1.0.php,data\raw\malware_webshell\troony_php\Collection\aZRaiLPhp_v1.0.php,10705,18,1,0,0,0,0.16666666666666666,script,0,1,0,0,0,0,0,0,0,0,0,5.3797502269548785,5.270044379180893,0.9396543671181691,0.0,98,1,0,0,0,0,0,0,1,0,0,0,0,0.0,0
malware,b374k-mini-shell.php,data\raw\malware_webshell\troony_php\Collection\b374k-mini-shell.php,14621,20,1,0,0,0,0.15,script,0,1,0,0,0,0,0,0,0,0,7,6.059272446237818,6.054340123394458,0.9734628274399836,0.0,78,0,0,186,0,1,0,188,189,0,0,0,0,0.0,0
malware,backupsql.php,data\raw\malware_webshell\troony_php\Collection\backupsql.php,6500,13,1,0,0,0,0.07692307692307693,script,0,1,0,0,0,0,0,0,0,0,0,5.338040834809269,5.115653065637877,0.948,0.0,87,0,0,0,0,2,0,0,10,0,0,0,0,0.0,0
malware,bloodsecv4.php,data\raw\malware_webshell\troony_php\Collection\bloodsecv4.php,134824,14,1,0,0,0,0.07142857142857142,script,0,1,0,0,0,0,0,0,0,0,36,6.006542855293282,6.072199134900549,0.9999109950750609,0.0,84,1,0,1,0,1,0,1,2,0,0,0,0,0.0,0
malware,by.php,data\raw\malware_webshell\troony_php\Collection\by.php,675111,6,1,0,0,0,0.16666666666666666,script,0,1,0,0,0,0,0,0,0,0,162,5.696327208515776,5.7982052359751135,0.9758913719373555,0.0,82,1,1,8130,0,1,0,8130,8131,0,0,0,0,0.0,0
malware,c0derz_shell.php,data\raw\malware_webshell\troony_php\Collection\c0derz_shell.php,12984,16,1,0,0,0,0.125,script,0,1,0,0,0,0,0,0,0,0,0,5.532820915230925,5.5399821881272295,0.9483980283425755,0.0,92,2,0,0,6,5,0,0,26,0,0,0,0,0.0,0
malware,c99_locus7s.php,data\raw\malware_webshell\troony_php\Collection\c99_locus7s.php,232697,15,1,0,0,0,0.13333333333333333,script,0,1,0,0,0,0,0,0,0,0,29,5.894294971133067,4.964944734045585,0.9691100443924933,0.0,97,22,1,229,52,24,0,238,399,0,0,0,0,0.0,0
malware,c99_madnet.php,data\raw\malware_webshell\troony_php\Collection\c99_madnet.php,44358,14,1,0,0,0,0.14285714285714285,script,0,1,0,0,0,0,0,0,0,0,7,6.011551462489927,6.0510900740219915,0.9996843861310248,0.0,78,0,0,1,0,1,0,3,4,0,0,0,0,0.0,0
malware,c99ud.php,data\raw\malware_webshell\troony_php\Collection\c99ud.php,146414,9,1,0,0,0,0.1111111111111111,script,0,1,0,0,0,0,0,0,0,0,34,6.001209786346465,6.004319015190361,0.9999863401040884,0.0,75,0,0,1,0,1,0,4,5,0,0,0,0,0.0,0
malware,CasuS-1.5.php,data\raw\malware_webshell\troony_php\Collection\CasuS-1.5.php,14037,13,1,0,0,0,0.23076923076923078,script,0,1,0,0,0,0,0,0,0,0,0,5.420957482127141,5.33813127327954,0.9455724157583529,0.0,93,1,0,0,0,1,0,0,2,0,0,0,0,0.0,0
malware,cgitelnet.php,data\raw\malware_webshell\troony_php\Collection\cgitelnet.php,23851,13,1,0,0,0,0.07692307692307693,script,0,1,0,0,0,0,0,0,0,0,0,5.1275674536678375,4.813116483430441,0.9186616913336967,0.0,96,8,0,0,0,0,0,0,0,0,0,0,0,0.0,0
malware,cmd.php,data\raw\malware_webshell\troony_php\Collection\cmd.php,125,7,1,0,0,0,0.14285714285714285,script,0,1,0,0,0,0,0,0,0,0,0,5.000360113533346,5.000360113533346,0.856,0.0,38,0,0,0,4,1,0,0,7,0,0,0,0,0.0,0
malware,configkillerionkros.php,data\raw\malware_webshell\troony_php\Collection\configkillerionkros.php,7844,23,1,0,0,0,0.043478260869565216,script,0,1,0,0,0,0,0,0,0,0,0,5.574948488933267,5.608211140636639,0.9247832738398776,0.0,87,0,0,0,0,0,0,0,4,0,0,0,0,0.0,0
malware,cpanel.php,data\raw\malware_webshell\troony_php\Collection\cpanel.php,8951,10,1,0,0,0,0.1,script,0,1,0,0,0,0,0,0,0,0,0,5.784520079503464,5.817020626997744,0.9602279074963691,0.0,93,3,0,2,0,1,0,3,16,0,0,0,0,0.0,0
malware,CrystalShell.php,data\raw\malware_webshell\troony_php\Collection\CrystalShell.php,41610,16,1,0,0,0,0.0625,script,0,1,0,0,0,0,0,0,0,0,0,5.574191644557375,5.497076847330221,0.9367219418409036,0.0,133,2,0,0,23,10,0,0,79,0,0,0,0,0.0,0
malware,cw.php,data\raw\malware_webshell\troony_php\Collection\cw.php,41723,6,1,0,0,0,0.16666666666666666,script,0,1,0,0,0,0,0,0,0,0,1,5.9622584568643395,5.3975134064503765,0.9616039115116363,0.0,101,3,1,5,10,9,0,9,108,0,0,0,0,0.0,0
malware,cybershell.php,data\raw\malware_webshell\troony_php\Collection\cybershell.php,36185,14,1,0,0,0,0.07142857142857142,script,0,1,0,0,0,0,0,0,0,0,0,5.981884676667568,5.95464771297016,0.9129473538759154,0.0,140,2,0,4,5,7,0,5,60,0,0,0,0,0.0,0
malware,dC3_Security.php,data\raw\malware_webshell\troony_php\Collection\dC3_Security.php,44670,16,1,0,0,0,0.125,script,0,1,0,0,0,0,0,0,0,0,1,5.859559866810707,5.357702465879641,0.9429594806357734,0.0,94,1,0,160,0,11,0,164,272,0,0,0,0,0.0,0
malware,Dive_Shell.php,data\raw\malware_webshell\troony_php\Collection\Dive_Shell.php,5700,14,1,0,0,0,0.14285714285714285,script,0,1,0,0,0,0,0,0,0,0,0,5.334957479072704,5.177436711789282,0.9343859649122807,0.0,88,0,0,0,0,1,0,0,18,0,0,0,0,0.0,0
malware,DTool_Pro.php,data\raw\malware_webshell\troony_php\Collection\DTool_Pro.php,14642,13,1,0,0,0,0.15384615384615385,script,0,1,0,0,0,0,0,0,0,0,0,5.480736655595598,5.40007456481288,0.9684469334790329,0.0,90,3,0,0,47,12,0,0,64,0,0,0,0,0.0,0
malware,easy-simple-php-webshell.php,data\raw\malware_webshell\troony_php\Collection\easy-simple-php-webshell.php,363,28,1,0,0,0,0.14285714285714285,script,0,1,0,0,0,0,0,0,0,0,0,5.300780371893509,5.300780371893509,0.9118457300275482,0.0,59,0,0,0,5,1,0,0,9,0,0,0,0,0.0,0
malware,erne.php,data\raw\malware_webshell\troony_php\Collection\erne.php,44018,8,1,0,0,0,0.125,script,0,1,0,0,0,0,0,0,0,0,0,5.358729648697058,5.678249424271378,0.8981780180835113,0.0,110,0,0,1,7,10,0,1,78,0,0,0,0,0.0,0
malware,ex0shell.php,data\raw\malware_webshell\troony_php\Collection\ex0shell.php,41637,12,1,0,0,0,0.08333333333333333,script,0,1,0,0,0,0,0,0,0,0,0,5.58698764304081,5.544893996306128,0.9709873429882077,0.0,98,3,0,2,18,17,1,4,188,0,0,0,0,0.0,0
malware,fatal.php,data\raw\malware_webshell\troony_php\Collection\fatal.php,19319,9,1,0,0,0,0.1111111111111111,script,0,1,0,0,0,0,0,0,0,0,0,5.765801050632714,5.76931729563276,0.9658885035457322,0.0,100,1,0,4,11,8,0,6,61,0,0,0,0,0.0,0
malware,ftpsearch.php,data\raw\malware_webshell\troony_php\Collection\ftpsearch.php,2987,13,1,0,0,0,0.07692307692307693,script,0,1,0,0,0,0,0,0,0,0,0,4.756227690390824,4.756227690390824,0.9317040508871778,0.0,69,0,1,0,0,0,0,0,0,0,0,0,0,0.0,0
malware,g00nshell-v1.3.php,data\raw\malware_webshell\troony_php\Collection\g00nshell-v1.3.php,29760,18,1,0,0,0,0.16666666666666666,script,0,1,0,0,0,0,0,0,0,0,6,5.847125179682099,5.444917983695498,0.9509408602150538,0.0,94,14,3,41,21,7,0,42,166,0,0,0,0,0.0,0
malware,Gamma_Web_Shell.php,data\raw\malware_webshell\troony_php\Collection\Gamma_Web_Shell.php,26429,19,1,0,0,0,0.15789473684210525,script,0,1,0,0,0,0,0,0,0,0,0,4.804189631682658,5.097168874991297,0.9342389042339854,0.0,94,4,0,0,0,0,0,0,0,0,0,0,0,0.0,0
malware,GFS_web-shell.php,data\raw\malware_webshell\troony_php\Collection\GFS_web-shell.php,22302,17,1,0,0,0,0.17647058823529413,script,0,1,0,0,0,0,0,0,0,0,1,6.03114034386926,6.1201233300080755,0.9484799569545332,0.0,122,0,0,72,0,4,0,72,102,0,0,0,0,0.0,0
malware,go-shell.php,data\raw\malware_webshell\troony_php\Collection\go-shell.php,2137,12,1,0,0,0,0.16666666666666666,script,0,1,0,0,0,0,0,0,0,0,0,5.472285830823162,5.472285830823162,0.9195133364529715,0.0,82,0,0,0,6,0,0,0,6,0,0,0,0,0.0,0
malware,GRP_WebShell.php,data\raw\malware_webshell\troony_php\Collection\GRP_WebShell.php,16928,16,1,0,0,0,0.125,script,0,1,0,0,0,0,0,0,0,0,0,5.470325752233062,5.410893553302148,0.9267485822306238,0.0,95,2,0,0,4,12,0,0,65,0,0,0,0,0.0,0
malware,h4ntu_shell.php,data\raw\malware_webshell\troony_php\Collection\h4ntu_shell.php,2553,15,1,0,0,0,0.13333333333333333,script,0,1,0,0,0,0,0,0,0,0,0,5.516694694335208,5.516694694335208,0.9388954171562868,0.0,81,0,0,0,6,2,0,0,11,0,0,0,0,0.0,0
malware,hiddens_shell.php,data\raw\malware_webshell\troony_php\Collection\hiddens_shell.php,7236,17,1,0,0,0,0.11764705882352941,script,0,1,0,0,0,0,0,0,0,0,3,6.0148738013506335,5.997237730281078,1.0,0.0,74,0,0,2,0,1,0,3,4,0,0,0,0,0.0,0
malware,ironshell.php,data\raw\malware_webshell\troony_php\Collection\ironshell.php,18958,13,1,0,0,0,0.07692307692307693,script,0,1,0,0,0,0,0,0,0,0,0,4.619233012744381,5.153246831778784,0.9379681400991666,0.0,91,3,0,0,3,5,0,0,77,0,0,0,0,0.0,0
malware,jspshell.jsp,data\raw\malware_webshell\troony_php\Collection\jspshell.jsp,669,12,1,0,0,0,0.08333333333333333,script,0,1,0,0,0,0,0,0,0,0,0,5.412377517377872,5.412377517377872,0.9043348281016442,0.0,67,0,0,0,4,1,0,0,8,0,0,0,0,0.0,0
malware,JspWebshell_1.2.php,data\raw\malware_webshell\troony_php\Collection\JspWebshell_1.2.php,26861,19,1,0,0,0,0.15789473684210525,script,0,1,0,0,0,0,0,0,0,0,0,5.397096428387394,5.4125992441999164,0.8962808532817096,0.0,172,0,0,0,6,1,0,0,31,0,0,0,0,0.0,0
malware,KA_uShell_0.1.6.php,data\raw\malware_webshell\troony_php\Collection\KA_uShell_0.1.6.php,4884,19,1,0,0,0,0.2631578947368421,script,0,1,0,0,0,0,0,0,0,0,0,5.705148011045266,5.692979427740561,0.8712121212121212,0.0,119,0,0,0,0,2,0,1,38,0,0,0,0,0.0,0
malware,kral.php,data\raw\malware_webshell\troony_php\Collection\kral.php,10380,8,1,0,0,0,0.125,script,0,1,0,0,0,0,0,0,0,0,0,5.141399762944566,5.283818986152595,0.9277456647398844,0.0,93,2,0,0,0,0,0,0,15,0,0,0,0,0.0,0
malware,lamashell.php,data\raw\malware_webshell\troony_php\Collection\lamashell.php,2569,13,1,0,0,0,0.07692307692307693,script,0,1,0,0,0,0,0,0,0,0,0,4.755842193047029,4.755842193047029,0.9307123394316855,0.0,78,1,0,0,0,1,0,0,9,0,0,0,0,0.0,0
malware,lifkaS.php,data\raw\malware_webshell\troony_php\Collection\lifkaS.php,42009,10,1,0,0,0,0.1,script,0,1,0,0,0,0,0,0,0,0,0,5.362903892666556,4.603633998868657,0.9638172772501131,0.0,100,1,0,1,9,20,0,2,100,0,0,0,0,0.0,0
malware,load_shell.php,data\raw\malware_webshell\troony_php\Collection\load_shell.php,14344,14,1,0,0,0,0.14285714285714285,script,0,1,0,0,0,0,0,0,0,0,0,5.865124213831157,6.108286401876056,0.8722810931399888,0.0,133,2,1,0,10,7,0,0,51,0,0,0,0,0.0,0
malware,Loaderz_WEB_Shell.php,data\raw\malware_webshell\troony_php\Collection\Loaderz_WEB_Shell.php,13893,21,1,0,0,0,0.14285714285714285,script,0,1,0,0,0,0,0,0,0,0,0,5.827260805836316,6.108286401876056,0.868135032030519,0.0,133,2,1,0,10,7,0,0,43,0,0,0,0,0.0,0
malware,lolipop.php,data\raw\malware_webshell\troony_php\Collection\lolipop.php,13640,11,1,0,0,0,0.09090909090909091,script,0,1,0,0,0,0,0,0,0,0,0,5.428814105391615,5.2953801075017894,0.9576246334310851,0.0,87,1,0,0,2,1,0,1,59,0,0,0,0,0.0,0
malware,lostDC.php,data\raw\malware_webshell\troony_php\Collection\lostDC.php,20303,10,1,0,0,0,0.1,script,0,1,0,0,0,0,0,0,0,0,0,4.688714441058098,4.772570743756344,0.9532088853863961,0.0,92,7,0,0,6,3,0,0,74,0,0,0,0,0.0,0
malware,Mackers_Private_Shell.php,data\raw\malware_webshell\troony_php\Collection\Mackers_Private_Shell.php,40256,25,1,0,0,0,0.12,script,0,1,0,0,0,0,0,0,0,0,0,5.3000129304707615,4.778312784700952,0.8648151828298887,0.0,95,0,0,0,56,2,0,0,58,0,0,0,0,0.0,0
malware,matamu.php,data\raw\malware_webshell\troony_php\Collection\matamu.php,3947,10,1,0,0,0,0.1,script,0,1,0,0,0,0,0,0,0,0,0,5.214467661375758,5.214467661375758,0.9239929060045604,0.0,81,0,0,0,0,2,0,0,2,0,0,0,0,0.0,0
malware,megabor.php,data\raw\malware_webshell\troony_php\Collection\megabor.php,42691,11,1,0,0,0,0.09090909090909091,script,0,1,0,0,0,0,0,0,0,0,0,5.648514090625439,5.595929006148554,0.9592654189407603,0.0,112,1,0,2,18,16,1,4,188,0,0,0,0,0.0,0
malware,mini.php,data\raw\malware_webshell\troony_php\Collection\mini.php,8519,8,1,0,0,0,0.125,script,0,1,0,0,0,0,0,0,0,0,0,5.451360768594286,5.520676830928872,0.9290996595844583,0.0,90,3,0,0,0,0,0,0,38,0,0,0,0,0.0,0
malware,Moroccan_Spamers.php,data\raw\malware_webshell\troony_php\Collection\Moroccan_Spamers.php,7362,20,1,0,0,0,0.1,script,0,1,0,0,0,0,0,0,0,0,0,5.374312047464841,5.153416347362864,0.9505569138820973,0.0,87,0,0,0,0,0,0,0,8,0,0,0,0,0.0,0
malware,MyShell.php,data\raw\malware_webshell\troony_php\Collection\MyShell.php,11147,11,1,0,0,0,0.09090909090909091,script,0,1,0,0,0,0,0,0,0,0,0,5.2419570726641,5.083120450006532,0.9438413923028618,0.0,92,3,0,0,0,7,0,0,7,0,0,0,0,0.0,0
malware,Mysql_interface_v1.0.php,data\raw\malware_webshell\troony_php\Collection\Mysql_interface_v1.0.php,34963,24,1,0,0,0,0.16666666666666666,script,0,1,0,0,0,0,0,0,0,0,0,5.386744379355924,5.332055173551764,0.9333009181134342,0.0,94,0,0,0,22,1,0,0,23,0,0,0,0,0.0,0
malware,mysql_tool.php,data\raw\malware_webshell\troony_php\Collection\mysql_tool.php,34158,14,1,0,0,0,0.14285714285714285,script,0,1,0,0,0,0,0,0,0,0,0,4.519424728450424,4.544116535612977,0.9353592130686809,0.0,95,2,0,0,0,0,6,1,15,0,0,0,0,0.0,0
malware,MySQL_Web_Interface.php,data\raw\malware_webshell\troony_php\Collection\MySQL_Web_Interface.php,35803,23,1,0,0,0,0.13043478260869565,script,0,1,0,0,0,0,0,0,0,0,0,5.4682440829930075,5.415172054652048,0.8882775186436891,0.0,96,2,0,0,22,1,0,0,23,0,0,0,0,0.0,0
malware,NCC-Shell.php,data\raw\malware_webshell\troony_php\Collection\NCC-Shell.php,2652,13,1,0,0,0,0.15384615384615385,script,0,1,0,0,0,0,0,0,0,0,0,5.285912979496869,5.285912979496869,0.9532428355957768,0.0,86,1,0,0,7,1,0,0,24,0,0,0,0,0.0,0
malware,NGH.php,data\raw\malware_webshell\troony_php\Collection\NGH.php,18349,7,1,0,0,0,0.14285714285714285,script,0,1,0,0,0,0,0,0,0,0,0,5.974049795485039,5.9577379249286695,0.9197776445582866,0.0,133,0,0,36,6,3,0,39,84,0,0,0,0,0.0,0
malware,Non-alphanumeric.php,data\raw\malware_webshell\troony_php\Collection\Non-alphanumeric.php,427,20,1,0,0,0,0.1,script,0,1,0,0,0,0,0,0,0,0,0,3.516773973333885,3.516773973333885,0.9531615925058547,0.0,25,0,0,0,0,0,0,0,0,0,0,0,0,0.0,0
malware,nshell.php,data\raw\malware_webshell\troony_php\Collection\nshell.php,13188,10,1,0,0,0,0.1,script,0,1,0,0,0,0,0,0,0,0,0,5.665396245125971,5.698545569005211,0.9412344555656658,0.0,95,0,0,0,1,9,0,0,46,0,0,0,0,0.0,0
malware,NTDaddy_v1.9.php,data\raw\malware_webshell\troony_php\Collection\NTDaddy_v1.9.php,39868,16,1,0,0,0,0.1875,script,0,1,0,0,0,0,0,0,0,0,0,5.3572785423388805,5.2387695930720195,0.9490568877295074,0.0,93,0,0,0,6,3,0,0,66,0,0,0,0,0.0,0
malware,obfuscated-punknopass.php,data\raw\malware_webshell\troony_php\Collection\obfuscated-punknopass.php,252744,25,1,0,0,0,0.08,script,0,1,0,0,0,0,0,0,0,0,47,5.703395238385346,5.816955882014297,0.9755721204064192,0.0,82,1,1,3078,0,1,0,3078,3079,0,0,0,0,0.0,0
malware,PHANTASMA.php,data\raw\malware_webshell\troony_php\Collection\PHANTASMA.php,26577,13,1,0,0,0,0.07692307692307693,script,0,1,0,0,0,0,0,0,0,0,0,4.472200716849742,5.2895436966109335,0.9521390676148549,0.0,96,0,0,0,3,0,1,0,4,0,0,0,0,0.0,0
malware,php-backdoor.php,data\raw\malware_webshell\troony_php\Collection\php-backdoor.php,2871,16,1,0,0,0,0.125,script,0,1,0,0,0,0,0,0,0,0,0,5.407331028097671,5.407331028097671,0.9380006966213863,0.0,83,2,0,0,0,1,0,0,16,0,0,0,0,0.0,0
malware,php-findsock-shell.php,data\raw\malware_webshell\troony_php\Collection\php-findsock-shell.php,3556,22,1,0,0,0,0.13636363636363635,script,0,1,0,0,0,0,0,0,0,0,0,4.92124310604039,4.92124310604039,0.9499437570303711,0.0,76,1,1,0,0,1,0,0,3,0,0,0,0,0.0,0
malware,php-include-w-shell.php,data\raw\malware_webshell\troony_php\Collection\php-include-w-shell.php,48246,23,1,0,0,0,0.17391304347826086,script,0,1,0,0,0,0,0,0,0,0,0,5.360566468262086,5.463668462641386,0.9154955851262281,0.0,93,2,3,0,7,20,1,0,39,0,0,0,0,0.0,0
malware,php-reverse-shell.php,data\raw\malware_webshell\troony_php\Collection\php-reverse-shell.php,5683,21,1,0,0,0,0.14285714285714285,script,0,1,0,0,0,0,0,0,0,0,0,5.180701032412791,5.090542607438388,0.9172972021819461,0.0,82,1,1,0,0,2,0,0,2,0,0,0,0,0.0,0
malware,php-web-shell.php,data\raw\malware_webshell\troony_php\Collection\php-web-shell.php,1635,17,1,0,0,0,0.17647058823529413,script,0,1,0,0,0,0,0,0,0,0,0,4.617259697515737,4.617259697515737,0.946177370030581,0.0,69,0,0,0,1,1,0,1,4,0,0,0,0,0.0,0
malware,PHP_Shell.php,data\raw\malware_webshell\troony_php\Collection\PHP_Shell.php,38250,13,1,0,0,0,0.15384615384615385,script,0,1,0,0,0,0,0,0,0,0,0,5.333236112493832,4.843518760012076,0.9108496732026143,0.0,95,0,0,0,56,2,0,0,58,0,0,0,0,0.0,0
malware,pHpINJ.php,data\raw\malware_webshell\troony_php\Collection\pHpINJ.php,1160,10,1,0,0,0,0.1,script,0,1,0,0,0,0,0,0,0,0,0,5.33198791875996,5.33198791875996,0.9379310344827586,0.0,71,2,0,0,0,1,0,0,7,0,0,0,0,0.0,0
malware,PHPRemoteView.php,data\raw\malware_webshell\troony_php\Collection\PHPRemoteView.php,35387,17,1,0,0,0,0.058823529411764705,script,0,1,0,0,0,0,0,0,0,0,0,5.59553598480474,4.679602967146681,0.870997824059683,0.0,157,5,0,5,0,2,0,5,7,0,0,0,0,0.0,0
malware,PhpSpy.php,data\raw\malware_webshell\troony_php\Collection\PhpSpy.php,48162,10,1,0,0,0,0.1,script,0,1,0,0,0,0,0,0,0,0,0,5.919704054877907,5.696669997178718,0.8348698143764793,0.0,188,9,0,0,1,9,0,0,148,0,0,0,0,0.0,0
malware,PHVayv.php,data\raw\malware_webshell\troony_php\Collection\PHVayv.php,25274,10,1,0,0,0,0.1,script,0,1,0,0,0,0,0,0,0,0,0,5.240787376804472,5.283102408717283,0.9495924665664319,0.0,96,10,0,0,0,0,0,0,0,0,0,0,0,0.0,0
malware,Predator.php,data\raw\malware_webshell\troony_php\Collection\Predator.php,43704,12,1,0,0,0,0.08333333333333333,script,0,1,0,0,0,0,0,0,0,0,0,5.696662165796285,6.135376090760566,0.923851363719568,0.0,96,1,0,34,2,6,0,41,107,0,0,0,0,0.0,0
malware,punk-nopass.php,data\raw\malware_webshell\troony_php\Collection\punk-nopass.php,60127,15,1,0,0,0,0.13333333333333333,script,0,1,0,0,0,0,0,0,0,0,0,5.581543700689272,5.239276115702996,0.9527999068638049,0.0,97,24,0,0,15,11,0,0,198,0,0,0,0,0.0,0
malware,punkholic.php,data\raw\malware_webshell\troony_php\Collection\punkholic.php,61377,13,1,0,0,0,0.07692307692307693,script,0,1,0,0,0,0,0,0,0,0,0,5.584969268242013,5.505945733468337,0.9522622480733826,0.0,97,26,0,0,15,11,0,0,201,0,0,0,0,0.0,0
malware,pws.php,data\raw\malware_webshell\troony_php\Collection\pws.php,904,7,1,0,0,0,0.14285714285714285,script,0,1,0,0,0,0,0,0,0,0,0,5.250097653965254,5.250097653965254,0.9214601769911505,0.0,63,0,0,0,6,2,0,0,13,0,0,0,0,0.0,0
malware,qsd-backdoor.php,data\raw\malware_webshell\troony_php\Collection\qsd-backdoor.php,13914,16,1,0,0,0,0.125,script,0,1,0,0,0,0,0,0,0,0,0,4.911248272253777,4.906107570536893,0.9383354894351014,0.0,92,1,0,1,0,2,0,2,57,0,0,0,0,0.0,0
malware,r57.php,data\raw\malware_webshell\troony_php\Collection\r57.php,612392,7,1,0,0,0,0.14285714285714285,script,0,1,0,0,0,0,0,0,0,0,148,5.698371874975221,5.802003843236554,0.9752936027903696,0.0,82,1,1,7556,0,1,0,7556,7557,0,0,0,0,0.0,0
malware,robots.php,data\raw\malware_webshell\troony_php\Collection\robots.php,178,10,1,0,0,0,0.1,script,0,1,0,0,0,0,0,0,0,0,0,4.840395248294332,4.840395248294332,0.9550561797752809,0.0,42,1,0,0,0,0,0,0,0,0,0,0,0,0.0,0
malware,rootshell.php,data\raw\malware_webshell\troony_php\Collection\rootshell.php,13389,13,1,0,0,0,0.07692307692307693,script,0,1,0,0,0,0,0,0,0,0,0,5.440652709540512,4.810887162068208,0.9350212861304056,0.0,98,1,0,0,1,1,0,0,12,0,0,0,0,0.0,0
malware,Rootshell.v.1.0.php,data\raw\malware_webshell\troony_php\Collection\Rootshell.v.1.0.php,10002,19,1,0,0,0,0.21052631578947367,script,0,1,0,0,0,0,0,0,0,0,0,5.368372556607887,4.777945088748987,0.9510097980403919,0.0,96,1,0,0,1,1,0,0,5,0,0,0,0,0.0,0
malware,ru24_post_sh.php,data\raw\malware_webshell\troony_php\Collection\ru24_post_sh.php,543,16,1,0,0,0,0.1875,script,0,1,0,0,0,0,0,0,0,0,0,5.412273324428465,5.412273324428465,0.9152854511970534,0.0,63,1,0,0,7,0,0,0,12,0,0,0,0,0.0,0
malware,s72_Shell.php,data\raw\malware_webshell\troony_php\Collection\s72_Shell.php,5263,13,1,0,0,0,0.15384615384615385,script,0,1,0,0,0,0,0,0,0,0,0,5.192507524140755,5.1756989680107255,0.9431882956488694,0.0,91,0,0,0,0,1,0,0,3,0,0,0,0,0.0,0
malware,safe0ver.php,data\raw\malware_webshell\troony_php\Collection\safe0ver.php,39253,12,1,0,0,0,0.08333333333333333,script,0,1,0,0,0,0,0,0,0,0,0,4.94516960054649,4.966725794543973,0.9502458410822103,0.0,99,0,0,0,53,2,0,0,59,0,0,0,0,0.0,0
malware,Safe0ver_Shell.php,data\raw\malware_webshell\troony_php\Collection\Safe0ver_Shell.php,38673,18,1,0,0,0,0.1111111111111111,script,0,1,0,0,0,0,0,0,0,0,0,5.04671724848331,5.051180771326339,0.9486722002430636,0.0,100,0,0,0,53,2,0,0,59,0,0,0,0,0.0,0
malware,Safe_Mode_Bypass.php,data\raw\malware_webshell\troony_php\Collection\Safe_Mode_Bypass.php,5398,20,1,0,0,0,0.15,script,0,1,0,0,0,0,0,0,0,0,0,5.624670069052363,5.542618997723058,0.963505001852538,0.0,90,0,0,0,0,0,0,0,4,0,0,0,0,0.0,0
malware,simattacker.php,data\raw\malware_webshell\troony_php\Collection\simattacker.php,12745,15,1,0,0,0,0.06666666666666667,script,0,1,0,0,0,0,0,0,0,0,0,5.362189183065275,5.3679531737363595,0.840957238132601,0.0,94,0,0,0,12,1,0,0,32,0,0,0,0,0.0,0
malware,simple-backdoor.php,data\raw\malware_webshell\troony_php\Collection\simple-backdoor.php,345,19,1,0,0,0,0.10526315789473684,script,0,1,0,0,0,0,0,0,0,0,0,5.040750954690324,5.040750954690324,0.9014492753623189,0.0,56,3,0,0,5,1,0,0,8,0,0,0,0,0.0,0
malware,Simple-Webshell.php,data\raw\malware_webshell\troony_php\Collection\Simple-Webshell.php,1845,19,1,0,0,0,0.10526315789473684,script,0,1,0,0,0,0,0,0,0,0,0,4.9473763418343735,4.9473763418343735,0.9181571815718157,0.0,80,1,0,0,10,1,0,0,15,0,0,0,0,0.0,0
malware,simple_cmd.php,data\raw\malware_webshell\troony_php\Collection\simple_cmd.php,353,14,1,0,0,0,0.14285714285714285,script,0,1,0,0,0,0,0,0,0,0,0,5.267127589002093,5.267127589002093,0.8980169971671388,0.0,57,0,0,0,6,1,0,0,8,0,0,0,0,0.0,0
malware,Simple_PHP_backdoor.php,data\raw\malware_webshell\troony_php\Collection\Simple_PHP_backdoor.php,349,23,1,0,0,0,0.13043478260869565,script,0,1,0,0,0,0,0,0,0,0,0,5.031912567571285,5.031912567571285,0.8911174785100286,0.0,56,3,0,0,5,1,0,0,8,0,0,0,0,0.0,0
malware,SimShell.php,data\raw\malware_webshell\troony_php\Collection\SimShell.php,5345,12,1,0,0,0,0.08333333333333333,script,0,1,0,0,0,0,0,0,0,0,0,5.303269705586247,5.17173762802081,0.9326473339569691,0.0,89,1,0,0,1,1,0,0,19,0,0,0,0,0.0,0
malware,Sincap_1.0.php,data\raw\malware_webshell\troony_php\Collection\Sincap_1.0.php,4048,14,1,0,0,0,0.21428571428571427,script,0,1,0,0,0,0,0,0,0,0,0,5.323684634901691,5.323684634901691,0.9352766798418972,0.0,89,1,0,0,0,0,0,0,0,0,0,0,0,0.0,0
malware,small.php,data\raw\malware_webshell\troony_php\Collection\small.php,15912,9,1,0,0,0,0.1111111111111111,script,0,1,0,0,0,0,0,0,0,0,0,5.588278994625164,5.545568488213371,0.936902966314731,0.0,91,0,0,0,21,2,0,0,69,0,0,0,0,0.0,0
malware,Small_Web_Shell.php,data\raw\malware_webshell\troony_php\Collection\Small_Web_Shell.php,15927,19,1,0,0,0,0.15789473684210525,script,0,1,0,0,0,0,0,0,0,0,0,5.590032540289521,5.553005362240727,0.9372135367614742,0.0,93,0,0,0,21,2,0,0,69,0,0,0,0,0.0,0
malware,smevk.php,data\raw\malware_webshell\troony_php\Collection\smevk.php,99732,9,1,0,0,0,0.1111111111111111,script,0,1,0,0,0,0,0,0,0,0,2,5.61819226790556,5.857308726806247,0.9994786026551157,0.0,85,2,0,1,0,1,0,2,3,0,0,0,0,0.0,0
malware,soldierofallah.php,data\raw\malware_webshell\troony_php\Collection\soldierofallah.php,36549,18,1,0,0,0,0.05555555555555555,script,0,1,0,0,0,0,0,0,0,0,0,5.391926274117088,5.442063655824738,0.8796683903800377,0.0,96,1,0,0,19,18,0,0,50,0,0,0,0,0.0,0
malware,sosyete.php,data\raw\malware_webshell\troony_php\Collection\sosyete.php,7898,11,1,0,0,0,0.09090909090909091,script,0,1,0,0,0,0,0,0,0,0,0,5.313387291203853,5.230514139085129,0.9402380349455558,0.0,86,1,0,0,0,2,0,0,4,0,0,0,0,0.0,0
malware,spygrup.php,data\raw\malware_webshell\troony_php\Collection\spygrup.php,8414,11,1,0,0,0,0.09090909090909091,script,0,1,0,0,0,0,0,0,0,0,0,5.535443249367042,5.510181538641396,0.9416448775849774,0.0,94,0,0,1,0,0,0,1,10,0,0,0,0,0.0,0
malware,STNC_WebShell_v0.8.php,data\raw\malware_webshell\troony_php\Collection\STNC_WebShell_v0.8.php,6896,22,1,0,0,0,0.18181818181818182,script,0,1,0,0,0,0,0,0,0,0,0,5.389213865804693,5.405207765408352,0.9515661252900232,0.0,86,5,0,0,14,6,0,0,45,0,0,0,0,0.0,0
malware,stres.php,data\raw\malware_webshell\troony_php\Collection\stres.php,41501,9,1,0,0,0,0.1111111111111111,script,0,1,0,0,0,0,0,0,0,0,0,5.4296422447049695,5.44657748728999,0.9548926531890798,0.0,98,2,0,0,23,10,0,0,79,0,0,0,0,0.0,0
malware,toolaspshell.php,data\raw\malware_webshell\troony_php\Collection\toolaspshell.php,46371,16,1,0,0,0,0.0625,script,0,1,0,0,0,0,0,0,0,0,0,5.571060248672319,5.22826214674852,0.9114748441914128,0.0,100,3,0,1,6,12,0,1,83,0,0,0,0,0.0,0
malware,tryag.php,data\raw\malware_webshell\troony_php\Collection\tryag.php,51687,9,1,0,0,0,0.1111111111111111,script,0,1,0,0,0,0,0,0,0,0,0,4.92770562016728,5.405929122217628,0.9409329231721709,0.0,103,0,0,1,7,10,0,1,81,0,0,0,0,0.0,0
malware,Uploader.php,data\raw\malware_webshell\troony_php\Collection\Uploader.php,289,12,1,0,0,0,0.08333333333333333,script,0,1,0,0,0,0,0,0,0,0,0,5.407277110901966,5.407277110901966,0.9377162629757786,0.0,58,0,0,0,0,0,0,0,0,0,0,0,0,0.0,0
malware,web-shell.php,data\raw\malware_webshell\troony_php\Collection\web-shell.php,27005,13,1,0,0,0,0.15384615384615385,script,0,1,0,0,0,0,0,0,0,0,0,5.625388860952593,5.197767266872011,0.952305128679874,0.0,95,0,0,0,0,1,0,0,227,0,0,0,0,0.0,0
malware,WinX_Shell.php,data\raw\malware_webshell\troony_php\Collection\WinX_Shell.php,5159,14,1,0,0,0,0.14285714285714285,script,0,1,0,0,0,0,0,0,0,0,0,5.23788787378493,5.226889396069222,0.9604574529947665,0.0,84,0,0,0,9,1,0,0,13,0,0,0,0,0.0,0
malware,Worse_Linux_Shell.php,data\raw\malware_webshell\troony_php\Collection\Worse_Linux_Shell.php,2524,21,1,0,0,0,0.14285714285714285,script,0,1,0,0,0,0,0,0,0,0,0,5.395385384271582,5.395385384271582,0.945324881141046,0.0,83,0,0,0,0,2,0,0,12,0,0,0,0,0.0,0
malware,wso2.8.5.php,data\raw\malware_webshell\troony_php\Collection\wso2.8.5.php,27427,12,1,0,0,0,0.25,script,0,1,0,0,0,0,0,0,0,0,8,6.018448330498571,6.0452501375257635,0.9993801728224013,0.0,83,0,0,1,0,0,0,1,1,0,0,0,0,0.0,0
malware,wwwolf-webshell.php,data\raw\malware_webshell\troony_php\Collection\wwwolf-webshell.php,7501,19,1,0,0,0,0.10526315789473684,script,0,1,0,0,0,0,0,0,0,0,0,5.506080999101471,5.475447328023457,0.873883482202373,0.0,88,2,0,0,15,2,0,0,37,0,0,0,0,0.0,0
malware,zaco.php,data\raw\malware_webshell\troony_php\Collection\zaco.php,16028,8,1,0,0,0,0.125,script,0,1,0,0,0,0,0,0,0,0,0,5.589870894330647,5.530794116589451,0.9373596206638383,0.0,93,0,0,0,21,2,0,0,69,0,0,0,0,0.0,0
malware,zacosmall.php,data\raw\malware_webshell\troony_php\Collection\zacosmall.php,16378,13,1,0,0,0,0.07692307692307693,script,0,1,0,0,0,0,0,0,0,0,0,5.633980418124961,5.683728432145168,0.9389424838197582,0.0,94,0,0,0,21,2,0,0,77,0,0,0,0,0.0,0
malware,zehir4.php,data\raw\malware_webshell\troony_php\Collection\zehir4.php,45897,10,1,0,0,0,0.1,script,0,1,0,0,0,0,0,0,0,0,0,5.403991158745461,5.2825065155599855,0.9019761640194348,0.0,108,1,0,0,0,8,0,0,31,0,0,0,0,0.0,0
malware,ZyklonShell.php,data\raw\malware_webshell\troony_php\Collection\ZyklonShell.php,227,15,1,0,0,0,0.06666666666666667,script,0,1,0,0,0,0,0,0,0,0,0,5.213870238250224,5.213870238250224,0.9383259911894273,0.0,52,0,0,0,0,0,0,0,0,0,0,0,0,0.0,0
