label,filename,filepath,file_size,filename_length,extension_count,has_double_extension,has_uppercase_extension,has_unicode_control_char,special_char_ratio,extension_category,is_executable_extension,is_script_extension,is_macro_document,is_archive_extension,is_unknown_extension,magic_bytes_known,magic_bytes_valid,extension_mime_mismatch,has_content_type,claimed_mime_mismatch,embedded_file_signature_count,byte_entropy,header_entropy,printable_ratio,null_byte_ratio,unique_byte_count,url_count,ip_address_count,base64_candidate_count,suspicious_command_count,execution_api_count,network_api_count,obfuscation_pattern_count,suspicious_string_count,archive_entry_count,executable_entry_count,script_entry_count,archive_depth,compression_ratio,archive_bomb_suspected
malware,00027cd3ed57fe8dce74c50beb4179e430ce731cfccd6ec61d98d8e92806e219.js,data\raw\malware_bazaar\00027cd3ed57fe8dce74c50beb4179e430ce731cfccd6ec61d98d8e92806e219.js,73383,67,1,0,0,0,0.014925373134328358,script,0,1,0,0,0,0,0,0,0,0,1,4.222957662067417,4.801451348491893,0.9621983293133287,0.0,94,1,1,3,1,0,0,3,4,0,0,0,0,0.0,0
malware,002bf149ae3940af57bd6c009927a589870255c3a2154d8f434461d11337a76b.ps1,data\raw\malware_bazaar\002bf149ae3940af57bd6c009927a589870255c3a2154d8f434461d11337a76b.ps1,101624,68,1,0,0,0,0.014705882352941176,script,0,1,0,0,0,0,0,0,0,0,9,5.416929271925734,5.899884447901805,0.9853873100842321,0.0,81,0,0,242,0,0,0,242,242,0,0,0,0,0.0,0
malware,00bd5139c999eb52f586b15621e306b48de4c5aac3db318fcfbc14af32802677.lnk,data\raw\malware_bazaar\00bd5139c999eb52f586b15621e306b48de4c5aac3db318fcfbc14af32802677.lnk,2328,68,0,0,0,0,0.014705882352941176,unknown,0,0,0,0,1,0,0,0,0,0,0,3.4307999073931867,3.4307999073931867,0.23152920962199314,0.6365979381443299,185,0,0,0,3,0,0,0,3,0,0,0,0,0.0,0
malware,00f3f063d8d0a6a00c44a900ab2464b2d2d78d4b9ad0cfc61902807ce5fd9e15.rar,data\raw\malware_bazaar\00f3f063d8d0a6a00c44a900ab2464b2d2d78d4b9ad0cfc61902807ce5fd9e15.rar,1932390,68,1,0,0,0,0.014705882352941176,archive,0,0,0,1,0,1,1,0,0,0,3,7.876235121007933,5.265319531114784,0.3309311267394263,0.002301295287183229,256,0,0,0,0,0,0,0,0,0,0,0,0,0.0,0
malware,013753e46a85ea6f8b65ea2f216c1fd36329b250367bd9c41bdb529ad5e962fd.img,data\raw\malware_bazaar\013753e46a85ea6f8b65ea2f216c1fd36329b250367bd9c41bdb529ad5e962fd.img,1441792,68,0,0,0,0,0.014705882352941176,unknown,0,0,0,0,1,0,0,0,0,0,17,5.419591419548688,0.0,0.20405994762073865,0.44011410799893463,256,0,22,0,0,0,0,0,0,0,0,0,0,0.0,0
malware,01bba66a32b0e4d4a09adb4c12336b234fe9d44a8858d9e3dd76c289089d78ad.html,data\raw\malware_bazaar\01bba66a32b0e4d4a09adb4c12336b234fe9d44a8858d9e3dd76c289089d78ad.html,11065,69,0,0,0,0,0.014492753623188406,unknown,0,0,0,0,1,0,0,0,0,0,0,5.819352779894414,5.858330602043032,0.9721644826028016,0.0,75,0,0,146,0,0,0,146,146,0,0,0,0,0.0,0
malware,01cc5dd1a9084645fd2465ae0dcb301fdc26081bfa90ca25087c4ff0580d4152.vbs,data\raw\malware_bazaar\01cc5dd1a9084645fd2465ae0dcb301fdc26081bfa90ca25087c4ff0580d4152.vbs,16163,68,1,0,0,0,0.014705882352941176,script,0,1,0,0,0,0,0,0,0,0,0,5.417207620995144,5.432420777818305,0.9664666212955516,0.0,89,0,0,72,0,0,0,72,72,0,0,0,0,0.0,0
malware,01e597990041fdcba7bea14c734b337439bd780936d9164852217f9c8da003b8.cmd,data\raw\malware_bazaar\01e597990041fdcba7bea14c734b337439bd780936d9164852217f9c8da003b8.cmd,15341,68,1,0,0,0,0.014705882352941176,script,0,1,0,0,0,0,0,0,0,0,0,5.617088361703539,5.678008392458023,0.9689720357212698,0.0,95,4,2,2,15,0,0,2,17,0,0,0,0,0.0,0
malware,023127e61ea84b5a133a0a640628c3cf883a4eae722f5618a37380db500d284d.jar,data\raw\malware_bazaar\023127e61ea84b5a133a0a640628c3cf883a4eae722f5618a37380db500d284d.jar,21181459,68,1,0,0,0,0.014705882352941176,archive,1,0,0,1,0,1,1,0,0,0,363,7.999991578349225,7.951479865613608,0.3711734871521362,0.003945384498773196,256,0,0,0,2,0,0,0,2,0,0,0,0,0.0,0
malware,0285b0dd65fb245959508616055c79d21462e89f24f1dc22a0ced52502930169.xlsx,data\raw\malware_bazaar\0285b0dd65fb245959508616055c79d21462e89f24f1dc22a0ced52502930169.xlsx,9407,69,1,0,0,0,0.014492753623188406,document,0,0,0,0,0,1,1,0,0,0,9,6.900509352399895,6.31842373121903,0.30626129478048264,0.2277027745296056,256,0,0,0,0,0,0,0,0,0,0,0,0,0.0,0
malware,030a702e9fe4035d995361982023f35eb7c8bc13436997c708960702063e8aad.doc,data\raw\malware_bazaar\030a702e9fe4035d995361982023f35eb7c8bc13436997c708960702063e8aad.doc,478491,68,1,0,0,0,0.014705882352941176,document,0,0,0,0,0,1,0,1,0,0,26,7.989195185885338,7.479968222718665,0.3648156391656269,0.004131739154968432,256,0,0,0,0,0,0,0,0,0,0,0,0,0.0,0
malware,037bb90a89d84c29ce46d6b7bf88bacee3c3f43fc259db9f45c4a827e6eb3fbd.7z,data\raw\malware_bazaar\037bb90a89d84c29ce46d6b7bf88bacee3c3f43fc259db9f45c4a827e6eb3fbd.7z,620831,67,1,0,0,0,0.014925373134328358,archive,0,0,0,1,0,1,1,0,0,0,5,7.999731926503116,4.936595993578595,0.3718918675130591,0.00403169300502069,256,0,0,0,0,0,0,0,0,0,0,0,0,0.0,0
malware,03afc80755453b8b23d9f9e78d4ed1c269180d7053a675e43b1ac0cc0a9ef4a0.ps1,data\raw\malware_bazaar\03afc80755453b8b23d9f9e78d4ed1c269180d7053a675e43b1ac0cc0a9ef4a0.ps1,20542,68,1,0,0,0,0.014705882352941176,script,0,1,0,0,0,0,0,0,0,0,1,6.133841091860497,5.540772348571688,0.9817933988900789,0.0,90,1,1,5,4,0,0,5,9,0,0,0,0,0.0,0
malware,03d3f82e6cfedbc9eff6a65d6c903ef10febc88204175b49fdb5a7f015cedc9a.ps1,data\raw\malware_bazaar\03d3f82e6cfedbc9eff6a65d6c903ef10febc88204175b49fdb5a7f015cedc9a.ps1,1641,68,1,0,0,0,0.014705882352941176,script,0,1,0,0,0,0,0,0,0,0,0,4.82567310002228,4.82567310002228,0.9597806215722121,0.0,75,2,0,0,0,0,0,1,1,0,0,0,0,0.0,0
malware,03eeb84859e010ffb759cfbd4b334943ead85466df9b6ad6b20c458ff3e82ea3.html,data\raw\malware_bazaar\03eeb84859e010ffb759cfbd4b334943ead85466df9b6ad6b20c458ff3e82ea3.html,128531,69,0,0,0,0,0.014492753623188406,unknown,0,0,0,0,1,0,0,0,0,0,0,4.893845242567688,5.100424292706621,0.9844940131174581,0.0,94,0,0,0,0,1,3,16,20,0,0,0,0,0.0,0
malware,03f994167591b065af5e50026ff4f89cc85966025ec8c92037ac2855d27e0978.js,data\raw\malware_bazaar\03f994167591b065af5e50026ff4f89cc85966025ec8c92037ac2855d27e0978.js,1254041,67,1,0,0,0,0.014925373134328358,script,0,1,0,0,0,0,0,0,0,0,9,5.258594391023384,4.010421340456252,0.9959347421655272,0.0,92,0,0,3,4,0,0,3,7,0,0,0,0,0.0,0
malware,0409bda380f83c7110d4eba0f6df787d56fd99d6cf196a26e0dbf610e4b226f0.xlsx,data\raw\malware_bazaar\0409bda380f83c7110d4eba0f6df787d56fd99d6cf196a26e0dbf610e4b226f0.xlsx,991232,69,1,0,0,0,0.014492753623188406,document,0,0,0,0,0,0,0,0,0,0,16,7.97586038111482,3.397553669521441,0.378099173553719,0.016963738055268594,256,5,0,4,0,0,0,4,4,0,0,0,0,0.0,0
malware,04869d7a12e62739665dbbdeb5284ebda8a61ed0dc186476a5781ccc4ad27d21.php,data\raw\malware_bazaar\04869d7a12e62739665dbbdeb5284ebda8a61ed0dc186476a5781ccc4ad27d21.php,28668,68,1,0,0,0,0.014705882352941176,script,0,1,0,0,0,0,0,0,0,0,8,5.681908442242535,5.743754954541733,1.0,0.0,78,0,0,1,0,0,0,2,2,0,0,0,0,0.0,0
malware,04af768b0e1542bfeafc426c0080bbf854559430e67e268aab96988a87b2b1d5.cmd,data\raw\malware_bazaar\04af768b0e1542bfeafc426c0080bbf854559430e67e268aab96988a87b2b1d5.cmd,24616,68,1,0,0,0,0.014705882352941176,script,0,1,0,0,0,0,0,0,0,0,0,3.9298567205752746,4.205843258526021,1.0,0.0,67,0,0,1,1,0,0,1,2,0,0,0,0,0.0,0
malware,04dcb9ae581ae1ef021b2806a09ee71efec4e2d9e068f4cf4ca68508b29fe1fc.html,data\raw\malware_bazaar\04dcb9ae581ae1ef021b2806a09ee71efec4e2d9e068f4cf4ca68508b29fe1fc.html,2547,69,0,0,0,0,0.014492753623188406,unknown,0,0,0,0,1,0,0,0,0,0,0,5.8678325608730875,5.8678325608730875,0.9693757361601885,0.0,77,0,0,31,0,0,0,31,31,0,0,0,0,0.0,0
malware,04eed5ddea960ea0cf2f2c18d013de95ada3322f1ad7c8a1aa3dba4fb379937a.ps1,data\raw\malware_bazaar\04eed5ddea960ea0cf2f2c18d013de95ada3322f1ad7c8a1aa3dba4fb379937a.ps1,587,68,1,0,0,0,0.014705882352941176,script,0,1,0,0,0,0,0,0,0,0,0,5.572704404809831,5.572704404809831,0.9846678023850085,0.0,69,1,0,0,1,1,0,1,3,0,0,0,0,0.0,0
malware,051a19599ed53c233debbd32daa4645bae40e766b387d77a44428f61ec1046a6.rtf,data\raw\malware_bazaar\051a19599ed53c233debbd32daa4645bae40e766b387d77a44428f61ec1046a6.rtf,5277702,68,1,0,0,0,0.014705882352941176,document,0,0,0,0,0,0,0,0,0,0,0,4.868718240432388,4.037269637091023,0.9983746714005451,0.0,86,1,0,1850,0,0,0,1850,1850,0,0,0,0,0.0,0
malware,053fce99aede46ff51c2f97ad899078ac08a0a6ea15055507a651bc7648a8409.rtf,data\raw\malware_bazaar\053fce99aede46ff51c2f97ad899078ac08a0a6ea15055507a651bc7648a8409.rtf,127984,68,1,0,0,0,0.014705882352941176,document,0,0,0,0,0,0,0,0,0,0,0,4.8982589140217785,4.937393887673945,0.9906707088386049,0.0,80,5,0,61,0,0,0,61,61,0,0,0,0,0.0,0
malware,05477291ff562218bc45db8f8a949a5f773f44ab3c3078dd15734f8dc8ae1891.iso,data\raw\malware_bazaar\05477291ff562218bc45db8f8a949a5f773f44ab3c3078dd15734f8dc8ae1891.iso,1769472,68,0,0,0,0,0.014705882352941176,unknown,0,0,0,0,1,0,0,0,0,0,16,4.678627321820242,0.0,0.23493166323061343,0.5157086407696759,256,0,32,0,0,0,0,0,0,0,0,0,0,0.0,0
malware,0564a21a0e4195e4c9e7b3ca3ba5f231536869307fd30ba538d77a6cf4b58272.dll,data\raw\malware_bazaar\0564a21a0e4195e4c9e7b3ca3ba5f231536869307fd30ba538d77a6cf4b58272.dll,1809920,68,1,0,0,0,0.014705882352941176,executable,1,0,0,0,0,1,1,0,0,0,27,6.664978454680994,4.547264361813157,0.39656780410183873,0.13509547383309758,256,0,0,3,0,0,0,3,3,0,0,0,0,0.0,0
malware,057fac79399d665bfa5361d59caee9b251324aacf649f2135769e6ebdb328403.xlsx,data\raw\malware_bazaar\057fac79399d665bfa5361d59caee9b251324aacf649f2135769e6ebdb328403.xlsx,6580224,69,1,0,0,0,0.014492753623188406,document,0,0,0,0,0,0,0,0,0,0,112,7.888071200925754,3.488831779488873,0.34856837700357923,0.03744067071272954,256,78,0,2,0,0,0,2,2,0,0,0,0,0.0,0
malware,0585547fd8fb93a98ff616249edfa78f28e2d0a57c56a8453d39c418935bf79a.lnk,data\raw\malware_bazaar\0585547fd8fb93a98ff616249edfa78f28e2d0a57c56a8453d39c418935bf79a.lnk,639,68,0,0,0,0,0.014705882352941176,unknown,0,0,0,0,1,0,0,0,0,0,0,3.1099562798623714,3.1099562798623714,0.3051643192488263,0.6369327073552425,82,0,0,0,1,0,0,0,1,0,0,0,0,0.0,0
malware,0587d3680378897bb00012fc85cc32a18eeb671ab4165e2c581e668709a24e5a.xlsm,data\raw\malware_bazaar\0587d3680378897bb00012fc85cc32a18eeb671ab4165e2c581e668709a24e5a.xlsm,675744,69,1,0,0,0,0.014492753623188406,document,0,0,1,0,0,1,1,0,0,0,18,7.923347576056663,6.143111429938921,0.34576555618695837,0.004818392764123692,256,0,0,0,0,0,0,0,0,0,0,0,0,0.0,0
malware,05aff05ae85ef7a48f4be8f0e99ebb361e979a0b4eb9732ebdf7a9adb7a2a4df.7z,data\raw\malware_bazaar\05aff05ae85ef7a48f4be8f0e99ebb361e979a0b4eb9732ebdf7a9adb7a2a4df.7z,17944355,67,1,0,0,0,0.014925373134328358,archive,0,0,0,1,0,1,1,0,0,0,268,7.999990076754075,5.171569531114783,0.37093999756469376,0.003914880194913665,256,0,0,0,0,0,0,0,0,0,0,0,0,0.0,0
malware,05bf6c79b47290c8dae9a55a25e3e0f6b4f353beb8588a5cdadd7b39161396f4.xls,data\raw\malware_bazaar\05bf6c79b47290c8dae9a55a25e3e0f6b4f353beb8588a5cdadd7b39161396f4.xls,685056,68,1,0,0,0,0.014705882352941176,document,0,0,0,0,0,0,0,0,0,0,36,7.963812513111362,1.2895813346783638,0.363269572122571,0.022944109678624813,256,0,0,0,0,0,0,0,0,0,0,0,0,0.0,0
malware,05e3884a478d3bc8fd7285dabb74107422f1615d2d7f80df9b8438d4beb663da.php,data\raw\malware_bazaar\05e3884a478d3bc8fd7285dabb74107422f1615d2d7f80df9b8438d4beb663da.php,1460,68,1,0,0,0,0.014705882352941176,script,0,1,0,0,0,0,0,0,0,0,0,5.5509520207360685,5.5509520207360685,0.9856164383561644,0.0,83,0,0,0,7,6,0,0,17,0,0,0,0,0.0,0
malware,05e77d64dc5ce8d9642b750db3363c1ec4e2838ffd9d288546ef6a49d05380ba.chm,data\raw\malware_bazaar\05e77d64dc5ce8d9642b750db3363c1ec4e2838ffd9d288546ef6a49d05380ba.chm,975190,68,0,0,0,0,0.014705882352941176,unknown,0,0,0,0,1,0,0,0,0,0,22,7.989135021608314,1.8428254539096034,0.3637619335719193,0.011918703021975206,256,0,0,0,0,0,0,0,0,0,0,0,0,0.0,0
malware,05f1d32dc674523b19b5d1b2dedbc57218a35f0ce51c6c98637f1188022af982.docx,data\raw\malware_bazaar\05f1d32dc674523b19b5d1b2dedbc57218a35f0ce51c6c98637f1188022af982.docx,239048,69,1,0,0,0,0.014492753623188406,document,0,0,0,0,0,1,1,0,0,0,18,7.9520846347995775,7.8312863779535515,0.3667840768381246,0.005124493825507848,256,0,0,0,0,0,0,0,0,0,0,0,0,0.0,0
malware,06328e27d906ef067bd0cbb6822ae4f9dd0d6e13f4e209c948ad0b0919b0b9c8.pdf,data\raw\malware_bazaar\06328e27d906ef067bd0cbb6822ae4f9dd0d6e13f4e209c948ad0b0919b0b9c8.pdf,35596,68,1,0,0,0,0.014705882352941176,document,0,0,0,0,0,1,1,0,0,0,0,5.21222024925059,7.0308989864809766,0.8589729183054275,0.0008146982807056973,256,0,0,3,0,0,0,3,3,0,0,0,0,0.0,0
malware,067d76406bcd95f84fdc8106ac1d110208d28883f9d1f09445cbcd357f1d9818.docm,data\raw\malware_bazaar\067d76406bcd95f84fdc8106ac1d110208d28883f9d1f09445cbcd357f1d9818.docm,49769,69,1,0,0,0,0.014492753623188406,document,0,0,1,0,0,1,1,0,0,0,36,7.733019272622405,6.216361440142794,0.3601639574835741,0.08153669955192992,256,0,0,0,0,0,0,0,0,0,0,0,0,0.0,0
malware,06af012a34734e517f7741970573efcadadc61130b3499717a7d5de6112d89e4.img,data\raw\malware_bazaar\06af012a34734e517f7741970573efcadadc61130b3499717a7d5de6112d89e4.img,2805760,68,0,0,0,0,0.014705882352941176,unknown,0,0,0,0,1,0,0,0,0,0,20,6.985539524068587,0.0,0.3162373118156934,0.1694303860629562,256,55,42,170,0,0,0,170,170,0,0,0,0,0.0,0
malware,07184fbac051fa466bef99d386ae177da9ed3d50e879683c8425609f42e304e6.jar,data\raw\malware_bazaar\07184fbac051fa466bef99d386ae177da9ed3d50e879683c8425609f42e304e6.jar,416414,68,1,0,0,0,0.014705882352941176,archive,1,0,0,1,0,1,1,0,0,0,18,7.999086226031215,7.923233082995846,0.37218009000658,0.0053432401408213944,256,0,0,0,0,0,0,0,0,0,0,0,0,0.0,0
malware,073d1aba226079250a01b76098077d56eded8ef8fe857992b03b8073897e646e.docx,data\raw\malware_bazaar\073d1aba226079250a01b76098077d56eded8ef8fe857992b03b8073897e646e.docx,822407,69,1,0,0,0,0.014492753623188406,document,0,0,0,0,0,1,1,0,0,0,29,7.990356006078872,7.832365067361292,0.3749189878004443,0.004315381556820407,256,0,0,0,0,0,0,0,0,0,0,0,0,0.0,0
malware,0798234f47d4cb15c7e936788d2f26a4f8e9bfb6f033c6122cbeac87dd411a58.doc,data\raw\malware_bazaar\0798234f47d4cb15c7e936788d2f26a4f8e9bfb6f033c6122cbeac87dd411a58.doc,16421,68,1,0,0,0,0.014705882352941176,document,0,0,0,0,0,1,0,1,0,0,11,7.924899680846805,7.405372145248412,0.3736678643200779,0.026673162413982095,256,0,0,0,0,0,0,0,0,0,0,0,0,0.0,0
malware,07c9b54d8d32fa387b5e40c1107a4fa4a1feadb56305178e3935d36676d27f5b.html,data\raw\malware_bazaar\07c9b54d8d32fa387b5e40c1107a4fa4a1feadb56305178e3935d36676d27f5b.html,133659,69,0,0,0,0,0.014492753623188406,unknown,0,0,0,0,1,0,0,0,0,0,0,4.875618037390288,5.049462327527758,0.9850889203121376,0.0,94,0,0,0,0,1,3,16,20,0,0,0,0,0.0,0
malware,0856fd952eaae15989bc532e0127d6ba15261d6064e057ca0c48342adfc6ff61.xls,data\raw\malware_bazaar\0856fd952eaae15989bc532e0127d6ba15261d6064e057ca0c48342adfc6ff61.xls,114688,68,1,0,0,0,0.014705882352941176,document,0,0,0,0,0,0,0,0,0,0,32,7.58080029409448,0.9130374283767001,0.34568568638392855,0.10213797433035714,256,0,0,0,0,0,0,0,0,0,0,0,0,0.0,0
malware,08666ddfc8c8b1a9901914a2c3b8388da30ff532e598c88169fc42ee2fe3c8d4.img,data\raw\malware_bazaar\08666ddfc8c8b1a9901914a2c3b8388da30ff532e598c88169fc42ee2fe3c8d4.img,6121472,68,0,0,0,0,0.014705882352941176,unknown,0,0,0,0,1,0,0,0,0,0,87,7.803539244854557,0.0,0.36018150536341587,0.05432418869187019,256,38,3,12,3,0,0,12,15,0,0,0,0,0.0,0
malware,08a0aad9162f511bb2593151bfe61a21cbbc890b0dd7f89f904695a3b7549d77.js,data\raw\malware_bazaar\08a0aad9162f511bb2593151bfe61a21cbbc890b0dd7f89f904695a3b7549d77.js,3451854,67,1,0,0,0,0.014925373134328358,script,0,1,0,0,0,0,0,0,0,0,5,5.882070668889989,4.057231726576756,0.9679940113341989,0.0,172,0,0,1,0,0,0,1,1,0,0,0,0,0.0,0
malware,08b7499e8034931eef9e68586f70ec2ead315702668018762f2aed56ead31b06.img,data\raw\malware_bazaar\08b7499e8034931eef9e68586f70ec2ead315702668018762f2aed56ead31b06.img,1769472,68,0,0,0,0,0.014705882352941176,unknown,0,0,0,0,1,0,0,0,0,0,8,5.493273891559689,0.0,0.22228212709780093,0.40883664731626157,256,0,5,8,0,0,0,8,8,0,0,0,0,0.0,0
malware,08ca4ac0b2ef5742ba956cac67c58d428142998ab8be88df1b105cea5702af8d.rar,data\raw\malware_bazaar\08ca4ac0b2ef5742ba956cac67c58d428142998ab8be88df1b105cea5702af8d.rar,9627187,68,1,0,0,0,0.014705882352941176,archive,0,0,0,1,0,1,1,0,0,0,133,7.997757256272245,5.357509133144316,0.365516531464487,0.004838692756253722,256,0,1,0,1,0,0,0,1,0,0,0,0,0.0,0
malware,08d96f4f4e6bd0e23f5374936d2afe823cb5f3d7e6a1b064308038becfdcf25d.xls,data\raw\malware_bazaar\08d96f4f4e6bd0e23f5374936d2afe823cb5f3d7e6a1b064308038becfdcf25d.xls,1037824,68,1,0,0,0,0.014705882352941176,document,0,0,0,0,0,0,0,0,0,0,17,7.881010824904743,1.5119429031338771,0.3621298023556981,0.045907591267883574,256,2,0,1,0,0,0,1,1,0,0,0,0,0.0,0
malware,08db2e7df8672de7bb3ac6db1445378d79d2b86de7339894908d204cea65befc.vbs,data\raw\malware_bazaar\08db2e7df8672de7bb3ac6db1445378d79d2b86de7339894908d204cea65befc.vbs,24468314,68,1,0,0,0,0.014705882352941176,script,0,1,0,0,0,1,0,1,0,0,0,5.099396231706484,4.687603419317094,0.3128829391350789,0.03195144544899988,120,0,0,0,0,0,0,0,0,0,0,0,0,0.0,0
malware,097fef8f5e7ab4e0dae04e4e5768101659601c3797466d9f2ef6d305d75b0f3c.hta,data\raw\malware_bazaar\097fef8f5e7ab4e0dae04e4e5768101659601c3797466d9f2ef6d305d75b0f3c.hta,12152,68,0,0,0,0,0.014705882352941176,unknown,0,0,0,0,1,0,0,0,0,0,0,5.544405356087052,5.007256108528485,0.9876563528637261,0.0,92,2,0,0,0,0,0,0,0,0,0,0,0,0.0,0
malware,0985cd773b33739222c66bdd26825f50c2fd0c99648623783a2c83e98e73f0de.xlsm,data\raw\malware_bazaar\0985cd773b33739222c66bdd26825f50c2fd0c99648623783a2c83e98e73f0de.xlsm,71737,69,1,0,0,0,0.014492753623188406,document,0,0,1,0,0,1,1,0,0,0,12,7.905936261442058,6.192354149770609,0.3507534466175056,0.03440344592051522,256,0,0,0,0,0,0,0,0,0,0,0,0,0.0,0
malware,099d47f83c3c000dfc905ab28670cdafe0f96cd1f1e1c46034c92e0ec7571142.wsf,data\raw\malware_bazaar\099d47f83c3c000dfc905ab28670cdafe0f96cd1f1e1c46034c92e0ec7571142.wsf,58766,68,0,0,0,0,0.014705882352941176,unknown,0,0,0,0,1,0,0,0,0,0,2,5.243213556354553,5.195897339464718,0.9997277337235817,0.0,91,1,0,0,1,0,0,0,1,0,0,0,0,0.0,0
malware,09b02692523576627b14e7510125bb99732891efed079439218a69396482e72b.rar,data\raw\malware_bazaar\09b02692523576627b14e7510125bb99732891efed079439218a69396482e72b.rar,97878,68,1,0,0,0,0.014705882352941176,archive,0,0,0,1,0,1,1,0,0,0,153,5.29378213599964,5.269454882778696,0.8949406403890557,0.0007969104395267578,256,0,0,827,0,0,0,827,827,0,0,0,0,0.0,0
malware,09bd23b1234d7dfa5304999dfbd9664568b8ce06c1bc6b2627f82d47cac044c1.cmd,data\raw\malware_bazaar\09bd23b1234d7dfa5304999dfbd9664568b8ce06c1bc6b2627f82d47cac044c1.cmd,535,68,1,0,0,0,0.014705882352941176,script,0,1,0,0,0,0,0,0,0,0,0,5.685321010471186,5.685321010471186,0.7532710280373832,0.0,93,1,2,0,2,0,0,0,2,0,0,0,0,0.0,0
malware,09d7459c37c2701fc1e3da59c190d06cfb5a1f835d6c665da8c38022fc6f3c4f.jar,data\raw\malware_bazaar\09d7459c37c2701fc1e3da59c190d06cfb5a1f835d6c665da8c38022fc6f3c4f.jar,7461606,68,1,0,0,0,0.014705882352941176,archive,1,0,0,1,0,1,1,0,0,0,687,7.998139541957142,7.932387571592616,0.37133909241522534,0.007112275829090949,256,0,0,10,2,0,0,10,12,0,0,0,0,0.0,0
malware,0a94b36daa940e3fca91536da93dd53186b7c9a5af35c95c626b31e57047be83.lnk,data\raw\malware_bazaar\0a94b36daa940e3fca91536da93dd53186b7c9a5af35c95c626b31e57047be83.lnk,2660,68,0,0,0,0,0.014705882352941176,unknown,0,0,0,0,1,0,0,0,0,0,0,2.447478686426445,2.447478686426445,0.2593984962406015,0.7266917293233083,98,0,0,0,1,0,0,0,1,0,0,0,0,0.0,0
malware,0aa8796ec42231ee70586d3d48c7271bad38377c208fbbbfad578f6eef04313d.7z,data\raw\malware_bazaar\0aa8796ec42231ee70586d3d48c7271bad38377c208fbbbfad578f6eef04313d.7z,10683732,67,1,0,0,0,0.014925373134328358,archive,0,0,0,1,0,1,1,0,0,0,154,7.999980556072539,4.916277399432949,0.37100518807472893,0.004014421177917979,256,0,0,0,0,0,0,0,0,0,0,0,0,0.0,0
malware,0ad552eb950d47106026c8755488f3abd5c34429b4d773739770475f4635a68c.hta,data\raw\malware_bazaar\0ad552eb950d47106026c8755488f3abd5c34429b4d773739770475f4635a68c.hta,1076886,68,0,0,0,0,0.014705882352941176,unknown,0,0,0,0,1,0,0,0,0,0,0,5.630290995239773,5.585489635593997,0.5027663095257994,0.0,120,0,0,3,0,0,0,3,3,0,0,0,0,0.0,0
malware,0b4c4b4591b88e68ad54cb762db5ad5c06b43f8df0c6b2f9967c861f66c0c18e.img,data\raw\malware_bazaar\0b4c4b4591b88e68ad54cb762db5ad5c06b43f8df0c6b2f9967c861f66c0c18e.img,4868096,68,0,0,0,0,0.014705882352941176,unknown,0,0,0,0,1,0,0,0,0,0,57,7.470097863232871,0.0,0.3218155517064577,0.13799070519562473,256,1,2,0,0,0,0,0,0,0,0,0,0,0.0,0
malware,0b79b2b8d06abba2c98afe52f08bd6603d48905ceebd88b415e3545a5b3d42e7.xls,data\raw\malware_bazaar\0b79b2b8d06abba2c98afe52f08bd6603d48905ceebd88b415e3545a5b3d42e7.xls,28672,68,1,0,0,0,0.014705882352941176,document,0,0,0,0,0,0,0,0,0,0,1,6.103198858807219,0.8722595773239645,0.271728515625,0.26949637276785715,256,0,0,0,0,0,0,0,0,0,0,0,0,0.0,0
malware,0bb875dcb216560f3a1d0b8034d290c10e7c15a25a7d5a805152cd3784b9e7b5.xlsm,data\raw\malware_bazaar\0bb875dcb216560f3a1d0b8034d290c10e7c15a25a7d5a805152cd3784b9e7b5.xlsm,176403,69,1,0,0,0,0.014492753623188406,document,0,0,1,0,0,1,1,0,0,0,14,7.946081912381903,6.189449091299362,0.3487695787486607,0.01524917376688605,256,0,0,0,0,0,0,0,0,0,0,0,0,0.0,0
malware,0c4cc485970a7b2a7cf38f30903d7ea025130878b1e7387ba87f9ab87cfa3766.bat,data\raw\malware_bazaar\0c4cc485970a7b2a7cf38f30903d7ea025130878b1e7387ba87f9ab87cfa3766.bat,39725,68,1,0,0,0,0.014705882352941176,script,0,1,0,0,0,0,0,0,0,0,0,5.720539125128993,5.5090473673549445,0.9276526117054752,0.0,87,0,0,132,4,0,0,132,136,0,0,0,0,0.0,0
malware,0c6a3c6460f32d1d68b2faf454b646e970da513232d4ba91541f15323b84225c.rar,data\raw\malware_bazaar\0c6a3c6460f32d1d68b2faf454b646e970da513232d4ba91541f15323b84225c.rar,9926,68,1,0,0,0,0.014705882352941176,archive,0,0,0,1,0,1,1,0,0,0,0,7.972086936704865,5.326259133144316,0.3684263550272013,0.005742494458996575,256,0,0,0,0,0,0,0,0,0,0,0,0,0.0,0
malware,0c877a93b403a8b78c9bae76cd6f74a78f97dbad4f0b9e549ce0393eab18fb58.apk,data\raw\malware_bazaar\0c877a93b403a8b78c9bae76cd6f74a78f97dbad4f0b9e549ce0393eab18fb58.apk,3352320,68,1,0,0,0,0.014705882352941176,archive,1,0,0,1,0,1,0,1,0,0,1134,7.435571780259715,7.061372754663217,0.4084991886216113,0.09128663134784269,256,7,0,1923,0,0,0,1923,1923,0,0,0,0,0.0,0
malware,0d39da93c95bc61bf717491072f80ea5e49692ae0537bdfb3829e5875c64bc97.xlsm,data\raw\malware_bazaar\0d39da93c95bc61bf717491072f80ea5e49692ae0537bdfb3829e5875c64bc97.xlsm,178656,69,1,0,0,0,0.014492753623188406,document,0,0,1,0,0,1,1,0,0,0,14,7.9423419899749526,6.200969033426966,0.3469740730789898,0.015168816048719327,256,0,0,0,0,0,0,0,0,0,0,0,0,0.0,0
malware,0d3ecfdd57c0f61fcb5e51c142e7c85b0f20fdd68e8c4cb8bd60009ffbbe367e.docm,data\raw\malware_bazaar\0d3ecfdd57c0f61fcb5e51c142e7c85b0f20fdd68e8c4cb8bd60009ffbbe367e.docm,154422,69,1,0,0,0,0.014492753623188406,document,0,0,1,0,0,1,1,0,0,0,19,7.9306105836821725,6.195110618915219,0.375736617839427,0.021816839569491393,256,0,0,1,0,0,0,1,1,0,0,0,0,0.0,0
malware,0d4db6a203ff5d801b673e7d5ad34cd0dc88166dc01757d8d8a9ab5798ad1375.chm,data\raw\malware_bazaar\0d4db6a203ff5d801b673e7d5ad34cd0dc88166dc01757d8d8a9ab5798ad1375.chm,1102407,68,0,0,0,0,0.014705882352941176,unknown,0,0,0,0,1,0,0,0,0,0,27,7.991352870298829,1.8962845908505974,0.36779429013059606,0.010016264410512633,256,0,0,0,0,0,0,0,0,0,0,0,0,0.0,0
malware,0d4f1d87798b83be37c3b8723b8be93f978a5f51bc96958e8f927c1d22a59e88.docx,data\raw\malware_bazaar\0d4f1d87798b83be37c3b8723b8be93f978a5f51bc96958e8f927c1d22a59e88.docx,92766,69,1,0,0,0,0.014492753623188406,document,0,0,0,0,0,1,1,0,0,0,17,7.808176477032271,7.819445712371741,0.36281611797425783,0.009572472673177674,256,0,0,0,0,0,0,0,0,0,0,0,0,0.0,0
malware,0d5de95ffecdad96465389a555f9132fef20557430ee7e4b15a372608c3019bd.rtf,data\raw\malware_bazaar\0d5de95ffecdad96465389a555f9132fef20557430ee7e4b15a372608c3019bd.rtf,3068079,68,1,0,0,0,0.014705882352941176,document,0,0,0,0,0,0,0,0,0,0,0,5.146223749798759,4.037269637091023,0.9981362931006665,0.0,85,1,0,140,0,0,0,140,140,0,0,0,0,0.0,0
malware,0d71bedbee7358b2ef19cff4d8293749caba871a6470983f1f07e3901aeb2398.vbs,data\raw\malware_bazaar\0d71bedbee7358b2ef19cff4d8293749caba871a6470983f1f07e3901aeb2398.vbs,2895029,68,1,0,0,0,0.014705882352941176,script,0,1,0,0,0,0,0,0,0,0,0,3.742925530275496,4.892827344288749,0.9980476879506216,0.0,77,0,0,2797,0,0,0,2797,2797,0,0,0,0,0.0,0
malware,0d9ef0a4b2c224793c14d1e87692af970ffa63c3370211e982208045165a585c.cmd,data\raw\malware_bazaar\0d9ef0a4b2c224793c14d1e87692af970ffa63c3370211e982208045165a585c.cmd,135,68,1,0,0,0,0.014705882352941176,script,0,1,0,0,0,0,0,0,0,0,0,4.640304598868216,4.640304598868216,0.9407407407407408,0.0,39,0,0,0,3,0,0,0,3,0,0,0,0,0.0,0
malware,0da0e50360469d64558e6de818b57f966126400d0b1e4b50cd50acd6cde86ae1.img,data\raw\malware_bazaar\0da0e50360469d64558e6de818b57f966126400d0b1e4b50cd50acd6cde86ae1.img,9091072,68,0,0,0,0,0.014705882352941176,unknown,0,0,0,0,1,0,0,0,0,0,33,6.333764763788332,0.0,0.47479065175152063,0.18748372029173238,256,141,4,194,2,0,0,194,196,0,0,0,0,0.0,0
malware,0db5e8ef18f657821ea8077e415f0151c49b68571c6906691ab2b8dc01e3a67a.img,data\raw\malware_bazaar\0db5e8ef18f657821ea8077e415f0151c49b68571c6906691ab2b8dc01e3a67a.img,1982464,68,0,0,0,0,0.014705882352941176,unknown,0,0,0,0,1,0,0,0,0,0,29,7.894493395827164,0.0,0.3592821862086777,0.04516702447055785,256,0,3,0,0,0,0,0,0,0,0,0,0,0.0,0
malware,0de543584b35fd53ad91d63316656bc4dd2187ba8194f236fe846df87de74935.php,data\raw\malware_bazaar\0de543584b35fd53ad91d63316656bc4dd2187ba8194f236fe846df87de74935.php,28668,68,1,0,0,0,0.014705882352941176,script,0,1,0,0,0,0,0,0,0,0,8,5.681961901002726,5.744302750713696,1.0,0.0,78,0,0,1,0,0,0,2,2,0,0,0,0,0.0,0
malware,0e2214837c1edeeda90a65729c8b2a9d88a87166783c1efa2ede0e5d661e3cff.doc,data\raw\malware_bazaar\0e2214837c1edeeda90a65729c8b2a9d88a87166783c1efa2ede0e5d661e3cff.doc,283836,68,1,0,0,0,0.014705882352941176,document,0,0,0,0,0,1,0,1,0,0,29,7.994171066596567,7.536304637309773,0.3703124339407263,0.007264758522527093,256,0,0,0,0,0,0,0,0,0,0,0,0,0.0,0
malware,0e3317df95f6c236bdb7f7761b1b3c839100c89797f9ae52eedc9daed96f7bbb.pdf,data\raw\malware_bazaar\0e3317df95f6c236bdb7f7761b1b3c839100c89797f9ae52eedc9daed96f7bbb.pdf,40420,68,1,0,0,0,0.014705882352941176,document,0,0,0,0,0,1,1,0,0,0,1,5.623065563028933,5.078713002474993,0.35183077684314695,0.04581890153389411,256,4,0,1,0,0,0,1,1,0,0,0,0,0.0,0
malware,0e5f917db5e97e59801ebf005d6961bdf912fc0e297dda52d7b693389f7d8455.jar,data\raw\malware_bazaar\0e5f917db5e97e59801ebf005d6961bdf912fc0e297dda52d7b693389f7d8455.jar,93652,68,1,0,0,0,0.014705882352941176,archive,1,0,0,1,0,1,1,0,0,0,35,7.966589666814621,7.835230597064831,0.3724853713748772,0.02123820099944475,256,0,0,0,0,0,0,0,0,0,0,0,0,0.0,0
malware,0ea17807b709db137a996ba1d021f86e89a1a8257d5bb04494caa78049d4c75d.ps1,data\raw\malware_bazaar\0ea17807b709db137a996ba1d021f86e89a1a8257d5bb04494caa78049d4c75d.ps1,74,68,1,0,0,0,0.014705882352941176,script,0,1,0,0,0,0,0,0,0,0,0,5.046762824854522,5.046762824854522,1.0,0.0,39,0,1,0,1,0,0,0,1,0,0,0,0,0.0,0
malware,0ea597e24b0ca5ab281955f0593263d6a3b2230439bb1502dd811cf1bdb8d65f.7z,data\raw\malware_bazaar\0ea597e24b0ca5ab281955f0593263d6a3b2230439bb1502dd811cf1bdb8d65f.7z,4093331,67,1,0,0,0,0.014925373134328358,archive,0,0,0,1,0,1,1,0,0,0,57,7.999953674326768,4.905345993578595,0.3713596579411731,0.003880702537859753,256,0,0,0,0,0,0,0,0,0,0,0,0,0.0,0
malware,0ecdafec38b93aa0c433ec9c764c3773b7c02bc94c5b178b0ac8f6e17beaa632.js,data\raw\malware_bazaar\0ecdafec38b93aa0c433ec9c764c3773b7c02bc94c5b178b0ac8f6e17beaa632.js,1060030,67,1,0,0,0,0.014925373134328358,script,0,1,0,0,0,0,0,0,0,0,0,5.420669879958785,5.38910528153605,0.4938369668782959,0.0,114,0,0,3,0,0,0,3,3,0,0,0,0,0.0,0
malware,0ed2bdca1aba5f0aa9b460314668ee74511d57e54adecb06a5595aa227db6a30.apk,data\raw\malware_bazaar\0ed2bdca1aba5f0aa9b460314668ee74511d57e54adecb06a5595aa227db6a30.apk,3951052,68,1,0,0,0,0.014705882352941176,archive,1,0,0,1,0,1,1,0,0,0,840,7.507370522001736,7.876420224978205,0.31630031697887045,0.06194653980762592,256,1,0,0,2,0,0,0,2,0,0,0,0,0.0,0
malware,0efa8e622c0934005785633b80e82e52a67f300e52ec1b15200205ddfd2e5a48.dll,data\raw\malware_bazaar\0efa8e622c0934005785633b80e82e52a67f300e52ec1b15200205ddfd2e5a48.dll,2818048,68,1,0,0,0,0.014705882352941176,executable,1,0,0,0,0,1,1,0,0,0,8,4.71002508447169,2.715025087417836,0.42260529274164244,0.32886842239734737,256,0,0,0,0,0,0,0,0,0,0,0,0,0.0,0
malware,0efbd18c77479b458078521c18bdad84852b71250122a17cb8105c10d3df38d4.chm,data\raw\malware_bazaar\0efbd18c77479b458078521c18bdad84852b71250122a17cb8105c10d3df38d4.chm,15686,68,0,0,0,0,0.014705882352941176,unknown,0,0,0,0,1,0,0,0,0,0,0,5.010066626877034,1.913877276068107,0.2195588422797399,0.49432615070763736,256,0,0,0,0,0,0,0,0,0,0,0,0,0.0,0
malware,0f3240987daaa8234cf12ffb5c9c023e9cbb67036a04bd3c161e3ccf34fb251c.rtf,data\raw\malware_bazaar\0f3240987daaa8234cf12ffb5c9c023e9cbb67036a04bd3c161e3ccf34fb251c.rtf,3945336,68,1,0,0,0,0.014705882352941176,document,0,0,0,0,0,0,0,0,0,0,0,5.115574451793662,4.037269637091023,0.9955162247271209,0.0,88,3,0,5516,0,0,0,5516,5516,0,0,0,0,0.0,0
malware,0f585003a66e263146774fd65df1969ccdbd01f925ea51a7fd0644a2e4ea178d.iso,data\raw\malware_bazaar\0f585003a66e263146774fd65df1969ccdbd01f925ea51a7fd0644a2e4ea178d.iso,59625472,68,0,0,0,0,0.014705882352941176,unknown,0,0,0,0,1,0,0,0,0,0,866,7.966471688761883,0.0,0.3956332286979632,0.015946372718022257,256,2,5,7,11,0,0,7,18,0,0,0,0,0.0,0
malware,0fa3360a6a00ec8d3c988f4f81be8e79674bb8cf58c9350237062eb60f54bf4a.apk,data\raw\malware_bazaar\0fa3360a6a00ec8d3c988f4f81be8e79674bb8cf58c9350237062eb60f54bf4a.apk,21784009,68,1,0,0,0,0.014705882352941176,archive,1,0,0,1,0,1,1,0,0,0,1355,7.979466460315757,6.771696542825018,0.3725373965829706,0.01356302230686739,256,0,0,92,3,0,0,92,95,0,0,0,0,0.0,0
malware,0facd1d275cf1d28de2de874f29b19ab9a220e7d9437274728f1311903418320.xlsx,data\raw\malware_bazaar\0facd1d275cf1d28de2de874f29b19ab9a220e7d9437274728f1311903418320.xlsx,659301,69,1,0,0,0,0.014492753623188406,document,0,0,0,0,0,1,0,1,0,0,20,7.998062549575741,7.9005720854829935,0.37374734756962297,0.003295914915948861,256,0,0,0,0,0,0,0,0,0,0,0,0,0.0,0
malware,100b763a5a440b643948073af709647c348b6543efd7d174918047629846474e.lnk,data\raw\malware_bazaar\100b763a5a440b643948073af709647c348b6543efd7d174918047629846474e.lnk,74480,68,0,0,0,0,0.014705882352941176,unknown,0,0,0,0,1,0,0,0,0,0,0,0.1435021624729633,1.8219568884844457,0.009076262083780881,0.9899704618689581,105,0,0,0,1,0,0,0,1,0,0,0,0,0.0,0
malware,1093b4045b45a8498d146e31788c25769f992056c8ffc582b5d8c06598598966.php,data\raw\malware_bazaar\1093b4045b45a8498d146e31788c25769f992056c8ffc582b5d8c06598598966.php,91981,68,1,0,0,0,0.014705882352941176,script,0,1,0,0,0,0,0,0,0,0,0,5.6408439127655265,5.807604960500693,1.0,0.0,78,0,0,1,0,1,0,1,2,0,0,0,0,0.0,0
malware,109523934694a992e7def6225e73eb291d93f602952e1b586fe6b0e914965e53.doc,data\raw\malware_bazaar\109523934694a992e7def6225e73eb291d93f602952e1b586fe6b0e914965e53.doc,388492,68,1,0,0,0,0.014705882352941176,document,0,0,0,0,0,1,0,1,0,0,25,7.986926371114451,7.596337408772114,0.36319666814245855,0.007073504731114154,256,0,0,0,0,0,0,0,0,0,0,0,0,0.0,0
malware,109530b5a04dca7d4bb6a646e30574a960d76abe954751614d396417bae9c463.cmd,data\raw\malware_bazaar\109530b5a04dca7d4bb6a646e30574a960d76abe954751614d396417bae9c463.cmd,6330860,68,1,0,0,0,0.014705882352941176,script,0,1,0,0,0,0,0,0,0,0,8,4.967575410672509,3.9775901812946093,0.9621163633376824,0.0,90,0,0,92979,0,0,0,92979,92979,0,0,0,0,0.0,0
malware,10c5a8fc82b700875ffc1b43cc92e01048982819923c5da56e3c37656c539631.rtf,data\raw\malware_bazaar\10c5a8fc82b700875ffc1b43cc92e01048982819923c5da56e3c37656c539631.rtf,5061497,68,1,0,0,0,0.014705882352941176,document,0,0,0,0,0,0,0,0,0,0,0,4.9489964321973146,4.037269637091023,0.9974280336430111,0.0,86,1,0,3276,0,0,0,3276,3276,0,0,0,0,0.0,0
malware,1109f814cc1af300e85891fe792789960e7b0d6b593fbc9c2f37e3e62593b224.img,data\raw\malware_bazaar\1109f814cc1af300e85891fe792789960e7b0d6b593fbc9c2f37e3e62593b224.img,6371328,68,0,0,0,0,0.014705882352941176,unknown,0,0,0,0,1,0,0,0,0,0,1220,6.254640085671227,0.0,0.9028003267136773,0.06573056668876567,256,25,6,265,0,0,0,265,265,0,0,0,0,0.0,0
malware,118e07b4e4c4dd181db7c257495788b5f6a85fff0044d569e6f4fc19077c871c.xls,data\raw\malware_bazaar\118e07b4e4c4dd181db7c257495788b5f6a85fff0044d569e6f4fc19077c871c.xls,889344,68,1,0,0,0,0.014705882352941176,document,0,0,0,0,0,0,0,0,0,0,45,7.964868480133996,1.4456153783265036,0.36283372913068507,0.022831435305123778,256,0,0,0,0,0,0,0,0,0,0,0,0,0.0,0
malware,11acbf4c2b33fdf4ac22fd6e906ec5349e054462ffefd783789b704fbf006dfa.rtf,data\raw\malware_bazaar\11acbf4c2b33fdf4ac22fd6e906ec5349e054462ffefd783789b704fbf006dfa.rtf,163602,68,1,0,0,0,0.014705882352941176,document,0,0,0,0,0,0,0,0,0,0,0,2.3170759141641573,6.058337090453613,0.4406914340900478,0.0,100,0,0,2,0,0,0,2,2,0,0,0,0,0.0,0
malware,11b235d0a5e57c354a21e3fc2632bf91e7fc8927f9d50202c82fe3c1ffab292e.html,data\raw\malware_bazaar\11b235d0a5e57c354a21e3fc2632bf91e7fc8927f9d50202c82fe3c1ffab292e.html,137093,69,0,0,0,0,0.014492753623188406,unknown,0,0,0,0,1,0,0,0,0,0,0,4.899808973624936,5.005253511349243,0.9854624233184772,0.0,94,0,0,0,0,1,3,16,20,0,0,0,0,0.0,0
malware,123ea06da51088cde0a40415b6eccb4b3bb7d6d3c6b791ca849940cdc70b992c.php,data\raw\malware_bazaar\123ea06da51088cde0a40415b6eccb4b3bb7d6d3c6b791ca849940cdc70b992c.php,32,68,1,0,0,0,0.014705882352941176,script,0,1,0,0,0,0,0,0,0,0,0,4.601409765557392,4.601409765557392,1.0,0.0,26,0,0,0,0,1,0,0,2,0,0,0,0,0.0,0
malware,123fefe00c2bf0e83f5bf0263ce8b65a8a20214c661d392e03cecc4d7529e5b0.ps1,data\raw\malware_bazaar\123fefe00c2bf0e83f5bf0263ce8b65a8a20214c661d392e03cecc4d7529e5b0.ps1,15465,68,1,0,0,0,0.014705882352941176,script,0,1,0,0,0,0,0,0,0,0,0,3.1058843459199865,2.9998067553219334,1.0,0.0,66,0,0,0,0,0,0,0,0,0,0,0,0,0.0,0
malware,125c0a801c9854ea87003f2e7091ac05fd79991f9493c6486964d827256d8f01.dll,data\raw\malware_bazaar\125c0a801c9854ea87003f2e7091ac05fd79991f9493c6486964d827256d8f01.dll,196096,68,1,0,0,0,0.014705882352941176,executable,1,0,0,0,0,1,1,0,0,0,2,7.57872853461086,4.913918678893865,0.3775599706266319,0.10088936031331593,256,0,0,0,0,0,0,0,0,0,0,0,0,0.0,0
malware,12898ccc6a9cf84dda412ea2bc17de58de6742ffae8392a84294fb7f95fcde27.doc,data\raw\malware_bazaar\12898ccc6a9cf84dda412ea2bc17de58de6742ffae8392a84294fb7f95fcde27.doc,91423,68,1,0,0,0,0.014705882352941176,document,0,0,0,0,0,1,0,1,0,0,17,7.9850241435359575,7.391236212879383,0.362053312623738,0.008444264572372379,256,0,0,0,0,0,0,0,0,0,0,0,0,0.0,0
malware,12a701790f39f9d462aca26b0223dd1bd7f7ba94fbc9cbbd9546ef5bca2914a3.bat,data\raw\malware_bazaar\12a701790f39f9d462aca26b0223dd1bd7f7ba94fbc9cbbd9546ef5bca2914a3.bat,14749,68,1,0,0,0,0.014705882352941176,script,0,1,0,0,0,0,0,0,0,0,0,5.872127337715129,6.02045150909184,0.8470404773204963,0.0,184,4,2,1,15,0,0,1,16,0,0,0,0,0.0,0
malware,12b833035f2532e3c3542dd2e46a12b664414bc8cd2ed850f4be0040684d2dc8.rar,data\raw\malware_bazaar\12b833035f2532e3c3542dd2e46a12b664414bc8cd2ed850f4be0040684d2dc8.rar,1102183,68,1,0,0,0,0.014705882352941176,archive,0,0,0,1,0,1,1,0,0,0,20,7.999132163219298,5.183364648336088,0.37220770053611785,0.0034576835244238026,256,0,0,0,0,0,0,0,0,0,0,0,0,0.0,0
malware,12c01bc666634a74c6d75ef80ee39a2f859e6e50896658a01817518b5a78712f.ps1,data\raw\malware_bazaar\12c01bc666634a74c6d75ef80ee39a2f859e6e50896658a01817518b5a78712f.ps1,6730,68,1,0,0,0,0.014705882352941176,script,0,1,0,0,0,0,0,0,0,0,0,5.03205295895753,5.172724653684008,0.9479940564635958,0.0,84,2,2,0,3,0,0,0,3,0,0,0,0,0.0,0
malware,12d47f62ed1f5d60193a3a3099873286365c15dc6bf9df17aa250e1f7660c36c.docm,data\raw\malware_bazaar\12d47f62ed1f5d60193a3a3099873286365c15dc6bf9df17aa250e1f7660c36c.docm,16050,69,1,0,0,0,0.014492753623188406,document,0,0,1,0,0,1,1,0,0,0,13,7.36366746825822,6.173230706763998,0.3346417445482866,0.1522741433021807,256,0,0,0,0,0,0,0,0,0,0,0,0,0.0,0
malware,12fb847aa77c71c499314a222b77cd97a6e6faa9e9f717c414a432562b6ae8e7.iso,data\raw\malware_bazaar\12fb847aa77c71c499314a222b77cd97a6e6faa9e9f717c414a432562b6ae8e7.iso,10878976,68,0,0,0,0,0.014705882352941176,unknown,0,0,0,0,1,0,0,0,0,0,113,7.227088540745672,0.0,0.30027899684676207,0.1762967396931476,256,0,0,0,1,0,0,0,1,0,0,0,0,0.0,0
malware,134385f37bc37813bd7b811a628b700d0791c31c2ea0f2cf037d2463e02976f3.7z,data\raw\malware_bazaar\134385f37bc37813bd7b811a628b700d0791c31c2ea0f2cf037d2463e02976f3.7z,17803475,67,1,0,0,0,0.014925373134328358,archive,0,0,0,1,0,1,1,0,0,0,266,7.999988882368552,5.140319531114783,0.371041552281226,0.0039018225374540644,256,0,0,0,1,0,0,0,1,0,0,0,0,0.0,0
malware,13a6420822dab0d4ca6c1b422c66e5dd3a59637588279097efe47f7e553eb849.wsf,data\raw\malware_bazaar\13a6420822dab0d4ca6c1b422c66e5dd3a59637588279097efe47f7e553eb849.wsf,785,68,0,0,0,0,0.014705882352941176,unknown,0,0,0,0,1,0,0,0,0,0,0,5.253457061063712,5.253457061063712,0.9337579617834395,0.0,64,0,0,0,0,0,0,0,0,0,0,0,0,0.0,0
malware,13b3fbb9fed1b90b4083593a380397a6253ff60b0af8f2cfa71abf84279ccca7.xls,data\raw\malware_bazaar\13b3fbb9fed1b90b4083593a380397a6253ff60b0af8f2cfa71abf84279ccca7.xls,1227264,68,1,0,0,0,0.014705882352941176,document,0,0,0,0,0,0,0,0,0,0,37,7.945023177039618,1.6254224956510932,0.36240694748644137,0.0300041392886942,256,2,0,1,0,0,0,1,1,0,0,0,0,0.0,0
malware,13bd0b75039576c6b5f249e507cb5de04300c83b2971edd94686659848c504c7.apk,data\raw\malware_bazaar\13bd0b75039576c6b5f249e507cb5de04300c83b2971edd94686659848c504c7.apk,11994589,68,1,0,0,0,0.014705882352941176,archive,1,0,0,1,0,1,1,0,0,0,822,7.97182628496522,4.843689733916662,0.3686695725881062,0.01964227369524708,256,2,0,0,2,0,0,0,2,0,0,0,0,0.0,0
malware,13d8c4aac39d22bd39177ede9291d6eb103a2c2de7ccece6f28d6986962d358f.xlsm,data\raw\malware_bazaar\13d8c4aac39d22bd39177ede9291d6eb103a2c2de7ccece6f28d6986962d358f.xlsm,1131019,69,1,0,0,0,0.014492753623188406,document,0,0,1,0,0,1,1,0,0,0,184,7.986656085889634,7.854131092040723,0.3703907715078173,0.009332292384124405,256,0,0,0,0,0,0,0,0,0,0,0,0,0.0,0
malware,13db4973db739dc63a83c074167fcd7d9367774a0d3e9bcdae102297a41fb49a.docx,data\raw\malware_bazaar\13db4973db739dc63a83c074167fcd7d9367774a0d3e9bcdae102297a41fb49a.docx,240428,69,1,0,0,0,0.014492753623188406,document,0,0,0,0,0,1,1,0,0,0,18,7.947588874476178,7.824224836725827,0.3665629627164889,0.005074284193188813,256,0,0,0,0,0,0,0,0,0,0,0,0,0.0,0
malware,140aca6ee1b19a24e5056fbf3049e5fdd54b1b84cb4390fcb3cec785ac0c9c93.hta,data\raw\malware_bazaar\140aca6ee1b19a24e5056fbf3049e5fdd54b1b84cb4390fcb3cec785ac0c9c93.hta,14860,68,0,0,0,0,0.014705882352941176,unknown,0,0,0,0,1,0,0,0,0,0,0,1.5005733734976212,1.41460490610474,0.9960296096904442,0.0,78,0,0,9,1,0,0,9,10,0,0,0,0,0.0,0
malware,140cc4e8f36d4403a99ed1557d11771bcdcd169f70b014f99e658b917f9ced2d.docm,data\raw\malware_bazaar\140cc4e8f36d4403a99ed1557d11771bcdcd169f70b014f99e658b917f9ced2d.docm,112673,69,1,0,0,0,0.014492753623188406,document,0,0,1,0,0,1,1,0,0,0,17,7.854143932777867,6.301235192877515,0.34845970196941595,0.05540812794547052,256,0,0,0,0,0,0,0,0,0,0,0,0,0.0,0
malware,140d200a1c687c90ab65342d2baa61799213f7e285836da730a729aadcf4fe88.rtf,data\raw\malware_bazaar\140d200a1c687c90ab65342d2baa61799213f7e285836da730a729aadcf4fe88.rtf,23021,68,1,0,0,0,0.014705882352941176,document,0,0,0,0,0,0,0,0,0,0,0,4.362597047792024,5.351812634971447,0.6265583597584814,0.0,92,0,0,2,0,0,0,2,2,0,0,0,0,0.0,0
malware,141079d8a6328c9764c1c74934fb6c9d5c9db12cb558e2da827dc45da7dd45f5.lnk,data\raw\malware_bazaar\141079d8a6328c9764c1c74934fb6c9d5c9db12cb558e2da827dc45da7dd45f5.lnk,14692,68,0,0,0,0,0.014705882352941176,unknown,0,0,0,0,1,0,0,0,0,0,0,3.1165527315137744,3.1944978407199742,0.47699428260277704,0.5217805608494419,84,0,0,0,1,0,0,0,1,0,0,0,0,0.0,0
malware,14241ade2c81c75627d6349fd1c66c98d8b9998f131421cdb42c871e15ca6e08.cmd,data\raw\malware_bazaar\14241ade2c81c75627d6349fd1c66c98d8b9998f131421cdb42c871e15ca6e08.cmd,1213,68,1,0,0,0,0.014705882352941176,script,0,1,0,0,0,0,0,0,0,0,0,4.614731906968708,4.614731906968708,0.9307502061005771,0.0,73,1,0,0,3,0,0,0,3,0,0,0,0,0.0,0
malware,14311f987651fb5909c9c5493a1efd193f84f54c15668e809b825b91014ab0e8.cmd,data\raw\malware_bazaar\14311f987651fb5909c9c5493a1efd193f84f54c15668e809b825b91014ab0e8.cmd,8456,68,1,0,0,0,0.014705882352941176,script,0,1,0,0,0,0,0,0,0,0,0,4.4669110471306315,4.942185266506567,0.9749290444654684,0.0,89,0,0,2,0,0,0,2,2,0,0,0,0,0.0,0
malware,1443244cea8c60963592226c82ee3f1b5c315398db5d605c733daa3000d51af9.cmd,data\raw\malware_bazaar\1443244cea8c60963592226c82ee3f1b5c315398db5d605c733daa3000d51af9.cmd,4498275,68,1,0,0,0,0.014705882352941176,script,0,1,0,0,0,1,0,1,0,0,0,5.12290719770944,4.102986239727517,0.9621808359871284,0.0,90,0,0,66090,0,0,0,66090,66090,0,0,0,0,0.0,0
malware,147d1c9d4482694aae441db2c47b61afc2514c7041c13a7e382f8c237e077484.img,data\raw\malware_bazaar\147d1c9d4482694aae441db2c47b61afc2514c7041c13a7e382f8c237e077484.img,1245184,68,0,0,0,0,0.014705882352941176,unknown,0,0,0,0,1,0,0,0,0,0,4,2.6579117211573235,0.0,0.0876665617290296,0.7652419240851152,256,1,6,0,0,0,0,0,0,0,0,0,0,0.0,0
malware,149485e8db29b9eb08f1bde5fd950638251213684c515f3f64228ecff5997f29.docm,data\raw\malware_bazaar\149485e8db29b9eb08f1bde5fd950638251213684c515f3f64228ecff5997f29.docm,1853621,69,1,0,0,0,0.014492753623188406,document,0,0,1,0,0,1,1,0,0,0,49,7.989959590452883,6.224574552650556,0.36091034790822935,0.005172038944314938,256,0,0,0,1,0,0,0,1,0,0,0,0,0.0,0
malware,14de56ac48083584e302c4d9337f4cf9a43fe4bbeacbc2c77b4501edbfb81374.docx,data\raw\malware_bazaar\14de56ac48083584e302c4d9337f4cf9a43fe4bbeacbc2c77b4501edbfb81374.docx,725876,69,1,0,0,0,0.014492753623188406,document,0,0,0,0,0,1,1,0,0,0,28,7.987918773732216,7.805253665833823,0.36567127167725616,0.003727909450098915,256,0,0,0,0,0,0,0,0,0,0,0,0,0.0,0
malware,156cce779e98f7333e7152a0de3f5b1675a289005ebf950a0a00ad89f3d1ee5e.doc,data\raw\malware_bazaar\156cce779e98f7333e7152a0de3f5b1675a289005ebf950a0a00ad89f3d1ee5e.doc,188311,68,1,0,0,0,0.014705882352941176,document,0,0,0,0,0,1,0,1,0,0,28,7.96077412822332,7.477776182639376,0.3663726495000292,0.02305760152088832,256,0,0,1,0,0,0,1,1,0,0,0,0,0.0,0
malware,1589a8dd5dcd02b2108df3c839715185b865e0c34afa0bc566f11ee4b4955af4.bat,data\raw\malware_bazaar\1589a8dd5dcd02b2108df3c839715185b865e0c34afa0bc566f11ee4b4955af4.bat,5019,68,1,0,0,0,0.014705882352941176,script,0,1,0,0,0,0,0,0,0,0,2,5.935832943793982,5.90090893843323,0.9996015142458657,0.0,89,0,0,12,1,0,0,12,13,0,0,0,0,0.0,0
malware,164c09471088b677ff1bde410ce8218857df33d7d4fb78aa629784ce0619de69.html,data\raw\malware_bazaar\164c09471088b677ff1bde410ce8218857df33d7d4fb78aa629784ce0619de69.html,136032,69,0,0,0,0,0.014492753623188406,unknown,0,0,0,0,1,0,0,0,0,0,0,4.933431416818955,5.075801280133058,0.9853490355210539,0.0,93,0,0,0,0,1,3,16,20,0,0,0,0,0.0,0
malware,165e94c87ef17389c8de25ba2a6c31b348e3c916dab89d0dd3708156414f3de5.php,data\raw\malware_bazaar\165e94c87ef17389c8de25ba2a6c31b348e3c916dab89d0dd3708156414f3de5.php,1233,68,1,0,0,0,0.014705882352941176,script,0,1,0,0,0,0,0,0,0,0,0,5.449638982190223,5.449638982190223,0.9902676399026764,0.0,75,0,0,0,7,6,0,0,17,0,0,0,0,0.0,0
malware,16a1260ae199d83c537b65ca558b33c7a783d28c5547b5fcb35dee4cceb5f12e.7z,data\raw\malware_bazaar\16a1260ae199d83c537b65ca558b33c7a783d28c5547b5fcb35dee4cceb5f12e.7z,17857891,67,1,0,0,0,0.014925373134328358,archive,0,0,0,1,0,1,1,0,0,0,293,7.999987181891485,5.140319531114783,0.3709542744997156,0.003887693121208994,256,0,0,0,3,0,0,0,3,0,0,0,0,0.0,0
malware,16e153644094fbba7ec924680c2f8cb203604bee06f3a77cbddb803c147af121.jar,data\raw\malware_bazaar\16e153644094fbba7ec924680c2f8cb203604bee06f3a77cbddb803c147af121.jar,89101,68,1,0,0,0,0.014705882352941176,archive,1,0,0,1,0,1,1,0,0,0,12,7.991915446156264,7.921987158843497,0.374406572316809,0.009023467750081369,256,0,0,0,0,0,0,0,0,0,0,0,0,0.0,0
malware,172e9376f98d472f06597d669f38f1d336c188fd1c1074042e5c56ee25a1d2c9.wsf,data\raw\malware_bazaar\172e9376f98d472f06597d669f38f1d336c188fd1c1074042e5c56ee25a1d2c9.wsf,579,68,0,0,0,0,0.014705882352941176,unknown,0,0,0,0,1,0,0,0,0,0,0,5.617002171466347,5.617002171466347,0.9827288428324698,0.0,75,1,1,0,1,1,0,0,2,0,0,0,0,0.0,0
malware,1762139fd2a2d86085fc4055e19ad1d6dda21e7498d873adc28b06c70b8a9d50.dll,data\raw\malware_bazaar\1762139fd2a2d86085fc4055e19ad1d6dda21e7498d873adc28b06c70b8a9d50.dll,1803264,68,1,0,0,0,0.014705882352941176,executable,1,0,0,0,0,1,1,0,0,0,1,6.591918514337779,4.660132369691912,0.39686867813032367,0.17218055703435547,256,0,0,3,0,1,0,3,4,0,0,0,0,0.0,0
malware,178f1d734245e7421b2b540cf3acfd9a990aa7e38ff537981b0959c801443f6d.rtf,data\raw\malware_bazaar\178f1d734245e7421b2b540cf3acfd9a990aa7e38ff537981b0959c801443f6d.rtf,4915147,68,1,0,0,0,0.014705882352941176,document,0,0,0,0,0,0,0,0,0,0,0,4.989489923224973,4.037269637091023,0.9981904915560003,0.0,85,1,0,1171,0,0,0,1171,1171,0,0,0,0,0.0,0
malware,17b452b2e736932412e9138d57c2fe244492485d23884b754d5ec04780373e5e.hta,data\raw\malware_bazaar\17b452b2e736932412e9138d57c2fe244492485d23884b754d5ec04780373e5e.hta,3213,68,0,0,0,0,0.014705882352941176,unknown,0,0,0,0,1,0,0,0,0,0,0,5.501364901187395,5.501364901187395,0.9844382197323374,0.0,87,0,0,0,0,0,0,45,45,0,0,0,0,0.0,0
malware,17d5547ebd2e3a9ef610bbee77eb9dbb4955f37f616867b086507c88a56bd219.xlsx,data\raw\malware_bazaar\17d5547ebd2e3a9ef610bbee77eb9dbb4955f37f616867b086507c88a56bd219.xlsx,3565425,69,1,0,0,0,0.014492753623188406,document,0,0,0,0,0,1,0,1,0,0,99,7.503970723555941,6.187509819504903,0.3985300490123898,0.0028049951969260326,256,0,0,0,0,0,0,0,0,0,0,0,0,0.0,0
malware,187bb4d0506b6eef790ed7428dc96b17268ad40ef42302f7cddde0863511d877.js,data\raw\malware_bazaar\187bb4d0506b6eef790ed7428dc96b17268ad40ef42302f7cddde0863511d877.js,41075,67,1,0,0,0,0.014925373134328358,script,0,1,0,0,0,0,0,0,0,0,0,5.9233411406824334,5.813023612357505,1.0,0.0,90,3,0,5,0,2,0,5,7,0,0,0,0,0.0,0
malware,18c63349d94f99911879da995d0a1189a982311d15a2bea45bbe181bae2f8db5.hta,data\raw\malware_bazaar\18c63349d94f99911879da995d0a1189a982311d15a2bea45bbe181bae2f8db5.hta,12044,68,0,0,0,0,0.014705882352941176,unknown,0,0,0,0,1,0,0,0,0,0,0,5.551015336716574,4.987490004251092,0.9875456658917303,0.0,92,2,0,0,0,0,0,0,0,0,0,0,0,0.0,0
malware,191860d5f0c5b1740b22934f0b3a70022dc10d956f7b7b25ccde0215118d9205.cmd,data\raw\malware_bazaar\191860d5f0c5b1740b22934f0b3a70022dc10d956f7b7b25ccde0215118d9205.cmd,199,68,1,0,0,0,0.014705882352941176,script,0,1,0,0,0,0,0,0,0,0,0,5.1430205825289885,5.1430205825289885,1.0,0.0,50,1,0,0,4,0,0,0,4,0,0,0,0,0.0,0
malware,1961b6bb990e306245e48dc3afe332a6c88a221080c3a4cb1a0e0717f80ab148.bat,data\raw\malware_bazaar\1961b6bb990e306245e48dc3afe332a6c88a221080c3a4cb1a0e0717f80ab148.bat,116,68,1,0,0,0,0.014705882352941176,script,0,1,0,0,0,0,0,0,0,0,0,4.682895168947896,4.682895168947896,0.9310344827586207,0.0,33,1,0,0,0,0,0,0,0,0,0,0,0,0.0,0
malware,19d460ac7c87aa76f579db0634a5b83b71f71200d587b2b1f63e5d79f671001c.pdf,data\raw\malware_bazaar\19d460ac7c87aa76f579db0634a5b83b71f71200d587b2b1f63e5d79f671001c.pdf,33072,68,1,0,0,0,0.014705882352941176,document,0,0,0,0,0,1,1,0,0,0,0,7.804865273804262,4.620774560249358,0.45533986453797776,0.02845307208514756,256,0,0,0,0,0,0,0,0,0,0,0,0,0.0,0
malware,19e5eca388c115a901371dc3a488357b09b45cf0131a3732f960b0c61dfd76d5.7z,data\raw\malware_bazaar\19e5eca388c115a901371dc3a488357b09b45cf0131a3732f960b0c61dfd76d5.7z,88914323,67,1,0,0,0,0.014925373134328358,archive,0,0,0,1,0,1,1,0,0,0,1378,7.999995574195556,5.154598182252591,0.3709800500870934,0.003980157392639654,256,0,0,0,7,0,0,0,7,0,0,0,0,0.0,0
malware,1a22c4da37c2e26124f66573f255c1be7f6ef358c23b7bfe2adeceff163eb55c.docm,data\raw\malware_bazaar\1a22c4da37c2e26124f66573f255c1be7f6ef358c23b7bfe2adeceff163eb55c.docm,1902392,69,1,0,0,0,0.014492753623188406,document,0,0,1,0,0,1,1,0,0,0,50,7.999372977484544,6.215935723722239,0.3710938649868166,0.005281771580200085,256,0,0,0,0,0,0,0,0,0,0,0,0,0.0,0
malware,1a54d4947e91761b8bcdceae7ffaa9ad46447c27d426c20750606319b85abd79.php,data\raw\malware_bazaar\1a54d4947e91761b8bcdceae7ffaa9ad46447c27d426c20750606319b85abd79.php,5649,68,1,0,0,0,0.014705882352941176,script,0,1,0,0,0,0,0,0,0,0,2,6.09396930903286,6.012194131193714,1.0,0.0,83,0,0,3,0,1,0,6,7,0,0,0,0,0.0,0
malware,1a9a54eb8b3ed707852eace623b935bc687c46d5e0cfa793751e778dacd8b62b.apk,data\raw\malware_bazaar\1a9a54eb8b3ed707852eace623b935bc687c46d5e0cfa793751e778dacd8b62b.apk,306323,68,1,0,0,0,0.014705882352941176,archive,1,0,0,1,0,1,1,0,0,0,48,7.966383932757178,7.595381277848515,0.36844768430708763,0.02227060978117869,256,0,0,0,0,0,0,0,0,0,0,0,0,0.0,0
malware,1ab6defd87d3efe97644b144b265cb9d1954f77a09586e70ed6b8a0d119fc8ed.rar,data\raw\malware_bazaar\1ab6defd87d3efe97644b144b265cb9d1954f77a09586e70ed6b8a0d119fc8ed.rar,765621,68,1,0,0,0,0.014705882352941176,archive,0,0,0,1,0,1,1,0,0,0,17,7.998931518244376,5.413909765557392,0.3694608690200504,0.0034494874095668746,256,0,0,0,0,0,0,0,0,0,0,0,0,0.0,0
malware,1ad7863265eb6cb743f541301b8c728a93fe315c50577f18b8d26ac26de356d3.7z,data\raw\malware_bazaar\1ad7863265eb6cb743f541301b8c728a93fe315c50577f18b8d26ac26de356d3.7z,18850771,67,1,0,0,0,0.014925373134328358,archive,0,0,0,1,0,1,1,0,0,0,314,7.9999908879789965,5.092098182252591,0.3712335691733776,0.0038924137373479314,256,0,0,0,0,0,0,0,0,0,0,0,0,0.0,0
malware,1ae974bb763d85e1c68b4dcac66faffc4f48ba27e1d6c7d593ff08ac1f7031f3.wsf,data\raw\malware_bazaar\1ae974bb763d85e1c68b4dcac66faffc4f48ba27e1d6c7d593ff08ac1f7031f3.wsf,314368,68,0,0,0,0,0.014705882352941176,unknown,0,0,0,0,1,0,0,0,0,0,63,5.864402960337413,6.009565683090786,0.9983458876221498,0.0,86,0,0,22,1,0,0,22,23,0,0,0,0,0.0,0
malware,1b1018e1a772242b6ad18987d3ba8903b434624f4bfe0e9ca7aa411b0df927c5.7z,data\raw\malware_bazaar\1b1018e1a772242b6ad18987d3ba8903b434624f4bfe0e9ca7aa411b0df927c5.7z,803280,67,1,0,0,0,0.014925373134328358,archive,0,0,0,1,0,1,1,0,0,0,16,7.999749572571742,5.135891110799899,0.3713499651429141,0.004014789363609202,256,0,0,0,0,0,0,0,0,0,0,0,0,0.0,0
malware,1b30a8bad3f15b4770d748c20f0146e15b86a05572136aab459b01c3754b55b8.jar,data\raw\malware_bazaar\1b30a8bad3f15b4770d748c20f0146e15b86a05572136aab459b01c3754b55b8.jar,331620,68,1,0,0,0,0.014705882352941176,archive,1,0,0,1,0,1,1,0,0,0,61,7.992354061094685,7.934251933731088,0.3749743682528195,0.010370303359266631,256,0,0,0,0,0,0,0,0,0,0,0,0,0.0,0
malware,1b6dab8bc06f91bb0c2331a714ff5b79d3e4ff0a490f3d6af8c68c6ebf52450d.ps1,data\raw\malware_bazaar\1b6dab8bc06f91bb0c2331a714ff5b79d3e4ff0a490f3d6af8c68c6ebf52450d.ps1,9326,68,1,0,0,0,0.014705882352941176,script,0,1,0,0,0,0,0,0,0,0,4,6.149346882258666,6.145751375229814,0.9875616555865323,0.0,87,0,0,20,0,0,0,20,20,0,0,0,0,0.0,0
malware,1b873c981db25d16bd539aef3952a2e869dd55c27e0937064cafc5dafb70c79a.bat,data\raw\malware_bazaar\1b873c981db25d16bd539aef3952a2e869dd55c27e0937064cafc5dafb70c79a.bat,731153,68,1,0,0,0,0.014705882352941176,script,0,1,0,0,0,0,0,0,0,0,103,6.171902945526592,5.508825421859457,0.9716940230020256,0.0,109,0,0,135,0,0,0,135,135,0,0,0,0,0.0,0
malware,1bc6eaae334998da9df26e23803d97c537578cd02fa55370c98d418dec186ccc.js,data\raw\malware_bazaar\1bc6eaae334998da9df26e23803d97c537578cd02fa55370c98d418dec186ccc.js,1892103,67,1,0,0,0,0.014925373134328358,script,0,1,0,0,0,0,0,0,0,0,0,3.6581269611286986,5.057635233929911,0.9980307625959052,0.0,83,0,0,1829,1,0,0,1830,1831,0,0,0,0,0.0,0
malware,1bcb669718d55332eb1545832ffde2ba09ea24e5f167b145d4d18eeafc0535eb.chm,data\raw\malware_bazaar\1bcb669718d55332eb1545832ffde2ba09ea24e5f167b145d4d18eeafc0535eb.chm,212939,68,0,0,0,0,0.014705882352941176,unknown,0,0,0,0,1,0,0,0,0,0,1,7.912026629982598,1.8465023376160123,0.35604562809067386,0.04033079896120485,256,0,0,0,0,0,0,0,0,0,0,0,0,0.0,0
malware,1be2c82d51733eac4e6b7b19476406e57db15576c33beee0eb4adca5f87737b0.jar,data\raw\malware_bazaar\1be2c82d51733eac4e6b7b19476406e57db15576c33beee0eb4adca5f87737b0.jar,152494,68,1,0,0,0,0.014705882352941176,archive,1,0,0,1,0,1,1,0,0,0,48,7.983073433042892,7.938414657970332,0.38193633847889097,0.014151376447597938,256,0,0,0,0,0,0,0,0,0,0,0,0,0.0,0
malware,1bef0ef9343847ec1187faa5b5620d9ce0f35f538994a19746449a5e8d62b779.xlsx,data\raw\malware_bazaar\1bef0ef9343847ec1187faa5b5620d9ce0f35f538994a19746449a5e8d62b779.xlsx,715264,69,1,0,0,0,0.014492753623188406,document,0,0,0,0,0,0,0,0,0,0,37,7.9609024153076495,3.294963789578464,0.3617084041696492,0.0240624440765927,256,0,0,0,0,0,0,0,0,0,0,0,0,0.0,0
malware,1c395394ea2fc88e6b56592dc89cebd53888991c96ae6b5cbe68677d282b30ce.cmd,data\raw\malware_bazaar\1c395394ea2fc88e6b56592dc89cebd53888991c96ae6b5cbe68677d282b30ce.cmd,6162,68,1,0,0,0,0.014705882352941176,script,0,1,0,0,0,0,0,0,0,0,0,5.386363748348346,5.372723156957194,1.0,0.0,83,0,0,0,1,0,0,0,1,0,0,0,0,0.0,0
malware,1c7a1cba990b09786a6f27ca39ca8779ac0f4702ea62402b87aeb0bafc64680f.bat,data\raw\malware_bazaar\1c7a1cba990b09786a6f27ca39ca8779ac0f4702ea62402b87aeb0bafc64680f.bat,3539,68,1,0,0,0,0.014705882352941176,script,0,1,0,0,0,0,0,0,0,0,0,5.953694080673874,5.953694080673874,0.9994348686069511,0.0,86,0,0,14,1,0,0,14,15,0,0,0,0,0.0,0
malware,1c7f776c0df1271f760c2fe07363bc32659dc2e9991fc1cf41f695ed7a4f3851.iso,data\raw\malware_bazaar\1c7f776c0df1271f760c2fe07363bc32659dc2e9991fc1cf41f695ed7a4f3851.iso,1245184,68,0,0,0,0,0.014705882352941176,unknown,0,0,0,0,1,0,0,0,0,0,7,3.7603262194783262,0.0,0.1326197574013158,0.646044279399671,256,0,6,0,0,0,0,0,0,0,0,0,0,0.0,0
malware,1ca63b3f7973f9c6dc1801637148c3140c3fa500590da36e1fc2f8b3793f7983.doc,data\raw\malware_bazaar\1ca63b3f7973f9c6dc1801637148c3140c3fa500590da36e1fc2f8b3793f7983.doc,36165,68,1,0,0,0,0.014705882352941176,document,0,0,0,0,0,1,0,1,0,0,15,7.96152371083749,7.325632433441261,0.3704410341490391,0.01448914696529794,256,0,0,0,0,0,0,0,0,0,0,0,0,0.0,0
malware,1cc5e6cd1203b4bc40ba3ab4400d602e6a16251868455684f200b2903dbdbdd6.vbs,data\raw\malware_bazaar\1cc5e6cd1203b4bc40ba3ab4400d602e6a16251868455684f200b2903dbdbdd6.vbs,430113,68,1,0,0,0,0.014705882352941176,script,0,1,0,0,0,0,0,0,0,0,12,4.541293462673283,4.750446464694667,0.9990374622482929,0.0,74,0,0,111,0,0,0,111,111,0,0,0,0,0.0,0
malware,1cd9e489da7d5a543a219458d60fae774c3c7771a2d60bbe3a6217bbf8fbe626.rar,data\raw\malware_bazaar\1cd9e489da7d5a543a219458d60fae774c3c7771a2d60bbe3a6217bbf8fbe626.rar,371653,68,1,0,0,0,0.014705882352941176,archive,0,0,0,1,0,1,1,0,0,0,3,7.998649362395611,5.25544555539995,0.3723015823900251,0.0035005771512674456,256,0,0,0,0,0,0,0,0,0,0,0,0,0.0,0
malware,1cdbb37dde622d4228c77ee75284bd2194c7301cbf15a5351e79aeec22ffbd1f.ps1,data\raw\malware_bazaar\1cdbb37dde622d4228c77ee75284bd2194c7301cbf15a5351e79aeec22ffbd1f.ps1,11490,68,1,0,0,0,0.014705882352941176,script,0,1,0,0,0,0,0,0,0,0,0,3.591381264980187,3.432266792933631,0.48677110530896434,0.48511749347258487,96,0,0,0,0,0,0,0,0,0,0,0,0,0.0,0
malware,1d5c3b46efd61ff506fb52d99d015129d33b3a4aafa89c96953e7b84ac195158.xlsx,data\raw\malware_bazaar\1d5c3b46efd61ff506fb52d99d015129d33b3a4aafa89c96953e7b84ac195158.xlsx,639654,69,1,0,0,0,0.014492753623188406,document,0,0,0,0,0,1,0,1,0,0,26,7.997807033653545,7.900056203340985,0.37355351486897603,0.003145450509181526,256,0,0,0,0,0,0,0,0,0,0,0,0,0.0,0
malware,1d5c528aef50eb06a28d8e988943d92d191980382913f5a3aa62b006c2219c69.iso,data\raw\malware_bazaar\1d5c528aef50eb06a28d8e988943d92d191980382913f5a3aa62b006c2219c69.iso,69632,68,0,0,0,0,0.014705882352941176,unknown,0,0,0,0,1,0,0,0,0,0,0,0.4469673552623058,0.0,0.030086741727941176,0.9590992647058824,166,1,0,0,2,0,0,0,2,0,0,0,0,0.0,0
malware,1d9bb14a95d46244b9bd6b9031239262169eb1e44191dc485194ef7ee69f1d7f.7z,data\raw\malware_bazaar\1d9bb14a95d46244b9bd6b9031239262169eb1e44191dc485194ef7ee69f1d7f.7z,2000000,67,1,0,0,0,0.014925373134328358,archive,0,0,0,1,0,1,1,0,0,0,33,7.999912150261528,5.030345993578595,0.37118,0.003974,256,0,0,0,0,0,0,0,0,0,0,0,0,0.0,0
malware,1dbc8fcb10b9fc3b08e0fc7c537918cfe6ed72cc0825aa1ba36262a55e0efba5.dll,data\raw\malware_bazaar\1dbc8fcb10b9fc3b08e0fc7c537918cfe6ed72cc0825aa1ba36262a55e0efba5.dll,6656,68,1,0,0,0,0.014705882352941176,executable,1,0,0,0,0,1,1,0,0,0,0,4.443553078247863,5.0632923421988165,0.39708533653846156,0.447265625,213,0,0,0,0,0,0,0,0,0,0,0,0,0.0,0
malware,1e17f7e1abf637c27d60b22a90e597c56ec460f9a335b93f70e74cf9c9ad3554.js,data\raw\malware_bazaar\1e17f7e1abf637c27d60b22a90e597c56ec460f9a335b93f70e74cf9c9ad3554.js,3105771,67,1,0,0,0,0.014925373134328358,script,0,1,0,0,0,0,0,0,0,0,3,5.061626980808524,3.9715350765592268,0.9989194309561137,0.0,89,0,0,2,1,0,0,2,3,0,0,0,0,0.0,0
malware,1e4c0b9ebe63dd50dd95c7b684ddc989c67e2172b49104512ec6b8bc59961ffc.7z,data\raw\malware_bazaar\1e4c0b9ebe63dd50dd95c7b684ddc989c67e2172b49104512ec6b8bc59961ffc.7z,4384951,67,1,0,0,0,0.014925373134328358,archive,0,0,0,1,0,1,1,0,0,0,88,7.999948786240805,4.999095993578595,0.3708207913839858,0.0039770113736732745,256,0,0,0,3,0,0,0,3,0,0,0,0,0.0,0
malware,1e73dcc941fb0cd2fc3f4d05cda708eb8db3c03c4de23a2e13918877b81bb1c8.html,data\raw\malware_bazaar\1e73dcc941fb0cd2fc3f4d05cda708eb8db3c03c4de23a2e13918877b81bb1c8.html,338354,69,0,0,0,0,0.014492753623188406,unknown,0,0,0,0,1,0,0,0,0,0,2,5.580857216071742,5.26516707496796,0.997405084615521,0.0,119,500,1,44,0,0,0,44,44,0,0,0,0,0.0,0
malware,1e7ca9074cc2eca8d366022629f665d9ffaa79e0621bb579bf5aabe681cb07e8.php,data\raw\malware_bazaar\1e7ca9074cc2eca8d366022629f665d9ffaa79e0621bb579bf5aabe681cb07e8.php,26228,68,1,0,0,0,0.014705882352941176,script,0,1,0,0,0,0,0,0,0,0,0,5.309682938924066,5.208605546224834,0.967820649687357,0.0,94,4,0,0,0,2,0,0,8,0,0,0,0,0.0,0
malware,1ebfcf871300be4b3eae19513c3054b75722ed81c204760f3c32f9532f6742f0.cmd,data\raw\malware_bazaar\1ebfcf871300be4b3eae19513c3054b75722ed81c204760f3c32f9532f6742f0.cmd,7114,68,1,0,0,0,0.014705882352941176,script,0,1,0,0,0,0,0,0,0,0,0,5.286742051115017,5.277716102956047,1.0,0.0,86,0,0,0,1,0,0,0,1,0,0,0,0,0.0,0
malware,1ecac1f3afd6d0553f2bde80a2cc9de5eb94cf5a87f90017426ee57ae512cfe8.docx,data\raw\malware_bazaar\1ecac1f3afd6d0553f2bde80a2cc9de5eb94cf5a87f90017426ee57ae512cfe8.docx,92797,69,1,0,0,0,0.014492753623188406,document,0,0,0,0,0,1,1,0,0,0,16,7.804359397741921,7.814467000072209,0.36716704203799694,0.009590827289675313,256,0,0,0,0,0,0,0,0,0,0,0,0,0.0,0
malware,1eff237dee95172363bfc0342d0389f809f753a6ec5e6848e57b3fd5482e9793.chm,data\raw\malware_bazaar\1eff237dee95172363bfc0342d0389f809f753a6ec5e6848e57b3fd5482e9793.chm,13254,68,0,0,0,0,0.014705882352941176,unknown,0,0,0,0,1,0,0,0,0,0,0,4.217238596956671,1.9197270932293564,0.18296363362003923,0.5888788290327448,256,0,0,0,0,0,0,0,0,0,0,0,0,0.0,0
malware,1fb5fbf014b4bbbcff71375eabce3cd7b1e68d06f12fcfede5d6b6831d05d1d2.dll,data\raw\malware_bazaar\1fb5fbf014b4bbbcff71375eabce3cd7b1e68d06f12fcfede5d6b6831d05d1d2.dll,571392,68,1,0,0,0,0.014705882352941176,executable,1,0,0,0,0,1,1,0,0,0,2,6.170651874817272,4.690420344951576,0.2897240423387097,0.2368601590501792,256,12,20,0,0,0,0,0,0,0,0,0,0,0.0,0
malware,205064af53c802ca95a0f902096c0e1f2684081b73c3f6e4005a1af9f778c6aa.pdf,data\raw\malware_bazaar\205064af53c802ca95a0f902096c0e1f2684081b73c3f6e4005a1af9f778c6aa.pdf,88634,68,1,0,0,0,0.014705882352941176,document,0,0,0,0,0,1,1,0,0,0,0,7.833338927518175,5.578923842427693,0.3889365254868335,0.047160231965160095,256,6,0,6,0,0,0,6,6,0,0,0,0,0.0,0
malware,206d0de2fe74165879efc47a5bd0ed6dbb1379320f6531e03e77e1ab77de9b08.dll,data\raw\malware_bazaar\206d0de2fe74165879efc47a5bd0ed6dbb1379320f6531e03e77e1ab77de9b08.dll,876544,68,1,0,0,0,0.014705882352941176,executable,1,0,0,0,0,1,1,0,0,0,4,6.583629449747621,5.581805930543048,0.2773882429176402,0.11693537346670561,256,0,0,0,0,0,0,0,0,0,0,0,0,0.0,0
malware,20a0bd6ed113a2e57b4d108f8168234317be9f54e3399048b1f53b4899dc729d.vbs,data\raw\malware_bazaar\20a0bd6ed113a2e57b4d108f8168234317be9f54e3399048b1f53b4899dc729d.vbs,24800602,68,1,0,0,0,0.014705882352941176,script,0,1,0,0,0,0,0,0,0,0,4482,6.043087403255321,5.760244429761454,0.9782589148440832,0.0,79,0,0,269556,2,0,0,269556,269558,0,0,0,0,0.0,0
malware,20c938b4c690d1ec441a7ef56686bbdca2e4e0d7a6c6f0eff22e516d65109bb8.pdf,data\raw\malware_bazaar\20c938b4c690d1ec441a7ef56686bbdca2e4e0d7a6c6f0eff22e516d65109bb8.pdf,74612,68,1,0,0,0,0.014705882352941176,document,0,0,0,0,0,1,1,0,0,0,2,7.679590143915628,5.118982148132359,0.49214603549026964,0.016860558623277757,256,63,0,0,0,0,0,0,0,0,0,0,0,0.0,0
malware,20cff974367eed6e5b208d69ed49e7a9f50afbeeb60cf2f23a3a2e4ca3f1e08c.docx,data\raw\malware_bazaar\20cff974367eed6e5b208d69ed49e7a9f50afbeeb60cf2f23a3a2e4ca3f1e08c.docx,278420,69,1,0,0,0,0.014492753623188406,document,0,0,0,0,0,1,1,0,0,0,25,7.9787861182940505,7.831209348321256,0.3640399396595072,0.006659004381869118,256,0,0,0,0,0,0,0,0,0,0,0,0,0.0,0
malware,20f65bfefa487bdcd4120f521669c9be98bb8c7a4da5aecfca86dd90e9b27787.hta,data\raw\malware_bazaar\20f65bfefa487bdcd4120f521669c9be98bb8c7a4da5aecfca86dd90e9b27787.hta,11905,68,0,0,0,0,0.014705882352941176,unknown,0,0,0,0,1,0,0,0,0,0,0,5.535012073068808,4.987490004251092,0.9874002519949601,0.0,92,2,0,0,0,0,0,0,0,0,0,0,0,0.0,0
malware,2103139d2a4fc3964956f7f3e83077d0769c7fa28d7a127ff057550df79d025e.cmd,data\raw\malware_bazaar\2103139d2a4fc3964956f7f3e83077d0769c7fa28d7a127ff057550df79d025e.cmd,2412170,68,1,0,0,0,0.014705882352941176,script,0,1,0,0,0,0,0,0,0,0,278,6.175676276262771,4.584948319190186,0.9174303635315919,0.0,143,0,0,33400,0,0,0,33400,33400,0,0,0,0,0.0,0
malware,211da6838b46bd9cb8361f420589373edaeaa2b5c47a12d0d4c9424af7a1f070.vbs,data\raw\malware_bazaar\211da6838b46bd9cb8361f420589373edaeaa2b5c47a12d0d4c9424af7a1f070.vbs,934256,68,1,0,0,0,0.014705882352941176,script,0,1,0,0,0,0,0,0,0,0,0,5.338446178962375,5.303636858800374,0.29488277303009025,0.0,114,0,0,3,0,0,0,3,3,0,0,0,0,0.0,0
malware,2172f09302778dbe9ac1970784517b318ab9d6a0891f40713ae21b2e982808c5.docx,data\raw\malware_bazaar\2172f09302778dbe9ac1970784517b318ab9d6a0891f40713ae21b2e982808c5.docx,2627496,69,1,0,0,0,0.014492753623188406,document,0,0,0,0,0,1,1,0,0,0,87,7.9734300703072325,7.927417543213914,0.3609839938861943,0.017670816625410656,256,0,0,0,0,0,0,0,0,0,0,0,0,0.0,0
malware,2199efc51ed28df18b323707931ab33ded5cb3ddb090797b76e87db9b38def84.bat,data\raw\malware_bazaar\2199efc51ed28df18b323707931ab33ded5cb3ddb090797b76e87db9b38def84.bat,728982,68,1,0,0,0,0.014705882352941176,script,0,1,0,0,0,0,0,0,0,0,129,6.116407622087641,5.228351281952912,0.9888995887415601,0.0,91,0,0,69,1,0,0,69,70,0,0,0,0,0.0,0
malware,2209ca5ff3cc4e3d94c85f0d6958ec38dfb4a7198fff0a2055217a91f3ff4551.rar,data\raw\malware_bazaar\2209ca5ff3cc4e3d94c85f0d6958ec38dfb4a7198fff0a2055217a91f3ff4551.rar,2630,68,1,0,0,0,0.014705882352941176,archive,0,0,0,1,0,1,1,0,0,0,0,7.813560797684841,5.058364648336087,0.35855513307984793,0.039163498098859315,256,0,0,0,0,0,0,0,0,0,0,0,0,0.0,0
malware,221292a9f77f1a16fa0a7ed41b0eedbd312475dd9a5104c7923ed7889ea0f292.docm,data\raw\malware_bazaar\221292a9f77f1a16fa0a7ed41b0eedbd312475dd9a5104c7923ed7889ea0f292.docm,1415758,69,1,0,0,0,0.014492753623188406,document,0,0,1,0,0,1,1,0,0,0,44,7.6695010056370245,6.674087694772888,0.35675800525231005,0.03873543359811493,256,14,0,12,0,0,0,12,12,0,0,0,0,0.0,0
malware,221f0dfce9d3d8c7aa9489cf39a02fedbeed7837120338cdf77f3c5168bc021d.rtf,data\raw\malware_bazaar\221f0dfce9d3d8c7aa9489cf39a02fedbeed7837120338cdf77f3c5168bc021d.rtf,5256000,68,1,0,0,0,0.014705882352941176,document,0,0,0,0,0,0,0,0,0,0,0,4.917506828017674,4.037269637091023,0.9982728310502283,0.0,85,1,0,307,0,0,0,307,307,0,0,0,0,0.0,0
malware,226b78eb2ba756120adf78e49a299fde116f524fa9bf43b81059e2b32672fdac.ps1,data\raw\malware_bazaar\226b78eb2ba756120adf78e49a299fde116f524fa9bf43b81059e2b32672fdac.ps1,1649,68,1,0,0,0,0.014705882352941176,script,0,1,0,0,0,0,0,0,0,0,0,5.515165558161375,5.515165558161375,0.9587628865979382,0.0,80,1,1,0,0,0,0,0,0,0,0,0,0,0.0,0
malware,22d379e19805ca9121f19f3148a3c99aa23fbaa2b686f0bbf24f9ef45c32388e.hta,data\raw\malware_bazaar\22d379e19805ca9121f19f3148a3c99aa23fbaa2b686f0bbf24f9ef45c32388e.hta,11994,68,0,0,0,0,0.014705882352941176,unknown,0,0,0,0,1,0,0,0,0,0,0,5.548471717626353,4.987490004251092,0.9874937468734367,0.0,92,2,0,0,0,0,0,0,0,0,0,0,0,0.0,0
malware,22da149cfad68ce50dea57f9b921bd4b2c244eaa87a16c6e1bd5ce199fe89f93.xlsx,data\raw\malware_bazaar\22da149cfad68ce50dea57f9b921bd4b2c244eaa87a16c6e1bd5ce199fe89f93.xlsx,52518,69,1,0,0,0,0.014492753623188406,document,0,0,0,0,0,1,0,1,0,0,14,7.978290135067551,7.874040499433892,0.3713393503179862,0.01382383182908717,256,0,0,0,0,0,0,0,0,0,0,0,0,0.0,0
malware,22f605a2ff61b3b69d5fd4bdd4d672acff7b0902649e180a839b6e2bb38c7111.7z,data\raw\malware_bazaar\22f605a2ff61b3b69d5fd4bdd4d672acff7b0902649e180a839b6e2bb38c7111.7z,79147936,67,1,0,0,0,0.014925373134328358,archive,0,0,0,1,0,1,1,0,0,0,1209,7.999995556590546,5.060848182252591,0.371100125719008,0.003985056540198344,256,0,0,0,8,0,0,0,8,0,0,0,0,0.0,0
malware,23282313ee3edb3443ae8c0296b9b6ddf52501983093fd289f46d99e7d180402.apk,data\raw\malware_bazaar\23282313ee3edb3443ae8c0296b9b6ddf52501983093fd289f46d99e7d180402.apk,324630,68,1,0,0,0,0.014705882352941176,archive,1,0,0,1,0,1,1,0,0,0,48,7.951672108614338,7.57560033637985,0.35797061269753255,0.020016634322151373,256,0,0,0,0,0,0,0,0,0,0,0,0,0.0,0
malware,23b577fca11c0d75ea70a3993816965c3eaefa8e76d1ded1d40422f3500edb78.docx,data\raw\malware_bazaar\23b577fca11c0d75ea70a3993816965c3eaefa8e76d1ded1d40422f3500edb78.docx,224778,69,1,0,0,0,0.014492753623188406,document,0,0,0,0,0,1,1,0,0,0,19,7.948189773183524,7.704406738978867,0.36610789312121295,0.005387537926309514,256,0,0,1,0,0,0,1,1,0,0,0,0,0.0,0
malware,23ce653f7c183985d427dd26298b15361a812e1aab905d7ecbad46ab42ea7433.dll,data\raw\malware_bazaar\23ce653f7c183985d427dd26298b15361a812e1aab905d7ecbad46ab42ea7433.dll,6145024,68,1,0,0,0,0.014705882352941176,executable,1,0,0,0,0,1,1,0,0,0,83,7.203912491769665,2.748075375143628,0.2979016843546909,0.1830230443363606,256,0,0,0,0,0,0,0,0,0,0,0,0,0.0,0
malware,241c67969cd87f0e7446103c6e5716b3f35c67e3dc4f9bf3571e6ae7a45d2ca9.doc,data\raw\malware_bazaar\241c67969cd87f0e7446103c6e5716b3f35c67e3dc4f9bf3571e6ae7a45d2ca9.doc,589459,68,1,0,0,0,0.014705882352941176,document,0,0,0,0,0,1,0,1,0,0,27,7.996418447183191,7.400498881238793,0.36787800338954874,0.005527101969772283,256,0,0,0,0,0,0,0,0,0,0,0,0,0.0,0
malware,2447a57cee38107f77c46a531095b4fffc5f2af604e945396172b4f3edb9188d.ps1,data\raw\malware_bazaar\2447a57cee38107f77c46a531095b4fffc5f2af604e945396172b4f3edb9188d.ps1,21076,68,1,0,0,0,0.014705882352941176,script,0,1,0,0,0,0,0,0,0,0,0,5.429285002483158,5.5175911654407965,0.7883374454355665,0.0,95,1,7,0,18,0,0,0,18,0,0,0,0,0.0,0
malware,244c62ef5913051fb08d69f1eef5e72dde85afde90e1c5f015965d1e4f089a42.cmd,data\raw\malware_bazaar\244c62ef5913051fb08d69f1eef5e72dde85afde90e1c5f015965d1e4f089a42.cmd,4324298,68,1,0,0,0,0.014705882352941176,script,0,1,0,0,0,0,0,0,0,0,0,5.8389298855828216,4.581165237887528,0.9650618435639727,0.0,121,0,0,64953,0,0,0,64953,64953,0,0,0,0,0.0,0
malware,2463b5bafc20504e29dd56f380b469859e5d75eaad857156970656e4e949e4d6.xlsm,data\raw\malware_bazaar\2463b5bafc20504e29dd56f380b469859e5d75eaad857156970656e4e949e4d6.xlsm,229368,69,1,0,0,0,0.014492753623188406,document,0,0,1,0,0,1,1,0,0,0,15,7.918879869634924,6.1241405980127706,0.3649986048620557,0.016776533779777475,256,0,0,0,0,0,0,0,0,0,0,0,0,0.0,0
malware,24737ced97af85202c4b8b7b956553ff9b64790a98a7ed5a5b727e8f2001fc9c.doc,data\raw\malware_bazaar\24737ced97af85202c4b8b7b956553ff9b64790a98a7ed5a5b727e8f2001fc9c.doc,395264,68,1,0,0,0,0.014705882352941176,document,0,0,0,0,0,0,0,0,0,0,9,5.410442504736223,1.1762339275837033,0.33996012791450775,0.3615204015544041,256,20,0,86,0,0,0,86,86,0,0,0,0,0.0,0
malware,247f6f51ba009d919195f74c991f32b09e9c8eec6282413b8647eb39e52f345e.js,data\raw\malware_bazaar\247f6f51ba009d919195f74c991f32b09e9c8eec6282413b8647eb39e52f345e.js,73388,67,1,0,0,0,0.014925373134328358,script,0,1,0,0,0,0,0,0,0,0,1,4.223037324395599,4.801451348491893,0.962200904780073,0.0,94,1,0,3,1,0,0,3,4,0,0,0,0,0.0,0
malware,24a13d4a670d42aae40168fbde79f28b5d280b5a9a5483831201a8aff83467a0.xls,data\raw\malware_bazaar\24a13d4a670d42aae40168fbde79f28b5d280b5a9a5483831201a8aff83467a0.xls,920576,68,1,0,0,0,0.014705882352941176,document,0,0,0,0,0,0,0,0,0,0,33,7.916119029881903,1.4508272698983766,0.3584060414349277,0.03742765399054505,256,2,0,1,0,0,0,1,1,0,0,0,0,0.0,0
malware,24bb00c15d9c125410330b8d5fbfd8ac5fb117b2a7c1fb832a6e1c056624e1d6.dll,data\raw\malware_bazaar\24bb00c15d9c125410330b8d5fbfd8ac5fb117b2a7c1fb832a6e1c056624e1d6.dll,2276768,68,1,0,0,0,0.014705882352941176,executable,1,0,0,0,0,1,1,0,0,0,1,6.755875884671858,5.550281635774197,0.30985546177739676,0.11715159383828304,256,12,0,14,0,0,0,14,14,0,0,0,0,0.0,0
malware,24d35d5da1d2f76292de0c6bc406fcc1108055eaaa0b54952cf8d9a49d0aea3e.ps1,data\raw\malware_bazaar\24d35d5da1d2f76292de0c6bc406fcc1108055eaaa0b54952cf8d9a49d0aea3e.ps1,9042,68,1,0,0,0,0.014705882352941176,script,0,1,0,0,0,0,0,0,0,0,1,6.145424472857353,6.152804566243304,0.9877239548772395,0.0,86,0,0,21,0,0,0,21,21,0,0,0,0,0.0,0
malware,24dbd4c441f3fd7184f77f46e5912d2be474112e0b44966fbd1ecb068c0c81b9.jar,data\raw\malware_bazaar\24dbd4c441f3fd7184f77f46e5912d2be474112e0b44966fbd1ecb068c0c81b9.jar,26975408,68,1,0,0,0,0.014705882352941176,archive,1,0,0,1,0,1,1,0,0,0,4263,7.991688518393979,7.863039161070317,0.37280881905474794,0.008957529020506382,256,0,0,594,2,0,0,594,596,0,0,0,0,0.0,0
malware,250179b1e83c518c5ebbb55e6bfaf038eb69f1fb5c7358d57be4203d89d001a9.pdf,data\raw\malware_bazaar\250179b1e83c518c5ebbb55e6bfaf038eb69f1fb5c7358d57be4203d89d001a9.pdf,38714,68,1,0,0,0,0.014705882352941176,document,0,0,0,0,0,1,1,0,0,0,1,5.675075864567432,6.559718567051655,0.41855659451361266,0.15030738234230512,256,5,1,0,0,0,0,0,0,0,0,0,0,0.0,0
malware,25849d134335eebf133618127915fdb98ed0ad47318f59234298a42156f64082.rtf,data\raw\malware_bazaar\25849d134335eebf133618127915fdb98ed0ad47318f59234298a42156f64082.rtf,5462850,68,1,0,0,0,0.014705882352941176,document,0,0,0,0,0,0,0,0,0,0,0,5.0332513014152,4.037269637091023,0.9977839406170772,0.0,86,1,0,129,0,0,0,129,129,0,0,0,0,0.0,0
malware,258c66d02c5b6c3abea28fbae7b30d67a35880c5b69f674ac1c37797846ab9d3.iso,data\raw\malware_bazaar\258c66d02c5b6c3abea28fbae7b30d67a35880c5b69f674ac1c37797846ab9d3.iso,19152896,68,0,0,0,0,0.014705882352941176,unknown,0,0,0,0,1,0,0,0,0,0,308,7.991235857908508,0.0,0.36912021033268283,0.011509277761441403,256,3,2,0,5,0,0,0,5,0,0,0,0,0.0,0
malware,258d4284668737bc7cab189eda70ef0476f2c9813e9dfd0f3dcf249a2cc64e19.rar,data\raw\malware_bazaar\258d4284668737bc7cab189eda70ef0476f2c9813e9dfd0f3dcf249a2cc64e19.rar,810601,68,1,0,0,0,0.014705882352941176,archive,0,0,0,1,0,1,1,0,0,0,9,7.999032173641847,4.589972565571575,0.3690064532365492,0.0046027577069359645,256,0,0,0,0,0,0,0,0,0,0,0,0,0.0,0
malware,25bae396bb0f3a311c390f63cefc4ca3e7163ba0667d9a310c0ef9d677bff08a.lnk,data\raw\malware_bazaar\25bae396bb0f3a311c390f63cefc4ca3e7163ba0667d9a310c0ef9d677bff08a.lnk,29633124,68,0,0,0,0,0.014705882352941176,unknown,0,0,0,0,1,0,0,0,0,0,7136,5.6425332628691125,5.168598469941325,0.9999604159183487,3.877417716741576e-05,100,0,0,1,0,0,0,1,1,0,0,0,0,0.0,0
malware,25cfc4923dc84e2152a9621350d33a5aa76a28186de813316b5a2b6cd7df0ddb.xlsx,data\raw\malware_bazaar\25cfc4923dc84e2152a9621350d33a5aa76a28186de813316b5a2b6cd7df0ddb.xlsx,3071637,69,1,0,0,0,0.014492753623188406,document,0,0,0,0,0,1,0,1,0,0,48,7.976030896851365,7.911861791317963,0.3795393140530603,0.0022453825110193685,256,0,0,1,1,0,0,1,2,0,0,0,0,0.0,0
malware,25e6a6bac0859c785063eed88c04cfbb1c30613c9b549d846d43d1920db172e9.apk,data\raw\malware_bazaar\25e6a6bac0859c785063eed88c04cfbb1c30613c9b549d846d43d1920db172e9.apk,10353470,68,1,0,0,0,0.014705882352941176,archive,1,0,0,1,0,1,0,1,0,0,322,7.996400195734272,4.425531804451049,0.3676575099942338,0.007695294427858486,256,1,0,34,0,0,0,34,34,0,0,0,0,0.0,0
malware,26151e6df5ac089a79eecf4032e375e51d50b319ed671c1dadec522a945c9264.pdf,data\raw\malware_bazaar\26151e6df5ac089a79eecf4032e375e51d50b319ed671c1dadec522a945c9264.pdf,53710,68,1,0,0,0,0.014705882352941176,document,0,0,0,0,0,1,1,0,0,0,1,4.576994882014906,5.614993999655495,0.2440513870787563,0.2257680134053249,256,7,1,1,1,0,0,1,2,0,0,0,0,0.0,0
malware,26a28dac52985b93c1d6d962cf819c1efec38768d67cf18c12e27326f0c440dc.iso,data\raw\malware_bazaar\26a28dac52985b93c1d6d962cf819c1efec38768d67cf18c12e27326f0c440dc.iso,1398784,68,0,0,0,0,0.014705882352941176,unknown,0,0,0,0,1,0,0,0,0,0,13,5.718145220837018,0.0,0.21921683405014641,0.4059854845351391,256,0,1,0,0,0,0,0,0,0,0,0,0,0.0,0
malware,26c29ccd6820d079b58d2653aab5b7a6c8740666d1d1e81718a689047e43da02.html,data\raw\malware_bazaar\26c29ccd6820d079b58d2653aab5b7a6c8740666d1d1e81718a689047e43da02.html,149969,69,0,0,0,0,0.014492753623188406,unknown,0,0,0,0,1,0,0,0,0,0,0,4.941801476729297,5.025945290898778,0.9867105868546167,0.0,94,0,0,0,0,1,3,16,20,0,0,0,0,0.0,0
malware,271c6011f8ace0d95b279f2b4254427cab43a1af8e943c6eba000313d87107bd.rar,data\raw\malware_bazaar\271c6011f8ace0d95b279f2b4254427cab43a1af8e943c6eba000313d87107bd.rar,9088,68,1,0,0,0,0.014705882352941176,archive,0,0,0,1,0,1,1,0,0,0,0,7.977142417680547,5.225252985539471,0.37599031690140844,0.005171654929577465,256,0,0,0,0,0,0,0,0,0,0,0,0,0.0,0
malware,27610196c39a88b20330a41cb84090d54e6d38b97f9cf46bab435b59ec6003a2.php,data\raw\malware_bazaar\27610196c39a88b20330a41cb84090d54e6d38b97f9cf46bab435b59ec6003a2.php,28662,68,1,0,0,0,0.014705882352941176,script,0,1,0,0,0,0,0,0,0,0,8,5.680762871672944,5.739733290251714,1.0,0.0,78,0,0,1,0,0,0,2,2,0,0,0,0,0.0,0
malware,27cc24191592acbbb4108f1f947de3458922bd3212f0cd8d10b01e0f0f432f75.rtf,data\raw\malware_bazaar\27cc24191592acbbb4108f1f947de3458922bd3212f0cd8d10b01e0f0f432f75.rtf,391677,68,1,0,0,0,0.014705882352941176,document,0,0,0,0,0,0,0,0,0,0,0,4.857675929179471,4.845964132180595,0.9916614965903027,0.0,81,1,0,103,0,0,0,103,103,0,0,0,0,0.0,0
malware,27d657176b8217b7ac3cf5e38f49b8ff064dcd9fc25759e351ae014b015d35c7.xlsm,data\raw\malware_bazaar\27d657176b8217b7ac3cf5e38f49b8ff064dcd9fc25759e351ae014b015d35c7.xlsm,1143760,69,1,0,0,0,0.014492753623188406,document,0,0,1,0,0,1,1,0,0,0,179,7.987146836064687,7.879307080777437,0.37016594390431556,0.009122543190879205,256,0,0,1,0,0,0,1,1,0,0,0,0,0.0,0
malware,284cdb6ed51b1fe3a17a1f62b4f36ce83f28935f3fced506a8c0e6fc3a2cebc8.dll,data\raw\malware_bazaar\284cdb6ed51b1fe3a17a1f62b4f36ce83f28935f3fced506a8c0e6fc3a2cebc8.dll,1697792,68,1,0,0,0,0.014705882352941176,executable,1,0,0,0,0,1,1,0,0,0,1,6.37655687710648,4.368107612416682,0.37107843599215923,0.19233451447527142,256,0,0,3,0,0,0,3,3,0,0,0,0,0.0,0
malware,286c76b753c4a163d58b1933dcf0f7b41290a357e84c9e80ae56dd95cc16a189.js,data\raw\malware_bazaar\286c76b753c4a163d58b1933dcf0f7b41290a357e84c9e80ae56dd95cc16a189.js,73387,67,1,0,0,0,0.014925373134328358,script,0,1,0,0,0,0,0,0,0,0,1,4.223163869094634,4.801451348491893,0.9622003897147996,0.0,94,1,1,3,1,0,0,3,4,0,0,0,0,0.0,0
malware,28cca5da916a6a3090f1d20222cd3c3f3a9c8b3f734bc886b597f0ce7d463de9.php,data\raw\malware_bazaar\28cca5da916a6a3090f1d20222cd3c3f3a9c8b3f734bc886b597f0ce7d463de9.php,28653,68,1,0,0,0,0.014705882352941176,script,0,1,0,0,0,0,0,0,0,0,8,5.678741511924277,5.73168418916186,1.0,0.0,78,0,0,1,0,0,0,2,2,0,0,0,0,0.0,0
malware,2903d10543e021d3a00d8fd13f276fb2f6bceda6e4fdbe5db82d995c4c509494.lnk,data\raw\malware_bazaar\2903d10543e021d3a00d8fd13f276fb2f6bceda6e4fdbe5db82d995c4c509494.lnk,1931,68,0,0,0,0,0.014705882352941176,unknown,0,0,0,0,1,0,0,0,0,0,0,1.9843122928063972,1.9843122928063972,0.1258415328845158,0.8068358363542206,155,0,0,0,0,0,0,0,0,0,0,0,0,0.0,0
malware,290d41e7436238066a8aacbd63a805aeeefc00d8798116dc702eccf6df3eae37.dll,data\raw\malware_bazaar\290d41e7436238066a8aacbd63a805aeeefc00d8798116dc702eccf6df3eae37.dll,3880960,68,1,0,0,0,0.014705882352941176,executable,1,0,0,0,0,1,1,0,0,0,39,7.972510786786402,5.44638283203053,0.3814064046009235,0.006008822559366755,256,0,0,0,0,0,0,0,0,0,0,0,0,0.0,0
malware,29148aea579552e99c37fd916c64d1949bdc237935333d399d2597bff8fc5cf2.js,data\raw\malware_bazaar\29148aea579552e99c37fd916c64d1949bdc237935333d399d2597bff8fc5cf2.js,3125699,67,1,0,0,0,0.014925373134328358,script,0,1,0,0,0,0,0,0,0,0,1,5.059297138836057,3.9715350765592268,0.9989263201607065,0.0,89,0,0,2,1,0,0,2,3,0,0,0,0,0.0,0
malware,293addd95ca1a334d29be0732ea85f5a1c6dfcea9ac6fec3df3357438f682fa4.html,data\raw\malware_bazaar\293addd95ca1a334d29be0732ea85f5a1c6dfcea9ac6fec3df3357438f682fa4.html,111556,69,0,0,0,0,0.014492753623188406,unknown,0,0,0,0,1,0,0,0,0,0,0,5.359670450870592,5.3142110735858585,0.9623417834988706,0.0,116,21,0,0,0,0,0,0,0,0,0,0,0,0.0,0
malware,2a08a419280fd26a52357a1972ee4780715323a021a722e2ccda0904d01caaeb.lnk,data\raw\malware_bazaar\2a08a419280fd26a52357a1972ee4780715323a021a722e2ccda0904d01caaeb.lnk,1902,68,0,0,0,0,0.014705882352941176,unknown,0,0,0,0,1,0,0,0,0,0,0,4.471077863705753,4.471077863705753,0.3732912723449001,0.4747634069400631,186,0,0,0,2,0,0,0,2,0,0,0,0,0.0,0
malware,2af7b39252ff74e14f82aba9f3ff715a2c3425c1ef5eda97e3b9712937d1062a.docx,data\raw\malware_bazaar\2af7b39252ff74e14f82aba9f3ff715a2c3425c1ef5eda97e3b9712937d1062a.docx,135385,69,1,0,0,0,0.014492753623188406,document,0,0,0,0,0,1,1,0,0,0,21,7.882152412987875,7.81947747075652,0.36215238024891977,0.007201684086124756,256,0,0,0,0,0,0,0,0,0,0,0,0,0.0,0
malware,2afdfc9ca961189ff814fa7b521a4e56f4ebfc57df643c5cd2f34d5352969c0b.wsf,data\raw\malware_bazaar\2afdfc9ca961189ff814fa7b521a4e56f4ebfc57df643c5cd2f34d5352969c0b.wsf,2442,68,0,0,0,0,0.014705882352941176,unknown,0,0,0,0,1,0,0,0,0,0,1,5.826540696765127,5.826540696765127,0.9721539721539721,0.0,74,0,0,1,0,0,0,1,1,0,0,0,0,0.0,0
malware,2affd57658a38957474622b9893f3f30bf84da1dc10892c94a44acf96005dfd9.wsf,data\raw\malware_bazaar\2affd57658a38957474622b9893f3f30bf84da1dc10892c94a44acf96005dfd9.wsf,57924,68,0,0,0,0,0.014705882352941176,unknown,0,0,0,0,1,0,0,0,0,0,0,5.127768708009412,5.0108287221578625,0.029763137904840826,0.0,104,1,0,0,1,0,0,0,1,0,0,0,0,0.0,0
malware,2b0f5546b026f1b961571048572b0b9ec5adb52442746c96e9bf787a2bb7ec5d.xlsm,data\raw\malware_bazaar\2b0f5546b026f1b961571048572b0b9ec5adb52442746c96e9bf787a2bb7ec5d.xlsm,229376,69,1,0,0,0,0.014492753623188406,document,0,0,1,0,0,1,1,0,0,0,15,7.918888408289364,6.125617097499567,0.3646458217075893,0.016771589006696428,256,0,0,0,0,0,0,0,0,0,0,0,0,0.0,0
malware,2b1a87cc1f95d6d79ba39d26a6b6b918c5b7359569ca1b71aa1d4c7233d4201c.rtf,data\raw\malware_bazaar\2b1a87cc1f95d6d79ba39d26a6b6b918c5b7359569ca1b71aa1d4c7233d4201c.rtf,191648,68,1,0,0,0,0.014705882352941176,document,0,0,0,0,0,0,0,0,0,0,0,2.4851611656728436,5.816467189589298,0.371864042411087,0.0,100,0,0,2,0,0,0,2,2,0,0,0,0,0.0,0
malware,2b27254fc815f9d286a531433e62f8735cf8fce15b90a73505a85c68aafe4da5.hta,data\raw\malware_bazaar\2b27254fc815f9d286a531433e62f8735cf8fce15b90a73505a85c68aafe4da5.hta,11947,68,0,0,0,0,0.014705882352941176,unknown,0,0,0,0,1,0,0,0,0,0,0,5.544461694809611,4.987490004251092,0.9874445467481376,0.0,92,2,0,0,0,0,0,0,0,0,0,0,0,0.0,0
malware,2b4975f71bb6e589bb6b1c23296b530ad798fedbdf392f58e69818d334a45273.img,data\raw\malware_bazaar\2b4975f71bb6e589bb6b1c23296b530ad798fedbdf392f58e69818d334a45273.img,5576704,68,0,0,0,0,0.014705882352941176,unknown,0,0,0,0,1,0,0,0,0,0,50,6.6813550577189575,0.0,0.32761089704599705,0.20490884938486964,256,86,11,134,2,0,0,134,136,0,0,0,0,0.0,0
malware,2b4f71088b02ab4123f286a9f59629e39044c8ab5f14b931cba1b49fe03f5aa8.rtf,data\raw\malware_bazaar\2b4f71088b02ab4123f286a9f59629e39044c8ab5f14b931cba1b49fe03f5aa8.rtf,103370,68,1,0,0,0,0.014705882352941176,document,0,0,0,0,0,0,0,0,0,0,0,2.9551651730987647,5.856362731289522,0.3613137273870562,0.0,100,0,0,2,0,0,0,2,2,0,0,0,0,0.0,0
malware,2b708addd75ec3ca541895cd2c417fc216e84b42ca96f785a6d2deeb3e59af5f.pdf,data\raw\malware_bazaar\2b708addd75ec3ca541895cd2c417fc216e84b42ca96f785a6d2deeb3e59af5f.pdf,1995,68,1,0,0,0,0.014705882352941176,document,0,0,0,0,0,1,1,0,0,0,0,5.903829502506617,5.992888658428097,0.8521303258145363,0.0456140350877193,147,4,0,0,0,0,0,0,0,0,0,0,0,0.0,0
malware,2b950d58b52546b521f721d8c45a69eb4d7cf5859861c1d934070ee26ab95e0e.docx,data\raw\malware_bazaar\2b950d58b52546b521f721d8c45a69eb4d7cf5859861c1d934070ee26ab95e0e.docx,356210,69,1,0,0,0,0.014492753623188406,document,0,0,0,0,0,1,1,0,0,0,21,7.975022537299993,7.82949981477261,0.3688582577692934,0.004758429016591337,256,0,0,0,0,0,0,0,0,0,0,0,0,0.0,0
malware,2baf29bfe608d86ebe253729c380fcc533b18fee19db778c63179340289979e5.doc,data\raw\malware_bazaar\2baf29bfe608d86ebe253729c380fcc533b18fee19db778c63179340289979e5.doc,3981,68,1,0,0,0,0.014705882352941176,document,0,0,0,0,0,0,0,0,0,0,0,4.826783568004919,5.922634962753825,0.9974880683245416,0.0,70,0,0,3,0,0,0,3,3,0,0,0,0,0.0,0
malware,2bbcbc88d04615079fa17708c62f07ccb138c19bb9ed78ae43f9172cd91931ba.rtf,data\raw\malware_bazaar\2bbcbc88d04615079fa17708c62f07ccb138c19bb9ed78ae43f9172cd91931ba.rtf,672755,68,1,0,0,0,0.014705882352941176,document,0,0,0,0,0,0,0,0,0,0,0,4.545710092621266,4.813524023320921,0.9941360525005388,0.0,73,0,1,3816,0,0,0,3816,3816,0,0,0,0,0.0,0
malware,2bcd2424b5c74bcfcda5aadfbcede3ad623e092ef7c725832d8950e79d3e2b51.chm,data\raw\malware_bazaar\2bcd2424b5c74bcfcda5aadfbcede3ad623e092ef7c725832d8950e79d3e2b51.chm,514671,68,0,0,0,0,0.014705882352941176,unknown,0,0,0,0,1,0,0,0,0,0,11,7.977404528909918,1.9489419108200776,0.36477866442834356,0.0189499699808227,256,0,0,0,0,0,0,0,0,0,0,0,0,0.0,0
malware,2bdb865c80afc6f8eac8747cefd827954b072db11f24054d71e7cb2cc5890a07.rar,data\raw\malware_bazaar\2bdb865c80afc6f8eac8747cefd827954b072db11f24054d71e7cb2cc5890a07.rar,1058973,68,1,0,0,0,0.014705882352941176,archive,0,0,0,1,0,1,1,0,0,0,17,7.997543384130275,5.046569531114783,0.3769510648524561,0.0042399570149569445,256,0,0,0,0,0,0,0,0,0,0,0,0,0.0,0
malware,2c132f6be7d33439a4926d044901478baa0ca9d12e2d8af2142712e892e1494e.html,data\raw\malware_bazaar\2c132f6be7d33439a4926d044901478baa0ca9d12e2d8af2142712e892e1494e.html,195118,69,0,0,0,0,0.014492753623188406,unknown,0,0,0,0,1,0,0,0,0,0,0,5.114334067676096,5.110178041796912,0.9811293678696994,0.0,91,0,0,0,0,1,0,3,4,0,0,0,0,0.0,0
malware,2c1d5504ad9484383bbfc58fd026f5f1ae8869c95803c4110a77b54ad3adf8a0.vbs,data\raw\malware_bazaar\2c1d5504ad9484383bbfc58fd026f5f1ae8869c95803c4110a77b54ad3adf8a0.vbs,1210,68,1,0,0,0,0.014705882352941176,script,0,1,0,0,0,0,0,0,0,0,0,5.439967926293092,5.439967926293092,0.9487603305785124,0.0,74,1,0,1,3,0,0,1,4,0,0,0,0,0.0,0
malware,2c7b07427ba76f722d659ec384cffb7b86a9ff1a1aba8cb8375513512c3c43bd.ps1,data\raw\malware_bazaar\2c7b07427ba76f722d659ec384cffb7b86a9ff1a1aba8cb8375513512c3c43bd.ps1,736,68,1,0,0,0,0.014705882352941176,script,0,1,0,0,0,0,0,0,0,0,0,5.406528720336952,5.406528720336952,0.9592391304347826,0.0,74,1,0,0,1,0,0,0,1,0,0,0,0,0.0,0
malware,2cb9671d54e85c9b732c29cfead3ffdf8aedac8eda8ab58813e97a148e05edd6.pdf,data\raw\malware_bazaar\2cb9671d54e85c9b732c29cfead3ffdf8aedac8eda8ab58813e97a148e05edd6.pdf,1675436,68,1,0,0,0,0.014705882352941176,document,0,0,0,0,0,1,1,0,0,0,49,7.506592045831547,7.672123978879761,0.6119601106816375,0.0025074070271857594,256,270,1,25,0,0,0,25,25,0,0,0,0,0.0,0
malware,2cdedb9e87b19f3da82e49563e2f3ca9b1e9f4e195a89b2e60e24e380261e2ef.xlsm,data\raw\malware_bazaar\2cdedb9e87b19f3da82e49563e2f3ca9b1e9f4e195a89b2e60e24e380261e2ef.xlsm,2220315,69,1,0,0,0,0.014492753623188406,document,0,0,1,0,0,1,1,0,0,0,44,7.904760793060385,6.196685744343418,0.34402686105349917,0.002217252957350646,256,0,0,0,0,0,0,0,0,0,0,0,0,0.0,0
malware,2d84255d9842928cf7d7d198475842718e2acf6fd6caea4858096d0c232c4ee3.xls,data\raw\malware_bazaar\2d84255d9842928cf7d7d198475842718e2acf6fd6caea4858096d0c232c4ee3.xls,1038336,68,1,0,0,0,0.014705882352941176,document,0,0,0,0,0,0,0,0,0,0,18,7.880157956533285,1.5119429031338771,0.36163631040433925,0.04619506595167653,256,2,0,1,0,0,0,1,1,0,0,0,0,0.0,0
malware,2daef9d7a53cd48acfd11a2a72e00bbd5128a5f18e849d9fce693edf1f84a473.doc,data\raw\malware_bazaar\2daef9d7a53cd48acfd11a2a72e00bbd5128a5f18e849d9fce693edf1f84a473.doc,184865,68,1,0,0,0,0.014705882352941176,document,0,0,0,0,0,1,0,1,0,0,30,7.990707991147802,7.4788785732565515,0.36735996538014226,0.0074378600600438155,256,0,0,0,0,0,0,0,0,0,0,0,0,0.0,0
malware,2db48c9a876657054c95680c5368b2df5f5e29567896dc98a54a9b6c444a7242.ps1,data\raw\malware_bazaar\2db48c9a876657054c95680c5368b2df5f5e29567896dc98a54a9b6c444a7242.ps1,90686,68,1,0,0,0,0.014705882352941176,script,0,1,0,0,0,0,0,0,0,0,9,5.439090028752613,5.899922213544313,0.9849921707871115,0.0,81,0,0,211,0,0,0,211,211,0,0,0,0,0.0,0
malware,2e09605fa2efa85a78d09dcd10c93066a8b59bc4c298afc641a9458d9eef33b1.apk,data\raw\malware_bazaar\2e09605fa2efa85a78d09dcd10c93066a8b59bc4c298afc641a9458d9eef33b1.apk,3751253,68,1,0,0,0,0.014705882352941176,archive,1,0,0,1,0,1,1,0,0,0,820,7.626711686220451,6.713287189208028,0.35498991936827506,0.0655930165200801,256,0,0,0,1,0,0,0,1,0,0,0,0,0.0,0
malware,2e2ebc403a78c1066ecbbdd41e0ae03349ffa28009a1de41d8451d7576c093ba.cmd,data\raw\malware_bazaar\2e2ebc403a78c1066ecbbdd41e0ae03349ffa28009a1de41d8451d7576c093ba.cmd,10982615,68,1,0,0,0,0.014705882352941176,script,0,1,0,0,0,0,0,0,0,0,546,5.503192367396933,5.835783933572588,0.987003004293604,0.0,81,0,1,59320,1,0,0,59320,59321,0,0,0,0,0.0,0
malware,2e302f81ee0d3b092cd8e08c80a9c26a584e05d117da424487b3118f946a295d.xls,data\raw\malware_bazaar\2e302f81ee0d3b092cd8e08c80a9c26a584e05d117da424487b3118f946a295d.xls,576000,68,1,0,0,0,0.014705882352941176,document,0,0,0,0,0,0,0,0,0,0,25,7.955937155088981,1.2136941097202285,0.3623871527777778,0.02565625,256,0,0,0,0,0,0,0,0,0,0,0,0,0.0,0
malware,2ec69e39c687d3c71a31b55d3820dfe084660a85482246660b1efabbf9a5c884.img,data\raw\malware_bazaar\2ec69e39c687d3c71a31b55d3820dfe084660a85482246660b1efabbf9a5c884.img,1499136,68,0,0,0,0,0.014705882352941176,unknown,0,0,0,0,1,0,0,0,0,0,27,5.745299042434797,0.0,0.2390290140454235,0.3990992144808743,256,9,1,2,0,0,0,2,2,0,0,0,0,0.0,0
malware,2f0c9769b87d4fdf1afb041cda237e3615694395e854ffe99fd24d93d6e4db39.html,data\raw\malware_bazaar\2f0c9769b87d4fdf1afb041cda237e3615694395e854ffe99fd24d93d6e4db39.html,196313,69,0,0,0,0,0.014492753623188406,unknown,0,0,0,0,1,0,0,0,0,0,0,5.0971379421518455,5.002014124400765,0.9812442375186564,0.0,92,0,0,0,0,1,0,4,5,0,0,0,0,0.0,0
malware,2f556e9e41d44c1fc81f6ee367ed825d5a9060565dabac487896c181cea25cb9.js,data\raw\malware_bazaar\2f556e9e41d44c1fc81f6ee367ed825d5a9060565dabac487896c181cea25cb9.js,16935532,67,1,0,0,0,0.014925373134328358,script,0,1,0,0,0,1,0,1,0,0,0,5.013314378798346,4.09079288918662,0.2657086296432849,0.06047575003843989,119,0,0,0,0,0,0,0,0,0,0,0,0,0.0,0
malware,2f69a2c253e6ed608a67814ee0d0624e0e0ffb2aeefe40ab0ef7f433a9775fcc.doc,data\raw\malware_bazaar\2f69a2c253e6ed608a67814ee0d0624e0e0ffb2aeefe40ab0ef7f433a9775fcc.doc,75958,68,1,0,0,0,0.014705882352941176,document,0,0,0,0,0,1,0,1,0,0,22,7.983171712097351,7.485865781329318,0.37013876089417835,0.012757049948655836,256,0,0,0,0,0,0,0,0,0,0,0,0,0.0,0
malware,2fcbcdc32f4a691796a5a464010fe930907311246a396d8546ac8fbf18283bb5.chm,data\raw\malware_bazaar\2fcbcdc32f4a691796a5a464010fe930907311246a396d8546ac8fbf18283bb5.chm,17123919,68,0,0,0,0,0.014705882352941176,unknown,0,0,0,0,1,0,0,0,0,0,240,7.999871962771376,2.449824487764236,0.37060937978041125,0.004719363598951852,256,0,0,0,0,0,0,0,0,0,0,0,0,0.0,0
malware,2ff2e74e466cf2c1a230ecebdb3049225d5978c8330e0f601ccf02d53a76b578.xlsm,data\raw\malware_bazaar\2ff2e74e466cf2c1a230ecebdb3049225d5978c8330e0f601ccf02d53a76b578.xlsm,641360,69,1,0,0,0,0.014492753623188406,document,0,0,1,0,0,1,1,0,0,0,88,7.98231494658675,6.216800384035203,0.36272452288886115,0.012972433578645378,256,0,0,0,0,0,0,0,0,0,0,0,0,0.0,0
malware,30645a2d67fa10cb7b6034ea8c5c3198a2d2e255422486893e802b075d5846f4.chm,data\raw\malware_bazaar\30645a2d67fa10cb7b6034ea8c5c3198a2d2e255422486893e802b075d5846f4.chm,2772071,68,0,0,0,0,0.014705882352941176,unknown,0,0,0,0,1,0,0,0,0,0,35,7.995507759247404,1.8713246161937338,0.3655894816546907,0.006820171633410544,256,0,0,0,0,0,0,0,0,0,0,0,0,0.0,0
malware,31f516e73bbfec32a1d89829e684434469ce105770e50d715fcfe86e7a2cf4d5.chm,data\raw\malware_bazaar\31f516e73bbfec32a1d89829e684434469ce105770e50d715fcfe86e7a2cf4d5.chm,1727289,68,0,0,0,0,0.014705882352941176,unknown,0,0,0,0,1,0,0,0,0,0,23,7.994272406683158,1.872965747276468,0.36496035116300746,0.00892612643280887,256,0,0,0,0,0,0,0,0,0,0,0,0,0.0,0
malware,323e21617e3105b2fe34e892fc3c68ccb9e94bcdce5a089d1403302500b1f63c.php,data\raw\malware_bazaar\323e21617e3105b2fe34e892fc3c68ccb9e94bcdce5a089d1403302500b1f63c.php,66110,68,1,0,0,0,0.014705882352941176,script,0,1,0,0,0,0,0,0,0,0,0,5.5282885275766995,5.631236589095062,0.9214188473755861,0.0,96,3,0,14,2,11,0,19,63,0,0,0,0,0.0,0
malware,3282dbf15f9def23fc6cfbb5a303bc883f28913f6a680e25504dfcfdcd64e09b.chm,data\raw\malware_bazaar\3282dbf15f9def23fc6cfbb5a303bc883f28913f6a680e25504dfcfdcd64e09b.chm,12476330,68,0,0,0,0,0.014705882352941176,unknown,0,0,0,0,1,0,0,0,0,0,202,7.999439552843554,5.846393945356896,0.37205187743511114,0.005151835515732592,256,0,0,1,3,0,0,1,4,0,0,0,0,0.0,0
malware,32a962439ec0fb5559e494fe1ea6be039815d3c4c1cceb95b16dc123e5abde61.chm,data\raw\malware_bazaar\32a962439ec0fb5559e494fe1ea6be039815d3c4c1cceb95b16dc123e5abde61.chm,94101,68,0,0,0,0,0.014705882352941176,unknown,0,0,0,0,1,0,0,0,0,0,2,7.722322688757258,2.003562697611596,0.33746718950914445,0.08642841202537699,256,0,0,0,0,0,0,0,0,0,0,0,0,0.0,0
malware,32ead15908ca61088701ec6ee4c692658585746bafb52cce23c047d035fc91a5.bat,data\raw\malware_bazaar\32ead15908ca61088701ec6ee4c692658585746bafb52cce23c047d035fc91a5.bat,42030,68,1,0,0,0,0.014705882352941176,script,0,1,0,0,0,0,0,0,0,0,0,5.7049691013408665,5.619966294148392,0.9263859148227457,0.0,87,0,0,140,8,0,0,140,148,0,0,0,0,0.0,0
malware,32f7eefee64db549de9a1299ae677db39d34df0736d6bd3f1b69dcd1a67284a9.xls,data\raw\malware_bazaar\32f7eefee64db549de9a1299ae677db39d34df0736d6bd3f1b69dcd1a67284a9.xls,920576,68,1,0,0,0,0.014705882352941176,document,0,0,0,0,0,0,0,0,0,0,36,7.91697047384017,1.4508272698983766,0.3585342220522803,0.037169120203003336,256,2,0,1,0,0,0,1,1,0,0,0,0,0.0,0
malware,332391ec68edab889a4949a0b5642ed45041261c84d3c940d3d07b25316ec7ca.img,data\raw\malware_bazaar\332391ec68edab889a4949a0b5642ed45041261c84d3c940d3d07b25316ec7ca.img,1499136,68,0,0,0,0,0.014705882352941176,unknown,0,0,0,0,1,0,0,0,0,0,15,5.734836687627946,0.0,0.22119807675887979,0.39891777663934425,256,9,1,4,0,0,0,4,4,0,0,0,0,0.0,0
malware,33ec7a0269d517ba25751bf407391854f49d20f87e161271a049dae728a03a6b.iso,data\raw\malware_bazaar\33ec7a0269d517ba25751bf407391854f49d20f87e161271a049dae728a03a6b.iso,9502720,68,0,0,0,0,0.014705882352941176,unknown,0,0,0,0,1,0,0,0,0,0,0,2.8929280860427506,0.0,0.46817279684132546,0.5289815968480603,145,0,4,0,0,0,0,0,0,0,0,0,0,0.0,0
malware,3402d06e96bbb6854bdb08faab602b4be1049748dd078eac20728df371208f61.jar,data\raw\malware_bazaar\3402d06e96bbb6854bdb08faab602b4be1049748dd078eac20728df371208f61.jar,2502568,68,1,0,0,0,0.014705882352941176,archive,1,0,0,1,0,1,1,0,0,0,26,7.999912275750461,7.932078904470816,0.3708746375722857,0.004175710709958731,256,0,0,0,2,0,0,0,2,0,0,0,0,0.0,0
malware,3448f9c19e956d53f46bf3166707619e1b8516af8f800fac0f6b6987bc7961e0.hta,data\raw\malware_bazaar\3448f9c19e956d53f46bf3166707619e1b8516af8f800fac0f6b6987bc7961e0.hta,14133,68,0,0,0,0,0.014705882352941176,unknown,0,0,0,0,1,0,0,0,0,0,0,1.640310576091128,1.6367021400113533,0.1738484398216939,0.0,78,0,0,9,1,0,0,9,10,0,0,0,0,0.0,0
malware,3461afab8272ce85521811748177f5f3289b53c252ed5c8b98a0aec80892b321.hta,data\raw\malware_bazaar\3461afab8272ce85521811748177f5f3289b53c252ed5c8b98a0aec80892b321.hta,1095295,68,0,0,0,0,0.014705882352941176,unknown,0,0,0,0,1,0,0,0,0,0,1,5.583919367612835,5.562617882486863,0.48852866122825356,0.0,117,0,0,3,0,0,0,3,3,0,0,0,0,0.0,0
malware,34783b81201fe9f7a05428641b25be10a214a1d5adf9fb0b13185a52366e621b.xlsm,data\raw\malware_bazaar\34783b81201fe9f7a05428641b25be10a214a1d5adf9fb0b13185a52366e621b.xlsm,240417,69,1,0,0,0,0.014492753623188406,document,0,0,1,0,0,1,1,0,0,0,21,7.8824345143904795,6.196465946698586,0.3581901446237163,0.040758349035217974,256,7,0,0,0,0,0,0,0,0,0,0,0,0.0,0
malware,348a37d25804ce9ad85ad68685570bddebe1c00b31641010536cae0ff76865df.dll,data\raw\malware_bazaar\348a37d25804ce9ad85ad68685570bddebe1c00b31641010536cae0ff76865df.dll,1697792,68,1,0,0,0,0.014705882352941176,executable,1,0,0,0,0,1,1,0,0,0,27,6.470940718559328,4.547020843798594,0.3711173100120627,0.1510196773220748,256,0,0,3,0,0,0,3,3,0,0,0,0,0.0,0
malware,34bee5e03bcbce36925e833b9f147c1e58cbf796f9a3dbe8f1d6d22adc639920.vbs,data\raw\malware_bazaar\34bee5e03bcbce36925e833b9f147c1e58cbf796f9a3dbe8f1d6d22adc639920.vbs,301244,68,1,0,0,0,0.014705882352941176,script,0,1,0,0,0,0,0,0,0,0,0,4.038524340451695,4.037319734405477,0.9996813214537053,0.0,76,0,0,5,0,0,0,5,5,0,0,0,0,0.0,0
malware,34d2b7754d929cd5133c09ad56ad071371bcc53ea0f5e914102ed2981ebc5ca1.wsf,data\raw\malware_bazaar\34d2b7754d929cd5133c09ad56ad071371bcc53ea0f5e914102ed2981ebc5ca1.wsf,19776,68,0,0,0,0,0.014705882352941176,unknown,0,0,0,0,1,0,0,0,0,0,2,5.6543231433523085,5.587076941938832,0.9991909385113269,0.0,89,1,0,0,2,0,0,0,2,0,0,0,0,0.0,0
malware,35127aa9d124d28f1c039b6905cf4342a09abc3dbaf4223dd69d4e5d750c6cf2.js,data\raw\malware_bazaar\35127aa9d124d28f1c039b6905cf4342a09abc3dbaf4223dd69d4e5d750c6cf2.js,879969,67,1,0,0,0,0.014925373134328358,script,0,1,0,0,0,0,0,0,0,0,2997,4.5856007167545645,4.08867994251218,0.9983794883683402,0.0,93,0,0,1828,0,0,0,1832,1832,0,0,0,0,0.0,0
malware,351e85e1d8c673cf0818705a986102ff76ef82ba0b11f8db2574b77ac1232552.pdf,data\raw\malware_bazaar\351e85e1d8c673cf0818705a986102ff76ef82ba0b11f8db2574b77ac1232552.pdf,38564,68,1,0,0,0,0.014705882352941176,document,0,0,0,0,0,1,1,0,0,0,1,5.649082142744915,6.561752384189867,0.32177678664039,0.048127787573903125,256,5,1,0,0,0,0,0,0,0,0,0,0,0.0,0
malware,35922c347242ed888c6f47e1536f13156a6d67a323e736c6137736ad3006f3bd.xlsx,data\raw\malware_bazaar\35922c347242ed888c6f47e1536f13156a6d67a323e736c6137736ad3006f3bd.xlsx,219404,69,1,0,0,0,0.014492753623188406,document,0,0,0,0,0,1,1,0,0,0,24,7.9599452790233425,6.366982071189893,0.35650216039816957,0.02153561466518386,256,0,0,1,0,0,0,1,1,0,0,0,0,0.0,0
malware,35dfd49d00dbd9fdec834dcc8627738562e5a58717b72525cd21bb729cee4980.xls,data\raw\malware_bazaar\35dfd49d00dbd9fdec834dcc8627738562e5a58717b72525cd21bb729cee4980.xls,920576,68,1,0,0,0,0.014705882352941176,document,0,0,0,0,0,0,0,0,0,0,30,7.916840620530773,1.4508272698983766,0.35877537541713017,0.037201708495550614,256,2,0,1,0,0,0,1,1,0,0,0,0,0.0,0
malware,361fd82dba53c49c5f1cdfc1b3ca658339726a60a1e921ad52d437c0e62a6f85.bat,data\raw\malware_bazaar\361fd82dba53c49c5f1cdfc1b3ca658339726a60a1e921ad52d437c0e62a6f85.bat,16394,68,1,0,0,0,0.014705882352941176,script,0,1,0,0,0,0,0,0,0,0,0,5.33239666951871,5.401345059125954,0.9780407466146152,0.0,94,5,9,0,13,0,0,0,13,0,0,0,0,0.0,0
malware,36637ad6c4db081520b7811c5daf8fd63389c21f273884bceeb7aed1280ffdfc.ps1,data\raw\malware_bazaar\36637ad6c4db081520b7811c5daf8fd63389c21f273884bceeb7aed1280ffdfc.ps1,95006,68,1,0,0,0,0.014705882352941176,script,0,1,0,0,0,0,0,0,0,0,5,5.466944635568332,5.892779167564367,0.9426562532892659,0.0,82,0,0,212,0,0,0,212,212,0,0,0,0,0.0,0
malware,36664f0225595e160bc93b3e3891cb84bcaa21fe1653e6485dea0a0bc3bed97e.cmd,data\raw\malware_bazaar\36664f0225595e160bc93b3e3891cb84bcaa21fe1653e6485dea0a0bc3bed97e.cmd,1181,68,1,0,0,0,0.014705882352941176,script,0,1,0,0,0,0,0,0,0,0,0,5.293313325967053,5.293313325967053,0.9407281964436918,0.0,72,0,0,0,2,0,0,0,2,0,0,0,0,0.0,0
malware,36b86fc4dbfabc7de28b5e0293f378b72dbb2b5b5d25351c6ff125bc46e7079a.lnk,data\raw\malware_bazaar\36b86fc4dbfabc7de28b5e0293f378b72dbb2b5b5d25351c6ff125bc46e7079a.lnk,1036,68,0,0,0,0,0.014705882352941176,unknown,0,0,0,0,1,0,0,0,0,0,0,1.4970996275995945,1.4970996275995945,0.13706563706563707,0.8368725868725869,49,0,0,0,1,0,0,0,1,0,0,0,0,0.0,0
malware,36caf3ba9df00968517e783cc25747cb9e1b0c30124c1f6d75bf2341f98f4c7b.pdf,data\raw\malware_bazaar\36caf3ba9df00968517e783cc25747cb9e1b0c30124c1f6d75bf2341f98f4c7b.pdf,196929,68,1,0,0,0,0.014705882352941176,document,0,0,0,0,0,1,1,0,0,0,7,7.824139544815143,3.314170037659172,0.45824637305831034,0.015345632182157022,256,2,0,4,0,0,0,4,4,0,0,0,0,0.0,0
malware,36ef3a11514f39f0143155711a4ca40ec546031a675a94c3b65dbae2c6d86e52.apk,data\raw\malware_bazaar\36ef3a11514f39f0143155711a4ca40ec546031a675a94c3b65dbae2c6d86e52.apk,9673534,68,1,0,0,0,0.014705882352941176,archive,1,0,0,1,0,1,0,1,0,0,316,7.995770917889257,4.433849253533635,0.367503127605692,0.008077503009758378,256,1,0,34,1,0,0,34,35,0,0,0,0,0.0,0
malware,370497b3e639e4fb260ed0139b8ec18b2c12fe914cbc056976a4bd10fb8d4aea.bat,data\raw\malware_bazaar\370497b3e639e4fb260ed0139b8ec18b2c12fe914cbc056976a4bd10fb8d4aea.bat,176,68,1,0,0,0,0.014705882352941176,script,0,1,0,0,0,0,0,0,0,0,0,5.221185396721677,5.221185396721677,0.9772727272727273,0.0,51,1,1,0,1,0,0,0,1,0,0,0,0,0.0,0
malware,372fa1524bcf4bb658b87d830071be38826beafb3311cd73c3d0314433233a5c.ps1,data\raw\malware_bazaar\372fa1524bcf4bb658b87d830071be38826beafb3311cd73c3d0314433233a5c.ps1,9785,68,1,0,0,0,0.014705882352941176,script,0,1,0,0,0,0,0,0,0,0,4,6.156043201935381,6.148648207656782,0.9884517118037813,0.0,88,0,0,18,0,0,0,18,18,0,0,0,0,0.0,0
malware,37471064f64d444ae89f427a4609ffe9df59908316708f10e0de291fb4809dcd.rar,data\raw\malware_bazaar\37471064f64d444ae89f427a4609ffe9df59908316708f10e0de291fb4809dcd.rar,1923153,68,1,0,0,0,0.014705882352941176,archive,0,0,0,1,0,1,1,0,0,0,14,7.87556023438347,5.359069531114783,0.3302332159739761,0.002371106199038766,256,0,0,0,0,0,0,0,0,0,0,0,0,0.0,0
malware,3764f4b259a72b12422956f553eba62edc7a0b21cf628e839d24150e701e0a69.lnk,data\raw\malware_bazaar\3764f4b259a72b12422956f553eba62edc7a0b21cf628e839d24150e701e0a69.lnk,2690,68,0,0,0,0,0.014705882352941176,unknown,0,0,0,0,1,0,0,0,0,0,0,2.4650886103563594,2.4650886103563594,0.2631970260223048,0.7241635687732342,93,0,0,0,1,0,0,0,1,0,0,0,0,0.0,0
malware,37887878c4725592d59a8784102dcc5355d6303a42d048fab2fb6fce7cb5939d.rar,data\raw\malware_bazaar\37887878c4725592d59a8784102dcc5355d6303a42d048fab2fb6fce7cb5939d.rar,961557,68,1,0,0,0,0.014705882352941176,archive,0,0,0,1,0,1,1,0,0,0,11,7.998083824172111,5.363204882778696,0.36968479247720104,0.0031438593863910304,256,0,0,0,0,0,0,0,0,0,0,0,0,0.0,0
malware,379b41e3fd94f48d3f1756202fc4e702a98af4f01ca59b1be30cb3e31bc4b3ce.pdf,data\raw\malware_bazaar\379b41e3fd94f48d3f1756202fc4e702a98af4f01ca59b1be30cb3e31bc4b3ce.pdf,38587,68,1,0,0,0,0.014705882352941176,document,0,0,0,0,0,1,1,0,0,0,1,5.631085485748715,5.7793362128871175,0.33094047217974965,0.047969523414621504,256,2,0,0,0,0,0,0,0,0,0,0,0,0.0,0
malware,37efc89cf62826d0ee2ae9d2d085c93586e46374e771901e8c7430331f72b890.ps1,data\raw\malware_bazaar\37efc89cf62826d0ee2ae9d2d085c93586e46374e771901e8c7430331f72b890.ps1,218,68,1,0,0,0,0.014705882352941176,script,0,1,0,0,0,0,0,0,0,0,0,5.335547054775501,5.335547054775501,0.9541284403669725,0.0,56,1,0,1,0,0,0,1,1,0,0,0,0,0.0,0
malware,3863d6a80d72d9447a103772a9d3b75752bbcf4997c0ce6ae99c07678880466d.xls,data\raw\malware_bazaar\3863d6a80d72d9447a103772a9d3b75752bbcf4997c0ce6ae99c07678880466d.xls,1746432,68,1,0,0,0,0.014705882352941176,document,0,0,0,0,0,0,0,0,0,0,36,5.948249883955785,2.0346931695201,0.8248131046613896,0.09600717348284961,256,0,0,7166,0,0,0,7166,7166,0,0,0,0,0.0,0
malware,38912beea95850b26832e4656aeb0c1ea041350b15ce11e48dc6b67996bf9756.rtf,data\raw\malware_bazaar\38912beea95850b26832e4656aeb0c1ea041350b15ce11e48dc6b67996bf9756.rtf,3997204,68,1,0,0,0,0.014705882352941176,document,0,0,0,0,0,0,0,0,0,0,0,4.79130143459898,4.037269637091023,0.9954998543982243,0.0,85,1,0,6745,0,0,0,6745,6745,0,0,0,0,0.0,0
malware,38ac227c825ab5a013ac64a5167abef0e82210792e04d5ad2b8519b91bc0ad53.docm,data\raw\malware_bazaar\38ac227c825ab5a013ac64a5167abef0e82210792e04d5ad2b8519b91bc0ad53.docm,376730,69,1,0,0,0,0.014492753623188406,document,0,0,1,0,0,1,1,0,0,0,21,7.963159561105137,6.1982243769009395,0.37717197993257773,0.020717755421654768,256,7,0,1,0,0,0,1,1,0,0,0,0,0.0,0
malware,38c41cc8ae7a37a03db5919d8972d76fd7c8aced886fd25c1ef912927e5d8df6.wsf,data\raw\malware_bazaar\38c41cc8ae7a37a03db5919d8972d76fd7c8aced886fd25c1ef912927e5d8df6.wsf,75822,68,0,0,0,0,0.014705882352941176,unknown,0,0,0,0,1,0,0,0,0,0,0,5.094504579023391,5.14899326798965,0.9455698873677825,0.0,97,0,0,2,0,1,0,2,3,0,0,0,0,0.0,0
malware,38f6528d14eccac7905abc380c9de8b1f67766c15d2faaea8efc44d7b25c4b03.vbs,data\raw\malware_bazaar\38f6528d14eccac7905abc380c9de8b1f67766c15d2faaea8efc44d7b25c4b03.vbs,313360,68,1,0,0,0,0.014705882352941176,script,0,1,0,0,0,1,0,1,0,0,0,4.279815331012274,4.034070159645955,0.4959248149093694,0.48375670155731426,225,0,0,0,0,0,0,0,0,0,0,0,0,0.0,0
malware,390148f5157c0f6b337ff19d162c3c2ee3e6d782fdfbe11fb1e411c0684fd33b.doc,data\raw\malware_bazaar\390148f5157c0f6b337ff19d162c3c2ee3e6d782fdfbe11fb1e411c0684fd33b.doc,681472,68,1,0,0,0,0.014705882352941176,document,0,0,0,0,0,0,0,0,0,0,17,7.615565860617613,1.3178476515628326,0.3238093421299775,0.0871892021975958,256,7,0,1,1,0,0,1,2,0,0,0,0,0.0,0
malware,39362b9f41686b75857df9cb2566328faeba5b6723c30390f653111c7532ebe4.rtf,data\raw\malware_bazaar\39362b9f41686b75857df9cb2566328faeba5b6723c30390f653111c7532ebe4.rtf,4841085,68,1,0,0,0,0.014705882352941176,document,0,0,0,0,0,0,0,0,0,0,0,4.875936326748771,4.037269637091023,0.9981677661102831,0.0,86,1,0,2051,0,0,0,2051,2051,0,0,0,0,0.0,0
malware,39ac2c4015532e8b06bf54ecebe497ebf2652c1a55e67605fa0c2618c2735906.hta,data\raw\malware_bazaar\39ac2c4015532e8b06bf54ecebe497ebf2652c1a55e67605fa0c2618c2735906.hta,1048481,68,0,0,0,0,0.014705882352941176,unknown,0,0,0,0,1,0,0,0,0,0,0,5.498751857388562,5.478974476033779,0.46564601552150203,0.0,117,0,0,3,0,0,0,3,3,0,0,0,0,0.0,0
malware,39beb72c57d8bf5bac1ce0b0f97e69ba4f27f31e4df12e6ad53ffdf3ec9b65a6.wsf,data\raw\malware_bazaar\39beb72c57d8bf5bac1ce0b0f97e69ba4f27f31e4df12e6ad53ffdf3ec9b65a6.wsf,4030,68,0,0,0,0,0.014705882352941176,unknown,0,0,0,0,1,0,0,0,0,0,0,4.534762086655884,4.534762086655884,0.9816377171215881,0.0,70,0,0,1,0,0,0,1,1,0,0,0,0,0.0,0
malware,3a2584e9d358beacb1c65df6697c26e08d3bbd40febb1f4d94e3bc615b55a126.vbs,data\raw\malware_bazaar\3a2584e9d358beacb1c65df6697c26e08d3bbd40febb1f4d94e3bc615b55a126.vbs,5119905,68,1,0,0,0,0.014705882352941176,script,0,1,0,0,0,0,0,0,0,0,1185,6.030982948403282,0.031803565870704306,0.9997656206511645,0.0,88,0,0,774,0,0,0,774,774,0,0,0,0,0.0,0
malware,3a32b9a6450f39533580b5cbae649e5bdc966f56555ec662c7cd6c53668d20db.hta,data\raw\malware_bazaar\3a32b9a6450f39533580b5cbae649e5bdc966f56555ec662c7cd6c53668d20db.hta,14027,68,0,0,0,0,0.014705882352941176,unknown,0,0,0,0,1,0,0,0,0,0,0,1.4278585868649545,1.6353306581393163,0.9967919013331432,0.0,78,0,0,9,1,0,0,9,10,0,0,0,0,0.0,0
malware,3a59035ce30ac0f26bf49d3a0175e530812968614d3870099742258fb336ce6b.apk,data\raw\malware_bazaar\3a59035ce30ac0f26bf49d3a0175e530812968614d3870099742258fb336ce6b.apk,887767,68,1,0,0,0,0.014705882352941176,archive,1,0,0,1,0,1,1,0,0,0,573,7.3411369420806425,7.886732063020105,0.32015382414529936,0.12091686219469748,256,0,1,2,0,0,0,2,2,0,0,0,0,0.0,0
malware,3a76ebf22840e55487462ce0ad146f473033f1bd1b49aaae0aba8036a420e543.xlsm,data\raw\malware_bazaar\3a76ebf22840e55487462ce0ad146f473033f1bd1b49aaae0aba8036a420e543.xlsm,229369,69,1,0,0,0,0.014492753623188406,document,0,0,1,0,0,1,1,0,0,0,15,7.918661287720533,6.1241405980127706,0.36468746866403046,0.016785180211798457,256,0,0,0,0,0,0,0,0,0,0,0,0,0.0,0
malware,3a787a7b850b92a99d20f52747f1e13428039a149b7dd6295f6ca11995d88e0a.docm,data\raw\malware_bazaar\3a787a7b850b92a99d20f52747f1e13428039a149b7dd6295f6ca11995d88e0a.docm,1415774,69,1,0,0,0,0.014492753623188406,document,0,0,1,0,0,1,1,0,0,0,44,7.669504844482012,6.674087694772888,0.3567645683562489,0.03873499583973148,256,14,0,12,0,0,0,12,12,0,0,0,0,0.0,0
malware,3aa89c6ce9c39037c218719549735d5a3451f896683cf842bb03eea66bd8c6e5.img,data\raw\malware_bazaar\3aa89c6ce9c39037c218719549735d5a3451f896683cf842bb03eea66bd8c6e5.img,4544512,68,0,0,0,0,0.014705882352941176,unknown,0,0,0,0,1,0,0,0,0,0,30,6.575830150414265,0.0,0.3183921617986706,0.23739182556894997,256,0,10,126,1,1,0,126,128,0,0,0,0,0.0,0
malware,3aeef89c7a52c5cf90c94b874e53cf36bc1ea7ac599ebe7d0d0b63b10e2b971c.vbs,data\raw\malware_bazaar\3aeef89c7a52c5cf90c94b874e53cf36bc1ea7ac599ebe7d0d0b63b10e2b971c.vbs,890427,68,1,0,0,0,0.014705882352941176,script,0,1,0,0,0,0,0,0,0,0,0,5.4667953182224815,5.461851678570717,0.2607681483153588,0.0,119,0,0,3,0,0,0,3,3,0,0,0,0,0.0,0
malware,3afef6872b721b25349bd9083f46b61461c022eab3f46354ac92dff4a2a6b881.pdf,data\raw\malware_bazaar\3afef6872b721b25349bd9083f46b61461c022eab3f46354ac92dff4a2a6b881.pdf,146906,68,1,0,0,0,0.014705882352941176,document,0,0,0,0,0,1,1,0,0,0,3,7.437831122894414,4.804338368349731,0.3805222387104679,0.12478047186636353,256,1,1,3,0,0,0,3,3,0,0,0,0,0.0,0
malware,3b2981e34476ea28d555b8e8e18e625ad6e6ab5d60aff812f5cf2ab1ca8eb3fa.dll,data\raw\malware_bazaar\3b2981e34476ea28d555b8e8e18e625ad6e6ab5d60aff812f5cf2ab1ca8eb3fa.dll,7234024,68,1,0,0,0,0.014705882352941176,executable,1,0,0,0,0,1,1,0,0,0,8,6.034024261014344,2.71823929773168,0.44782240147392377,0.21309315534479842,256,8,0,2,2,1,0,2,5,0,0,0,0,0.0,0
malware,3b69050c148e6309a1e0b0f21c54cc3ee99da3c542e8f6d00fb3a93d6c7dcb21.img,data\raw\malware_bazaar\3b69050c148e6309a1e0b0f21c54cc3ee99da3c542e8f6d00fb3a93d6c7dcb21.img,1087488,68,0,0,0,0,0.014705882352941176,unknown,0,0,0,0,1,0,0,0,0,0,22,7.488794264787405,0.0,0.338979372645951,0.12137697151600753,256,9,1,2,0,0,0,2,2,0,0,0,0,0.0,0
malware,3bad577daf532110598df89dd26132ede4c7d23523beb50c073c63dfffa145e5.xlsx,data\raw\malware_bazaar\3bad577daf532110598df89dd26132ede4c7d23523beb50c073c63dfffa145e5.xlsx,674816,69,1,0,0,0,0.014492753623188406,document,0,0,0,0,0,0,0,0,0,0,25,7.942862803020313,2.8765612512966734,0.37365889368361155,0.026067846642640363,256,0,0,8,0,0,0,8,8,0,0,0,0,0.0,0
malware,3bbe762e3f4ce5fab8f092f006fb07f5096a8bf2929e208c4917059cef2d89ce.php,data\raw\malware_bazaar\3bbe762e3f4ce5fab8f092f006fb07f5096a8bf2929e208c4917059cef2d89ce.php,6414,68,1,0,0,0,0.014705882352941176,script,0,1,0,0,0,0,0,0,0,0,0,5.559978129617228,5.227700683083137,0.999532273152479,0.0,88,0,0,0,0,2,0,0,2,0,0,0,0,0.0,0
malware,3ca553dfb5611a67455f5702860232b5bc8cabf0eb396b726758096b2c42b7aa.bat,data\raw\malware_bazaar\3ca553dfb5611a67455f5702860232b5bc8cabf0eb396b726758096b2c42b7aa.bat,4941,68,1,0,0,0,0.014705882352941176,script,0,1,0,0,0,0,0,0,0,0,0,5.939099103639456,5.895225459707932,0.9995952236389395,0.0,89,0,0,15,1,0,0,15,16,0,0,0,0,0.0,0
malware,3cacc243b83d6c25233883bc10f2991c1e138d8a10a3774a682d15ab8c320a4b.bat,data\raw\malware_bazaar\3cacc243b83d6c25233883bc10f2991c1e138d8a10a3774a682d15ab8c320a4b.bat,1855947,68,1,0,0,0,0.014705882352941176,script,0,1,0,0,0,0,0,0,0,0,14,4.028221682002788,5.154786925639059,0.9690874793299593,0.0,79,0,0,1664,2,0,0,1664,1666,0,0,0,0,0.0,0
malware,3cb09154a839a5de6e8ef4a04a933b7362afb56cdc4e91368b237e9bcb1cd7b9.rtf,data\raw\malware_bazaar\3cb09154a839a5de6e8ef4a04a933b7362afb56cdc4e91368b237e9bcb1cd7b9.rtf,68027,68,1,0,0,0,0.014705882352941176,document,0,0,0,0,0,0,0,0,0,0,0,4.869064209498616,4.804507220512889,0.9918561747541418,0.0,75,1,0,77,0,0,0,77,77,0,0,0,0,0.0,0
malware,3ce4fa376ce828214a8f2740d3c3f548fea46676ec8652ff8ee960036500183b.rar,data\raw\malware_bazaar\3ce4fa376ce828214a8f2740d3c3f548fea46676ec8652ff8ee960036500183b.rar,2899,68,1,0,0,0,0.014705882352941176,archive,0,0,0,1,0,1,1,0,0,0,0,7.8618977431448345,5.19400298553947,0.36633321835115557,0.03311486719558469,256,0,0,0,0,0,0,0,0,0,0,0,0,0.0,0
malware,3dd4e4abfaddb0fa7756579f0b50e3905ed32ad871a8a7db4cd841ed8576ae2a.rtf,data\raw\malware_bazaar\3dd4e4abfaddb0fa7756579f0b50e3905ed32ad871a8a7db4cd841ed8576ae2a.rtf,5487794,68,1,0,0,0,0.014705882352941176,document,0,0,0,0,0,0,0,0,0,0,0,5.026227797298258,4.037269637091023,0.9977940134050222,0.0,86,1,0,129,0,0,0,129,129,0,0,0,0,0.0,0
malware,3e15be194c99f974e1124bf2877c24e67b0cbd7fc585f375916e7451e69251f1.img,data\raw\malware_bazaar\3e15be194c99f974e1124bf2877c24e67b0cbd7fc585f375916e7451e69251f1.img,1245184,68,0,0,0,0,0.014705882352941176,unknown,0,0,0,0,1,0,0,0,0,0,0,0.09649596281875315,0.0,0.005129362407483552,0.9936949077405428,219,0,4,0,0,0,0,0,0,0,0,0,0,0.0,0
malware,3e53c4efd8b57a7ff4b9d86ef3f32f340e9c7a54e3c2b58c8d32f1dc9afc753a.html,data\raw\malware_bazaar\3e53c4efd8b57a7ff4b9d86ef3f32f340e9c7a54e3c2b58c8d32f1dc9afc753a.html,133228,69,0,0,0,0,0.014492753623188406,unknown,0,0,0,0,1,0,0,0,0,0,0,4.925641482269903,5.184920754228089,0.9850406821388897,0.0,94,0,0,0,0,1,3,16,20,0,0,0,0,0.0,0
malware,3e6b5327d9d19cdcd8adf389b991cba090c49bd9f11d4909da89e19420c16b42.dll,data\raw\malware_bazaar\3e6b5327d9d19cdcd8adf389b991cba090c49bd9f11d4909da89e19420c16b42.dll,346112,68,1,0,0,0,0.014705882352941176,executable,1,0,0,0,0,1,1,0,0,0,2,6.362398205208419,5.689667447212598,0.27836942954881655,0.2019115199704142,256,2,0,1,11,0,0,1,12,0,0,0,0,0.0,0
malware,3ee30b097c1fde37017b99603fc0000312cabfd646c6165c9e56de06b13b9928.html,data\raw\malware_bazaar\3ee30b097c1fde37017b99603fc0000312cabfd646c6165c9e56de06b13b9928.html,9951,69,0,0,0,0,0.014492753623188406,unknown,0,0,0,0,1,0,0,0,0,0,0,5.846932701458563,5.865893176003458,0.9722640940608984,0.0,73,0,0,132,0,0,0,132,132,0,0,0,0,0.0,0
malware,3f5cb4f42afb4b77f5734d143e352b134f5825f4022eaeb5bdaf4b6e243d8fc3.rar,data\raw\malware_bazaar\3f5cb4f42afb4b77f5734d143e352b134f5825f4022eaeb5bdaf4b6e243d8fc3.rar,19455283,68,1,0,0,0,0.014705882352941176,archive,0,0,0,1,0,1,1,0,0,0,303,7.999948420519023,5.277114648336088,0.37167251691995434,0.003828266080734986,256,0,0,0,3,0,0,0,3,0,0,0,0,0.0,0
malware,3f78e34867be90fecdd3ec820f93a0befb9f786eb9479676f4c7bbc878ca1343.dll,data\raw\malware_bazaar\3f78e34867be90fecdd3ec820f93a0befb9f786eb9479676f4c7bbc878ca1343.dll,2516992,68,1,0,0,0,0.014705882352941176,executable,1,0,0,0,0,1,1,0,0,0,8,5.112892382999855,2.7063724996458745,0.34511671074043937,0.24956853259764036,256,0,0,0,0,0,0,0,0,0,0,0,0,0.0,0
malware,3f7ef9bab42d3524fa5748b408d92d8e860065b4262f7f957b9a6b440c8a428e.cmd,data\raw\malware_bazaar\3f7ef9bab42d3524fa5748b408d92d8e860065b4262f7f957b9a6b440c8a428e.cmd,5861384,68,1,0,0,0,0.014705882352941176,script,0,1,0,0,0,0,0,0,0,0,440,5.84932388040095,5.519533418523445,0.9536109560472407,0.0,95,0,190,870,1491,0,0,870,2361,0,0,0,0,0.0,0
malware,3f9c1112d0fbc05dbd8e22e510a215694944f8effaca8338aac6f894afdac809.xlsx,data\raw\malware_bazaar\3f9c1112d0fbc05dbd8e22e510a215694944f8effaca8338aac6f894afdac809.xlsx,746353,69,1,0,0,0,0.014492753623188406,document,0,0,0,0,0,1,0,1,0,0,27,7.998031101381665,7.895833002348367,0.37362347307507304,0.0033308635458020536,256,0,0,0,0,0,0,0,0,0,0,0,0,0.0,0
malware,3fb8fc157204246965601e5063343320eb6c5796cb20409f29b40ea58b90b6f4.dll,data\raw\malware_bazaar\3fb8fc157204246965601e5063343320eb6c5796cb20409f29b40ea58b90b6f4.dll,6145024,68,1,0,0,0,0.014705882352941176,executable,1,0,0,0,0,1,1,0,0,0,83,7.203909516492799,2.748075375143628,0.29790282348775204,0.18302353253624395,256,0,0,0,0,0,0,0,0,0,0,0,0,0.0,0
malware,406c33efa357e5b7f95257b7e34855ab44cfc3c7d93272d50d1e78a68a40fe11.bat,data\raw\malware_bazaar\406c33efa357e5b7f95257b7e34855ab44cfc3c7d93272d50d1e78a68a40fe11.bat,10553,68,1,0,0,0,0.014705882352941176,script,0,1,0,0,0,0,0,0,0,0,0,5.288836773406229,5.355111758087033,0.9772576518525538,0.0,92,3,5,0,6,0,0,0,6,0,0,0,0,0.0,0
malware,40b1019c2e7579b594807eaec0632d79294ff7b1c42706d2bc80a0e14a0d9126.jar,data\raw\malware_bazaar\40b1019c2e7579b594807eaec0632d79294ff7b1c42706d2bc80a0e14a0d9126.jar,719987,68,1,0,0,0,0.014705882352941176,archive,1,0,0,1,0,1,1,0,0,0,444,7.670302642144861,7.918772278489671,0.4459830524717807,0.06515812091051644,256,13,0,242,0,0,0,242,242,0,0,0,0,0.0,0
malware,410a5cbaabc1cdee003ac2fd1d6c1ca8b58c9eb75cd7c671dfa163653b5ae712.apk,data\raw\malware_bazaar\410a5cbaabc1cdee003ac2fd1d6c1ca8b58c9eb75cd7c671dfa163653b5ae712.apk,13783232,68,1,0,0,0,0.014705882352941176,archive,1,0,0,1,0,1,1,0,0,0,1234,6.540726344521156,7.88041431699535,0.3867421661334584,0.19371661160459316,256,6,1,2850,3,0,4,2850,2857,0,0,0,0,0.0,0
malware,415a2251f27ed7f9856775f551415f6ded1034ab37f71ddb5f2829bb6ef091ec.xlsm,data\raw\malware_bazaar\415a2251f27ed7f9856775f551415f6ded1034ab37f71ddb5f2829bb6ef091ec.xlsm,2225732,69,1,0,0,0,0.014492753623188406,document,0,0,1,0,0,1,1,0,0,0,43,7.903962916529676,6.188653262477275,0.34446824685092364,0.002186696331813534,256,0,0,0,0,0,0,0,0,0,0,0,0,0.0,0
malware,415ce6602e0497152674528dd3e4c580aa151127380d6582880a1ccea60f9e55.vbs,data\raw\malware_bazaar\415ce6602e0497152674528dd3e4c580aa151127380d6582880a1ccea60f9e55.vbs,15716,68,1,0,0,0,0.014705882352941176,script,0,1,0,0,0,0,0,0,0,0,0,5.413784706266324,5.3945435516011075,0.9671035886994146,0.0,88,0,0,72,0,0,0,72,72,0,0,0,0,0.0,0
malware,417406b7e03f1c125d48996a24d0224a013d396d1c5e3e82ff79a34fe5d14aaf.apk,data\raw\malware_bazaar\417406b7e03f1c125d48996a24d0224a013d396d1c5e3e82ff79a34fe5d14aaf.apk,2573619,68,1,0,0,0,0.014705882352941176,archive,1,0,0,1,0,1,1,0,0,0,915,7.462575839509419,7.906135234033804,0.33956424785486894,0.09219740761938733,256,0,0,0,0,0,0,0,0,0,0,0,0,0.0,0
malware,41986e5a10e7d708d74a8758a0dfc543fcaae48fe238a4b82194da0292338c14.rar,data\raw\malware_bazaar\41986e5a10e7d708d74a8758a0dfc543fcaae48fe238a4b82194da0292338c14.rar,111388,68,1,0,0,0,0.014705882352941176,archive,0,0,0,1,0,1,1,0,0,0,0,7.765025641627682,5.197123781480403,0.4188781556361547,0.014184651847595792,256,0,0,40,0,0,0,40,40,0,0,0,0,0.0,0
malware,419e29d350c8e4d3430a42243f088b75a9f0e663b93826ba17369fb03b9eae8c.iso,data\raw\malware_bazaar\419e29d350c8e4d3430a42243f088b75a9f0e663b93826ba17369fb03b9eae8c.iso,19341312,68,0,0,0,0,0.014705882352941176,unknown,0,0,0,0,1,0,0,0,0,0,295,7.993206419726843,0.0,0.37081791555815863,0.010129043986261119,256,3,2,1,3,0,0,1,4,0,0,0,0,0.0,0
malware,41a89f7aa20f39090bdae154194aa5108f222a654d0da8f56f98f6e8be86479e.vbs,data\raw\malware_bazaar\41a89f7aa20f39090bdae154194aa5108f222a654d0da8f56f98f6e8be86479e.vbs,15929050,68,1,0,0,0,0.014705882352941176,script,0,1,0,0,0,1,0,1,0,0,0,4.8962182676727455,4.672914265424763,0.2820343962759863,0.032437213769810506,118,0,0,0,0,0,0,0,0,0,0,0,0,0.0,0
malware,41a961e991957c8d23c7ed5c20ceddff9259cd77be8e9355b18fa582da180434.cmd,data\raw\malware_bazaar\41a961e991957c8d23c7ed5c20ceddff9259cd77be8e9355b18fa582da180434.cmd,286,68,1,0,0,0,0.014705882352941176,script,0,1,0,0,0,0,0,0,0,0,0,5.4305581112547605,5.4305581112547605,0.986013986013986,0.0,59,1,1,0,1,0,0,0,1,0,0,0,0,0.0,0
malware,41dbf613dcee7a04f45b051dcf493571469b00ab9db0c9305350505fb535e7e5.pdf,data\raw\malware_bazaar\41dbf613dcee7a04f45b051dcf493571469b00ab9db0c9305350505fb535e7e5.pdf,17180,68,1,0,0,0,0.014705882352941176,document,0,0,0,0,0,1,1,0,0,0,0,7.845912007024623,5.28375069035964,0.3862048894062864,0.04458672875436554,256,0,0,0,0,0,0,0,0,0,0,0,0,0.0,0
malware,420ab59a03b591cc1024218a80aa2a4b012fdd005c9ffe28c57ba17f9d93c6a2.7z,data\raw\malware_bazaar\420ab59a03b591cc1024218a80aa2a4b012fdd005c9ffe28c57ba17f9d93c6a2.7z,17938387,67,1,0,0,0,0.014925373134328358,archive,0,0,0,1,0,1,1,0,0,0,273,7.999991132492567,5.191024413893479,0.3713173319317952,0.0038889226773845386,256,0,0,0,0,0,0,0,0,0,0,0,0,0.0,0
malware,42255ff1914882e20ddb9116b521287dccd2bee944e056bc8f1bd1c2970299a6.xlsm,data\raw\malware_bazaar\42255ff1914882e20ddb9116b521287dccd2bee944e056bc8f1bd1c2970299a6.xlsm,2215144,69,1,0,0,0,0.014492753623188406,document,0,0,1,0,0,1,1,0,0,0,44,7.905056945337535,6.188303510966171,0.3444859566691827,0.0021894739123054755,256,0,0,0,0,0,0,0,0,0,0,0,0,0.0,0
malware,424d16cdbae8c830a8ad03a5eb1e95aaa3f4d6aba56748fcc2c7c79da83f79c1.apk,data\raw\malware_bazaar\424d16cdbae8c830a8ad03a5eb1e95aaa3f4d6aba56748fcc2c7c79da83f79c1.apk,9702115,68,1,0,0,0,0.014705882352941176,archive,1,0,0,1,0,1,0,1,0,0,311,7.9960226803505146,4.444635359955726,0.36774950616437757,0.007846845765072873,256,1,0,34,0,0,0,34,34,0,0,0,0,0.0,0
malware,4289cf7cdfe0063b2252e6cf609bf9dba38a7923a3c2db43ea2a821adaae7575.rtf,data\raw\malware_bazaar\4289cf7cdfe0063b2252e6cf609bf9dba38a7923a3c2db43ea2a821adaae7575.rtf,4621466,68,1,0,0,0,0.014705882352941176,document,0,0,0,0,0,0,0,0,0,0,0,4.934378337613281,4.037269637091023,0.9987627302678415,0.0,85,1,0,140,0,0,0,140,140,0,0,0,0,0.0,0
malware,42933b3047117a172ee0371e9946ff2d5d7c4ec67dbb26bc730c5c2858caf5ed.lnk,data\raw\malware_bazaar\42933b3047117a172ee0371e9946ff2d5d7c4ec67dbb26bc730c5c2858caf5ed.lnk,2735,68,0,0,0,0,0.014705882352941176,unknown,0,0,0,0,1,0,0,0,0,0,0,2.692253958515336,2.692253958515336,0.2230347349177331,0.7221206581352834,177,0,0,0,0,0,0,0,0,0,0,0,0,0.0,0
malware,42d6a30f6ccb7363cd86d6064996f99e087c30d7ecbafea92ebfbdf763949350.doc,data\raw\malware_bazaar\42d6a30f6ccb7363cd86d6064996f99e087c30d7ecbafea92ebfbdf763949350.doc,134152,68,1,0,0,0,0.014705882352941176,document,0,0,0,0,0,1,0,1,0,0,12,7.967011284819684,0.8793475411199696,0.36576420776432705,0.02259377422625082,256,0,0,0,0,0,0,0,0,0,0,0,0,0.0,0
malware,4378723bbaa2ae5af38272974f1f5e2987ab05bbf52c0a64edd56f027be19bcd.xlsm,data\raw\malware_bazaar\4378723bbaa2ae5af38272974f1f5e2987ab05bbf52c0a64edd56f027be19bcd.xlsm,145772,69,1,0,0,0,0.014492753623188406,document,0,0,1,0,0,1,1,0,0,0,12,7.940036296026994,6.19406935253,0.3474672776664929,0.018089893806766733,256,0,0,0,0,0,0,0,0,0,0,0,0,0.0,0
malware,43e6dda2af1193356b62650f3a2f7df89fd670daa60a9dd80e605cfe3b4cb53b.html,data\raw\malware_bazaar\43e6dda2af1193356b62650f3a2f7df89fd670daa60a9dd80e605cfe3b4cb53b.html,6279,69,0,0,0,0,0.014492753623188406,unknown,0,0,0,0,1,0,0,0,0,0,0,5.8885255118370905,5.899160508497965,0.9711737537824494,0.0,74,0,0,79,0,0,0,79,79,0,0,0,0,0.0,0
malware,43ec2662d839781bbd41eb59f40ce37b0e505bf836d31410bc944a19fe72d1fc.js,data\raw\malware_bazaar\43ec2662d839781bbd41eb59f40ce37b0e505bf836d31410bc944a19fe72d1fc.js,3100011,67,1,0,0,0,0.014925373134328358,script,0,1,0,0,0,0,0,0,0,0,1,5.066590733403441,3.9715350765592268,0.9989174231962402,0.0,89,0,0,2,1,0,0,2,3,0,0,0,0,0.0,0
malware,4410f324dca991979e4ae31c6c1656901c2b1ec1ba6b365455281ead88ed9946.docm,data\raw\malware_bazaar\4410f324dca991979e4ae31c6c1656901c2b1ec1ba6b365455281ead88ed9946.docm,118881,69,1,0,0,0,0.014492753623188406,document,0,0,1,0,0,1,1,0,0,0,15,7.864008305067294,6.164508113790088,0.34293957823369586,0.03937550996374526,256,0,0,0,0,0,0,0,0,0,0,0,0,0.0,0
malware,44727551f5b1365e1f208801cd02d00d380cf38a1d69a3c85006402122e3b268.docx,data\raw\malware_bazaar\44727551f5b1365e1f208801cd02d00d380cf38a1d69a3c85006402122e3b268.docx,245102,69,1,0,0,0,0.014492753623188406,document,0,0,0,0,0,1,1,0,0,0,23,7.971066795129287,7.797565787082976,0.36261638011929725,0.006915488245709949,256,0,0,0,0,0,0,0,0,0,0,0,0,0.0,0
malware,4488de9b8c97006d9784b08dd4d8d41de2473253dd4d58e93e8b2a68eb6a97db.rtf,data\raw\malware_bazaar\4488de9b8c97006d9784b08dd4d8d41de2473253dd4d58e93e8b2a68eb6a97db.rtf,123376,68,1,0,0,0,0.014705882352941176,document,0,0,0,0,0,0,0,0,0,0,0,3.1246031298490573,5.722450409319509,0.35992413435352094,0.0,100,0,0,2,0,0,0,2,2,0,0,0,0,0.0,0
malware,44bed371f56abd518f34edcf6e12d198964b53d169ba12ee637821335158aa95.bat,data\raw\malware_bazaar\44bed371f56abd518f34edcf6e12d198964b53d169ba12ee637821335158aa95.bat,3837,68,1,0,0,0,0.014705882352941176,script,0,1,0,0,0,1,0,1,0,0,0,4.8403444011526435,4.8403444011526435,0.9684649465728433,0.0,86,3,0,0,2,0,0,0,2,0,0,0,0,0.0,0
malware,44c735f51cf1f8da51f35c6a2a580f3422b77747357ac97619de9b43dd464edc.hta,data\raw\malware_bazaar\44c735f51cf1f8da51f35c6a2a580f3422b77747357ac97619de9b43dd464edc.hta,52668,68,0,0,0,0,0.014705882352941176,unknown,0,0,0,0,1,0,0,0,0,0,0,5.588403305990084,5.302761485865031,0.2331586542112858,0.0,117,0,0,4,0,0,0,4,4,0,0,0,0,0.0,0
malware,44ea1ffc89314eef5e7dc7ceb1e965feab1f1be2a7adca3bb40e3a974414fafe.docm,data\raw\malware_bazaar\44ea1ffc89314eef5e7dc7ceb1e965feab1f1be2a7adca3bb40e3a974414fafe.docm,26487,69,1,0,0,0,0.014492753623188406,document,0,0,1,0,0,1,1,0,0,0,13,7.681045082201778,6.193235025029009,0.345112696794654,0.09332880280892514,256,0,0,0,0,0,0,0,0,0,0,0,0,0.0,0
malware,44f589fd240736f97ceeb448eaabc90b8a234d7f1cd78b7ded2d62b47f9f2e13.xlsm,data\raw\malware_bazaar\44f589fd240736f97ceeb448eaabc90b8a234d7f1cd78b7ded2d62b47f9f2e13.xlsm,132839,69,1,0,0,0,0.014492753623188406,document,0,0,1,0,0,1,1,0,0,0,28,7.959147628602645,6.195883130539088,0.36841590195650376,0.025128162663073345,256,0,0,0,0,0,0,0,0,0,0,0,0,0.0,0
malware,44f9d5c684fb6f34465cd7593709a37cadb57aaf41430b0d043fa593e4faacab.apk,data\raw\malware_bazaar\44f9d5c684fb6f34465cd7593709a37cadb57aaf41430b0d043fa593e4faacab.apk,8775325,68,1,0,0,0,0.014705882352941176,archive,1,0,0,1,0,1,1,0,0,0,805,7.93106508170648,7.898624143662625,0.35581462794825264,0.018549170543541122,256,0,0,0,0,0,0,0,0,0,0,0,0,0.0,0
malware,454f585b6276a2bf24aeac35e4593b2ca6f94623e6eb111a24a6a7f862f0c708.iso,data\raw\malware_bazaar\454f585b6276a2bf24aeac35e4593b2ca6f94623e6eb111a24a6a7f862f0c708.iso,700416,68,0,0,0,0,0.014705882352941176,unknown,0,0,0,0,1,0,0,0,0,0,13,6.382337915131365,0.0,0.4039984809027778,0.2533108895285088,256,19,0,3,0,0,0,3,3,0,0,0,0,0.0,0
malware,4578bc4b0b5eab3ac6e38d71bc1a086593b118c8bb221161d3fd27c5f5d00ea6.doc,data\raw\malware_bazaar\4578bc4b0b5eab3ac6e38d71bc1a086593b118c8bb221161d3fd27c5f5d00ea6.doc,14282,68,1,0,0,0,0.014705882352941176,document,0,0,0,0,0,1,0,1,0,0,13,7.880878202783525,7.4117165800861,0.3863604537179667,0.04033048592634085,256,0,0,0,0,0,0,0,0,0,0,0,0,0.0,0
malware,4591d637db0c54a7081d4bc44d88fdd7d4a7914122a82a9f452e05b2f09bec18.doc,data\raw\malware_bazaar\4591d637db0c54a7081d4bc44d88fdd7d4a7914122a82a9f452e05b2f09bec18.doc,515584,68,1,0,0,0,0.014705882352941176,document,0,0,0,0,0,0,0,0,0,0,9,5.134753815488174,1.2171264392772436,0.32378817030784507,0.392384170183714,256,20,0,86,0,0,0,86,86,0,0,0,0,0.0,0
malware,45e12f7a550e1dee7065d6c5dfeb02c27d815f07e090fe24b130c5620a27fb85.chm,data\raw\malware_bazaar\45e12f7a550e1dee7065d6c5dfeb02c27d815f07e090fe24b130c5620a27fb85.chm,460822,68,0,0,0,0,0.014705882352941176,unknown,0,0,0,0,1,0,0,0,0,0,5,7.969286953449936,1.8470758191961323,0.36112642191562033,0.0215354301660945,256,0,0,1,1,0,0,1,2,0,0,0,0,0.0,0
malware,45ea96a958f4f2b2fe495daef883360d989f57c8c9470670fbf4c10ae3e6aff9.cmd,data\raw\malware_bazaar\45ea96a958f4f2b2fe495daef883360d989f57c8c9470670fbf4c10ae3e6aff9.cmd,3732,68,1,0,0,0,0.014705882352941176,script,0,1,0,0,0,0,0,0,0,0,0,6.020761914908085,6.020761914908085,1.0,0.0,94,0,0,14,1,0,0,14,15,0,0,0,0,0.0,0
malware,4638d898283a6541c0f01d0fa4a77f2b89fd27b8e92413c0c53b04bcb8cad9d1.bat,data\raw\malware_bazaar\4638d898283a6541c0f01d0fa4a77f2b89fd27b8e92413c0c53b04bcb8cad9d1.bat,115,68,1,0,0,0,0.014705882352941176,script,0,1,0,0,0,0,0,0,0,0,0,4.682878613010416,4.682878613010416,0.9304347826086956,0.0,33,1,0,0,0,0,0,0,0,0,0,0,0,0.0,0
malware,464fee5a6d85370e8764f0e682ef01cf2d9cef3efb7e4bbdf0146a94cc83ff4a.apk,data\raw\malware_bazaar\464fee5a6d85370e8764f0e682ef01cf2d9cef3efb7e4bbdf0146a94cc83ff4a.apk,12653931,68,1,0,0,0,0.014705882352941176,archive,1,0,0,1,0,1,0,1,0,0,344,7.9931517301891,7.866236017491965,0.375629201708149,0.00423520564479133,256,0,0,0,2,0,0,0,2,0,0,0,0,0.0,0
malware,4660e775ecf09ae48a0c19a0c02713ea49823ca71d179c2d0a67feb18aa10215.js,data\raw\malware_bazaar\4660e775ecf09ae48a0c19a0c02713ea49823ca71d179c2d0a67feb18aa10215.js,5112438,67,1,0,0,0,0.014925373134328358,script,0,1,0,0,0,0,0,0,0,0,5,5.822900229566384,3.889386931674584,0.9783899579809086,0.0,172,0,0,1,0,0,0,1,1,0,0,0,0,0.0,0
malware,46d6a21ae04d601b440ff13cff0caa2dbb3b7b6dbe2a378ea92266425dda5061.jar,data\raw\malware_bazaar\46d6a21ae04d601b440ff13cff0caa2dbb3b7b6dbe2a378ea92266425dda5061.jar,87686,68,1,0,0,0,0.014705882352941176,archive,1,0,0,1,0,1,1,0,0,0,14,7.991619541065106,7.938813420392232,0.3701160960700682,0.009408571493739023,256,0,0,0,0,0,0,0,0,0,0,0,0,0.0,0
malware,46e7c38344a335e4c6100799372959a12fc17781bee2352ef2797633b657bbb0.jar,data\raw\malware_bazaar\46e7c38344a335e4c6100799372959a12fc17781bee2352ef2797633b657bbb0.jar,835161,68,1,0,0,0,0.014705882352941176,archive,1,0,0,1,0,1,1,0,0,0,16,7.9981573652737925,7.859159509383105,0.3682798885484356,0.004332098840822309,256,0,0,6,0,0,0,6,6,0,0,0,0,0.0,0
malware,4731fe8a99de186f488db56241373fe0207a8740f179016cad6c970c9943b748.ps1,data\raw\malware_bazaar\4731fe8a99de186f488db56241373fe0207a8740f179016cad6c970c9943b748.ps1,600164,68,1,0,0,0,0.014705882352941176,script,0,1,0,0,0,0,0,0,0,0,131,6.016737453641854,5.934274097593537,0.9998167167640845,0.0,85,1,0,2,0,0,0,2,2,0,0,0,0,0.0,0
malware,4750c67455431d01ac505041e0e439c73afe57bd955ac323a51c96439fb4a748.lnk,data\raw\malware_bazaar\4750c67455431d01ac505041e0e439c73afe57bd955ac323a51c96439fb4a748.lnk,34048,68,0,0,0,0,0.014705882352941176,unknown,0,0,0,0,1,0,0,0,0,0,0,0.29515885141916776,1.8590365414965484,0.020177396616541353,0.977531719924812,107,0,0,0,1,0,0,0,1,0,0,0,0,0.0,0
malware,47b589605189793bba57129495dfa7367f79f9d6b366372386bb83ec991936a3.pdf,data\raw\malware_bazaar\47b589605189793bba57129495dfa7367f79f9d6b366372386bb83ec991936a3.pdf,38672,68,1,0,0,0,0.014705882352941176,document,0,0,0,0,0,1,1,0,0,0,1,5.640960545755815,5.541338586979194,0.33354882085229626,0.04783822920976417,256,2,0,1,1,0,0,1,2,0,0,0,0,0.0,0
malware,47f15ac1fc8d6a34849baa0f9baf679019d28470f4016bbaa58c68e0fea95f52.docx,data\raw\malware_bazaar\47f15ac1fc8d6a34849baa0f9baf679019d28470f4016bbaa58c68e0fea95f52.docx,936008,69,1,0,0,0,0.014492753623188406,document,0,0,0,0,0,1,1,0,0,0,36,7.98167622799649,7.7866360063214275,0.361955239698806,0.0036036016786181314,256,0,0,0,0,0,0,0,0,0,0,0,0,0.0,0
malware,4828e5ae7a7a82ad0fbcc3380cb9d7213a4cbd3ff2911ebb72c8520766d9010b.bat,data\raw\malware_bazaar\4828e5ae7a7a82ad0fbcc3380cb9d7213a4cbd3ff2911ebb72c8520766d9010b.bat,202933,68,1,0,0,0,0.014705882352941176,script,0,1,0,0,0,0,0,0,0,0,15,5.115453227959216,4.811809068436338,0.9999704335913824,0.0,84,0,0,1,1,0,0,1,2,0,0,0,0,0.0,0
malware,488a04dd1b79adde9860f84cdc3f0c3764d8c0e8b53c1506a73f2810796d0f56.wsf,data\raw\malware_bazaar\488a04dd1b79adde9860f84cdc3f0c3764d8c0e8b53c1506a73f2810796d0f56.wsf,44437,68,0,0,0,0,0.014705882352941176,unknown,0,0,0,0,1,0,0,0,0,0,4,5.781405925449564,5.642010025204153,0.9996399396898981,0.0,90,1,0,0,1,0,0,0,1,0,0,0,0,0.0,0
malware,489f30e58a4bd38d0707c7123967c8d62c35f80c0393f5d05d4c7ba3b12ae22d.ps1,data\raw\malware_bazaar\489f30e58a4bd38d0707c7123967c8d62c35f80c0393f5d05d4c7ba3b12ae22d.ps1,10864,68,1,0,0,0,0.014705882352941176,script,0,1,0,0,0,0,0,0,0,0,2,6.114170050983281,6.074376024046073,0.9920839469808542,0.0,85,0,0,104,0,0,0,104,104,0,0,0,0,0.0,0
malware,48a200216cdaa3eb89f8a53dff18616f9b9fe45ed8eda50f11a676375cc4c930.bat,data\raw\malware_bazaar\48a200216cdaa3eb89f8a53dff18616f9b9fe45ed8eda50f11a676375cc4c930.bat,3151522,68,1,0,0,0,0.014705882352941176,script,0,1,0,0,0,0,0,0,0,0,2,3.3057344849601416,6.680668747042785,0.9701912282382925,0.0,123,0,0,3,1,0,0,3,4,0,0,0,0,0.0,0
malware,4945914236b4a5d627aab874227938f10547f42d1db9f9f319a0bd36b89a9f38.ps1,data\raw\malware_bazaar\4945914236b4a5d627aab874227938f10547f42d1db9f9f319a0bd36b89a9f38.ps1,197,68,1,0,0,0,0.014705882352941176,script,0,1,0,0,0,0,0,0,0,0,0,5.270349169801582,5.270349169801582,0.9847715736040609,0.0,56,1,1,0,0,0,0,0,0,0,0,0,0,0.0,0
malware,495a5ef312cfd6d178b8426e0b65d6dd8d75bb21ca8e587de3d4f8dc293a8216.apk,data\raw\malware_bazaar\495a5ef312cfd6d178b8426e0b65d6dd8d75bb21ca8e587de3d4f8dc293a8216.apk,7314528,68,1,0,0,0,0.014705882352941176,archive,1,0,0,1,0,1,1,0,0,0,1155,7.557890826719797,7.927240148834738,0.34921993599587015,0.09388192922359447,256,0,0,1,1,0,0,1,2,0,0,0,0,0.0,0
malware,4965631c1118f6086d4dc753d5f1dcf529f6ea06152ec4fc64b73546529b746a.doc,data\raw\malware_bazaar\4965631c1118f6086d4dc753d5f1dcf529f6ea06152ec4fc64b73546529b746a.doc,155119,68,1,0,0,0,0.014705882352941176,document,0,0,0,0,0,1,0,1,0,0,15,7.901252481368309,7.3794986008881995,0.3749186108729427,0.00527981743048885,256,0,0,0,0,0,0,0,0,0,0,0,0,0.0,0
malware,496d17723897d32e41d985f65ee3b97058a09018fa8d29a75f91e4ec1104a10c.dll,data\raw\malware_bazaar\496d17723897d32e41d985f65ee3b97058a09018fa8d29a75f91e4ec1104a10c.dll,39424,68,1,0,0,0,0.014705882352941176,executable,1,0,0,0,0,1,1,0,0,0,0,5.803829227396481,4.5962719572711155,0.48133116883116883,0.2649908685064935,256,0,14,8,0,0,0,8,8,0,0,0,0,0.0,0
malware,49d21cbaa94b58c5d5a0db941a4171218d78ac5eabe99a31bda3a98c66a1e6c7.doc,data\raw\malware_bazaar\49d21cbaa94b58c5d5a0db941a4171218d78ac5eabe99a31bda3a98c66a1e6c7.doc,16965,68,1,0,0,0,0.014705882352941176,document,0,0,0,0,0,1,0,1,0,0,13,7.331006990723443,0.8754412911199696,0.33032714412024755,0.1587385794282346,256,0,0,0,0,0,0,0,0,0,0,0,0,0.0,0
malware,49dcc2374ce29f0296c2f0f185379639cd036dd451e2622a9694f26ad3f17b17.wsf,data\raw\malware_bazaar\49dcc2374ce29f0296c2f0f185379639cd036dd451e2622a9694f26ad3f17b17.wsf,669,68,0,0,0,0,0.014705882352941176,unknown,0,0,0,0,1,0,0,0,0,0,0,5.447801175314565,5.447801175314565,0.9551569506726457,0.0,65,0,0,0,0,0,0,0,0,0,0,0,0,0.0,0
malware,49eb1f8c8f049d2ba0e82b4907f85a3c7a0f1ea6898576aac149642352c9ad77.xls,data\raw\malware_bazaar\49eb1f8c8f049d2ba0e82b4907f85a3c7a0f1ea6898576aac149642352c9ad77.xls,672256,68,1,0,0,0,0.014705882352941176,document,0,0,0,0,0,0,0,0,0,0,23,7.883602415575413,1.2900235170169072,0.3553363599581112,0.04564332635186596,256,0,0,0,0,0,0,0,0,0,0,0,0,0.0,0
malware,4aa15aa4be81be3758ba84bf8620ce3aeed507fa8bf33e30a4843ca000c77db3.js,data\raw\malware_bazaar\4aa15aa4be81be3758ba84bf8620ce3aeed507fa8bf33e30a4843ca000c77db3.js,968667,67,1,0,0,0,0.014925373134328358,script,0,1,0,0,0,0,0,0,0,0,0,4.44131932750012,4.091636445434337,0.9988375778260228,0.0,91,0,0,468,0,0,0,472,472,0,0,0,0,0.0,0
malware,4aa30c6c7c26afe87dc491ebfa62bfac9505c19c28b8a8429ebafd3ce3c6499b.iso,data\raw\malware_bazaar\4aa30c6c7c26afe87dc491ebfa62bfac9505c19c28b8a8429ebafd3ce3c6499b.iso,9961472,68,0,0,0,0,0.014705882352941176,unknown,0,0,0,0,1,0,0,0,0,0,19,6.028682131119821,0.0,0.3036081414473684,0.2595564189710115,256,4,14,195,1531,0,0,195,1726,0,0,0,0,0.0,0
malware,4b09baa2ab153ae99d5de536b3b2c7a0e9e67f4a656694cfcbd12403cba6e01d.wsf,data\raw\malware_bazaar\4b09baa2ab153ae99d5de536b3b2c7a0e9e67f4a656694cfcbd12403cba6e01d.wsf,210615,68,0,0,0,0,0.014705882352941176,unknown,0,0,0,0,1,0,0,0,0,0,6,5.407403183199402,5.425941035356598,0.9999240320015194,0.0,90,3,0,0,5,0,0,0,5,0,0,0,0,0.0,0
malware,4b6570b9e8158241f7201ada7e7a7b49a9c8e41e0386a012677b4e5660c38908.chm,data\raw\malware_bazaar\4b6570b9e8158241f7201ada7e7a7b49a9c8e41e0386a012677b4e5660c38908.chm,999550,68,0,0,0,0,0.014705882352941176,unknown,0,0,0,0,1,0,0,0,0,0,19,7.989822573627319,1.8471432865946966,0.365146315842129,0.011775298884498023,256,0,0,0,0,0,0,0,0,0,0,0,0,0.0,0
malware,4b7ff0262fe7d98cfd1c3ec38cb17d1aa7b66524be8fa2de0ce7a30a3d81fa38.php,data\raw\malware_bazaar\4b7ff0262fe7d98cfd1c3ec38cb17d1aa7b66524be8fa2de0ce7a30a3d81fa38.php,1383,68,1,0,0,0,0.014705882352941176,script,0,1,0,0,0,0,0,0,0,0,0,5.216018333983843,5.216018333983843,0.9906001446131598,0.0,74,0,0,0,0,1,0,1,10,0,0,0,0,0.0,0
malware,4bb4cf254f72ecb19772b7106a5395200ef258956c8dd189a0d328778a8766a6.hta,data\raw\malware_bazaar\4bb4cf254f72ecb19772b7106a5395200ef258956c8dd189a0d328778a8766a6.hta,3127,68,0,0,0,0,0.014705882352941176,unknown,0,0,0,0,1,0,0,0,0,0,0,5.487025840893862,5.487025840893862,0.9817716661336745,0.0,86,0,0,0,0,0,0,38,38,0,0,0,0,0.0,0
malware,4bd2f62bda908207429e5aa5675096b886d9841271a4e0750f5b1aba68082ae3.lnk,data\raw\malware_bazaar\4bd2f62bda908207429e5aa5675096b886d9841271a4e0750f5b1aba68082ae3.lnk,2918,68,0,0,0,0,0.014705882352941176,unknown,0,0,0,0,1,0,0,0,0,0,0,3.253867844094014,3.253867844094014,0.3574366004112406,0.6172035640849897,123,0,0,0,0,0,0,0,0,0,0,0,0,0.0,0
malware,4bd93f77565aa13abd92c50f818a5dbc013391e938c427544865775450f82f56.jar,data\raw\malware_bazaar\4bd93f77565aa13abd92c50f818a5dbc013391e938c427544865775450f82f56.jar,88486,68,1,0,0,0,0.014705882352941176,archive,1,0,0,1,0,1,1,0,0,0,12,7.992446800478781,7.919929243010774,0.36932396085256425,0.008690640327283412,256,0,0,0,0,0,0,0,0,0,0,0,0,0.0,0
malware,4bdff89b4a48bc4f1910711cdba901a7ab94d7a5b13f07dbe8f0fa827d30dc58.docm,data\raw\malware_bazaar\4bdff89b4a48bc4f1910711cdba901a7ab94d7a5b13f07dbe8f0fa827d30dc58.docm,15882,69,1,0,0,0,0.014492753623188406,document,0,0,1,0,0,1,1,0,0,0,13,7.354082639171741,6.18438446091131,0.3361037652688578,0.1539478655081224,256,0,0,0,0,0,0,0,0,0,0,0,0,0.0,0
malware,4c1c043fa4865c680ffb5a8eb14bcc9792afaa45d06621f3b5c275cae89891b2.xls,data\raw\malware_bazaar\4c1c043fa4865c680ffb5a8eb14bcc9792afaa45d06621f3b5c275cae89891b2.xls,208896,68,1,0,0,0,0.014705882352941176,document,0,0,0,0,0,0,0,0,0,0,4,7.549396059879877,0.9959137098014725,0.3356502757352941,0.11104090073529412,256,0,0,0,0,0,0,0,0,0,0,0,0,0.0,0
malware,4c2f87c10ab9eecaeed2619a2f3e3b6513bac85304f89c8b07bf4052896a729d.iso,data\raw\malware_bazaar\4c2f87c10ab9eecaeed2619a2f3e3b6513bac85304f89c8b07bf4052896a729d.iso,858112,68,0,0,0,0,0.014705882352941176,unknown,0,0,0,0,1,0,0,0,0,0,18,7.530431099507434,0.0,0.40347763462112174,0.10476371382756564,256,0,35,98,1,0,0,98,99,0,0,0,0,0.0,0
malware,4c5c1e5b63afcf075838753b5025088f2a92e92c0db699965bc12b109983931b.7z,data\raw\malware_bazaar\4c5c1e5b63afcf075838753b5025088f2a92e92c0db699965bc12b109983931b.7z,18158691,67,1,0,0,0,0.014925373134328358,archive,0,0,0,1,0,1,1,0,0,0,299,7.999988903621104,5.171569531114783,0.3710480012022893,0.003931671065937517,256,0,0,0,2,0,0,0,2,0,0,0,0,0.0,0
malware,4c7ac675d6469a808bdcc5feb6331e5771e7e221a357baf6a5617702076ffd6b.hta,data\raw\malware_bazaar\4c7ac675d6469a808bdcc5feb6331e5771e7e221a357baf6a5617702076ffd6b.hta,11963,68,0,0,0,0,0.014705882352941176,unknown,0,0,0,0,1,0,0,0,0,0,0,5.536193671350272,4.987490004251092,0.987461339128981,0.0,92,2,0,0,0,0,0,0,0,0,0,0,0,0.0,0
malware,4c83ea1d903c79cc878d21329746132e0337bd34c7ea1f869869eb2c5a6cbc44.cmd,data\raw\malware_bazaar\4c83ea1d903c79cc878d21329746132e0337bd34c7ea1f869869eb2c5a6cbc44.cmd,259,68,1,0,0,0,0.014705882352941176,script,0,1,0,0,0,0,0,0,0,0,0,4.616024333096227,4.616024333096227,1.0,0.0,34,3,3,0,3,0,0,0,3,0,0,0,0,0.0,0
malware,4ca7ca5b39a0ccd6075520932154ac6acf5f5159871d764b24fadab35488b997.xlsm,data\raw\malware_bazaar\4ca7ca5b39a0ccd6075520932154ac6acf5f5159871d764b24fadab35488b997.xlsm,142744,69,1,0,0,0,0.014492753623188406,document,0,0,1,0,0,1,1,0,0,0,18,7.963408378116589,6.191948350464563,0.37078265986661435,0.021058678473350894,256,0,0,0,0,0,0,0,0,0,0,0,0,0.0,0
malware,4cac1e5bd56ca33fec47d51124aec568263db81dbe77179606bc2e5a585bbb4c.html,data\raw\malware_bazaar\4cac1e5bd56ca33fec47d51124aec568263db81dbe77179606bc2e5a585bbb4c.html,543320,69,0,0,0,0,0.014492753623188406,unknown,0,0,0,0,1,0,0,0,0,0,0,5.099262861460468,5.158678017167113,0.9602812338953103,0.0,105,1291,0,9,0,0,0,9,9,0,0,0,0,0.0,0
malware,4cc06421248086d6b39b9af81bf78875a1ddad4b61d8acb1cb80f041baf598e4.pdf,data\raw\malware_bazaar\4cc06421248086d6b39b9af81bf78875a1ddad4b61d8acb1cb80f041baf598e4.pdf,52387,68,1,0,0,0,0.014705882352941176,document,0,0,0,0,0,1,1,0,0,0,1,4.5360522104332395,6.717841071112729,0.2185274972798595,0.23112604272052226,256,5,1,1,0,0,0,1,1,0,0,0,0,0.0,0
malware,4cd298a3197f1283ef907976ac01b387dc9a44c93432c3a900ba511f48c03523.xlsm,data\raw\malware_bazaar\4cd298a3197f1283ef907976ac01b387dc9a44c93432c3a900ba511f48c03523.xlsm,146327,69,1,0,0,0,0.014492753623188406,document,0,0,1,0,0,1,1,0,0,0,19,7.965067130111634,6.1960165127762465,0.36595433515345765,0.022217362482658702,256,0,0,0,0,0,0,0,0,0,0,0,0,0.0,0
malware,4d0f7a96a4859f47820ffa8e08b89ff7c7159fa3414a1cfe88db4949d65e48a4.apk,data\raw\malware_bazaar\4d0f7a96a4859f47820ffa8e08b89ff7c7159fa3414a1cfe88db4949d65e48a4.apk,3261089,68,1,0,0,0,0.014705882352941176,archive,1,0,0,1,0,1,1,0,0,0,529,7.928605595135718,5.301370115269179,0.3631145914754243,0.034381459690305906,256,2,0,0,0,0,0,0,0,0,0,0,0,0.0,0
malware,4d1f1322b1f81a3071dcbc82ad89f648def2cbd77bd78368be2545e0660901f2.xlsm,data\raw\malware_bazaar\4d1f1322b1f81a3071dcbc82ad89f648def2cbd77bd78368be2545e0660901f2.xlsm,589939,69,1,0,0,0,0.014492753623188406,document,0,0,1,0,0,1,1,0,0,0,87,7.981625124112424,6.680717149437445,0.36294260932062467,0.013914997991317747,256,0,0,0,0,0,0,0,0,0,0,0,0,0.0,0
malware,4d3f735123062f022b6b7b96a3e5ed008814387ddd387af58c977939fc4ecba0.wsf,data\raw\malware_bazaar\4d3f735123062f022b6b7b96a3e5ed008814387ddd387af58c977939fc4ecba0.wsf,4206,68,0,0,0,0,0.014705882352941176,unknown,0,0,0,0,1,0,0,0,0,0,0,4.495144187382008,4.430549284111798,0.9824060865430337,0.0,72,0,0,1,0,0,0,1,1,0,0,0,0,0.0,0
malware,4d6b9a762f56774197e83539ac36761eeb9e1bc21c12f60f046034bd6a3925ea.dll,data\raw\malware_bazaar\4d6b9a762f56774197e83539ac36761eeb9e1bc21c12f60f046034bd6a3925ea.dll,3783680,68,1,0,0,0,0.014705882352941176,executable,1,0,0,0,0,1,1,0,0,0,58,7.9374889032327,5.879012378701043,0.3449287466170501,0.019618466677943168,256,0,0,1,0,0,0,1,1,0,0,0,0,0.0,0
malware,4d8dc5b675a477bc05fd6accbbd6f65eac89188b1dc543eafea97bf4f87ea049.jar,data\raw\malware_bazaar\4d8dc5b675a477bc05fd6accbbd6f65eac89188b1dc543eafea97bf4f87ea049.jar,4073434,68,1,0,0,0,0.014705882352941176,archive,1,0,0,1,0,1,1,0,0,0,71,7.99994494181152,7.939266922011316,0.3708171041926787,0.004100226000961351,256,0,0,0,1,0,0,0,1,0,0,0,0,0.0,0
malware,4db042001a8ed51a7b1a675820358bb2221b7e353b9194bdecfb9b780a3433ea.xlsm,data\raw\malware_bazaar\4db042001a8ed51a7b1a675820358bb2221b7e353b9194bdecfb9b780a3433ea.xlsm,661218,69,1,0,0,0,0.014492753623188406,document,0,0,1,0,0,1,1,0,0,0,26,7.921490011028741,6.134364314983481,0.347165382672583,0.004762423285512494,256,0,0,0,0,0,0,0,0,0,0,0,0,0.0,0
malware,4dd072326c89842129884f2c08c7f36d2b0bb11cda79987db5c9cbd927869d32.xlsx,data\raw\malware_bazaar\4dd072326c89842129884f2c08c7f36d2b0bb11cda79987db5c9cbd927869d32.xlsx,12117,69,1,0,0,0,0.014492753623188406,document,0,0,0,0,0,1,1,0,0,0,14,7.8336844870441285,7.865582381442204,0.3885450193942395,0.04316249896839151,256,0,0,0,0,0,0,0,0,0,0,0,0,0.0,0
malware,4e4e32f6259b82e6b932ab81172c22560ec2ac46e85543d4851637a63eaace3e.dll,data\raw\malware_bazaar\4e4e32f6259b82e6b932ab81172c22560ec2ac46e85543d4851637a63eaace3e.dll,752640,68,1,0,0,0,0.014705882352941176,executable,1,0,0,0,0,1,1,0,0,0,8,7.078936075419355,4.658492079292983,0.303336256377551,0.15362457482993197,256,0,15,10,0,0,0,10,10,0,0,0,0,0.0,0
malware,4e816325a4d8ca11aea96fa9f0118200acee2cfb8b4e94e1f06b8d336c1dac3d.hta,data\raw\malware_bazaar\4e816325a4d8ca11aea96fa9f0118200acee2cfb8b4e94e1f06b8d336c1dac3d.hta,1081908,68,0,0,0,0,0.014705882352941176,unknown,0,0,0,0,1,0,0,0,0,0,1,5.538844151595981,5.538092576698879,0.4620577720101894,0.0,116,0,0,3,0,0,0,3,3,0,0,0,0,0.0,0
malware,4e81d94aa44752c3077a3f5039159f47797a3ffaa1def4d6147b657b79e0534c.lnk,data\raw\malware_bazaar\4e81d94aa44752c3077a3f5039159f47797a3ffaa1def4d6147b657b79e0534c.lnk,1032,68,0,0,0,0,0.014705882352941176,unknown,0,0,0,0,1,0,0,0,0,0,0,1.4814155518869825,1.4814155518869825,0.13275193798449614,0.8381782945736435,50,0,0,0,1,0,0,0,1,0,0,0,0,0.0,0
malware,4ea9702175304da45da92995a0165d7d14ccb9963b086895923ff105f64d673f.docm,data\raw\malware_bazaar\4ea9702175304da45da92995a0165d7d14ccb9963b086895923ff105f64d673f.docm,19002,69,1,0,0,0,0.014492753623188406,document,0,0,1,0,0,1,1,0,0,0,13,7.495292370014737,6.16363677034391,0.3417534996316177,0.12956530891485107,256,0,0,0,0,0,0,0,0,0,0,0,0,0.0,0
malware,4ecef53e8427827609cbf579de6bdddc9998bbd962502f613716aa0f49d09374.pdf,data\raw\malware_bazaar\4ecef53e8427827609cbf579de6bdddc9998bbd962502f613716aa0f49d09374.pdf,260136,68,1,0,0,0,0.014705882352941176,document,0,0,0,0,0,1,1,0,0,0,5,7.943137093164593,6.545101582967486,0.3804971245809884,0.010951963588276901,256,5,0,4,0,0,0,4,4,0,0,0,0,0.0,0
malware,4edddd66b6178ec78af28bc437eaa675319fbcb0e83a7f5b6eebe42c543e6372.7z,data\raw\malware_bazaar\4edddd66b6178ec78af28bc437eaa675319fbcb0e83a7f5b6eebe42c543e6372.7z,84310879,67,1,0,0,0,0.014925373134328358,archive,0,0,0,1,0,1,1,0,0,0,1260,7.999995239803179,5.092098182252591,0.3709617118331787,0.003991572665254742,256,0,0,0,7,0,0,0,7,0,0,0,0,0.0,0
malware,4f72cf0e0b25e6ced9b8953daaba20ee0136a42bbb7a7c043cef55e8c4836452.iso,data\raw\malware_bazaar\4f72cf0e0b25e6ced9b8953daaba20ee0136a42bbb7a7c043cef55e8c4836452.iso,98304,68,0,0,0,0,0.014705882352941176,unknown,0,0,0,0,1,0,0,0,0,0,0,2.910002880864378,0.0,0.356475830078125,0.6270243326822916,108,0,0,0,1,0,0,0,1,0,0,0,0,0.0,0
malware,4f9ac8583ee9a70206f9c4a4085665323087b68b44641883b6dbe76bd0d47b12.pdf,data\raw\malware_bazaar\4f9ac8583ee9a70206f9c4a4085665323087b68b44641883b6dbe76bd0d47b12.pdf,1100138,68,1,0,0,0,0.014705882352941176,document,0,0,0,0,0,1,1,0,0,0,12,6.660674470387684,6.694054253362023,0.2725812579876343,0.26000828986908914,256,2,0,0,0,0,0,0,0,0,0,0,0,0.0,0
malware,4fac0a82f59562d52b964ef719c76324216b7e7fde676aea9ce77eb72a66c5ae.iso,data\raw\malware_bazaar\4fac0a82f59562d52b964ef719c76324216b7e7fde676aea9ce77eb72a66c5ae.iso,944128,68,0,0,0,0,0.014705882352941176,unknown,0,0,0,0,1,0,0,0,0,0,26,7.5369980704960975,0.0,0.33386892455260303,0.11343271251355748,256,0,23,0,0,0,0,0,0,0,0,0,0,0.0,0
malware,4fbd3e80f53154553542ad1ed0de07b6e9ab72d25808182362a3bd1c66e08e67.docx,data\raw\malware_bazaar\4fbd3e80f53154553542ad1ed0de07b6e9ab72d25808182362a3bd1c66e08e67.docx,574063,69,1,0,0,0,0.014492753623188406,document,0,0,0,0,0,1,1,0,0,0,25,7.978771584781975,7.811734457701099,0.3607426362611769,0.0036215537319074734,256,0,0,0,0,0,0,0,0,0,0,0,0,0.0,0
malware,4fc06941e07dbff9fe5756f2803fe0075f29a7eca3969db7947b4d33d8ff6601.xlsx,data\raw\malware_bazaar\4fc06941e07dbff9fe5756f2803fe0075f29a7eca3969db7947b4d33d8ff6601.xlsx,651139,69,1,0,0,0,0.014492753623188406,document,0,0,0,0,0,1,0,1,0,0,24,7.998054192673658,7.88239113380412,0.3737481551558116,0.0035599157783514734,256,0,0,1,0,0,0,1,1,0,0,0,0,0.0,0
malware,4fc76388750726065c5a0379b68327f38da529edbc603e36401063ca138f0b41.hta,data\raw\malware_bazaar\4fc76388750726065c5a0379b68327f38da529edbc603e36401063ca138f0b41.hta,14625,68,0,0,0,0,0.014705882352941176,unknown,0,0,0,0,1,0,0,0,0,0,5,1.545716994312479,1.5736004868025315,0.994051282051282,0.0,78,0,0,9,1,0,0,9,10,0,0,0,0,0.0,0
malware,506e7512c897514e9d312a1532d2e2949ec8ebd73f6ca52740fb5e3306f08843.rtf,data\raw\malware_bazaar\506e7512c897514e9d312a1532d2e2949ec8ebd73f6ca52740fb5e3306f08843.rtf,1831352,68,1,0,0,0,0.014705882352941176,document,0,0,0,0,0,0,0,0,0,0,0,2.414306845244063,4.82179904894223,0.9846326648290443,0.0,75,1,0,13811,0,0,0,13811,13811,0,0,0,0,0.0,0
malware,50833667422a5c48d403a3fc639e1564e24eca562386d4a3e3ed202fce3531be.wsf,data\raw\malware_bazaar\50833667422a5c48d403a3fc639e1564e24eca562386d4a3e3ed202fce3531be.wsf,32538,68,0,0,0,0,0.014705882352941176,unknown,0,0,0,0,1,0,0,0,0,0,3,5.772898943388953,5.373425465021504,0.9995082672567459,0.0,95,1,0,1,1,0,0,1,2,0,0,0,0,0.0,0
malware,5095c6478dbb7f167c637511536ddc9bdc60828cc7c323041c68a2918eb351e8.pdf,data\raw\malware_bazaar\5095c6478dbb7f167c637511536ddc9bdc60828cc7c323041c68a2918eb351e8.pdf,154668,68,1,0,0,0,0.014705882352941176,document,0,0,0,0,0,0,0,0,0,0,5,5.88583948144687,5.248367149550995,0.9787932862647736,0.0,82,0,0,1,0,0,0,1,1,0,0,0,0,0.0,0
malware,5095f5a21292e9ff05209199780e3c6627a90f00625565ec5267a78f11dde3a4.ps1,data\raw\malware_bazaar\5095f5a21292e9ff05209199780e3c6627a90f00625565ec5267a78f11dde3a4.ps1,11510,68,1,0,0,0,0.014705882352941176,script,0,1,0,0,0,0,0,0,0,0,0,3.589127904318976,3.432266792933631,0.48679409209383145,0.4851433536055604,96,0,0,0,0,0,0,0,0,0,0,0,0,0.0,0
malware,512191a429f16b01a16d73ee97ef57f7699dfbdf4ea77ec445288fb33d3663a6.apk,data\raw\malware_bazaar\512191a429f16b01a16d73ee97ef57f7699dfbdf4ea77ec445288fb33d3663a6.apk,103628254,68,1,0,0,0,0.014705882352941176,archive,1,0,0,1,0,1,1,0,0,0,4080,7.37546629891869,7.900630903395762,0.32024325142060195,0.1169771904098664,256,130,14,290,6,102,0,290,398,0,0,0,0,0.0,0
malware,5149dce73efa6cd9440d38eb1abb2ea61a7155e78334c8a9aea184ca1440337a.hta,data\raw\malware_bazaar\5149dce73efa6cd9440d38eb1abb2ea61a7155e78334c8a9aea184ca1440337a.hta,14407,68,0,0,0,0,0.014705882352941176,unknown,0,0,0,0,1,0,0,0,0,0,3,1.4796157691400464,1.574760409339109,0.15214826126188657,0.0,78,0,0,9,1,0,0,9,10,0,0,0,0,0.0,0
malware,51be4a1d8b83ddcf53757c7897b41857732f6524a61709de74dea74262a0d4e7.docm,data\raw\malware_bazaar\51be4a1d8b83ddcf53757c7897b41857732f6524a61709de74dea74262a0d4e7.docm,17360,69,1,0,0,0,0.014492753623188406,document,0,0,1,0,0,1,1,0,0,0,13,7.433022114682985,6.173591204044106,0.3392281105990783,0.140610599078341,256,0,0,0,0,0,0,0,0,0,0,0,0,0.0,0
malware,520259db65bb3fede04021912ede7bcdcb51021141fe2919f981de1c7b72223c.vbs,data\raw\malware_bazaar\520259db65bb3fede04021912ede7bcdcb51021141fe2919f981de1c7b72223c.vbs,42943,68,1,0,0,0,0.014705882352941176,script,0,1,0,0,0,0,0,0,0,0,1,5.29814291734182,4.94716305198947,0.9581305451412337,0.0,93,0,0,13,0,0,0,13,13,0,0,0,0,0.0,0
malware,5219e2153ee7c7adb4e81b4d136ae993dc4e9fb8e94d2858c42f4844253d78a8.xlsm,data\raw\malware_bazaar\5219e2153ee7c7adb4e81b4d136ae993dc4e9fb8e94d2858c42f4844253d78a8.xlsm,16431,69,1,0,0,0,0.014492753623188406,document,0,0,1,0,0,1,1,0,0,0,14,7.289373509918574,6.104678024126768,0.3270038342158116,0.16505386160306737,256,0,0,0,0,0,0,0,0,0,0,0,0,0.0,0
malware,522d1b1c915fcf7d6e7113bd6c53aa435a01b77b8c12316bb2ca53472cf66beb.vbs,data\raw\malware_bazaar\522d1b1c915fcf7d6e7113bd6c53aa435a01b77b8c12316bb2ca53472cf66beb.vbs,10342,68,1,0,0,0,0.014705882352941176,script,0,1,0,0,0,0,0,0,0,0,0,4.962421090291919,4.416674944497599,0.9707986849738929,0.0,74,0,0,0,0,0,0,0,0,0,0,0,0,0.0,0
malware,525499adaa2e4b2941234c0d5463fc72ac502badbbc0e731bbeeaee655986055.hta,data\raw\malware_bazaar\525499adaa2e4b2941234c0d5463fc72ac502badbbc0e731bbeeaee655986055.hta,3205,68,0,0,0,0,0.014705882352941176,unknown,0,0,0,0,1,0,0,0,0,0,0,5.525443428294402,5.525443428294402,0.9837753510140406,0.0,84,0,0,0,0,0,0,34,34,0,0,0,0,0.0,0
malware,53116434e0eaa0d143fa77c18e90d08b1c1ccd7b809810fd9fa9be8f56a68671.xls,data\raw\malware_bazaar\53116434e0eaa0d143fa77c18e90d08b1c1ccd7b809810fd9fa9be8f56a68671.xls,208896,68,1,0,0,0,0.014705882352941176,document,0,0,0,0,0,0,0,0,0,0,6,7.544641867478583,0.9959137098014725,0.33499444699754904,0.11191214767156862,256,0,0,0,0,0,0,0,0,0,0,0,0,0.0,0
malware,537f35139e405acd24cd9511259e9a8ad92150d02f6ed82d9140b00e15dd8410.cmd,data\raw\malware_bazaar\537f35139e405acd24cd9511259e9a8ad92150d02f6ed82d9140b00e15dd8410.cmd,81903,68,1,0,0,0,0.014705882352941176,script,0,1,0,0,0,0,0,0,0,0,1,5.099911018674711,4.55016211357968,0.43818907732317497,0.0,123,0,0,1,0,0,0,1,1,0,0,0,0,0.0,0
malware,5399184a8be51fce92edc8b1e3153459e36e1e5f253623481bf2e861491f94c8.bat,data\raw\malware_bazaar\5399184a8be51fce92edc8b1e3153459e36e1e5f253623481bf2e861491f94c8.bat,3864877,68,1,0,0,0,0.014705882352941176,script,0,1,0,0,0,0,0,0,0,0,0,4.752545080928851,5.9353690135306465,0.39499497655423443,0.0,154,0,0,0,0,0,0,0,0,0,0,0,0,0.0,0
malware,53a239dfb8a7f17b5e4b009d497e7d5e47ecd569a02778f7550f73550bf720be.html,data\raw\malware_bazaar\53a239dfb8a7f17b5e4b009d497e7d5e47ecd569a02778f7550f73550bf720be.html,129962,69,0,0,0,0,0.014492753623188406,unknown,0,0,0,0,1,0,0,0,0,0,0,4.920387973346527,5.062228153666113,0.986226743201859,0.0,94,0,0,0,0,1,3,4,8,0,0,0,0,0.0,0
malware,53ce46a67888c29655605d6be749b09f4343b2f6d30460fea3f014876e44b016.docx,data\raw\malware_bazaar\53ce46a67888c29655605d6be749b09f4343b2f6d30460fea3f014876e44b016.docx,201688,69,1,0,0,0,0.014492753623188406,document,0,0,0,0,0,1,1,0,0,0,23,7.958674757924042,7.857096192829457,0.36208401094760223,0.007600848835825631,256,0,0,0,0,0,0,0,0,0,0,0,0,0.0,0
malware,54077a5b15638e354fa02318623775b7a1cc0e8c21e59bcbab333035369e377f.pdf,data\raw\malware_bazaar\54077a5b15638e354fa02318623775b7a1cc0e8c21e59bcbab333035369e377f.pdf,320066,68,1,0,0,0,0.014705882352941176,document,0,0,0,0,0,1,1,0,0,0,4,7.421268983164226,4.960673190040665,0.5811457636862397,0.062452744121524933,256,0,0,5,1,0,0,5,6,0,0,0,0,0.0,0
malware,546e16c3b9c739ed4a90af663151af1968065604d280a49c1f8756ea4945f445.rar,data\raw\malware_bazaar\546e16c3b9c739ed4a90af663151af1968065604d280a49c1f8756ea4945f445.rar,9944,68,1,0,0,0,0.014705882352941176,archive,0,0,0,1,0,1,1,0,0,0,0,7.980546034234277,5.2816536179525455,0.3633346741753821,0.004123089300080451,256,0,0,0,0,0,0,0,0,0,0,0,0,0.0,0
malware,5478d1fe4f979f6a9a456d50dd84d18b04294701c9128eabcef412f6779a39b4.bat,data\raw\malware_bazaar\5478d1fe4f979f6a9a456d50dd84d18b04294701c9128eabcef412f6779a39b4.bat,543953,68,1,0,0,0,0.014705882352941176,script,0,1,0,0,0,0,0,0,0,0,115,6.0955824823368605,4.705436444816131,0.9906646346283594,0.0,80,0,1,2516,0,0,0,2516,2516,0,0,0,0,0.0,0
malware,548db0eb069c8037672d24745b0d55d210303a3305537b14dab60c2a6f3853f6.xlsx,data\raw\malware_bazaar\548db0eb069c8037672d24745b0d55d210303a3305537b14dab60c2a6f3853f6.xlsx,1495221,69,1,0,0,0,0.014492753623188406,document,0,0,0,0,0,1,0,1,0,0,242,7.961121548305917,6.6702107311263905,0.3716634530948937,0.009536382915970282,256,0,0,6,0,0,0,6,6,0,0,0,0,0.0,0
malware,54954314f1a5f5dbbfbdaf301c7e301f7b6ebec940d84b9979f8d84f936480f6.jar,data\raw\malware_bazaar\54954314f1a5f5dbbfbdaf301c7e301f7b6ebec940d84b9979f8d84f936480f6.jar,612306,68,1,0,0,0,0.014705882352941176,archive,1,0,0,1,0,1,1,0,0,0,14,7.999502216983815,7.923785550367745,0.3703654708593416,0.004861948110911864,256,0,0,0,0,0,0,0,0,0,0,0,0,0.0,0
malware,54b6b4406838a478bb1d3ed396be56ae8a3279932ab09181e47bb578417d47d1.jar,data\raw\malware_bazaar\54b6b4406838a478bb1d3ed396be56ae8a3279932ab09181e47bb578417d47d1.jar,938294,68,1,0,0,0,0.014705882352941176,archive,1,0,0,1,0,1,1,0,0,0,25,7.999761915909311,7.911650455896944,0.37165856330744945,0.004480472005576077,256,0,0,0,0,0,0,0,0,0,0,0,0,0.0,0
malware,54f14272fc6bad75f0b83984f701fce73fa73f0d9de209c161094f27836cea9b.apk,data\raw\malware_bazaar\54f14272fc6bad75f0b83984f701fce73fa73f0d9de209c161094f27836cea9b.apk,10578489,68,1,0,0,0,0.014705882352941176,archive,1,0,0,1,0,1,0,1,0,0,326,7.996376538785234,4.416975410157341,0.3678685112779339,0.007795253178407615,256,1,0,34,0,0,0,34,34,0,0,0,0,0.0,0
malware,5536a19bde30a18d139ed46e941dbfd6749ab9fefcec1c369091211619d3cc56.cmd,data\raw\malware_bazaar\5536a19bde30a18d139ed46e941dbfd6749ab9fefcec1c369091211619d3cc56.cmd,3256,68,1,0,0,0,0.014705882352941176,script,0,1,0,0,0,0,0,0,0,0,0,5.893654324616901,5.893654324616901,0.9993857493857494,0.0,88,0,0,15,1,0,0,15,16,0,0,0,0,0.0,0
malware,55a81d88fff3dc3de0e42724b0a992d4ef382b0e1a82187abf9d635ab89b2bae.html,data\raw\malware_bazaar\55a81d88fff3dc3de0e42724b0a992d4ef382b0e1a82187abf9d635ab89b2bae.html,7016662,69,0,0,0,0,0.014492753623188406,unknown,0,0,0,0,1,0,0,0,0,0,1448,5.626483679484402,5.633770329598785,1.0,0.0,73,0,0,1,0,0,0,1,1,0,0,0,0,0.0,0
malware,55be9d1e2a4edeede9d8223d5f932be9233872df7239501f2f3c305672bec4f2.vbs,data\raw\malware_bazaar\55be9d1e2a4edeede9d8223d5f932be9233872df7239501f2f3c305672bec4f2.vbs,326202,68,1,0,0,0,0.014705882352941176,script,0,1,0,0,0,1,0,1,0,0,0,4.064465322593074,3.9652657448773163,0.49576336135278143,0.49897609456717,161,0,0,0,0,0,0,0,0,0,0,0,0,0.0,0
malware,55ca939df21d1486628a2801ea28d0b8e1eb63e624218dbb42348e36cbadfbfd.xlsm,data\raw\malware_bazaar\55ca939df21d1486628a2801ea28d0b8e1eb63e624218dbb42348e36cbadfbfd.xlsm,2204377,69,1,0,0,0,0.014492753623188406,document,0,0,1,0,0,1,1,0,0,0,45,7.8984929987150965,6.192061925607388,0.34249812985709793,0.0022908967023335847,256,0,0,0,0,0,0,0,0,0,0,0,0,0.0,0
malware,55e2084a00c901d6ea661f03ef167e3427c17594ee9474118620da64e277c8bb.xlsm,data\raw\malware_bazaar\55e2084a00c901d6ea661f03ef167e3427c17594ee9474118620da64e277c8bb.xlsm,573936,69,1,0,0,0,0.014492753623188406,document,0,0,1,0,0,1,1,0,0,0,84,7.981671232892136,6.229222309922305,0.36293593710797023,0.014128753031696913,256,0,0,0,0,0,0,0,0,0,0,0,0,0.0,0
malware,560dade57a65ec0d26a7981a16f4f3738eb768f354fc52847de84eff58d1b168.wsf,data\raw\malware_bazaar\560dade57a65ec0d26a7981a16f4f3738eb768f354fc52847de84eff58d1b168.wsf,137,68,0,0,0,0,0.014705882352941176,unknown,0,0,0,0,1,0,0,0,0,0,0,5.108508001023491,5.108508001023491,0.927007299270073,0.0,44,0,0,0,0,0,0,0,0,0,0,0,0,0.0,0
malware,56d1a3b46880c21b374ae7744ad72b24f726c158545967463156f7adcd52de01.rar,data\raw\malware_bazaar\56d1a3b46880c21b374ae7744ad72b24f726c158545967463156f7adcd52de01.rar,181745,68,1,0,0,0,0.014705882352941176,archive,0,0,0,1,0,1,1,0,0,0,3,7.9973402195915,5.40625,0.3737269250873477,0.003427879721587939,256,0,0,0,0,0,0,0,0,0,0,0,0,0.0,0
malware,56d8d75d76b5c6aa77e8f137f69e4ecba603adaa0e4ade069b4f503bce40c96d.php,data\raw\malware_bazaar\56d8d75d76b5c6aa77e8f137f69e4ecba603adaa0e4ade069b4f503bce40c96d.php,6019,68,1,0,0,0,0.014705882352941176,script,0,1,0,0,0,0,0,0,0,0,0,5.595218092206775,5.862756390702046,0.9995015783352716,0.0,88,0,0,0,0,2,0,0,2,0,0,0,0,0.0,0
malware,56ed655246824728eab0cf6edfda2e75b000e02195b36f3830476a5e5711fff0.wsf,data\raw\malware_bazaar\56ed655246824728eab0cf6edfda2e75b000e02195b36f3830476a5e5711fff0.wsf,953,68,0,0,0,0,0.014705882352941176,unknown,0,0,0,0,1,0,0,0,0,0,0,4.743754594756587,4.743754594756587,0.9349422875131165,0.0,65,0,0,0,0,0,0,0,0,0,0,0,0,0.0,0
malware,56f7134083814ec30306cdc37ae95f11faa6cd7c19ee5100a5dcfa0e5e325826.img,data\raw\malware_bazaar\56f7134083814ec30306cdc37ae95f11faa6cd7c19ee5100a5dcfa0e5e325826.img,1245184,68,0,0,0,0,0.014705882352941176,unknown,0,0,0,0,1,0,0,0,0,0,5,4.262012060122549,0.0,0.16269563373766446,0.5877669484991777,256,0,30,0,0,0,0,0,0,0,0,0,0,0.0,0
malware,5762b13651a258b83c8aa9796b81e8c3a82028161bb63702ee05d19391290c86.doc,data\raw\malware_bazaar\5762b13651a258b83c8aa9796b81e8c3a82028161bb63702ee05d19391290c86.doc,749426,68,1,0,0,0,0.014705882352941176,document,0,0,0,0,0,1,0,1,0,0,41,7.997317941676901,7.494163603587741,0.3695041271586521,0.005361436619492785,256,0,0,0,0,0,0,0,0,0,0,0,0,0.0,0
malware,57726a55e900f8e0237dfb3d6d3b5cb54acb5f88d19a30be3207f4f4575c4964.apk,data\raw\malware_bazaar\57726a55e900f8e0237dfb3d6d3b5cb54acb5f88d19a30be3207f4f4575c4964.apk,5017827,68,1,0,0,0,0.014705882352941176,archive,1,0,0,1,0,1,1,0,0,0,232,7.994428675796451,7.630071074996929,0.3702246012068571,0.010354282839962398,256,0,0,1,1,0,0,1,2,0,0,0,0,0.0,0
malware,57789cf1141fcd9610a1a7b3380bc8f829eedb83bde450067509b41ab10e9d68.xlsm,data\raw\malware_bazaar\57789cf1141fcd9610a1a7b3380bc8f829eedb83bde450067509b41ab10e9d68.xlsm,726588,69,1,0,0,0,0.014492753623188406,document,0,0,1,0,0,1,1,0,0,0,39,7.9954892568822675,6.3676251093233835,0.3726472223598518,0.008177949539491431,256,0,0,0,0,0,0,0,0,0,0,0,0,0.0,0
malware,57f7d297c7b08666193b9a8d318c91cfea3d143190a0030458827a4b6373a043.iso,data\raw\malware_bazaar\57f7d297c7b08666193b9a8d318c91cfea3d143190a0030458827a4b6373a043.iso,1245184,68,0,0,0,0,0.014705882352941176,unknown,0,0,0,0,1,0,0,0,0,0,0,0.03572033168672049,0.0,0.0016945286800986842,0.997763382761102,193,0,4,0,2,0,0,0,2,0,0,0,0,0.0,0
malware,581dc70066ef9ddf2feb271833a24d3c957791a863e4d82f5db492badac0abc5.img,data\raw\malware_bazaar\581dc70066ef9ddf2feb271833a24d3c957791a863e4d82f5db492badac0abc5.img,9330688,68,0,0,0,0,0.014705882352941176,unknown,0,0,0,0,1,0,0,0,0,0,36,6.295850544722898,0.0,0.4721130960546532,0.19355292985897718,256,159,5,84,2,0,0,84,86,0,0,0,0,0.0,0
malware,584bd68a9102cbaa179b916832ad5827c9e9d5b1af17f8570e54134c7a3db0d7.iso,data\raw\malware_bazaar\584bd68a9102cbaa179b916832ad5827c9e9d5b1af17f8570e54134c7a3db0d7.iso,1310720,68,0,0,0,0,0.014705882352941176,unknown,0,0,0,0,1,0,0,0,0,0,23,4.032080107077058,0.0,0.5713241577148438,0.4283012390136719,142,2,4,0,6,0,0,0,6,0,0,0,0,0.0,0
malware,588e6ed7f440ff77b3dc294d6edcd72e23d8e367e07c905d92fb93404eed09de.wsf,data\raw\malware_bazaar\588e6ed7f440ff77b3dc294d6edcd72e23d8e367e07c905d92fb93404eed09de.wsf,80473,68,0,0,0,0,0.014705882352941176,unknown,0,0,0,0,1,0,0,0,0,0,0,6.216598461428912,6.1648901905872915,0.02876741267257341,0.0,158,0,0,0,0,0,0,0,0,0,0,0,0,0.0,0
malware,58cfb8b9fee1caa94813c259901dc1baa96bae7d30d79b79a7d441d0ee4e577e.docm,data\raw\malware_bazaar\58cfb8b9fee1caa94813c259901dc1baa96bae7d30d79b79a7d441d0ee4e577e.docm,38708,69,1,0,0,0,0.014492753623188406,document,0,0,1,0,0,1,1,0,0,0,27,7.7380495103820675,6.650666365415928,0.3606747959078227,0.08044848610106438,256,0,0,0,0,0,0,0,0,0,0,0,0,0.0,0
malware,58daf37444ec3b78fdea88dbf266ef70835de693c32a7dd22e911e259d4a1aa2.js,data\raw\malware_bazaar\58daf37444ec3b78fdea88dbf266ef70835de693c32a7dd22e911e259d4a1aa2.js,3297454,67,1,0,0,0,0.014925373134328358,script,0,1,0,0,0,0,0,0,0,0,5,5.863273837061935,3.9701239160721467,0.9664953627859555,0.0,172,0,0,1,0,0,0,1,1,0,0,0,0,0.0,0
malware,58e3a3cd1bde298004bff75db60ebfe13f2dc9ee17d8c80f7c249651bc27900b.doc,data\raw\malware_bazaar\58e3a3cd1bde298004bff75db60ebfe13f2dc9ee17d8c80f7c249651bc27900b.doc,243080,68,1,0,0,0,0.014705882352941176,document,0,0,0,0,0,1,0,1,0,0,20,7.939535959197351,0.8793475411199696,0.35342685535626134,0.022112061872634522,256,0,0,0,0,0,0,0,0,0,0,0,0,0.0,0
malware,58ef624c1ff9ff578432374aaa23a6de8c4141eae76a80840d04f6f0610cf024.xlsx,data\raw\malware_bazaar\58ef624c1ff9ff578432374aaa23a6de8c4141eae76a80840d04f6f0610cf024.xlsx,424960,69,1,0,0,0,0.014492753623188406,document,0,0,0,0,0,0,0,0,0,0,1,6.925467113168912,3.2779319698055045,0.2653167356927711,0.06405073418674699,256,0,0,1,0,0,0,1,1,0,0,0,0,0.0,0
malware,58f4daa5f56a53d44a132db31580daf6f5e0fa4e093077e772fec23a9205e79d.xlsx,data\raw\malware_bazaar\58f4daa5f56a53d44a132db31580daf6f5e0fa4e093077e772fec23a9205e79d.xlsx,28672,69,1,0,0,0,0.014492753623188406,document,0,0,0,0,0,0,0,0,0,0,1,6.1361176328737885,3.8795738271504256,0.27737862723214285,0.26461356026785715,256,0,0,0,0,0,0,0,0,0,0,0,0,0.0,0
malware,59212062bb7038bd31b1cc80bffb4eca9c403e0beb771445b8cffb4f17ddf7d8.7z,data\raw\malware_bazaar\59212062bb7038bd31b1cc80bffb4eca9c403e0beb771445b8cffb4f17ddf7d8.7z,17987763,67,1,0,0,0,0.014925373134328358,archive,0,0,0,1,0,1,1,0,0,0,268,7.999990237114687,5.092098182252591,0.3712312086833699,0.0038904782101031685,256,0,0,0,1,0,0,0,1,0,0,0,0,0.0,0
malware,593d3c1395948d8ae574ff75eff843a2cdf8234bf2395739fb1b58d93687cbfc.chm,data\raw\malware_bazaar\593d3c1395948d8ae574ff75eff843a2cdf8234bf2395739fb1b58d93687cbfc.chm,77151,68,0,0,0,0,0.014705882352941176,unknown,0,0,0,0,1,0,0,0,0,0,2,7.637336162467808,1.8315206162579998,0.34022890176407306,0.10466487796658501,256,0,0,0,0,0,0,0,0,0,0,0,0,0.0,0
malware,59657f4537018aa3621450282e9a973895e33e6f236f4f644769a505c498c004.docm,data\raw\malware_bazaar\59657f4537018aa3621450282e9a973895e33e6f236f4f644769a505c498c004.docm,85507,69,1,0,0,0,0.014492753623188406,document,0,0,1,0,0,1,1,0,0,0,20,7.9830398787365855,7.896683140543023,0.36643783549884806,0.011320710585098296,256,0,0,0,0,0,0,0,0,0,0,0,0,0.0,0
malware,5982ec94ca925949147929dfeb27fecd1a6a568a9f87a948555eadab1ef6c365.xlsx,data\raw\malware_bazaar\5982ec94ca925949147929dfeb27fecd1a6a568a9f87a948555eadab1ef6c365.xlsx,2082031,69,1,0,0,0,0.014492753623188406,document,0,0,0,0,0,1,0,1,0,0,43,7.998221184478511,7.871290454376646,0.3740218085129376,0.003001396232813056,256,0,0,0,0,0,0,0,0,0,0,0,0,0.0,0
malware,59905502be051f29d1309c6ca231d8aa6b1af90025bee5c7f9ea3e35ff037162.jar,data\raw\malware_bazaar\59905502be051f29d1309c6ca231d8aa6b1af90025bee5c7f9ea3e35ff037162.jar,946677,68,1,0,0,0,0.014705882352941176,archive,1,0,0,1,0,1,1,0,0,0,281,7.986119202763422,7.938963112790204,0.383190887705099,0.012201627376602579,256,0,0,12,0,0,0,12,12,0,0,0,0,0.0,0
malware,5a145920b162b6fee3429e2201c03fb8b3a8bc703d13bcac4d21166a05bbe708.vbs,data\raw\malware_bazaar\5a145920b162b6fee3429e2201c03fb8b3a8bc703d13bcac4d21166a05bbe708.vbs,4195,68,1,0,0,0,0.014705882352941176,script,0,1,0,0,0,0,0,0,0,0,0,5.467111107760059,5.4452271357598026,0.9399284862932062,0.0,83,2,0,1,0,0,0,1,1,0,0,0,0,0.0,0
malware,5a275e84e34f8b8072917c954ddd0f5ac75f583b92745a8ebd87d73b505bfa19.bat,data\raw\malware_bazaar\5a275e84e34f8b8072917c954ddd0f5ac75f583b92745a8ebd87d73b505bfa19.bat,846,68,1,0,0,0,0.014705882352941176,script,0,1,0,0,0,0,0,0,0,0,0,4.7243122552824115,4.7243122552824115,0.9787234042553191,0.0,71,0,1,0,2,0,0,0,2,0,0,0,0,0.0,0
malware,5a2c5ecfaa6a582055f07fc292f602c39c59d5ae6bacf711acacc60f7ed3d8a6.pdf,data\raw\malware_bazaar\5a2c5ecfaa6a582055f07fc292f602c39c59d5ae6bacf711acacc60f7ed3d8a6.pdf,80446,68,1,0,0,0,0.014705882352941176,document,0,0,0,0,0,1,1,0,0,0,1,7.995456316238797,7.582122927038167,0.3783283196181289,0.005084155831240832,256,0,0,0,0,0,0,0,0,0,0,0,0,0.0,0
malware,5a2ec2eba92c9ccbfba162ff3d8b7e09b14f93903d8da795380aa4cb3adf2e17.wsf,data\raw\malware_bazaar\5a2ec2eba92c9ccbfba162ff3d8b7e09b14f93903d8da795380aa4cb3adf2e17.wsf,23567,68,0,0,0,0,0.014705882352941176,unknown,0,0,0,0,1,0,0,0,0,0,1,5.202861058431401,5.044334705916545,0.9690669156023253,0.0,96,0,0,16,0,1,0,16,17,0,0,0,0,0.0,0
malware,5a5c24218a370368835995078715b51163521fb06d17922876968d0f2ec2b9ae.ps1,data\raw\malware_bazaar\5a5c24218a370368835995078715b51163521fb06d17922876968d0f2ec2b9ae.ps1,1852,68,1,0,0,0,0.014705882352941176,script,0,1,0,0,0,0,0,0,0,0,0,5.448288680860347,5.448288680860347,0.9978401727861771,0.0,80,0,1,0,0,0,0,0,0,0,0,0,0,0.0,0
malware,5a5e9db94cd200daa3901688ddb2a862f0a9bf96f6515d6a53b82e17dc5d6dcd.html,data\raw\malware_bazaar\5a5e9db94cd200daa3901688ddb2a862f0a9bf96f6515d6a53b82e17dc5d6dcd.html,123592,69,0,0,0,0,0.014492753623188406,unknown,0,0,0,0,1,0,0,0,0,0,0,4.927337250775085,5.0535126512228645,0.9855168619328112,0.0,94,0,0,0,0,1,3,4,8,0,0,0,0,0.0,0
malware,5a7c1eb155e62bbaf93c769834b1ba9e697192694101ea57c9bcf0f1b6f993d0.vbs,data\raw\malware_bazaar\5a7c1eb155e62bbaf93c769834b1ba9e697192694101ea57c9bcf0f1b6f993d0.vbs,16188,68,1,0,0,0,0.014705882352941176,script,0,1,0,0,0,0,0,0,0,0,0,5.418424480281274,5.43120060133603,0.9665184086978008,0.0,89,0,0,71,0,0,0,71,71,0,0,0,0,0.0,0
malware,5aa0339a6544700fd9087b54b701c4f2d8ac19b2865dec4640cf97fc704cc8ba.ps1,data\raw\malware_bazaar\5aa0339a6544700fd9087b54b701c4f2d8ac19b2865dec4640cf97fc704cc8ba.ps1,22011,68,1,0,0,0,0.014705882352941176,script,0,1,0,0,0,0,0,0,0,0,9,5.895006711327969,5.807484014038882,0.9443005769842352,0.0,110,1,0,0,2,0,0,19,21,0,0,0,0,0.0,0
malware,5ab72e32ef36ea8da0a00c6e1959ad1750a379d007763292ef0fd8709250d78b.wsf,data\raw\malware_bazaar\5ab72e32ef36ea8da0a00c6e1959ad1750a379d007763292ef0fd8709250d78b.wsf,57156,68,0,0,0,0,0.014705882352941176,unknown,0,0,0,0,1,0,0,0,0,0,0,5.5465172105335725,5.270413050153307,0.9997200643851915,0.0,96,1,0,2,1,0,0,2,3,0,0,0,0,0.0,0
malware,5aba6510b327b3bbf73924ad522e92c8f8bf1305591f32947baf8f84731d3bdd.jar,data\raw\malware_bazaar\5aba6510b327b3bbf73924ad522e92c8f8bf1305591f32947baf8f84731d3bdd.jar,1911359,68,1,0,0,0,0.014705882352941176,archive,1,0,0,1,0,1,1,0,0,0,728,7.977780376678844,7.924929208671537,0.38344654248626237,0.015619776295295651,256,0,0,0,0,0,0,0,0,0,0,0,0,0.0,0
malware,5b113da04ee992865e5fe6166e9339a4339fb06d1424850870fea5b0e85e6154.hta,data\raw\malware_bazaar\5b113da04ee992865e5fe6166e9339a4339fb06d1424850870fea5b0e85e6154.hta,16265,68,0,0,0,0,0.014705882352941176,unknown,0,0,0,0,1,0,0,0,0,0,0,4.730319064575442,4.560732681434122,0.9739317553027974,0.0,89,0,0,145,1,0,0,145,146,0,0,0,0,0.0,0
malware,5b168fed855515940cfe164b18fd5f9d73873902d01f04171de65bc34487f402.docm,data\raw\malware_bazaar\5b168fed855515940cfe164b18fd5f9d73873902d01f04171de65bc34487f402.docm,16226,69,1,0,0,0,0.014492753623188406,document,0,0,1,0,0,1,1,0,0,0,13,7.378393035492252,6.183758181413101,0.3337236533957845,0.15043756933316899,256,0,0,0,0,0,0,0,0,0,0,0,0,0.0,0
malware,5b17f943852a6387ff38d516e94d9c42e5f8f54a37b5f55932edcd3f01c22a50.wsf,data\raw\malware_bazaar\5b17f943852a6387ff38d516e94d9c42e5f8f54a37b5f55932edcd3f01c22a50.wsf,173,68,0,0,0,0,0.014705882352941176,unknown,0,0,0,0,1,0,0,0,0,0,0,4.694193053964723,4.694193053964723,0.7514450867052023,0.0,44,1,0,0,0,0,0,0,0,0,0,0,0,0.0,0
malware,5b3089eefab0e043af8894de86022bdc6df2f42f7098dbd530f42c0ec861d5d8.cmd,data\raw\malware_bazaar\5b3089eefab0e043af8894de86022bdc6df2f42f7098dbd530f42c0ec861d5d8.cmd,82774,68,1,0,0,0,0.014705882352941176,script,0,1,0,0,0,0,0,0,0,0,1,5.031965130128385,4.504506306923767,0.36115205257689614,0.0,113,0,0,1,0,0,0,1,1,0,0,0,0,0.0,0
malware,5b498739ac5dc16b2106c966ac3ca89942a7a5d2b69f9c56cf392aabaf9498a6.xls,data\raw\malware_bazaar\5b498739ac5dc16b2106c966ac3ca89942a7a5d2b69f9c56cf392aabaf9498a6.xls,694272,68,1,0,0,0,0.014705882352941176,document,0,0,0,0,0,0,0,0,0,0,20,7.4881607009013145,1.306503434880202,0.34101043971238937,0.12123058397861357,256,11,0,1,0,0,0,1,1,0,0,0,0,0.0,0
malware,5b679e7350067248c1a890f198155e4cf794d620a654a7f7479829575799c15a.iso,data\raw\malware_bazaar\5b679e7350067248c1a890f198155e4cf794d620a654a7f7479829575799c15a.iso,436224,68,0,0,0,0,0.014705882352941176,unknown,0,0,0,0,1,0,0,0,0,0,27,1.4217834971068906,0.0,0.05481816681338028,0.8835002200704225,256,1,0,0,7,0,0,0,7,0,0,0,0,0.0,0
malware,5bb16c59b51e8d7b5ecccd686d7b75a0a1ebc5539609f489de6064c47c1cfc7a.hta,data\raw\malware_bazaar\5bb16c59b51e8d7b5ecccd686d7b75a0a1ebc5539609f489de6064c47c1cfc7a.hta,12227,68,0,0,0,0,0.014705882352941176,unknown,0,0,0,0,1,0,0,0,0,0,0,5.549847473412958,5.008043683830559,0.9877320683732723,0.0,92,2,0,0,0,0,0,0,0,0,0,0,0,0.0,0
malware,5bc57879f390912a9506f5e457b1eaa8b21858721931e7bdebd5083ec9d5e606.hta,data\raw\malware_bazaar\5bc57879f390912a9506f5e457b1eaa8b21858721931e7bdebd5083ec9d5e606.hta,11912,68,0,0,0,0,0.014705882352941176,unknown,0,0,0,0,1,0,0,0,0,0,0,5.544330453658126,4.987490004251092,0.9874076561450638,0.0,92,2,0,0,0,0,0,0,0,0,0,0,0,0.0,0
malware,5c6b94f0b8eea8d97c7d5e12c89c8a17a26d679578a79e10687dda3804d5a870.xlsm,data\raw\malware_bazaar\5c6b94f0b8eea8d97c7d5e12c89c8a17a26d679578a79e10687dda3804d5a870.xlsm,849368,69,1,0,0,0,0.014492753623188406,document,0,0,1,0,0,1,1,0,0,0,132,7.982824258048366,6.651102526420212,0.36796888980983505,0.01264587316687231,256,0,0,0,0,0,0,0,0,0,0,0,0,0.0,0
malware,5c70a7edff808a2fc109f26ebffc728cb39a3b28eb492417302167292f83dc44.rtf,data\raw\malware_bazaar\5c70a7edff808a2fc109f26ebffc728cb39a3b28eb492417302167292f83dc44.rtf,115645,68,1,0,0,0,0.014705882352941176,document,0,0,0,0,0,0,0,0,0,0,0,3.0179600801133866,5.402560794390973,0.38613861386138615,0.0,93,0,0,2,0,0,0,2,2,0,0,0,0,0.0,0
malware,5cb77f141b57b9d2e30f695787ddfb00cd63dd6999372074c3732c67eb3fe628.docx,data\raw\malware_bazaar\5cb77f141b57b9d2e30f695787ddfb00cd63dd6999372074c3732c67eb3fe628.docx,191390,69,1,0,0,0,0.014492753623188406,document,0,0,0,0,0,1,1,0,0,0,18,7.943976989465729,7.834358254229855,0.3672762422279116,0.007137258999947751,256,0,0,0,0,0,0,0,0,0,0,0,0,0.0,0
malware,5d285154c98e55f287a69e2ab081cdf74bd999703de34d0c521b601176dcde4d.img,data\raw\malware_bazaar\5d285154c98e55f287a69e2ab081cdf74bd999703de34d0c521b601176dcde4d.img,15532032,68,0,0,0,0,0.014705882352941176,unknown,0,0,0,0,1,0,0,0,0,0,0,5.265949472293321,0.0,0.4550104583869001,0.12421027718717036,163,0,4,0,0,0,0,0,0,0,0,0,0,0.0,0
malware,5d3a6340691840d1a87bfab543faec77b4a9d457991dd938834de820a99685f7.pdf,data\raw\malware_bazaar\5d3a6340691840d1a87bfab543faec77b4a9d457991dd938834de820a99685f7.pdf,771395,68,1,0,0,0,0.014705882352941176,document,0,0,0,0,0,1,1,0,0,0,14,7.992360936342034,6.785441568146983,0.3674745104648073,0.003891650840360645,256,0,0,0,0,0,0,0,0,0,0,0,0,0.0,0
malware,5d53aa219c7f3e699972d1a52c215e278d75ff464c7ad5171c0017303b382593.apk,data\raw\malware_bazaar\5d53aa219c7f3e699972d1a52c215e278d75ff464c7ad5171c0017303b382593.apk,6589792,68,1,0,0,0,0.014705882352941176,archive,1,0,0,1,0,1,1,0,0,0,667,7.954170182386358,6.203718162565726,0.3632720122273966,0.024560562761313257,256,0,0,1,2,0,0,1,3,0,0,0,0,0.0,0
malware,5da0a571769ac09aed3a4562fabe86b03b6b2a87190dcb0501e33734f984715b.7z,data\raw\malware_bazaar\5da0a571769ac09aed3a4562fabe86b03b6b2a87190dcb0501e33734f984715b.7z,2229683,67,1,0,0,0,0.014925373134328358,archive,0,0,0,1,0,1,1,0,0,0,26,7.999917310772677,5.060848182252591,0.3708329838815652,0.003916700266360734,256,0,0,0,0,0,0,0,0,0,0,0,0,0.0,0
malware,5da6ca15d7fadff2c33550469eb7e3521dff59c78094b4b4440fc58fae9addde.doc,data\raw\malware_bazaar\5da6ca15d7fadff2c33550469eb7e3521dff59c78094b4b4440fc58fae9addde.doc,37559,68,1,0,0,0,0.014705882352941176,document,0,0,0,0,0,1,0,1,0,0,17,7.964660335666339,7.4276416060140695,0.37386511887962937,0.019036715567507124,256,0,0,0,0,0,0,0,0,0,0,0,0,0.0,0
malware,5dd77e8d7d97b876026800b045c80e448fdef19f5549068b65dd4e2178d52a65.php,data\raw\malware_bazaar\5dd77e8d7d97b876026800b045c80e448fdef19f5549068b65dd4e2178d52a65.php,212,68,1,0,0,0,0.014705882352941176,script,0,1,0,0,0,0,0,0,0,0,0,5.475843127683983,5.475843127683983,1.0,0.0,60,0,0,0,0,1,0,1,7,0,0,0,0,0.0,0
malware,5dfca625893c0215fd5aabc7be6dfdc7534fd579e2e72a7e58e14dbb3750097c.docx,data\raw\malware_bazaar\5dfca625893c0215fd5aabc7be6dfdc7534fd579e2e72a7e58e14dbb3750097c.docx,228636,69,1,0,0,0,0.014492753623188406,document,0,0,0,0,0,1,1,0,0,0,23,7.9676797434799695,7.801201036310924,0.36434332301124933,0.007264822687590756,256,0,0,0,0,0,0,0,0,0,0,0,0,0.0,0
malware,5dfd481f28167c106af570df03893518d0e63d2933f7226f382c255336bf39da.html,data\raw\malware_bazaar\5dfd481f28167c106af570df03893518d0e63d2933f7226f382c255336bf39da.html,196144,69,0,0,0,0,0.014492753623188406,unknown,0,0,0,0,1,0,0,0,0,0,0,5.080961163689416,5.081213862869894,0.9812280773309405,0.0,92,0,0,0,0,1,0,1,2,0,0,0,0,0.0,0
malware,5e0d7237185c991a46e459828d489681ab840089308b4317d294513d541d4e3f.html,data\raw\malware_bazaar\5e0d7237185c991a46e459828d489681ab840089308b4317d294513d541d4e3f.html,191287,69,0,0,0,0,0.014492753623188406,unknown,0,0,0,0,1,0,0,0,0,0,0,5.049759029025662,5.071285344692384,0.9807514363234302,0.0,92,0,0,0,0,1,1,1,3,0,0,0,0,0.0,0
malware,5f0a8fb984f5fac8718e1cf760a3f997166ff968df2531a094cf615514072576.chm,data\raw\malware_bazaar\5f0a8fb984f5fac8718e1cf760a3f997166ff968df2531a094cf615514072576.chm,10682,68,0,0,0,0,0.014705882352941176,unknown,0,0,0,0,1,0,0,0,0,0,0,2.8965089228391325,1.861068985403735,0.13583598577045497,0.7316981838607003,256,0,0,0,0,0,0,0,0,0,0,0,0,0.0,0
malware,5f2bc3f3db9d33dad0bd97b9b7353f05fe4a313e82feeff6509caa9611fa22e5.wsf,data\raw\malware_bazaar\5f2bc3f3db9d33dad0bd97b9b7353f05fe4a313e82feeff6509caa9611fa22e5.wsf,12264,68,0,0,0,0,0.014705882352941176,unknown,0,0,0,0,1,0,0,0,0,0,0,4.079752917214741,3.7673393056518387,0.11105675146771037,0.0,107,0,0,1,2,0,0,1,3,0,0,0,0,0.0,0
malware,5f397327aeb20718e364bef61e8bad507772708a7d1bf55d8b845170c69f3de0.rtf,data\raw\malware_bazaar\5f397327aeb20718e364bef61e8bad507772708a7d1bf55d8b845170c69f3de0.rtf,5543,68,1,0,0,0,0.014705882352941176,document,0,0,0,0,0,0,0,0,0,0,0,1.926594669568718,3.0152503153265524,0.9880930903842684,0.0,57,0,0,22,0,0,0,22,22,0,0,0,0,0.0,0
malware,5f48a9cc520133498ffa2583413a9159031758f64a31235c0f628277bc6f3446.xlsm,data\raw\malware_bazaar\5f48a9cc520133498ffa2583413a9159031758f64a31235c0f628277bc6f3446.xlsm,581747,69,1,0,0,0,0.014492753623188406,document,0,0,1,0,0,1,1,0,0,0,68,7.934997821668296,6.221521022772303,0.36475478171782577,0.010342984149467037,256,0,0,1,0,0,0,1,1,0,0,0,0,0.0,0
malware,5f81a3a1bb8b3c25e681fc472ddf01ecfe30d8c818e50a0d144f18e354f6ab10.cmd,data\raw\malware_bazaar\5f81a3a1bb8b3c25e681fc472ddf01ecfe30d8c818e50a0d144f18e354f6ab10.cmd,2087,68,1,0,0,0,0.014705882352941176,script,0,1,0,0,0,0,0,0,0,0,0,3.9250209909109035,3.9250209909109035,0.9971250598945856,0.0,55,0,0,0,1,0,0,0,1,0,0,0,0,0.0,0
malware,5f998e1d6563738d4ce887e9ab8e766275a39de370aff2b28c34f030da9fe579.php,data\raw\malware_bazaar\5f998e1d6563738d4ce887e9ab8e766275a39de370aff2b28c34f030da9fe579.php,28659,68,1,0,0,0,0.014705882352941176,script,0,1,0,0,0,0,0,0,0,0,8,5.68012497196751,5.737499151673813,1.0,0.0,78,0,0,1,0,0,0,2,2,0,0,0,0,0.0,0
malware,5fa116e699f23e230c6c17a47d499feae725069ec5186196df24a7346e0f77f5.dll,data\raw\malware_bazaar\5fa116e699f23e230c6c17a47d499feae725069ec5186196df24a7346e0f77f5.dll,5662208,68,1,0,0,0,0.014705882352941176,executable,1,0,0,0,0,1,1,0,0,0,8,5.810499781047089,5.415455022830856,0.2896813398589384,0.2980400931933267,256,109,6,41,2,0,0,41,43,0,0,0,0,0.0,0
malware,5fdf7a0903d90eacf2a689840cd85fafadb45fd009eec03a64e0c35e0e501af2.rar,data\raw\malware_bazaar\5fdf7a0903d90eacf2a689840cd85fafadb45fd009eec03a64e0c35e0e501af2.rar,1142466,68,1,0,0,0,0.014705882352941176,archive,0,0,0,1,0,1,1,0,0,0,22,7.99861178499922,5.370864648336088,0.3745704467353952,0.003970358855318232,256,0,0,0,0,0,0,0,0,0,0,0,0,0.0,0
malware,5ff7a6a6b9329ef9755919cc77dbb12738a47c5a68a0ba16437fffef55715d5b.chm,data\raw\malware_bazaar\5ff7a6a6b9329ef9755919cc77dbb12738a47c5a68a0ba16437fffef55715d5b.chm,15455,68,0,0,0,0,0.014705882352941176,unknown,0,0,0,0,1,0,0,0,0,0,0,5.024748778029533,2.22292275001806,0.2170171465545131,0.4912973147848593,256,0,0,0,0,0,0,0,0,0,0,0,0,0.0,0
malware,6011db9f85ccfd36f9ed3634c49a6f9a5c0e623506695aed7bcd1c3109d083e9.lnk,data\raw\malware_bazaar\6011db9f85ccfd36f9ed3634c49a6f9a5c0e623506695aed7bcd1c3109d083e9.lnk,1902,68,0,0,0,0,0.014705882352941176,unknown,0,0,0,0,1,0,0,0,0,0,0,4.472104225469757,4.472104225469757,0.37381703470031546,0.4747634069400631,186,0,0,0,2,0,0,0,2,0,0,0,0,0.0,0
malware,6029c8f5566feada8ae7037f35c70640428553e04e8035487d7b98c1f5c26f9c.ps1,data\raw\malware_bazaar\6029c8f5566feada8ae7037f35c70640428553e04e8035487d7b98c1f5c26f9c.ps1,22200,68,1,0,0,0,0.014705882352941176,script,0,1,0,0,0,0,0,0,0,0,0,5.466255125779039,5.404064106363155,0.9791441441441442,0.0,113,11,2,0,0,0,0,0,0,0,0,0,0,0.0,0
malware,609139a29d2c832d1f34d4b277b0f4c136bade8536ff5431a28025aea37a9f02.jar,data\raw\malware_bazaar\609139a29d2c832d1f34d4b277b0f4c136bade8536ff5431a28025aea37a9f02.jar,402787,68,1,0,0,0,0.014705882352941176,archive,1,0,0,1,0,1,1,0,0,0,24,7.9992319158907605,7.94273809408397,0.37087095660982106,0.005250914254928784,256,0,0,0,0,0,0,0,0,0,0,0,0,0.0,0
malware,61351d869940b9875400bf4ebd1bdc29f972813473a823acc85db242487212bc.ps1,data\raw\malware_bazaar\61351d869940b9875400bf4ebd1bdc29f972813473a823acc85db242487212bc.ps1,10771,68,1,0,0,0,0.014705882352941176,script,0,1,0,0,0,0,0,0,0,0,1,6.111659203792406,6.072087463299328,0.9916442298765202,0.0,85,0,0,105,0,0,0,105,105,0,0,0,0,0.0,0
malware,6176827bf222db7bad006ea435a9409706087913901290a2af0fe7ea396abca4.jar,data\raw\malware_bazaar\6176827bf222db7bad006ea435a9409706087913901290a2af0fe7ea396abca4.jar,16624618,68,1,0,0,0,0.014705882352941176,archive,1,0,0,1,0,1,1,0,0,0,267,7.999985116499065,7.9318013707295725,0.3712305449665069,0.003997745993321471,256,0,0,0,2,0,0,0,2,0,0,0,0,0.0,0
malware,61796532bc900a9f4ee9e27680693cfc8f8783d0e2f97db50d0b240a94803253.pdf,data\raw\malware_bazaar\61796532bc900a9f4ee9e27680693cfc8f8783d0e2f97db50d0b240a94803253.pdf,3985499,68,1,0,0,0,0.014705882352941176,document,0,0,0,0,0,1,1,0,0,0,45,7.9966693778859455,6.919243288373612,0.3697745250971083,0.002930624245546166,256,5,0,14,0,0,0,14,14,0,0,0,0,0.0,0
malware,6194d3911db1a61610ab65b897fe2eafcdd454b0d38faec706ba6fb32eca3d48.ps1,data\raw\malware_bazaar\6194d3911db1a61610ab65b897fe2eafcdd454b0d38faec706ba6fb32eca3d48.ps1,14593,68,1,0,0,0,0.014705882352941176,script,0,1,0,0,0,0,0,0,0,0,0,4.4219438535728814,4.380741620097552,0.9975330637977112,0.0,81,0,0,4,1,0,0,4,5,0,0,0,0,0.0,0
malware,6197de9fe8fd531ba4c5a5fe54718b01294cff013bbf56ecbbe680ac5ccd4eca.rtf,data\raw\malware_bazaar\6197de9fe8fd531ba4c5a5fe54718b01294cff013bbf56ecbbe680ac5ccd4eca.rtf,279485,68,1,0,0,0,0.014705882352941176,document,0,0,0,0,0,0,0,0,0,0,0,2.3765885480933022,5.667503446217859,0.28261981859491564,0.0,100,0,0,2,0,0,0,2,2,0,0,0,0,0.0,0
malware,61a30c953239ed559f05b86db2b5ad82a042baaf1ecf8d46d11e474ef78864c0.html,data\raw\malware_bazaar\61a30c953239ed559f05b86db2b5ad82a042baaf1ecf8d46d11e474ef78864c0.html,196129,69,0,0,0,0,0.014492753623188406,unknown,0,0,0,0,1,0,0,0,0,0,0,5.061504030360763,5.076353591918584,0.9812266416491187,0.0,92,0,0,0,0,1,2,3,6,0,0,0,0,0.0,0
malware,61c4218a16f11676f8ba7cb2adbc6d00801d73bafe0615b29509e187b0296610.jar,data\raw\malware_bazaar\61c4218a16f11676f8ba7cb2adbc6d00801d73bafe0615b29509e187b0296610.jar,3490864,68,1,0,0,0,0.014705882352941176,archive,1,0,0,1,0,1,1,0,0,0,759,7.992169615912859,7.944106902291435,0.3772524509691583,0.010417478309094825,256,0,0,0,0,0,0,0,0,0,0,0,0,0.0,0
malware,624decbc0445e51873436e42699323bf48093e0c4ba5ea1d348e9e5a1822579b.chm,data\raw\malware_bazaar\624decbc0445e51873436e42699323bf48093e0c4ba5ea1d348e9e5a1822579b.chm,10719,68,0,0,0,0,0.014705882352941176,unknown,0,0,0,0,1,0,0,0,0,0,1,2.8796194179732155,1.8060258603900823,0.13527381285567683,0.7346767422334173,256,0,0,0,0,0,0,0,0,0,0,0,0,0.0,0
malware,625f912f4bdb5df0f2584f6b162c8602e5bb756b4853b94a12b9b9dadc25b915.lnk,data\raw\malware_bazaar\625f912f4bdb5df0f2584f6b162c8602e5bb756b4853b94a12b9b9dadc25b915.lnk,68502,68,0,0,0,0,0.014705882352941176,unknown,0,0,0,0,1,0,0,0,0,0,1,7.754769322007677,3.725463609393584,0.4540743335960994,0.051721117631602,256,12,0,1,1,0,0,1,2,0,0,0,0,0.0,0
malware,627ab884129c30e84d46b9291b68a32a0b0d96775b2bd2beccf3b9d1463be939.docx,data\raw\malware_bazaar\627ab884129c30e84d46b9291b68a32a0b0d96775b2bd2beccf3b9d1463be939.docx,367104,69,1,0,0,0,0.014492753623188406,document,0,0,0,0,0,1,1,0,0,0,32,7.983532573967725,7.796233501765103,0.3637416100069735,0.0061998779637377965,256,0,0,0,0,0,0,0,0,0,0,0,0,0.0,0
malware,62cddd05a895b1948e6a65e4002e0b2d09954dda2e75889d95f4f8e09015f5b6.rtf,data\raw\malware_bazaar\62cddd05a895b1948e6a65e4002e0b2d09954dda2e75889d95f4f8e09015f5b6.rtf,4507697,68,1,0,0,0,0.014705882352941176,document,0,0,0,0,0,0,0,0,0,0,0,4.929724543695085,4.037269637091023,0.9987758715814306,0.0,85,1,0,292,0,0,0,292,292,0,0,0,0,0.0,0
malware,62d4ce36164f11cc893fd42225456bf2185b3a86f7bc463f8a03131d521b9a7d.wsf,data\raw\malware_bazaar\62d4ce36164f11cc893fd42225456bf2185b3a86f7bc463f8a03131d521b9a7d.wsf,2474,68,0,0,0,0,0.014705882352941176,unknown,0,0,0,0,1,0,0,0,0,0,1,5.821963410569986,5.821963410569986,0.9725141471301536,0.0,74,0,0,1,0,0,0,1,1,0,0,0,0,0.0,0
malware,62faa8c54f0d300196dc5d4e8e4e5c7bc248c2ec6d5aa667aa76ebd53cfd51da.iso,data\raw\malware_bazaar\62faa8c54f0d300196dc5d4e8e4e5c7bc248c2ec6d5aa667aa76ebd53cfd51da.iso,237568,68,0,0,0,0,0.014705882352941176,unknown,0,0,0,0,1,0,0,0,0,0,47,5.64238088573833,0.0,0.8099449420797413,0.1851385708512931,192,0,0,69,0,0,0,69,69,0,0,0,0,0.0,0
malware,632acee04177d5c8b0e2905c9358b209b672d48e39ef274eb9940f5e15e68a2f.php,data\raw\malware_bazaar\632acee04177d5c8b0e2905c9358b209b672d48e39ef274eb9940f5e15e68a2f.php,6357,68,1,0,0,0,0.014705882352941176,script,0,1,0,0,0,0,0,0,0,0,2,5.646632457988425,5.659512061440157,0.9995280792826805,0.0,88,0,0,0,0,2,0,0,2,0,0,0,0,0.0,0
malware,63898fa3645e69a333f8ea158d0c4e7bb20a4265f0d4597f50ee2ffffc9df820.apk,data\raw\malware_bazaar\63898fa3645e69a333f8ea158d0c4e7bb20a4265f0d4597f50ee2ffffc9df820.apk,899746,68,1,0,0,0,0.014705882352941176,archive,1,0,0,1,0,1,1,0,0,0,140,7.6952586245323795,7.892418477959283,0.45114065525159325,0.05240923549535091,256,3,1,15,0,0,0,15,15,0,0,0,0,0.0,0
malware,63ebc5bb3a36ac820fddc9ccdd48a19bf8fc4b08fa4b5044bdf1027dbdce42e8.dll,data\raw\malware_bazaar\63ebc5bb3a36ac820fddc9ccdd48a19bf8fc4b08fa4b5044bdf1027dbdce42e8.dll,3584,68,1,0,0,0,0.014705882352941176,executable,1,0,0,0,0,1,1,0,0,0,0,2.7473949687156223,2.7473949687156223,0.228515625,0.6953125,148,0,0,0,0,0,0,0,0,0,0,0,0,0.0,0
malware,63f972a90d68f3d8e646ad3f313abb4640a3a803490772c9d53ded240337b720.chm,data\raw\malware_bazaar\63f972a90d68f3d8e646ad3f313abb4640a3a803490772c9d53ded240337b720.chm,11876,68,0,0,0,0,0.014705882352941176,unknown,0,0,0,0,1,0,0,0,0,0,0,3.5848970858799194,1.8505977633017228,0.1644493095318289,0.6593971034018188,256,0,0,0,0,0,0,0,0,0,0,0,0,0.0,0
malware,63fd57f5460f8e17045e41aed1b601f6fc6962f0de897b1d8a5f71d24dfd77e1.doc,data\raw\malware_bazaar\63fd57f5460f8e17045e41aed1b601f6fc6962f0de897b1d8a5f71d24dfd77e1.doc,120561,68,1,0,0,0,0.014705882352941176,document,0,0,0,0,0,0,0,0,0,0,0,2.8134492208878092,5.600351665211303,0.37483099841573975,0.0,75,0,0,6,0,0,0,6,6,0,0,0,0,0.0,0
malware,642ffa36afdb63d7598f3fa0fa229a05ff132ddb6167ac796d15e7bdc49ae81b.wsf,data\raw\malware_bazaar\642ffa36afdb63d7598f3fa0fa229a05ff132ddb6167ac796d15e7bdc49ae81b.wsf,20405,68,0,0,0,0,0.014705882352941176,unknown,0,0,0,0,1,0,0,0,0,0,0,5.400046655057918,5.197179919339689,0.9447684391080617,0.0,96,0,0,26,0,1,0,26,27,0,0,0,0,0.0,0
malware,643566fb0d942de9646fe81c5471363ca3859082ac1fd0deb622a253eeb3f803.html,data\raw\malware_bazaar\643566fb0d942de9646fe81c5471363ca3859082ac1fd0deb622a253eeb3f803.html,4091,69,0,0,0,0,0.014492753623188406,unknown,0,0,0,0,1,0,0,0,0,0,0,5.828482548677061,5.828482548677061,0.9721339525788316,0.0,72,0,0,53,0,0,0,53,53,0,0,0,0,0.0,0
malware,6504e90f463974d97e7ebf401d4c1a557ed6c06bae143718d6f74b5f9ae50952.pdf,data\raw\malware_bazaar\6504e90f463974d97e7ebf401d4c1a557ed6c06bae143718d6f74b5f9ae50952.pdf,53703,68,1,0,0,0,0.014705882352941176,document,0,0,0,0,0,1,1,0,0,0,1,4.576249032866515,5.614993999655495,0.24395285179598905,0.22585330428467684,256,7,1,1,1,0,0,1,2,0,0,0,0,0.0,0
malware,6506dbc9ed2f9fc514ccbc369a90d36cacc0e98862c6947d358cccace33959f4.chm,data\raw\malware_bazaar\6506dbc9ed2f9fc514ccbc369a90d36cacc0e98862c6947d358cccace33959f4.chm,835866,68,0,0,0,0,0.014705882352941176,unknown,0,0,0,0,1,0,0,0,0,0,14,7.986210104902888,1.8492190622430955,0.3637389246601728,0.0133239059849306,256,0,0,0,0,0,0,0,0,0,0,0,0,0.0,0
malware,652357261bcf54fb1eb113aac10f24514442ecec668424bbb8a0d52f93fcae48.vbs,data\raw\malware_bazaar\652357261bcf54fb1eb113aac10f24514442ecec668424bbb8a0d52f93fcae48.vbs,905949,68,1,0,0,0,0.014705882352941176,script,0,1,0,0,0,0,0,0,0,0,0,5.403817939805119,5.398614735347108,0.2545893863782619,0.0,116,0,0,4,0,0,0,4,4,0,0,0,0,0.0,0
malware,654f64557fb56ef3237c862fa0ca537d3d9e6c39260fba04f45e0ed23a878ebd.doc,data\raw\malware_bazaar\654f64557fb56ef3237c862fa0ca537d3d9e6c39260fba04f45e0ed23a878ebd.doc,44947,68,1,0,0,0,0.014705882352941176,document,0,0,0,0,0,1,0,1,0,0,16,7.9736276578812735,7.3921748215828735,0.36707677931786326,0.01455047055420829,256,0,0,0,0,0,0,0,0,0,0,0,0,0.0,0
malware,655c4b5256108b79440e8335bb11dcc181e0534ce988871aabbcbd17dda77c6d.hta,data\raw\malware_bazaar\655c4b5256108b79440e8335bb11dcc181e0534ce988871aabbcbd17dda77c6d.hta,3031,68,0,0,0,0,0.014705882352941176,unknown,0,0,0,0,1,0,0,0,0,0,0,5.569241756671997,5.569241756671997,0.9808644011877268,0.0,86,0,0,0,0,0,0,20,20,0,0,0,0,0.0,0
malware,656db22934e54eaac9aac71e66ea8e103d0eaea183861ec5956fd73e44fb80ba.rar,data\raw\malware_bazaar\656db22934e54eaac9aac71e66ea8e103d0eaea183861ec5956fd73e44fb80ba.rar,2936,68,1,0,0,0,0.014705882352941176,archive,0,0,0,1,0,1,1,0,0,0,0,7.806157147396418,5.138105320957341,0.37057220708446864,0.04495912806539509,256,0,0,0,0,0,0,0,0,0,0,0,0,0.0,0
malware,6590d9056b142452cc3133327c4a2d7d38175728b1512581b6abded3de8510a4.doc,data\raw\malware_bazaar\6590d9056b142452cc3133327c4a2d7d38175728b1512581b6abded3de8510a4.doc,76421,68,1,0,0,0,0.014705882352941176,document,0,0,0,0,0,1,0,1,0,0,17,7.988921116771218,7.437602272640384,0.3714947462085029,0.010193533191138561,256,0,0,0,0,0,0,0,0,0,0,0,0,0.0,0
malware,659fada1cbf0ed66a13bbf11bfc2d7153f10c15c7753c3c9c3579762999cf232.jar,data\raw\malware_bazaar\659fada1cbf0ed66a13bbf11bfc2d7153f10c15c7753c3c9c3579762999cf232.jar,74840,68,1,0,0,0,0.014705882352941176,archive,1,0,0,1,0,1,1,0,0,0,12,7.9908864810645746,7.936973899733303,0.37466595403527525,0.010154997327632281,256,0,0,0,0,0,0,0,0,0,0,0,0,0.0,0
malware,65dca34b04416f9a113f09718cbe51e11fd58e7287b7863e37f393ed4d25dde7.pdf,data\raw\malware_bazaar\65dca34b04416f9a113f09718cbe51e11fd58e7287b7863e37f393ed4d25dde7.pdf,254698,68,1,0,0,0,0.014705882352941176,document,0,0,0,0,0,1,1,0,0,0,3,7.4303009314568795,5.359811034520664,0.6614500310171262,0.025571461102953302,256,0,0,9,0,0,0,9,9,0,0,0,0,0.0,0
malware,665598166efa71674b561fc02ca1d6e0ebfddbaf7d2b75008b71e540a5ea4158.xlsx,data\raw\malware_bazaar\665598166efa71674b561fc02ca1d6e0ebfddbaf7d2b75008b71e540a5ea4158.xlsx,11754,69,1,0,0,0,0.014492753623188406,document,0,0,0,0,0,1,1,0,0,0,11,7.066176099555216,6.163455151675378,0.32516590096988257,0.2006125574272588,256,0,0,0,0,0,0,0,0,0,0,0,0,0.0,0
malware,66bdf27c0576654f37bd0c1122354ad5eb823c09eff5bd4caf1e713f21c436b3.xlsm,data\raw\malware_bazaar\66bdf27c0576654f37bd0c1122354ad5eb823c09eff5bd4caf1e713f21c436b3.xlsm,95419,69,1,0,0,0,0.014492753623188406,document,0,0,1,0,0,1,1,0,0,0,42,7.906477626996137,6.204822548101801,0.3668346974921137,0.040578920340812626,256,0,0,0,0,0,0,0,0,0,0,0,0,0.0,0
malware,671c01c2dd70bc8f367cae2b177ef2b65f7ec0e88da4e812fb89f09f3e48b9c4.xls,data\raw\malware_bazaar\671c01c2dd70bc8f367cae2b177ef2b65f7ec0e88da4e812fb89f09f3e48b9c4.xls,209408,68,1,0,0,0,0.014705882352941176,document,0,0,0,0,0,0,0,0,0,0,5,7.541284613210958,0.9959137098014725,0.3347054553789731,0.11272730745721271,256,0,0,0,0,0,0,0,0,0,0,0,0,0.0,0
malware,676f260ddaa0342ce9410b090db49bbcfd8b238df6d91446afbe2511649dd416.doc,data\raw\malware_bazaar\676f260ddaa0342ce9410b090db49bbcfd8b238df6d91446afbe2511649dd416.doc,311512,68,1,0,0,0,0.014705882352941176,document,0,0,0,0,0,1,0,1,0,0,26,7.99786897547508,7.498069853587742,0.36839030278127327,0.005614550964328822,256,0,0,0,0,0,0,0,0,0,0,0,0,0.0,0
malware,67c6c927c4ea90c88c710bed90e71403c36c2de29100c197d7bbd5a8cde1ed24.docx,data\raw\malware_bazaar\67c6c927c4ea90c88c710bed90e71403c36c2de29100c197d7bbd5a8cde1ed24.docx,228608,69,1,0,0,0,0.014492753623188406,document,0,0,0,0,0,1,1,0,0,0,22,7.967389411545626,7.798418490028239,0.3640380039193729,0.00726571248600224,256,0,0,0,0,0,0,0,0,0,0,0,0,0.0,0
malware,680a803030b7631f1a8bef5628a7819563c04b98b644ea603aa1b6a2bf21234b.rtf,data\raw\malware_bazaar\680a803030b7631f1a8bef5628a7819563c04b98b644ea603aa1b6a2bf21234b.rtf,4642836,68,1,0,0,0,0.014705882352941176,document,0,0,0,0,0,0,0,0,0,0,0,4.864552262940756,4.037269637091023,0.9988115022800719,0.0,85,1,0,292,0,0,0,292,292,0,0,0,0,0.0,0
malware,681b1da6205fb081be44f00c88c3e694f665038b21690a55b7df99f08dd7c39d.iso,data\raw\malware_bazaar\681b1da6205fb081be44f00c88c3e694f665038b21690a55b7df99f08dd7c39d.iso,1441792,68,0,0,0,0,0.014705882352941176,unknown,0,0,0,0,1,0,0,0,0,0,5,5.001741357135649,0.0,0.19858759099786932,0.46731081875887787,256,0,5,0,0,0,0,0,0,0,0,0,0,0.0,0
malware,681da0808d79ec5316dac421127c2c2beb709ee97f6062b4f5aaeb2d31d2c9e7.doc,data\raw\malware_bazaar\681da0808d79ec5316dac421127c2c2beb709ee97f6062b4f5aaeb2d31d2c9e7.doc,162371,68,1,0,0,0,0.014705882352941176,document,0,0,0,0,0,1,0,1,0,0,25,7.99533707037918,7.4879253202209055,0.3750731349810003,0.0072365139095035445,256,0,0,0,0,0,0,0,0,0,0,0,0,0.0,0
malware,68518c86ab7514097e33a0c13353af1111ab659fc10ef4ede2dd00ce7a55123a.docm,data\raw\malware_bazaar\68518c86ab7514097e33a0c13353af1111ab659fc10ef4ede2dd00ce7a55123a.docm,5788548,69,1,0,0,0,0.014492753623188406,document,0,0,1,0,0,1,1,0,0,0,109,7.999188291320254,6.180505836360547,0.37306108543973376,0.004291231583464454,256,0,0,0,0,0,0,0,0,0,0,0,0,0.0,0
malware,6875ea4f4d69b8209b46fcfe8db47be34ff8aa20938c60e36f61caca43b6f6b5.php,data\raw\malware_bazaar\6875ea4f4d69b8209b46fcfe8db47be34ff8aa20938c60e36f61caca43b6f6b5.php,28650,68,1,0,0,0,0.014705882352941176,script,0,1,0,0,0,0,0,0,0,0,8,5.677970091705728,5.727504590041122,1.0,0.0,78,0,0,1,0,0,0,2,2,0,0,0,0,0.0,0
malware,687e4c6abafed7a6a92ff97f0afd78e6783bd926b7a61050a952eb09267ffb02.img,data\raw\malware_bazaar\687e4c6abafed7a6a92ff97f0afd78e6783bd926b7a61050a952eb09267ffb02.img,1497088,68,0,0,0,0,0.014705882352941176,unknown,0,0,0,0,1,0,0,0,0,0,27,7.899917216081128,0.0,0.36110034947845415,0.04459323700410397,256,0,7,0,0,0,0,0,0,0,0,0,0,0.0,0
malware,687f4a4b6119e88abcd7aea1223287e0cebe5f7a424371676ab7e11bc3fec2ab.wsf,data\raw\malware_bazaar\687f4a4b6119e88abcd7aea1223287e0cebe5f7a424371676ab7e11bc3fec2ab.wsf,663,68,0,0,0,0,0.014705882352941176,unknown,0,0,0,0,1,0,0,0,0,0,0,5.454402857075816,5.454402857075816,0.9547511312217195,0.0,65,0,0,0,0,0,0,0,0,0,0,0,0,0.0,0
malware,6888967d6ab35e6bcaca0e041e24e457226f39cf81d0c16d6e772d6a806e2ccb.js,data\raw\malware_bazaar\6888967d6ab35e6bcaca0e041e24e457226f39cf81d0c16d6e772d6a806e2ccb.js,2737121,67,1,0,0,0,0.014925373134328358,script,0,1,0,0,0,0,0,0,0,0,5,3.856124896689287,5.180913429670074,0.9980453914898172,0.0,83,0,0,2641,1,0,0,2642,2643,0,0,0,0,0.0,0
malware,6897b649f29e54d8910459963bbf94ed5c7a4fe66a56bc5962540b226b8e48c4.html,data\raw\malware_bazaar\6897b649f29e54d8910459963bbf94ed5c7a4fe66a56bc5962540b226b8e48c4.html,68829,69,0,0,0,0,0.014492753623188406,unknown,0,0,0,0,1,0,0,0,0,0,0,5.885260553679904,5.09556860931162,0.9976463409318747,0.0,88,0,0,72,0,1,0,72,73,0,0,0,0,0.0,0
malware,68b70ca29b25774016418ff050774996ea9c8ecdb93b561d60cc5b7a39952d2b.doc,data\raw\malware_bazaar\68b70ca29b25774016418ff050774996ea9c8ecdb93b561d60cc5b7a39952d2b.doc,157082,68,1,0,0,0,0.014705882352941176,document,0,0,0,0,0,1,0,1,0,0,26,7.96900290471756,7.4908740995262315,0.367254045657682,0.007327383150201806,256,0,0,0,0,0,0,0,0,0,0,0,0,0.0,0
malware,68e82279bff55cf3b9f1f22ec4a165b1b1245a359f7e8d86664b2541d8f8d3fe.docx,data\raw\malware_bazaar\68e82279bff55cf3b9f1f22ec4a165b1b1245a359f7e8d86664b2541d8f8d3fe.docx,252705,69,1,0,0,0,0.014492753623188406,document,0,0,0,0,0,1,1,0,0,0,19,7.955260797775494,7.834018757152557,0.36630458439682634,0.004558675135038879,256,0,0,0,0,0,0,0,0,0,0,0,0,0.0,0
malware,68ed751308c3949cbac5d6cb8052512db50c52fd7b5e4075bbf27ee7f78c5aaf.hta,data\raw\malware_bazaar\68ed751308c3949cbac5d6cb8052512db50c52fd7b5e4075bbf27ee7f78c5aaf.hta,16118,68,0,0,0,0,0.014705882352941176,unknown,0,0,0,0,1,0,0,0,0,0,0,5.1555031234595505,5.000826401819912,0.9739421764486909,0.0,89,0,0,142,1,0,0,142,143,0,0,0,0,0.0,0
malware,693ea9f0837c9e0c0413da6198b6316a6ca6dfd9f4d3db71664d2270a65bcf38.pdf,data\raw\malware_bazaar\693ea9f0837c9e0c0413da6198b6316a6ca6dfd9f4d3db71664d2270a65bcf38.pdf,107449,68,1,0,0,0,0.014705882352941176,document,0,0,0,0,0,0,0,0,0,0,6,3.9787093167302423,5.357107178658749,0.9989948719857793,0.0,98,2,0,1,5,0,0,1,6,0,0,0,0,0.0,0
malware,694957963dc492cb933bfb816a88e6c0da2811be3d958e555b3d1c63a0c46f2f.js,data\raw\malware_bazaar\694957963dc492cb933bfb816a88e6c0da2811be3d958e555b3d1c63a0c46f2f.js,508916,67,1,0,0,0,0.014925373134328358,script,0,1,0,0,0,1,0,1,0,0,0,4.355418801190574,3.881575834620719,0.44101973606646283,0.2266189312185115,129,0,0,0,0,0,0,0,0,0,0,0,0,0.0,0
malware,696329a31289fd29b81a5fcaeedec83bea3cd21aa9a721ae50650a6a1ac6c00e.dll,data\raw\malware_bazaar\696329a31289fd29b81a5fcaeedec83bea3cd21aa9a721ae50650a6a1ac6c00e.dll,20386816,68,1,0,0,0,0.014705882352941176,executable,1,0,0,0,0,1,1,0,0,0,165,4.222644082903227,4.733005585759036,0.15174571644733537,0.07518398164774726,256,14,2,6,0,2,0,6,8,0,0,0,0,0.0,0
malware,6a8578a8755cf42d5379b804d0228e87d9eafc601ff80f7ee813fe75ef3077f0.rtf,data\raw\malware_bazaar\6a8578a8755cf42d5379b804d0228e87d9eafc601ff80f7ee813fe75ef3077f0.rtf,135959,68,1,0,0,0,0.014705882352941176,document,0,0,0,0,0,0,0,0,0,0,0,2.477871871175087,5.925248183787562,0.44411918298898934,0.0,100,0,0,2,0,0,0,2,2,0,0,0,0,0.0,0
malware,6ad6c38552304b963d6a53e77078c6741cbebf52e758716c470be92c79805cb4.docx,data\raw\malware_bazaar\6ad6c38552304b963d6a53e77078c6741cbebf52e758716c470be92c79805cb4.docx,278390,69,1,0,0,0,0.014492753623188406,document,0,0,0,0,0,1,1,0,0,0,24,7.978470544861672,7.801325570931237,0.364355759905169,0.006806997377779374,256,0,0,0,0,0,0,0,0,0,0,0,0,0.0,0
malware,6b45e1a38609b9b7f2f2508b0b38f700a75ee1ea9b6c548d1a086bd91863efc3.wsf,data\raw\malware_bazaar\6b45e1a38609b9b7f2f2508b0b38f700a75ee1ea9b6c548d1a086bd91863efc3.wsf,869,68,0,0,0,0,0.014705882352941176,unknown,0,0,0,0,1,0,0,0,0,0,0,5.423962031442905,5.423962031442905,0.9447640966628308,0.0,67,0,0,0,0,0,0,0,0,0,0,0,0,0.0,0
malware,6b465dc7cc21ba92d848425f8eabae3dc9f72d873d92a7b18639fd79814c7b1b.dll,data\raw\malware_bazaar\6b465dc7cc21ba92d848425f8eabae3dc9f72d873d92a7b18639fd79814c7b1b.dll,5267459,68,1,0,0,0,0.014705882352941176,executable,1,0,0,0,0,1,1,0,0,0,82,2.437998510380078,0.6948465335344319,0.08778635011682104,0.7877143419626047,256,1,0,32,1,0,0,32,33,0,0,0,0,0.0,0
malware,6b4aaed608bf71ccf32299c11fc57b31641a019eeded96bddc59870423bb8f2e.xlsx,data\raw\malware_bazaar\6b4aaed608bf71ccf32299c11fc57b31641a019eeded96bddc59870423bb8f2e.xlsx,28672,69,1,0,0,0,0.014492753623188406,document,0,0,0,0,0,0,0,0,0,0,0,6.123836710717398,3.898947835756698,0.27608816964285715,0.26663643973214285,256,0,0,0,0,0,0,0,0,0,0,0,0,0.0,0
malware,6b56330453cc8a4b161ac71d6a9438d0aa8b9ff9971e42e64e2645e313445dbc.hta,data\raw\malware_bazaar\6b56330453cc8a4b161ac71d6a9438d0aa8b9ff9971e42e64e2645e313445dbc.hta,14625,68,0,0,0,0,0.014705882352941176,unknown,0,0,0,0,1,0,0,0,0,0,0,0.1357901947215448,0.34105271896635425,0.9987692307692307,0.0,46,0,0,0,0,0,0,0,0,0,0,0,0,0.0,0
malware,6b70026b99b60a9bf104d6bd954a8a716c2038ac0074458bf190c61bab544cc8.ps1,data\raw\malware_bazaar\6b70026b99b60a9bf104d6bd954a8a716c2038ac0074458bf190c61bab544cc8.ps1,90553,68,1,0,0,0,0.014705882352941176,script,0,1,0,0,0,0,0,0,0,0,4,5.440055402262491,5.898901434144467,0.9849701279913421,0.0,81,0,0,212,0,0,0,212,212,0,0,0,0,0.0,0
malware,6bfce1bf08377c2645bdaa0e710f4ccf91700038baba39cb464020373fab031f.xlsx,data\raw\malware_bazaar\6bfce1bf08377c2645bdaa0e710f4ccf91700038baba39cb464020373fab031f.xlsx,656020,69,1,0,0,0,0.014492753623188406,document,0,0,0,0,0,1,0,1,0,0,22,7.997954248465671,7.90635681882113,0.3730023474894058,0.0033352641687753423,256,0,0,0,0,0,0,0,0,0,0,0,0,0.0,0
malware,6c0511d9a2f5cf0c42366879ada1a223e3c4008b11bb191aa412efbd8f24e136.img,data\raw\malware_bazaar\6c0511d9a2f5cf0c42366879ada1a223e3c4008b11bb191aa412efbd8f24e136.img,1861632,68,0,0,0,0,0.014705882352941176,unknown,0,0,0,0,1,0,0,0,0,0,34,7.942116514584661,0.0,0.3620758560231023,0.03218358945269527,256,0,4,0,0,0,0,0,0,0,0,0,0,0.0,0
malware,6c469190922ed04804ba7561a8f61b90448432098b756eb2e4d31e884f81399d.bat,data\raw\malware_bazaar\6c469190922ed04804ba7561a8f61b90448432098b756eb2e4d31e884f81399d.bat,3694,68,1,0,0,0,0.014705882352941176,script,0,1,0,0,0,0,0,0,0,0,0,5.172668712494341,5.172668712494341,0.9680563075257174,0.0,76,4,0,0,6,0,0,0,6,0,0,0,0,0.0,0
malware,6c7b2aaae4101550fb73fe24d98a3fef8eb0c4ee4dc1444f19c54f6fd67b70f7.cmd,data\raw\malware_bazaar\6c7b2aaae4101550fb73fe24d98a3fef8eb0c4ee4dc1444f19c54f6fd67b70f7.cmd,313,68,1,0,0,0,0.014705882352941176,script,0,1,0,0,0,0,0,0,0,0,0,5.422323794439782,5.422323794439782,0.9936102236421726,0.0,64,1,0,0,3,0,0,0,3,0,0,0,0,0.0,0
malware,6c8cc3088a9f3f4d2d4ae123297b81d8ab86893cfad1bb992b5b0111eb2d7e21.wsf,data\raw\malware_bazaar\6c8cc3088a9f3f4d2d4ae123297b81d8ab86893cfad1bb992b5b0111eb2d7e21.wsf,789,68,0,0,0,0,0.014705882352941176,unknown,0,0,0,0,1,0,0,0,0,0,0,5.2657301213211225,5.2657301213211225,0.9340937896070975,0.0,65,0,0,0,0,0,0,0,0,0,0,0,0,0.0,0
malware,6c95e1fc4fe30c0a2c3af0cde36544b2a7b3929d18a9b2440d39ae30c95c055a.7z,data\raw\malware_bazaar\6c95e1fc4fe30c0a2c3af0cde36544b2a7b3929d18a9b2440d39ae30c95c055a.7z,28298,67,1,0,0,0,0.014925373134328358,archive,0,0,0,1,0,1,0,1,0,0,0,7.92758764939314,5.222274413893479,0.36458406954555095,0.014347303696374302,256,0,0,0,0,0,0,0,0,0,0,0,0,0.0,0
malware,6c9aca8232da68846da73c98b6d114dc2e343456a6aeafb8e6fa5d00b0fe2e9a.vbs,data\raw\malware_bazaar\6c9aca8232da68846da73c98b6d114dc2e343456a6aeafb8e6fa5d00b0fe2e9a.vbs,17830,68,1,0,0,0,0.014705882352941176,script,0,1,0,0,0,0,0,0,0,0,1,5.781655806164656,5.234827607447911,0.9675827257431295,0.0,93,0,0,14,0,0,0,14,14,0,0,0,0,0.0,0
malware,6d5a53c3e6acbb2df8030baa517621cb5ac3da32a0e7d82c9e7826ad7479ccea.docm,data\raw\malware_bazaar\6d5a53c3e6acbb2df8030baa517621cb5ac3da32a0e7d82c9e7826ad7479ccea.docm,96099,69,1,0,0,0,0.014492753623188406,document,0,0,1,0,0,1,1,0,0,0,22,7.979878493578317,7.794972903735996,0.36733993069646925,0.01631650693555604,256,0,0,0,0,0,0,0,0,0,0,0,0,0.0,0
malware,6dbec719cbb48336123cc4e6665ff69f55d6d182f3db285136cab794888b1ff2.dll,data\raw\malware_bazaar\6dbec719cbb48336123cc4e6665ff69f55d6d182f3db285136cab794888b1ff2.dll,3915776,68,1,0,0,0,0.014705882352941176,executable,1,0,0,0,0,1,1,0,0,0,109,6.687271187017072,6.851828142159712,0.3492661480125523,0.17934222999476987,256,0,0,2,1,1,0,2,4,0,0,0,0,0.0,0
malware,6e0cc362c4fb990304c67d1c6e4d60d429e400bbde2df5917a7a702c1c0f3b96.hta,data\raw\malware_bazaar\6e0cc362c4fb990304c67d1c6e4d60d429e400bbde2df5917a7a702c1c0f3b96.hta,11966,68,0,0,0,0,0.014705882352941176,unknown,0,0,0,0,1,0,0,0,0,0,0,5.5458779276015004,4.987490004251092,0.9874644827009861,0.0,92,2,0,0,0,0,0,0,0,0,0,0,0,0.0,0
malware,6e31820a404105ff219231b7abd672bdabbef024214341ac7974167f907ba785.jar,data\raw\malware_bazaar\6e31820a404105ff219231b7abd672bdabbef024214341ac7974167f907ba785.jar,7099307,68,1,0,0,0,0.014705882352941176,archive,1,0,0,1,0,1,1,0,0,0,125,7.9999737750868265,7.927712292912487,0.37137075492016336,0.004056311411803997,256,0,0,2,0,0,0,2,2,0,0,0,0,0.0,0
malware,6e42d822c0d4766fe860eecd41bec7ad0f19ca8f36b98dd929e606532b160ea2.docx,data\raw\malware_bazaar\6e42d822c0d4766fe860eecd41bec7ad0f19ca8f36b98dd929e606532b160ea2.docx,367110,69,1,0,0,0,0.014492753623188406,document,0,0,0,0,0,1,1,0,0,0,32,7.9840404161861995,7.796381638704138,0.36349595489090464,0.00611533327885375,256,0,0,0,0,0,0,0,0,0,0,0,0,0.0,0
malware,6e679d77e2ca2f8cfbbe65306d0dea83fc3363ab2254a2afe33ac82f821fdd87.vbs,data\raw\malware_bazaar\6e679d77e2ca2f8cfbbe65306d0dea83fc3363ab2254a2afe33ac82f821fdd87.vbs,3287266,68,1,0,0,0,0.014705882352941176,script,0,1,0,0,0,0,0,0,0,0,658,6.02967560334054,0.031803565870704306,0.9996343465968376,0.0,91,0,0,368,0,0,0,368,368,0,0,0,0,0.0,0
malware,6efd4a66d9449fc98a00a0f6fd600a63cf173a02b10f934a69528d8ed368f145.bat,data\raw\malware_bazaar\6efd4a66d9449fc98a00a0f6fd600a63cf173a02b10f934a69528d8ed368f145.bat,135,68,1,0,0,0,0.014705882352941176,script,0,1,0,0,0,0,0,0,0,0,0,4.988607670364177,4.988607670364177,0.9407407407407408,0.0,43,1,0,0,0,0,0,0,0,0,0,0,0,0.0,0
malware,6f267fbd4ac2ec09001acf5f05bf771f2aec57a3b9fa446754dc88a9c13fb5d5.pdf,data\raw\malware_bazaar\6f267fbd4ac2ec09001acf5f05bf771f2aec57a3b9fa446754dc88a9c13fb5d5.pdf,75321,68,1,0,0,0,0.014705882352941176,document,0,0,0,0,0,1,1,0,0,0,1,7.702947543995036,7.260738785252427,0.5189389413311029,0.002403048286666401,256,0,1,0,0,0,0,0,0,0,0,0,0,0.0,0
malware,6f558a93bcaa6c348beb37dee9a0d05cffac8b328d7300bea28123303eaf9dc4.xls,data\raw\malware_bazaar\6f558a93bcaa6c348beb37dee9a0d05cffac8b328d7300bea28123303eaf9dc4.xls,874496,68,1,0,0,0,0.014705882352941176,document,0,0,0,0,0,0,0,0,0,0,39,7.906550680285023,1.4349645843172738,0.3562040306645199,0.04008823367974239,256,2,0,2,0,0,0,2,2,0,0,0,0,0.0,0
malware,6f6b418fa7276833ddfe5a554df14d148adfd2bc4fa89d00e0a5d2c9bec92654.doc,data\raw\malware_bazaar\6f6b418fa7276833ddfe5a554df14d148adfd2bc4fa89d00e0a5d2c9bec92654.doc,113155,68,1,0,0,0,0.014705882352941176,document,0,0,0,0,0,1,0,1,0,0,26,7.966822330749592,7.541183442058194,0.3665591445362556,0.009190932791303964,256,0,0,0,0,0,0,0,0,0,0,0,0,0.0,0
malware,6fb770924c7dea4b2392f523ba8969abdf17624f10911772eb54e338e71aaea6.pdf,data\raw\malware_bazaar\6fb770924c7dea4b2392f523ba8969abdf17624f10911772eb54e338e71aaea6.pdf,3961709,68,1,0,0,0,0.014705882352941176,document,0,0,0,0,0,1,1,0,0,0,27,7.947097911772858,6.918817845517396,0.387054172832987,0.00689626623257791,256,2,0,6,1,0,0,6,7,0,0,0,0,0.0,0
malware,6fbc7cb0657d196bdaa354d89676c76bb1b0c16aec64be21a82bf957280c3d42.img,data\raw\malware_bazaar\6fbc7cb0657d196bdaa354d89676c76bb1b0c16aec64be21a82bf957280c3d42.img,1499136,68,0,0,0,0,0.014705882352941176,unknown,0,0,0,0,1,0,0,0,0,0,24,5.730497899602476,0.0,0.24360231493340165,0.4016847037226776,256,25,1,2,0,0,0,2,2,0,0,0,0,0.0,0
malware,6fd3c02d29182a9b6f83f35cde1a484fea87fc85228b4aa229ae9d572ab849d1.hta,data\raw\malware_bazaar\6fd3c02d29182a9b6f83f35cde1a484fea87fc85228b4aa229ae9d572ab849d1.hta,2176702,68,0,0,0,0,0.014705882352941176,unknown,0,0,0,0,1,0,0,0,0,0,0,5.362608294259497,5.352786335305056,0.3779130078439768,0.0,114,0,0,4,0,0,0,4,4,0,0,0,0,0.0,0
malware,70578458bd187ad7640c391dd06d4ac61d5e51017fadf163cba2f789b0814e9d.xls,data\raw\malware_bazaar\70578458bd187ad7640c391dd06d4ac61d5e51017fadf163cba2f789b0814e9d.xls,209408,68,1,0,0,0,0.014705882352941176,document,0,0,0,0,0,0,0,0,0,0,2,7.543703791499044,0.9959137098014725,0.3340942084352078,0.11227364761613692,256,0,0,0,0,0,0,0,0,0,0,0,0,0.0,0
malware,7085f3dda26b773120d4da2362f5a2e95af799dcec8ec580d36c9d77a6abda4d.docm,data\raw\malware_bazaar\7085f3dda26b773120d4da2362f5a2e95af799dcec8ec580d36c9d77a6abda4d.docm,44247,69,1,0,0,0,0.014492753623188406,document,0,0,1,0,0,1,1,0,0,0,22,7.7507895062350185,6.657055038215183,0.355933735620494,0.07898840599362669,256,0,0,0,0,0,0,0,0,0,0,0,0,0.0,0
malware,70a9c34f08baf7ac0803cbfa7a87509341c13b55d419717cd0dfced3a24f5fe8.xlsm,data\raw\malware_bazaar\70a9c34f08baf7ac0803cbfa7a87509341c13b55d419717cd0dfced3a24f5fe8.xlsm,92296,69,1,0,0,0,0.014492753623188406,document,0,0,1,0,0,1,1,0,0,0,34,7.9057472684841255,6.180335265169645,0.3744582647135304,0.037964808875790935,256,0,0,0,0,0,0,0,0,0,0,0,0,0.0,0
malware,70c0c96ab942433b8a5965ce46ff9a582e7f532ee19f865d1131aa688f178da1.hta,data\raw\malware_bazaar\70c0c96ab942433b8a5965ce46ff9a582e7f532ee19f865d1131aa688f178da1.hta,14133,68,0,0,0,0,0.014705882352941176,unknown,0,0,0,0,1,0,0,0,0,0,0,0.13996509511284583,0.3412284888878201,0.9987263850562513,0.0,46,0,0,0,0,0,0,0,0,0,0,0,0,0.0,0
malware,70c47d8ef8d35f29173ab5ac9233d12858a56aab5ea176c5dfc8ec42980eebfd.bat,data\raw\malware_bazaar\70c47d8ef8d35f29173ab5ac9233d12858a56aab5ea176c5dfc8ec42980eebfd.bat,21480,68,1,0,0,0,0.014705882352941176,script,0,1,0,0,0,0,0,0,0,0,0,5.5129755651204455,5.633653576757253,0.9129422718808193,0.0,179,4,7,1,12,0,2,1,15,0,0,0,0,0.0,0
malware,70cf834f0d01be2daa43f3cbf0276a2d681a22a74d8ce9df906b9356814441a8.rtf,data\raw\malware_bazaar\70cf834f0d01be2daa43f3cbf0276a2d681a22a74d8ce9df906b9356814441a8.rtf,280353,68,1,0,0,0,0.014705882352941176,document,0,0,0,0,0,0,0,0,0,0,0,2.270120002409641,5.95997189473498,0.2611921399093286,0.0,100,0,0,2,0,0,0,2,2,0,0,0,0,0.0,0
malware,70da7a1fec73a921fd15209e21c29d14d50c0ad66f8d27f91bcb6b5a114685bc.xlsm,data\raw\malware_bazaar\70da7a1fec73a921fd15209e21c29d14d50c0ad66f8d27f91bcb6b5a114685bc.xlsm,70949,69,1,0,0,0,0.014492753623188406,document,0,0,1,0,0,1,1,0,0,0,13,7.901858825215609,6.177988705531715,0.35075899589846227,0.034715077027160354,256,0,0,0,0,0,0,0,0,0,0,0,0,0.0,0
malware,70e86e620ec3a95589512bc9f7c74c58bbb167cdfdbbc162b613137a8b4bd6fe.doc,data\raw\malware_bazaar\70e86e620ec3a95589512bc9f7c74c58bbb167cdfdbbc162b613137a8b4bd6fe.doc,36188,68,1,0,0,0,0.014705882352941176,document,0,0,0,0,0,1,0,1,0,0,15,7.961481280195433,7.316568464963108,0.3711174975129877,0.014535205040344865,256,0,0,0,0,0,0,0,0,0,0,0,0,0.0,0
malware,715a3d7675672d8474b83bedfee8e594b96856fa34a915debf9ae57c171ee366.docm,data\raw\malware_bazaar\715a3d7675672d8474b83bedfee8e594b96856fa34a915debf9ae57c171ee366.docm,16191,69,1,0,0,0,0.014492753623188406,document,0,0,1,0,0,1,1,0,0,0,13,7.374506396995522,6.175290106285341,0.33710085850163674,0.1504539559014267,256,0,0,0,0,0,0,0,0,0,0,0,0,0.0,0
malware,720035e8c6cfb6cdc35041b7f6fd3883d2dc4821aad56e39f3ca0f2947e2dc8e.7z,data\raw\malware_bazaar\720035e8c6cfb6cdc35041b7f6fd3883d2dc4821aad56e39f3ca0f2947e2dc8e.7z,17758019,67,1,0,0,0,0.014925373134328358,archive,0,0,0,1,0,1,1,0,0,0,274,7.999989649277064,5.140319531114783,0.371145903155076,0.003894916431838484,256,0,0,0,5,0,0,0,5,0,0,0,0,0.0,0
malware,7244781cf5a2d7969f2fac273eb78f0eb7b9f4fa885b4510a592c27e3342614c.bat,data\raw\malware_bazaar\7244781cf5a2d7969f2fac273eb78f0eb7b9f4fa885b4510a592c27e3342614c.bat,3518,68,1,0,0,0,0.014705882352941176,script,0,1,0,0,0,0,0,0,0,0,0,5.925957446850848,5.925957446850848,0.9994314951677089,0.0,88,0,0,16,1,0,0,16,17,0,0,0,0,0.0,0
malware,728a2f85c9ff8bbb463e93253ec05e8f3933271887457c5a0f5d4933ec8712c7.xlsm,data\raw\malware_bazaar\728a2f85c9ff8bbb463e93253ec05e8f3933271887457c5a0f5d4933ec8712c7.xlsm,29073,69,1,0,0,0,0.014492753623188406,document,0,0,1,0,0,1,1,0,0,0,15,7.702817921028813,6.1666292600955,0.3461287104873938,0.08857015099920888,256,0,0,0,0,0,0,0,0,0,0,0,0,0.0,0
malware,72c3ccf2a459ae64335ef4c66fe4a0037753bef53301709993cb58bc46092704.rar,data\raw\malware_bazaar\72c3ccf2a459ae64335ef4c66fe4a0037753bef53301709993cb58bc46092704.rar,817526,68,1,0,0,0,0.014705882352941176,archive,0,0,0,1,0,1,1,0,0,0,12,7.99975473547235,5.232509133144316,0.37079921617171807,0.003849418856403344,256,0,0,0,0,0,0,0,0,0,0,0,0,0.0,0
malware,73ea6dbfa84a657337aa336646049f83ca33f4429cca1251901f695eefbceb7d.xlsx,data\raw\malware_bazaar\73ea6dbfa84a657337aa336646049f83ca33f4429cca1251901f695eefbceb7d.xlsx,745225,69,1,0,0,0,0.014492753623188406,document,0,0,0,0,0,1,0,1,0,0,30,7.998136535537912,7.901687452675268,0.37496326612767955,0.003280888322318763,256,0,0,0,0,0,0,0,0,0,0,0,0,0.0,0
malware,73eb38a53b7c32603f6bd22b67c8fcfd19ef5f6a05f7dd1a648082a8cc5eaac4.xls,data\raw\malware_bazaar\73eb38a53b7c32603f6bd22b67c8fcfd19ef5f6a05f7dd1a648082a8cc5eaac4.xls,1184256,68,1,0,0,0,0.014705882352941176,document,0,0,0,0,0,0,0,0,0,0,64,7.9701344970507195,1.5870933263150446,0.3648982990164289,0.021073146346735842,256,0,0,0,0,0,0,0,0,0,0,0,0,0.0,0
malware,743df1e79a2486a69aaf25a1814906a7c1e043dd7687a9fe5bbdf5fbe892cc59.lnk,data\raw\malware_bazaar\743df1e79a2486a69aaf25a1814906a7c1e043dd7687a9fe5bbdf5fbe892cc59.lnk,1716,68,0,0,0,0,0.014705882352941176,unknown,0,0,0,0,1,0,0,0,0,0,0,3.1307680943589467,3.1307680943589467,0.26282051282051283,0.6456876456876457,132,0,0,0,0,0,0,0,0,0,0,0,0,0.0,0
malware,745b84223b450fd185279bd8dab4f71ff149bb832ec147449313dfe7bca55e4c.img,data\raw\malware_bazaar\745b84223b450fd185279bd8dab4f71ff149bb832ec147449313dfe7bca55e4c.img,8624128,68,0,0,0,0,0.014705882352941176,unknown,0,0,0,0,1,0,0,0,0,0,47,6.477516630031199,0.0,0.3406184370176324,0.2131265908854785,256,159,5,129,2,0,0,129,131,0,0,0,0,0.0,0
malware,747760b63aa4a7331a78cbc048fb0afc77032aafde0be8c7c26f1ee1a0524cb4.php,data\raw\malware_bazaar\747760b63aa4a7331a78cbc048fb0afc77032aafde0be8c7c26f1ee1a0524cb4.php,28656,68,1,0,0,0,0.014705882352941176,script,0,1,0,0,0,0,0,0,0,0,8,5.679454253633283,5.734449720608782,1.0,0.0,78,0,0,1,0,0,0,2,2,0,0,0,0,0.0,0
malware,74d0dae9515c2a6a4d12416a0b01965fd248cc12eb0c179c23bd5e4f02a993af.7z,data\raw\malware_bazaar\74d0dae9515c2a6a4d12416a0b01965fd248cc12eb0c179c23bd5e4f02a993af.7z,4391410,67,1,0,0,0,0.014925373134328358,archive,0,0,0,1,0,1,1,0,0,0,51,7.999957092961534,5.073391110799899,0.37133107589589676,0.0039044407149412146,256,0,0,0,1,0,0,0,1,0,0,0,0,0.0,0
malware,7517bfe35a6dce8b03a1f0a99381a9fb90b9e45610f1021f4eb20f6f602b2f96.bat,data\raw\malware_bazaar\7517bfe35a6dce8b03a1f0a99381a9fb90b9e45610f1021f4eb20f6f602b2f96.bat,3362,68,1,0,0,0,0.014705882352941176,script,0,1,0,0,0,0,0,0,0,0,0,5.901124302160105,5.901124302160105,0.9994051160023796,0.0,88,0,0,11,1,0,0,11,12,0,0,0,0,0.0,0
malware,75289c50ef39821585cf68d36aebb6b46f184d4089182ea23cceab96323222d0.iso,data\raw\malware_bazaar\75289c50ef39821585cf68d36aebb6b46f184d4089182ea23cceab96323222d0.iso,13301760,68,0,0,0,0,0.014705882352941176,unknown,0,0,0,0,1,0,0,0,0,0,50,6.584072411656118,0.0,0.2969293537095843,0.1531196623604696,256,78,10,295,2,0,0,295,297,0,0,0,0,0.0,0
malware,7560fbc39eff3b64611d038a17cd7e09054fe0ce0159096709252d8574fa0167.jar,data\raw\malware_bazaar\7560fbc39eff3b64611d038a17cd7e09054fe0ce0159096709252d8574fa0167.jar,166310,68,1,0,0,0,0.014705882352941176,archive,1,0,0,1,0,1,1,0,0,0,58,7.978814779381363,7.9413254433502365,0.3780770849618183,0.015561301184534904,256,0,0,0,0,0,0,0,0,0,0,0,0,0.0,0
malware,75ac27f46332584b7c8ded625e75c6a019d7d90575f622922596ec0590db92ea.apk,data\raw\malware_bazaar\75ac27f46332584b7c8ded625e75c6a019d7d90575f622922596ec0590db92ea.apk,6328682,68,1,0,0,0,0.014705882352941176,archive,1,0,0,1,0,1,1,0,0,0,230,7.99583858860511,7.822929784834014,0.36972469149184617,0.009215978935266458,256,0,0,11,0,0,0,11,11,0,0,0,0,0.0,0
malware,75f9e52ca226fef77233706853caa4f3c95b4d1ef0ae74115071568dfa3a01be.doc,data\raw\malware_bazaar\75f9e52ca226fef77233706853caa4f3c95b4d1ef0ae74115071568dfa3a01be.doc,129872,68,1,0,0,0,0.014705882352941176,document,0,0,0,0,0,1,0,1,0,0,15,7.989113100332331,7.370732774180841,0.36573703338671926,0.006845201429099421,256,0,0,0,0,0,0,0,0,0,0,0,0,0.0,0
malware,7616f0be60de42a513ed07309f668518f86fe95f144af3edd8a620f5bf0867e6.html,data\raw\malware_bazaar\7616f0be60de42a513ed07309f668518f86fe95f144af3edd8a620f5bf0867e6.html,2846,69,0,0,0,0,0.014492753623188406,unknown,0,0,0,0,1,0,0,0,0,0,0,5.8679501091956405,5.8679501091956405,0.9711876317638791,0.0,72,0,0,36,0,0,0,36,36,0,0,0,0,0.0,0
malware,76bc2cfa58c82672d1cbe9112bcec4e8e7935a53b1db21b0f5731cf96fadcde6.apk,data\raw\malware_bazaar\76bc2cfa58c82672d1cbe9112bcec4e8e7935a53b1db21b0f5731cf96fadcde6.apk,14629762,68,1,0,0,0,0.014705882352941176,archive,1,0,0,1,0,1,1,0,0,0,262,7.986087099234099,4.750120661895529,0.3657959712536677,0.01331081120800188,256,2,0,0,3,0,0,0,3,0,0,0,0,0.0,0
malware,76cecb59150c715192f20922dd0e1fa6b2946f4f692ee82ea611d174c1da5433.dll,data\raw\malware_bazaar\76cecb59150c715192f20922dd0e1fa6b2946f4f692ee82ea611d174c1da5433.dll,10646120,68,1,0,0,0,0.014705882352941176,executable,1,0,0,0,0,1,1,0,0,0,18,6.0842512329088185,6.045825124369476,0.37290505836868265,0.26057192667375534,256,15,0,26,0,0,0,26,26,0,0,0,0,0.0,0
malware,76dbff8597d2b8673b444be6ae19964dbab73ef59517e519581e292dd5d639d3.doc,data\raw\malware_bazaar\76dbff8597d2b8673b444be6ae19964dbab73ef59517e519581e292dd5d639d3.doc,216527,68,1,0,0,0,0.014705882352941176,document,0,0,0,0,0,1,0,1,0,0,15,7.876870790656433,0.8793475411199696,0.3349051157592356,0.03214841567102486,256,0,0,0,0,0,0,0,0,0,0,0,0,0.0,0
malware,76f31ade7064e808784e930b6d19ab13c44d016843ca3e4ea240dbc021aaa802.xlsx,data\raw\malware_bazaar\76f31ade7064e808784e930b6d19ab13c44d016843ca3e4ea240dbc021aaa802.xlsx,2993564,69,1,0,0,0,0.014492753623188406,document,0,0,0,0,0,1,0,1,0,0,48,7.975298862277651,7.9185633917098,0.3794667493329022,0.0023490394726820604,256,0,0,0,1,0,0,0,1,0,0,0,0,0.0,0
malware,770498da2cccf31d420c0e8056b3eb890891a4c58d205822654183fd5f61810d.php,data\raw\malware_bazaar\770498da2cccf31d420c0e8056b3eb890891a4c58d205822654183fd5f61810d.php,183759,68,1,0,0,0,0.014705882352941176,script,0,1,0,0,0,0,0,0,0,0,0,4.412466400624272,5.176920062248423,0.9821015569305449,0.0,96,17,2,2,51,7,2,8,258,0,0,0,0,0.0,0
malware,7730d2322f1057df4a3c724e4a4f64e7a6c6a06783f63a0eaf99f7dd4ab16ce4.img,data\raw\malware_bazaar\7730d2322f1057df4a3c724e4a4f64e7a6c6a06783f63a0eaf99f7dd4ab16ce4.img,4247552,68,0,0,0,0,0.014705882352941176,unknown,0,0,0,0,1,0,0,0,0,0,15,5.825772059159662,0.0,0.6041432806472999,0.1813300931925024,256,0,10,104,0,0,0,104,104,0,0,0,0,0.0,0
malware,7745290182b09c243b344b7d96511ff03d4638348be38865b926913c21cf0c21.lnk,data\raw\malware_bazaar\7745290182b09c243b344b7d96511ff03d4638348be38865b926913c21cf0c21.lnk,3644,68,0,0,0,0,0.014705882352941176,unknown,0,0,0,0,1,0,0,0,0,0,0,2.9556766364771363,2.9556766364771363,0.3572996706915478,0.5842480790340285,78,0,0,0,1,0,0,0,1,0,0,0,0,0.0,0
malware,778d80c1ef9f0fa2bc2165b5db6c22734896e88be493c3ed2381726e009fec14.apk,data\raw\malware_bazaar\778d80c1ef9f0fa2bc2165b5db6c22734896e88be493c3ed2381726e009fec14.apk,3109577,68,1,0,0,0,0.014705882352941176,archive,1,0,0,1,0,1,1,0,0,0,537,7.932875920283092,5.304590399746479,0.36269852780619355,0.03277455422393464,256,2,0,1,0,0,0,1,1,0,0,0,0,0.0,0
malware,77cb19d8ebb05aca9a7b7ccddda6630d594b7176cf113d09cf023d90bc3f39d1.xls,data\raw\malware_bazaar\77cb19d8ebb05aca9a7b7ccddda6630d594b7176cf113d09cf023d90bc3f39d1.xls,105984,68,1,0,0,0,0.014705882352941176,document,0,0,0,0,0,0,0,0,0,0,1,4.6074231475370215,0.9130374283767001,0.24472561896135267,0.4381604770531401,256,2,0,1,0,0,0,1,1,0,0,0,0,0.0,0
malware,77ccda79bc51c0da74fb66be3e0098bc14f6005770d8817a1786591ffc993cae.iso,data\raw\malware_bazaar\77ccda79bc51c0da74fb66be3e0098bc14f6005770d8817a1786591ffc993cae.iso,19079168,68,0,0,0,0,0.014705882352941176,unknown,0,0,0,0,1,0,0,0,0,0,299,7.992714106417116,0.0,0.36845238744163267,0.010487931129910906,256,3,2,0,1,0,0,0,1,0,0,0,0,0.0,0
malware,77ced5f47cf30bb02925866e753f9401e87493473a472e2b6adf8f3541f0a697.hta,data\raw\malware_bazaar\77ced5f47cf30bb02925866e753f9401e87493473a472e2b6adf8f3541f0a697.hta,1077595,68,0,0,0,0,0.014705882352941176,unknown,0,0,0,0,1,0,0,0,0,0,0,5.558257384197669,5.545307018820245,0.4801961775991908,0.0,117,0,0,3,0,0,0,3,3,0,0,0,0,0.0,0
malware,77d1ccd3b57dea0ff34ee568a1027cd8ea74f14f3580acbc0aba8587f96f7a6c.xls,data\raw\malware_bazaar\77d1ccd3b57dea0ff34ee568a1027cd8ea74f14f3580acbc0aba8587f96f7a6c.xls,921088,68,1,0,0,0,0.014705882352941176,document,0,0,0,0,0,0,0,0,0,0,32,7.915364638675171,1.4508272698983766,0.3592295198721512,0.037669582059477486,256,2,0,1,0,0,0,1,1,0,0,0,0,0.0,0
malware,77ed2de688c8f7e1315dc239763f72079ab0eb883591b81f5fbb9266ae4407d5.bat,data\raw\malware_bazaar\77ed2de688c8f7e1315dc239763f72079ab0eb883591b81f5fbb9266ae4407d5.bat,2023,68,1,0,0,0,0.014705882352941176,script,0,1,0,0,0,0,0,0,0,0,0,5.262021762610236,5.262021762610236,0.9752842313395946,0.0,63,3,0,0,4,0,0,0,4,0,0,0,0,0.0,0
malware,77f91d200d7ad4f237fa69968853a63f657b961be3d6081b02f61e2ebd127553.html,data\raw\malware_bazaar\77f91d200d7ad4f237fa69968853a63f657b961be3d6081b02f61e2ebd127553.html,605532,69,0,0,0,0,0.014492753623188406,unknown,0,0,0,0,1,0,0,0,0,0,163,5.841125851180666,5.899078761109828,0.9999686226326602,0.0,82,0,0,2,0,0,0,3,3,0,0,0,0,0.0,0
malware,7834f2efa3912d964764357bbf96752ba2f4ea2712c814664a1bd32ee95616e3.apk,data\raw\malware_bazaar\7834f2efa3912d964764357bbf96752ba2f4ea2712c814664a1bd32ee95616e3.apk,7131363,68,1,0,0,0,0.014705882352941176,archive,1,0,0,1,0,1,1,0,0,0,229,7.83601927114455,7.63771232977843,0.3491824774590776,0.061001101752918764,256,0,0,1,1,0,0,1,2,0,0,0,0,0.0,0
malware,783d3493273876d8759753c9643aa04d8bb53a7b28a0518a7d7f27dbb50c1e7d.xlsx,data\raw\malware_bazaar\783d3493273876d8759753c9643aa04d8bb53a7b28a0518a7d7f27dbb50c1e7d.xlsx,609747,69,1,0,0,0,0.014492753623188406,document,0,0,0,0,0,1,0,1,0,0,19,7.997597443909677,7.9079485223228385,0.37380257713445086,0.0031111264180061567,256,0,0,0,0,0,0,0,0,0,0,0,0,0.0,0
malware,7857a221d9ccc1d43c92a4aa44eba3f31eeccc291d95fcc17b395c6912f0c748.docx,data\raw\malware_bazaar\7857a221d9ccc1d43c92a4aa44eba3f31eeccc291d95fcc17b395c6912f0c748.docx,224740,69,1,0,0,0,0.014492753623188406,document,0,0,0,0,0,1,1,0,0,0,17,7.94680041050875,7.706920731880142,0.3689952834386402,0.00538399928806621,256,0,0,1,0,0,0,1,1,0,0,0,0,0.0,0
malware,785b958a455b039014063c61a8cbb67ae22bc2eb7770c464545d0aa7064a8736.xls,data\raw\malware_bazaar\785b958a455b039014063c61a8cbb67ae22bc2eb7770c464545d0aa7064a8736.xls,875008,68,1,0,0,0,0.014705882352941176,document,0,0,0,0,0,0,0,0,0,0,36,7.905975226310299,1.4349645843172738,0.35623102874488005,0.040239632094792276,256,2,0,2,0,0,0,2,2,0,0,0,0,0.0,0
malware,78f21013f805a76acd9e2f81e6c8fc90145f3cb06bf1ca6d6a086931d7ec7e66.jar,data\raw\malware_bazaar\78f21013f805a76acd9e2f81e6c8fc90145f3cb06bf1ca6d6a086931d7ec7e66.jar,1177650,68,1,0,0,0,0.014705882352941176,archive,1,0,0,1,0,1,1,0,0,0,120,7.997699456978187,7.925901633310731,0.3750282341952193,0.006945187449581794,256,0,0,2,0,0,0,2,2,0,0,0,0,0.0,0
malware,7918f29993383e579ef33bd0d8e766fd2ce047dce83bac51efb5fe17578b6cdf.php,data\raw\malware_bazaar\7918f29993383e579ef33bd0d8e766fd2ce047dce83bac51efb5fe17578b6cdf.php,16240,68,1,0,0,0,0.014705882352941176,script,0,1,0,0,0,0,0,0,0,0,6,6.006571485208232,6.003173974868636,1.0,0.0,73,0,0,1,0,1,0,3,4,0,0,0,0,0.0,0
malware,79c4c3f2f6a96ce7b23857e30390069d6086b18938d57c526d1ea1c4a901360b.rar,data\raw\malware_bazaar\79c4c3f2f6a96ce7b23857e30390069d6086b18938d57c526d1ea1c4a901360b.rar,852551,68,1,0,0,0,0.014705882352941176,archive,0,0,0,1,0,1,1,0,0,0,14,7.99911977975986,4.652472565571575,0.36985236073853645,0.0038812927320477017,256,0,0,0,0,0,0,0,0,0,0,0,0,0.0,0
malware,79cbcdb66d4942f11c2b2be87b96e4e013a582a729c2b8e48799a8aaf2c97b40.docm,data\raw\malware_bazaar\79cbcdb66d4942f11c2b2be87b96e4e013a582a729c2b8e48799a8aaf2c97b40.docm,50704,69,1,0,0,0,0.014492753623188406,document,0,0,1,0,0,1,1,0,0,0,18,7.576358207109498,6.659450110409628,0.41168349637109497,0.08618649416219627,256,8,0,0,0,0,0,0,0,0,0,0,0,0.0,0
malware,79e3f0d3f1527538660528242a3349e5f638ad0952ad2ecac2c43754f31d7bf1.lnk,data\raw\malware_bazaar\79e3f0d3f1527538660528242a3349e5f638ad0952ad2ecac2c43754f31d7bf1.lnk,929504,68,0,0,0,0,0.014705882352941176,unknown,0,0,0,0,1,0,0,0,0,0,0,0.014137299852505364,1.7613522031217115,0.0007154353289496333,0.9991995731056563,103,0,0,0,1,0,0,0,1,0,0,0,0,0.0,0
malware,79f3bf637493dd999c0add52ac4920b82a57da781355c375d807e409b4ac1dcf.xlsx,data\raw\malware_bazaar\79f3bf637493dd999c0add52ac4920b82a57da781355c375d807e409b4ac1dcf.xlsx,990720,69,1,0,0,0,0.014492753623188406,document,0,0,0,0,0,0,0,0,0,0,15,7.976681297998651,3.3937032490876016,0.37818556201550385,0.01658389857881137,256,5,0,4,0,0,0,4,4,0,0,0,0,0.0,0
malware,7a3b827ace7162a784efb1c2d5e8778a292abbd36363a94030f0eae8b605d4c0.7z,data\raw\malware_bazaar\7a3b827ace7162a784efb1c2d5e8778a292abbd36363a94030f0eae8b605d4c0.7z,69625115,67,1,0,0,0,0.014925373134328358,archive,0,0,0,1,0,1,1,0,0,0,980,7.999994917011283,5.111553065031286,0.37104786110586674,0.003991792329535111,256,0,0,0,5,0,0,0,5,0,0,0,0,0.0,0
malware,7a64f51ad67677b7d0aeab9c5b0e6844bcf6f3d0b0970fbf8d9f3052b6be152d.bat,data\raw\malware_bazaar\7a64f51ad67677b7d0aeab9c5b0e6844bcf6f3d0b0970fbf8d9f3052b6be152d.bat,12159876,68,1,0,0,0,0.014705882352941176,script,0,1,0,0,0,0,0,0,0,0,2558,6.026033861207348,5.4683403462542115,0.9743540147942298,0.0,94,2,0,155830,8,0,0,155830,155838,0,0,0,0,0.0,0
malware,7a7399f081d0da7477aa5c5308cd901885cb64655bc293d52496a504481ba584.xlsm,data\raw\malware_bazaar\7a7399f081d0da7477aa5c5308cd901885cb64655bc293d52496a504481ba584.xlsm,250126,69,1,0,0,0,0.014492753623188406,document,0,0,1,0,0,1,1,0,0,0,30,7.842713127341803,6.19124461730115,0.3661314697392514,0.015995938047224198,256,0,0,0,0,0,0,0,0,0,0,0,0,0.0,0
malware,7ae5731b5fd3bd9f27d4d31e9513f893eceaf78a44afec7beaaaa37fd7cbdba9.php,data\raw\malware_bazaar\7ae5731b5fd3bd9f27d4d31e9513f893eceaf78a44afec7beaaaa37fd7cbdba9.php,10944,68,1,0,0,0,0.014705882352941176,script,0,1,0,0,0,0,0,0,0,0,0,5.0912296406252775,4.560339177262664,0.9357638888888888,0.0,98,1,0,0,7,6,0,0,45,0,0,0,0,0.0,0
malware,7b1ae703f7b4a9e755aafbb4198d6f0b917b885dcfc0a3c720b7f4211541b2a0.rar,data\raw\malware_bazaar\7b1ae703f7b4a9e755aafbb4198d6f0b917b885dcfc0a3c720b7f4211541b2a0.rar,2847,68,1,0,0,0,0.014705882352941176,archive,0,0,0,1,0,1,1,0,0,0,0,7.805689852504461,5.101409765557392,0.3537056550755181,0.036178433438707414,256,0,0,0,0,0,0,0,0,0,0,0,0,0.0,0
malware,7b1b332c653d62effffffd27a8da5bf78c0a5e5c1fb04191e0943333671c46c3.docm,data\raw\malware_bazaar\7b1b332c653d62effffffd27a8da5bf78c0a5e5c1fb04191e0943333671c46c3.docm,105978,69,1,0,0,0,0.014492753623188406,document,0,0,1,0,0,1,1,0,0,0,23,7.894455628617134,6.23130868810647,0.3768423635094076,0.035573420898677086,256,0,0,0,0,0,0,0,0,0,0,0,0,0.0,0
malware,7b28f3ef6ee71e7dc7f10d8eda463017b818dd2cfd0afb3832414e7ce156cc6f.bat,data\raw\malware_bazaar\7b28f3ef6ee71e7dc7f10d8eda463017b818dd2cfd0afb3832414e7ce156cc6f.bat,4729,68,1,0,0,0,0.014705882352941176,script,0,1,0,0,0,0,0,0,0,0,0,5.875609209116938,5.842777759140986,0.9995770776062592,0.0,87,0,0,15,1,0,0,15,16,0,0,0,0,0.0,0
malware,7b7ce9d180d5c015b8a16302342deaadb31895dae7cb8c1ced2c101111ba5c06.php,data\raw\malware_bazaar\7b7ce9d180d5c015b8a16302342deaadb31895dae7cb8c1ced2c101111ba5c06.php,5428,68,1,0,0,0,0.014705882352941176,script,0,1,0,0,0,0,0,0,0,0,0,5.50010341566837,5.302698117426983,0.9994473102431835,0.0,88,0,0,0,0,2,0,0,2,0,0,0,0,0.0,0
malware,7b8008ab3703f5e1bfaf4d2970c133068fbdba704c311819e282c4456866afdc.cmd,data\raw\malware_bazaar\7b8008ab3703f5e1bfaf4d2970c133068fbdba704c311819e282c4456866afdc.cmd,5196793,68,1,0,0,0,0.014705882352941176,script,0,1,0,0,0,0,0,0,0,0,0,4.989673847189865,5.562542048482626,0.9695970187767725,0.0,106,0,0,78528,1,0,0,78528,78529,0,0,0,0,0.0,0
malware,7bb18be4c68d200f9cefb561748f4a7fd7e498ede644c3e1010584bbc3a226e0.7z,data\raw\malware_bazaar\7bb18be4c68d200f9cefb561748f4a7fd7e498ede644c3e1010584bbc3a226e0.7z,4899169,67,1,0,0,0,0.014925373134328358,archive,0,0,0,1,0,1,1,0,0,0,60,7.999814740509811,4.928072516654254,0.37120968882681943,0.003957609953851357,256,0,0,0,1,0,0,0,1,0,0,0,0,0.0,0
malware,7be3658fb56c0fc48e72b8d9c463ad312a6edd94d1468d861481062638b75a78.7z,data\raw\malware_bazaar\7be3658fb56c0fc48e72b8d9c463ad312a6edd94d1468d861481062638b75a78.7z,8468,67,1,0,0,0,0.014925373134328358,archive,0,0,0,1,0,1,1,0,0,0,0,7.971955974361511,4.959322516654254,0.3673830892772792,0.011927255550307039,256,0,0,0,0,0,0,0,0,0,0,0,0,0.0,0
malware,7bf2b9b2f909c76dbfa0aae41131539428e584bf67691b2ebf22e0165064be92.img,data\raw\malware_bazaar\7bf2b9b2f909c76dbfa0aae41131539428e584bf67691b2ebf22e0165064be92.img,141312,68,0,0,0,0,0.014705882352941176,unknown,0,0,0,0,1,0,0,0,0,0,1,3.8335834624488125,0.0,0.27752066349637683,0.5635402513586957,256,0,4,1,0,0,0,1,1,0,0,0,0,0.0,0
malware,7c099715b0954f829c2348798b38a4ac1f254d964fcabe14e844996f0fcc276d.php,data\raw\malware_bazaar\7c099715b0954f829c2348798b38a4ac1f254d964fcabe14e844996f0fcc276d.php,1653,68,1,0,0,0,0.014705882352941176,script,0,1,0,0,0,0,0,0,0,0,0,5.9066259460547315,5.9066259460547315,0.9758015728977616,0.0,84,2,0,11,0,1,0,12,13,0,0,0,0,0.0,0
malware,7c4c140a210226990d078ec1e406a3cd16f8217bdd879f17526bcd0348670dfd.xls,data\raw\malware_bazaar\7c4c140a210226990d078ec1e406a3cd16f8217bdd879f17526bcd0348670dfd.xls,975360,68,1,0,0,0,0.014705882352941176,document,0,0,0,0,0,0,0,0,0,0,52,7.97617653528706,1.4508787714291798,0.3672582431102362,0.018972481955380576,256,0,0,0,0,0,0,0,0,0,0,0,0,0.0,0
malware,7c83c14d0579081908ecdbb8c29c31d088f41de38d07155095a0703f3b1e451e.xlsx,data\raw\malware_bazaar\7c83c14d0579081908ecdbb8c29c31d088f41de38d07155095a0703f3b1e451e.xlsx,749487,69,1,0,0,0,0.014492753623188406,document,0,0,0,0,0,1,0,1,0,0,22,7.9976726235547355,7.905263083746001,0.3740265007932092,0.0030727684402798183,256,0,0,0,0,0,0,0,0,0,0,0,0,0.0,0
malware,7cb6ba27ef3f28f7fcc2e5b3fd89643821f22f93e78cf31058a241ae95b9815c.jar,data\raw\malware_bazaar\7cb6ba27ef3f28f7fcc2e5b3fd89643821f22f93e78cf31058a241ae95b9815c.jar,2503291,68,1,0,0,0,0.014705882352941176,archive,1,0,0,1,0,1,1,0,0,0,47,7.999906509427003,7.929132767323031,0.37075473846228824,0.004200470500632967,256,0,0,0,0,0,0,0,0,0,0,0,0,0.0,0
malware,7cf365d61e59d5c3dd50295b1d5a0c360da9eba1b4dc00cdc0f1ceee4a5cc412.apk,data\raw\malware_bazaar\7cf365d61e59d5c3dd50295b1d5a0c360da9eba1b4dc00cdc0f1ceee4a5cc412.apk,9378448,68,1,0,0,0,0.014705882352941176,archive,1,0,0,1,0,1,0,1,0,0,285,7.995546659711518,4.42051973574819,0.3672413601909399,0.008114135729067325,256,1,0,34,0,0,0,34,34,0,0,0,0,0.0,0
malware,7cfc514481d2c36325b8a29f088dc365f0adc7b813b329722054c933a9a1aaf3.img,data\raw\malware_bazaar\7cfc514481d2c36325b8a29f088dc365f0adc7b813b329722054c933a9a1aaf3.img,3452928,68,0,0,0,0,0.014705882352941176,unknown,0,0,0,0,1,0,0,0,0,0,28,6.659862558813123,0.0,0.3074350232614176,0.23085479917333926,256,0,5,92,0,0,0,92,92,0,0,0,0,0.0,0
malware,7d4236cb1086869a7f2b1afc96bfcd45e0f9da4970427f57f2ff89e0f533e422.cmd,data\raw\malware_bazaar\7d4236cb1086869a7f2b1afc96bfcd45e0f9da4970427f57f2ff89e0f533e422.cmd,4911989,68,1,0,0,0,0.014705882352941176,script,0,1,0,0,0,0,0,0,0,0,380,5.93826688646112,5.411948484430536,0.9584302815010376,0.0,95,0,155,1109,1119,0,0,1109,2228,0,0,0,0,0.0,0
malware,7d5f49b1caaa737d0985225c6e300b046c3daef83907acfe7955b57b49987d00.img,data\raw\malware_bazaar\7d5f49b1caaa737d0985225c6e300b046c3daef83907acfe7955b57b49987d00.img,116736,68,0,0,0,0,0.014705882352941176,unknown,0,0,0,0,1,0,0,0,0,0,1,1.9864366017645696,0.0,0.08805338541666667,0.7384954084429824,253,0,4,0,0,0,0,0,0,0,0,0,0,0.0,0
malware,7d8b4974a69380dea474217119954968f3f4d1addd9b60990ca4615cd6cad024.dll,data\raw\malware_bazaar\7d8b4974a69380dea474217119954968f3f4d1addd9b60990ca4615cd6cad024.dll,28152320,68,1,0,0,0,0.014705882352941176,executable,1,0,0,0,0,1,1,0,0,0,235,4.239662910220061,4.720774571220825,0.17549459511685006,0.04686903246339911,256,0,0,2176,2,1,0,2176,2179,0,0,0,0,0.0,0
malware,7dc07c3924350396582e8571a2517e3ab8cacefabf273a50f386dbaa3be82ddb.img,data\raw\malware_bazaar\7dc07c3924350396582e8571a2517e3ab8cacefabf273a50f386dbaa3be82ddb.img,1978368,68,0,0,0,0,0.014705882352941176,unknown,0,0,0,0,1,0,0,0,0,0,34,7.899124310094269,0.0,0.35758412994953415,0.04378861768892339,256,0,3,0,0,0,0,0,0,0,0,0,0,0.0,0
malware,7dcea01f03fd349214f28d2a0ba334a67e2c63f23f64bf2a75d2b178932059f5.rar,data\raw\malware_bazaar\7dcea01f03fd349214f28d2a0ba334a67e2c63f23f64bf2a75d2b178932059f5.rar,41470,68,1,0,0,0,0.014705882352941176,archive,0,0,0,1,0,1,1,0,0,0,0,7.995087691302235,5.351409765557392,0.37364359778152884,0.003858210754762479,256,0,0,0,0,0,0,0,0,0,0,0,0,0.0,0
malware,7de371f5f5e8e67c7bc1584b7002da630c8dc6b30ce448ecb17391ea03cde4aa.xlsm,data\raw\malware_bazaar\7de371f5f5e8e67c7bc1584b7002da630c8dc6b30ce448ecb17391ea03cde4aa.xlsm,526776,69,1,0,0,0,0.014492753623188406,document,0,0,1,0,0,1,1,0,0,0,84,7.980238253218072,6.234443548912094,0.36263231430437226,0.015023463483530002,256,0,0,0,0,0,0,0,0,0,0,0,0,0.0,0
malware,7df9619f4ebfbfae75755efb99f044815ecfb17a8077fe90b300da86fc9e49e7.xlsx,data\raw\malware_bazaar\7df9619f4ebfbfae75755efb99f044815ecfb17a8077fe90b300da86fc9e49e7.xlsx,813568,69,1,0,0,0,0.014492753623188406,document,0,0,0,0,0,0,0,0,0,0,55,7.969414221825497,3.299533042864575,0.3638601813247325,0.021024671570169916,256,0,0,0,0,0,0,0,0,0,0,0,0,0.0,0
malware,7dfff5cf63a9ce54ee0bc7c8f734d077c8a8ae50aec49f518504ccebf16dc0f2.ps1,data\raw\malware_bazaar\7dfff5cf63a9ce54ee0bc7c8f734d077c8a8ae50aec49f518504ccebf16dc0f2.ps1,1183,68,1,0,0,0,0.014705882352941176,script,0,1,0,0,0,0,0,0,0,0,0,4.944361168490099,4.944361168490099,0.9721048182586645,0.0,73,1,1,0,1,0,0,0,1,0,0,0,0,0.0,0
malware,7e23a3d7f834866e10bc1b981bdbcdc22e12922f1fb53edf371186a98d5d4ced.lnk,data\raw\malware_bazaar\7e23a3d7f834866e10bc1b981bdbcdc22e12922f1fb53edf371186a98d5d4ced.lnk,1571,68,0,0,0,0,0.014705882352941176,unknown,0,0,0,0,1,0,0,0,0,0,0,2.410717183749668,2.410717183749668,0.2431572246976448,0.7307447485677913,89,0,0,0,1,0,0,0,1,0,0,0,0,0.0,0
malware,7e4420e487e1398f3b554fc20c069433df24c3883caae35125be1802e25849b3.7z,data\raw\malware_bazaar\7e4420e487e1398f3b554fc20c069433df24c3883caae35125be1802e25849b3.7z,19571813,67,1,0,0,0,0.014925373134328358,archive,0,0,0,1,0,1,1,0,0,0,307,7.999973173416504,5.123348182252591,0.37109454295317457,0.004163589750218848,256,0,0,0,5,0,0,0,5,0,0,0,0,0.0,0
malware,7e4646d0cf91153653c5e366f98a65aad5ef363e0edeb246c809f53085971453.wsf,data\raw\malware_bazaar\7e4646d0cf91153653c5e366f98a65aad5ef363e0edeb246c809f53085971453.wsf,335417,68,0,0,0,0,0.014705882352941176,unknown,0,0,0,0,1,0,0,0,0,0,126,5.840130843251526,6.001283377378026,0.9984616164356607,0.0,86,0,0,22,0,0,0,22,22,0,0,0,0,0.0,0
malware,7e8b04a5331275ab6154539494b11185b30a3952f472b714ba6d2f95cd19c7de.xls,data\raw\malware_bazaar\7e8b04a5331275ab6154539494b11185b30a3952f472b714ba6d2f95cd19c7de.xls,1227264,68,1,0,0,0,0.014705882352941176,document,0,0,0,0,0,0,0,0,0,0,40,7.945600704970823,1.6254224956510932,0.3621779828952858,0.029806952701293285,256,2,0,1,0,0,0,1,1,0,0,0,0,0.0,0
malware,7ea0930a332788c2e88e5822e4908d77cdcaad57e0e97401ed8fe4b117fdfc95.chm,data\raw\malware_bazaar\7ea0930a332788c2e88e5822e4908d77cdcaad57e0e97401ed8fe4b117fdfc95.chm,6513936,68,0,0,0,0,0.014705882352941176,unknown,0,0,0,0,1,0,0,0,0,0,99,7.996803597943903,1.8700079972327592,0.3654277536653722,0.005448011770456449,256,0,0,0,0,0,0,0,0,0,0,0,0,0.0,0
malware,7ea9628a6d531b6d190d3333aadf636aae7b87de423ab6975a92dabcf7fbf5f8.xlsm,data\raw\malware_bazaar\7ea9628a6d531b6d190d3333aadf636aae7b87de423ab6975a92dabcf7fbf5f8.xlsm,849239,69,1,0,0,0,0.014492753623188406,document,0,0,1,0,0,1,1,0,0,0,132,7.9829854653141705,6.64435709075616,0.3686747782426384,0.01248176308436141,256,0,0,0,0,0,0,0,0,0,0,0,0,0.0,0
malware,7eaff7148acdee460607115511e2b4cfcc2d0558ff525df4d942d26e555e927f.rtf,data\raw\malware_bazaar\7eaff7148acdee460607115511e2b4cfcc2d0558ff525df4d942d26e555e927f.rtf,108813,68,1,0,0,0,0.014705882352941176,document,0,0,0,0,0,0,0,0,0,0,0,4.95078958914376,4.979631738439692,0.9999448595296518,0.0,78,0,0,0,0,0,0,0,0,0,0,0,0,0.0,0
malware,7edb6da23f65ea88e42e18d72268cafd01919304a04692f8c428ccc731cc95de.xlsx,data\raw\malware_bazaar\7edb6da23f65ea88e42e18d72268cafd01919304a04692f8c428ccc731cc95de.xlsx,552834,69,1,0,0,0,0.014492753623188406,document,0,0,0,0,0,1,1,0,0,0,24,7.985549440254944,6.368802326838752,0.366923886736344,0.009416931664839716,256,0,0,0,0,0,0,0,0,0,0,0,0,0.0,0
malware,7edef7a3f1aa4ceb5b0f28fc6d4da6c330f8a4b9ec1f2ff68fee291fc2e3059a.html,data\raw\malware_bazaar\7edef7a3f1aa4ceb5b0f28fc6d4da6c330f8a4b9ec1f2ff68fee291fc2e3059a.html,136083,69,0,0,0,0,0.014492753623188406,unknown,0,0,0,0,1,0,0,0,0,0,0,4.885424070269491,4.977494769878917,0.9853545262817546,0.0,94,0,0,0,0,1,3,16,20,0,0,0,0,0.0,0
malware,7f58240ef2d9bfa9851177424d65b07be925c6b2fa334e12dd5272b2edd63659.xls,data\raw\malware_bazaar\7f58240ef2d9bfa9851177424d65b07be925c6b2fa334e12dd5272b2edd63659.xls,875008,68,1,0,0,0,0.014705882352941176,document,0,0,0,0,0,0,0,0,0,0,37,7.905554770557444,1.4349645843172738,0.3568184519455822,0.04036305953774137,256,2,0,2,0,0,0,2,2,0,0,0,0,0.0,0
malware,7f7a4c18cdac9ae3f082e57c32d022d5450c1d0c6eac59e068db2c26477c1848.pdf,data\raw\malware_bazaar\7f7a4c18cdac9ae3f082e57c32d022d5450c1d0c6eac59e068db2c26477c1848.pdf,75813,68,1,0,0,0,0.014705882352941176,document,0,0,0,0,0,1,1,0,0,0,1,7.640317329422146,5.07270687493787,0.5061664885969425,0.01636922427552003,256,75,0,0,0,0,0,0,0,0,0,0,0,0.0,0
malware,7fbd90ecc017dddf16fc3e56b2d058b46df9f07bd7a3f6c7731d270e7059a179.js,data\raw\malware_bazaar\7fbd90ecc017dddf16fc3e56b2d058b46df9f07bd7a3f6c7731d270e7059a179.js,134614,67,1,0,0,0,0.014925373134328358,script,0,1,0,0,0,0,0,0,0,0,3,4.677033062548882,5.210625123577148,0.9612076009924674,0.0,95,2,0,10,1,0,0,10,11,0,0,0,0,0.0,0
malware,7fd2a7e4824e8865bfc506cd3895719ff68d082910b619917fd09941ab96542a.wsf,data\raw\malware_bazaar\7fd2a7e4824e8865bfc506cd3895719ff68d082910b619917fd09941ab96542a.wsf,12506,68,0,0,0,0,0.014705882352941176,unknown,0,0,0,0,1,0,0,0,0,0,0,4.250779190660866,3.790383790409953,0.9456260994722533,0.0,80,0,0,0,1,0,0,0,1,0,0,0,0,0.0,0
malware,7fe7ac744947ca3cd8f177a1050465f67449d972d077e97b168d07dc4955d60b.jar,data\raw\malware_bazaar\7fe7ac744947ca3cd8f177a1050465f67449d972d077e97b168d07dc4955d60b.jar,1236727,68,1,0,0,0,0.014705882352941176,archive,1,0,0,1,0,1,1,0,0,0,191,7.99283597327795,7.925401104811436,0.3764274573127295,0.00996743824627424,256,0,0,112,0,0,0,112,112,0,0,0,0,0.0,0
malware,803727ccdf441e49096f3fd48107a5fe55c56c080f46773cd649c9e55ec1be61.docm,data\raw\malware_bazaar\803727ccdf441e49096f3fd48107a5fe55c56c080f46773cd649c9e55ec1be61.docm,310160,69,1,0,0,0,0.014492753623188406,document,0,0,1,0,0,1,1,0,0,0,36,7.9389407482892835,6.653056233897513,0.3703088728398246,0.027363296363167398,256,0,0,0,0,0,0,0,0,0,0,0,0,0.0,0
malware,806bbdb54bc4357360801b8ea3b6a0389bf971f89313408bd385934dd4353e3c.cmd,data\raw\malware_bazaar\806bbdb54bc4357360801b8ea3b6a0389bf971f89313408bd385934dd4353e3c.cmd,266,68,1,0,0,0,0.014705882352941176,script,0,1,0,0,0,0,0,0,0,0,0,4.865967642340228,4.865967642340228,1.0,0.0,46,1,1,0,1,0,0,0,1,0,0,0,0,0.0,0
malware,80b9704f4191f71b66309f9a61b2ebe024b324c079571db67e22b890f8945224.docx,data\raw\malware_bazaar\80b9704f4191f71b66309f9a61b2ebe024b324c079571db67e22b890f8945224.docx,237012,69,1,0,0,0,0.014492753623188406,document,0,0,0,0,0,1,1,0,0,0,18,7.9513479560492275,7.816932008659274,0.3658759894013805,0.005273994565676,256,0,0,0,0,0,0,0,0,0,0,0,0,0.0,0
malware,80ded01ce97f8e1fae56b57d377eeaed376cb3b1929bcffea21b3aada58091bd.7z,data\raw\malware_bazaar\80ded01ce97f8e1fae56b57d377eeaed376cb3b1929bcffea21b3aada58091bd.7z,89515432,67,1,0,0,0,0.014925373134328358,archive,0,0,0,1,0,1,1,0,0,0,1376,7.999995703263465,5.123348182252591,0.37096414839398867,0.003980721447001451,256,0,0,0,6,0,0,0,6,0,0,0,0,0.0,0
malware,81254cfb6f4eee19aed87a2a5d526654455e911cee51665739d572f698dc97f5.lnk,data\raw\malware_bazaar\81254cfb6f4eee19aed87a2a5d526654455e911cee51665739d572f698dc97f5.lnk,1032,68,0,0,0,0,0.014705882352941176,unknown,0,0,0,0,1,0,0,0,0,0,0,1.4928025188680998,1.4928025188680998,0.13275193798449614,0.8381782945736435,52,0,0,0,1,0,0,0,1,0,0,0,0,0.0,0
malware,812f63098324f9555a7cc08f5e3868d47ef3e14a7b981dd7f86900bb85f49d31.chm,data\raw\malware_bazaar\812f63098324f9555a7cc08f5e3868d47ef3e14a7b981dd7f86900bb85f49d31.chm,14139,68,0,0,0,0,0.014705882352941176,unknown,0,0,0,0,1,0,0,0,0,0,0,4.563981817679595,1.9165561947981073,0.1958412900488012,0.5478463823467006,256,0,0,0,0,0,0,0,0,0,0,0,0,0.0,0
malware,816f2cafbbe6f658444c953852c72024260e1dfb6a30168c5bd31830264c55b1.img,data\raw\malware_bazaar\816f2cafbbe6f658444c953852c72024260e1dfb6a30168c5bd31830264c55b1.img,1499136,68,0,0,0,0,0.014705882352941176,unknown,0,0,0,0,1,0,0,0,0,0,16,5.740643549663273,0.0,0.21883805071721313,0.3999997331796448,256,9,1,2,0,0,0,2,2,0,0,0,0,0.0,0
malware,81c50b0388adab6784dab74c426d5a8a2f9bc348f9b4c530af6e2627c2d941ca.iso,data\raw\malware_bazaar\81c50b0388adab6784dab74c426d5a8a2f9bc348f9b4c530af6e2627c2d941ca.iso,733184,68,0,0,0,0,0.014705882352941176,unknown,0,0,0,0,1,0,0,0,0,0,33,7.601454416928801,0.0,0.3386776034392458,0.11065025968924581,256,0,30,1,0,0,0,1,1,0,0,0,0,0.0,0
malware,81d465dc9b3e420959d9cf7438e7a06f273dae486036098e99b075922a9a0a60.chm,data\raw\malware_bazaar\81d465dc9b3e420959d9cf7438e7a06f273dae486036098e99b075922a9a0a60.chm,782014,68,0,0,0,0,0.014705882352941176,unknown,0,0,0,0,1,0,0,0,0,0,13,7.985685855068772,1.8542903635114094,0.3631904288158524,0.014002306864071487,256,0,0,0,0,0,0,0,0,0,0,0,0,0.0,0
malware,825f1c6d84a2a89fc2ed50d14187f9ceead11fae09dae9e82d084df43698313c.xls,data\raw\malware_bazaar\825f1c6d84a2a89fc2ed50d14187f9ceead11fae09dae9e82d084df43698313c.xls,28672,68,1,0,0,0,0.014705882352941176,document,0,0,0,0,0,0,0,0,0,0,0,6.123791475223477,0.8722595773239645,0.2741001674107143,0.2666015625,256,0,0,0,0,0,0,0,0,0,0,0,0,0.0,0
malware,829b14f5fdba061cab335fa3f6af22d148a5e8ca93011379081e58d8179a2669.docx,data\raw\malware_bazaar\829b14f5fdba061cab335fa3f6af22d148a5e8ca93011379081e58d8179a2669.docx,356171,69,1,0,0,0,0.014492753623188406,document,0,0,0,0,0,1,1,0,0,0,21,7.974960617360485,7.812935281570036,0.3688312636346025,0.00476456533519012,256,0,0,0,0,0,0,0,0,0,0,0,0,0.0,0
malware,82bc1032c149342904f94f786811d29e697e1e8d6c007229d74067bcad0a8013.js,data\raw\malware_bazaar\82bc1032c149342904f94f786811d29e697e1e8d6c007229d74067bcad0a8013.js,6131689,67,1,0,0,0,0.014925373134328358,script,0,1,0,0,0,0,0,0,0,0,6,5.046670450510418,4.447113350073735,0.9994490914330456,0.0,89,0,0,4,2,0,0,4,6,0,0,0,0,0.0,0
malware,82f6a3c51a93d604d30ca824c81cfca765d1c59f2df8705f132afc7874d84c41.doc,data\raw\malware_bazaar\82f6a3c51a93d604d30ca824c81cfca765d1c59f2df8705f132afc7874d84c41.doc,216798,68,1,0,0,0,0.014705882352941176,document,0,0,0,0,0,1,0,1,0,0,15,7.876945183679922,0.8793475411199696,0.334846262419395,0.03216819343351876,256,0,0,0,0,0,0,0,0,0,0,0,0,0.0,0
malware,83031a41a06cd2821541d00e5ca1fc10843336cdb94e989340e035627bf8e595.hta,data\raw\malware_bazaar\83031a41a06cd2821541d00e5ca1fc10843336cdb94e989340e035627bf8e595.hta,11943,68,0,0,0,0,0.014705882352941176,unknown,0,0,0,0,1,0,0,0,0,0,0,5.535318203854928,4.987490004251092,0.9874403416227079,0.0,92,2,0,0,0,0,0,0,0,0,0,0,0,0.0,0
malware,83063e489e2c48b1d673bb0f7c4a3bb5731fa5de43a6a1094bda456e6d75d9a3.doc,data\raw\malware_bazaar\83063e489e2c48b1d673bb0f7c4a3bb5731fa5de43a6a1094bda456e6d75d9a3.doc,208686,68,1,0,0,0,0.014705882352941176,document,0,0,0,0,0,1,0,1,0,0,27,7.9585230096354005,7.478765250033614,0.36621047890131586,0.005946733369751684,256,0,0,0,0,0,0,0,0,0,0,0,0,0.0,0
malware,837dccdbfc19f4afa537658b13cb99e23091a3faea7a89e8dfed0a86973ea56a.jar,data\raw\malware_bazaar\837dccdbfc19f4afa537658b13cb99e23091a3faea7a89e8dfed0a86973ea56a.jar,1466573,68,1,0,0,0,0.014705882352941176,archive,1,0,0,1,0,1,1,0,0,0,31,7.99985358409669,7.919664820582313,0.3715048620150514,0.004346868515921131,256,0,0,0,0,0,0,0,0,0,0,0,0,0.0,0
malware,83ba0872c801fa1703efa222709cc30471ab0eacd375a954b5a66ff87edcfbfe.xlsm,data\raw\malware_bazaar\83ba0872c801fa1703efa222709cc30471ab0eacd375a954b5a66ff87edcfbfe.xlsm,131491,69,1,0,0,0,0.014492753623188406,document,0,0,1,0,0,1,1,0,0,0,27,7.95749203678565,6.183956778790427,0.36750043729228615,0.025545474595219445,256,0,0,0,0,0,0,0,0,0,0,0,0,0.0,0
malware,83f3b1df51a065e193a94faefd032521a60f4a902fa4166c972b03fad33b1ca1.wsf,data\raw\malware_bazaar\83f3b1df51a065e193a94faefd032521a60f4a902fa4166c972b03fad33b1ca1.wsf,792,68,0,0,0,0,0.014705882352941176,unknown,0,0,0,0,1,0,0,0,0,0,0,5.288359156456042,5.288359156456042,0.9343434343434344,0.0,65,0,0,0,0,0,0,0,0,0,0,0,0,0.0,0
malware,8411c41f589d206ac1ec58a4d6f0a00f4f36e4c6fbb4b29f6d6c924847a4b600.jar,data\raw\malware_bazaar\8411c41f589d206ac1ec58a4d6f0a00f4f36e4c6fbb4b29f6d6c924847a4b600.jar,75158,68,1,0,0,0,0.014705882352941176,archive,1,0,0,1,0,1,1,0,0,0,12,7.990914659578229,7.945765340963333,0.37357300620027145,0.009939061709997605,256,0,0,0,0,0,0,0,0,0,0,0,0,0.0,0
malware,84b7d6488b178558fcc7d9af32cff9491e6d46b1461027f70de3162415525d10.js,data\raw\malware_bazaar\84b7d6488b178558fcc7d9af32cff9491e6d46b1461027f70de3162415525d10.js,215900,67,1,0,0,0,0.014925373134328358,script,0,1,0,0,0,0,0,0,0,0,0,5.197639433376179,4.0764083243994325,0.9991292264937471,0.0,93,0,0,26,0,0,0,29,29,0,0,0,0,0.0,0
malware,8503a4a1f9734e9175366f1d4f1fa67f34fd72575b06f17835e1240d1a060d74.xlsm,data\raw\malware_bazaar\8503a4a1f9734e9175366f1d4f1fa67f34fd72575b06f17835e1240d1a060d74.xlsm,96203,69,1,0,0,0,0.014492753623188406,document,0,0,1,0,0,1,1,0,0,0,21,7.89233618192652,7.887743047884221,0.36420901635084146,0.012754280012057835,256,0,0,0,0,0,0,0,0,0,0,0,0,0.0,0
malware,854257f1be039d9dd40464c206bd8c115fdd520eb9c2af7f7747633e5face2c6.docx,data\raw\malware_bazaar\854257f1be039d9dd40464c206bd8c115fdd520eb9c2af7f7747633e5face2c6.docx,238982,69,1,0,0,0,0.014492753623188406,document,0,0,0,0,0,1,1,0,0,0,18,7.951480036803296,7.8100144447338185,0.36652969679724834,0.005305838933476161,256,0,0,0,0,0,0,0,0,0,0,0,0,0.0,0
malware,854b18425a949fef15004d2e052468036b67a4c5a2289ce8828989f1abfd531d.xlsx,data\raw\malware_bazaar\854b18425a949fef15004d2e052468036b67a4c5a2289ce8828989f1abfd531d.xlsx,219929,69,1,0,0,0,0.014492753623188406,document,0,0,0,0,0,1,0,1,0,0,29,7.994388929745648,7.899838353145364,0.37371151598925106,0.007516062001827863,256,0,0,0,0,0,0,0,0,0,0,0,0,0.0,0
malware,856195def0cae78be549ea750168bc950593d131f52b1e0c30aa490856a2bf39.7z,data\raw\malware_bazaar\856195def0cae78be549ea750168bc950593d131f52b1e0c30aa490856a2bf39.7z,8313908,67,1,0,0,0,0.014925373134328358,archive,0,0,0,1,0,1,1,0,0,0,134,7.999921265767986,5.084322516654254,0.3714513078566662,0.003882049211995129,256,0,0,0,0,0,0,0,0,0,0,0,0,0.0,0
malware,85e2f32e4c27897e91f832825060f6dc236cf38af8e7a6bfbfc3f93606da79c3.html,data\raw\malware_bazaar\85e2f32e4c27897e91f832825060f6dc236cf38af8e7a6bfbfc3f93606da79c3.html,9488,69,0,0,0,0,0.014492753623188406,unknown,0,0,0,0,1,0,0,0,0,0,0,5.73612846974962,5.752402070912522,0.9723861720067454,0.0,73,0,0,126,0,0,0,126,126,0,0,0,0,0.0,0
malware,8690354fb8a8e640e586b8022392aef9bd58519e4aa9c70444a099a818a27f35.iso,data\raw\malware_bazaar\8690354fb8a8e640e586b8022392aef9bd58519e4aa9c70444a099a818a27f35.iso,4784128,68,0,0,0,0,0.014705882352941176,unknown,0,0,0,0,1,0,0,0,0,0,84,7.282047703813871,0.0,0.3249977843402183,0.1670032657989084,256,6,91,6,3,0,0,6,9,0,0,0,0,0.0,0
malware,869e06a2d1c681254d13c3efdc780fdf8f9e9014e568b645223cf667b52c5b63.doc,data\raw\malware_bazaar\869e06a2d1c681254d13c3efdc780fdf8f9e9014e568b645223cf667b52c5b63.doc,1786368,68,1,0,0,0,0.014705882352941176,document,0,0,0,0,0,0,0,0,0,0,8,5.683052711742257,1.9332146275749078,0.35991520224276297,0.3051241401547721,256,0,0,0,0,0,0,0,0,0,0,0,0,0.0,0
malware,86d9c83dc03e55d1c15f2d393bf6d4e55b47ad018a2c45202721a86a472ee978.html,data\raw\malware_bazaar\86d9c83dc03e55d1c15f2d393bf6d4e55b47ad018a2c45202721a86a472ee978.html,5155,69,0,0,0,0,0.014492753623188406,unknown,0,0,0,0,1,0,0,0,0,0,0,5.869886342840439,5.874648502349787,0.9720659553831231,0.0,73,0,0,67,0,0,0,67,67,0,0,0,0,0.0,0
malware,86e52c43da46e13d47c003980a804f5ca78facac76025b972fcdb44d24818f37.hta,data\raw\malware_bazaar\86e52c43da46e13d47c003980a804f5ca78facac76025b972fcdb44d24818f37.hta,3039,68,0,0,0,0,0.014705882352941176,unknown,0,0,0,0,1,0,0,0,0,0,0,5.528941924982125,5.528941924982125,0.983218163869694,0.0,86,0,0,0,0,0,0,35,35,0,0,0,0,0.0,0
malware,8700e6b8085fc9c51e163a74c5f674bbe2087e44a41c3cf9d217fbb3e35c0947.rar,data\raw\malware_bazaar\8700e6b8085fc9c51e163a74c5f674bbe2087e44a41c3cf9d217fbb3e35c0947.rar,42854,68,1,0,0,0,0.014705882352941176,archive,0,0,0,1,0,1,1,0,0,0,1,7.994228709401973,5.331954882778696,0.3734540532972418,0.0037802772203294906,256,0,0,0,0,0,0,0,0,0,0,0,0,0.0,0
malware,873011c181d00709fdf66f32bb3cca0c5ff3147d00ef818fef72987a6773ea66.html,data\raw\malware_bazaar\873011c181d00709fdf66f32bb3cca0c5ff3147d00ef818fef72987a6773ea66.html,5424,69,0,0,0,0,0.014492753623188406,unknown,0,0,0,0,1,0,0,0,0,0,0,4.644172179424774,4.550645055396633,0.9424778761061947,0.0,90,2,0,2,0,0,0,2,2,0,0,0,0,0.0,0
malware,873a824edd1f2f06b85b7f1a662016e67ed09760ba992f7796b53a24113c34b5.chm,data\raw\malware_bazaar\873a824edd1f2f06b85b7f1a662016e67ed09760ba992f7796b53a24113c34b5.chm,15194,68,0,0,0,0,0.014705882352941176,unknown,0,0,0,0,1,0,0,0,0,0,1,4.841436313170375,1.8875843870573945,0.20791101750691063,0.5151375542977491,256,0,0,0,0,0,0,0,0,0,0,0,0,0.0,0
malware,8743a8f2075c8033558c39f321c306c3497c7d41bc272740d3ad6fc404063efe.dll,data\raw\malware_bazaar\8743a8f2075c8033558c39f321c306c3497c7d41bc272740d3ad6fc404063efe.dll,5120,68,1,0,0,0,0.014705882352941176,executable,1,0,0,0,0,1,1,0,0,0,0,4.109211615479305,4.745684384131721,0.3076171875,0.513671875,197,0,0,0,0,0,0,0,0,0,0,0,0,0.0,0
malware,879a344589a34ab8eccf629ee13f2ac2d74f55f4fbf34efb78af19b5c4ccedd7.iso,data\raw\malware_bazaar\879a344589a34ab8eccf629ee13f2ac2d74f55f4fbf34efb78af19b5c4ccedd7.iso,1310720,68,0,0,0,0,0.014705882352941176,unknown,0,0,0,0,1,0,0,0,0,0,11,5.229746969295749,0.0,0.20026397705078125,0.47008590698242186,256,0,18,1,0,0,0,1,1,0,0,0,0,0.0,0
malware,87b6d11d7f2ece2be494b9af9900632b0cc4c844b9ec0db43d5d0efb7aa19f99.docm,data\raw\malware_bazaar\87b6d11d7f2ece2be494b9af9900632b0cc4c844b9ec0db43d5d0efb7aa19f99.docm,1913470,69,1,0,0,0,0.014492753623188406,document,0,0,1,0,0,1,1,0,0,0,70,7.948270097241073,6.6706193447440985,0.3522501006025702,0.0058987075836046555,256,0,0,0,0,0,0,0,0,0,0,0,0,0.0,0
malware,8804de9a60c9620a8cf14a672173b95a04ef74538fc2489f14df9e92fe12f7b2.cmd,data\raw\malware_bazaar\8804de9a60c9620a8cf14a672173b95a04ef74538fc2489f14df9e92fe12f7b2.cmd,82758,68,1,0,0,0,0.014705882352941176,script,0,1,0,0,0,0,0,0,0,0,1,5.036505131445103,4.504506306923767,0.3610285410473912,0.0,113,0,0,1,0,0,0,1,1,0,0,0,0,0.0,0
malware,8805e88908e6af8d7ab80870872cf5d29fcf5c5a05f30a3dca3293c665a3ba20.jar,data\raw\malware_bazaar\8805e88908e6af8d7ab80870872cf5d29fcf5c5a05f30a3dca3293c665a3ba20.jar,1387567,68,1,0,0,0,0.014705882352941176,archive,1,0,0,1,0,1,1,0,0,0,50,7.99579849961598,7.922253443518776,0.3661711470509172,0.0055781090210418665,256,0,0,8,0,0,0,8,8,0,0,0,0,0.0,0
malware,88361dfe97130e7ed8a82326a026a34311f5b712ac4216c3f7f168839ea24293.wsf,data\raw\malware_bazaar\88361dfe97130e7ed8a82326a026a34311f5b712ac4216c3f7f168839ea24293.wsf,786,68,0,0,0,0,0.014705882352941176,unknown,0,0,0,0,1,0,0,0,0,0,0,5.252915774394855,5.252915774394855,0.9338422391857506,0.0,64,0,0,0,0,0,0,0,0,0,0,0,0,0.0,0
malware,886298aa99068d65ed1643de260cb5352f824a363dd745837a0d3fa15c57e1d5.vbs,data\raw\malware_bazaar\886298aa99068d65ed1643de260cb5352f824a363dd745837a0d3fa15c57e1d5.vbs,2449134,68,1,0,0,0,0.014705882352941176,script,0,1,0,0,0,0,0,0,0,0,223,5.388593248598614,5.515997419799476,0.9998211612757816,0.0,74,0,0,115,0,0,0,115,115,0,0,0,0,0.0,0
malware,88b49b04b394d30ece4d4a30184d9d6a9ab4d623a1dee0c376a862702013b172.jar,data\raw\malware_bazaar\88b49b04b394d30ece4d4a30184d9d6a9ab4d623a1dee0c376a862702013b172.jar,5102821,68,1,0,0,0,0.014705882352941176,archive,1,0,0,1,0,1,1,0,0,0,85,7.977514334789367,7.935079774918474,0.3734689106280624,0.0036438667944652574,256,0,0,0,0,0,0,0,0,0,0,0,0,0.0,0
malware,88caa1005134c0d2b13de1e4f27a59ed263b382cf64822cb7c467baf7119c6f7.docm,data\raw\malware_bazaar\88caa1005134c0d2b13de1e4f27a59ed263b382cf64822cb7c467baf7119c6f7.docm,113213,69,1,0,0,0,0.014492753623188406,document,0,0,1,0,0,1,1,0,0,0,20,7.928429527401599,6.212208482541685,0.3458790068278378,0.029528411048201177,256,0,0,0,0,0,0,0,0,0,0,0,0,0.0,0
malware,89b1dcd07cae7ec63b1d11f671b2bf32ee794756a1a35aa760da518c6b9be3c8.docx,data\raw\malware_bazaar\89b1dcd07cae7ec63b1d11f671b2bf32ee794756a1a35aa760da518c6b9be3c8.docx,671945,69,1,0,0,0,0.014492753623188406,document,0,0,0,0,0,1,1,0,0,0,33,7.986536311414234,7.784957992348155,0.3662293788926177,0.003896152214839012,256,0,0,0,0,0,0,0,0,0,0,0,0,0.0,0
malware,89c007edca81ba4cdbeb5e3301e0a1653a35f3387ec2a753e85f07458206c17f.lnk,data\raw\malware_bazaar\89c007edca81ba4cdbeb5e3301e0a1653a35f3387ec2a753e85f07458206c17f.lnk,1385,68,0,0,0,0,0.014705882352941176,unknown,0,0,0,0,1,0,0,0,0,0,0,4.610655821582587,4.610655821582587,0.38267148014440433,0.4584837545126354,173,0,0,0,2,0,0,0,2,0,0,0,0,0.0,0
malware,89ca62c1cd7e4638f47e52d3f8d4c05af321fd0dfdf0407eac36e161573acabb.html,data\raw\malware_bazaar\89ca62c1cd7e4638f47e52d3f8d4c05af321fd0dfdf0407eac36e161573acabb.html,205033,69,0,0,0,0,0.014492753623188406,unknown,0,0,0,0,1,0,0,0,0,0,0,5.096049047410949,5.094829897734461,0.9820419152038941,0.0,91,0,0,0,0,1,2,2,5,0,0,0,0,0.0,0
malware,8a238ce3926ecc848107778eebeb50850d928aea311845694334101aaa69b7fa.rar,data\raw\malware_bazaar\8a238ce3926ecc848107778eebeb50850d928aea311845694334101aaa69b7fa.rar,2660,68,1,0,0,0,0.014705882352941176,archive,0,0,0,1,0,1,1,0,0,0,0,7.764526619434111,5.030639062229566,0.35789473684210527,0.039097744360902256,256,0,0,0,0,0,0,0,0,0,0,0,0,0.0,0
malware,8a50ed3d9d9e90c971100e211b7f5c8c7128ccbf9164cf3bd1beed8a49da6ab6.lnk,data\raw\malware_bazaar\8a50ed3d9d9e90c971100e211b7f5c8c7128ccbf9164cf3bd1beed8a49da6ab6.lnk,6547,68,0,0,0,0,0.014705882352941176,unknown,0,0,0,0,1,0,0,0,0,0,0,1.257524019561103,1.8713920196475682,0.10569726592332367,0.88177791354819,104,0,0,0,1,0,0,0,1,0,0,0,0,0.0,0
malware,8aae82dfe337761e498f8509c66b54f7ffb59896606869739f22f6b8a07ab64c.pdf,data\raw\malware_bazaar\8aae82dfe337761e498f8509c66b54f7ffb59896606869739f22f6b8a07ab64c.pdf,584213,68,1,0,0,0,0.014705882352941176,document,0,0,0,0,0,1,1,0,0,0,7,7.9938890969045255,6.611084576006501,0.37291878133488987,0.007586274184244445,256,1,1,5,0,0,0,5,5,0,0,0,0,0.0,0
malware,8ab5051916ec795a4346f808836b42d108d8fba32671b8c146bb4d2c30cc72c9.html,data\raw\malware_bazaar\8ab5051916ec795a4346f808836b42d108d8fba32671b8c146bb4d2c30cc72c9.html,133179,69,0,0,0,0,0.014492753623188406,unknown,0,0,0,0,1,0,0,0,0,0,0,4.862367584492349,5.073563006060189,0.9850351782187883,0.0,94,0,0,0,0,1,3,16,20,0,0,0,0,0.0,0
malware,8af1afc82c0d578a54cc34d09544a0695ec2b0d5f244bf1f1bb4993ee7614734.dll,data\raw\malware_bazaar\8af1afc82c0d578a54cc34d09544a0695ec2b0d5f244bf1f1bb4993ee7614734.dll,3880960,68,1,0,0,0,0.014705882352941176,executable,1,0,0,0,0,1,1,0,0,0,34,7.982721103306694,5.473285905837214,0.38568060479881267,0.005310284053430079,256,0,0,0,0,0,0,0,0,0,0,0,0,0.0,0
malware,8b0bb035d13376c7492a6a3c2c4b7897433a72b585331cad2b0f0eba0641ab18.js,data\raw\malware_bazaar\8b0bb035d13376c7492a6a3c2c4b7897433a72b585331cad2b0f0eba0641ab18.js,1155947,67,1,0,0,0,0.014925373134328358,script,0,1,0,0,0,0,0,0,0,0,0,4.399936147349958,4.073513898451892,0.9988200151044987,0.0,85,0,0,163,0,0,0,163,163,0,0,0,0,0.0,0
malware,8b38648319fed30176a688858aa230f604d8559309cb59f9120d0e21593e5fdd.docx,data\raw\malware_bazaar\8b38648319fed30176a688858aa230f604d8559309cb59f9120d0e21593e5fdd.docx,191578,69,1,0,0,0,0.014492753623188406,document,0,0,0,0,0,1,1,0,0,0,17,7.944597482881704,7.851531606771665,0.3686331415924584,0.007083276785434653,256,0,0,0,0,0,0,0,0,0,0,0,0,0.0,0
malware,8b57d6b676afdd84786655eb5fc8769711ffefb9f4d2db7770a16c4ef9ae6592.chm,data\raw\malware_bazaar\8b57d6b676afdd84786655eb5fc8769711ffefb9f4d2db7770a16c4ef9ae6592.chm,10733,68,0,0,0,0,0.014705882352941176,unknown,0,0,0,0,1,0,0,0,0,0,0,2.89181440830457,1.808314933113599,0.13779931053759434,0.7335320972701016,256,0,0,0,0,0,0,0,0,0,0,0,0,0.0,0
malware,8b76fd02f22106d80147453a04a123c6a5aee8b5677d9fae1843b46008638c0b.hta,data\raw\malware_bazaar\8b76fd02f22106d80147453a04a123c6a5aee8b5677d9fae1843b46008638c0b.hta,11935,68,0,0,0,0,0.014705882352941176,unknown,0,0,0,0,1,0,0,0,0,0,0,5.543447112632185,4.987490004251092,0.9874319229157938,0.0,92,2,0,0,0,0,0,0,0,0,0,0,0,0.0,0
malware,8b96b7be0153595b751a0080b58276968895b213c27e2204688d67957d8bfcbc.vbs,data\raw\malware_bazaar\8b96b7be0153595b751a0080b58276968895b213c27e2204688d67957d8bfcbc.vbs,429590,68,1,0,0,0,0.014705882352941176,script,0,1,0,0,0,0,0,0,0,0,4,4.8457863957612695,5.07914486351342,0.9990362904164436,0.0,74,0,0,107,0,0,0,107,107,0,0,0,0,0.0,0
malware,8bb234210f823bf749a87114923a3f50fefe831dc30e9641899f65d75b40325a.jar,data\raw\malware_bazaar\8bb234210f823bf749a87114923a3f50fefe831dc30e9641899f65d75b40325a.jar,85921,68,1,0,0,0,0.014705882352941176,archive,1,0,0,1,0,1,1,0,0,0,13,7.991557938071989,7.930632402211296,0.3739248844869124,0.008915166257375961,256,0,0,0,0,0,0,0,0,0,0,0,0,0.0,0
malware,8c491ff716a5b1fca672bc23db6308d080bc3aba37f7b217364f7e1a2b9e8d7c.docm,data\raw\malware_bazaar\8c491ff716a5b1fca672bc23db6308d080bc3aba37f7b217364f7e1a2b9e8d7c.docm,76153,69,1,0,0,0,0.014492753623188406,document,0,0,1,0,0,1,1,0,0,0,18,7.731538164957535,6.143405782980322,0.35047864168187726,0.05521778524811892,256,0,0,0,0,0,0,0,0,0,0,0,0,0.0,0
malware,8c4b3e92aed63d09e3880db4cc04907906a6e89cf72aa91cba37ff4e0e460e83.js,data\raw\malware_bazaar\8c4b3e92aed63d09e3880db4cc04907906a6e89cf72aa91cba37ff4e0e460e83.js,3644039,67,1,0,0,0,0.014925373134328358,script,0,1,0,0,0,0,0,0,0,0,3,5.034152476782103,3.9715350765592268,0.9990790438850956,0.0,89,0,0,2,1,0,0,2,3,0,0,0,0,0.0,0
malware,8c7349c0607fba5e9a1d4b0183265e54f81d050b02d670a551c0a89601300991.rar,data\raw\malware_bazaar\8c7349c0607fba5e9a1d4b0183265e54f81d050b02d670a551c0a89601300991.rar,2630,68,1,0,0,0,0.014705882352941176,archive,0,0,0,1,0,1,1,0,0,0,0,7.8136806068969715,4.995864648336087,0.3593155893536122,0.039163498098859315,256,0,0,0,0,0,0,0,0,0,0,0,0,0.0,0
malware,8c78a55c8bf545e0d21b8757eaa0b709b4af47b13d34a38df81045e67026bd96.vbs,data\raw\malware_bazaar\8c78a55c8bf545e0d21b8757eaa0b709b4af47b13d34a38df81045e67026bd96.vbs,3357503,68,1,0,0,0,0.014705882352941176,script,0,1,0,0,0,0,0,0,0,0,823,6.0238405011958,5.544791628682194,0.999046910754808,0.0,93,1,0,490,0,0,0,490,490,0,0,0,0,0.0,0
malware,8ca6b6522c58c0b5a2070928aecd5763b2218e1c0a4d7ac5ea263990cde94fc5.lnk,data\raw\malware_bazaar\8ca6b6522c58c0b5a2070928aecd5763b2218e1c0a4d7ac5ea263990cde94fc5.lnk,2875,68,0,0,0,0,0.014705882352941176,unknown,0,0,0,0,1,0,0,0,0,0,0,5.211053609883077,5.211053609883077,0.3022608695652174,0.44869565217391305,253,0,0,0,1,0,0,0,1,0,0,0,0,0.0,0
malware,8cd81cf5c5e6fd91ffd6679a16b54650bb9aeb4e0167e23cfba6aa21bab595c8.wsf,data\raw\malware_bazaar\8cd81cf5c5e6fd91ffd6679a16b54650bb9aeb4e0167e23cfba6aa21bab595c8.wsf,657,68,0,0,0,0,0.014705882352941176,unknown,0,0,0,0,1,0,0,0,0,0,0,5.4225522465054485,5.4225522465054485,0.954337899543379,0.0,65,0,0,0,0,0,0,0,0,0,0,0,0,0.0,0
malware,8d47da6cde6e7802746be81adf3b4111c28f1632ac62e39376607ce68f11102c.jar,data\raw\malware_bazaar\8d47da6cde6e7802746be81adf3b4111c28f1632ac62e39376607ce68f11102c.jar,1334503,68,1,0,0,0,0.014705882352941176,archive,1,0,0,1,0,1,1,0,0,0,26,7.999834429454135,7.937417959484841,0.37127155203098083,0.004299728063556245,256,0,0,0,0,0,0,0,0,0,0,0,0,0.0,0
malware,8d5bcaaf52d15691df333905c4e86c7b5eeebd8d7d7727b28d8da96d5d285202.html,data\raw\malware_bazaar\8d5bcaaf52d15691df333905c4e86c7b5eeebd8d7d7727b28d8da96d5d285202.html,202973,69,0,0,0,0,0.014492753623188406,unknown,0,0,0,0,1,0,0,0,0,0,0,5.13634499899986,5.267319956041665,0.9818596562104319,0.0,92,0,0,0,0,1,1,2,4,0,0,0,0,0.0,0
malware,8db6490330bba0c5cfbb1700025b19ea15435ad3ade60ba15f0548584daae0f8.jar,data\raw\malware_bazaar\8db6490330bba0c5cfbb1700025b19ea15435ad3ade60ba15f0548584daae0f8.jar,26779174,68,1,0,0,0,0.014705882352941176,archive,1,0,0,1,0,1,1,0,0,0,4059,7.992075204772801,7.912958220301524,0.372182129291964,0.008702322185142828,256,0,0,508,2,0,0,508,510,0,0,0,0,0.0,0
malware,8dee7af57738b476c15c004218847d01803871a954010774d620620766150fa6.jar,data\raw\malware_bazaar\8dee7af57738b476c15c004218847d01803871a954010774d620620766150fa6.jar,302094,68,1,0,0,0,0.014705882352941176,archive,1,0,0,1,0,1,1,0,0,0,84,7.973614836624099,7.930501665368215,0.3800042370917661,0.01798115818255245,256,0,0,0,0,0,0,0,0,0,0,0,0,0.0,0
malware,8e0b74f56fe4b61051029516e5146a9b73271b63bffd3288eccabc25396c529e.chm,data\raw\malware_bazaar\8e0b74f56fe4b61051029516e5146a9b73271b63bffd3288eccabc25396c529e.chm,252825,68,0,0,0,0,0.014705882352941176,unknown,0,0,0,0,1,0,0,0,0,0,4,7.926425352300799,1.9003691194391659,0.36115890438050036,0.036855532482942745,256,0,0,0,0,0,0,0,0,0,0,0,0,0.0,0
malware,8e1a49fcf2383b31cc172ea86e1b3661e006b6882f32e1beefb0dd9dfb6c1790.jar,data\raw\malware_bazaar\8e1a49fcf2383b31cc172ea86e1b3661e006b6882f32e1beefb0dd9dfb6c1790.jar,26445300,68,1,0,0,0,0.014705882352941176,archive,1,0,0,1,0,1,1,0,0,0,4044,7.991933633909246,7.919544016840748,0.37231477805129837,0.008733725841642939,256,0,0,412,3,0,0,412,415,0,0,0,0,0.0,0
malware,8e3aaccdcfec00f697fd658758bea1bf41ce5f09ecebea1788161c29a9f9f9bb.apk,data\raw\malware_bazaar\8e3aaccdcfec00f697fd658758bea1bf41ce5f09ecebea1788161c29a9f9f9bb.apk,4837539,68,1,0,0,0,0.014705882352941176,archive,1,0,0,1,0,1,1,0,0,0,1171,7.712682936499907,7.795311358592506,0.35211850488440505,0.06860141075865228,256,7,0,1,2,0,0,1,3,0,0,0,0,0.0,0
malware,8e7e5bc594b01ad318d11e24e4dea742085f59e87cf0d27d64e2f78de3f06715.wsf,data\raw\malware_bazaar\8e7e5bc594b01ad318d11e24e4dea742085f59e87cf0d27d64e2f78de3f06715.wsf,8958,68,0,0,0,0,0.014705882352941176,unknown,0,0,0,0,1,0,0,0,0,0,4,5.5705180999037704,5.626534040226205,0.9284438490734539,0.0,80,0,0,0,0,0,0,0,0,0,0,0,0,0.0,0
malware,8e818ed739a3ccb48ba3ea5ddce462b523e1245c9bcbb65ec2e02f1e41e57fa0.doc,data\raw\malware_bazaar\8e818ed739a3ccb48ba3ea5ddce462b523e1245c9bcbb65ec2e02f1e41e57fa0.doc,226481,68,1,0,0,0,0.014705882352941176,document,0,0,0,0,0,1,0,1,0,0,23,7.986006989619601,7.484713260888335,0.3656642279043275,0.011047284319655954,256,0,0,0,0,0,0,0,0,0,0,0,0,0.0,0
malware,8ebaf3ba0be7b62269aaf333cfaf66c1dea6e8ee495a917691beb550b4bbf0ab.php,data\raw\malware_bazaar\8ebaf3ba0be7b62269aaf333cfaf66c1dea6e8ee495a917691beb550b4bbf0ab.php,14996,68,1,0,0,0,0.014705882352941176,script,0,1,0,0,0,0,0,0,0,0,0,5.2765634851612315,5.4539240941769895,0.7152574019738597,0.0,94,0,0,0,0,0,0,0,65,0,0,0,0,0.0,0
malware,8f04100e8545056820957f9e010c3ffd83f248329cb369487e6d04f4a19c4385.html,data\raw\malware_bazaar\8f04100e8545056820957f9e010c3ffd83f248329cb369487e6d04f4a19c4385.html,134961,69,0,0,0,0,0.014492753623188406,unknown,0,0,0,0,1,0,0,0,0,0,2,5.295332233475899,5.163671058421623,0.9993553693289172,0.0,99,8,0,1,0,0,0,1,1,0,0,0,0,0.0,0
malware,8faf7709170f5c932f61d92f83371661237719e517ff84be276bb55fd655ff0c.docx,data\raw\malware_bazaar\8faf7709170f5c932f61d92f83371661237719e517ff84be276bb55fd655ff0c.docx,228655,69,1,0,0,0,0.014492753623188406,document,0,0,0,0,0,1,1,0,0,0,22,7.969050207842672,7.802139115460365,0.3641643524086506,0.0075397432813627515,256,0,0,0,1,0,0,0,1,0,0,0,0,0.0,0
malware,9015670fa19b6f7bcfbc2f5d24fb095b7030311b5da5adb59c8dd665165ad67c.docx,data\raw\malware_bazaar\9015670fa19b6f7bcfbc2f5d24fb095b7030311b5da5adb59c8dd665165ad67c.docx,238249,69,1,0,0,0,0.014492753623188406,document,0,0,0,0,0,1,1,0,0,0,19,7.952828717699252,7.827922083626035,0.36573081104222893,0.005166863239719789,256,0,0,0,0,0,0,0,0,0,0,0,0,0.0,0
malware,901f3f3add362204fe7c09fd521a0d9eee914389a50789702b24c327297a7205.lnk,data\raw\malware_bazaar\901f3f3add362204fe7c09fd521a0d9eee914389a50789702b24c327297a7205.lnk,6425,68,0,0,0,0,0.014705882352941176,unknown,0,0,0,0,1,0,0,0,0,0,0,3.33034782844234,3.432937912071725,0.4810894941634241,0.500544747081712,135,0,0,0,2,0,0,0,2,0,0,0,0,0.0,0
malware,902d1dee3000361a49b22d81c52a410a3521e06dcfd5b1422f46a5c2c3f80191.xlsm,data\raw\malware_bazaar\902d1dee3000361a49b22d81c52a410a3521e06dcfd5b1422f46a5c2c3f80191.xlsm,260448,69,1,0,0,0,0.014492753623188406,document,0,0,1,0,0,1,1,0,0,0,21,7.9868129435683635,6.1960165127762465,0.37229312569111683,0.013507494778228284,256,0,0,0,0,0,0,0,0,0,0,0,0,0.0,0
malware,903ea2bc595eeb324518a1e31b79bbaee0234192e1b38fefc295e00978e0f74d.wsf,data\raw\malware_bazaar\903ea2bc595eeb324518a1e31b79bbaee0234192e1b38fefc295e00978e0f74d.wsf,510,68,0,0,0,0,0.014705882352941176,unknown,0,0,0,0,1,0,0,0,0,0,0,5.062889066564714,5.062889066564714,0.9294117647058824,0.0,59,0,0,0,1,0,0,0,1,0,0,0,0,0.0,0
malware,904a8f66d8c6c26c86d9a698918b456943da3e5f6ba46897c59fb9670941ceab.lnk,data\raw\malware_bazaar\904a8f66d8c6c26c86d9a698918b456943da3e5f6ba46897c59fb9670941ceab.lnk,2269,68,0,0,0,0,0.014705882352941176,unknown,0,0,0,0,1,0,0,0,0,0,0,4.497458982688977,4.497458982688977,0.4301454385191714,0.4742177170559718,181,0,0,0,2,0,0,0,2,0,0,0,0,0.0,0
malware,9088ef663fe6dc4da3727efabe183c5cb22235190a988517755d04c9cc4b64e9.dll,data\raw\malware_bazaar\9088ef663fe6dc4da3727efabe183c5cb22235190a988517755d04c9cc4b64e9.dll,10646120,68,1,0,0,0,0.014705882352941176,executable,1,0,0,0,0,1,1,0,0,0,18,6.084249458065488,6.045825124369476,0.3729032736809279,0.26057211453562423,256,15,0,26,0,0,0,26,26,0,0,0,0,0.0,0
malware,909dfd9cc8f2bd21b623a9bee5e335259c37dd76e1a8f2d5c6ad4ba3096df917.img,data\raw\malware_bazaar\909dfd9cc8f2bd21b623a9bee5e335259c37dd76e1a8f2d5c6ad4ba3096df917.img,993280,68,0,0,0,0,0.014705882352941176,unknown,0,0,0,0,1,0,0,0,0,0,31,7.540056598335131,0.0,0.3270356797680412,0.11595018524484536,256,9,1,2,0,0,0,2,2,0,0,0,0,0.0,0
malware,909e7fe39c6a7edf276ca03981dfa93bb6ba331ac290c7930b4218a535a62152.rtf,data\raw\malware_bazaar\909e7fe39c6a7edf276ca03981dfa93bb6ba331ac290c7930b4218a535a62152.rtf,6334273,68,1,0,0,0,0.014705882352941176,document,0,0,0,0,0,0,0,0,0,0,0,4.517392649835868,4.037269637091023,0.9991834895654166,0.0,85,2,0,321,0,0,0,321,321,0,0,0,0,0.0,0
malware,912bbae944ee61ff205edeb301b23238224b0670ab5b6960a95202ab970331d6.rar,data\raw\malware_bazaar\912bbae944ee61ff205edeb301b23238224b0670ab5b6960a95202ab970331d6.rar,939149,68,1,0,0,0,0.014705882352941176,archive,0,0,0,1,0,1,1,0,0,0,10,7.995145251492083,5.207358500731241,0.3743378313771297,0.002885591104286966,256,0,0,0,1,0,0,0,1,0,0,0,0,0.0,0
malware,914c6ac38868363a37e12bd2b6088a3de87ea62a1765948c4faf31ca8bfde88d.ps1,data\raw\malware_bazaar\914c6ac38868363a37e12bd2b6088a3de87ea62a1765948c4faf31ca8bfde88d.ps1,16732,68,1,0,0,0,0.014705882352941176,script,0,1,0,0,0,0,0,0,0,0,0,5.403832094965048,5.429758156973947,0.9817116901745159,0.0,90,2,2,0,0,0,0,0,0,0,0,0,0,0.0,0
malware,9175f272eee3a353b521c7c55c92ae76dc77f601e402800296481377524a5f3e.jar,data\raw\malware_bazaar\9175f272eee3a353b521c7c55c92ae76dc77f601e402800296481377524a5f3e.jar,743607,68,1,0,0,0,0.014705882352941176,archive,1,0,0,1,0,1,1,0,0,0,314,7.979206657668143,7.950111838587099,0.3793361278202061,0.015985594541202543,256,0,0,2,0,0,0,2,2,0,0,0,0,0.0,0
malware,920d1811a907862961f1e72083d46e4a62976a592ba515386e6c2c0637438262.js,data\raw\malware_bazaar\920d1811a907862961f1e72083d46e4a62976a592ba515386e6c2c0637438262.js,55109957,67,1,0,0,0,0.014925373134328358,script,0,1,0,0,0,0,0,0,0,0,0,5.389785942098333,5.387099006499673,0.5724232192741504,0.0,116,0,0,3,0,0,0,3,3,0,0,0,0,0.0,0
malware,9221a086a63673dd09ca43a6af9e7a3977f3e301e756eaefe9bfcf8680dc73b7.docx,data\raw\malware_bazaar\9221a086a63673dd09ca43a6af9e7a3977f3e301e756eaefe9bfcf8680dc73b7.docx,252715,69,1,0,0,0,0.014492753623188406,document,0,0,0,0,0,1,1,0,0,0,17,7.952998210188308,7.843916247092009,0.36748906871376846,0.004475397186554023,256,0,0,0,0,0,0,0,0,0,0,0,0,0.0,0
malware,926bbc1708cf7e113cc11275236b7be69d02776efbd177a2487b898c1c33fbaf.lnk,data\raw\malware_bazaar\926bbc1708cf7e113cc11275236b7be69d02776efbd177a2487b898c1c33fbaf.lnk,2490,68,0,0,0,0,0.014705882352941176,unknown,0,0,0,0,1,0,0,0,0,0,0,1.9255772236579056,1.9255772236579056,0.1710843373493976,0.7967871485943775,104,0,0,0,2,0,0,0,2,0,0,0,0,0.0,0
malware,92a00ea5dbf17a9891f6b28d55994460ec46ca8f0b5a560bd245ca1996c6a80b.xlsx,data\raw\malware_bazaar\92a00ea5dbf17a9891f6b28d55994460ec46ca8f0b5a560bd245ca1996c6a80b.xlsx,3352406,69,1,0,0,0,0.014492753623188406,document,0,0,0,0,0,1,0,1,0,0,124,7.950555220658595,6.661424345041401,0.3680771362418514,0.012309964843160404,256,2,0,0,2,0,0,0,2,0,0,0,0,0.0,0
malware,92adeeb6460b2e21c20bc49747bdcff6fe25baffd35a9fbc09f86857cb94164d.xlsx,data\raw\malware_bazaar\92adeeb6460b2e21c20bc49747bdcff6fe25baffd35a9fbc09f86857cb94164d.xlsx,266859,69,1,0,0,0,0.014492753623188406,document,0,0,0,0,0,1,1,0,0,0,24,7.975791976845975,6.345038736628698,0.3684117830015102,0.013505259331707006,256,0,0,0,0,0,0,0,0,0,0,0,0,0.0,0
malware,92d30dd6be78798fb9479a2e52e7ba0f1a2ee00fbd4f0b8c22b2138e4d57f720.ps1,data\raw\malware_bazaar\92d30dd6be78798fb9479a2e52e7ba0f1a2ee00fbd4f0b8c22b2138e4d57f720.ps1,375,68,1,0,0,0,0.014705882352941176,script,0,1,0,0,0,0,0,0,0,0,0,5.47483202069809,5.47483202069809,1.0,0.0,57,0,0,0,1,0,0,0,1,0,0,0,0,0.0,0
malware,931ce3beac7484c2bab59eb90ee0b8230823a2f7b0dbfd6ffd4296767b0640b8.dll,data\raw\malware_bazaar\931ce3beac7484c2bab59eb90ee0b8230823a2f7b0dbfd6ffd4296767b0640b8.dll,341504,68,1,0,0,0,0.014705882352941176,executable,1,0,0,0,0,1,1,0,0,0,2,6.4236503970682985,5.6739321534621405,0.2839527501874063,0.19027302754872563,256,2,0,1,11,0,0,1,12,0,0,0,0,0.0,0
malware,931e22012cbb9d3f44e2c12aa04592e8f1f0bf1c1c4605eb944c9a422e5154a5.php,data\raw\malware_bazaar\931e22012cbb9d3f44e2c12aa04592e8f1f0bf1c1c4605eb944c9a422e5154a5.php,29,68,1,0,0,0,0.014705882352941176,script,0,1,0,0,0,0,0,0,0,0,0,4.651084443403434,4.651084443403434,1.0,0.0,26,0,0,0,1,1,0,0,3,0,0,0,0,0.0,0
malware,9345635e5ef122006163445db6ce9758bce08612644a85530ce3c298564a6a8e.php,data\raw\malware_bazaar\9345635e5ef122006163445db6ce9758bce08612644a85530ce3c298564a6a8e.php,47042,68,1,0,0,0,0.014705882352941176,script,0,1,0,0,0,0,0,0,0,0,5,6.161823076770376,6.083639880502753,0.7142553462862974,0.0,146,2,0,1,0,1,0,1,2,0,0,0,0,0.0,0
malware,93f7204a0e6c353a429ad391e9b0f99d911d350786446754163b2cbf17d02e11.iso,data\raw\malware_bazaar\93f7204a0e6c353a429ad391e9b0f99d911d350786446754163b2cbf17d02e11.iso,19144704,68,0,0,0,0,0.014705882352941176,unknown,0,0,0,0,1,0,0,0,0,0,306,7.993345390338429,0.0,0.36972731466623876,0.00995445006619063,256,3,2,0,1,0,0,0,1,0,0,0,0,0.0,0
malware,94072aa98faadb3a2f27fc10857c943713fa55a5f7ca41d3e81eb63474f9ceba.bat,data\raw\malware_bazaar\94072aa98faadb3a2f27fc10857c943713fa55a5f7ca41d3e81eb63474f9ceba.bat,4612793,68,1,0,0,0,0.014705882352941176,script,0,1,0,0,0,0,0,0,0,0,648,5.92313523070186,4.81426252562765,0.9791636000141346,0.0,75,0,0,48047,0,0,0,48047,48047,0,0,0,0,0.0,0
malware,945d7fcaee739e2fd847286e8e243c7cd14b537096d0abc243211244bd75f511.docx,data\raw\malware_bazaar\945d7fcaee739e2fd847286e8e243c7cd14b537096d0abc243211244bd75f511.docx,101564,69,1,0,0,0,0.014492753623188406,document,0,0,0,0,0,1,1,0,0,0,18,7.8327852861244756,7.818310059844364,0.36054113662321297,0.009058327753928558,256,0,0,0,0,0,0,0,0,0,0,0,0,0.0,0
malware,94796cf6d4403856fcca825b4fb2e9efd2c2635d6ae43e62a6392c0153f5c944.iso,data\raw\malware_bazaar\94796cf6d4403856fcca825b4fb2e9efd2c2635d6ae43e62a6392c0153f5c944.iso,1245184,68,0,0,0,0,0.014705882352941176,unknown,0,0,0,0,1,0,0,0,0,0,9,3.325687212362213,0.0,0.15178961502878288,0.6670467979029605,256,29,4,5,0,0,0,5,5,0,0,0,0,0.0,0
malware,94d3834175adc7704516dbbf3a0baaf89ab4d07f656a55111bcfb0fb73768f9d.pdf,data\raw\malware_bazaar\94d3834175adc7704516dbbf3a0baaf89ab4d07f656a55111bcfb0fb73768f9d.pdf,16302,68,1,0,0,0,0.014705882352941176,document,0,0,0,0,0,1,1,0,0,0,1,7.881637882007782,5.0805520607241625,0.44485339222181325,0.0032511348300821984,256,0,0,0,0,0,0,0,0,0,0,0,0,0.0,0
malware,95626cc9665d3acd3aa2991aee8e8028f8126c8fb3dce8a5079b6dd51d0d3b70.bat,data\raw\malware_bazaar\95626cc9665d3acd3aa2991aee8e8028f8126c8fb3dce8a5079b6dd51d0d3b70.bat,2363,68,1,0,0,0,0.014705882352941176,script,0,1,0,0,0,0,0,0,0,0,0,5.203213409501612,5.203213409501612,0.9382141345746932,0.0,84,0,0,1,5,0,0,1,6,0,0,0,0,0.0,0
malware,957a6b6e43933cd4f04b113ce45e58b3ba92ffb08dd93a7a0c4dbdf969d9529b.js,data\raw\malware_bazaar\957a6b6e43933cd4f04b113ce45e58b3ba92ffb08dd93a7a0c4dbdf969d9529b.js,483214,67,1,0,0,0,0.014925373134328358,script,0,1,0,0,0,1,0,1,0,0,0,4.369872346364984,3.882905205124516,0.43585243805022206,0.21206960063243202,129,0,0,0,0,0,0,0,0,0,0,0,0,0.0,0
malware,95d43193f2c25ae63f5e110243bd4eaa62b930e5a959393eb731a74953a9432b.wsf,data\raw\malware_bazaar\95d43193f2c25ae63f5e110243bd4eaa62b930e5a959393eb731a74953a9432b.wsf,90115,68,0,0,0,0,0.014705882352941176,unknown,0,0,0,0,1,0,0,0,0,0,1,4.400550014370423,4.525261848253061,0.9639571658436442,0.0,96,1,0,3,2,0,0,3,5,0,0,0,0,0.0,0
malware,95df7bbb2b1ac5c65bdc3b1c7ab755cf61a1402e85acb8cd9d1d964fe29f2fec.doc,data\raw\malware_bazaar\95df7bbb2b1ac5c65bdc3b1c7ab755cf61a1402e85acb8cd9d1d964fe29f2fec.doc,66376,68,1,0,0,0,0.014705882352941176,document,0,0,0,0,0,1,0,1,0,0,30,7.951466623723079,7.4996504516529585,0.3726798842955285,0.016346269736049173,256,0,0,0,0,0,0,0,0,0,0,0,0,0.0,0
malware,95f09aa8a39d1b841c2f88a4053a7a65473853ff36b50b464e89ef09287be155.wsf,data\raw\malware_bazaar\95f09aa8a39d1b841c2f88a4053a7a65473853ff36b50b464e89ef09287be155.wsf,333625,68,0,0,0,0,0.014705882352941176,unknown,0,0,0,0,1,0,0,0,0,0,80,5.831165560294783,5.973973484859083,0.9983754215061821,0.0,86,0,0,22,0,0,0,22,22,0,0,0,0,0.0,0
malware,95f86972335363beff97375fdcc22b0d31728b6f021d905a00011b83c16405e0.ps1,data\raw\malware_bazaar\95f86972335363beff97375fdcc22b0d31728b6f021d905a00011b83c16405e0.ps1,1618048,68,1,0,0,0,0.014705882352941176,script,0,1,0,0,0,0,0,0,0,0,0,4.001457569248455,4.221906789494364,0.9844905713551143,0.0,84,0,0,24836,0,0,0,24836,24836,0,0,0,0,0.0,0
malware,960a805c5686d1145914bb57caab5fc12b420a35fc23b39b5604d78f47597149.vbs,data\raw\malware_bazaar\960a805c5686d1145914bb57caab5fc12b420a35fc23b39b5604d78f47597149.vbs,10342,68,1,0,0,0,0.014705882352941176,script,0,1,0,0,0,0,0,0,0,0,0,5.0223637285465665,4.499446342018996,0.9707986849738929,0.0,74,0,0,0,0,0,0,0,0,0,0,0,0,0.0,0
malware,96144a4b38ac3b83fb802b46ab2223c1c61121bd8b8e407b7bd00e503ea05dba.wsf,data\raw\malware_bazaar\96144a4b38ac3b83fb802b46ab2223c1c61121bd8b8e407b7bd00e503ea05dba.wsf,651,68,0,0,0,0,0.014705882352941176,unknown,0,0,0,0,1,0,0,0,0,0,0,4.923969417568344,4.923969417568344,0.9201228878648233,0.0,66,1,0,0,1,0,0,0,1,0,0,0,0,0.0,0
malware,962bd2fdde0752a0ba60650f3808a99a3dfe1068b0a8c7a50360134ea8bb1f92.lnk,data\raw\malware_bazaar\962bd2fdde0752a0ba60650f3808a99a3dfe1068b0a8c7a50360134ea8bb1f92.lnk,3644,68,0,0,0,0,0.014705882352941176,unknown,0,0,0,0,1,0,0,0,0,0,0,2.9559540590454194,2.9559540590454194,0.3572996706915478,0.5842480790340285,79,0,0,0,1,0,0,0,1,0,0,0,0,0.0,0
malware,962f9462b4799412ccea9c938910023a0c2a058e0a10da2852f209d482d81a87.img,data\raw\malware_bazaar\962f9462b4799412ccea9c938910023a0c2a058e0a10da2852f209d482d81a87.img,1128448,68,0,0,0,0,0.014705882352941176,unknown,0,0,0,0,1,0,0,0,0,0,15,7.878882969413556,0.0,0.35581612976406535,0.05046488628629764,256,0,3,0,0,0,0,0,0,0,0,0,0,0.0,0
malware,9645d1974020b793786685f8f96603060c5699a75615a4da471ac10fa9db882b.pdf,data\raw\malware_bazaar\9645d1974020b793786685f8f96603060c5699a75615a4da471ac10fa9db882b.pdf,51734,68,1,0,0,0,0.014705882352941176,document,0,0,0,0,0,1,1,0,0,0,2,7.833473377137943,7.687058195442015,0.3826303784745042,0.05568871535160629,256,3,3,0,0,0,0,0,0,0,0,0,0,0.0,0
malware,967c242fed37ef6c6f043223292747433b51a78a43d5e368df320c8ab73fc33c.jar,data\raw\malware_bazaar\967c242fed37ef6c6f043223292747433b51a78a43d5e368df320c8ab73fc33c.jar,1466148,68,1,0,0,0,0.014705882352941176,archive,1,0,0,1,0,1,1,0,0,0,33,7.999841572569248,7.9319664337040985,0.370952318592666,0.0043208461901527,256,0,0,0,0,0,0,0,0,0,0,0,0,0.0,0
malware,96da185331e1daaac8bf43071c290ebc03cae73e968930d25ec7b63df7b5f27d.7z,data\raw\malware_bazaar\96da185331e1daaac8bf43071c290ebc03cae73e968930d25ec7b63df7b5f27d.7z,2262179,67,1,0,0,0,0.014925373134328358,archive,0,0,0,1,0,1,1,0,0,0,31,7.9999080667118685,5.185848182252591,0.37121156194978383,0.003922766500794146,256,0,0,0,0,0,0,0,0,0,0,0,0,0.0,0
malware,96f51ae5db46cfa5fc5cb22be31b2690193b374016f46ea2ceabe9ee673bbe8b.php,data\raw\malware_bazaar\96f51ae5db46cfa5fc5cb22be31b2690193b374016f46ea2ceabe9ee673bbe8b.php,28665,68,1,0,0,0,0.014705882352941176,script,0,1,0,0,0,0,0,0,0,0,8,5.681320357954984,5.741411219485667,1.0,0.0,78,0,0,1,0,0,0,2,2,0,0,0,0,0.0,0
malware,97272d6e3dcecb5d0269b1775ce2aca97670d4991bd7e43379d565bae2fc095f.bat,data\raw\malware_bazaar\97272d6e3dcecb5d0269b1775ce2aca97670d4991bd7e43379d565bae2fc095f.bat,3308,68,1,0,0,0,0.014705882352941176,script,0,1,0,0,0,0,0,0,0,0,0,5.954194425493485,5.954194425493485,0.9993954050785974,0.0,88,0,0,12,1,0,0,12,13,0,0,0,0,0.0,0
malware,974ec0c700b15d10bc0c00b18a6f60334763675e0481aa7bdbe0215353f7c889.lnk,data\raw\malware_bazaar\974ec0c700b15d10bc0c00b18a6f60334763675e0481aa7bdbe0215353f7c889.lnk,1819,68,0,0,0,0,0.014705882352941176,unknown,0,0,0,0,1,0,0,0,0,0,0,4.448250023018663,4.448250023018663,0.40956569543705335,0.4793842770753161,170,0,0,0,2,0,0,0,2,0,0,0,0,0.0,0
malware,9759b417231341209aafe4872de37f22592c2d586585e5b873228d380f498f59.html,data\raw\malware_bazaar\9759b417231341209aafe4872de37f22592c2d586585e5b873228d380f498f59.html,143831,69,0,0,0,0,0.014492753623188406,unknown,0,0,0,0,1,0,0,0,0,0,0,4.919692387859391,5.087077344856573,0.9861434600329554,0.0,94,0,0,0,0,1,3,16,20,0,0,0,0,0.0,0
malware,975d449ba1aff8342955c867a2be84834abd6df330cf708f63f4e630f57f5b9b.wsf,data\raw\malware_bazaar\975d449ba1aff8342955c867a2be84834abd6df330cf708f63f4e630f57f5b9b.wsf,341915,68,0,0,0,0,0.014705882352941176,unknown,0,0,0,0,1,0,0,0,0,0,104,5.848781203348054,6.030635967476268,0.9985376482459091,0.0,86,0,0,22,4,0,0,22,26,0,0,0,0,0.0,0
malware,986e06cb3babe6cb2e7eec75ab18b9f6407fbadb6d1acfb73aad06f5f32b9fe7.lnk,data\raw\malware_bazaar\986e06cb3babe6cb2e7eec75ab18b9f6407fbadb6d1acfb73aad06f5f32b9fe7.lnk,1783,68,0,0,0,0,0.014705882352941176,unknown,0,0,0,0,1,0,0,0,0,0,0,3.026197710151231,3.026197710151231,0.26247896803140774,0.6752664049355019,153,0,0,0,0,0,0,0,0,0,0,0,0,0.0,0
malware,98aad308c5253ec6205279bf56efeb83919dcc9584b125734cefb0cc48ad1c43.jar,data\raw\malware_bazaar\98aad308c5253ec6205279bf56efeb83919dcc9584b125734cefb0cc48ad1c43.jar,564115,68,1,0,0,0,0.014705882352941176,archive,1,0,0,1,0,1,1,0,0,0,263,7.971289230300114,7.941753102185896,0.3821738475310885,0.018269324517164055,256,0,0,4,0,0,0,4,4,0,0,0,0,0.0,0
malware,98e1f3319b1582098abfd5cfea48675d8a9eadbc72684dad1153134959d66b53.docm,data\raw\malware_bazaar\98e1f3319b1582098abfd5cfea48675d8a9eadbc72684dad1153134959d66b53.docm,96097,69,1,0,0,0,0.014492753623188406,document,0,0,1,0,0,1,1,0,0,0,22,7.9798668448380505,7.794972903735996,0.36742041895168426,0.016316846519662424,256,0,0,0,0,0,0,0,0,0,0,0,0,0.0,0
malware,99158b6292e3e4d785e0351b8c5f75a742d1439570a4058ad74e6179d8d8c8d3.lnk,data\raw\malware_bazaar\99158b6292e3e4d785e0351b8c5f75a742d1439570a4058ad74e6179d8d8c8d3.lnk,2370,68,0,0,0,0,0.014705882352941176,unknown,0,0,0,0,1,0,0,0,0,0,0,3.450995083057816,3.450995083057816,0.2371308016877637,0.6333333333333333,186,0,0,0,3,0,0,0,3,0,0,0,0,0.0,0
malware,995387f072de1050d90012748cb5e3008294fccb057b7d9f43723a44d2754c64.jar,data\raw\malware_bazaar\995387f072de1050d90012748cb5e3008294fccb057b7d9f43723a44d2754c64.jar,18781138,68,1,0,0,0,0.014705882352941176,archive,1,0,0,1,0,1,1,0,0,0,1330,7.997175027761148,7.943634364787826,0.3762602138379474,0.006692778680397322,256,0,0,898,1,0,0,898,899,0,0,0,0,0.0,0
malware,99674e4a80ac3bb427590e1db2fb66a602804c38444bb6b5c0ea57f9855bb712.html,data\raw\malware_bazaar\99674e4a80ac3bb427590e1db2fb66a602804c38444bb6b5c0ea57f9855bb712.html,80631,69,0,0,0,0,0.014492753623188406,unknown,0,0,0,0,1,0,0,0,0,0,0,5.669987622347235,5.024315011166189,0.9981396733266361,0.0,95,10,0,5,0,7,0,5,12,0,0,0,0,0.0,0
malware,996aa6d4e87ac927069807ef1029167b0af80627e851fff81c25344fd474af8b.js,data\raw\malware_bazaar\996aa6d4e87ac927069807ef1029167b0af80627e851fff81c25344fd474af8b.js,3959758,67,1,0,0,0,0.014925373134328358,script,0,1,0,0,0,0,0,0,0,0,5,5.876965075743043,4.085478941543881,0.9720993050585415,0.0,172,0,0,1,0,0,0,1,1,0,0,0,0,0.0,0
malware,9978b944440d1cfbdcc7d79245e23fa048284d75cf6c6609ad1c1de01dfe6c09.php,data\raw\malware_bazaar\9978b944440d1cfbdcc7d79245e23fa048284d75cf6c6609ad1c1de01dfe6c09.php,602,68,1,0,0,0,0.014705882352941176,script,0,1,0,0,0,0,0,0,0,0,0,5.720124052268267,5.720124052268267,1.0,0.0,74,0,0,1,0,0,0,2,3,0,0,0,0,0.0,0
malware,9985f58f259ed1e63261e65026cf62816a7c1dbbd69e699ce7af8db895636d53.rtf,data\raw\malware_bazaar\9985f58f259ed1e63261e65026cf62816a7c1dbbd69e699ce7af8db895636d53.rtf,5380406,68,1,0,0,0,0.014705882352941176,document,0,0,0,0,0,0,0,0,0,0,0,4.966215156181896,4.037269637091023,0.9978823159441871,0.0,85,1,0,319,0,0,0,319,319,0,0,0,0,0.0,0
malware,99baff0a339c9ef6cecae9c1ea5d6af3a9305840ab163ef410ee89d0d5dc9ae5.js,data\raw\malware_bazaar\99baff0a339c9ef6cecae9c1ea5d6af3a9305840ab163ef410ee89d0d5dc9ae5.js,549522,67,1,0,0,0,0.014925373134328358,script,0,1,0,0,0,1,0,1,0,0,0,4.544382883604237,4.097070364555117,0.44334348761287085,0.24759154319572282,129,0,0,0,0,0,0,0,0,0,0,0,0,0.0,0
malware,9a2654d8c663913c10d767185a00137c3a3084612734275d5e3c4b861a6a9ccc.rar,data\raw\malware_bazaar\9a2654d8c663913c10d767185a00137c3a3084612734275d5e3c4b861a6a9ccc.rar,204286,68,1,0,0,0,0.014705882352941176,archive,0,0,0,1,0,1,1,0,0,0,4,7.99868849967508,4.565413476123045,0.36911976346886227,0.0037349598112450194,256,0,0,0,0,0,0,0,0,0,0,0,0,0.0,0
malware,9a409f0e1a6ef9b3b98e34c758c7b450950613053d4a7ee8de43e57e7036b875.rtf,data\raw\malware_bazaar\9a409f0e1a6ef9b3b98e34c758c7b450950613053d4a7ee8de43e57e7036b875.rtf,231969,68,1,0,0,0,0.014705882352941176,document,0,0,0,0,0,0,0,0,0,0,0,2.317350485448913,5.93040949368483,0.271644055886778,0.0,100,0,0,2,0,0,0,2,2,0,0,0,0,0.0,0
malware,9ac536e4a7d70a59672c164569a89c36776f08c5bcabec27eff2c4f0aa1b9d47.dll,data\raw\malware_bazaar\9ac536e4a7d70a59672c164569a89c36776f08c5bcabec27eff2c4f0aa1b9d47.dll,1809920,68,1,0,0,0,0.014705882352941176,executable,1,0,0,0,0,1,1,0,0,0,1,6.702166475312785,4.549777658392675,0.3589683521923621,0.13509381630127298,256,0,0,3,0,0,0,3,3,0,0,0,0,0.0,0
malware,9af63b070d11312cd437d088862a8106f3b65cbe01dd2712d104096058e3482b.rar,data\raw\malware_bazaar\9af63b070d11312cd437d088862a8106f3b65cbe01dd2712d104096058e3482b.rar,846166,68,1,0,0,0,0.014705882352941176,archive,0,0,0,1,0,1,1,0,0,0,18,7.999719190443763,5.220714015923011,0.37031622636693035,0.003812490693315496,256,0,0,0,0,0,0,0,0,0,0,0,0,0.0,0
malware,9b074e0f9d18afbe5eb022a9ea5ac746184c4c542bddd8f07283c1e93551f057.rar,data\raw\malware_bazaar\9b074e0f9d18afbe5eb022a9ea5ac746184c4c542bddd8f07283c1e93551f057.rar,440892,68,1,0,0,0,0.014705882352941176,archive,0,0,0,1,0,1,1,0,0,0,4,7.993198098258566,5.202819531114784,0.37696306578481803,0.003774166916160874,256,0,0,0,0,0,0,0,0,0,0,0,0,0.0,0
malware,9b13a1e4bd7a99c7095b595e89f365aa9391322e1b077a0be87282dd52acc078.js,data\raw\malware_bazaar\9b13a1e4bd7a99c7095b595e89f365aa9391322e1b077a0be87282dd52acc078.js,3346262,67,1,0,0,0,0.014925373134328358,script,0,1,0,0,0,0,0,0,0,0,5,5.894686435409368,4.117136607357605,0.9669840556417878,0.0,172,0,0,1,0,0,0,1,1,0,0,0,0,0.0,0
malware,9b14d367c99b7d9187a58406ad3eb55e2dee12b4b2bc341f9058c622b7b87fa3.pdf,data\raw\malware_bazaar\9b14d367c99b7d9187a58406ad3eb55e2dee12b4b2bc341f9058c622b7b87fa3.pdf,193512,68,1,0,0,0,0.014705882352941176,document,0,0,0,0,0,0,0,0,0,0,23,5.879007599206786,5.284794756521566,0.981396502542478,0.0,82,0,0,1,0,0,0,1,1,0,0,0,0,0.0,0
malware,9b217a3f5400225eb066239a6d77ea2b5a338684c52bcc9ee9e328fd6ee41329.docx,data\raw\malware_bazaar\9b217a3f5400225eb066239a6d77ea2b5a338684c52bcc9ee9e328fd6ee41329.docx,237070,69,1,0,0,0,0.014492753623188406,document,0,0,0,0,0,1,1,0,0,0,21,7.951377396418089,7.555974069006388,0.3667819631332518,0.005074450584215633,256,0,0,0,0,0,0,0,0,0,0,0,0,0.0,0
malware,9b53181baa1988e0bb078c899a1abb149bc796347badabd9a7b687f4d1905aa1.xlsm,data\raw\malware_bazaar\9b53181baa1988e0bb078c899a1abb149bc796347badabd9a7b687f4d1905aa1.xlsm,2229751,69,1,0,0,0,0.014492753623188406,document,0,0,1,0,0,1,1,0,0,0,43,7.901063738766538,6.199315197571711,0.3434926141977288,0.0021881367022595797,256,0,0,0,0,0,0,0,0,0,0,0,0,0.0,0
malware,9c18c9fed61b6ac3d8013ad52fc85edd11cd118df0c96f1e83bb1090c880e554.img,data\raw\malware_bazaar\9c18c9fed61b6ac3d8013ad52fc85edd11cd118df0c96f1e83bb1090c880e554.img,1540096,68,0,0,0,0,0.014705882352941176,unknown,0,0,0,0,1,0,0,0,0,0,0,5.486682621595854,0.0,0.34968144842918886,0.04010399351728723,143,0,0,0,0,0,0,0,0,0,0,0,0,0.0,0
malware,9c93454072525b2c4bd008221b42598260f5149135fd18e8df55027d80b54cec.7z,data\raw\malware_bazaar\9c93454072525b2c4bd008221b42598260f5149135fd18e8df55027d80b54cec.7z,3617937,67,1,0,0,0,0.014925373134328358,archive,0,0,0,1,0,1,1,0,0,0,57,7.999951586775806,5.060848182252591,0.37117395908220624,0.00392654709023402,256,0,0,0,0,0,0,0,0,0,0,0,0,0.0,0
malware,9ca5f5aa2a2f99dc20635e697916aa357d72d584a754b346e034acb6a04f12ca.js,data\raw\malware_bazaar\9ca5f5aa2a2f99dc20635e697916aa357d72d584a754b346e034acb6a04f12ca.js,1084226,67,1,0,0,0,0.014925373134328358,script,0,1,0,0,0,0,0,0,0,0,0,5.556695108484656,5.556839571710445,0.4941552775897276,0.0,118,0,0,3,0,0,0,3,3,0,0,0,0,0.0,0
malware,9ce274f0da79ad88585ef5377c9e5c3fa8027dd50e16c7cb9bfa133a08f2ead8.bat,data\raw\malware_bazaar\9ce274f0da79ad88585ef5377c9e5c3fa8027dd50e16c7cb9bfa133a08f2ead8.bat,113568,68,1,0,0,0,0.014705882352941176,script,0,1,0,0,0,0,0,0,0,0,30,6.132232838849601,5.803353037959524,0.977969146238377,0.0,91,0,0,793,2,0,0,793,795,0,0,0,0,0.0,0
malware,9cfdf57ccf156d4a4bfbb2a307c46d490460302a1f9ec128a384c5a7fafbe60e.rar,data\raw\malware_bazaar\9cfdf57ccf156d4a4bfbb2a307c46d490460302a1f9ec128a384c5a7fafbe60e.rar,1135150,68,1,0,0,0,0.014705882352941176,archive,0,0,0,1,0,1,1,0,0,0,20,7.999286775348963,5.339614648336088,0.371509492137603,0.003512311148306391,256,0,0,0,0,0,0,0,0,0,0,0,0,0.0,0
malware,9cff99340825973883bfebb79264a463470d84d8e7fb13db85fa9b6808f2b98c.iso,data\raw\malware_bazaar\9cff99340825973883bfebb79264a463470d84d8e7fb13db85fa9b6808f2b98c.iso,5554176,68,0,0,0,0,0.014705882352941176,unknown,0,0,0,0,1,0,0,0,0,0,1180,6.073816894027922,0.0,0.9191147345708887,0.071874027758573,256,27,2,781,1,0,0,781,782,0,0,0,0,0.0,0
malware,9d04cf6270ffd3503268068f18ba8fa4aa3b13c3362ed768de05d924760db774.xls,data\raw\malware_bazaar\9d04cf6270ffd3503268068f18ba8fa4aa3b13c3362ed768de05d924760db774.xls,920576,68,1,0,0,0,0.014705882352941176,document,0,0,0,0,0,0,0,0,0,0,33,7.916486614894099,1.4508272698983766,0.358255049012792,0.03727123018631813,256,2,0,1,0,0,0,1,1,0,0,0,0,0.0,0
malware,9d1e3508dd2a6c156c752f2697b6c005639edb2c3bda871db5a330f7465ae129.chm,data\raw\malware_bazaar\9d1e3508dd2a6c156c752f2697b6c005639edb2c3bda871db5a330f7465ae129.chm,76945,68,0,0,0,0,0.014705882352941176,unknown,0,0,0,0,1,0,0,0,0,0,1,7.63723618805919,1.8367367088286553,0.3378387159659497,0.10477613880044187,256,0,0,0,0,0,0,0,0,0,0,0,0,0.0,0
malware,9d66bfddb6058cd175177ae545831d76c64b2a9a41585d81cb83a54d0eaf210b.xlsm,data\raw\malware_bazaar\9d66bfddb6058cd175177ae545831d76c64b2a9a41585d81cb83a54d0eaf210b.xlsm,2337149,69,1,0,0,0,0.014492753623188406,document,0,0,1,0,0,1,1,0,0,0,59,7.9909730217396095,6.181846810536343,0.36564891669294514,0.01050895770872974,256,4,0,3,1,0,0,3,4,0,0,0,0,0.0,0
malware,9d78980a066b5403998f58720e3d0a5f2a5c9e7da2ba0a6ffaf2f6b3e5b0fa23.iso,data\raw\malware_bazaar\9d78980a066b5403998f58720e3d0a5f2a5c9e7da2ba0a6ffaf2f6b3e5b0fa23.iso,372736,68,0,0,0,0,0.014705882352941176,unknown,0,0,0,0,1,0,0,0,0,0,0,0.10340343409445789,0.0,0.007823231456043956,0.9912672776442307,141,0,0,0,1,0,0,0,1,0,0,0,0,0.0,0
malware,9d7aebba3271d1d00dbebab0e608f329c0bfc40bbcc34922419a191728d05248.img,data\raw\malware_bazaar\9d7aebba3271d1d00dbebab0e608f329c0bfc40bbcc34922419a191728d05248.img,8017920,68,0,0,0,0,0.014705882352941176,unknown,0,0,0,0,1,0,0,0,0,0,57,6.370115903054932,0.0,0.4847635047493614,0.17811963701309066,256,77,5,111,2,0,0,111,113,0,0,0,0,0.0,0
malware,9d81c29ec25c73da97aeac0b1070a01e4eb9e7c310597ce70c54221eecf9ee17.ps1,data\raw\malware_bazaar\9d81c29ec25c73da97aeac0b1070a01e4eb9e7c310597ce70c54221eecf9ee17.ps1,4084,68,1,0,0,0,0.014705882352941176,script,0,1,0,0,0,0,0,0,0,0,2,6.18263846662689,6.18263846662689,0.9909402546523016,0.0,80,0,0,6,1,0,0,6,7,0,0,0,0,0.0,0
malware,9d91d305ba99da5156090771a0f3dfbf8ba54bf64a6b96b7281d5bc4ce659703.docm,data\raw\malware_bazaar\9d91d305ba99da5156090771a0f3dfbf8ba54bf64a6b96b7281d5bc4ce659703.docm,26425,69,1,0,0,0,0.014492753623188406,document,0,0,1,0,0,1,1,0,0,0,14,7.682928598276112,6.193747564046419,0.34508987701040683,0.09320719016083255,256,0,0,0,0,0,0,0,0,0,0,0,0,0.0,0
malware,9dbff94d0f6f1f8fbbffcae3737610494f16b2a0b1a1e02dff4e6930aa84b1c3.iso,data\raw\malware_bazaar\9dbff94d0f6f1f8fbbffcae3737610494f16b2a0b1a1e02dff4e6930aa84b1c3.iso,10878976,68,0,0,0,0,0.014705882352941176,unknown,0,0,0,0,1,0,0,0,0,0,133,7.227025847711233,0.0,0.30033865319677144,0.1763202713196536,256,0,0,0,2,0,0,0,2,0,0,0,0,0.0,0
malware,9dc7ca3c40c0b5206f25935c5e7b5799413b9f70f49f00957df0f51f3818da06.php,data\raw\malware_bazaar\9dc7ca3c40c0b5206f25935c5e7b5799413b9f70f49f00957df0f51f3818da06.php,28658,68,1,0,0,0,0.014705882352941176,script,0,1,0,0,0,0,0,0,0,0,8,5.678057867042648,5.727320648224015,1.0,0.0,80,0,0,1,0,0,0,2,3,0,0,0,0,0.0,0
malware,9dcd49e5979bae32b448bd0961aee79751815817e506cec9c2f42c1f94c3db6e.lnk,data\raw\malware_bazaar\9dcd49e5979bae32b448bd0961aee79751815817e506cec9c2f42c1f94c3db6e.lnk,657,68,0,0,0,0,0.014705882352941176,unknown,0,0,0,0,1,0,0,0,0,0,0,4.8391826663322695,4.8391826663322695,0.3987823439878234,0.4048706240487062,131,0,0,0,0,0,0,0,0,0,0,0,0,0.0,0
malware,9dcf4113c39cf135f32c902616d5142b69c8644cff82f476266562665bc42a7d.dll,data\raw\malware_bazaar\9dcf4113c39cf135f32c902616d5142b69c8644cff82f476266562665bc42a7d.dll,10646120,68,1,0,0,0,0.014705882352941176,executable,1,0,0,0,0,1,1,0,0,0,18,6.08425401992005,6.045825124369476,0.37290487050681376,0.2605717388118864,256,15,0,26,0,0,0,26,26,0,0,0,0,0.0,0
malware,9dfbe92313bc0d309a0fb07cb6461d6c17f18b9b66842b101593373c1bf9fff7.7z,data\raw\malware_bazaar\9dfbe92313bc0d309a0fb07cb6461d6c17f18b9b66842b101593373c1bf9fff7.7z,1624642,67,1,0,0,0,0.014925373134328358,archive,0,0,0,1,0,1,1,0,0,0,27,7.999879361365334,5.135891110799899,0.37118762164218333,0.0039898020610079025,256,0,0,0,0,0,0,0,0,0,0,0,0,0.0,0
malware,9e031576bdf06282fd05ce04db52e60e96b28e0cf5ae705393482e24fb9681d9.cmd,data\raw\malware_bazaar\9e031576bdf06282fd05ce04db52e60e96b28e0cf5ae705393482e24fb9681d9.cmd,2313,68,1,0,0,0,0.014705882352941176,script,0,1,0,0,0,0,0,0,0,0,0,5.196319642364795,5.196319642364795,0.9368785127539991,0.0,82,2,0,0,6,0,0,0,6,0,0,0,0,0.0,0
malware,9e1c3817c2b4f5aff5b8ed5288fca53df1ad392022c2fa3b609e0103ec2ae08e.docm,data\raw\malware_bazaar\9e1c3817c2b4f5aff5b8ed5288fca53df1ad392022c2fa3b609e0103ec2ae08e.docm,1276048,69,1,0,0,0,0.014492753623188406,document,0,0,1,0,0,1,1,0,0,0,31,7.969148179506751,6.1969112885740625,0.354180250272717,0.012649994357579025,256,0,0,0,0,0,0,0,0,0,0,0,0,0.0,0
malware,9e567884cc3a602af0604bf762be9b6c3849dc49678b4126012a371130a73cd0.xlsx,data\raw\malware_bazaar\9e567884cc3a602af0604bf762be9b6c3849dc49678b4126012a371130a73cd0.xlsx,28672,69,1,0,0,0,0.014492753623188406,document,0,0,0,0,0,0,0,0,0,0,0,6.165988308322751,3.3626286888369097,0.28125,0.26053292410714285,256,0,0,0,0,0,0,0,0,0,0,0,0,0.0,0
malware,9e5a318d4bc23972b5d53d594c392a4b68cb722ecc017632c330b4f4db9f4c02.xls,data\raw\malware_bazaar\9e5a318d4bc23972b5d53d594c392a4b68cb722ecc017632c330b4f4db9f4c02.xls,19456,68,1,0,0,0,0.014705882352941176,document,0,0,0,0,0,0,0,0,0,0,0,7.0322856073282205,0.8707851876713015,0.2955386513157895,0.17002467105263158,256,0,0,0,0,0,0,0,0,0,0,0,0,0.0,0
malware,9ea4a9b88d844c79d213f60415efeef10169e091cfd7c91fd494b03e9d2cdbba.wsf,data\raw\malware_bazaar\9ea4a9b88d844c79d213f60415efeef10169e091cfd7c91fd494b03e9d2cdbba.wsf,266467,68,0,0,0,0,0.014705882352941176,unknown,0,0,0,0,1,0,0,0,0,0,0,6.278038184922194,6.240982103128211,0.10683123989086829,0.0,149,0,0,0,0,0,0,0,0,0,0,0,0,0.0,0
malware,9ee509581356a191b62211602d84dfa5189f5ceef361ca09e713ca49657ef39c.xlsm,data\raw\malware_bazaar\9ee509581356a191b62211602d84dfa5189f5ceef361ca09e713ca49657ef39c.xlsm,3039509,69,1,0,0,0,0.014492753623188406,document,0,0,1,0,0,1,1,0,0,0,194,7.990287454329273,6.6523965901714766,0.36583935102676124,0.006724112348408904,256,0,0,0,0,0,0,0,0,0,0,0,0,0.0,0
malware,9f34a23c8bf580e17225b8fad3f99d2a7e9f076611bf00401c016767a85a6fb0.ps1,data\raw\malware_bazaar\9f34a23c8bf580e17225b8fad3f99d2a7e9f076611bf00401c016767a85a6fb0.ps1,21974,68,1,0,0,0,0.014705882352941176,script,0,1,0,0,0,0,0,0,0,0,0,5.430525456263584,5.409999537402643,0.979066169108947,0.0,113,11,2,0,0,0,0,0,0,0,0,0,0,0.0,0
malware,9f41d95ad7dd2be350f4c93e85dd3add49b438138025345943815122b7818c18.xls,data\raw\malware_bazaar\9f41d95ad7dd2be350f4c93e85dd3add49b438138025345943815122b7818c18.xls,28672,68,1,0,0,0,0.014705882352941176,document,0,0,0,0,0,0,0,0,0,0,0,6.098985852615817,0.8722595773239645,0.2703334263392857,0.26967075892857145,256,0,0,0,0,0,0,0,0,0,0,0,0,0.0,0
malware,9f4e98d10a0951edaa4f4061b06cf3ff0ca87af4cd417fdb5a59e5dcad5ee0d0.pdf,data\raw\malware_bazaar\9f4e98d10a0951edaa4f4061b06cf3ff0ca87af4cd417fdb5a59e5dcad5ee0d0.pdf,75072,68,1,0,0,0,0.014705882352941176,document,0,0,0,0,0,1,1,0,0,0,3,7.668854074292695,5.071073042882117,0.4901294757033248,0.017636402387041773,256,65,0,0,0,0,0,0,0,0,0,0,0,0.0,0
malware,9fc5dd07289e10a3437f63a8579bf7f96e0c950e8ce8cdcbd87e37740c341d96.pdf,data\raw\malware_bazaar\9fc5dd07289e10a3437f63a8579bf7f96e0c950e8ce8cdcbd87e37740c341d96.pdf,273073,68,1,0,0,0,0.014705882352941176,document,0,0,0,0,0,1,1,0,0,0,3,7.973476483291612,6.254669831163823,0.4075466999666756,0.003669348489231817,256,5,0,0,0,0,0,0,0,0,0,0,0,0.0,0
malware,a0590f76245cbb4b93c88c2003afa4cb1dfc89933a5895724d4dfec0d27fbe4b.img,data\raw\malware_bazaar\a0590f76245cbb4b93c88c2003afa4cb1dfc89933a5895724d4dfec0d27fbe4b.img,1572864,68,0,0,0,0,0.014705882352941176,unknown,0,0,0,0,1,0,0,0,0,0,15,5.849161280169308,0.0,0.23235257466634116,0.387481689453125,256,18,24,2,0,0,0,2,2,0,0,0,0,0.0,0
malware,a09eb93b16757942bab10e8f4f3ed36d2b3819647168fbbf2149c5ab31d49232.chm,data\raw\malware_bazaar\a09eb93b16757942bab10e8f4f3ed36d2b3819647168fbbf2149c5ab31d49232.chm,460532,68,0,0,0,0,0.014705882352941176,unknown,0,0,0,0,1,0,0,0,0,0,2,7.970513594429746,1.8517164453066408,0.3618315339650665,0.02091928465340085,256,0,0,0,0,0,0,0,0,0,0,0,0,0.0,0
malware,a0d5b30578acd1df9139e7a8a4bfc659dc2cf48f4dc0c5804b70890adeb9fa21.chm,data\raw\malware_bazaar\a0d5b30578acd1df9139e7a8a4bfc659dc2cf48f4dc0c5804b70890adeb9fa21.chm,7512874,68,0,0,0,0,0.014705882352941176,unknown,0,0,0,0,1,0,0,0,0,0,110,7.998706277223423,5.866919298471398,0.3758577609580568,0.005645509295111298,256,0,0,0,3,0,0,0,3,0,0,0,0,0.0,0
malware,a0e40b9c3895d8ce0283c07ece42dff634b9a13c882ab326eacb71f84961be35.html,data\raw\malware_bazaar\a0e40b9c3895d8ce0283c07ece42dff634b9a13c882ab326eacb71f84961be35.html,136936,69,0,0,0,0,0.014492753623188406,unknown,0,0,0,0,1,0,0,0,0,0,0,4.928418266954273,5.078508400534694,0.9854457556814863,0.0,94,0,0,0,0,1,3,16,20,0,0,0,0,0.0,0
malware,a128970a6df8b4be74fcd09a2a957b66b59f52618a2aedf2179b772df120c55f.rar,data\raw\malware_bazaar\a128970a6df8b4be74fcd09a2a957b66b59f52618a2aedf2179b772df120c55f.rar,2966,68,1,0,0,0,0.014705882352941176,archive,0,0,0,1,0,1,1,0,0,0,0,7.7669498971057545,5.106855320957341,0.34794335805799054,0.051921780175320294,256,0,0,0,0,0,0,0,0,0,0,0,0,0.0,0
malware,a12938970191659c4b45d3aee886c6ef9b95f1e02e78eb85c71343f4a1e8cdd6.7z,data\raw\malware_bazaar\a12938970191659c4b45d3aee886c6ef9b95f1e02e78eb85c71343f4a1e8cdd6.7z,8445267,67,1,0,0,0,0.014925373134328358,archive,0,0,0,1,0,1,1,0,0,0,128,7.999977599427074,5.073391110799899,0.37102474084004683,0.003943629017294539,256,0,0,0,0,0,0,0,0,0,0,0,0,0.0,0
malware,a132be0544b4a625c21fc5afb238a4f2b4c0636e11c0193f6820cd4676db34f4.img,data\raw\malware_bazaar\a132be0544b4a625c21fc5afb238a4f2b4c0636e11c0193f6820cd4676db34f4.img,1245184,68,0,0,0,0,0.014705882352941176,unknown,0,0,0,0,1,0,0,0,0,0,0,0.5693697630094274,0.0,0.04930998149671053,0.9480044716282895,145,0,4,12,2,0,0,15,17,0,0,0,0,0.0,0
malware,a1416a250bf7219f95961f484421dda844b5013b5561c4a40591489dcfcdd384.apk,data\raw\malware_bazaar\a1416a250bf7219f95961f484421dda844b5013b5561c4a40591489dcfcdd384.apk,8291109,68,1,0,0,0,0.014705882352941176,archive,1,0,0,1,0,1,1,0,0,0,773,7.924111805556925,7.899886644917582,0.354683673800453,0.01936098053951528,256,0,0,0,1,0,0,0,1,0,0,0,0,0.0,0
malware,a15e50a753028ff9db51885705d6348113dac5b653cd2bd00dcfd8b97da7566a.apk,data\raw\malware_bazaar\a15e50a753028ff9db51885705d6348113dac5b653cd2bd00dcfd8b97da7566a.apk,261735,68,1,0,0,0,0.014705882352941176,archive,1,0,0,1,0,1,1,0,0,0,46,7.957703757543676,7.591945649126573,0.3703211263300667,0.02553728007335664,256,0,0,0,0,0,0,0,0,0,0,0,0,0.0,0
malware,a1e2cec402d5603fad967efba6fe2491bfccfbf7c2785ed0c031a4dd703fd96a.html,data\raw\malware_bazaar\a1e2cec402d5603fad967efba6fe2491bfccfbf7c2785ed0c031a4dd703fd96a.html,137489,69,0,0,0,0,0.014492753623188406,unknown,0,0,0,0,1,0,0,0,0,0,0,4.919559079144049,5.043336459720904,0.9855042948890457,0.0,94,0,0,0,0,1,3,16,20,0,0,0,0,0.0,0
malware,a20782a81571519f30b77955d8991c916c8dda17710d0514f69da6d773281952.iso,data\raw\malware_bazaar\a20782a81571519f30b77955d8991c916c8dda17710d0514f69da6d773281952.iso,19412992,68,0,0,0,0,0.014705882352941176,unknown,0,0,0,0,1,0,0,0,0,0,301,7.991140435082316,0.0,0.3688902256797922,0.01163545526624644,256,3,2,0,4,0,0,0,4,0,0,0,0,0.0,0
malware,a21279b2cc36c7aaa8328e408d7e463c9ef43853349a7e6d6b70f555bad89e54.iso,data\raw\malware_bazaar\a21279b2cc36c7aaa8328e408d7e463c9ef43853349a7e6d6b70f555bad89e54.iso,8192000,68,0,0,0,0,0.014705882352941176,unknown,0,0,0,0,1,0,0,0,0,0,58,7.007056717000845,0.0,0.276868896484375,0.1095623779296875,256,0,0,12,2,0,0,12,14,0,0,0,0,0.0,0
malware,a23bd8eab005a0c7759ffa344b55a3e1fd83a871817d51621c97eee0b511b3da.pdf,data\raw\malware_bazaar\a23bd8eab005a0c7759ffa344b55a3e1fd83a871817d51621c97eee0b511b3da.pdf,37438,68,1,0,0,0,0.014705882352941176,document,0,0,0,0,0,1,1,0,0,0,0,6.010843505730155,5.003598300168786,0.8969496233773172,0.001442384742774721,256,0,0,0,0,0,0,0,0,0,0,0,0,0.0,0
malware,a2ba9ad1392dcd7d2527d199852cb4b590edb3e93f6015c2d5991882f1c3fcec.js,data\raw\malware_bazaar\a2ba9ad1392dcd7d2527d199852cb4b590edb3e93f6015c2d5991882f1c3fcec.js,77377,67,1,0,0,0,0.014925373134328358,script,0,1,0,0,0,0,0,0,0,0,1,4.1183488559898365,4.600196299583247,0.963167349470773,0.0,95,1,0,3,1,0,0,3,4,0,0,0,0,0.0,0
malware,a32e2d400bb7feb63d29738d6a31959228530974fe928b9c48787fadaf17d8a0.chm,data\raw\malware_bazaar\a32e2d400bb7feb63d29738d6a31959228530974fe928b9c48787fadaf17d8a0.chm,16311,68,0,0,0,0,0.014705882352941176,unknown,0,0,0,0,1,0,0,0,0,0,0,5.157267478094521,1.9136749707917324,0.2179510759610079,0.47575255962234075,256,0,0,0,0,0,0,0,0,0,0,0,0,0.0,0
malware,a344f45158789900517f44ea75ffc3bdcdf8676dda96fcb7d0e088d363ccfed5.cmd,data\raw\malware_bazaar\a344f45158789900517f44ea75ffc3bdcdf8676dda96fcb7d0e088d363ccfed5.cmd,4275,68,1,0,0,0,0.014705882352941176,script,0,1,0,0,0,0,0,0,0,0,0,5.430788856174317,5.427278384163349,1.0,0.0,86,0,0,0,1,0,0,0,1,0,0,0,0,0.0,0
malware,a355998ff9943113d5d55124fa930060b6c91c5b4dc1cf3b58a03b5a72bd1b0f.rtf,data\raw\malware_bazaar\a355998ff9943113d5d55124fa930060b6c91c5b4dc1cf3b58a03b5a72bd1b0f.rtf,4899684,68,1,0,0,0,0.014705882352941176,document,0,0,0,0,0,0,0,0,0,0,0,4.888299719009018,4.037269637091023,0.9984043868951549,0.0,87,1,0,1218,0,0,0,1218,1218,0,0,0,0,0.0,0
malware,a392ab291af76e8ff631a4e38b75b346989088ee823a2ce3d4c2dbbf84b6d500.img,data\raw\malware_bazaar\a392ab291af76e8ff631a4e38b75b346989088ee823a2ce3d4c2dbbf84b6d500.img,4577280,68,0,0,0,0,0.014705882352941176,unknown,0,0,0,0,1,0,0,0,0,0,23,6.568147522063429,0.0,0.3166085535514541,0.23795572916666666,256,0,10,126,0,1,0,126,127,0,0,0,0,0.0,0
malware,a3d2ca93fa43d5857b4329ee3372f73480cc685333acfacd7c04be8100048487.js,data\raw\malware_bazaar\a3d2ca93fa43d5857b4329ee3372f73480cc685333acfacd7c04be8100048487.js,1141112,67,1,0,0,0,0.014925373134328358,script,0,1,0,0,0,0,0,0,0,0,0,3.672352879080303,5.147043991686823,0.9980072070050968,0.0,83,0,0,1103,1,0,0,1104,1105,0,0,0,0,0.0,0
malware,a43ed2e8bc7cff3be1311ef66b02b54cac1cb41918cab01302e374f518959e88.rtf,data\raw\malware_bazaar\a43ed2e8bc7cff3be1311ef66b02b54cac1cb41918cab01302e374f518959e88.rtf,79961,68,1,0,0,0,0.014705882352941176,document,0,0,0,0,0,0,0,0,0,0,1,2.924636189708554,6.087253037976935,0.3183802103525469,0.0,100,0,0,2,0,0,0,2,2,0,0,0,0,0.0,0
malware,a45f64602b6445593dbc06854188041bc7e07290441545f2fea0dccc863b3993.chm,data\raw\malware_bazaar\a45f64602b6445593dbc06854188041bc7e07290441545f2fea0dccc863b3993.chm,11648,68,0,0,0,0,0.014705882352941176,unknown,0,0,0,0,1,0,0,0,0,0,0,3.4786021312639064,1.8120629837756064,0.15745192307692307,0.670157967032967,256,0,0,0,0,0,0,0,0,0,0,0,0,0.0,0
malware,a46230a1638b9b341d15a640ead1b885548c1d1e5a149657e8e315540a068be8.php,data\raw\malware_bazaar\a46230a1638b9b341d15a640ead1b885548c1d1e5a149657e8e315540a068be8.php,25803,68,1,0,0,0,0.014705882352941176,script,0,1,0,0,0,0,0,0,0,0,0,3.343642664664226,3.399592717906819,0.9999224896329885,0.0,39,0,0,0,0,1,0,2,3,0,0,0,0,0.0,0
malware,a4c2ad6537390d2d1dcb919c1363dab66acfb2ded9c5843ab7bc128eec118b91.bat,data\raw\malware_bazaar\a4c2ad6537390d2d1dcb919c1363dab66acfb2ded9c5843ab7bc128eec118b91.bat,20458,68,1,0,0,0,0.014705882352941176,script,0,1,0,0,0,0,0,0,0,0,0,5.328875792537628,5.354644068098273,0.9792746113989638,0.0,92,7,11,0,13,0,0,0,13,0,0,0,0,0.0,0
malware,a4d215f9419f2b44995b6e2086ad36478ef76e62010be2f4d54bf7aecc6967cb.xls,data\raw\malware_bazaar\a4d215f9419f2b44995b6e2086ad36478ef76e62010be2f4d54bf7aecc6967cb.xls,1356800,68,1,0,0,0,0.014705882352941176,document,0,0,0,0,0,0,0,0,0,0,64,7.978879320238099,1.660184407134059,0.3633667452830189,0.017685731132075472,256,0,0,0,0,0,0,0,0,0,0,0,0,0.0,0
malware,a542fbfadf53e5a6d3a3e7216fc0d9a24384c0bee039aab151c3c1a1e06e52dc.rtf,data\raw\malware_bazaar\a542fbfadf53e5a6d3a3e7216fc0d9a24384c0bee039aab151c3c1a1e06e52dc.rtf,5602099,68,1,0,0,0,0.014705882352941176,document,0,0,0,0,0,0,0,0,0,0,1,3.5466818210382627,5.964890573707704,0.9999982149547875,0.0,70,0,0,3,0,0,0,3,3,0,0,0,0,0.0,0
malware,a55a560802bea130e690d55e0ea059bd8eb1657ae2cdfdafaf6e3413413fa2d6.chm,data\raw\malware_bazaar\a55a560802bea130e690d55e0ea059bd8eb1657ae2cdfdafaf6e3413413fa2d6.chm,11936,68,0,0,0,0,0.014705882352941176,unknown,0,0,0,0,1,0,0,0,0,0,0,3.6109562121858914,1.8252363876742965,0.15842828418230562,0.6566689008042895,256,0,0,0,0,0,0,0,0,0,0,0,0,0.0,0
malware,a58cde622c04af01a3b2f9d4e3ec4ee0bec12357daff9dc6057af93162067d71.js,data\raw\malware_bazaar\a58cde622c04af01a3b2f9d4e3ec4ee0bec12357daff9dc6057af93162067d71.js,3315662,67,1,0,0,0,0.014925373134328358,script,0,1,0,0,0,0,0,0,0,0,5,5.881105149910378,4.0448483340564305,0.9666793539269081,0.0,172,0,0,1,0,0,0,1,1,0,0,0,0,0.0,0
malware,a6562d8f34d4c25a94313ebbed1137514eed90b233a94a9125e087781c733b37.docm,data\raw\malware_bazaar\a6562d8f34d4c25a94313ebbed1137514eed90b233a94a9125e087781c733b37.docm,16767,69,1,0,0,0,0.014492753623188406,document,0,0,1,0,0,1,1,0,0,0,13,7.403694728343019,6.187341088935503,0.33887994274467703,0.14570286873024393,256,0,0,0,0,0,0,0,0,0,0,0,0,0.0,0
malware,a66a0a22f5e61f4098c595260074f0ebc1bbc8d507241fcedccd2806864cd55f.img,data\raw\malware_bazaar\a66a0a22f5e61f4098c595260074f0ebc1bbc8d507241fcedccd2806864cd55f.img,3452928,68,0,0,0,0,0.014705882352941176,unknown,0,0,0,0,1,0,0,0,0,0,28,6.659866358107152,0.0,0.30744197388419336,0.23085711604759787,256,0,5,92,0,0,0,92,92,0,0,0,0,0.0,0
malware,a68f76c530a51ddd6e3c6983f202054ae462530ab40fdd16ea44eff9af02d3c5.docm,data\raw\malware_bazaar\a68f76c530a51ddd6e3c6983f202054ae462530ab40fdd16ea44eff9af02d3c5.docm,16198,69,1,0,0,0,0.014492753623188406,document,0,0,1,0,0,1,1,0,0,0,13,7.371864203926902,6.17046698731172,0.3349178910976664,0.1508210890233362,256,0,0,0,0,0,0,0,0,0,0,0,0,0.0,0
malware,a710209edb0b786d20eed3ac5c656546e40da8a07e9f771014434cf656934778.apk,data\raw\malware_bazaar\a710209edb0b786d20eed3ac5c656546e40da8a07e9f771014434cf656934778.apk,2577715,68,1,0,0,0,0.014705882352941176,archive,1,0,0,1,0,1,1,0,0,0,920,7.463252238132124,7.916069046116186,0.33958680459243945,0.09205633671682091,256,0,0,0,0,0,0,0,0,0,0,0,0,0.0,0
malware,a728696cba3c76b8224bf5eb523ed6dcd5f9812d3d0ea030320cf97357be90d1.docx,data\raw\malware_bazaar\a728696cba3c76b8224bf5eb523ed6dcd5f9812d3d0ea030320cf97357be90d1.docx,224768,69,1,0,0,0,0.014492753623188406,document,0,0,0,0,0,1,1,0,0,0,20,7.9486308384912965,7.7878633322326785,0.36840208570615035,0.005200918280182232,256,0,0,1,0,0,0,1,1,0,0,0,0,0.0,0
malware,a7353f52707f9be746a81ce1bbbed86376605f2c7b55184b4e2072dd9ee2a319.img,data\raw\malware_bazaar\a7353f52707f9be746a81ce1bbbed86376605f2c7b55184b4e2072dd9ee2a319.img,991232,68,0,0,0,0,0.014705882352941176,unknown,0,0,0,0,1,0,0,0,0,0,40,7.539046926784905,0.0,0.36200808690599173,0.11471078415547521,256,9,1,19,1,0,0,19,20,0,0,0,0,0.0,0
malware,a736896efc10ad2d3033cbdc7f709ddc9b209f1ae3e18175e62376b413c3c260.js,data\raw\malware_bazaar\a736896efc10ad2d3033cbdc7f709ddc9b209f1ae3e18175e62376b413c3c260.js,1028966,67,1,0,0,0,0.014925373134328358,script,0,1,0,0,0,0,0,0,0,0,1,5.408943334274504,5.3765401083361715,0.46932162967483865,0.0,118,0,0,3,0,0,0,3,3,0,0,0,0,0.0,0
malware,a7ed7621080874c1e226891baa8c5c43979dba24acb715c098f8e9d915591332.html,data\raw\malware_bazaar\a7ed7621080874c1e226891baa8c5c43979dba24acb715c098f8e9d915591332.html,6184,69,0,0,0,0,0.014492753623188406,unknown,0,0,0,0,1,0,0,0,0,0,0,5.649956868117441,5.757524571576566,0.9718628719275549,0.0,75,0,0,80,0,0,0,80,80,0,0,0,0,0.0,0
malware,a812cba48749a1bd14931d235f75f54f52710463eb4cecb1b4ded8d82be93a42.apk,data\raw\malware_bazaar\a812cba48749a1bd14931d235f75f54f52710463eb4cecb1b4ded8d82be93a42.apk,1916804,68,1,0,0,0,0.014705882352941176,archive,1,0,0,1,0,1,1,0,0,0,641,7.387999536778907,7.844914479855504,0.30976615240786226,0.1308224523738473,256,4,0,1,0,0,0,1,1,0,0,0,0,0.0,0
malware,a835f1601b2834fbeb9a3b4b3156d0d0e5ddeac3d9ca0500f5cbfe832d6958b4.bat,data\raw\malware_bazaar\a835f1601b2834fbeb9a3b4b3156d0d0e5ddeac3d9ca0500f5cbfe832d6958b4.bat,40653,68,1,0,0,0,0.014705882352941176,script,0,1,0,0,0,0,0,0,0,0,0,5.719632110510598,5.647800210352782,0.9295008978427176,0.0,88,0,0,132,4,0,0,132,136,0,0,0,0,0.0,0
malware,a837b8a98b47c1549b4a4396295a6002a07ae5591084e7b5e3c523efe751aa16.rar,data\raw\malware_bazaar\a837b8a98b47c1549b4a4396295a6002a07ae5591084e7b5e3c523efe751aa16.rar,1564676,68,1,0,0,0,0.014705882352941176,archive,0,0,0,1,0,1,1,0,0,0,20,7.999303343744625,5.339614648336088,0.37367864017854174,0.0036819124214853426,256,0,0,0,0,0,0,0,0,0,0,0,0,0.0,0
malware,a84f87d4e0bf73dd24e32e036997969a2a835087b98677d7820d09fcc9f1d0fc.rar,data\raw\malware_bazaar\a84f87d4e0bf73dd24e32e036997969a2a835087b98677d7820d09fcc9f1d0fc.rar,10632290,68,1,0,0,0,0.014705882352941176,archive,0,0,0,1,0,1,1,0,0,0,160,7.9996874279765295,5.283214015923012,0.36992369470734904,0.0037780195987882196,256,0,0,0,2,0,0,0,2,0,0,0,0,0.0,0
malware,a8602645ad4c7a9d4ee7e150e6a30102c32b38e5ae82349169e5da51db5b5927.html,data\raw\malware_bazaar\a8602645ad4c7a9d4ee7e150e6a30102c32b38e5ae82349169e5da51db5b5927.html,154616,69,0,0,0,0,0.014492753623188406,unknown,0,0,0,0,1,0,0,0,0,0,0,5.37188171493194,4.367163170849317,0.9965656853107052,0.0,99,49,14,4,0,0,0,17,17,0,0,0,0,0.0,0
malware,a869b6c8df360ac809080ef743c089e166c56ade06e98abb5311636b426fd7e5.cmd,data\raw\malware_bazaar\a869b6c8df360ac809080ef743c089e166c56ade06e98abb5311636b426fd7e5.cmd,903,68,1,0,0,0,0.014705882352941176,script,0,1,0,0,0,0,0,0,0,0,0,5.473465033530967,5.473465033530967,0.9623477297895903,0.0,75,1,1,0,2,0,0,0,2,0,0,0,0,0.0,0
malware,a8a05bfa26a75cf0376d25a29aff297e40035ac70a20d7f49f255d95b385aa9e.xls,data\raw\malware_bazaar\a8a05bfa26a75cf0376d25a29aff297e40035ac70a20d7f49f255d95b385aa9e.xls,875008,68,1,0,0,0,0.014705882352941176,document,0,0,0,0,0,0,0,0,0,0,37,7.905398710547543,1.4349645843172738,0.35611102984201287,0.040413344792276186,256,2,0,2,0,0,0,2,2,0,0,0,0,0.0,0
malware,a8af219a8047cc0cdeb31deba1e3836a51e2c83c3f6433939cf55ce76d6b688a.vbs,data\raw\malware_bazaar\a8af219a8047cc0cdeb31deba1e3836a51e2c83c3f6433939cf55ce76d6b688a.vbs,15656,68,1,0,0,0,0.014705882352941176,script,0,1,0,0,0,0,0,0,0,0,0,5.416912148205362,5.429603130717998,0.9671052631578947,0.0,88,0,0,72,0,0,0,72,72,0,0,0,0,0.0,0
malware,a8c981ac3b86c512d87a116ac8be45c41bb2f89d6a18c9c4354ade3859207529.7z,data\raw\malware_bazaar\a8c981ac3b86c512d87a116ac8be45c41bb2f89d6a18c9c4354ade3859207529.7z,17932163,67,1,0,0,0,0.014925373134328358,archive,0,0,0,1,0,1,1,0,0,0,274,7.9999878717442785,5.159774413893479,0.3709699716648795,0.003903544709023669,256,0,0,0,1,0,0,0,1,0,0,0,0,0.0,0
malware,a8cd80793c479cf48d4860343e9727fda4e98824c35fd71abee1acb21c6cfb74.iso,data\raw\malware_bazaar\a8cd80793c479cf48d4860343e9727fda4e98824c35fd71abee1acb21c6cfb74.iso,151552,68,0,0,0,0,0.014705882352941176,unknown,0,0,0,0,1,0,0,0,0,0,1,4.468090227312053,0.0,0.5252388619087838,0.41102723817567566,188,6,0,5,5,0,0,6,11,0,0,0,0,0.0,0
malware,a9a75a3539e237b9ec58a77bbe1da8821e70c606b66e7ea9c943fced7a7106ce.xlsx,data\raw\malware_bazaar\a9a75a3539e237b9ec58a77bbe1da8821e70c606b66e7ea9c943fced7a7106ce.xlsx,152148,69,1,0,0,0,0.014492753623188406,document,0,0,0,0,0,1,0,1,0,0,14,7.992900926187192,7.886875585647482,0.3678720719299629,0.007223230012882193,256,0,0,0,0,0,0,0,0,0,0,0,0,0.0,0
malware,a9b4bfd5e66c09db5ad06969b145095fc9031916b9883955a56082748d255ccb.img,data\raw\malware_bazaar\a9b4bfd5e66c09db5ad06969b145095fc9031916b9883955a56082748d255ccb.img,1310720,68,0,0,0,0,0.014705882352941176,unknown,0,0,0,0,1,0,0,0,0,0,8,5.0364450207614455,0.0,0.19516143798828126,0.4932579040527344,256,5,5,0,0,0,0,0,0,0,0,0,0,0.0,0
malware,a9c435768ee164b6170fac5d71b347074bf9bc2d4026ee951613325d18effa82.wsf,data\raw\malware_bazaar\a9c435768ee164b6170fac5d71b347074bf9bc2d4026ee951613325d18effa82.wsf,39430,68,0,0,0,0,0.014705882352941176,unknown,0,0,0,0,1,0,0,0,0,0,1,5.696450516539136,5.589071411701885,0.9995942176008116,0.0,90,1,0,0,2,0,0,0,2,0,0,0,0,0.0,0
malware,a9c79a4bcc62f9a7dae17f4e68ce7dfd5f857f4cd12404387301c3a560d800db.7z,data\raw\malware_bazaar\a9c79a4bcc62f9a7dae17f4e68ce7dfd5f857f4cd12404387301c3a560d800db.7z,79149653,67,1,0,0,0,0.014925373134328358,archive,0,0,0,1,0,1,1,0,0,0,1218,7.99999523743591,5.111553065031286,0.3711033452035475,0.003991198799064855,256,0,0,0,6,0,0,0,6,0,0,0,0,0.0,0
malware,a9daf5cf583904d5c7782f8edb24cdf04fc9853933dbe1de14b40739e6bf3325.jar,data\raw\malware_bazaar\a9daf5cf583904d5c7782f8edb24cdf04fc9853933dbe1de14b40739e6bf3325.jar,13659350,68,1,0,0,0,0.014705882352941176,archive,1,0,0,1,0,1,1,0,0,0,937,7.997905625778718,7.933100380437514,0.3712097574189109,0.005295859612646283,256,0,0,541,3,0,0,541,544,0,0,0,0,0.0,0
malware,aa1b0bd9407c53f3e91b091849b9e008e3a85c4e2c1268812a0bf8daadbb22d6.xlsx,data\raw\malware_bazaar\aa1b0bd9407c53f3e91b091849b9e008e3a85c4e2c1268812a0bf8daadbb22d6.xlsx,263071,69,1,0,0,0,0.014492753623188406,document,0,0,0,0,0,1,1,0,0,0,9,7.908929071748255,6.117772315979064,0.35467611405286026,0.011107267619768048,256,0,0,0,0,0,0,0,0,0,0,0,0,0.0,0
malware,aa35fc0f401673c49ade59da35761175d5de7cbc1fe3537bbd2c0a5401468920.xlsm,data\raw\malware_bazaar\aa35fc0f401673c49ade59da35761175d5de7cbc1fe3537bbd2c0a5401468920.xlsm,569430,69,1,0,0,0,0.014492753623188406,document,0,0,1,0,0,1,1,0,0,0,85,7.9813586593461405,6.6656906658951645,0.36252217129410114,0.014219482640535273,256,0,0,0,0,0,0,0,0,0,0,0,0,0.0,0
malware,aaa252d9ddcd8c962f90bffe584c722fa38834e5b8051a4b7ac6ce043392cf4e.xls,data\raw\malware_bazaar\aaa252d9ddcd8c962f90bffe584c722fa38834e5b8051a4b7ac6ce043392cf4e.xls,889344,68,1,0,0,0,0.014705882352941176,document,0,0,0,0,0,0,0,0,0,0,44,7.9652217452523875,1.4456153783265036,0.36443490932642486,0.022736983664363844,256,0,0,0,0,0,0,0,0,0,0,0,0,0.0,0
malware,ab9476466cfead369f859a5336e557ccb5b22bdea09d3c245a91e9c305623427.ps1,data\raw\malware_bazaar\ab9476466cfead369f859a5336e557ccb5b22bdea09d3c245a91e9c305623427.ps1,1852,68,1,0,0,0,0.014705882352941176,script,0,1,0,0,0,0,0,0,0,0,0,5.453079875149498,5.453079875149498,0.9978401727861771,0.0,81,0,1,0,0,0,0,0,0,0,0,0,0,0.0,0
malware,ac06e792e83d4c3293f01a69d0aa632bf59a5e41857e32803502f9e86837c20d.xlsx,data\raw\malware_bazaar\ac06e792e83d4c3293f01a69d0aa632bf59a5e41857e32803502f9e86837c20d.xlsx,852376,69,1,0,0,0,0.014492753623188406,document,0,0,0,0,0,1,1,0,0,0,23,7.998532806029953,7.875384605683263,0.3724717730203572,0.003558288830281472,256,0,0,0,0,0,0,0,0,0,0,0,0,0.0,0
malware,ac2b8a0539b5d3bd13333ed2c7ac3a3f6819e07678397c71c2f7a32f9e6615db.img,data\raw\malware_bazaar\ac2b8a0539b5d3bd13333ed2c7ac3a3f6819e07678397c71c2f7a32f9e6615db.img,2191360,68,0,0,0,0,0.014705882352941176,unknown,0,0,0,0,1,0,0,0,0,0,26,6.238689249939185,0.0,0.2626610871787383,0.31272497444509345,256,4,2,2,0,0,0,2,2,0,0,0,0,0.0,0
malware,ac33dbe92dd985a21c685197a8125cb6b9353d8ad693a7a03c944754e713444f.docx,data\raw\malware_bazaar\ac33dbe92dd985a21c685197a8125cb6b9353d8ad693a7a03c944754e713444f.docx,950,69,1,0,0,0,0.014492753623188406,document,0,0,0,0,0,0,0,0,0,0,0,4.95130907517593,4.95130907517593,0.9978947368421053,0.0,54,7,0,0,0,0,0,0,0,0,0,0,0,0.0,0
malware,ad0b1e28d9e46c2be9376bb936d15bcf84b665ce5d5030fb0b9fc5db12414a62.cmd,data\raw\malware_bazaar\ad0b1e28d9e46c2be9376bb936d15bcf84b665ce5d5030fb0b9fc5db12414a62.cmd,5398,68,1,0,0,0,0.014705882352941176,script,0,1,0,0,0,0,0,0,0,0,0,5.629305540241198,5.441463694283513,0.9994442386068915,0.0,95,0,0,14,1,0,0,14,15,0,0,0,0,0.0,0
malware,ad33071cc79da45d8c40aff73925403acfbd946da48b24ce0c4479f7ad21f660.rtf,data\raw\malware_bazaar\ad33071cc79da45d8c40aff73925403acfbd946da48b24ce0c4479f7ad21f660.rtf,52283,68,1,0,0,0,0.014705882352941176,document,0,0,0,0,0,0,0,0,0,0,0,3.248374897311206,5.323287274782917,0.4132509611154677,0.0,94,0,0,2,0,0,0,2,2,0,0,0,0,0.0,0
malware,ad807ab50dc5b8f77c25c8752d18f1d5cc2153bc7175a6d1bc73ecf740cd28a7.xlsm,data\raw\malware_bazaar\ad807ab50dc5b8f77c25c8752d18f1d5cc2153bc7175a6d1bc73ecf740cd28a7.xlsm,567559,69,1,0,0,0,0.014492753623188406,document,0,0,1,0,0,1,1,0,0,0,80,7.982212486876559,6.227223109195955,0.3619799879836281,0.014023211683719226,256,0,0,0,0,0,0,0,0,0,0,0,0,0.0,0
malware,ade04ab33792c890649901b616bd65d4da0622063ccacd29879decb7b6270fa9.wsf,data\raw\malware_bazaar\ade04ab33792c890649901b616bd65d4da0622063ccacd29879decb7b6270fa9.wsf,83801,68,0,0,0,0,0.014705882352941176,unknown,0,0,0,0,1,0,0,0,0,0,0,5.05829070157288,4.986227646189302,0.9547618763499243,0.0,96,0,0,0,0,0,0,0,0,0,0,0,0,0.0,0
malware,ae07a74fad35fc9c50d6b649c9e8ba5cdf90034b09a9a22481096e6bdbc0be8e.vbs,data\raw\malware_bazaar\ae07a74fad35fc9c50d6b649c9e8ba5cdf90034b09a9a22481096e6bdbc0be8e.vbs,957818,68,1,0,0,0,0.014705882352941176,script,0,1,0,0,0,0,0,0,0,0,0,5.4589746301327,5.447747136282098,0.26492298119266916,0.0,118,0,0,4,0,0,0,4,4,0,0,0,0,0.0,0
malware,ae361b0c289ee93120a5c8f230e296769ad679065371341ab62a7ecc8b02674c.ps1,data\raw\malware_bazaar\ae361b0c289ee93120a5c8f230e296769ad679065371341ab62a7ecc8b02674c.ps1,1470,68,1,0,0,0,0.014705882352941176,script,0,1,0,0,0,0,0,0,0,0,0,6.129062501450638,6.129062501450638,0.9904761904761905,0.0,82,0,0,1,0,0,0,2,2,0,0,0,0,0.0,0
malware,ae473d07d944f559e365f0dfe60c54b82d12c6eb9ab50251561e2355b5e6a950.docm,data\raw\malware_bazaar\ae473d07d944f559e365f0dfe60c54b82d12c6eb9ab50251561e2355b5e6a950.docm,119132,69,1,0,0,0,0.014492753623188406,document,0,0,1,0,0,1,1,0,0,0,17,7.942748846744748,6.198883581041065,0.34963737702716313,0.025131786589665247,256,0,0,0,0,0,0,0,0,0,0,0,0,0.0,0
malware,ae7d3fa0f23c4ee05ee179871528757535b3c5c408453e1490f0d7c5e45d815c.cmd,data\raw\malware_bazaar\ae7d3fa0f23c4ee05ee179871528757535b3c5c408453e1490f0d7c5e45d815c.cmd,283,68,1,0,0,0,0.014705882352941176,script,0,1,0,0,0,0,0,0,0,0,0,5.376724029344922,5.376724029344922,1.0,0.0,57,1,1,0,1,0,0,0,1,0,0,0,0,0.0,0
malware,ae9ee9db7c41e04c531298782b908766c769a899aa92df3f64f4a83baa77ad09.php,data\raw\malware_bazaar\ae9ee9db7c41e04c531298782b908766c769a899aa92df3f64f4a83baa77ad09.php,65629,68,1,0,0,0,0.014705882352941176,script,0,1,0,0,0,0,0,0,0,0,0,3.3587430509686564,3.475109824806646,0.9999085770010209,0.0,42,1,0,0,0,1,0,1,2,0,0,0,0,0.0,0
malware,aee97da6e86ebebfb355e919326ac42ef50b256b513a52f671f9ed596eeee27a.xlsx,data\raw\malware_bazaar\aee97da6e86ebebfb355e919326ac42ef50b256b513a52f671f9ed596eeee27a.xlsx,769536,69,1,0,0,0,0.014492753623188406,document,0,0,0,0,0,0,0,0,0,0,32,7.9716335603267305,3.2937411326220905,0.3638816117764471,0.020421396789753826,256,0,0,0,0,0,0,0,0,0,0,0,0,0.0,0
malware,af372c564fb9fcc133152fb91a120417e73043fdf4ccb453096000d66c4f4f43.jar,data\raw\malware_bazaar\af372c564fb9fcc133152fb91a120417e73043fdf4ccb453096000d66c4f4f43.jar,2499918,68,1,0,0,0,0.014705882352941176,archive,1,0,0,1,0,1,1,0,0,0,41,7.999899079726094,7.922434333746861,0.37111937271542506,0.004215338263095029,256,0,0,0,0,0,0,0,0,0,0,0,0,0.0,0
malware,af71b2c0fa2345a5e46ce52b14f9e3ec658b4e195105c73f4443c79da7e286e8.rtf,data\raw\malware_bazaar\af71b2c0fa2345a5e46ce52b14f9e3ec658b4e195105c73f4443c79da7e286e8.rtf,144039,68,1,0,0,0,0.014705882352941176,document,0,0,0,0,0,0,0,0,0,0,0,2.2196059195767788,5.932768293996079,0.36217968744576123,0.0,99,0,0,2,0,0,0,2,2,0,0,0,0,0.0,0
malware,af8bf1848b06c3a4236b13b57f88e9c2744bc3c3db2adc91dcbf320862dcc032.chm,data\raw\malware_bazaar\af8bf1848b06c3a4236b13b57f88e9c2744bc3c3db2adc91dcbf320862dcc032.chm,1992434,68,0,0,0,0,0.014705882352941176,unknown,0,0,0,0,1,0,0,0,0,0,36,7.996822958631166,1.8940341709669903,0.36688291807909323,0.007994744116994591,256,0,0,0,0,0,0,0,0,0,0,0,0,0.0,0
malware,afb5c92086b2f08afd2d1b89843474439bba739e4ad1831908a3d2f15f4edaac.lnk,data\raw\malware_bazaar\afb5c92086b2f08afd2d1b89843474439bba739e4ad1831908a3d2f15f4edaac.lnk,1747,68,0,0,0,0,0.014705882352941176,unknown,0,0,0,0,1,0,0,0,0,0,0,4.566398796138143,4.566398796138143,0.4001144819690899,0.4642243846594161,171,0,0,0,2,0,0,0,2,0,0,0,0,0.0,0
malware,afc5fa1343a544b6a918ed331efc7ba9ee88c045bc6fd8fb9ac662107c552295.7z,data\raw\malware_bazaar\afc5fa1343a544b6a918ed331efc7ba9ee88c045bc6fd8fb9ac662107c552295.7z,12478573,67,1,0,0,0,0.014925373134328358,archive,0,0,0,1,0,1,1,0,0,0,160,7.999981151576292,5.021822516654254,0.37125967849048125,0.00398491077465348,256,0,0,0,2,0,0,0,2,0,0,0,0,0.0,0
malware,afe8737ea8d807a8e29c39debec12cd0f59b2af940ebe73f20504c2e108d4864.doc,data\raw\malware_bazaar\afe8737ea8d807a8e29c39debec12cd0f59b2af940ebe73f20504c2e108d4864.doc,104331,68,1,0,0,0,0.014705882352941176,document,0,0,0,0,0,1,0,1,0,0,17,7.910529014162164,7.20085138206056,0.34301406101733906,0.011492269795171138,256,0,0,0,0,0,0,0,0,0,0,0,0,0.0,0
malware,afed1f27dca7e1acba5feb3ef7f32b7d13001282b9eee743c6572f49944aa12d.cmd,data\raw\malware_bazaar\afed1f27dca7e1acba5feb3ef7f32b7d13001282b9eee743c6572f49944aa12d.cmd,4428,68,1,0,0,0,0.014705882352941176,script,0,1,0,0,0,0,0,0,0,0,0,5.256022752038713,5.232215932406942,1.0,0.0,85,0,0,0,1,0,0,0,1,0,0,0,0,0.0,0
malware,b00493fbcdc51664317c9899bd3e67da82f37f99599ccf3b36d3bb51c80e88e4.docm,data\raw\malware_bazaar\b00493fbcdc51664317c9899bd3e67da82f37f99599ccf3b36d3bb51c80e88e4.docm,16663,69,1,0,0,0,0.014492753623188406,document,0,0,1,0,0,1,1,0,0,0,13,7.400592332529751,6.1920074583484235,0.3366740682950249,0.14619216227570064,256,0,0,0,0,0,0,0,0,0,0,0,0,0.0,0
malware,b02026e6c68771a47e1e77386f1366e145f384872ac57f1a83f2ff515ba3414e.rtf,data\raw\malware_bazaar\b02026e6c68771a47e1e77386f1366e145f384872ac57f1a83f2ff515ba3414e.rtf,4624538,68,1,0,0,0,0.014705882352941176,document,0,0,0,0,0,0,0,0,0,0,0,4.936224536562157,4.037269637091023,0.9987635521645621,0.0,85,1,0,140,0,0,0,140,140,0,0,0,0,0.0,0
malware,b046d04b61f3ebfd9410c8b4f365118e29470fb6c54529c2425f553eb6364d8e.pdf,data\raw\malware_bazaar\b046d04b61f3ebfd9410c8b4f365118e29470fb6c54529c2425f553eb6364d8e.pdf,134589,68,1,0,0,0,0.014705882352941176,document,0,0,0,0,0,1,1,0,0,0,6,7.791356546778271,5.3083112397621495,0.3869929934838657,0.03748448981714702,256,2,0,10,0,0,0,10,10,0,0,0,0,0.0,0
malware,b0cd80693a3c7d0a4ebd495a9b542fe4d3a0acfa0b35a8054cc315ce022400bd.7z,data\raw\malware_bazaar\b0cd80693a3c7d0a4ebd495a9b542fe4d3a0acfa0b35a8054cc315ce022400bd.7z,4875107,67,1,0,0,0,0.014925373134328358,archive,0,0,0,1,0,1,1,0,0,0,83,7.9999561519800535,5.154598182252591,0.3708954490639898,0.0039032989429770466,256,0,0,0,0,0,0,0,0,0,0,0,0,0.0,0
malware,b0dc24ee865a80e816aeb64240316de786c354caf2c2316b3f2530518827a81d.hta,data\raw\malware_bazaar\b0dc24ee865a80e816aeb64240316de786c354caf2c2316b3f2530518827a81d.hta,1664,68,0,0,0,0,0.014705882352941176,unknown,0,0,0,0,1,0,0,0,0,0,0,4.647776972492348,4.647776972492348,0.9813701923076923,0.0,76,0,0,0,0,0,0,0,0,0,0,0,0,0.0,0
malware,b10768d33d0e90c87a659decb86bffd5a3a64d089e05ce089d48aa4194bafb30.lnk,data\raw\malware_bazaar\b10768d33d0e90c87a659decb86bffd5a3a64d089e05ce089d48aa4194bafb30.lnk,857,68,0,0,0,0,0.014705882352941176,unknown,0,0,0,0,1,0,0,0,0,0,0,3.912886194041669,3.912886194041669,0.4177362893815636,0.5087514585764294,93,0,0,0,0,0,0,0,0,0,0,0,0,0.0,0
malware,b11880bbadb5a06cd44f60e08f48dd5592ad9add9377c81810f5216437415865.lnk,data\raw\malware_bazaar\b11880bbadb5a06cd44f60e08f48dd5592ad9add9377c81810f5216437415865.lnk,1896,68,0,0,0,0,0.014705882352941176,unknown,0,0,0,0,1,0,0,0,0,0,0,4.463522263274251,4.463522263274251,0.37658227848101267,0.47468354430379744,185,0,0,0,2,0,0,0,2,0,0,0,0,0.0,0
malware,b190b693d2ad4c060b810cf7a74f3502bbf55a7ad77bb56d552e83fc14ba2103.php,data\raw\malware_bazaar\b190b693d2ad4c060b810cf7a74f3502bbf55a7ad77bb56d552e83fc14ba2103.php,28659,68,1,0,0,0,0.014705882352941176,script,0,1,0,0,0,0,0,0,0,0,8,5.680071496419265,5.73695653540134,1.0,0.0,78,0,0,1,0,0,0,2,2,0,0,0,0,0.0,0
malware,b28c2832db2275496441568ca94960333d143b363e911d087f41e484f04fb515.7z,data\raw\malware_bazaar\b28c2832db2275496441568ca94960333d143b363e911d087f41e484f04fb515.7z,23146976,67,1,0,0,0,0.014925373134328358,archive,0,0,0,1,0,1,1,0,0,0,350,7.999979675326075,5.085479296672175,0.37109625032660853,0.004125376895884801,256,0,0,0,0,0,0,0,0,0,0,0,0,0.0,0
malware,b2bc6d34c0c63b77be89d1c82b20512ad0519839665264c1b7ef13714fee4aaf.apk,data\raw\malware_bazaar\b2bc6d34c0c63b77be89d1c82b20512ad0519839665264c1b7ef13714fee4aaf.apk,9428289,68,1,0,0,0,0.014705882352941176,archive,1,0,0,1,0,1,1,0,0,0,555,7.89096845062864,7.905382013817898,0.3701848765985005,0.03911961120411137,256,0,0,815,0,0,0,815,815,0,0,0,0,0.0,0
malware,b36600faab3eebec983dfc41b7004816b1fe53c1d0235f261e70b4b929ea0b0e.docm,data\raw\malware_bazaar\b36600faab3eebec983dfc41b7004816b1fe53c1d0235f261e70b4b929ea0b0e.docm,44023,69,1,0,0,0,0.014492753623188406,document,0,0,1,0,0,1,1,0,0,0,24,7.774807420918152,6.6682899495088215,0.3591304545351294,0.0732798764282307,256,0,0,0,0,0,0,0,0,0,0,0,0,0.0,0
malware,b3d07e47793a40bf3d99133b7a58feffe5bf8d27ea42a8e45eba322bc02cf8fb.img,data\raw\malware_bazaar\b3d07e47793a40bf3d99133b7a58feffe5bf8d27ea42a8e45eba322bc02cf8fb.img,2109440,68,0,0,0,0,0.014705882352941176,unknown,0,0,0,0,1,0,0,0,0,0,18,6.0085075120027405,0.0,0.25933233464805827,0.3358308366201456,256,4,2,14,0,0,0,14,14,0,0,0,0,0.0,0
malware,b3e7456e3631e81872f327de3d8ef703c92c6ee2474dfd695ce6182649a62e57.lnk,data\raw\malware_bazaar\b3e7456e3631e81872f327de3d8ef703c92c6ee2474dfd695ce6182649a62e57.lnk,2092,68,0,0,0,0,0.014705882352941176,unknown,0,0,0,0,1,0,0,0,0,0,0,2.8475367734007815,2.8475367734007815,0.28632887189292544,0.6782982791586998,119,0,0,0,1,0,0,0,1,0,0,0,0,0.0,0
malware,b3f9d4f1a5b9e74d22ab4f1796c9cf1cb7170e942c499d66dfe1d98aeb07621c.hta,data\raw\malware_bazaar\b3f9d4f1a5b9e74d22ab4f1796c9cf1cb7170e942c499d66dfe1d98aeb07621c.hta,14080,68,0,0,0,0,0.014705882352941176,unknown,0,0,0,0,1,0,0,0,0,0,3,1.598180761122726,1.625275083479172,0.9947443181818182,0.0,78,0,0,9,1,0,0,9,10,0,0,0,0,0.0,0
malware,b44b849f45d082049e92760023a55941e8acf67e2c3aae3ec44669aa71edd5fc.ps1,data\raw\malware_bazaar\b44b849f45d082049e92760023a55941e8acf67e2c3aae3ec44669aa71edd5fc.ps1,1082,68,1,0,0,0,0.014705882352941176,script,0,1,0,0,0,0,0,0,0,0,0,5.4512932780754335,5.4512932780754335,0.9500924214417745,0.0,76,1,0,0,1,0,0,0,1,0,0,0,0,0.0,0
malware,b4d2ef91e99612fd251546acd7c002ee466f1ab90d6982a5cdd810afc979dbfc.docx,data\raw\malware_bazaar\b4d2ef91e99612fd251546acd7c002ee466f1ab90d6982a5cdd810afc979dbfc.docx,688278,69,1,0,0,0,0.014492753623188406,document,0,0,0,0,0,1,1,0,0,0,35,7.986871315430137,7.834748604349597,0.3639285288793191,0.00421631956854643,256,0,0,0,0,0,0,0,0,0,0,0,0,0.0,0
malware,b532d20b34ecd99c2a870b2f4fa55cbc28cbec876fa5e48846002cd4012ec4f6.iso,data\raw\malware_bazaar\b532d20b34ecd99c2a870b2f4fa55cbc28cbec876fa5e48846002cd4012ec4f6.iso,1310720,68,0,0,0,0,0.014705882352941176,unknown,0,0,0,0,1,0,0,0,0,0,11,5.410215387857583,0.0,0.2083770751953125,0.447119140625,256,0,6,0,0,0,0,0,0,0,0,0,0,0.0,0
malware,b54371228b9a9657abe03b118247942d5b61370b36bbdd6027abc178b8a09e35.pdf,data\raw\malware_bazaar\b54371228b9a9657abe03b118247942d5b61370b36bbdd6027abc178b8a09e35.pdf,449346,68,1,0,0,0,0.014705882352941176,document,0,0,0,0,0,1,1,0,0,0,3,5.891130120126469,5.179110859072041,0.41863953390037967,0.2939182723335692,256,15,0,18,0,0,0,18,18,0,0,0,0,0.0,0
malware,b55cf5af8b57e9d56c69d00e023e2384c7eb184614c2a2a283062ebeaf4a26c6.php,data\raw\malware_bazaar\b55cf5af8b57e9d56c69d00e023e2384c7eb184614c2a2a283062ebeaf4a26c6.php,72480,68,1,0,0,0,0.014705882352941176,script,0,1,0,0,0,0,0,0,0,0,14,5.6461082918758105,5.735178325962428,0.9998758278145695,0.0,80,0,0,1,0,1,0,1,2,0,0,0,0,0.0,0
malware,b56e4522e6cfea25a70594907997cb246a24bd1d9302450b42a21803cca1a07b.pdf,data\raw\malware_bazaar\b56e4522e6cfea25a70594907997cb246a24bd1d9302450b42a21803cca1a07b.pdf,510007,68,1,0,0,0,0.014705882352941176,document,0,0,0,0,0,1,1,0,0,0,5,7.942591727199298,6.621764567142989,0.4336352246145641,0.009058699194324784,256,54,0,54,0,0,0,54,54,0,0,0,0,0.0,0
malware,b5e8b4ae37f13f2f0d5395712afb4c8f8b71034915d2a76ef2bbc0297b555aa0.apk,data\raw\malware_bazaar\b5e8b4ae37f13f2f0d5395712afb4c8f8b71034915d2a76ef2bbc0297b555aa0.apk,8760982,68,1,0,0,0,0.014705882352941176,archive,1,0,0,1,0,1,1,0,0,0,1559,7.791546291333619,5.80508216834338,0.3606910732153085,0.053451542304275936,256,0,0,2,1,0,0,2,3,0,0,0,0,0.0,0
malware,b63f47ca411c04f777b027953bb4260f77a1a142d33cd5f4b9d776586609e6df.xls,data\raw\malware_bazaar\b63f47ca411c04f777b027953bb4260f77a1a142d33cd5f4b9d776586609e6df.xls,875008,68,1,0,0,0,0.014705882352941176,document,0,0,0,0,0,0,0,0,0,0,36,7.905025084087849,1.4349645843172738,0.3558356037887654,0.04050820106787595,256,2,0,2,0,0,0,2,2,0,0,0,0,0.0,0
malware,b6bd1858e21735955926bb1452d9923359dc29ba4fe33ce9525be12d118316a9.ps1,data\raw\malware_bazaar\b6bd1858e21735955926bb1452d9923359dc29ba4fe33ce9525be12d118316a9.ps1,2941,68,1,0,0,0,0.014705882352941176,script,0,1,0,0,0,0,0,0,0,0,0,5.497673250308903,5.497673250308903,0.9673580414824889,0.0,82,1,1,0,0,0,0,0,0,0,0,0,0,0.0,0
malware,b6d4995db6dbfef9cc84dd7dedc42d6988b6f3c68f47906177b9f43d50947d75.hta,data\raw\malware_bazaar\b6d4995db6dbfef9cc84dd7dedc42d6988b6f3c68f47906177b9f43d50947d75.hta,11988,68,0,0,0,0,0.014705882352941176,unknown,0,0,0,0,1,0,0,0,0,0,0,5.54744744866562,4.987490004251092,0.9874874874874875,0.0,92,2,0,0,0,0,0,0,0,0,0,0,0,0.0,0
malware,b6dcfe53cea8e0d1952761353625e38a8a60f0b2875db7a44d4f595972cb9a29.hta,data\raw\malware_bazaar\b6dcfe53cea8e0d1952761353625e38a8a60f0b2875db7a44d4f595972cb9a29.hta,14132,68,0,0,0,0,0.014705882352941176,unknown,0,0,0,0,1,0,0,0,0,0,0,1.5835410880490484,1.6295724671243095,0.16515709029153694,0.0,78,0,0,9,1,0,0,9,10,0,0,0,0,0.0,0
malware,b6e5c0406badcddf9a446933f51fddb70f6c2291fe08eb71d258d5457d67dbee.docm,data\raw\malware_bazaar\b6e5c0406badcddf9a446933f51fddb70f6c2291fe08eb71d258d5457d67dbee.docm,4976562,69,1,0,0,0,0.014492753623188406,document,0,0,1,0,0,1,1,0,0,0,97,7.999201819960367,6.1735752861902045,0.3730696010619379,0.004388571869495447,256,0,0,0,0,0,0,0,0,0,0,0,0,0.0,0
malware,b6fbf89972040c9ce1e4b0fa7756c42077e74949dc9079facfb2ac537aecced0.docx,data\raw\malware_bazaar\b6fbf89972040c9ce1e4b0fa7756c42077e74949dc9079facfb2ac537aecced0.docx,574478,69,1,0,0,0,0.014492753623188406,document,0,0,0,0,0,1,1,0,0,0,26,7.981039688609483,7.807549078819761,0.3638137578810677,0.0036171968291213935,256,0,0,0,0,0,0,0,0,0,0,0,0,0.0,0
malware,b7077463eec3d4107f1fcaa7a00847f0921f38ce018221b553e06c1861458ee2.docx,data\raw\malware_bazaar\b7077463eec3d4107f1fcaa7a00847f0921f38ce018221b553e06c1861458ee2.docx,278393,69,1,0,0,0,0.014492753623188406,document,0,0,0,0,0,1,1,0,0,0,24,7.978662052101276,7.800220203529648,0.3647577345694755,0.006817700157690746,256,0,0,0,0,0,0,0,0,0,0,0,0,0.0,0
malware,b708cee39b700ce2aa16b89134b7c5d0a3a8d16445ecbf970121e984ecb5cd3a.cmd,data\raw\malware_bazaar\b708cee39b700ce2aa16b89134b7c5d0a3a8d16445ecbf970121e984ecb5cd3a.cmd,2220,68,1,0,0,0,0.014705882352941176,script,0,1,0,0,0,0,0,0,0,0,0,5.351556719727123,5.351556719727123,0.9837837837837838,0.0,72,1,0,0,2,1,0,0,3,0,0,0,0,0.0,0
malware,b7392feecb4c8f25d6a69ffc864ccb6bb111b2c447408ef23e404518476c0892.hta,data\raw\malware_bazaar\b7392feecb4c8f25d6a69ffc864ccb6bb111b2c447408ef23e404518476c0892.hta,11842,68,0,0,0,0,0.014705882352941176,unknown,0,0,0,0,1,0,0,0,0,0,0,5.530880981252659,4.987490004251092,0.98733322073974,0.0,92,2,0,0,0,0,0,0,0,0,0,0,0,0.0,0
malware,b75594885b4382ff7fdce4cfa890bb3c47b576bdf47a3ebe5f08352fc1df5790.apk,data\raw\malware_bazaar\b75594885b4382ff7fdce4cfa890bb3c47b576bdf47a3ebe5f08352fc1df5790.apk,8061368,68,1,0,0,0,0.014705882352941176,archive,1,0,0,1,0,1,1,0,0,0,374,7.955661977466769,7.725453021694796,0.3590952552966196,0.02575654653155643,256,0,0,3,1,0,0,3,4,0,0,0,0,0.0,0
malware,b782f4ba0e8d5339a53fc9493497d87a8231574afafbf96e85385ebe891a4270.jar,data\raw\malware_bazaar\b782f4ba0e8d5339a53fc9493497d87a8231574afafbf96e85385ebe891a4270.jar,1386466,68,1,0,0,0,0.014705882352941176,archive,1,0,0,1,0,1,1,0,0,0,31,7.999841996021528,7.937304297484946,0.37052549431432147,0.004250374693645571,256,0,0,0,0,0,0,0,0,0,0,0,0,0.0,0
malware,b78cdf3ff3def0a9800ff193bb0d4928072e1296c7801fc095fc9e69442a333c.bat,data\raw\malware_bazaar\b78cdf3ff3def0a9800ff193bb0d4928072e1296c7801fc095fc9e69442a333c.bat,3817,68,1,0,0,0,0.014705882352941176,script,0,1,0,0,0,0,0,0,0,0,0,5.935844994279187,5.935844994279187,0.979041131778884,0.0,90,1,0,4,7,1,0,4,12,0,0,0,0,0.0,0
malware,b795cc65549ff067e56116786ab1479b5b820983c1cfab5b2f5a645ab92f6a93.docm,data\raw\malware_bazaar\b795cc65549ff067e56116786ab1479b5b820983c1cfab5b2f5a645ab92f6a93.docm,42422,69,1,0,0,0,0.014492753623188406,document,0,0,1,0,0,1,1,0,0,0,14,7.828363556440805,6.193360732958225,0.35519306020461083,0.06088821837725708,256,0,0,0,0,0,0,0,0,0,0,0,0,0.0,0
malware,b8035d90d4e3f118e230ddcbce0e0ef358531ea04e38c77e20630c37c24b3613.rtf,data\raw\malware_bazaar\b8035d90d4e3f118e230ddcbce0e0ef358531ea04e38c77e20630c37c24b3613.rtf,225655,68,1,0,0,0,0.014705882352941176,document,0,0,0,0,0,0,0,0,0,0,0,2.446679913438947,5.95054971064394,0.28055660189226916,0.0,100,0,0,2,0,0,0,2,2,0,0,0,0,0.0,0
malware,b818e801557ada6c7dc5416acbfa8360c9f240a20a94fb58a29c2754d07218e7.img,data\raw\malware_bazaar\b818e801557ada6c7dc5416acbfa8360c9f240a20a94fb58a29c2754d07218e7.img,1310720,68,0,0,0,0,0.014705882352941176,unknown,0,0,0,0,1,0,0,0,0,0,8,4.6386674199443725,0.0,0.17066574096679688,0.54227294921875,256,0,28,2,0,0,0,2,2,0,0,0,0,0.0,0
malware,b8719f39f6aceed3cf69ae9b49fbeb69da4e12ad8273296dcb004290f81eab22.img,data\raw\malware_bazaar\b8719f39f6aceed3cf69ae9b49fbeb69da4e12ad8273296dcb004290f81eab22.img,1376256,68,0,0,0,0,0.014705882352941176,unknown,0,0,0,0,1,0,0,0,0,0,10,4.067398079663991,0.0,0.2126675560360863,0.5760178338913691,256,0,4,3,2,0,0,3,5,0,0,0,0,0.0,0
malware,b886360844748c3190ce13d70bf195060158f700d4d7c796252e511463dd8439.xlsm,data\raw\malware_bazaar\b886360844748c3190ce13d70bf195060158f700d4d7c796252e511463dd8439.xlsm,90755,69,1,0,0,0,0.014492753623188406,document,0,0,1,0,0,1,1,0,0,0,43,7.845284714992062,6.184440309810533,0.3672855490055644,0.05580959726736819,256,0,0,0,0,0,0,0,0,0,0,0,0,0.0,0
malware,b8d17ac80ddc58836ca0232122835f80b6dfd223e76abcbfd04004fbacca4a64.dll,data\raw\malware_bazaar\b8d17ac80ddc58836ca0232122835f80b6dfd223e76abcbfd04004fbacca4a64.dll,577592,68,1,0,0,0,0.014705882352941176,executable,1,0,0,0,0,1,1,0,0,0,2,6.11816974899685,4.683722761522293,0.28261644898128785,0.24551586587071844,256,12,20,0,0,0,0,0,0,0,0,0,0,0.0,0
malware,b8eae0991f6147c8b5755d19a6093627363fd459b8bbec352a14ef7ab463ea9a.img,data\raw\malware_bazaar\b8eae0991f6147c8b5755d19a6093627363fd459b8bbec352a14ef7ab463ea9a.img,1245184,68,0,0,0,0,0.014705882352941176,unknown,0,0,0,0,1,0,0,0,0,0,12,3.6818391970738156,0.0,0.12314967105263158,0.6534737034847862,256,0,5,0,0,0,0,0,0,0,0,0,0,0.0,0
malware,b8eca270e07e96f414a4a5ff00c099f1518a9d10ca2f1a4c69800e37b9699fea.xls,data\raw\malware_bazaar\b8eca270e07e96f414a4a5ff00c099f1518a9d10ca2f1a4c69800e37b9699fea.xls,989184,68,1,0,0,0,0.014705882352941176,document,0,0,0,0,0,0,0,0,0,0,36,7.986213739241575,1.4283558431640182,0.3637472906961698,0.014498819228778468,256,0,0,0,0,0,0,0,0,0,0,0,0,0.0,0
malware,b908e32fa44d7672a1a6058355404cf26315ea9e1ff07a34c8ea14fd99241c4f.xlsm,data\raw\malware_bazaar\b908e32fa44d7672a1a6058355404cf26315ea9e1ff07a34c8ea14fd99241c4f.xlsm,1207163,69,1,0,0,0,0.014492753623188406,document,0,0,1,0,0,1,1,0,0,0,97,7.994551974238548,6.479133016940324,0.36653459391979376,0.0074902892152923835,256,0,0,0,0,0,0,0,0,0,0,0,0,0.0,0
malware,b9138426bc333d83bd52dabc12dec9ab66e9106ee1daa0f0a639d185b4186bb1.html,data\raw\malware_bazaar\b9138426bc333d83bd52dabc12dec9ab66e9106ee1daa0f0a639d185b4186bb1.html,137894,69,0,0,0,0,0.014492753623188406,unknown,0,0,0,0,1,0,0,0,0,0,0,4.892396790112069,5.038199760116967,0.9855468693344163,0.0,94,0,0,0,0,1,3,16,20,0,0,0,0,0.0,0
malware,b93c700ae326c52d8f07acb28ce7105b601be93d9b3fae9f29f538232b6bb1d1.js,data\raw\malware_bazaar\b93c700ae326c52d8f07acb28ce7105b601be93d9b3fae9f29f538232b6bb1d1.js,148065,67,1,0,0,0,0.014925373134328358,script,0,1,0,0,0,0,0,0,0,0,3,4.573469149852708,5.006150788717629,0.9602336811535475,0.0,94,2,0,10,6,0,0,10,16,0,0,0,0,0.0,0
malware,b943774f76d17c86097b22aea84201788037eaeeef222c8a647fe98e795cf8af.pdf,data\raw\malware_bazaar\b943774f76d17c86097b22aea84201788037eaeeef222c8a647fe98e795cf8af.pdf,51766,68,1,0,0,0,0.014705882352941176,document,0,0,0,0,0,1,1,0,0,0,2,7.833709128276386,7.687058195442015,0.3830120156087007,0.0556542904609203,256,3,3,0,0,0,0,0,0,0,0,0,0,0.0,0
malware,b9bf4d981ae15409934101d93ef881af86d2cc197422f1c647bf8f17c8a82682.iso,data\raw\malware_bazaar\b9bf4d981ae15409934101d93ef881af86d2cc197422f1c647bf8f17c8a82682.iso,15403008,68,0,0,0,0,0.014705882352941176,unknown,0,0,0,0,1,0,0,0,0,0,245,7.989343078161674,0.0,0.36872505682007045,0.011550276413542082,256,3,2,0,2,0,0,0,2,0,0,0,0,0.0,0
malware,ba2544359bccdb568da3816e39faff9e7697a6828192eb4f22eb266ee6f05c0a.pdf,data\raw\malware_bazaar\ba2544359bccdb568da3816e39faff9e7697a6828192eb4f22eb266ee6f05c0a.pdf,75062,68,1,0,0,0,0.014705882352941176,document,0,0,0,0,0,1,1,0,0,0,1,7.646734332145742,5.0782240026672465,0.5054088620074072,0.017465561802243477,256,73,0,0,0,0,0,0,0,0,0,0,0,0.0,0
malware,ba4ab55a72dd9efb81b913dcfc2e1c70f9b65c01c10ec2099c07102fca2f51ea.ps1,data\raw\malware_bazaar\ba4ab55a72dd9efb81b913dcfc2e1c70f9b65c01c10ec2099c07102fca2f51ea.ps1,600096,68,1,0,0,0,0.014705882352941176,script,0,1,0,0,0,0,0,0,0,0,161,6.016741826834702,5.942448947784792,0.9998166959953074,0.0,85,1,0,2,0,0,0,2,2,0,0,0,0,0.0,0
malware,ba83558b7f966c94c3b25ad97f092173e02a1a0c620bde8fc1257a2580895011.js,data\raw\malware_bazaar\ba83558b7f966c94c3b25ad97f092173e02a1a0c620bde8fc1257a2580895011.js,2594422,67,1,0,0,0,0.014925373134328358,script,0,1,0,0,0,0,0,0,0,0,5,5.890028506089399,4.073683551215098,0.9574163339657157,0.0,172,0,0,1,0,0,0,1,1,0,0,0,0,0.0,0
malware,baac058ddfc96c8aea8c0057077505f0ad3ff20311d999886fed549924404849.docm,data\raw\malware_bazaar\baac058ddfc96c8aea8c0057077505f0ad3ff20311d999886fed549924404849.docm,20741,69,1,0,0,0,0.014492753623188406,document,0,0,1,0,0,1,1,0,0,0,15,7.529266866957805,6.161285447892078,0.34501711585748035,0.12251096861289233,256,0,0,0,0,0,0,0,0,0,0,0,0,0.0,0
malware,bb9136494a546368e7c9b6252c2e1c5af9327c07947908a9ba6fdd78fb4bf4cf.php,data\raw\malware_bazaar\bb9136494a546368e7c9b6252c2e1c5af9327c07947908a9ba6fdd78fb4bf4cf.php,1311,68,1,0,0,0,0.014705882352941176,script,0,1,0,0,0,0,0,0,0,0,0,5.507171306081685,5.507171306081685,0.9870327993897788,0.0,77,0,0,0,7,6,0,0,17,0,0,0,0,0.0,0
malware,bbbd03df4cf60331873e8b1e266a75b5c73cce91239cd49b9c9b68041aa7c3db.img,data\raw\malware_bazaar\bbbd03df4cf60331873e8b1e266a75b5c73cce91239cd49b9c9b68041aa7c3db.img,1499136,68,0,0,0,0,0.014705882352941176,unknown,0,0,0,0,1,0,0,0,0,0,27,5.738000769708114,0.0,0.2270841337943989,0.3996368574965847,256,9,1,2,0,0,0,2,2,0,0,0,0,0.0,0
malware,bbce8175dc57fa73075356592bb990303c91172c3dd16c6f700db9dd7f1f94dd.js,data\raw\malware_bazaar\bbce8175dc57fa73075356592bb990303c91172c3dd16c6f700db9dd7f1f94dd.js,3344454,67,1,0,0,0,0.014925373134328358,script,0,1,0,0,0,0,0,0,0,0,5,5.912845468368774,4.175676631023808,0.9669662073390753,0.0,172,0,0,1,0,0,0,1,1,0,0,0,0,0.0,0
malware,bbfd93dbf43236b7f64017ad20f72dd611de1acb4b15e02569e42887467b34d4.rtf,data\raw\malware_bazaar\bbfd93dbf43236b7f64017ad20f72dd611de1acb4b15e02569e42887467b34d4.rtf,122013,68,1,0,0,0,0.014705882352941176,document,0,0,0,0,0,0,0,0,0,0,0,4.57122430496322,4.804507220512889,0.983034594674338,0.0,75,1,0,818,0,0,0,818,818,0,0,0,0,0.0,0
malware,bc0b07874eab5ad025631b101e22dc567b1ab7ae3ef3ab0c08cc2c9cc618eae0.7z,data\raw\malware_bazaar\bc0b07874eab5ad025631b101e22dc567b1ab7ae3ef3ab0c08cc2c9cc618eae0.7z,17958259,67,1,0,0,0,0.014925373134328358,archive,0,0,0,1,0,1,1,0,0,0,265,7.9999901409464,5.171569531114783,0.3711551882618465,0.0038988189222574415,256,0,0,0,4,0,0,0,4,0,0,0,0,0.0,0
malware,bc0fe921f3dae89df12adbd034ff58b875223dd3c3119aba6eaa023ad818d653.chm,data\raw\malware_bazaar\bc0fe921f3dae89df12adbd034ff58b875223dd3c3119aba6eaa023ad818d653.chm,15888,68,0,0,0,0,0.014705882352941176,unknown,0,0,0,0,1,0,0,0,0,0,0,5.058369496802003,1.9208534431967357,0.21185800604229607,0.4882930513595166,256,0,0,0,0,0,0,0,0,0,0,0,0,0.0,0
malware,bc407097ee137184b145516a4830a3a3b768dedf4fb1b8b4a2ad548b4b20d55a.bat,data\raw\malware_bazaar\bc407097ee137184b145516a4830a3a3b768dedf4fb1b8b4a2ad548b4b20d55a.bat,706402,68,1,0,0,0,0.014705882352941176,script,0,1,0,0,0,0,0,0,0,0,117,6.104011406950581,5.204020324192927,0.9887486162270209,0.0,91,0,0,111,0,0,0,111,111,0,0,0,0,0.0,0
malware,bc61b77dc2c45262f6b1fe9cf77c212b362cfe3da9be23958d4753a01fcab2d2.vbs,data\raw\malware_bazaar\bc61b77dc2c45262f6b1fe9cf77c212b362cfe3da9be23958d4753a01fcab2d2.vbs,27640590,68,1,0,0,0,0.014705882352941176,script,0,1,0,0,0,0,0,0,0,0,0,5.031785508624413,4.7929545876517725,0.305899041952433,0.028379857304058995,122,0,0,0,0,0,0,0,0,0,0,0,0,0.0,0
malware,bc7af534a47d4433ce698b0b3dff9061d80308effd7882751d1ffab73e173452.xlsx,data\raw\malware_bazaar\bc7af534a47d4433ce698b0b3dff9061d80308effd7882751d1ffab73e173452.xlsx,191486,69,1,0,0,0,0.014492753623188406,document,0,0,0,0,0,1,0,1,0,0,17,7.994702536167001,7.8820330569260735,0.3655776401407936,0.006073551069007656,256,0,0,0,0,0,0,0,0,0,0,0,0,0.0,0
malware,bc87e26371e8e61685b57011913b39f360933361b9707c1ef1bf94888dc8f2c9.bat,data\raw\malware_bazaar\bc87e26371e8e61685b57011913b39f360933361b9707c1ef1bf94888dc8f2c9.bat,4942,68,1,0,0,0,0.014705882352941176,script,0,1,0,0,0,0,0,0,0,0,0,5.908861829159901,5.883917919262543,0.9995953055443141,0.0,88,0,0,12,1,0,0,12,13,0,0,0,0,0.0,0
malware,bc8b5a85db02c23d53d99807b67f13c70f754a595666ab41281779c9f2dd960f.php,data\raw\malware_bazaar\bc8b5a85db02c23d53d99807b67f13c70f754a595666ab41281779c9f2dd960f.php,82951,68,1,0,0,0,0.014705882352941176,script,0,1,0,0,0,0,0,0,0,0,2,5.754336335557032,5.38520438418797,0.9151908958300684,0.0,119,5,0,6,8,7,0,12,169,0,0,0,0,0.0,0
malware,bcb8492b4db50efd9be8c234b769db40bf43b176eb5eed693e399e9e64809c58.wsf,data\raw\malware_bazaar\bcb8492b4db50efd9be8c234b769db40bf43b176eb5eed693e399e9e64809c58.wsf,73202,68,0,0,0,0,0.014705882352941176,unknown,0,0,0,0,1,0,0,0,0,0,1,5.083983306424822,4.921712670967877,0.9547689953826398,0.0,96,0,0,0,0,0,0,0,0,0,0,0,0,0.0,0
malware,bd0e2521b98b7ca21072214773eae8b2343e53fc154634de89fc42c8ca669e4e.xls,data\raw\malware_bazaar\bd0e2521b98b7ca21072214773eae8b2343e53fc154634de89fc42c8ca669e4e.xls,875008,68,1,0,0,0,0.014705882352941176,document,0,0,0,0,0,0,0,0,0,0,36,7.9060959032296125,1.4349645843172738,0.35673502413692215,0.04023163216793446,256,2,0,2,0,0,0,2,2,0,0,0,0,0.0,0
malware,bd15d8e2239a293d77a7fc1e9b38c3461c79069273d7d7c17ae1e7ca4ab82156.ps1,data\raw\malware_bazaar\bd15d8e2239a293d77a7fc1e9b38c3461c79069273d7d7c17ae1e7ca4ab82156.ps1,10378,68,1,0,0,0,0.014705882352941176,script,0,1,0,0,0,0,0,0,0,0,1,6.1176238904333555,6.073604407138176,0.9921950279437272,0.0,84,0,0,104,0,0,0,104,104,0,0,0,0,0.0,0
malware,bd20fcc313adbb44d82a033fbae527bc2b522b93ed80ba88ec0094644005df81.bat,data\raw\malware_bazaar\bd20fcc313adbb44d82a033fbae527bc2b522b93ed80ba88ec0094644005df81.bat,3822,68,1,0,0,0,0.014705882352941176,script,0,1,0,0,0,0,0,0,0,0,0,5.836271038222185,5.836271038222185,0.9994767137624281,0.0,86,0,0,13,1,0,0,13,14,0,0,0,0,0.0,0
malware,bdfde60e395db36506ed425df3fad262734357041e8fa3ad30bfb25e44d2957b.hta,data\raw\malware_bazaar\bdfde60e395db36506ed425df3fad262734357041e8fa3ad30bfb25e44d2957b.hta,3100,68,0,0,0,0,0.014705882352941176,unknown,0,0,0,0,1,0,0,0,0,0,2,5.505451059712281,5.505451059712281,0.983225806451613,0.0,87,0,0,0,0,0,0,47,47,0,0,0,0,0.0,0
malware,be2503e89f34fa3465632f691c073c3f5ba835dd3e59fc3cb0ae7ba33a485766.ps1,data\raw\malware_bazaar\be2503e89f34fa3465632f691c073c3f5ba835dd3e59fc3cb0ae7ba33a485766.ps1,4703,68,1,0,0,0,0.014705882352941176,script,0,1,0,0,0,0,0,0,0,0,3,6.190946707251662,6.175740484694119,0.9929832022113545,0.0,80,0,0,5,1,0,0,5,6,0,0,0,0,0.0,0
malware,be29fd39faecf5fa2e62bd4857390a93ef52ff90e70813cf6a0654f1991a09d2.xlsx,data\raw\malware_bazaar\be29fd39faecf5fa2e62bd4857390a93ef52ff90e70813cf6a0654f1991a09d2.xlsx,989184,69,1,0,0,0,0.014492753623188406,document,0,0,0,0,0,0,0,0,0,0,36,7.9864006343881835,3.295097615330099,0.36387062467650105,0.014463436529503106,256,0,0,0,0,0,0,0,0,0,0,0,0,0.0,0
malware,be7118a60741e093af97715c421ec3c548aa9314d9db82e07c703cc373c6eead.js,data\raw\malware_bazaar\be7118a60741e093af97715c421ec3c548aa9314d9db82e07c703cc373c6eead.js,2137135,67,1,0,0,0,0.014925373134328358,script,0,1,0,0,0,0,0,0,0,0,1,5.075637749331362,3.9715350765592268,0.9984296733711253,0.0,89,0,0,2,1,0,0,2,3,0,0,0,0,0.0,0
malware,be898896bd5e0e8fe99885e255cc5484ded97265669485f9ef0498ca829d1cec.docx,data\raw\malware_bazaar\be898896bd5e0e8fe99885e255cc5484ded97265669485f9ef0498ca829d1cec.docx,245111,69,1,0,0,0,0.014492753623188406,document,0,0,0,0,0,1,1,0,0,0,22,7.970042344494786,7.795516120183437,0.3612240984696729,0.0069519523807581056,256,0,0,0,0,0,0,0,0,0,0,0,0,0.0,0
malware,be99857449d2856dd5a84e21c8a3d5e0e01456adb44062ddec5a6b4970d8d42c.ps1,data\raw\malware_bazaar\be99857449d2856dd5a84e21c8a3d5e0e01456adb44062ddec5a6b4970d8d42c.ps1,55877,68,1,0,0,0,0.014705882352941176,script,0,1,0,0,0,0,0,0,0,0,0,5.1189009686682665,5.4394464239259825,0.9515722032320991,0.0,105,6,5,2,10,1,3,2,16,0,0,0,0,0.0,0
malware,beed089163efdba28ff4e0792272c79708c3b471be85f39bc1b5b8be2ff479cd.iso,data\raw\malware_bazaar\beed089163efdba28ff4e0792272c79708c3b471be85f39bc1b5b8be2ff479cd.iso,1138688,68,0,0,0,0,0.014705882352941176,unknown,0,0,0,0,1,0,0,0,0,0,13,5.02797770150213,0.0,0.18731294261465828,0.4944962974932554,256,0,2,0,0,0,0,0,0,0,0,0,0,0.0,0
malware,bf06a13c596956a93116bbacd4a0a9ce9c8333d58b4d6abdd2286303d80e3079.img,data\raw\malware_bazaar\bf06a13c596956a93116bbacd4a0a9ce9c8333d58b4d6abdd2286303d80e3079.img,9091072,68,0,0,0,0,0.014705882352941176,unknown,0,0,0,0,1,0,0,0,0,0,34,6.333929258817138,0.0,0.4746785637601374,0.1875171596924983,256,141,4,194,2,0,0,194,196,0,0,0,0,0.0,0
malware,bf09e7c396ab7d8a92de9d853bbfb26aab640f849da6fb9550cd1a6b14969ca1.img,data\raw\malware_bazaar\bf09e7c396ab7d8a92de9d853bbfb26aab640f849da6fb9550cd1a6b14969ca1.img,92160,68,0,0,0,0,0.014705882352941176,unknown,0,0,0,0,1,0,0,0,0,0,2,3.282229574462468,0.0,0.13990885416666668,0.6633680555555556,256,0,1,0,0,0,0,0,0,0,0,0,0,0.0,0
malware,bf6eb18ad8b1f477668a2e5a4a19774d194e6dab26e46197c9884a3d5e1020a0.js,data\raw\malware_bazaar\bf6eb18ad8b1f477668a2e5a4a19774d194e6dab26e46197c9884a3d5e1020a0.js,3317478,67,1,0,0,0,0.014925373134328358,script,0,1,0,0,0,0,0,0,0,0,5,5.90848002438553,4.168602594598422,0.966697593774548,0.0,172,0,0,1,0,0,0,1,1,0,0,0,0,0.0,0
malware,bf724f5f19df9b2fdb0f45a79b6d9a88e8acf02843465ce891c6a4ad6c8d47a6.pdf,data\raw\malware_bazaar\bf724f5f19df9b2fdb0f45a79b6d9a88e8acf02843465ce891c6a4ad6c8d47a6.pdf,6604032,68,1,0,0,0,0.014705882352941176,document,0,0,0,0,0,1,1,0,0,0,161,7.941875976041719,3.187788247335201,0.39127732875915805,0.02569430311664147,256,14,0,378,2,0,0,378,380,0,0,0,0,0.0,0
malware,bf8705ef2563612701b06811665e09450e5a831f6cce1eb14eccda604affaf1f.vbs,data\raw\malware_bazaar\bf8705ef2563612701b06811665e09450e5a831f6cce1eb14eccda604affaf1f.vbs,28382,68,1,0,0,0,0.014705882352941176,script,0,1,0,0,0,0,0,0,0,0,0,2.9651314462396985,2.759211904898946,0.49682897611162,0.4999647664012402,69,0,0,0,0,0,0,0,0,0,0,0,0,0.0,0
malware,bf8ff6ef1d91c503488d595f4dca794dbfa263f4568f6d1b692d8f0f6ca831a1.7z,data\raw\malware_bazaar\bf8ff6ef1d91c503488d595f4dca794dbfa263f4568f6d1b692d8f0f6ca831a1.7z,17855203,67,1,0,0,0,0.014925373134328358,archive,0,0,0,1,0,1,1,0,0,0,273,7.999987320870166,4.986553065031287,0.3710470835867842,0.003905864301850839,256,0,0,0,1,0,0,0,1,0,0,0,0,0.0,0
malware,bfb8ea5fc2f94cf64c157d80a67830fab2159631ea0e031654be10582e24b53e.js,data\raw\malware_bazaar\bfb8ea5fc2f94cf64c157d80a67830fab2159631ea0e031654be10582e24b53e.js,7783923,67,1,0,0,0,0.014925373134328358,script,0,1,0,0,0,0,0,0,0,0,1,5.022299944399326,3.9715350765592268,0.9995688549334314,0.0,89,0,0,2,1,0,0,2,3,0,0,0,0,0.0,0
malware,bfe16c8f2ecca2f95d59c123f007d93f6b01828e5f6691cb148b9fb4e96cb16d.7z,data\raw\malware_bazaar\bfe16c8f2ecca2f95d59c123f007d93f6b01828e5f6691cb148b9fb4e96cb16d.7z,89248453,67,1,0,0,0,0.014925373134328358,archive,0,0,0,1,0,1,1,0,0,0,1392,7.999995588655418,5.123348182252591,0.3709649734769072,0.00398032669541062,256,0,0,0,6,0,0,0,6,0,0,0,0,0.0,0
malware,c096d3606a939429c0ebd8e53ae76cb7c67fd2098848fd3b1af7af34ef332f8b.xls,data\raw\malware_bazaar\c096d3606a939429c0ebd8e53ae76cb7c67fd2098848fd3b1af7af34ef332f8b.xls,463360,68,1,0,0,0,0.014705882352941176,document,0,0,0,0,0,0,0,0,0,0,10,7.822603212630266,1.1542564134455309,0.3526739468232044,0.05958649861878453,256,2,0,1,0,0,0,1,1,0,0,0,0,0.0,0
malware,c0b2ad27cbc88b9f9879923572ef88eefc509d69170fba16589ff382da463933.lnk,data\raw\malware_bazaar\c0b2ad27cbc88b9f9879923572ef88eefc509d69170fba16589ff382da463933.lnk,2092,68,0,0,0,0,0.014705882352941176,unknown,0,0,0,0,1,0,0,0,0,0,0,2.850340940279622,2.850340940279622,0.28632887189292544,0.6782982791586998,119,0,0,0,1,0,0,0,1,0,0,0,0,0.0,0
malware,c169def52ddb42d1d8db954e2d8c77a8faad74474df430a146e4373871bd93bf.html,data\raw\malware_bazaar\c169def52ddb42d1d8db954e2d8c77a8faad74474df430a146e4373871bd93bf.html,11860,69,0,0,0,0,0.014492753623188406,unknown,0,0,0,0,1,0,0,0,0,0,0,5.531241728718529,4.987490004251092,0.9873524451939292,0.0,91,2,0,0,0,0,0,0,0,0,0,0,0,0.0,0
malware,c1a907288d1356a9ad78e59dbda679bafa7ca020c3c568fd2557e62a8c792800.7z,data\raw\malware_bazaar\c1a907288d1356a9ad78e59dbda679bafa7ca020c3c568fd2557e62a8c792800.7z,14882099,67,1,0,0,0,0.014925373134328358,archive,0,0,0,1,0,1,1,0,0,0,231,7.999986650138501,4.935848182252591,0.37102837442487113,0.0038790899052613477,256,0,0,0,0,0,0,0,0,0,0,0,0,0.0,0
malware,c1b7a072ca27e5fbaeb579b7254916b570dcf4ec71a848323d260aec9e9779bc.php,data\raw\malware_bazaar\c1b7a072ca27e5fbaeb579b7254916b570dcf4ec71a848323d260aec9e9779bc.php,28665,68,1,0,0,0,0.014705882352941176,script,0,1,0,0,0,0,0,0,0,0,8,5.681373822310022,5.74195383575814,1.0,0.0,78,0,0,1,0,0,0,2,2,0,0,0,0,0.0,0
malware,c1c6ec7d2f3ecc912bff40a218a615ef57e6705d06124aaac3f99442557167d5.doc,data\raw\malware_bazaar\c1c6ec7d2f3ecc912bff40a218a615ef57e6705d06124aaac3f99442557167d5.doc,589459,68,1,0,0,0,0.014705882352941176,document,0,0,0,0,0,1,0,1,0,0,27,7.996382838850523,7.40563401890108,0.36794925516448135,0.005523709028108825,256,0,0,0,0,0,0,0,0,0,0,0,0,0.0,0
malware,c1e66135ab5b78d1f91092db8b230732cdbc7b15657b6a4b81bf6113dc901912.xls,data\raw\malware_bazaar\c1e66135ab5b78d1f91092db8b230732cdbc7b15657b6a4b81bf6113dc901912.xls,875008,68,1,0,0,0,0.014705882352941176,document,0,0,0,0,0,0,0,0,0,0,34,7.9050597598612375,1.4349645843172738,0.3567635953042715,0.040473915667056756,256,2,0,2,0,0,0,2,2,0,0,0,0,0.0,0
malware,c1fa8ae5ac9688e8fd8362119dc19a176eec50714e376d483ae901dea9083a2e.wsf,data\raw\malware_bazaar\c1fa8ae5ac9688e8fd8362119dc19a176eec50714e376d483ae901dea9083a2e.wsf,2541,68,0,0,0,0,0.014705882352941176,unknown,0,0,0,0,1,0,0,0,0,0,0,5.291430241447306,5.291430241447306,0.9464777646595829,0.0,73,0,0,2,2,0,0,2,4,0,0,0,0,0.0,0
malware,c21a6ab7478d0c29474c913a5e860af100bdfec128c91b7d70ad5a2db8c3ef83.xls,data\raw\malware_bazaar\c21a6ab7478d0c29474c913a5e860af100bdfec128c91b7d70ad5a2db8c3ef83.xls,1320960,68,1,0,0,0,0.014705882352941176,document,0,0,0,0,0,0,0,0,0,0,15,7.762033930882721,1.7471838978071559,0.3358898074127907,0.06774391351744186,256,0,0,1,0,0,0,1,1,0,0,0,0,0.0,0
malware,c28eb9a5b01d930867774201699ee99beb57e66316fc94831822afbd14ca2624.dll,data\raw\malware_bazaar\c28eb9a5b01d930867774201699ee99beb57e66316fc94831822afbd14ca2624.dll,1809920,68,1,0,0,0,0.014705882352941176,executable,1,0,0,0,0,1,1,0,0,0,1,6.579545869571298,4.368947966058684,0.39650702793493636,0.17264851485148514,256,0,0,3,0,0,0,3,3,0,0,0,0,0.0,0
malware,c2b78e277970e1607c23f03bf7facfb77a1dd50798acc078fd942abe59baca6f.docm,data\raw\malware_bazaar\c2b78e277970e1607c23f03bf7facfb77a1dd50798acc078fd942abe59baca6f.docm,22423,69,1,0,0,0,0.014492753623188406,document,0,0,1,0,0,1,1,0,0,0,13,7.596427289446106,6.175237874196203,0.3374659947375463,0.10997636355527807,256,0,0,0,0,0,0,0,0,0,0,0,0,0.0,0
malware,c2c47c5d916ee713b33de4c3c4a3fc670eae8832735c3f032fa84f882813dae4.docx,data\raw\malware_bazaar\c2c47c5d916ee713b33de4c3c4a3fc670eae8832735c3f032fa84f882813dae4.docx,191437,69,1,0,0,0,0.014492753623188406,document,0,0,0,0,0,1,1,0,0,0,17,7.9441481499389495,7.841746697042531,0.3668256397666073,0.0070884938648223695,256,0,0,0,0,0,0,0,0,0,0,0,0,0.0,0
malware,c2ed33e3d07e80e5c713c01461a12b8e4dd613b0884b3fc6093bf7d6aaa9f93d.rar,data\raw\malware_bazaar\c2ed33e3d07e80e5c713c01461a12b8e4dd613b0884b3fc6093bf7d6aaa9f93d.rar,2019565,68,1,0,0,0,0.014705882352941176,archive,0,0,0,1,0,1,1,0,0,0,32,7.998877204692443,5.308364648336088,0.3735225159873537,0.0037621963145528865,256,0,0,0,0,0,0,0,0,0,0,0,0,0.0,0
malware,c30f2e6b7e808d462ea4113e0da7e8bad4d037dedc1b5c9c87cc9f9a3ad6affb.lnk,data\raw\malware_bazaar\c30f2e6b7e808d462ea4113e0da7e8bad4d037dedc1b5c9c87cc9f9a3ad6affb.lnk,1162,68,0,0,0,0,0.014705882352941176,unknown,0,0,0,0,1,0,0,0,0,0,0,5.241194026380833,5.241194026380833,0.3459552495697074,0.39070567986230637,193,0,0,0,0,0,0,0,0,0,0,0,0,0.0,0
malware,c3106f5489c1b841efdc193587b79e9f434f2410e851971f3539b9a043ed1ef3.pdf,data\raw\malware_bazaar\c3106f5489c1b841efdc193587b79e9f434f2410e851971f3539b9a043ed1ef3.pdf,16242086,68,1,0,0,0,0.014705882352941176,document,0,0,0,0,0,1,1,0,0,0,786,7.488927353362718,6.5801191865252395,0.5550833802997964,0.03174265916336116,256,15882,1,11,0,0,0,11,11,0,0,0,0,0.0,0
malware,c35c2d9570c711b9ebe4f1c4a2cab566b723ff7915179ae029a82653b69a237b.vbs,data\raw\malware_bazaar\c35c2d9570c711b9ebe4f1c4a2cab566b723ff7915179ae029a82653b69a237b.vbs,946186,68,1,0,0,0,0.014705882352941176,script,0,1,0,0,0,0,0,0,0,0,0,5.2542139050886245,5.244691359397818,0.26846518549207027,0.0,111,0,0,4,0,0,0,4,4,0,0,0,0,0.0,0
malware,c364862eec13d8f6b00c910eb43aaf7f7c9a0080a4e5f9452e4ac4e937a66f33.rtf,data\raw\malware_bazaar\c364862eec13d8f6b00c910eb43aaf7f7c9a0080a4e5f9452e4ac4e937a66f33.rtf,5324587,68,1,0,0,0,0.014705882352941176,document,0,0,0,0,0,0,0,0,0,0,0,5.037250733681709,4.037269637091023,0.997752689551321,0.0,89,1,0,126,0,0,0,126,126,0,0,0,0,0.0,0
malware,c3ac20f94e0c7d5825943e558dce0fccdd2b621b74779ea26b95394ea40d39d4.chm,data\raw\malware_bazaar\c3ac20f94e0c7d5825943e558dce0fccdd2b621b74779ea26b95394ea40d39d4.chm,7577910,68,0,0,0,0,0.014705882352941176,unknown,0,0,0,0,1,0,0,0,0,0,131,7.998672483086435,5.985710389264792,0.37571995444654266,0.005607086914465862,256,0,0,0,1,0,0,0,1,0,0,0,0,0.0,0
malware,c3f1210473d2fec5851fec6b44d8a43063d462a99cb701308ad69c124a163cbf.hta,data\raw\malware_bazaar\c3f1210473d2fec5851fec6b44d8a43063d462a99cb701308ad69c124a163cbf.hta,13828,68,0,0,0,0,0.014705882352941176,unknown,0,0,0,0,1,0,0,0,0,0,0,1.5207831203611317,1.642210897058418,0.15606016777552792,0.0,78,0,0,9,1,0,0,9,10,0,0,0,0,0.0,0
malware,c435c6eab77f03781bf77eef9b0bc5c1029b34239b85e6fc0dec6f02c836ef74.php,data\raw\malware_bazaar\c435c6eab77f03781bf77eef9b0bc5c1029b34239b85e6fc0dec6f02c836ef74.php,28650,68,1,0,0,0,0.014705882352941176,script,0,1,0,0,0,0,0,0,0,0,8,5.6779165993588805,5.72696197376865,1.0,0.0,78,0,0,1,0,0,0,2,2,0,0,0,0,0.0,0
malware,c449d4a7e46b0848b39a041665cd4a2d6ca2e62c6fcad7cc745b92b01ad1e8c7.vbs,data\raw\malware_bazaar\c449d4a7e46b0848b39a041665cd4a2d6ca2e62c6fcad7cc745b92b01ad1e8c7.vbs,657840,68,1,0,0,0,0.014705882352941176,script,0,1,0,0,0,0,0,0,0,0,26,5.285442160011068,5.570630485642199,0.9993706676395476,0.0,74,0,0,107,0,0,0,107,107,0,0,0,0,0.0,0
malware,c47eeb84e0e057682cc46e648bd2625bfd3177fa18dbe060b4abfa273f399106.chm,data\raw\malware_bazaar\c47eeb84e0e057682cc46e648bd2625bfd3177fa18dbe060b4abfa273f399106.chm,12356,68,0,0,0,0,0.014705882352941176,unknown,0,0,0,0,1,0,0,0,0,0,0,3.731663637252993,1.5704569233852617,0.16744901262544512,0.6434121074781483,256,0,0,0,0,0,0,0,0,0,0,0,0,0.0,0
malware,c494170c4ce18278f753e93ec1209a963cec1a6c3d69ebebe7a2ad79062b9e5f.vbs,data\raw\malware_bazaar\c494170c4ce18278f753e93ec1209a963cec1a6c3d69ebebe7a2ad79062b9e5f.vbs,1339,68,1,0,0,0,0.014705882352941176,script,0,1,0,0,0,0,0,0,0,0,0,5.035128581035093,5.035128581035093,0.9507094846900672,0.0,61,0,0,0,0,0,0,0,0,0,0,0,0,0.0,0
malware,c4cddaf681b7edee9ebaea92bc21faeeab7c98556c3f4b3fd3bd1e7c08606fad.7z,data\raw\malware_bazaar\c4cddaf681b7edee9ebaea92bc21faeeab7c98556c3f4b3fd3bd1e7c08606fad.7z,8887114,67,1,0,0,0,0.014925373134328358,archive,0,0,0,1,0,1,1,0,0,0,132,7.999981614834882,4.85377739943295,0.3710689431912317,0.003934123046019214,256,0,0,0,1,0,0,0,1,0,0,0,0,0.0,0
malware,c4ea01549f1fe365652d0c9d839f54d8d8f42bf4182ad5389839908e8f2a5653.php,data\raw\malware_bazaar\c4ea01549f1fe365652d0c9d839f54d8d8f42bf4182ad5389839908e8f2a5653.php,3729,68,1,0,0,0,0.014705882352941176,script,0,1,0,0,0,0,0,0,0,0,0,5.311702544589286,5.311702544589286,0.99597747385358,0.0,81,0,0,0,0,1,0,1,13,0,0,0,0,0.0,0
malware,c4f0427487b294ce6c51dba1db0f45791da3693677f1faca5331e6903983322b.html,data\raw\malware_bazaar\c4f0427487b294ce6c51dba1db0f45791da3693677f1faca5331e6903983322b.html,142701,69,0,0,0,0,0.014492753623188406,unknown,0,0,0,0,1,0,0,0,0,0,0,4.9698279676998105,5.040649058963125,0.9860337348722154,0.0,94,0,0,0,0,1,3,16,20,0,0,0,0,0.0,0
malware,c522a752519580c37574684d86abfe3c4666ac72d837825ac21d6cfe937d7817.apk,data\raw\malware_bazaar\c522a752519580c37574684d86abfe3c4666ac72d837825ac21d6cfe937d7817.apk,4649454,68,1,0,0,0,0.014705882352941176,archive,1,0,0,1,0,1,1,0,0,0,228,7.994111285717463,7.67642385196065,0.37020734047481707,0.010567047227480903,256,0,0,1,1,0,0,1,2,0,0,0,0,0.0,0
malware,c53234d2ef889d51d4933d1a2c6ed5f372858960199823dacf60ed8abedb9282.docx,data\raw\malware_bazaar\c53234d2ef889d51d4933d1a2c6ed5f372858960199823dacf60ed8abedb9282.docx,224808,69,1,0,0,0,0.014492753623188406,document,0,0,0,0,0,1,1,0,0,0,18,7.947364263206599,7.811808135891311,0.36735347496530374,0.005337888331376108,256,0,0,1,0,0,0,1,1,0,0,0,0,0.0,0
malware,c5453eca9a0b009d4d6d1cf3304ef2621d175e505ae01616808a27f6791454dc.php,data\raw\malware_bazaar\c5453eca9a0b009d4d6d1cf3304ef2621d175e505ae01616808a27f6791454dc.php,28656,68,1,0,0,0,0.014705882352941176,script,0,1,0,0,0,0,0,0,0,0,8,5.679400772486676,5.73390710433631,1.0,0.0,78,0,0,1,0,0,0,2,2,0,0,0,0,0.0,0
malware,c598ae0dd7ac49781d2068dfee9832ec0f577514d733877c6006a2e30b1943c1.rar,data\raw\malware_bazaar\c598ae0dd7ac49781d2068dfee9832ec0f577514d733877c6006a2e30b1943c1.rar,3079,68,1,0,0,0,0.014705882352941176,archive,0,0,0,1,0,1,1,0,0,0,0,7.793114431650211,5.070159765557392,0.3575836310490419,0.046768431308866515,256,0,0,0,0,0,0,0,0,0,0,0,0,0.0,0
malware,c59b2d6a70bc5b84998aebb2d21241a8adef33724838e92db4dee36a1ce46f43.docm,data\raw\malware_bazaar\c59b2d6a70bc5b84998aebb2d21241a8adef33724838e92db4dee36a1ce46f43.docm,16637332,69,1,0,0,0,0.014492753623188406,document,0,0,1,0,0,1,1,0,0,0,338,7.997754921011643,7.910297202384391,0.36844621481376943,0.004387602531463578,256,0,0,0,2,0,0,0,2,0,0,0,0,0.0,0
malware,c63d3b36b0606cce8e57ce4fed83e4f8c259a82f5754d2409f0b719f134dd57b.rar,data\raw\malware_bazaar\c63d3b36b0606cce8e57ce4fed83e4f8c259a82f5754d2409f0b719f134dd57b.rar,2019,68,1,0,0,0,0.014705882352941176,archive,0,0,0,1,0,1,1,0,0,0,0,7.902381994663461,5.287349367586925,0.37493808816245666,0.005448241703813769,256,0,0,0,0,0,0,0,0,0,0,0,0,0.0,0
malware,c6cb42a09a18da31bdeac0d27a1f52ee3464923277a917af2cd032c32658324b.hta,data\raw\malware_bazaar\c6cb42a09a18da31bdeac0d27a1f52ee3464923277a917af2cd032c32658324b.hta,11836,68,0,0,0,0,0.014705882352941176,unknown,0,0,0,0,1,0,0,0,0,0,0,5.5308484689089354,4.987490004251092,0.9873267995944576,0.0,92,2,0,0,0,0,0,0,0,0,0,0,0,0.0,0
malware,c6d1092e3f39218baf167992afbe020d713b47483e87b64f20dd43a35efe2903.xlsm,data\raw\malware_bazaar\c6d1092e3f39218baf167992afbe020d713b47483e87b64f20dd43a35efe2903.xlsm,229375,69,1,0,0,0,0.014492753623188406,document,0,0,1,0,0,1,1,0,0,0,15,7.918947747731831,6.1241405980127706,0.364608174386921,0.016776021798365123,256,0,0,0,0,0,0,0,0,0,0,0,0,0.0,0
malware,c759b4e65c92c5f51920e0cf517e4f52736a4c68d91333adad4d2a52dcca7ca9.rtf,data\raw\malware_bazaar\c759b4e65c92c5f51920e0cf517e4f52736a4c68d91333adad4d2a52dcca7ca9.rtf,185260,68,1,0,0,0,0.014705882352941176,document,0,0,0,0,0,0,0,0,0,0,0,2.2980744805637254,5.745563400971408,0.3522562884594624,0.0,100,0,0,2,0,0,0,2,2,0,0,0,0,0.0,0
malware,c7b2edcd0f5c24dd5e571a1983c5c514e7d2e6ef2e0268a3f43d50d79076e69e.vbs,data\raw\malware_bazaar\c7b2edcd0f5c24dd5e571a1983c5c514e7d2e6ef2e0268a3f43d50d79076e69e.vbs,4819049,68,1,0,0,0,0.014705882352941176,script,0,1,0,0,0,0,0,0,0,0,1080,6.036781102894325,0.031803565870704306,0.9997605336654597,0.0,92,0,0,638,2,0,0,638,640,0,0,0,0,0.0,0
malware,c807fc2958b943ba452c41251b66810c0f306f5a93a809a376551f616ae79f54.xlsx,data\raw\malware_bazaar\c807fc2958b943ba452c41251b66810c0f306f5a93a809a376551f616ae79f54.xlsx,813938,69,1,0,0,0,0.014492753623188406,document,0,0,0,0,0,1,0,1,0,0,36,7.998299325145066,7.899838353145364,0.3736205951804683,0.0039781899849865715,256,0,0,0,0,0,0,0,0,0,0,0,0,0.0,0
malware,c87207dfad72220e26cc74aaa91b67559b979170921adead3fd6ba8f2d071c78.jar,data\raw\malware_bazaar\c87207dfad72220e26cc74aaa91b67559b979170921adead3fd6ba8f2d071c78.jar,2300909,68,1,0,0,0,0.014705882352941176,archive,1,0,0,1,0,1,1,0,0,0,342,7.995842343605526,7.9474028740206135,0.3741156212609886,0.008813907894662501,256,0,0,8,0,0,0,8,8,0,0,0,0,0.0,0
malware,c89e453a4089933bf740750a27354901a62ce9c79548885a245e21b8d09a2548.jar,data\raw\malware_bazaar\c89e453a4089933bf740750a27354901a62ce9c79548885a245e21b8d09a2548.jar,5771931,68,1,0,0,0,0.014705882352941176,archive,1,0,0,1,0,1,1,0,0,0,107,7.9252600991486615,7.914152085223723,0.33880481246224187,0.0031440084782718295,256,0,0,0,0,0,0,0,0,0,0,0,0,0.0,0
malware,c8cf9551339499b259b39fc5fea9570c27fc46bb3c9958daf22b859cf268428a.bat,data\raw\malware_bazaar\c8cf9551339499b259b39fc5fea9570c27fc46bb3c9958daf22b859cf268428a.bat,15854556,68,1,0,0,0,0.014705882352941176,script,0,1,0,0,0,0,0,0,0,0,2656,5.678652917684014,4.161196465189009,0.9997557799789537,0.0,77,0,0,3856,1,0,0,3856,3857,0,0,0,0,0.0,0
malware,c8e61ec8135550408cbba73f23aaf57db731443d18eafd137f0403ab8c4804ba.dll,data\raw\malware_bazaar\c8e61ec8135550408cbba73f23aaf57db731443d18eafd137f0403ab8c4804ba.dll,10646120,68,1,0,0,0,0.014705882352941176,executable,1,0,0,0,0,1,1,0,0,0,18,6.0842537385514515,6.045825124369476,0.3729051522996171,0.26057192667375534,256,15,0,26,0,0,0,26,26,0,0,0,0,0.0,0
malware,c937d0408fb8ef89b00c2fbcd785ade967210df57b0c5a128d2555b431d4634e.bat,data\raw\malware_bazaar\c937d0408fb8ef89b00c2fbcd785ade967210df57b0c5a128d2555b431d4634e.bat,1527773,68,1,0,0,0,0.014705882352941176,script,0,1,0,0,0,0,0,0,0,0,0,4.13592710442975,5.85234202635536,0.9729501699532588,0.0,93,0,0,20558,6,0,0,20561,20567,0,0,0,0,0.0,0
malware,c984f24cb4eb950ff50f924b8c4fd5bed6c9e009d15a52c3749f1d3b508f73cc.xlsx,data\raw\malware_bazaar\c984f24cb4eb950ff50f924b8c4fd5bed6c9e009d15a52c3749f1d3b508f73cc.xlsx,749459,69,1,0,0,0,0.014492753623188406,document,0,0,0,0,0,1,0,1,0,0,28,7.997766194283293,7.905204559181204,0.3735401136019449,0.003150272396488667,256,0,0,0,0,0,0,0,0,0,0,0,0,0.0,0
malware,ca2c730214744670ea887ec8b305d769537345d23b791e6d7cecd74770672bc3.img,data\raw\malware_bazaar\ca2c730214744670ea887ec8b305d769537345d23b791e6d7cecd74770672bc3.img,3452928,68,0,0,0,0,0.014705882352941176,unknown,0,0,0,0,1,0,0,0,0,0,34,6.658989467934063,0.0,0.3072818199510676,0.2309049015791815,256,0,5,92,0,0,0,92,92,0,0,0,0,0.0,0
malware,ca4153052cc85c3bfd09eff40e00b6c21c07d7e00a2714a13806131eeb660be5.docx,data\raw\malware_bazaar\ca4153052cc85c3bfd09eff40e00b6c21c07d7e00a2714a13806131eeb660be5.docx,135395,69,1,0,0,0,0.014492753623188406,document,0,0,0,0,0,1,1,0,0,0,21,7.879161129825128,7.817503601659616,0.36112854979873704,0.007208537981461649,256,0,0,0,0,0,0,0,0,0,0,0,0,0.0,0
malware,ca85e1a7b11ca6dbfe60c3113490f39883158098803a2e20ef76a9046bc8feea.html,data\raw\malware_bazaar\ca85e1a7b11ca6dbfe60c3113490f39883158098803a2e20ef76a9046bc8feea.html,181130,69,0,0,0,0,0.014492753623188406,unknown,0,0,0,0,1,0,0,0,0,0,0,5.115512823873603,5.086108817356416,0.9796720587423398,0.0,92,0,0,0,0,1,1,1,3,0,0,0,0,0.0,0
malware,cb60c05a179fc2f196486101d1c49be82cb4f6f1771212b02f21b97cfaa0331c.xlsx,data\raw\malware_bazaar\cb60c05a179fc2f196486101d1c49be82cb4f6f1771212b02f21b97cfaa0331c.xlsx,771584,69,1,0,0,0,0.014492753623188406,document,0,0,0,0,0,0,0,0,0,0,94,6.83346626857478,3.8868121796398722,0.2915586637358991,0.18469926799933642,256,2,0,1,0,0,0,1,1,0,0,0,0,0.0,0
malware,cb6a9b925a17b8fafc72e8f1a7c2342d071a0de7fb3868d7037d3b883da51c94.wsf,data\raw\malware_bazaar\cb6a9b925a17b8fafc72e8f1a7c2342d071a0de7fb3868d7037d3b883da51c94.wsf,1054,68,0,0,0,0,0.014705882352941176,unknown,0,0,0,0,1,0,0,0,0,0,0,5.244764213922112,5.244764213922112,0.9222011385199241,0.0,77,0,0,0,1,0,0,0,1,0,0,0,0,0.0,0
malware,cba19f8eedf90c332224bcd8f0df9be0e1dbd4324c67c79eef19d547c33ef331.apk,data\raw\malware_bazaar\cba19f8eedf90c332224bcd8f0df9be0e1dbd4324c67c79eef19d547c33ef331.apk,9980464,68,1,0,0,0,0.014705882352941176,archive,1,0,0,1,0,1,0,1,0,0,312,7.996204125977663,4.433681016497665,0.3674462429802863,0.007766973559545929,256,1,0,36,0,0,0,36,36,0,0,0,0,0.0,0
malware,ccaac1459e8ce7963b4d58c91a4e5a11ffae2d4fe438ff58ff65a819250a17cf.wsf,data\raw\malware_bazaar\ccaac1459e8ce7963b4d58c91a4e5a11ffae2d4fe438ff58ff65a819250a17cf.wsf,665,68,0,0,0,0,0.014705882352941176,unknown,0,0,0,0,1,0,0,0,0,0,0,5.438453972080556,5.438453972080556,0.9548872180451128,0.0,64,0,0,0,0,0,0,0,0,0,0,0,0,0.0,0
malware,ccc79f60e5c8ca5982764e27b3f538de096793e929219a9984d33b78e1c7557d.jar,data\raw\malware_bazaar\ccc79f60e5c8ca5982764e27b3f538de096793e929219a9984d33b78e1c7557d.jar,8487244,68,1,0,0,0,0.014705882352941176,archive,1,0,0,1,0,1,1,0,0,0,191,7.999614176322627,7.935255740754425,0.372213170730098,0.003418777638536137,256,0,0,4,0,0,0,4,4,0,0,0,0,0.0,0
malware,cd3a991b18f7bfef31de760ecf84db7c10b34b23732c83cd0c0a06e9d4ac2f34.cmd,data\raw\malware_bazaar\cd3a991b18f7bfef31de760ecf84db7c10b34b23732c83cd0c0a06e9d4ac2f34.cmd,1449,68,1,0,0,0,0.014705882352941176,script,0,1,0,0,0,0,0,0,0,0,0,4.548400395435208,4.548400395435208,0.9406487232574189,0.0,69,1,0,0,3,0,0,0,3,0,0,0,0,0.0,0
malware,cd598cea811d8f73ca7afffa40e5963be9a82e01bad8ffcebb104b475c091faa.dll,data\raw\malware_bazaar\cd598cea811d8f73ca7afffa40e5963be9a82e01bad8ffcebb104b475c091faa.dll,3493376,68,1,0,0,0,0.014705882352941176,executable,1,0,0,0,0,1,1,0,0,0,8,5.465726918163599,5.550169373999962,0.6645831997471786,0.1467531694269383,256,0,0,0,0,0,0,0,0,0,0,0,0,0.0,0
malware,cd80f4c36a395ae636332270f79eb3e9acc94cc1778bfc55422a7da4ae1dbe69.js,data\raw\malware_bazaar\cd80f4c36a395ae636332270f79eb3e9acc94cc1778bfc55422a7da4ae1dbe69.js,3346262,67,1,0,0,0,0.014925373134328358,script,0,1,0,0,0,0,0,0,0,0,5,5.907496983654716,4.171942338427784,0.9669840556417878,0.0,172,0,0,1,0,0,0,1,1,0,0,0,0,0.0,0
malware,cda9bd0f754dd5e269e19c0a3d04f381ff4c4ecb2650a670e51f73f4cf134364.php,data\raw\malware_bazaar\cda9bd0f754dd5e269e19c0a3d04f381ff4c4ecb2650a670e51f73f4cf134364.php,28662,68,1,0,0,0,0.014705882352941176,script,0,1,0,0,0,0,0,0,0,0,8,5.680709401721887,5.739190673979242,1.0,0.0,78,0,0,1,0,0,0,2,2,0,0,0,0,0.0,0
malware,ce1c3fa67f4bf52e9987dbc10abe0f109199dca35db4ea83cf56f01c85b7d123.html,data\raw\malware_bazaar\ce1c3fa67f4bf52e9987dbc10abe0f109199dca35db4ea83cf56f01c85b7d123.html,8509,69,0,0,0,0,0.014492753623188406,unknown,0,0,0,0,1,0,0,0,0,0,0,5.839823576596826,5.860026094264261,0.9724997061934423,0.0,73,0,0,112,0,0,0,112,112,0,0,0,0,0.0,0
malware,ce47931775b9e2627ea14efc26e2f92b1abc7ec28a313656ba75a8bac86799e8.bat,data\raw\malware_bazaar\ce47931775b9e2627ea14efc26e2f92b1abc7ec28a313656ba75a8bac86799e8.bat,38454,68,1,0,0,0,0.014705882352941176,script,0,1,0,0,0,0,0,0,0,0,0,5.730942694203875,5.6713325379513915,0.9326467987725594,0.0,87,0,0,140,8,0,0,140,148,0,0,0,0,0.0,0
malware,ceee0afa31bdb23facef986624aff74589e363b36a3e40425eb5c7b6819d6713.wsf,data\raw\malware_bazaar\ceee0afa31bdb23facef986624aff74589e363b36a3e40425eb5c7b6819d6713.wsf,27505,68,0,0,0,0,0.014705882352941176,unknown,0,0,0,0,1,0,0,0,0,0,0,5.718329302107062,5.685800416083268,0.9994182875840756,0.0,89,1,0,0,0,0,0,0,0,0,0,0,0,0.0,0
malware,cf1ffcc75797d37517450cbd5ecb9550ebff74a12a48ba2d0e15983a789215fb.chm,data\raw\malware_bazaar\cf1ffcc75797d37517450cbd5ecb9550ebff74a12a48ba2d0e15983a789215fb.chm,11129,68,0,0,0,0,0.014705882352941176,unknown,0,0,0,0,1,0,0,0,0,0,0,3.178745919731992,1.8607846866650208,0.1478120226435439,0.702219426722976,256,0,0,0,0,0,0,0,0,0,0,0,0,0.0,0
malware,cf5473e65ba6a2399f66af42eee6bdd6277b1857c8839a17a780638036a903d1.rtf,data\raw\malware_bazaar\cf5473e65ba6a2399f66af42eee6bdd6277b1857c8839a17a780638036a903d1.rtf,5517629,68,1,0,0,0,0.014705882352941176,document,0,0,0,0,0,0,0,0,0,0,0,5.127385909101891,4.037269637091023,0.9947404945131324,0.0,89,1,0,7397,0,0,0,7397,7397,0,0,0,0,0.0,0
malware,cfd08f037e6441e658943d460ef0e3205135777c06a040593e262b720fbc4a12.docx,data\raw\malware_bazaar\cfd08f037e6441e658943d460ef0e3205135777c06a040593e262b720fbc4a12.docx,822375,69,1,0,0,0,0.014492753623188406,document,0,0,0,0,0,1,1,0,0,0,34,7.990123263171068,7.835859989332843,0.37372245022039824,0.004358109135126919,256,0,0,0,0,0,0,0,0,0,0,0,0,0.0,0
malware,d02ebd5b466ec0feaa61782176f1c1bba60560468f708f7529cd1746b7a17880.xlsx,data\raw\malware_bazaar\d02ebd5b466ec0feaa61782176f1c1bba60560468f708f7529cd1746b7a17880.xlsx,2982254,69,1,0,0,0,0.014492753623188406,document,0,0,0,0,0,1,0,1,0,0,48,7.974849213806941,7.911657505401057,0.37975169117050395,0.0022539998269765086,256,0,0,0,0,0,0,0,0,0,0,0,0,0.0,0
malware,d0317dccdd430ff23292fbe57e30fec13b247d6c43b693af20652629d2f60d81.cmd,data\raw\malware_bazaar\d0317dccdd430ff23292fbe57e30fec13b247d6c43b693af20652629d2f60d81.cmd,81907,68,1,0,0,0,0.014705882352941176,script,0,1,0,0,0,0,0,0,0,0,1,5.108593688014204,4.55016211357968,0.438216513851075,0.0,123,0,0,1,0,0,0,1,1,0,0,0,0,0.0,0
malware,d0656967dcdc5f2ca217d5d9caa4a75e17f7ad62d23fdc0a71a95579ad3ab743.vbs,data\raw\malware_bazaar\d0656967dcdc5f2ca217d5d9caa4a75e17f7ad62d23fdc0a71a95579ad3ab743.vbs,352912,68,1,0,0,0,0.014705882352941176,script,0,1,0,0,0,1,0,1,0,0,0,4.064771435166679,3.7789506676627584,0.496092510314186,0.49739311783107404,203,0,0,0,0,0,0,0,0,0,0,0,0,0.0,0
malware,d0e79fd039575862664fdfaeb700fe49b458f51d3b48a8bbd85c67d780befda9.iso,data\raw\malware_bazaar\d0e79fd039575862664fdfaeb700fe49b458f51d3b48a8bbd85c67d780befda9.iso,1427456,68,0,0,0,0,0.014705882352941176,unknown,0,0,0,0,1,0,0,0,0,0,2,6.392682284420579,0.0,0.2853874305057389,0.2426981987535868,256,9,5,4,16,2,0,4,22,0,0,0,0,0.0,0
malware,d0ee157e7de36b409fb97b9fccec05bbc05ec2f436f3d939abc6456d6e0bd29c.xls,data\raw\malware_bazaar\d0ee157e7de36b409fb97b9fccec05bbc05ec2f436f3d939abc6456d6e0bd29c.xls,626176,68,1,0,0,0,0.014705882352941176,document,0,0,0,0,0,0,0,0,0,0,32,7.868082908606285,1.2455155419569444,0.3525334730171709,0.04974959116925593,256,0,0,1,0,0,0,1,1,0,0,0,0,0.0,0
malware,d12447bc79fd6fe4548193f49cac80ce4f5adae8e52061621f2a82ce5d0a0693.html,data\raw\malware_bazaar\d12447bc79fd6fe4548193f49cac80ce4f5adae8e52061621f2a82ce5d0a0693.html,40379,69,0,0,0,0,0.014492753623188406,unknown,0,0,0,0,1,0,0,0,0,0,0,4.2995418890757415,4.233683442945006,0.9695881522573615,0.0,105,8,0,1,2,0,0,1,3,0,0,0,0,0.0,0
malware,d12dcb5ff134a56b8f36a2e894762ec6656a37f5a95021a9d32eb4918a87902e.doc,data\raw\malware_bazaar\d12dcb5ff134a56b8f36a2e894762ec6656a37f5a95021a9d32eb4918a87902e.doc,59096,68,1,0,0,0,0.014705882352941176,document,0,0,0,0,0,1,0,1,0,0,36,7.533849498047921,0.8832537911199696,0.3326451874915392,0.12280018952213348,256,0,0,0,0,0,0,0,0,0,0,0,0,0.0,0
malware,d17fc270185e599ba009c238a35a41caab53df92257bc546896c78409afce000.chm,data\raw\malware_bazaar\d17fc270185e599ba009c238a35a41caab53df92257bc546896c78409afce000.chm,11938,68,0,0,0,0,0.014705882352941176,unknown,0,0,0,0,1,0,0,0,0,0,0,3.6183345484427107,1.8509897399783726,0.16183615345954097,0.656140056960965,256,0,0,0,0,0,0,0,0,0,0,0,0,0.0,0
malware,d26dc74cf790d8b80f03ee0d94eb11cea8074bcbe70a2f97952f4945f180448f.js,data\raw\malware_bazaar\d26dc74cf790d8b80f03ee0d94eb11cea8074bcbe70a2f97952f4945f180448f.js,981008,67,1,0,0,0,0.014925373134328358,script,0,1,0,0,0,0,0,0,0,0,0,4.522342970600149,4.150181869887148,0.9978756544289139,0.0,93,0,0,5,0,0,0,9,9,0,0,0,0,0.0,0
malware,d2809e3e60e5d9671be8644750ad1b385aaa6b4ff01fef8fc594d81c69275a33.docm,data\raw\malware_bazaar\d2809e3e60e5d9671be8644750ad1b385aaa6b4ff01fef8fc594d81c69275a33.docm,105860,69,1,0,0,0,0.014492753623188406,document,0,0,1,0,0,1,1,0,0,0,22,7.894075258852789,6.221262838623183,0.3767334215000945,0.035631966748535804,256,0,0,0,0,0,0,0,0,0,0,0,0,0.0,0
malware,d296afca2cf56b95c65cac551b9e6699df51d58fa568b668322797f635cef342.rar,data\raw\malware_bazaar\d296afca2cf56b95c65cac551b9e6699df51d58fa568b668322797f635cef342.rar,2851,68,1,0,0,0,0.014705882352941176,archive,0,0,0,1,0,1,1,0,0,0,0,7.79225296020443,4.890319531114783,0.35145562960364785,0.04594878989828131,256,0,0,0,0,0,0,0,0,0,0,0,0,0.0,0
malware,d2989c7149d41251cb115b49880da9c819d3823299ffcd187fba5b23a36e7f4f.vbs,data\raw\malware_bazaar\d2989c7149d41251cb115b49880da9c819d3823299ffcd187fba5b23a36e7f4f.vbs,1326175,68,1,0,0,0,0.014705882352941176,script,0,1,0,0,0,0,0,0,0,0,0,3.668865222486915,4.80548024642282,0.9980304258487757,0.0,78,0,0,1277,0,0,0,1277,1277,0,0,0,0,0.0,0
malware,d2b96a48463601ba00d3c1d22416bba5421f6c9db91ada7f8f708d12a40c352f.rar,data\raw\malware_bazaar\d2b96a48463601ba00d3c1d22416bba5421f6c9db91ada7f8f708d12a40c352f.rar,2885,68,1,0,0,0,0.014705882352941176,archive,0,0,0,1,0,1,1,0,0,0,0,7.822023392356199,5.070159765557392,0.36949740034662043,0.046447140381282497,256,0,0,0,0,0,0,0,0,0,0,0,0,0.0,0
malware,d2d45f990ec7970125cccce6480b636c884bf3c9efd257148bae4a83d7ed3279.js,data\raw\malware_bazaar\d2d45f990ec7970125cccce6480b636c884bf3c9efd257148bae4a83d7ed3279.js,3346262,67,1,0,0,0,0.014925373134328358,script,0,1,0,0,0,0,0,0,0,0,5,5.888380781228918,3.907340509288289,0.9669840556417878,0.0,172,0,0,1,0,0,0,1,1,0,0,0,0,0.0,0
malware,d30ce0c1e266a2bc63ef081382d1a811c7dd03babb91eec1cc347fc1c2cb93bd.7z,data\raw\malware_bazaar\d30ce0c1e266a2bc63ef081382d1a811c7dd03babb91eec1cc347fc1c2cb93bd.7z,7838,67,1,0,0,0,0.014925373134328358,archive,0,0,0,1,0,1,1,0,0,0,0,7.966578546707068,4.896822516654254,0.3629752487879561,0.011227353916815515,256,0,0,0,0,0,0,0,0,0,0,0,0,0.0,0
malware,d336908f579d5f518e0659909a3bf711b30c0e0921c2fc8d87f8d1b10a50caa7.js,data\raw\malware_bazaar\d336908f579d5f518e0659909a3bf711b30c0e0921c2fc8d87f8d1b10a50caa7.js,50899477,67,1,0,0,0,0.014925373134328358,script,0,1,0,0,0,0,0,0,0,0,0,5.573534343681728,5.571425868403347,0.5162208051764461,0.0,119,0,0,3,0,0,0,3,3,0,0,0,0,0.0,0
malware,d3a18a8e9053c2b3a16f052c2595fadf5af3313d2189b88c03d10adae2c2a424.bat,data\raw\malware_bazaar\d3a18a8e9053c2b3a16f052c2595fadf5af3313d2189b88c03d10adae2c2a424.bat,1183929,68,1,0,0,0,0.014705882352941176,script,0,1,0,0,0,0,0,0,0,0,255,6.068239160510928,6.552844917999053,0.9701975371833953,0.0,121,0,0,9730,2,0,0,9730,9732,0,0,0,0,0.0,0
malware,d3b2897035413cacc179365b51f2b739c746d026065a8ebda7bb36c2b59e25ba.docm,data\raw\malware_bazaar\d3b2897035413cacc179365b51f2b739c746d026065a8ebda7bb36c2b59e25ba.docm,422526,69,1,0,0,0,0.014492753623188406,document,0,0,1,0,0,1,1,0,0,0,22,7.971291705744201,6.667103987181118,0.36573843976465353,0.018313665904583387,256,0,0,0,0,0,0,0,0,0,0,0,0,0.0,0
malware,d3f33926a8b5fbc77ac6749f62335d773cc3a18c27225898fb05af0784fde117.rar,data\raw\malware_bazaar\d3f33926a8b5fbc77ac6749f62335d773cc3a18c27225898fb05af0784fde117.rar,111064,68,1,0,0,0,0.014705882352941176,archive,0,0,0,1,0,1,1,0,0,0,1,7.997699213318527,5.288909765557392,0.3732982784700713,0.003466469783188072,256,0,0,0,0,0,0,0,0,0,0,0,0,0.0,0
malware,d403943529699c8bfbcaa4bbafabd2b190419032cafac01a89783bae5e1da86e.pdf,data\raw\malware_bazaar\d403943529699c8bfbcaa4bbafabd2b190419032cafac01a89783bae5e1da86e.pdf,235968,68,1,0,0,0,0.014705882352941176,document,0,0,0,0,0,1,1,0,0,0,6,7.912727315629013,7.615626641464788,0.3645960469216165,0.01651495117982099,256,1,0,2,0,0,0,2,2,0,0,0,0,0.0,0
malware,d4202674504c660fc829bab5104290c2d26f8a032a9537a37b1cd1794ce603dd.dll,data\raw\malware_bazaar\d4202674504c660fc829bab5104290c2d26f8a032a9537a37b1cd1794ce603dd.dll,12625896,68,1,0,0,0,0.014705882352941176,executable,1,0,0,0,0,1,1,0,0,0,19,6.536331210793845,5.456621601809509,0.3931316240843422,0.16809682259381828,256,9,0,15,0,0,0,15,15,0,0,0,0,0.0,0
malware,d45882504e96c78f58a75a1bac18cb318fad63d7a144b9457b23bc026a37f8b5.xlsm,data\raw\malware_bazaar\d45882504e96c78f58a75a1bac18cb318fad63d7a144b9457b23bc026a37f8b5.xlsm,101708,69,1,0,0,0,0.014492753623188406,document,0,0,1,0,0,1,1,0,0,0,31,7.893507091879286,7.888460441555985,0.36786683446729856,0.017520745664057893,256,0,0,0,0,0,0,0,0,0,0,0,0,0.0,0
malware,d46617ab7e3f8cb3402f6baff7e62f545587d2d192b8ca67c3d27b37ea186368.chm,data\raw\malware_bazaar\d46617ab7e3f8cb3402f6baff7e62f545587d2d192b8ca67c3d27b37ea186368.chm,26546,68,0,0,0,0,0.014705882352941176,unknown,0,0,0,0,1,0,0,0,0,0,0,6.503153181889207,1.9367892810721685,0.27672719053718076,0.2945453175619679,256,0,0,0,0,0,0,0,0,0,0,0,0,0.0,0
malware,d48d7b27d0a048297cfb76a409224dc79db076715f7fef4c0e42c9af7483b221.chm,data\raw\malware_bazaar\d48d7b27d0a048297cfb76a409224dc79db076715f7fef4c0e42c9af7483b221.chm,11260,68,0,0,0,0,0.014705882352941176,unknown,0,0,0,0,1,0,0,0,0,0,0,3.338653995482558,2.0651289592839626,0.15488454706927177,0.6847246891651865,256,0,0,0,0,0,0,0,0,0,0,0,0,0.0,0
malware,d4971d87f7d0e94f302ac708a733f9e0166eba8daa4a5e0c8e41ac580643ff8c.vbs,data\raw\malware_bazaar\d4971d87f7d0e94f302ac708a733f9e0166eba8daa4a5e0c8e41ac580643ff8c.vbs,2535,68,1,0,0,0,0.014705882352941176,script,0,1,0,0,0,0,0,0,0,0,0,5.265244669173973,5.265244669173973,0.936094674556213,0.0,74,1,0,0,0,0,0,0,0,0,0,0,0,0.0,0
malware,d498ab02aab6595c465d272a05f73cd3b6406f592a9f309286f9427b82b9c1e8.ps1,data\raw\malware_bazaar\d498ab02aab6595c465d272a05f73cd3b6406f592a9f309286f9427b82b9c1e8.ps1,1704,68,1,0,0,0,0.014705882352941176,script,0,1,0,0,0,0,0,0,0,0,0,4.894034453816437,4.894034453816437,0.9242957746478874,0.0,78,2,0,0,0,0,0,1,1,0,0,0,0,0.0,0
malware,d4a2de77ed978191d6ec0b4888623f69bc90a2ab11e5dbc1e75dabe584f66cd8.wsf,data\raw\malware_bazaar\d4a2de77ed978191d6ec0b4888623f69bc90a2ab11e5dbc1e75dabe584f66cd8.wsf,471208,68,0,0,0,0,0.014705882352941176,unknown,0,0,0,0,1,0,0,0,0,0,0,6.186258366807583,6.157129362710602,0.023601042427123478,0.0,158,0,0,0,0,0,0,0,0,0,0,0,0,0.0,0
malware,d505e2297629a1cd2d9a85825cb0c7b02f19674a80f43216fd3fb365c22bca80.dll,data\raw\malware_bazaar\d505e2297629a1cd2d9a85825cb0c7b02f19674a80f43216fd3fb365c22bca80.dll,76288,68,1,0,0,0,0.014705882352941176,executable,1,0,0,0,0,1,1,0,0,0,0,5.679925891463546,5.104937670591145,0.3838611577181208,0.3094588926174497,256,0,3,4,0,0,0,4,4,0,0,0,0,0.0,0
malware,d55fca68e795db96d5af5d9abc357fb93b188dac0c850ca1b5eae7c485af76a8.vbs,data\raw\malware_bazaar\d55fca68e795db96d5af5d9abc357fb93b188dac0c850ca1b5eae7c485af76a8.vbs,16233,68,1,0,0,0,0.014705882352941176,script,0,1,0,0,0,0,0,0,0,0,0,5.4167528029924,5.436100521271894,0.9663648124191462,0.0,89,0,0,73,0,0,0,73,73,0,0,0,0,0.0,0
malware,d5b948179c8cc33e4cbeebe0369c7dca452d968646a588d730341c3879d64880.apk,data\raw\malware_bazaar\d5b948179c8cc33e4cbeebe0369c7dca452d968646a588d730341c3879d64880.apk,8023361,68,1,0,0,0,0.014705882352941176,archive,1,0,0,1,0,1,1,0,0,0,665,7.990038502575137,7.901722919774163,0.3678027200820205,0.011921687183214116,256,6,0,1,1,0,0,1,2,0,0,0,0,0.0,0
malware,d5c9b643b5c7e4f1ca90f8f6ccaeb24f681441ce9fecbe5154416ad661143b2e.xlsm,data\raw\malware_bazaar\d5c9b643b5c7e4f1ca90f8f6ccaeb24f681441ce9fecbe5154416ad661143b2e.xlsm,1304461,69,1,0,0,0,0.014492753623188406,document,0,0,1,0,0,1,1,0,0,0,417,7.972045201041169,6.655608900826642,0.38205051741677215,0.017438620242383636,256,2,0,0,0,0,0,0,0,0,0,0,0,0.0,0
malware,d5ca70ca3f6c99546703e8b2699d19b3160720d618a16996b6c8997f30966284.html,data\raw\malware_bazaar\d5ca70ca3f6c99546703e8b2699d19b3160720d618a16996b6c8997f30966284.html,57373,69,0,0,0,0,0.014492753623188406,unknown,0,0,0,0,1,0,0,0,0,0,0,4.6857777204146,5.6384354781464925,0.9729140885085319,0.0,72,0,0,773,0,0,0,773,773,0,0,0,0,0.0,0
malware,d5dc986742796d6a9895f3d83a3331f4731518eef532ffaa46ab8076d8158db2.7z,data\raw\malware_bazaar\d5dc986742796d6a9895f3d83a3331f4731518eef532ffaa46ab8076d8158db2.7z,1887920,67,1,0,0,0,0.014925373134328358,archive,0,0,0,1,0,1,1,0,0,0,19,7.99990971770358,5.029598182252591,0.37072439510148736,0.0039090639433874315,256,0,0,0,0,0,0,0,0,0,0,0,0,0.0,0
malware,d5df428380aaa991d0803edfd25d2632b989f2dc8462106774098b911f41ea16.docx,data\raw\malware_bazaar\d5df428380aaa991d0803edfd25d2632b989f2dc8462106774098b911f41ea16.docx,672573,69,1,0,0,0,0.014492753623188406,document,0,0,0,0,0,1,1,0,0,0,26,7.987554798746199,7.814689024444762,0.36450318404098886,0.0038657513756871,256,0,0,0,0,0,0,0,0,0,0,0,0,0.0,0
malware,d62ad9be6a1793dee430e98c45cf92901ef9b3d01da9da18668659d48de74c04.rar,data\raw\malware_bazaar\d62ad9be6a1793dee430e98c45cf92901ef9b3d01da9da18668659d48de74c04.rar,2323893,68,1,0,0,0,0.014705882352941176,archive,0,0,0,1,0,1,1,0,0,0,34,7.999174379648497,5.308364648336088,0.3678207215220322,0.0038555992035777895,256,0,0,0,0,0,0,0,0,0,0,0,0,0.0,0
malware,d6639cd7dd18b5094f229a36cadda9aec9aa9cd269e59a0c40f05760107c62cb.bat,data\raw\malware_bazaar\d6639cd7dd18b5094f229a36cadda9aec9aa9cd269e59a0c40f05760107c62cb.bat,800,68,1,0,0,0,0.014705882352941176,script,0,1,0,0,0,0,0,0,0,0,0,5.186516952240229,5.186516952240229,0.9575,0.0,58,5,5,0,4,0,0,0,4,0,0,0,0,0.0,0
malware,d67e62bb3ebf9f27dfb8fbd20f88748bb898f5a70265b386a64cb92fafefe0d5.pdf,data\raw\malware_bazaar\d67e62bb3ebf9f27dfb8fbd20f88748bb898f5a70265b386a64cb92fafefe0d5.pdf,293217,68,1,0,0,0,0.014705882352941176,document,0,0,0,0,0,1,1,0,0,0,6,7.192238830494813,7.440715784010063,0.316543720179935,0.1846755133570018,256,0,0,2,0,0,0,2,2,0,0,0,0,0.0,0
malware,d6fb2c1db9addb338eae76290878ab6fb0701f139e415a3d2dffacdde4392489.rar,data\raw\malware_bazaar\d6fb2c1db9addb338eae76290878ab6fb0701f139e415a3d2dffacdde4392489.rar,2927,68,1,0,0,0,0.014705882352941176,archive,0,0,0,1,0,1,1,0,0,0,0,7.806624339504823,5.001310203736036,0.35565425350187907,0.040655961735565425,256,0,0,0,0,0,0,0,0,0,0,0,0,0.0,0
malware,d6fd0e658ec1560ce283754920373825805e7e57176f371e6bc8b9270055bab0.xlsx,data\raw\malware_bazaar\d6fd0e658ec1560ce283754920373825805e7e57176f371e6bc8b9270055bab0.xlsx,864768,69,1,0,0,0,0.014492753623188406,document,0,0,0,0,0,0,0,0,0,0,36,7.925448423030871,2.950610476247666,0.35768552952930727,0.03526379329484902,256,2,0,2,0,0,0,2,2,0,0,0,0,0.0,0
malware,d720c70eb7a545bc1681ec12edddfb94caa42768aa81faf594477b8bc1328e18.ps1,data\raw\malware_bazaar\d720c70eb7a545bc1681ec12edddfb94caa42768aa81faf594477b8bc1328e18.ps1,118,68,1,0,0,0,0.014705882352941176,script,0,1,0,0,0,0,0,0,0,0,0,4.708649450710215,4.708649450710215,1.0,0.0,35,0,0,0,2,0,0,0,2,0,0,0,0,0.0,0
malware,d75d839aee53a5afeaf7fdd8db7f8e2b828042c9ca058cd280f8a509e0776b46.pdf,data\raw\malware_bazaar\d75d839aee53a5afeaf7fdd8db7f8e2b828042c9ca058cd280f8a509e0776b46.pdf,40420,68,1,0,0,0,0.014705882352941176,document,0,0,0,0,0,1,1,0,0,0,1,5.623746247124207,5.074419828264752,0.3519792182088075,0.04581890153389411,256,4,0,1,0,0,0,1,1,0,0,0,0,0.0,0
malware,d77bc0bb3018b6cc834c1af1eefaa1c0b906314308d6ab88588f8d41eb62090c.cmd,data\raw\malware_bazaar\d77bc0bb3018b6cc834c1af1eefaa1c0b906314308d6ab88588f8d41eb62090c.cmd,61,68,1,0,0,0,0.014705882352941176,script,0,1,0,0,0,0,0,0,0,0,0,4.844431394833533,4.844431394833533,1.0,0.0,33,0,1,0,1,0,0,0,1,0,0,0,0,0.0,0
malware,d780f1e6c3778505ef4f160043014e1aa9ecf994c9cfc78d87a3e588b08fbb32.doc,data\raw\malware_bazaar\d780f1e6c3778505ef4f160043014e1aa9ecf994c9cfc78d87a3e588b08fbb32.doc,252007,68,1,0,0,0,0.014705882352941176,document,0,0,0,0,0,0,0,0,0,0,0,2.2815926275288088,6.122538021070077,0.27007186308316833,0.0,100,0,0,2,0,0,0,2,2,0,0,0,0,0.0,0
malware,d7c45659ac5f9756b918654b96d16a2bd46e628f3a0768ec9bb69f205daac3f2.cmd,data\raw\malware_bazaar\d7c45659ac5f9756b918654b96d16a2bd46e628f3a0768ec9bb69f205daac3f2.cmd,3607,68,1,0,0,0,0.014705882352941176,script,0,1,0,0,0,0,0,0,0,0,0,5.896630544621459,5.896630544621459,0.9994455225949542,0.0,94,0,0,14,1,0,0,14,15,0,0,0,0,0.0,0
malware,d871b4706e6410c4170a03a86629822e046d81e15f6a50d905059d7f2383f1de.7z,data\raw\malware_bazaar\d871b4706e6410c4170a03a86629822e046d81e15f6a50d905059d7f2383f1de.7z,17925859,67,1,0,0,0,0.014925373134328358,archive,0,0,0,1,0,1,1,0,0,0,287,7.99998906103859,5.159774413893479,0.37119487551475217,0.003879535145289272,256,0,0,0,2,0,0,0,2,0,0,0,0,0.0,0
malware,d8e18668b2df7bd01b48b0afc72818a7a42808714b09b0e3dc2b4713435dca5f.ps1,data\raw\malware_bazaar\d8e18668b2df7bd01b48b0afc72818a7a42808714b09b0e3dc2b4713435dca5f.ps1,1714,68,1,0,0,0,0.014705882352941176,script,0,1,0,0,0,0,0,0,0,0,0,4.881350862400519,4.881350862400519,0.9247374562427071,0.0,77,2,0,0,0,0,0,1,1,0,0,0,0,0.0,0
malware,d8e869aabde78e5fc214c93fb73ccf6b4853613906595b032a971162e28e6474.vbs,data\raw\malware_bazaar\d8e869aabde78e5fc214c93fb73ccf6b4853613906595b032a971162e28e6474.vbs,3715611,68,1,0,0,0,0.014705882352941176,script,0,1,0,0,0,0,0,0,0,0,824,6.010112346907735,6.116896127334054,0.9993303927671654,0.0,88,0,0,373,0,0,0,373,373,0,0,0,0,0.0,0
malware,d8ed131b01ea2d2ba3f2cfdd352707e9de8d609f452726b15033e409a4808c8e.bat,data\raw\malware_bazaar\d8ed131b01ea2d2ba3f2cfdd352707e9de8d609f452726b15033e409a4808c8e.bat,927199,68,1,0,0,0,0.014705882352941176,script,0,1,0,0,0,0,0,0,0,0,83,5.875766813105213,5.703138614377614,0.9741889281588958,0.0,93,0,0,11790,6,0,0,11790,11796,0,0,0,0,0.0,0
malware,d925bd9a7e6d71e02f34624223878a090efd5f9ae2c55e80efb14e53cf3c4c7e.apk,data\raw\malware_bazaar\d925bd9a7e6d71e02f34624223878a090efd5f9ae2c55e80efb14e53cf3c4c7e.apk,11178677,68,1,0,0,0,0.014705882352941176,archive,1,0,0,1,0,1,1,0,0,0,1401,7.901978213630055,3.830321460475332,0.3620591238122365,0.03431479413887708,256,31,0,3,2,0,0,3,5,0,0,0,0,0.0,0
malware,d944abab1481457eacf9f1d08f835980c2146ec91513e2eb94714c6abaec5f34.rtf,data\raw\malware_bazaar\d944abab1481457eacf9f1d08f835980c2146ec91513e2eb94714c6abaec5f34.rtf,459896,68,1,0,0,0,0.014705882352941176,document,0,0,0,0,0,0,0,0,0,0,0,4.722490980761596,4.867203458449667,0.9897194148242211,0.0,80,1,0,1097,0,0,0,1097,1097,0,0,0,0,0.0,0
malware,d947e4cc8c8c5d7cc6dbb1e38cea7e50133e3032bd943bc1ff4eefd11f5f1a8d.ps1,data\raw\malware_bazaar\d947e4cc8c8c5d7cc6dbb1e38cea7e50133e3032bd943bc1ff4eefd11f5f1a8d.ps1,2536,68,1,0,0,0,0.014705882352941176,script,0,1,0,0,0,0,0,0,0,0,0,5.430518451396684,5.430518451396684,1.0,0.0,79,4,1,0,10,0,0,0,10,0,0,0,0,0.0,0
malware,d9b0d1d8ad38025c315af041f2019425025868e65e88493f4a9fb745d8418863.7z,data\raw\malware_bazaar\d9b0d1d8ad38025c315af041f2019425025868e65e88493f4a9fb745d8418863.7z,44540960,67,1,0,0,0,0.014925373134328358,archive,0,0,0,1,0,1,1,0,0,0,726,7.9998539443442045,5.092098182252591,0.3702989338352833,0.00383119268197183,256,0,0,0,3,0,0,0,3,0,0,0,0,0.0,0
malware,d9bf68b9a6a6506274060f801cba5d54a845f9407c1051333e1dd3c6e25dafe1.html,data\raw\malware_bazaar\d9bf68b9a6a6506274060f801cba5d54a845f9407c1051333e1dd3c6e25dafe1.html,154943,69,0,0,0,0,0.014492753623188406,unknown,0,0,0,0,1,0,0,0,0,0,0,4.895170789036747,5.066882233909194,0.9871372052948504,0.0,94,0,0,0,0,1,3,16,20,0,0,0,0,0.0,0
malware,da195e43d62a6e527e4625b53ec54df68c5209ac8fa6a6acb06a8b99a7f48ea1.xls,data\raw\malware_bazaar\da195e43d62a6e527e4625b53ec54df68c5209ac8fa6a6acb06a8b99a7f48ea1.xls,920576,68,1,0,0,0,0.014705882352941176,document,0,0,0,0,0,0,0,0,0,0,29,7.9161670240961675,1.4508272698983766,0.35864176341768633,0.0373700813403782,256,2,0,1,0,0,0,1,1,0,0,0,0,0.0,0
malware,da29455a64858fda773319c32c0a6cd40edbe8042ed005aa2befb8a4f0fb0522.dll,data\raw\malware_bazaar\da29455a64858fda773319c32c0a6cd40edbe8042ed005aa2befb8a4f0fb0522.dll,1729024,68,1,0,0,0,0.014705882352941176,executable,1,0,0,0,0,1,1,0,0,0,22,6.640511714480823,4.792416861920509,0.332504349274504,0.17187095147320106,256,0,9,2,0,0,0,2,2,0,0,0,0,0.0,0
malware,da50eb6030b8760f13c2e1fbd9d325b15f06e5c6f015b38c2c2ffde870b7ac0c.lnk,data\raw\malware_bazaar\da50eb6030b8760f13c2e1fbd9d325b15f06e5c6f015b38c2c2ffde870b7ac0c.lnk,2595,68,0,0,0,0,0.014705882352941176,unknown,0,0,0,0,1,0,0,0,0,0,0,4.089865032472196,4.089865032472196,0.9144508670520232,0.05857418111753372,104,0,0,1,2,0,0,1,3,0,0,0,0,0.0,0
malware,dac6dc63816b4c79f0f3544c01c635fea731bfa5d12bd1d143409a3b5968e28b.lnk,data\raw\malware_bazaar\dac6dc63816b4c79f0f3544c01c635fea731bfa5d12bd1d143409a3b5968e28b.lnk,200491,68,0,0,0,0,0.014705882352941176,unknown,0,0,0,0,1,0,0,0,0,0,3,7.988250853880235,4.797880308430484,0.3719468704330868,0.013641510092722367,256,0,0,0,2,0,0,0,2,0,0,0,0,0.0,0
malware,dadf878d71926beebc94c50a6a93f1af7ec1650da318381234d308b2f76f68c1.apk,data\raw\malware_bazaar\dadf878d71926beebc94c50a6a93f1af7ec1650da318381234d308b2f76f68c1.apk,359683,68,1,0,0,0,0.014705882352941176,archive,1,0,0,1,0,1,1,0,0,0,13,7.983264599314868,7.901243668811745,0.36012544379356265,0.011813179939001843,256,0,0,0,0,0,0,0,0,0,0,0,0,0.0,0
malware,dae0629751f92261c4f365b4fc7fddbb86635adb89a6db7726cf7b6f62f991dd.rtf,data\raw\malware_bazaar\dae0629751f92261c4f365b4fc7fddbb86635adb89a6db7726cf7b6f62f991dd.rtf,190022,68,1,0,0,0,0.014705882352941176,document,0,0,0,0,0,0,0,0,0,0,0,1.9584937355938465,5.831018989515567,0.35816905410952415,0.0,99,0,0,2,0,0,0,2,2,0,0,0,0,0.0,0
malware,db2c9949fae4e779f1d988d38b67ed9b3612dbf11c1159c791093aeef9cdab2c.apk,data\raw\malware_bazaar\db2c9949fae4e779f1d988d38b67ed9b3612dbf11c1159c791093aeef9cdab2c.apk,10029886,68,1,0,0,0,0.014705882352941176,archive,1,0,0,1,0,1,0,1,0,0,316,7.995981511121611,4.417359655531131,0.3676862329242825,0.00801145695973015,256,1,0,35,1,0,0,35,36,0,0,0,0,0.0,0
malware,db5323a9f6d3439ba21dc3142b34acf4eef2da8f34ca72a29f265d1b71c5627d.dll,data\raw\malware_bazaar\db5323a9f6d3439ba21dc3142b34acf4eef2da8f34ca72a29f265d1b71c5627d.dll,6145024,68,1,0,0,0,0.014705882352941176,executable,1,0,0,0,0,1,1,0,0,0,83,7.20391321464073,2.748075375143628,0.297899568821863,0.1830230443363606,256,0,0,0,0,0,0,0,0,0,0,0,0,0.0,0
malware,db9f371944f479149923ae63235942953a2b6388a4ab2c29d7bf7dd144c9a71c.doc,data\raw\malware_bazaar\db9f371944f479149923ae63235942953a2b6388a4ab2c29d7bf7dd144c9a71c.doc,30208,68,1,0,0,0,0.014705882352941176,document,0,0,0,0,0,0,0,0,0,0,5,3.478757233387209,0.8903510913320982,0.16687632415254236,0.6172206038135594,256,3,0,0,0,0,0,0,0,0,0,0,0,0.0,0
malware,dc23b3336cba53708db89ce82d09a3efc0b7857a6acad17689091aaa18da4f31.vbs,data\raw\malware_bazaar\dc23b3336cba53708db89ce82d09a3efc0b7857a6acad17689091aaa18da4f31.vbs,988439,68,1,0,0,0,0.014705882352941176,script,0,1,0,0,0,0,0,0,0,0,65,6.676344624009692,4.8814492730983305,0.7142969874721657,0.0,152,0,0,0,0,0,0,0,0,0,0,0,0,0.0,0
malware,dc65419ba5d83b980d7018198a14209fa2f5ebf6f99d47bfe9f586852087befe.xlsx,data\raw\malware_bazaar\dc65419ba5d83b980d7018198a14209fa2f5ebf6f99d47bfe9f586852087befe.xlsx,475136,69,1,0,0,0,0.014492753623188406,document,0,0,0,0,0,0,0,0,0,0,18,7.05346226129331,3.6274363170829904,0.2757799872036638,0.06381330818965517,256,0,0,1,0,0,0,1,1,0,0,0,0,0.0,0
malware,dc6967bfbe7e6779b8ea3790774b66e8ef7b6e63e6c00616364593ad81bec67b.jar,data\raw\malware_bazaar\dc6967bfbe7e6779b8ea3790774b66e8ef7b6e63e6c00616364593ad81bec67b.jar,416512,68,1,0,0,0,0.014705882352941176,archive,1,0,0,1,0,1,1,0,0,0,18,7.999115484455944,7.92893906014751,0.37148749615857407,0.005089889366933006,256,0,0,0,0,0,0,0,0,0,0,0,0,0.0,0
malware,dca72b265088c1129a616d29b99940f91c5ee33848aecf10ade8a9716c76ec28.cmd,data\raw\malware_bazaar\dca72b265088c1129a616d29b99940f91c5ee33848aecf10ade8a9716c76ec28.cmd,74206,68,1,0,0,0,0.014705882352941176,script,0,1,0,0,0,0,0,0,0,0,2,5.43526597664822,4.554231625887318,0.42578767215589036,0.0,138,0,0,5,0,0,0,5,5,0,0,0,0,0.0,0
malware,dcd7fbcb14996fc167374b069ca022601905107891c162e4acce10eca2bad73d.cmd,data\raw\malware_bazaar\dcd7fbcb14996fc167374b069ca022601905107891c162e4acce10eca2bad73d.cmd,1363419,68,1,0,0,0,0.014705882352941176,script,0,1,0,0,0,0,0,0,0,0,12,7.343969267583983,5.592425723206995,0.3001014361689253,0.11299681169178367,256,0,0,11,2,0,0,11,13,0,0,0,0,0.0,0
malware,dcf1f0e70afb3896758d719cd3b122522c2147e21e536e9531ca337c7137cd5d.doc,data\raw\malware_bazaar\dcf1f0e70afb3896758d719cd3b122522c2147e21e536e9531ca337c7137cd5d.doc,553714,68,1,0,0,0,0.014705882352941176,document,0,0,0,0,0,1,0,1,0,0,34,7.993269277026637,7.480611961142027,0.3668735123186338,0.010010583080796224,256,0,0,0,0,0,0,0,0,0,0,0,0,0.0,0
malware,dd04bef1fb8fc82681dd90e39b6593c6a7d7afe8a6ce7739bc6f2bbefd763bd9.jar,data\raw\malware_bazaar\dd04bef1fb8fc82681dd90e39b6593c6a7d7afe8a6ce7739bc6f2bbefd763bd9.jar,5641863,68,1,0,0,0,0.014705882352941176,archive,1,0,0,1,0,1,1,0,0,0,655,7.9984929011651635,7.943326159213505,0.37203756985945957,0.0064212831825232195,256,0,0,10,2,0,0,10,12,0,0,0,0,0.0,0
malware,dd057578e314f94674eeb319b2b16cfab56ab6103b1332dc5459694d74226045.chm,data\raw\malware_bazaar\dd057578e314f94674eeb319b2b16cfab56ab6103b1332dc5459694d74226045.chm,412628,68,0,0,0,0,0.014705882352941176,unknown,0,0,0,0,1,0,0,0,0,0,8,7.96499222382751,1.8538446261544028,0.3604699632598854,0.022778386343146852,256,0,0,0,0,0,0,0,0,0,0,0,0,0.0,0
malware,dd178cf3a3d21b70053533f302572e4699e98a45b029a0662d253d5cb13d1135.dll,data\raw\malware_bazaar\dd178cf3a3d21b70053533f302572e4699e98a45b029a0662d253d5cb13d1135.dll,3072,68,1,0,0,0,0.014705882352941176,executable,1,0,0,0,0,1,1,0,0,0,0,2.7167416746072623,2.7167416746072623,0.22526041666666666,0.6998697916666666,138,0,0,0,0,0,0,0,0,0,0,0,0,0.0,0
malware,dd31bac9e9f91d648a714aaaea296770dc46d7fa5c7b3a254852f290bb7baf37.chm,data\raw\malware_bazaar\dd31bac9e9f91d648a714aaaea296770dc46d7fa5c7b3a254852f290bb7baf37.chm,3841828,68,0,0,0,0,0.014705882352941176,unknown,0,0,0,0,1,0,0,0,0,0,60,7.998550893914632,2.090190084288177,0.36973831207435626,0.0057105627841746165,256,0,0,0,0,0,0,0,0,0,0,0,0,0.0,0
malware,dd490f5e80460d13b9424541da5fbd3aaf0a2c458e98bedeea03c6d99d036780.vbs,data\raw\malware_bazaar\dd490f5e80460d13b9424541da5fbd3aaf0a2c458e98bedeea03c6d99d036780.vbs,2910977,68,1,0,0,0,0.014705882352941176,script,0,1,0,0,0,0,0,0,0,0,0,3.760973085810027,4.949505680024277,0.9980556356164958,0.0,76,0,0,2801,0,0,0,2801,2801,0,0,0,0,0.0,0
malware,dd56b35beaf3c0318f4321dadf32f9912ae487ba97f3ed5d3207d6e2aa4c9dd4.xls,data\raw\malware_bazaar\dd56b35beaf3c0318f4321dadf32f9912ae487ba97f3ed5d3207d6e2aa4c9dd4.xls,386560,68,1,0,0,0,0.014705882352941176,document,0,0,0,0,0,0,0,0,0,0,50,7.917860854064411,1.0827617231122042,0.36278197433774834,0.036263451986754965,256,0,0,0,0,0,0,0,0,0,0,0,0,0.0,0
malware,dd60ef07be5db65ae49c549d50f77b5487ea9ad9284d4707fdc16f3a2a767b37.hta,data\raw\malware_bazaar\dd60ef07be5db65ae49c549d50f77b5487ea9ad9284d4707fdc16f3a2a767b37.hta,11932,68,0,0,0,0,0.014705882352941176,unknown,0,0,0,0,1,0,0,0,0,0,0,5.5435106159637595,4.987490004251092,0.9874287629902783,0.0,92,2,0,0,0,0,0,0,0,0,0,0,0,0.0,0
malware,ddda9c07172ebab38145233dbb84aca3848e85a75bb9a22ffb016f2c8105e3cc.iso,data\raw\malware_bazaar\ddda9c07172ebab38145233dbb84aca3848e85a75bb9a22ffb016f2c8105e3cc.iso,378880,68,0,0,0,0,0.014705882352941176,unknown,0,0,0,0,1,0,0,0,0,0,11,4.951664321700352,0.0,0.8385794974662162,0.16103251689189188,106,0,0,0,0,0,0,0,0,0,0,0,0,0.0,0
malware,dde99924400b24fb15cec5380034c25b55a262dc769b4cbf280f432c30eaf5ee.js,data\raw\malware_bazaar\dde99924400b24fb15cec5380034c25b55a262dc769b4cbf280f432c30eaf5ee.js,77371,67,1,0,0,0,0.014925373134328358,script,0,1,0,0,0,0,0,0,0,0,1,4.118145627051084,4.600196299583247,0.9631644931563506,0.0,95,1,1,3,1,0,0,3,4,0,0,0,0,0.0,0
malware,de9efd031aef9caed59021a2c79356d875648426a921151e18db33ce75aeacff.php,data\raw\malware_bazaar\de9efd031aef9caed59021a2c79356d875648426a921151e18db33ce75aeacff.php,1361,68,1,0,0,0,0.014705882352941176,script,0,1,0,0,0,0,0,0,0,0,0,5.215545384244885,5.215545384244885,0.991182953710507,0.0,74,0,0,0,0,0,0,1,9,0,0,0,0,0.0,0
malware,dea2d24eee1c12a4919e7b90e21711775b697b9b418347195d5dcb8dac19857a.iso,data\raw\malware_bazaar\dea2d24eee1c12a4919e7b90e21711775b697b9b418347195d5dcb8dac19857a.iso,19017728,68,0,0,0,0,0.014705882352941176,unknown,0,0,0,0,1,0,0,0,0,0,292,7.992213620001444,0.0,0.3695392004765238,0.010825530788956494,256,3,2,0,3,0,0,0,3,0,0,0,0,0.0,0
malware,deba3a2b25f36e6296ef3bd1ae4632dd1e7dab22f680ce4d1e87e03b59d62247.xls,data\raw\malware_bazaar\deba3a2b25f36e6296ef3bd1ae4632dd1e7dab22f680ce4d1e87e03b59d62247.xls,454144,68,1,0,0,0,0.014705882352941176,document,0,0,0,0,0,0,0,0,0,0,20,7.939731371075098,1.111185903704429,0.35996291925028184,0.030320779312288614,256,0,0,0,0,0,0,0,0,0,0,0,0,0.0,0
malware,dec4cc0652d9d432baa8ac74b7d5b8d399fae7c4b955a8426a0d70715511de78.js,data\raw\malware_bazaar\dec4cc0652d9d432baa8ac74b7d5b8d399fae7c4b955a8426a0d70715511de78.js,1038532,67,1,0,0,0,0.014925373134328358,script,0,1,0,0,0,0,0,0,0,0,0,5.530732508797864,5.508797643120693,0.4647560209988715,0.0,118,0,0,3,0,0,0,3,3,0,0,0,0,0.0,0
malware,ded3b318c4b2ed761e6bcb307168ae49dcbfbe9f32a136d6babc131a0f986a2c.xlsm,data\raw\malware_bazaar\ded3b318c4b2ed761e6bcb307168ae49dcbfbe9f32a136d6babc131a0f986a2c.xlsm,574355,69,1,0,0,0,0.014492753623188406,document,0,0,1,0,0,1,1,0,0,0,90,7.9816598904519145,6.223187360393092,0.3619764779622359,0.014116704825412855,256,0,0,0,0,0,0,0,0,0,0,0,0,0.0,0
malware,df50794d348b4b83dcabe05fe5f61948ab01f1ce2ecef965bcc384b7b188ebd3.xls,data\raw\malware_bazaar\df50794d348b4b83dcabe05fe5f61948ab01f1ce2ecef965bcc384b7b188ebd3.xls,875008,68,1,0,0,0,0.014705882352941176,document,0,0,0,0,0,0,0,0,0,0,35,7.905395979005017,1.4349645843172738,0.3552893230690462,0.04041563048566413,256,2,0,2,1,0,0,2,3,0,0,0,0,0.0,0
malware,dff8f6d9784701f64c81cecfae1886b4751c1d87b945aff26d4422982b30c476.ps1,data\raw\malware_bazaar\dff8f6d9784701f64c81cecfae1886b4751c1d87b945aff26d4422982b30c476.ps1,11530,68,1,0,0,0,0.014705882352941176,script,0,1,0,0,0,0,0,0,0,0,0,3.5922739773644548,3.432266792933631,0.4868169991326973,0.48516912402428447,96,0,0,0,0,0,0,0,0,0,0,0,0,0.0,0
malware,e009b48c53490e15fe7fffdab1dd7ecee37c55fb6fe47415e34743a695c53306.docx,data\raw\malware_bazaar\e009b48c53490e15fe7fffdab1dd7ecee37c55fb6fe47415e34743a695c53306.docx,754279,69,1,0,0,0,0.014492753623188406,document,0,0,0,0,0,1,1,0,0,0,26,7.98947473394272,7.818060144843969,0.36395286094402735,0.003559690777550482,256,0,0,0,0,0,0,0,0,0,0,0,0,0.0,0
malware,e014767587f655837a1832a1ec6479550840301ea0229a7ae5424b61b405e45f.doc,data\raw\malware_bazaar\e014767587f655837a1832a1ec6479550840301ea0229a7ae5424b61b405e45f.doc,21146,68,1,0,0,0,0.014705882352941176,document,0,0,0,0,0,1,0,1,0,0,13,7.950046480103769,7.414687209121818,0.37349853400170246,0.0227466187458621,256,0,0,0,0,0,0,0,0,0,0,0,0,0.0,0
malware,e02012ca164fa43c575d86a3e0855328a785b020ef5a268548b1cbb3224f7e86.chm,data\raw\malware_bazaar\e02012ca164fa43c575d86a3e0855328a785b020ef5a268548b1cbb3224f7e86.chm,245579,68,0,0,0,0,0.014705882352941176,unknown,0,0,0,0,1,0,0,0,0,0,7,7.928441030346563,1.8896453841337995,0.3560972232967803,0.035275817557690194,256,0,0,0,0,0,0,0,0,0,0,0,0,0.0,0
malware,e02d7ac10ebc6e8c58c274b69ff019db870d5fc6a57666fa7998d36d3bf0dd7b.docx,data\raw\malware_bazaar\e02d7ac10ebc6e8c58c274b69ff019db870d5fc6a57666fa7998d36d3bf0dd7b.docx,330428,69,1,0,0,0,0.014492753623188406,document,0,0,0,0,0,1,1,0,0,0,20,7.984218076672708,7.812940601898017,0.36572263851731696,0.005865120389313254,256,0,0,0,0,0,0,0,0,0,0,0,0,0.0,0
malware,e044238a4bf845880b811ad3c5d5b8d67d82a97fc1c37b76c4fe29f76fda2ff5.doc,data\raw\malware_bazaar\e044238a4bf845880b811ad3c5d5b8d67d82a97fc1c37b76c4fe29f76fda2ff5.doc,104334,68,1,0,0,0,0.014705882352941176,document,0,0,0,0,0,1,0,1,0,0,17,7.91042938669774,7.20085138206056,0.3430617056760021,0.01149193934863036,256,0,0,0,0,0,0,0,0,0,0,0,0,0.0,0
malware,e084a327fde5523b1803040fc1ea40be84bc8434913d37d01083890c351dec96.apk,data\raw\malware_bazaar\e084a327fde5523b1803040fc1ea40be84bc8434913d37d01083890c351dec96.apk,2386589,68,1,0,0,0,0.014705882352941176,archive,1,0,0,1,0,1,1,0,0,0,366,7.722402195529007,5.644151338541053,0.3495662638183617,0.07071096028683616,256,0,0,181,2,0,1,181,184,0,0,0,0,0.0,0
malware,e0c1db5358d4f0bc5cdeaa3def11e7970914e376d10320fd8f4f175d0b7e4a3c.chm,data\raw\malware_bazaar\e0c1db5358d4f0bc5cdeaa3def11e7970914e376d10320fd8f4f175d0b7e4a3c.chm,252854,68,0,0,0,0,0.014705882352941176,unknown,0,0,0,0,1,0,0,0,0,0,6,7.925795956006398,1.8995829071204469,0.362537274474598,0.037013454404518024,256,0,0,0,0,0,0,0,0,0,0,0,0,0.0,0
malware,e0cbbb0d0b53509ccae1da6ea6f1b084c20d72e8723b98bb2aa5cced01f7b414.lnk,data\raw\malware_bazaar\e0cbbb0d0b53509ccae1da6ea6f1b084c20d72e8723b98bb2aa5cced01f7b414.lnk,1032,68,0,0,0,0,0.014705882352941176,unknown,0,0,0,0,1,0,0,0,0,0,0,1.4869885653797277,1.4869885653797277,0.13275193798449614,0.8381782945736435,51,0,0,0,1,0,0,0,1,0,0,0,0,0.0,0
malware,e17faa631422da5dcae6d99e0bebee6925b8c091188ba95a0dec5e7ffa77793b.bat,data\raw\malware_bazaar\e17faa631422da5dcae6d99e0bebee6925b8c091188ba95a0dec5e7ffa77793b.bat,549,68,1,0,0,0,0.014705882352941176,script,0,1,0,0,0,0,0,0,0,0,0,5.901488715571575,5.901488715571575,0.7413479052823315,0.0,94,1,0,0,2,0,0,0,2,0,0,0,0,0.0,0
malware,e193a354d9f74a6f7aed9de2cd5f55a1a88008bdf7fc924358599c50beddafb0.docm,data\raw\malware_bazaar\e193a354d9f74a6f7aed9de2cd5f55a1a88008bdf7fc924358599c50beddafb0.docm,74768,69,1,0,0,0,0.014492753623188406,document,0,0,1,0,0,1,1,0,0,0,18,7.723401630461599,6.15988643316726,0.34940081318210997,0.055973143590841004,256,0,0,0,0,0,0,0,0,0,0,0,0,0.0,0
malware,e1fe9bbaaf7f480d6e8404c2f87d76d61abeace6120ee39b327af8188d1076a8.chm,data\raw\malware_bazaar\e1fe9bbaaf7f480d6e8404c2f87d76d61abeace6120ee39b327af8188d1076a8.chm,174792,68,0,0,0,0,0.014705882352941176,unknown,0,0,0,0,1,0,0,0,0,0,4,7.88025014419749,1.9438569054610055,0.3536603505881276,0.049275710558835645,256,0,0,0,0,0,0,0,0,0,0,0,0,0.0,0
malware,e2364865eb53943382341b5a7328c7a84f6753e5b4ed43b9562b9ec59e64ef23.jar,data\raw\malware_bazaar\e2364865eb53943382341b5a7328c7a84f6753e5b4ed43b9562b9ec59e64ef23.jar,5662557,68,1,0,0,0,0.014705882352941176,archive,1,0,0,1,0,1,1,0,0,0,656,7.998512222227793,7.924959961279271,0.3719973149939153,0.006402761155428546,256,0,0,10,2,0,0,10,12,0,0,0,0,0.0,0
malware,e24a6177f71ee4d453a874dc2ab73168b7e432257183df54a146d9a8ea995c6b.7z,data\raw\malware_bazaar\e24a6177f71ee4d453a874dc2ab73168b7e432257183df54a146d9a8ea995c6b.7z,8073379,67,1,0,0,0,0.014925373134328358,archive,0,0,0,1,0,1,1,0,0,0,128,7.999978603617881,5.042141110799899,0.37096326086016773,0.0039173188822177185,256,0,0,0,1,0,0,0,1,0,0,0,0,0.0,0
malware,e287f22b47a0bace0b82261593c79e1653666e92ac563c4d7bea8ea9da8d9bbe.wsf,data\raw\malware_bazaar\e287f22b47a0bace0b82261593c79e1653666e92ac563c4d7bea8ea9da8d9bbe.wsf,334510,68,0,0,0,0,0.014705882352941176,unknown,0,0,0,0,1,0,0,0,0,0,70,5.841032544557644,6.00389542591755,0.9983498251173358,0.0,86,0,0,22,0,0,0,22,22,0,0,0,0,0.0,0
malware,e295cf56fdf900cca1a9053e4ef730b0aa5a7d687a1f0448182351f135b1d521.iso,data\raw\malware_bazaar\e295cf56fdf900cca1a9053e4ef730b0aa5a7d687a1f0448182351f135b1d521.iso,1456128,68,0,0,0,0,0.014705882352941176,unknown,0,0,0,0,1,0,0,0,0,0,21,5.606988050491681,0.0,0.21872252988748242,0.4200901294391702,256,0,1,4,0,0,0,4,4,0,0,0,0,0.0,0
malware,e2b75baeb7ed21fb8f27984f941286770d1c3c0b60fce8d7fa5b167bd24ba6dc.pdf,data\raw\malware_bazaar\e2b75baeb7ed21fb8f27984f941286770d1c3c0b60fce8d7fa5b167bd24ba6dc.pdf,158441,68,1,0,0,0,0.014705882352941176,document,0,0,0,0,0,1,1,0,0,0,5,7.848232792670293,5.465913823918053,0.45878276456220296,0.005251166049191813,256,13,0,22,0,0,0,22,22,0,0,0,0,0.0,0
malware,e2bb6736939e4d0a3ab8cc0f720c52139707aabf6f050ffb07d9125023c750ea.doc,data\raw\malware_bazaar\e2bb6736939e4d0a3ab8cc0f720c52139707aabf6f050ffb07d9125023c750ea.doc,57164,68,1,0,0,0,0.014705882352941176,document,0,0,0,0,0,1,0,1,0,0,22,7.968233363518081,7.509898102532046,0.3675739976208803,0.015446784689664823,256,0,0,0,0,0,0,0,0,0,0,0,0,0.0,0
malware,e2cb2273a55009c6e7a42992f11a20a20f8c4efb645fc00f3bf5d05a1b0eceda.cmd,data\raw\malware_bazaar\e2cb2273a55009c6e7a42992f11a20a20f8c4efb645fc00f3bf5d05a1b0eceda.cmd,494,68,1,0,0,0,0.014705882352941176,script,0,1,0,0,0,0,0,0,0,0,0,5.232155051717342,5.232155051717342,0.9635627530364372,0.0,68,1,0,0,3,0,0,0,3,0,0,0,0,0.0,0
malware,e2dee076ea4f888bb3fe734354a6fa286ac02fe6b03e4e0a60c8d97aed7a3f38.docm,data\raw\malware_bazaar\e2dee076ea4f888bb3fe734354a6fa286ac02fe6b03e4e0a60c8d97aed7a3f38.docm,22597,69,1,0,0,0,0.014492753623188406,document,0,0,1,0,0,1,1,0,0,0,20,7.3847948442703,6.194372832954746,0.3371686507058459,0.14869230428817984,256,0,0,0,0,0,0,0,0,0,0,0,0,0.0,0
malware,e2ea0d3817d88d2b445e9266979fbf24cb15e5f517f41e663eee15fa5f288c0a.ps1,data\raw\malware_bazaar\e2ea0d3817d88d2b445e9266979fbf24cb15e5f517f41e663eee15fa5f288c0a.ps1,554343,68,1,0,0,0,0.014705882352941176,script,0,1,0,0,0,0,0,0,0,0,151,6.017784618340147,5.907398695688513,0.9998015668999157,0.0,85,1,0,2,0,0,0,2,2,0,0,0,0,0.0,0
malware,e31942d9357a7cefd6f186c8b7228c72547495a7ec1463c3dd52f8c515d2f93a.xlsx,data\raw\malware_bazaar\e31942d9357a7cefd6f186c8b7228c72547495a7ec1463c3dd52f8c515d2f93a.xlsx,716309,69,1,0,0,0,0.014492753623188406,document,0,0,0,0,0,1,0,1,0,0,20,7.998191867141105,7.904256318206477,0.37452551901483855,0.003344925164977684,256,0,0,0,0,0,0,0,0,0,0,0,0,0.0,0
malware,e38c39e302de158d22e8d0ba9cd6cc9368817bc611418a5777d00b90a9341404.docm,data\raw\malware_bazaar\e38c39e302de158d22e8d0ba9cd6cc9368817bc611418a5777d00b90a9341404.docm,4779017,69,1,0,0,0,0.014492753623188406,document,0,0,1,0,0,1,1,0,0,0,80,7.997045288606948,7.882499113240751,0.36693905880644495,0.0037036905288263255,256,0,0,0,0,0,0,0,0,0,0,0,0,0.0,0
malware,e3afe126d1dd9811a544e44a0d381a493d667bd8ec253105bd2a9c66e6e7f54b.xlsx,data\raw\malware_bazaar\e3afe126d1dd9811a544e44a0d381a493d667bd8ec253105bd2a9c66e6e7f54b.xlsx,161237,69,1,0,0,0,0.014492753623188406,document,0,0,0,0,0,1,1,0,0,0,23,7.947879939035855,6.169051094730348,0.3679862562563183,0.023195668488002134,256,0,0,0,0,0,0,0,0,0,0,0,0,0.0,0
malware,e3fb920aa70c7ad5c67b4d9b8e60954f5e0c1a07c0eba09505816b966f4d1a3c.php,data\raw\malware_bazaar\e3fb920aa70c7ad5c67b4d9b8e60954f5e0c1a07c0eba09505816b966f4d1a3c.php,1311,68,1,0,0,0,0.014705882352941176,script,0,1,0,0,0,0,0,0,0,0,0,5.50252354658423,5.50252354658423,0.9870327993897788,0.0,77,0,0,0,7,6,0,0,17,0,0,0,0,0.0,0
malware,e4475526196a357d12a6b152279d653b2530eee23fec14202292aaba565900eb.xlsm,data\raw\malware_bazaar\e4475526196a357d12a6b152279d653b2530eee23fec14202292aaba565900eb.xlsm,142244,69,1,0,0,0,0.014492753623188406,document,0,0,1,0,0,1,1,0,0,0,19,7.963558722663198,6.191948350464563,0.37146030764039256,0.021013188605494785,256,0,0,0,0,0,0,0,0,0,0,0,0,0.0,0
malware,e4f14c2476e892021df5c87e6291ef9ba1e6763ba90bb95000d347815270a2fd.docm,data\raw\malware_bazaar\e4f14c2476e892021df5c87e6291ef9ba1e6763ba90bb95000d347815270a2fd.docm,452622,69,1,0,0,0,0.014492753623188406,document,0,0,1,0,0,1,1,0,0,0,16,7.995897335351791,6.227494009880308,0.36913804454931487,0.009078215376185868,256,0,0,0,0,0,0,0,0,0,0,0,0,0.0,0
malware,e4fc0deafd517c8591c4ed3166cc31aa9bfb99bd29ba64d7def6c82ce79f37a7.vbs,data\raw\malware_bazaar\e4fc0deafd517c8591c4ed3166cc31aa9bfb99bd29ba64d7def6c82ce79f37a7.vbs,894998,68,1,0,0,0,0.014705882352941176,script,0,1,0,0,0,0,0,0,0,0,0,5.440610345995562,5.444084039041761,0.3254889955061352,0.0,113,0,0,4,0,0,0,4,4,0,0,0,0,0.0,0
malware,e50435a53a917f108df672a16878c4a2c326c35158c29e1a575a40bdf21f7c8a.iso,data\raw\malware_bazaar\e50435a53a917f108df672a16878c4a2c326c35158c29e1a575a40bdf21f7c8a.iso,886784,68,0,0,0,0,0.014705882352941176,unknown,0,0,0,0,1,0,0,0,0,0,2,0.2874268845236412,0.0,0.011850687427829099,0.9791234393042725,256,0,5,0,0,0,0,0,0,0,0,0,0,0.0,0
malware,e5746a1063433e5655e543389023468d05dc4e713c62c4895bd8983172c6ef6a.iso,data\raw\malware_bazaar\e5746a1063433e5655e543389023468d05dc4e713c62c4895bd8983172c6ef6a.iso,1126400,68,0,0,0,0,0.014705882352941176,unknown,0,0,0,0,1,0,0,0,0,0,6,6.674805011148616,0.0,0.29547407670454545,0.20970969460227273,256,0,1,7,0,0,0,7,7,0,0,0,0,0.0,0
malware,e598acb2e6227551be2092123b8747e74815fcdbc36a19c9ee81270ca082b431.js,data\raw\malware_bazaar\e598acb2e6227551be2092123b8747e74815fcdbc36a19c9ee81270ca082b431.js,3342964,67,1,0,0,0,0.014925373134328358,script,0,1,0,0,0,0,0,0,0,0,5,5.899531097750749,4.1127395076003195,0.9669514837730828,0.0,172,0,0,1,0,0,0,1,1,0,0,0,0,0.0,0
malware,e5a3ee63b69b69739dc47ad4af8a5fcb25900a6f8b6b5c58d998c41997afd0e5.rar,data\raw\malware_bazaar\e5a3ee63b69b69739dc47ad4af8a5fcb25900a6f8b6b5c58d998c41997afd0e5.rar,2888,68,1,0,0,0,0.014705882352941176,archive,0,0,0,1,0,1,1,0,0,0,0,7.802966604400694,4.970060203736037,0.3327562326869806,0.045013850415512466,256,0,0,0,0,0,0,0,0,0,0,0,0,0.0,0
malware,e5dbac50755b3dba5237bf6f9d4c42ce965dbee297c9991e261e86bde0b5a511.dll,data\raw\malware_bazaar\e5dbac50755b3dba5237bf6f9d4c42ce965dbee297c9991e261e86bde0b5a511.dll,407040,68,1,0,0,0,0.014705882352941176,executable,1,0,0,0,0,1,1,0,0,0,5,7.437595273855464,4.024305981866204,0.3723786360062893,0.11620233883647799,256,0,6,17,1,0,0,17,18,0,0,0,0,0.0,0
malware,e64797586a57d91edf1206c34a381dd1e8f4b3321362f932fff9492079ac279b.doc,data\raw\malware_bazaar\e64797586a57d91edf1206c34a381dd1e8f4b3321362f932fff9492079ac279b.doc,38876,68,1,0,0,0,0.014705882352941176,document,0,0,0,0,0,1,0,1,0,0,22,7.946225131324205,7.496137591677325,0.366807284700072,0.022121617450354975,256,0,0,0,0,0,0,0,0,0,0,0,0,0.0,0
malware,e7496d72cecd5f73665a4171d8af4b427ce6c004f008c66ddc5a1f8158abbea2.iso,data\raw\malware_bazaar\e7496d72cecd5f73665a4171d8af4b427ce6c004f008c66ddc5a1f8158abbea2.iso,1476608,68,0,0,0,0,0.014705882352941176,unknown,0,0,0,0,1,0,0,0,0,0,14,5.639326146619487,0.0,0.2153448985783634,0.4131929394937587,256,0,1,1,0,0,0,1,1,0,0,0,0,0.0,0
malware,e74ab444591fded2b8ed58550a089913d2faccc628745b86f70901dea8b4d0f6.wsf,data\raw\malware_bazaar\e74ab444591fded2b8ed58550a089913d2faccc628745b86f70901dea8b4d0f6.wsf,442654,68,0,0,0,0,0.014705882352941176,unknown,0,0,0,0,1,0,0,0,0,0,8,5.3878904982224824,5.408716032264954,0.9999638543873997,0.0,90,1,0,0,2,0,0,0,2,0,0,0,0,0.0,0
malware,e7acbf398c4e47ae38baafd4ec7e96f4d68e1c3d554bbb62896f5dd64d758527.iso,data\raw\malware_bazaar\e7acbf398c4e47ae38baafd4ec7e96f4d68e1c3d554bbb62896f5dd64d758527.iso,1128448,68,0,0,0,0,0.014705882352941176,unknown,0,0,0,0,1,0,0,0,0,0,6,6.650222547011603,0.0,0.29112196574410165,0.21407366577813067,256,0,1,8,0,0,0,8,8,0,0,0,0,0.0,0
malware,e7b5067808ac92a0e7817dce59b133229c3cc9f6edef31fc33c39c3003d7d9b6.apk,data\raw\malware_bazaar\e7b5067808ac92a0e7817dce59b133229c3cc9f6edef31fc33c39c3003d7d9b6.apk,3751253,68,1,0,0,0,0.014705882352941176,archive,1,0,0,1,0,1,1,0,0,0,817,7.626764539741687,6.703331984111608,0.35494700037560784,0.06559514914083374,256,0,0,0,0,0,0,0,0,0,0,0,0,0.0,0
malware,e7f36ff4274b1fa4afb48a002b85aed82d788a399b0db3d5a4e886238777fb37.lnk,data\raw\malware_bazaar\e7f36ff4274b1fa4afb48a002b85aed82d788a399b0db3d5a4e886238777fb37.lnk,48695,68,0,0,0,0,0.014705882352941176,unknown,0,0,0,0,1,0,0,0,0,0,14,5.568520641386081,5.40720933378028,0.9769380839921963,0.02133689290481569,134,0,0,1,1,0,0,1,2,0,0,0,0,0.0,0
malware,e8124a63346fabf2fffc19d247646de48e8c2e829edf7ef1297f53b40c3268a5.html,data\raw\malware_bazaar\e8124a63346fabf2fffc19d247646de48e8c2e829edf7ef1297f53b40c3268a5.html,79968,69,0,0,0,0,0.014492753623188406,unknown,0,0,0,0,1,0,0,0,0,0,0,5.665043530756307,5.139307313046315,0.99812424969988,0.0,95,9,0,5,0,7,0,5,12,0,0,0,0,0.0,0
malware,e8180f168039d3887798d4865b09a033d8f879c284ab9befc69794e1581eadec.php,data\raw\malware_bazaar\e8180f168039d3887798d4865b09a033d8f879c284ab9befc69794e1581eadec.php,2009,68,1,0,0,0,0.014705882352941176,script,0,1,0,0,0,0,0,0,0,0,0,5.702900081356721,5.702900081356721,0.9960179193628671,0.0,88,0,0,0,0,2,0,0,2,0,0,0,0,0.0,0
malware,e8889528e2114a700438f73da09449cfdde655a29da6794d0449b5e8aa4dbf2a.rtf,data\raw\malware_bazaar\e8889528e2114a700438f73da09449cfdde655a29da6794d0449b5e8aa4dbf2a.rtf,122412,68,1,0,0,0,0.014705882352941176,document,0,0,0,0,0,0,0,0,0,0,0,4.537146173083841,4.804507220512889,0.9830898931477307,0.0,75,1,0,818,0,0,0,818,818,0,0,0,0,0.0,0
malware,e8a86ff6c13df525464604ff71a9551f48bcf202488f9417227108d7f204b4b2.iso,data\raw\malware_bazaar\e8a86ff6c13df525464604ff71a9551f48bcf202488f9417227108d7f204b4b2.iso,770048,68,0,0,0,0,0.014705882352941176,unknown,0,0,0,0,1,0,0,0,0,0,9,7.590506095118085,0.0,0.3319948886303192,0.11162031457779255,256,0,10,0,0,0,0,0,0,0,0,0,0,0.0,0
malware,e8b7a0ab597ca1fc0cb648b77de7ba263c9abc571e9ea9a375e7f9f94ba3abb3.dll,data\raw\malware_bazaar\e8b7a0ab597ca1fc0cb648b77de7ba263c9abc571e9ea9a375e7f9f94ba3abb3.dll,123776,68,1,0,0,0,0.014705882352941176,executable,1,0,0,0,0,1,1,0,0,0,3,6.717921290877897,5.74448005213448,0.3127342942088935,0.1577284772492244,256,9,0,5,0,0,0,5,5,0,0,0,0,0.0,0
malware,e911b6bc7704a70fc60262a084813ac5ef49739ac95660d42e26c8818c044832.hta,data\raw\malware_bazaar\e911b6bc7704a70fc60262a084813ac5ef49739ac95660d42e26c8818c044832.hta,39487,68,0,0,0,0,0.014705882352941176,unknown,0,0,0,0,1,0,0,0,0,0,3,6.4149355815293445,6.498752524115512,0.9947577683794666,0.0,95,0,0,0,0,0,0,0,0,0,0,0,0,0.0,0
malware,e91285c21767fb95925858d2b1470bda70c435b02a6dd649d4ad858d01ba7b95.cmd,data\raw\malware_bazaar\e91285c21767fb95925858d2b1470bda70c435b02a6dd649d4ad858d01ba7b95.cmd,101,68,1,0,0,0,0.014705882352941176,script,0,1,0,0,0,0,0,0,0,0,0,4.5847674717911415,4.5847674717911415,1.0,0.0,34,1,1,0,2,0,0,0,2,0,0,0,0,0.0,0
malware,e92bdfec111dc08ce166d5e248d1e29cace468e5fc5f3a2ba003595a4e6350b7.lnk,data\raw\malware_bazaar\e92bdfec111dc08ce166d5e248d1e29cace468e5fc5f3a2ba003595a4e6350b7.lnk,1046,68,0,0,0,0,0.014705882352941176,unknown,0,0,0,0,1,0,0,0,0,0,0,1.5564308910043885,1.5564308910043885,0.13766730401529637,0.8307839388145315,55,0,0,0,1,0,0,0,1,0,0,0,0,0.0,0
malware,e940b8b7a202521e1627074dae16f0edc7f1760632e962c92b5747cf18ff8d7a.cmd,data\raw\malware_bazaar\e940b8b7a202521e1627074dae16f0edc7f1760632e962c92b5747cf18ff8d7a.cmd,1912823,68,1,0,0,0,0.014705882352941176,script,0,1,0,0,0,0,0,0,0,0,281,5.905253685370329,4.917691523290703,0.9696103612304955,0.0,84,0,0,28951,2,0,0,28951,28953,0,0,0,0,0.0,0
malware,e95a624d496acffdaf87ec8fba2d5e5fc662b5870ce69bc45505434109092bf3.apk,data\raw\malware_bazaar\e95a624d496acffdaf87ec8fba2d5e5fc662b5870ce69bc45505434109092bf3.apk,324642,68,1,0,0,0,0.014705882352941176,archive,1,0,0,1,0,1,1,0,0,0,47,7.951913173063212,7.583964727102603,0.357504574269503,0.020022055063731743,256,0,0,0,0,0,0,0,0,0,0,0,0,0.0,0
malware,e9855bdf3f45a2ed0148a1f6714f6ce081f4da526aeb044d2e58ee394e62078b.vbs,data\raw\malware_bazaar\e9855bdf3f45a2ed0148a1f6714f6ce081f4da526aeb044d2e58ee394e62078b.vbs,43315,68,1,0,0,0,0.014705882352941176,script,0,1,0,0,0,0,0,0,0,0,1,5.295681291461186,4.9425556391112835,0.9583516102966639,0.0,93,0,0,14,0,0,0,14,14,0,0,0,0,0.0,0
malware,e98ec2e2ecb0b4c0c6b0d3655e32d6670cf9410c2f9f4826e94a1327c6c2cf8f.iso,data\raw\malware_bazaar\e98ec2e2ecb0b4c0c6b0d3655e32d6670cf9410c2f9f4826e94a1327c6c2cf8f.iso,1179648,68,0,0,0,0,0.014705882352941176,unknown,0,0,0,0,1,0,0,0,0,0,12,4.7449173508640135,0.0,0.16536034478081596,0.5241063435872396,256,0,2,0,0,0,0,0,0,0,0,0,0,0.0,0
malware,e9d5764383036ecc2416f1c2f9d84cd0dc14443a19af3603613de481db9582f1.cmd,data\raw\malware_bazaar\e9d5764383036ecc2416f1c2f9d84cd0dc14443a19af3603613de481db9582f1.cmd,1429,68,1,0,0,0,0.014705882352941176,script,0,1,0,0,0,0,0,0,0,0,0,4.534139803126637,4.534139803126637,0.9398180545836249,0.0,69,1,0,0,3,0,0,0,3,0,0,0,0,0.0,0
malware,e9e15953ad2b9424d4bb72097bdb5d993bfec22f19797c739ef7eb2bd87783c9.chm,data\raw\malware_bazaar\e9e15953ad2b9424d4bb72097bdb5d993bfec22f19797c739ef7eb2bd87783c9.chm,37291,68,0,0,0,0,0.014705882352941176,unknown,0,0,0,0,1,0,0,0,0,0,0,7.066801597375916,2.2942786269899735,0.30546244402134565,0.20677911560430132,256,0,0,0,0,0,0,0,0,0,0,0,0,0.0,0
malware,e9ebfb558822e82e6f78f49bcd73b5a77949be70ce34f2db593133204c96d617.xls,data\raw\malware_bazaar\e9ebfb558822e82e6f78f49bcd73b5a77949be70ce34f2db593133204c96d617.xls,1186816,68,1,0,0,0,0.014705882352941176,document,0,0,0,0,0,0,0,0,0,0,36,7.981480748344999,1.5968509455360986,0.3659033919327006,0.016366479723899912,256,0,0,0,0,0,0,0,0,0,0,0,0,0.0,0
malware,ea078216452f5f6d4eea27bbc062286396a5252e2c267ecc3933d05a4e38da15.rtf,data\raw\malware_bazaar\ea078216452f5f6d4eea27bbc062286396a5252e2c267ecc3933d05a4e38da15.rtf,173710,68,1,0,0,0,0.014705882352941176,document,0,0,0,0,0,0,0,0,0,0,0,3.9194348942831,4.80758282459122,0.9993897875769961,0.0,73,0,1,0,0,0,0,0,0,0,0,0,0,0.0,0
malware,ea61dd44be70142c8c307c36e8438b37e6147f55fdc27599b0b6e0592bfc7bde.apk,data\raw\malware_bazaar\ea61dd44be70142c8c307c36e8438b37e6147f55fdc27599b0b6e0592bfc7bde.apk,3931506,68,1,0,0,0,0.014705882352941176,archive,1,0,0,1,0,1,1,0,0,0,975,7.651357342623594,7.934642739074358,0.3364240064748725,0.0717305276909154,256,0,0,1,0,0,0,1,1,0,0,0,0,0.0,0
malware,ea8f901364586b8fb6827e53a85564d53103b35d2e0109dacd3a6f713af89f5e.cmd,data\raw\malware_bazaar\ea8f901364586b8fb6827e53a85564d53103b35d2e0109dacd3a6f713af89f5e.cmd,2300430,68,1,0,0,0,0.014705882352941176,script,0,1,0,0,0,0,0,0,0,0,552,6.043175125753914,5.625183270559572,0.9660028777228605,0.0,88,1,4,8750,5,0,0,8750,8755,0,0,0,0,0.0,0
malware,eb3842afc9fe1f3dc1cfc579f465766f1fedc6e64a0d2224e1ea7c272924f66a.ps1,data\raw\malware_bazaar\eb3842afc9fe1f3dc1cfc579f465766f1fedc6e64a0d2224e1ea7c272924f66a.ps1,600093,68,1,0,0,0,0.014705882352941176,script,0,1,0,0,0,0,0,0,0,0,141,6.016733289137829,5.92090903848237,0.9998166950789295,0.0,85,1,0,2,0,0,0,2,2,0,0,0,0,0.0,0
malware,ec0891a2260e38475d2948692f4243430a88c1b849a4c4c8c69220b49ce9c5b3.dll,data\raw\malware_bazaar\ec0891a2260e38475d2948692f4243430a88c1b849a4c4c8c69220b49ce9c5b3.dll,1809920,68,1,0,0,0,0.014705882352941176,executable,1,0,0,0,0,1,1,0,0,0,1,6.712922063898204,4.571526071895302,0.3589523293847242,0.13509381630127298,256,0,0,3,0,0,0,3,3,0,0,0,0,0.0,0
malware,ec11eef1d8fe1932ea0bd403671fa4e807a54796eebec0176103b3d5929284a8.chm,data\raw\malware_bazaar\ec11eef1d8fe1932ea0bd403671fa4e807a54796eebec0176103b3d5929284a8.chm,10569,68,0,0,0,0,0.014705882352941176,unknown,0,0,0,0,1,0,0,0,0,0,0,2.7842836448769246,1.8192725531129905,0.1343551897057432,0.7442520579051944,256,0,0,0,0,0,0,0,0,0,0,0,0,0.0,0
malware,ec292b53c9f56152d0e4f7e0b62eaf0b5fe495efda49c2cfa38c7643da9c7e2d.xlsx,data\raw\malware_bazaar\ec292b53c9f56152d0e4f7e0b62eaf0b5fe495efda49c2cfa38c7643da9c7e2d.xlsx,1184256,69,1,0,0,0,0.014492753623188406,document,0,0,0,0,0,0,0,0,0,0,64,7.9699213847980435,3.338916080789157,0.364792747514051,0.02114745460440986,256,0,0,0,0,0,0,0,0,0,0,0,0,0.0,0
malware,ec53706466d891edab5d1f510fb09a8a6657694bd9a17b7b0f70a58f897ee26a.wsf,data\raw\malware_bazaar\ec53706466d891edab5d1f510fb09a8a6657694bd9a17b7b0f70a58f897ee26a.wsf,792,68,0,0,0,0,0.014705882352941176,unknown,0,0,0,0,1,0,0,0,0,0,0,5.198486756049243,5.198486756049243,0.9343434343434344,0.0,65,0,0,0,0,0,0,0,0,0,0,0,0,0.0,0
malware,ec5a1dc0d9ae6c53b11f07b5e9d3ccf6915e421574c692d96dcf6532af04f8c5.js,data\raw\malware_bazaar\ec5a1dc0d9ae6c53b11f07b5e9d3ccf6915e421574c692d96dcf6532af04f8c5.js,17906816,67,1,0,0,0,0.014925373134328358,script,0,1,0,0,0,1,0,1,0,0,0,4.928275282340428,4.308241785297011,0.5274908169045798,0.029523897492440866,115,0,0,0,0,0,0,0,0,0,0,0,0,0.0,0
malware,ecbed253455979a15b0775b9a1bb423b6005a8bdee65d01a7dfd5690d2c0acd3.xlsx,data\raw\malware_bazaar\ecbed253455979a15b0775b9a1bb423b6005a8bdee65d01a7dfd5690d2c0acd3.xlsx,1158656,69,1,0,0,0,0.014492753623188406,document,0,0,0,0,0,0,0,0,0,0,31,7.978386560585299,3.3115547181861493,0.36492884859699515,0.01699037505523641,256,0,0,0,0,0,0,0,0,0,0,0,0,0.0,0
malware,ecbf4e342f75e17d2d758f84cbdbfaef5d12e0d06e90c01407202030ff279c69.dll,data\raw\malware_bazaar\ecbf4e342f75e17d2d758f84cbdbfaef5d12e0d06e90c01407202030ff279c69.dll,2818048,68,1,0,0,0,0.014705882352941176,executable,1,0,0,0,0,1,1,0,0,0,8,4.706883562525489,2.714827571237726,0.42064719976380816,0.32924350472383723,256,0,0,0,0,0,0,0,0,0,0,0,0,0.0,0
malware,ecf36a1837197b217b8efbf43a20b30145ab60eefc3cd4577bae9057aa46f4c7.vbs,data\raw\malware_bazaar\ecf36a1837197b217b8efbf43a20b30145ab60eefc3cd4577bae9057aa46f4c7.vbs,944405,68,1,0,0,0,0.014705882352941176,script,0,1,0,0,0,0,0,0,0,0,0,5.228528689997502,5.206783534610409,0.2847369507785325,0.0,116,0,0,3,1,0,0,3,4,0,0,0,0,0.0,0
malware,ed2c4429cf27e19aa6881d86bc5b42c21470525564fc53be688b9b26c83db766.bat,data\raw\malware_bazaar\ed2c4429cf27e19aa6881d86bc5b42c21470525564fc53be688b9b26c83db766.bat,1420,68,1,0,0,0,0.014705882352941176,script,0,1,0,0,0,0,0,0,0,0,0,5.428819231184293,5.428819231184293,0.9464788732394366,0.0,67,0,0,0,0,0,0,0,0,0,0,0,0,0.0,0
malware,ed38c22c7385998f5182bfae0a235faee616ed19fb34b945b1b8e211e3001e96.7z,data\raw\malware_bazaar\ed38c22c7385998f5182bfae0a235faee616ed19fb34b945b1b8e211e3001e96.7z,3926995,67,1,0,0,0,0.014925373134328358,archive,0,0,0,1,0,1,1,0,0,0,45,7.999951746883721,5.154598182252591,0.37068751042463766,0.003907313352830854,256,0,0,0,0,0,0,0,0,0,0,0,0,0.0,0
malware,ed57f128d6f463dac2a6975006a7100cb8978167ce422398e1d4e4b7fe40f934.lnk,data\raw\malware_bazaar\ed57f128d6f463dac2a6975006a7100cb8978167ce422398e1d4e4b7fe40f934.lnk,2486,68,0,0,0,0,0.014705882352941176,unknown,0,0,0,0,1,0,0,0,0,0,0,5.364326206183535,5.364326206183535,0.7417538213998391,0.19348350764279967,148,0,0,0,0,0,0,0,0,0,0,0,0,0.0,0
malware,ed6431935ae84d73d60b464ecf7963e58cb0b332ef8a137a7263a9fecf8e2a96.rar,data\raw\malware_bazaar\ed6431935ae84d73d60b464ecf7963e58cb0b332ef8a137a7263a9fecf8e2a96.rar,1062303,68,1,0,0,0,0.014705882352941176,archive,0,0,0,1,0,1,1,0,0,0,22,7.997587739286053,5.170009133144317,0.37773497768527436,0.004185246582189827,256,0,0,0,0,0,0,0,0,0,0,0,0,0.0,0
malware,ed8f20bbab18b39a67e4db9a03090e5af8dc8ec24fe1ddf3521b3f340a8318c1.docm,data\raw\malware_bazaar\ed8f20bbab18b39a67e4db9a03090e5af8dc8ec24fe1ddf3521b3f340a8318c1.docm,52678,69,1,0,0,0,0.014492753623188406,document,0,0,1,0,0,1,1,0,0,0,30,7.816647263450753,6.665701164360602,0.3623334219218649,0.06378374273890429,256,0,0,0,0,0,0,0,0,0,0,0,0,0.0,0
malware,ed97fdb82c3dbfc55cf1203cbe82eb3ca983c084efd86c4b173916ae682f5a77.bat,data\raw\malware_bazaar\ed97fdb82c3dbfc55cf1203cbe82eb3ca983c084efd86c4b173916ae682f5a77.bat,3783,68,1,0,0,0,0.014705882352941176,script,0,1,0,0,0,0,0,0,0,0,0,5.935598217345277,5.935598217345277,0.979381443298969,0.0,88,1,0,4,7,1,0,4,12,0,0,0,0,0.0,0
malware,eddb2dceefe6b8eadc8556697efefb528965da714d1a09e356d7deb788e19e8f.img,data\raw\malware_bazaar\eddb2dceefe6b8eadc8556697efefb528965da714d1a09e356d7deb788e19e8f.img,1245184,68,0,0,0,0,0.014705882352941176,unknown,0,0,0,0,1,0,0,0,0,0,1,0.20057903672680663,0.0,0.013693558542351974,0.9849130730879935,217,0,4,70,0,0,0,70,70,0,0,0,0,0.0,0
malware,ee1bfcf412944f7cf2058c95c4ba198a6aaa481eae116aa497e9b53fbdd9592a.rar,data\raw\malware_bazaar\ee1bfcf412944f7cf2058c95c4ba198a6aaa481eae116aa497e9b53fbdd9592a.rar,77195,68,1,0,0,0,0.014705882352941176,archive,0,0,0,1,0,1,1,0,0,0,3,7.996144229173339,5.519454882778696,0.3755424574130449,0.0038214910292117365,256,0,0,0,0,0,0,0,0,0,0,0,0,0.0,0
malware,ee6c8422e4e723fe408ef6bbacfa852ae372e99ddf79e2fe38920017ec5e7674.doc,data\raw\malware_bazaar\ee6c8422e4e723fe408ef6bbacfa852ae372e99ddf79e2fe38920017ec5e7674.doc,15878,68,1,0,0,0,0.014705882352941176,document,0,0,0,0,0,1,0,1,0,0,13,7.8992957310702785,7.4117165800861,0.38594281395641766,0.035961708023680566,256,0,0,0,0,0,0,0,0,0,0,0,0,0.0,0
malware,ee8736333d8c2c203e6aaa43cac0ddf429bbb5793968074baf12d3ef5318f754.lnk,data\raw\malware_bazaar\ee8736333d8c2c203e6aaa43cac0ddf429bbb5793968074baf12d3ef5318f754.lnk,1369,68,0,0,0,0,0.014705882352941176,unknown,0,0,0,0,1,0,0,0,0,0,0,4.521326136961798,4.521326136961798,0.3725346968590212,0.47699050401753107,171,0,0,0,0,0,0,0,0,0,0,0,0,0.0,0
malware,ee9918abc39d7d0b46c5cf7891f5b845d0ae5acc0e88f22ecd6ad19099260651.vbs,data\raw\malware_bazaar\ee9918abc39d7d0b46c5cf7891f5b845d0ae5acc0e88f22ecd6ad19099260651.vbs,4551333,68,1,0,0,0,0.014705882352941176,script,0,1,0,0,0,0,0,0,0,0,0,5.265751526767369,5.491313220874724,0.9999644060322547,0.0,82,0,0,1,4,0,0,1,5,0,0,0,0,0.0,0
malware,eebb4401b15e31aaf1fce5a2dcb8206042de0042e25d19b16f9395fabe35dbde.html,data\raw\malware_bazaar\eebb4401b15e31aaf1fce5a2dcb8206042de0042e25d19b16f9395fabe35dbde.html,491343,69,0,0,0,0,0.014492753623188406,unknown,0,0,0,0,1,0,0,0,0,0,0,5.043801453499882,5.382082473889473,0.9937823475657535,0.0,105,23,35,0,0,0,0,0,0,0,0,0,0,0.0,0
malware,eebf8bbabc8d107c292f0d94b2ae8e40027313e38be52c9a760551e92633d577.docx,data\raw\malware_bazaar\eebf8bbabc8d107c292f0d94b2ae8e40027313e38be52c9a760551e92633d577.docx,228599,69,1,0,0,0,0.014492753623188406,document,0,0,0,0,0,1,1,0,0,0,24,7.968376292891258,7.801893397440745,0.3634749058394831,0.007366611402499573,256,0,0,0,1,0,0,0,1,0,0,0,0,0.0,0
malware,ef431e36a8ac12051af588d800e1d8128d583a9d4c68187709263a13564081cd.dll,data\raw\malware_bazaar\ef431e36a8ac12051af588d800e1d8128d583a9d4c68187709263a13564081cd.dll,3880960,68,1,0,0,0,0.014705882352941176,executable,1,0,0,0,0,1,1,0,0,0,61,7.953009747413271,5.470379522133965,0.3646914680903694,0.0038083360817941954,256,0,0,0,0,0,0,0,0,0,0,0,0,0.0,0
malware,ef5372ff306946fbe8176462f4c32a877ad1bef812dbdf724429633e2c834d3b.docx,data\raw\malware_bazaar\ef5372ff306946fbe8176462f4c32a877ad1bef812dbdf724429633e2c834d3b.docx,191560,69,1,0,0,0,0.014492753623188406,document,0,0,0,0,0,1,1,0,0,0,17,7.944978274154002,7.824234538486904,0.3684485278763834,0.007151806222593443,256,0,0,0,0,0,0,0,0,0,0,0,0,0.0,0
malware,ef85bfb534a2d679261902aab71e24dde3c5c9b7950e300dd0df298dfddddc02.pdf,data\raw\malware_bazaar\ef85bfb534a2d679261902aab71e24dde3c5c9b7950e300dd0df298dfddddc02.pdf,38021,68,1,0,0,0,0.014705882352941176,document,0,0,0,0,0,1,1,0,0,0,1,5.586954241772818,5.78942834787654,0.3214539333526209,0.04868362220877936,256,1,0,0,0,0,0,0,0,0,0,0,0,0.0,0
malware,effee0474582c2da48ee22bccdde87acba0599416321e261d039ad016b167fc4.apk,data\raw\malware_bazaar\effee0474582c2da48ee22bccdde87acba0599416321e261d039ad016b167fc4.apk,7314469,68,1,0,0,0,0.014705882352941176,archive,1,0,0,1,0,1,1,0,0,0,1166,7.548277817077045,7.9325945611281945,0.3490089301082553,0.09608571722704683,256,0,0,1,0,0,0,1,1,0,0,0,0,0.0,0
malware,f03338eb6cb0e3559390a68cdb7d942d52eb5554b2b9065cf72efae2ebd51c57.iso,data\raw\malware_bazaar\f03338eb6cb0e3559390a68cdb7d942d52eb5554b2b9065cf72efae2ebd51c57.iso,858112,68,0,0,0,0,0.014705882352941176,unknown,0,0,0,0,1,0,0,0,0,0,19,7.531348317275728,0.0,0.40433533151849643,0.10447237656622911,256,0,35,98,0,0,0,98,98,0,0,0,0,0.0,0
malware,f05a40ebf3c3f081c0de3a602a920c69980e07e55856503904a3820d3396ebd1.vbs,data\raw\malware_bazaar\f05a40ebf3c3f081c0de3a602a920c69980e07e55856503904a3820d3396ebd1.vbs,3341314,68,1,0,0,0,0.014705882352941176,script,0,1,0,0,0,0,0,0,0,0,812,6.017533583104593,6.1198298287005395,0.9993206265558998,0.0,88,0,0,346,0,0,0,346,346,0,0,0,0,0.0,0
malware,f0765c67ba0cd814034113bce666ec27034afd6c66ee8ca559116b74232554f6.rar,data\raw\malware_bazaar\f0765c67ba0cd814034113bce666ec27034afd6c66ee8ca559116b74232554f6.rar,6971160,68,1,0,0,0,0.014705882352941176,archive,0,0,0,1,0,1,1,0,0,0,106,7.99969483390852,5.507659765557392,0.370146431870736,0.0036651002128770534,256,0,0,0,0,0,0,0,0,0,0,0,0,0.0,0
malware,f0c0b7bc0a00457870b2b02f8d834b7d21d18b9f5a93a61c47b22cd50439e400.cmd,data\raw\malware_bazaar\f0c0b7bc0a00457870b2b02f8d834b7d21d18b9f5a93a61c47b22cd50439e400.cmd,1032,68,1,0,0,0,0.014705882352941176,script,0,1,0,0,0,1,0,1,0,0,0,5.545151157266146,5.545151157266146,0.9031007751937985,0.0,94,1,0,1,2,0,0,1,3,0,0,0,0,0.0,0
malware,f0d69c519ed9a1ad78751bdff0e9fcd943d11ef4b91134dad054a8b0993e46d0.apk,data\raw\malware_bazaar\f0d69c519ed9a1ad78751bdff0e9fcd943d11ef4b91134dad054a8b0993e46d0.apk,7363797,68,1,0,0,0,0.014705882352941176,archive,1,0,0,1,0,1,1,0,0,0,1150,7.561613622686956,7.936262035141127,0.3482598719111893,0.09336148185508102,256,0,0,1,0,0,0,1,1,0,0,0,0,0.0,0
malware,f1238d3d93e1e8be799b16049e8e8bbd3fcb9b46a94aa42524c9e0604232b750.xlsx,data\raw\malware_bazaar\f1238d3d93e1e8be799b16049e8e8bbd3fcb9b46a94aa42524c9e0604232b750.xlsx,113664,69,1,0,0,0,0.014492753623188406,document,0,0,0,0,0,0,0,0,0,0,1,6.0395400462961115,5.752941011139957,0.3238668355855856,0.2727864583333333,256,0,0,0,0,0,0,0,0,0,0,0,0,0.0,0
malware,f1400ba928878181ecc61a5d32b398c991c83f9c05d41034331f0c5bc552078a.7z,data\raw\malware_bazaar\f1400ba928878181ecc61a5d32b398c991c83f9c05d41034331f0c5bc552078a.7z,79148643,67,1,0,0,0,0.014925373134328358,archive,0,0,0,1,0,1,1,0,0,0,1228,7.999995592744226,5.080303065031286,0.37109511782785715,0.0039819381363240805,256,0,0,0,6,0,0,0,6,0,0,0,0,0.0,0
malware,f143099892f89b7889b698829e0ff5c2c50b2bb642dcf896536f9f83bba36065.vbs,data\raw\malware_bazaar\f143099892f89b7889b698829e0ff5c2c50b2bb642dcf896536f9f83bba36065.vbs,29045990,68,1,0,0,0,0.014705882352941176,script,0,1,0,0,0,1,0,1,0,0,0,4.968269707876201,4.683856563552856,0.3422592929351005,0.05316121089348306,121,0,0,0,0,0,0,0,0,0,0,0,0,0.0,0
malware,f19df82abf0d66389467746f519557e81ca5b373a97e23da7e414204e4931242.apk,data\raw\malware_bazaar\f19df82abf0d66389467746f519557e81ca5b373a97e23da7e414204e4931242.apk,13960690,68,1,0,0,0,0.014705882352941176,archive,1,0,0,1,0,1,0,1,0,0,978,7.941902822120909,7.842020519286912,0.3564623954833178,0.02538893134938173,256,1,5,688,0,0,0,688,688,0,0,0,0,0.0,0
malware,f1b32c30b55ba9b23f033ad50f94d32b9ba2f1ddbad3f21bd5882f6f44514b99.dll,data\raw\malware_bazaar\f1b32c30b55ba9b23f033ad50f94d32b9ba2f1ddbad3f21bd5882f6f44514b99.dll,3707392,68,1,0,0,0,0.014705882352941176,executable,1,0,0,0,0,1,1,0,0,0,11,7.217856554762374,5.672715499927868,0.28143584492818674,0.09442540740229251,256,0,0,0,0,0,0,0,0,0,0,0,0,0.0,0
malware,f1e8de4a153e69b211f9fe00a07a35985cf1f0206a2789901d635ea8a713ed2b.hta,data\raw\malware_bazaar\f1e8de4a153e69b211f9fe00a07a35985cf1f0206a2789901d635ea8a713ed2b.hta,12437,68,0,0,0,0,0.014705882352941176,unknown,0,0,0,0,1,0,0,0,0,0,0,4.793572441324144,4.95687558147814,0.974752753879553,0.0,91,0,0,0,0,0,0,0,0,0,0,0,0,0.0,0
malware,f1fd75c04548bb1db08a7a628130de2366e0828bc5aea714143e5ca1245d1426.bat,data\raw\malware_bazaar\f1fd75c04548bb1db08a7a628130de2366e0828bc5aea714143e5ca1245d1426.bat,1358,68,1,0,0,0,0.014705882352941176,script,0,1,0,0,0,0,0,0,0,0,0,5.247977160961055,5.247977160961055,0.9528718703976435,0.0,63,3,3,0,0,0,0,0,0,0,0,0,0,0.0,0
malware,f225fcb63b3f8079786b9542df788fb5efe00bbaae608df9321866085894081d.dll,data\raw\malware_bazaar\f225fcb63b3f8079786b9542df788fb5efe00bbaae608df9321866085894081d.dll,10646120,68,1,0,0,0,0.014705882352941176,executable,1,0,0,0,0,1,1,0,0,0,18,6.084248830597988,6.045825124369476,0.3729027100953211,0.2605722084665587,256,15,0,26,0,0,0,26,26,0,0,0,0,0.0,0
malware,f25ebc1d6d07a81ebb7f2d5bb5983a23f1b503a9badad26fa1989cc44e2fe18f.xls,data\raw\malware_bazaar\f25ebc1d6d07a81ebb7f2d5bb5983a23f1b503a9badad26fa1989cc44e2fe18f.xls,874496,68,1,0,0,0,0.014705882352941176,document,0,0,0,0,0,0,0,0,0,0,38,7.906896800504232,1.4349645843172738,0.3563138081820843,0.03997388209894614,256,2,0,2,0,0,0,2,2,0,0,0,0,0.0,0
malware,f26336dfb7477c2be6c38f459bed7c8351f8548acd344d5f291de17a9c9843cc.docx,data\raw\malware_bazaar\f26336dfb7477c2be6c38f459bed7c8351f8548acd344d5f291de17a9c9843cc.docx,574034,69,1,0,0,0,0.014492753623188406,document,0,0,0,0,0,1,1,0,0,0,27,7.978442575827489,7.811206906441896,0.3623374225220109,0.00367225634718501,256,0,0,0,0,0,0,0,0,0,0,0,0,0.0,0
malware,f2696998cf01f315090c11fade086687e25471566109d8ffd1fee085c66b2f13.chm,data\raw\malware_bazaar\f2696998cf01f315090c11fade086687e25471566109d8ffd1fee085c66b2f13.chm,77055,68,0,0,0,0,0.014705882352941176,unknown,0,0,0,0,1,0,0,0,0,0,3,7.638416366197631,1.836677976206005,0.33878398546492766,0.10467847641295179,256,0,0,0,0,0,0,0,0,0,0,0,0,0.0,0
malware,f312e274d223aa759bad1c9cb5a8e96270886193ad48910a081add30264e0747.chm,data\raw\malware_bazaar\f312e274d223aa759bad1c9cb5a8e96270886193ad48910a081add30264e0747.chm,77017,68,0,0,0,0,0.014705882352941176,unknown,0,0,0,0,1,0,0,0,0,0,0,7.639142898819846,1.837394437601279,0.33853564797382396,0.10448342573717491,256,0,0,0,0,0,0,0,0,0,0,0,0,0.0,0
malware,f31bc335ace4815ae23402172bbb8f669633a46d133c49884439902e12f6c0be.php,data\raw\malware_bazaar\f31bc335ace4815ae23402172bbb8f669633a46d133c49884439902e12f6c0be.php,28653,68,1,0,0,0,0.014705882352941176,script,0,1,0,0,0,0,0,0,0,0,8,5.678688025178138,5.7311415728893875,1.0,0.0,78,0,0,1,0,0,0,2,2,0,0,0,0,0.0,0
malware,f328fee05adb6e079ab0baa3202fd3335ad6cb1973321e88020bca8496fa1ddb.vbs,data\raw\malware_bazaar\f328fee05adb6e079ab0baa3202fd3335ad6cb1973321e88020bca8496fa1ddb.vbs,1028352,68,1,0,0,0,0.014705882352941176,script,0,1,0,0,0,0,0,0,0,0,0,5.375425837621082,5.38327575109102,0.3121129729897934,0.0,115,0,0,3,1,0,0,3,4,0,0,0,0,0.0,0
malware,f34f696619e4d8288aaf680456d139770ed0caac9ba3bd2618a3e71436e729fa.docm,data\raw\malware_bazaar\f34f696619e4d8288aaf680456d139770ed0caac9ba3bd2618a3e71436e729fa.docm,178113,69,1,0,0,0,0.014492753623188406,document,0,0,1,0,0,1,1,0,0,0,19,7.951151760708307,6.186586266898549,0.36275847355330604,0.017466439844368464,256,0,0,0,0,0,0,0,0,0,0,0,0,0.0,0
malware,f35d016102ac96ba96f46467fce17167676f64bd783d46431cfad901e5661a7a.docx,data\raw\malware_bazaar\f35d016102ac96ba96f46467fce17167676f64bd783d46431cfad901e5661a7a.docx,201627,69,1,0,0,0,0.014492753623188406,document,0,0,0,0,0,1,1,0,0,0,24,7.958119531816501,7.794034887567458,0.36158351808041583,0.007642825613633095,256,0,0,0,0,0,0,0,0,0,0,0,0,0.0,0
malware,f3ae355598558767dd268ded106ed95065f9508892a31137ff196f19b1565766.hta,data\raw\malware_bazaar\f3ae355598558767dd268ded106ed95065f9508892a31137ff196f19b1565766.hta,11894,68,0,0,0,0,0.014705882352941176,unknown,0,0,0,0,1,0,0,0,0,0,0,5.53193316030093,4.987490004251092,0.9873885992937615,0.0,92,2,0,0,0,0,0,0,0,0,0,0,0,0.0,0
malware,f3eabd1a9c420c7a648fe86b38569eaeb555edcea6e0f62ba7a8e8aac4cc8b00.hta,data\raw\malware_bazaar\f3eabd1a9c420c7a648fe86b38569eaeb555edcea6e0f62ba7a8e8aac4cc8b00.hta,211266,68,0,0,0,0,0.014705882352941176,unknown,0,0,0,0,1,0,0,0,0,0,0,4.450595435274562,4.3616944949839125,0.9572198082038756,0.0,88,0,0,29,0,0,0,29,29,0,0,0,0,0.0,0
malware,f4301deb4c41559ba98a66fc681020382104deb0bde53cc608cbd275bbe6da93.lnk,data\raw\malware_bazaar\f4301deb4c41559ba98a66fc681020382104deb0bde53cc608cbd275bbe6da93.lnk,883,68,0,0,0,0,0.014705882352941176,unknown,0,0,0,0,1,0,0,0,0,0,0,4.87226951811509,4.87226951811509,0.3884484711211778,0.41562853907134767,147,0,0,0,0,0,0,0,0,0,0,0,0,0.0,0
malware,f45dbec4b8483616edc0fc85a90ea97d5497fbbe3e7e9a7f2140ecf87d7f46f4.bat,data\raw\malware_bazaar\f45dbec4b8483616edc0fc85a90ea97d5497fbbe3e7e9a7f2140ecf87d7f46f4.bat,9476,68,1,0,0,0,0.014705882352941176,script,0,1,0,0,0,0,0,0,0,0,0,6.101321429862898,6.182894124884217,0.7912621359223301,0.0,180,1,2,0,14,0,0,0,14,0,0,0,0,0.0,0
malware,f47dbb997d68ec1253fe7a17280bbf4b1ec35d369f9e59b2eb53ac6c6e267da7.vbs,data\raw\malware_bazaar\f47dbb997d68ec1253fe7a17280bbf4b1ec35d369f9e59b2eb53ac6c6e267da7.vbs,35255,68,1,0,0,0,0.014705882352941176,script,0,1,0,0,0,0,0,0,0,0,0,5.6278680875011755,5.518812940929638,0.9883137143667565,0.0,89,0,0,138,0,0,0,138,138,0,0,0,0,0.0,0
malware,f4886d0f0224515575e426b6dc60fc3ae27a3ceb0f8d7d31c7dab933959d4413.js,data\raw\malware_bazaar\f4886d0f0224515575e426b6dc60fc3ae27a3ceb0f8d7d31c7dab933959d4413.js,3643655,67,1,0,0,0,0.014925373134328358,script,0,1,0,0,0,0,0,0,0,0,1,5.111665406276004,3.9715350765592268,0.999078946826744,0.0,89,0,0,2,1,0,0,2,3,0,0,0,0,0.0,0
malware,f4cfc4b0e4edd6a42a60722f9470005d3a44820ed38142cb331ffb283d43b01e.docm,data\raw\malware_bazaar\f4cfc4b0e4edd6a42a60722f9470005d3a44820ed38142cb331ffb283d43b01e.docm,72082,69,1,0,0,0,0.014492753623188406,document,0,0,1,0,0,1,1,0,0,0,16,7.874589152004364,6.172616133020844,0.360603201908937,0.045559224216864126,256,0,0,0,0,0,0,0,0,0,0,0,0,0.0,0
malware,f50cfa8aa6311705127f82651206401ebb3ec1c12baf6191b0f3839fe5211172.php,data\raw\malware_bazaar\f50cfa8aa6311705127f82651206401ebb3ec1c12baf6191b0f3839fe5211172.php,5983,68,1,0,0,0,0.014705882352941176,script,0,1,0,0,0,0,0,0,0,0,2,5.625373558029908,6.005227832384311,0.9994985793080394,0.0,88,0,0,0,0,2,0,0,2,0,0,0,0,0.0,0
malware,f514bdd056f1dc820943370241de7f3f0e492fd4cadeaf834f0c71400d6f6566.xlsm,data\raw\malware_bazaar\f514bdd056f1dc820943370241de7f3f0e492fd4cadeaf834f0c71400d6f6566.xlsm,23790,69,1,0,0,0,0.014492753623188406,document,0,0,1,0,0,1,1,0,0,0,17,7.579459892826361,6.133615551912931,0.35187053383774697,0.11235813366960908,256,0,0,0,0,0,0,0,0,0,0,0,0,0.0,0
malware,f541b3c75def48c75522d4e75111518d23a971ac85d8c6b1485b7f6c1c01c4d4.cmd,data\raw\malware_bazaar\f541b3c75def48c75522d4e75111518d23a971ac85d8c6b1485b7f6c1c01c4d4.cmd,33933,68,1,0,0,0,0.014705882352941176,script,0,1,0,0,0,0,0,0,0,0,2,5.95907074873414,6.020914784973297,0.9991748445466065,0.0,86,0,0,2,0,0,0,2,2,0,0,0,0,0.0,0
malware,f54480ef123a6b769b0b2d09794aaea00c6b72416c5990fc33a70e3703c505e4.rar,data\raw\malware_bazaar\f54480ef123a6b769b0b2d09794aaea00c6b72416c5990fc33a70e3703c505e4.rar,10181,68,1,0,0,0,0.014705882352941176,archive,0,0,0,1,0,1,1,0,0,0,1,7.976936857619084,5.400554250365621,0.3654847264512327,0.005402219821235635,256,0,0,0,0,0,0,0,0,0,0,0,0,0.0,0
malware,f59b8960c70a15cc719771e3b54880a14fc687cb2387639ba1c43d68c4e6e388.dll,data\raw\malware_bazaar\f59b8960c70a15cc719771e3b54880a14fc687cb2387639ba1c43d68c4e6e388.dll,6145024,68,1,0,0,0,0.014705882352941176,executable,1,0,0,0,0,1,1,0,0,0,83,7.203911828018495,2.748075375143628,0.2979023352878687,0.1830233698029495,256,0,0,0,0,0,0,0,0,0,0,0,0,0.0,0
malware,f602b76aeb430fd77e90580b6adcff6e6e042553a86cf7ec9bff91baa2082d44.apk,data\raw\malware_bazaar\f602b76aeb430fd77e90580b6adcff6e6e042553a86cf7ec9bff91baa2082d44.apk,2899212,68,1,0,0,0,0.014705882352941176,archive,1,0,0,1,0,1,1,0,0,0,197,7.968127300193919,7.875181212939851,0.3651316288701896,0.018544349292152488,256,0,0,0,0,0,0,0,0,0,0,0,0,0.0,0
malware,f673426085334e706064501731e19ca5112d78c48aa94869ad1b8017874820fa.xlsm,data\raw\malware_bazaar\f673426085334e706064501731e19ca5112d78c48aa94869ad1b8017874820fa.xlsm,273899,69,1,0,0,0,0.014492753623188406,document,0,0,1,0,0,1,1,0,0,0,26,7.987009210788595,6.1960165127762465,0.373937108204119,0.01298288785282166,256,0,0,0,0,0,0,0,0,0,0,0,0,0.0,0
malware,f678e909972aa6e57156b7543bed6e10438621a76b738d20f58a79e3455b6c17.html,data\raw\malware_bazaar\f678e909972aa6e57156b7543bed6e10438621a76b738d20f58a79e3455b6c17.html,25230,69,0,0,0,0,0.014492753623188406,unknown,0,0,0,0,1,0,0,0,0,0,0,5.158058686484668,4.7344380346450325,0.9312326595323028,0.0,133,4,0,1,0,0,0,1,1,0,0,0,0,0.0,0
malware,f685a9a664324c43b0023c426fc3bfaa443e0f02e2cb77e27e22c4b06508ccce.xls,data\raw\malware_bazaar\f685a9a664324c43b0023c426fc3bfaa443e0f02e2cb77e27e22c4b06508ccce.xls,875008,68,1,0,0,0,0.014705882352941176,document,0,0,0,0,0,0,0,0,0,0,36,7.905256839301867,1.4349645843172738,0.35614645808952605,0.040473915667056756,256,2,0,2,0,0,0,2,2,0,0,0,0,0.0,0
malware,f692ba8fbe76ee5488fd81ad3ae6689744b7b8f9e35712cb6848bb7151f7bf1d.chm,data\raw\malware_bazaar\f692ba8fbe76ee5488fd81ad3ae6689744b7b8f9e35712cb6848bb7151f7bf1d.chm,10739,68,0,0,0,0,0.014705882352941176,unknown,0,0,0,0,1,0,0,0,0,0,0,2.898929094576077,1.8069058747810722,0.13753608343421175,0.7326566719433839,256,0,0,0,0,0,0,0,0,0,0,0,0,0.0,0
malware,f6cf17d3a2fe9d4e4091aba37430ceb55bd43a7c741453b50fae7bc868f32994.xls,data\raw\malware_bazaar\f6cf17d3a2fe9d4e4091aba37430ceb55bd43a7c741453b50fae7bc868f32994.xls,548864,68,1,0,0,0,0.014705882352941176,document,0,0,0,0,0,0,0,0,0,0,22,7.952132443201462,1.1923538719617168,0.36091454349347013,0.02647832614272388,256,0,0,0,0,0,0,0,0,0,0,0,0,0.0,0
malware,f6d6a8aa8c5951d4f536c578e470176ca1c35c401f0df0d5c617c3fb4a1bf9fa.php,data\raw\malware_bazaar\f6d6a8aa8c5951d4f536c578e470176ca1c35c401f0df0d5c617c3fb4a1bf9fa.php,5651,68,1,0,0,0,0.014705882352941176,script,0,1,0,0,0,0,0,0,0,0,0,6.09459617788247,6.012199535292781,1.0,0.0,83,0,0,3,0,1,0,6,7,0,0,0,0,0.0,0
malware,f7103eaa89e674d1aa0cd2869405e2dc1fec278dfc9835bc6a508449be340028.iso,data\raw\malware_bazaar\f7103eaa89e674d1aa0cd2869405e2dc1fec278dfc9835bc6a508449be340028.iso,1128448,68,0,0,0,0,0.014705882352941176,unknown,0,0,0,0,1,0,0,0,0,0,5,6.683750091594726,0.0,0.2957734871256806,0.20841102115471868,256,0,1,8,0,0,0,8,8,0,0,0,0,0.0,0
malware,f71f9e58fc2f0723fc373848b73eb395cd4737a3dbe4d66ba0cb2233adc33cf3.php,data\raw\malware_bazaar\f71f9e58fc2f0723fc373848b73eb395cd4737a3dbe4d66ba0cb2233adc33cf3.php,28658,68,1,0,0,0,0.014705882352941176,script,0,1,0,0,0,0,0,0,0,0,8,5.678111344456884,5.727863264496487,1.0,0.0,80,0,0,1,0,0,0,2,3,0,0,0,0,0.0,0
malware,f7bda19543074c788c321aed42d955b4d50b7b0a2c3ca83b7f45b5e8b9a10491.rtf,data\raw\malware_bazaar\f7bda19543074c788c321aed42d955b4d50b7b0a2c3ca83b7f45b5e8b9a10491.rtf,120820,68,1,0,0,0,0.014705882352941176,document,0,0,0,0,0,0,0,0,0,0,0,4.496913556215506,4.804507220512889,0.9837113060751531,0.0,75,1,0,767,0,0,0,767,767,0,0,0,0,0.0,0
malware,f7cc27e73c25b2427f443d5c0dac964039177f1c0387e75405df2c0fbc88c9db.lnk,data\raw\malware_bazaar\f7cc27e73c25b2427f443d5c0dac964039177f1c0387e75405df2c0fbc88c9db.lnk,1505,68,0,0,0,0,0.014705882352941176,unknown,0,0,0,0,1,0,0,0,0,0,0,2.331086470524394,2.331086470524394,0.23255813953488372,0.7401993355481727,90,0,0,0,0,0,0,0,0,0,0,0,0,0.0,0
malware,f7f22ac70966c2205281f63c80e603952a23d1e41bbe98baf0d378e64ed0c3ae.jar,data\raw\malware_bazaar\f7f22ac70966c2205281f63c80e603952a23d1e41bbe98baf0d378e64ed0c3ae.jar,16091,68,1,0,0,0,0.014705882352941176,archive,1,0,0,1,0,0,0,0,0,0,0,7.98862445328423,7.955261095249762,0.3766080417624759,0.0037287924926977813,256,0,0,0,0,0,0,0,0,0,0,0,0,0.0,0
malware,f865e02a86b9efaad3009961df792e66b554b7c56f7487f2bcf0873d8a7f2e82.xlsx,data\raw\malware_bazaar\f865e02a86b9efaad3009961df792e66b554b7c56f7487f2bcf0873d8a7f2e82.xlsx,80789,69,1,0,0,0,0.014492753623188406,document,0,0,0,0,0,1,0,1,0,0,17,7.986663068029574,7.881559241671762,0.3684288702669918,0.010248920026241197,256,0,0,0,0,0,0,0,0,0,0,0,0,0.0,0
malware,f8cb8c7424a598fe8087025bc37cbce336b579d2163d5a4f57e48678499fdd60.hta,data\raw\malware_bazaar\f8cb8c7424a598fe8087025bc37cbce336b579d2163d5a4f57e48678499fdd60.hta,12097,68,0,0,0,0,0.014705882352941176,unknown,0,0,0,0,1,0,0,0,0,0,0,5.543581975132084,4.987490004251092,0.987600231462346,0.0,92,2,0,0,0,0,0,0,0,0,0,0,0,0.0,0
malware,f9909e3cd136666ec71a7bfa18ca0d51ae84fef95705bc9474fdc60b542bbc9d.hta,data\raw\malware_bazaar\f9909e3cd136666ec71a7bfa18ca0d51ae84fef95705bc9474fdc60b542bbc9d.hta,11973,68,0,0,0,0,0.014705882352941176,unknown,0,0,0,0,1,0,0,0,0,0,0,5.546458927937681,4.987490004251092,0.9874718115760461,0.0,92,2,0,0,0,0,0,0,0,0,0,0,0,0.0,0
malware,f9b7405c64d2b4c8b73f9d031bf4f4300f076dad8d5ead87b96da30c9617e313.iso,data\raw\malware_bazaar\f9b7405c64d2b4c8b73f9d031bf4f4300f076dad8d5ead87b96da30c9617e313.iso,1683456,68,0,0,0,0,0.014705882352941176,unknown,0,0,0,0,1,0,0,0,0,0,24,7.931612434934495,0.0,0.36051016480383213,0.035502561397506086,256,0,4,0,0,0,0,0,0,0,0,0,0,0.0,0
malware,fa4d699db3112a87eea7385944464ccf116709bb5b18921252e869c3604cf227.dll,data\raw\malware_bazaar\fa4d699db3112a87eea7385944464ccf116709bb5b18921252e869c3604cf227.dll,1809920,68,1,0,0,0,0.014705882352941176,executable,1,0,0,0,0,1,1,0,0,0,1,6.579531629155704,4.368947966058684,0.39650702793493636,0.17264851485148514,256,0,0,3,0,0,0,3,3,0,0,0,0,0.0,0
malware,fa5b2df737c4f64f00d531b3ef0697e16dc1e08cc436b5fae540a2666f3016bb.7z,data\raw\malware_bazaar\fa5b2df737c4f64f00d531b3ef0697e16dc1e08cc436b5fae540a2666f3016bb.7z,18002643,67,1,0,0,0,0.014925373134328358,archive,0,0,0,1,0,1,1,0,0,0,304,7.9999888393977,5.171569531114783,0.37097491740518324,0.003938032876617061,256,0,0,0,2,0,0,0,2,0,0,0,0,0.0,0
malware,fa7d31402f065f56dff0ace8cf4beb07ede65561b587a29cd57729e3c8b02d26.vbs,data\raw\malware_bazaar\fa7d31402f065f56dff0ace8cf4beb07ede65561b587a29cd57729e3c8b02d26.vbs,43465,68,1,0,0,0,0.014705882352941176,script,0,1,0,0,0,0,0,0,0,0,0,5.302540173213486,4.94497198245041,0.9584953410790291,0.0,93,0,0,17,0,0,0,17,17,0,0,0,0,0.0,0
malware,faa144bd129ae9c4b1acf5ebb5cb3c43bc029f89c65da49ea9954628a3ab1bef.ps1,data\raw\malware_bazaar\faa144bd129ae9c4b1acf5ebb5cb3c43bc029f89c65da49ea9954628a3ab1bef.ps1,1755,68,1,0,0,0,0.014705882352941176,script,0,1,0,0,0,0,0,0,0,0,0,5.441286831936243,5.441286831936243,0.9299145299145299,0.0,99,2,2,0,0,0,0,0,0,0,0,0,0,0.0,0
malware,fb2e723cfd4e6fdc7e04214405e4e5d474eed5f60c5e88f4940217a0b8c7ba37.hta,data\raw\malware_bazaar\fb2e723cfd4e6fdc7e04214405e4e5d474eed5f60c5e88f4940217a0b8c7ba37.hta,12009,68,0,0,0,0,0.014705882352941176,unknown,0,0,0,0,1,0,0,0,0,0,0,5.547838088058577,4.987490004251092,0.9875093679740194,0.0,92,2,0,0,0,0,0,0,0,0,0,0,0,0.0,0
malware,fb2f882561d88269982f312c54cb6f599247500d75e90c0af5c4c9e75b5378a4.wsf,data\raw\malware_bazaar\fb2f882561d88269982f312c54cb6f599247500d75e90c0af5c4c9e75b5378a4.wsf,34990,68,0,0,0,0,0.014705882352941176,unknown,0,0,0,0,1,0,0,0,0,0,2,5.361959871619545,5.550714068771013,0.9856530437267791,0.0,94,0,0,6,9,0,0,6,15,0,0,0,0,0.0,0
malware,fb49455e8fb0c5eb5ac7f320f38ee67db2fde9af9c852241c0570ef3fc44e263.doc,data\raw\malware_bazaar\fb49455e8fb0c5eb5ac7f320f38ee67db2fde9af9c852241c0570ef3fc44e263.doc,157085,68,1,0,0,0,0.014705882352941176,document,0,0,0,0,0,1,0,1,0,0,26,7.9690180114567,7.4796409942049165,0.3672852277429417,0.007314511251870007,256,0,0,0,0,0,0,0,0,0,0,0,0,0.0,0
malware,fb87bc38265ab7c46f18e1088d3274ae06ade0eed871c34d4a659461116b6d58.doc,data\raw\malware_bazaar\fb87bc38265ab7c46f18e1088d3274ae06ade0eed871c34d4a659461116b6d58.doc,192533,68,1,0,0,0,0.014705882352941176,document,0,0,0,0,0,1,0,1,0,0,18,7.933859910229112,0.8793475411199696,0.35359652630977545,0.025948798387808843,256,0,0,0,0,0,0,0,0,0,0,0,0,0.0,0
malware,fbeb208d574f805d0a4858fb985267e6568fabc86267167ae7046cd54c4c172b.rtf,data\raw\malware_bazaar\fbeb208d574f805d0a4858fb985267e6568fabc86267167ae7046cd54c4c172b.rtf,3368257,68,1,0,0,0,0.014705882352941176,document,0,0,0,0,0,0,0,0,0,0,0,5.143415025802525,4.037269637091023,0.9979467124984821,0.0,85,1,0,685,0,0,0,685,685,0,0,0,0,0.0,0
malware,fc31dfb6b521c5cce4a13c61fe86547d12bfeb75cc8466283dfccb74250734b0.pdf,data\raw\malware_bazaar\fc31dfb6b521c5cce4a13c61fe86547d12bfeb75cc8466283dfccb74250734b0.pdf,124554,68,1,0,0,0,0.014705882352941176,document,0,0,0,0,0,1,1,0,0,0,0,7.962793652012458,5.578190719254342,0.3891404531367921,0.014202675144917064,256,6,0,12,0,0,0,12,12,0,0,0,0,0.0,0
malware,fc69b6b82c8e3a8fbc6e2227aaf326d56ab9bdb90433169b9c260861d103027e.iso,data\raw\malware_bazaar\fc69b6b82c8e3a8fbc6e2227aaf326d56ab9bdb90433169b9c260861d103027e.iso,1650688,68,0,0,0,0,0.014705882352941176,unknown,0,0,0,0,1,0,0,0,0,0,23,7.771153070688593,0.0,0.35458790516439204,0.07335183874844912,256,0,8,0,0,0,0,0,0,0,0,0,0,0.0,0
malware,fc95c3f88a4007752428e95b6fa225491dcbce0cdd4daaa75aad542ed6186ebb.lnk,data\raw\malware_bazaar\fc95c3f88a4007752428e95b6fa225491dcbce0cdd4daaa75aad542ed6186ebb.lnk,774868,68,0,0,0,0,0.014705882352941176,unknown,0,0,0,0,1,0,0,0,0,0,0,0.01674657608113136,1.7670287499141537,0.000854339061620818,0.9990385459200793,106,0,0,0,1,0,0,0,1,0,0,0,0,0.0,0
malware,fd7003acea4942ea6e1048daadeb2a0529d8eb780d062bb1c1d7defe997ce4e6.vbs,data\raw\malware_bazaar\fd7003acea4942ea6e1048daadeb2a0529d8eb780d062bb1c1d7defe997ce4e6.vbs,3167,68,1,0,0,0,0.014705882352941176,script,0,1,0,0,0,0,0,0,0,0,0,5.137615591108,5.137615591108,0.9551626144616356,0.0,85,3,0,0,3,0,0,0,3,0,0,0,0,0.0,0
malware,fdbee28882e9c13941fc4fc4575935af1ab37ca84114ec4bc039b50f770ce218.apk,data\raw\malware_bazaar\fdbee28882e9c13941fc4fc4575935af1ab37ca84114ec4bc039b50f770ce218.apk,5371511,68,1,0,0,0,0.014705882352941176,archive,1,0,0,1,0,1,1,0,0,0,306,7.97267256079729,7.940183005601892,0.3684363673461713,0.0200623251074046,256,2,0,1,1,0,0,1,2,0,0,0,0,0.0,0
malware,fdcce205bc30cf8eae88f25325f3cd28889dfac7bba4d2a6ef6237d357e53055.xls,data\raw\malware_bazaar\fdcce205bc30cf8eae88f25325f3cd28889dfac7bba4d2a6ef6237d357e53055.xls,114688,68,1,0,0,0,0.014705882352941176,document,0,0,0,0,0,0,0,0,0,0,33,7.583186921089267,0.9130374283767001,0.34309605189732145,0.10169328962053571,256,0,0,0,0,0,0,0,0,0,0,0,0,0.0,0
malware,fde58658a942d193be361e3851060af4c5573d26251258aa97db23c6f1c81bbe.cmd,data\raw\malware_bazaar\fde58658a942d193be361e3851060af4c5573d26251258aa97db23c6f1c81bbe.cmd,1701510,68,1,0,0,0,0.014705882352941176,script,0,1,0,0,0,0,0,0,0,0,203,6.201171029393679,4.584948319190186,0.89560096620061,0.0,143,0,0,22632,0,0,0,22632,22632,0,0,0,0,0.0,0
malware,fdfc291fddac774f565429233fa57848d6bd4ae21a3531c2283b174be47e56ba.7z,data\raw\malware_bazaar\fdfc291fddac774f565429233fa57848d6bd4ae21a3531c2283b174be47e56ba.7z,41710909,67,1,0,0,0,0.014925373134328358,archive,0,0,0,1,0,1,1,0,0,0,671,7.999995757929048,5.185848182252591,0.37116184641288924,0.0039061244145985885,256,0,0,0,2,0,0,0,2,0,0,0,0,0.0,0
malware,fe11b95e0d27b98e9cf5875d0e01378029c8948dd8515ee0ace4450eb8441913.php,data\raw\malware_bazaar\fe11b95e0d27b98e9cf5875d0e01378029c8948dd8515ee0ace4450eb8441913.php,4327,68,1,0,0,0,0.014705882352941176,script,0,1,0,0,0,0,0,0,0,0,0,6.0159978248933195,6.008019697623933,0.9900623988906864,0.0,89,0,1,1,2,2,0,2,19,0,0,0,0,0.0,0
malware,fe41f2969cf3e7dddeabb3460cda4c0ddc8ddae0d1fd2ffb7c1e41a84b50a674.hta,data\raw\malware_bazaar\fe41f2969cf3e7dddeabb3460cda4c0ddc8ddae0d1fd2ffb7c1e41a84b50a674.hta,3060,68,0,0,0,0,0.014705882352941176,unknown,0,0,0,0,1,0,0,0,0,0,0,5.506663242116331,5.506663242116331,0.9830065359477124,0.0,85,0,0,0,0,0,0,42,42,0,0,0,0,0.0,0
malware,fe643c599c1bd6d15978f6880c581d6e57c23fa4808910f9bb371e4275d7f575.rar,data\raw\malware_bazaar\fe643c599c1bd6d15978f6880c581d6e57c23fa4808910f9bb371e4275d7f575.rar,911780,68,1,0,0,0,0.014705882352941176,archive,0,0,0,1,0,1,1,0,0,0,12,7.991517797036241,5.320159765557392,0.3601438943604817,0.005870933777885016,256,0,0,0,0,0,0,0,0,0,0,0,0,0.0,0
malware,fe6a7db6a680805ff319a6ff8e19ea4b6c9e42623887162c53bc8f7a2dea942c.img,data\raw\malware_bazaar\fe6a7db6a680805ff319a6ff8e19ea4b6c9e42623887162c53bc8f7a2dea942c.img,2111488,68,0,0,0,0,0.014705882352941176,unknown,0,0,0,0,1,0,0,0,0,0,19,6.007687311907203,0.0,0.25750702821896215,0.33535828761517944,256,4,2,13,0,0,0,13,13,0,0,0,0,0.0,0
malware,feab754463aeb5e97f429b4db8c882c3db5a114434527fe3397ff95101d86521.doc,data\raw\malware_bazaar\feab754463aeb5e97f429b4db8c882c3db5a114434527fe3397ff95101d86521.doc,228653,68,1,0,0,0,0.014705882352941176,document,0,0,0,0,0,0,0,0,0,0,0,3.4838381648154457,4.8057801749813605,0.9858912850476487,0.00020117820452825898,95,1,0,1325,0,0,0,1325,1325,0,0,0,0,0.0,0
malware,febddaec6b71897a06c854afecb1ea9c9167934c873b1fba9ad50ff4b3f8322c.php,data\raw\malware_bazaar\febddaec6b71897a06c854afecb1ea9c9167934c873b1fba9ad50ff4b3f8322c.php,5649,68,1,0,0,0,0.014705882352941176,script,0,1,0,0,0,0,0,0,0,0,1,6.092570821454817,6.011950960273289,1.0,0.0,83,0,0,3,0,1,0,6,7,0,0,0,0,0.0,0
malware,fecc709e85c8951c24b3c315c235c99c46c1cd0a843779d4f4cba545cec0f52c.lnk,data\raw\malware_bazaar\fecc709e85c8951c24b3c315c235c99c46c1cd0a843779d4f4cba545cec0f52c.lnk,577,68,0,0,0,0,0.014705882352941176,unknown,0,0,0,0,1,0,0,0,0,0,0,3.01199449317971,3.01199449317971,0.28596187175043325,0.6499133448873483,80,0,0,0,0,0,0,0,0,0,0,0,0,0.0,0
malware,fef376731e94cafacb554ccd09aebc3e88d128b5744dc9c103af3707dbf9f235.js,data\raw\malware_bazaar\fef376731e94cafacb554ccd09aebc3e88d128b5744dc9c103af3707dbf9f235.js,2590790,67,1,0,0,0,0.014925373134328358,script,0,1,0,0,0,0,0,0,0,0,5,5.8894958414462435,4.090407606406226,0.9573566363927605,0.0,172,0,0,1,0,0,0,1,1,0,0,0,0,0.0,0
malware,ff0a180322e7710df4c2f1bacddec867f63f2568fb36cb813688d6070c6cb4a9.js,data\raw\malware_bazaar\ff0a180322e7710df4c2f1bacddec867f63f2568fb36cb813688d6070c6cb4a9.js,3930966,67,1,0,0,0,0.014925373134328358,script,0,1,0,0,0,0,0,0,0,0,5,5.873730541434898,4.034349985026269,0.9718949489769182,0.0,172,0,0,1,0,0,0,1,1,0,0,0,0,0.0,0
malware,ff24f19697b1cae3e97b838e2fc16deaf89b5c16551800f7bb44a1a6d940a234.docm,data\raw\malware_bazaar\ff24f19697b1cae3e97b838e2fc16deaf89b5c16551800f7bb44a1a6d940a234.docm,22833,69,1,0,0,0,0.014492753623188406,document,0,0,1,0,0,1,1,0,0,0,15,7.584537718337957,6.196515930896171,0.3471291551701485,0.11211842508649761,256,0,0,0,0,0,0,0,0,0,0,0,0,0.0,0
malware,ff2ca63ce0afe23545e57623af69aa39055f089501cfa524217588b2b7c06292.xls,data\raw\malware_bazaar\ff2ca63ce0afe23545e57623af69aa39055f089501cfa524217588b2b7c06292.xls,920576,68,1,0,0,0,0.014705882352941176,document,0,0,0,0,0,0,0,0,0,0,29,7.916477860223492,1.4508272698983766,0.35908279164349277,0.03734944208843159,256,2,0,1,0,0,0,1,1,0,0,0,0,0.0,0
malware,ff49e0d0a092845dee3310445dedc2d06928ac0ac45a671ba735f847a2a98253.bat,data\raw\malware_bazaar\ff49e0d0a092845dee3310445dedc2d06928ac0ac45a671ba735f847a2a98253.bat,1263755,68,1,0,0,0,0.014705882352941176,script,0,1,0,0,0,0,0,0,0,0,301,6.005738899247306,5.9720235489935884,0.9999327401276354,0.0,93,0,0,1,0,0,0,1,1,0,0,0,0,0.0,0
malware,ff6fd5e3494dc16064da750116bb9d899c52560af353be6a430d42daeb6435b0.hta,data\raw\malware_bazaar\ff6fd5e3494dc16064da750116bb9d899c52560af353be6a430d42daeb6435b0.hta,1079963,68,0,0,0,0,0.014705882352941176,unknown,0,0,0,0,1,0,0,0,0,0,2,5.427422744532267,5.3736753266102575,0.5171075305357683,0.0,115,0,0,3,0,0,0,3,3,0,0,0,0,0.0,0
malware,ff8211ab52c5ac68f197c3721ff861e0c68c24917e58b2da9aa4b3df1032b321.7z,data\raw\malware_bazaar\ff8211ab52c5ac68f197c3721ff861e0c68c24917e58b2da9aa4b3df1032b321.7z,363635,67,1,0,0,0,0.014925373134328358,archive,0,0,0,1,0,1,1,0,0,0,5,7.999448957111706,4.97877739943295,0.3712568922133458,0.00414151553068324,256,0,0,0,0,0,0,0,0,0,0,0,0,0.0,0
malware,ffa5c396a37ef0dbabf541cecc4e1bda84675eace39d2a8d2ccf355f08a9ca80.rar,data\raw\malware_bazaar\ffa5c396a37ef0dbabf541cecc4e1bda84675eace39d2a8d2ccf355f08a9ca80.rar,16911100,68,1,0,0,0,0.014705882352941176,archive,0,0,0,1,0,1,1,0,0,0,268,7.99688154224333,5.36930425036562,0.37111991532188915,0.003926592593030613,256,0,0,0,10,0,0,0,10,0,0,0,0,0.0,0
malware,ffa8db1dfd31ccc87915b520447e99f4a03ca193aa3cdd4aef452aecff885cb5.lnk,data\raw\malware_bazaar\ffa8db1dfd31ccc87915b520447e99f4a03ca193aa3cdd4aef452aecff885cb5.lnk,164192,68,0,0,0,0,0.014705882352941176,unknown,0,0,0,0,1,0,0,0,0,0,0,0.07002797021130024,1.8178408572237295,0.004074498148509063,0.995480900409277,108,0,0,0,1,0,0,0,1,0,0,0,0,0.0,0
malware,ffaa84c3d45d849b133c1127a7691558a7086c6370643ad40016c9629b89e505.cmd,data\raw\malware_bazaar\ffaa84c3d45d849b133c1127a7691558a7086c6370643ad40016c9629b89e505.cmd,245,68,1,0,0,0,0.014705882352941176,script,0,1,0,0,0,0,0,0,0,0,0,5.057469780731996,5.057469780731996,1.0,0.0,49,1,0,0,2,0,0,0,2,0,0,0,0,0.0,0
malware,fff7864019b651bea2448228d6557d995edc929276bb9d8cb34c3c280a42684e.chm,data\raw\malware_bazaar\fff7864019b651bea2448228d6557d995edc929276bb9d8cb34c3c280a42684e.chm,1769722,68,0,0,0,0,0.014705882352941176,unknown,0,0,0,0,1,0,0,0,0,0,24,7.996428137348566,1.9993835345137223,0.3672373401020047,0.008301868881101099,256,0,0,0,0,0,0,0,0,0,0,0,0,0.0,0
malware,fffa5be744fc2315cdec4636a6c098c31ca40794a902883362badf0ac3f0c5bd.iso,data\raw\malware_bazaar\fffa5be744fc2315cdec4636a6c098c31ca40794a902883362badf0ac3f0c5bd.iso,5632000,68,0,0,0,0,0.014705882352941176,unknown,0,0,0,0,1,0,0,0,0,0,1193,6.075096634382095,0.0,0.9180887784090909,0.07085475852272727,256,20,4,824,0,0,0,824,824,0,0,0,0,0.0,0
