label,filename,filepath,file_size,filename_length,extension_count,has_double_extension,has_uppercase_extension,has_unicode_control_char,special_char_ratio,extension_category,is_executable_extension,is_script_extension,is_macro_document,is_archive_extension,is_unknown_extension,magic_bytes_known,magic_bytes_valid,extension_mime_mismatch,has_content_type,claimed_mime_mismatch,embedded_file_signature_count,byte_entropy,header_entropy,printable_ratio,null_byte_ratio,unique_byte_count,url_count,ip_address_count,base64_candidate_count,suspicious_command_count,execution_api_count,network_api_count,obfuscation_pattern_count,suspicious_string_count,archive_entry_count,executable_entry_count,script_entry_count,archive_depth,compression_ratio,archive_bomb_suspected
0,aditbendoth-balinese-temple-10392196_1920.jpg,data/raw/image_anomaly/benign/aditbendoth-balinese-temple-10392196_1920.jpg,545260,45,1,0,0,0,0.1111111111111111,image,0,0,0,0,0,1,1,0,0,0,7,7.987425253585972,7.91767938338286,0.3754942596192642,0.0077706048490628,256,0,0,0,0,0,0,0,0,0,0,0,0,0.0,0
0,foreversolo-20230708-160738-000.gif,data/raw/image_anomaly/benign/anigif_60030/foreversolo-20230708-160738-000.gif,360818,35,1,0,0,0,0.1142857142857142,image,0,0,0,0,0,1,1,0,0,0,5,7.7023531740644495,5.277114648336088,0.355708418094441,0.0796745173466955,256,0,0,0,0,0,0,0,0,0,0,0,0,0.0,0
0,latale-20230627-163555-000.gif,data/raw/image_anomaly/benign/anigif_60030/latale-20230627-163555-000.gif,5193290,30,1,0,0,0,0.1333333333333333,image,0,0,0,0,0,1,1,0,0,0,70,7.912188184145245,5.726409765557392,0.3683414559941771,0.0200724396288287,256,0,0,0,3,0,0,0,3,0,0,0,0,0.0,0
0,latale-20230712-171319-000.gif,data/raw/image_anomaly/benign/anigif_60030/latale-20230712-171319-000.gif,6105522,30,1,0,0,0,0.1333333333333333,image,0,0,0,0,0,1,1,0,0,0,102,7.987820689287891,5.75,0.3745630594730475,0.0050996458615659,256,0,0,0,0,0,0,0,0,0,0,0,0,0.0,0
0,mi$stback-20230708-162455-000.gif,data/raw/image_anomaly/benign/anigif_60030/mi$stback-20230708-162455-000.gif,14537054,33,1,0,0,0,0.1515151515151515,image,0,0,0,0,0,1,1,0,0,0,242,7.967577154659759,4.845714015923012,0.3723757922341074,0.0076152981202381,256,0,0,0,2,0,0,0,2,0,0,0,0,0.0,0
0,singlebungle1472-20230608-122728-000.gif,data/raw/image_anomaly/benign/anigif_60030/singlebungle1472-20230608-122728-000.gif,4916990,40,1,0,0,0,0.1,image,0,0,0,0,0,1,1,0,0,0,96,7.971489114756827,3.0846858395523435,0.3801531017960174,0.0075151667992003,256,0,0,0,0,0,0,0,0,0,0,0,0,0.0,0
0,singlebungle1472-20230611-232114-008.gif,data/raw/image_anomaly/benign/anigif_60030/singlebungle1472-20230611-232114-008.gif,9296405,40,1,0,0,0,0.1,image,0,0,0,0,0,1,1,0,0,0,128,7.929668378403069,4.762107315396907,0.3755968032804078,0.0086052619265189,256,0,0,0,1,0,0,0,1,0,0,0,0,0.0,0
0,singlebungle1472-20230613-134504-000.gif,data/raw/image_anomaly/benign/anigif_60030/singlebungle1472-20230613-134504-000.gif,4026415,40,1,0,0,0,0.1,image,0,0,0,0,0,1,1,0,0,0,55,7.978647882303689,5.589614648336088,0.3683817986968556,0.0075069261365259,256,0,0,0,1,0,0,0,1,0,0,0,0,0.0,0
0,singlebungle1472-20230617-172450-000.gif,data/raw/image_anomaly/benign/anigif_60030/singlebungle1472-20230617-172450-000.gif,4567129,40,1,0,0,0,0.1,image,0,0,0,0,0,1,1,0,0,0,72,7.975698370485544,5.061595993578595,0.3693131943503238,0.0073521023820435,256,0,0,0,0,0,0,0,0,0,0,0,0,0.0,0
0,singlebungle1472-20230626-074011-000.gif,data/raw/image_anomaly/benign/anigif_60030/singlebungle1472-20230626-074011-000.gif,1336778,40,1,0,0,0,0.1,image,0,0,0,0,0,1,1,0,0,0,149,7.97500421699932,4.289609031522994,0.3588733506984705,0.0091039798680109,256,0,0,0,0,0,0,0,0,0,0,0,0,0.0,0
0,singlebungle1472-20230629-064354-000.gif,data/raw/image_anomaly/benign/anigif_60030/singlebungle1472-20230629-064354-000.gif,5059287,40,1,0,0,0,0.1,image,0,0,0,0,0,1,1,0,0,0,82,7.963477530667507,5.382659765557392,0.3777306960447193,0.0070361693258358,256,0,0,0,2,0,0,0,2,0,0,0,0,0.0,0
0,singlebungle1472-20230629-064458-000.gif,data/raw/image_anomaly/benign/anigif_60030/singlebungle1472-20230629-064458-000.gif,8558818,40,1,0,0,0,0.1,image,0,0,0,0,0,1,1,0,0,0,122,7.948134984747283,5.6875,0.3779746221966631,0.0107829141827761,256,0,0,0,2,0,0,0,2,0,0,0,0,0.0,0
0,singlebungle1472-20230629-081950-000.gif,data/raw/image_anomaly/benign/anigif_60030/singlebungle1472-20230629-081950-000.gif,3998056,40,1,0,0,0,0.1,image,0,0,0,0,0,1,1,0,0,0,40,7.8919470013036355,5.063810203736037,0.3660739119211937,0.0202503416660497,256,0,0,0,1,0,0,0,1,0,0,0,0,0.0,0
0,singlebungle1472-20230702-061727-004.gif,data/raw/image_anomaly/benign/anigif_60030/singlebungle1472-20230702-061727-004.gif,9775477,40,1,0,0,0,0.1,image,0,0,0,0,0,1,1,0,0,0,99,7.837917194668197,5.275554250365621,0.3629877089373746,0.0243746673435986,256,0,0,0,1,0,0,0,1,0,0,0,0,0.0,0
0,singlebungle1472-20230702-183629-000.gif,data/raw/image_anomaly/benign/anigif_60030/singlebungle1472-20230702-183629-000.gif,13500854,40,1,0,0,0,0.1,image,0,0,0,0,0,1,1,0,0,0,172,7.9337413347352195,4.742652432618211,0.3729696654744951,0.015351843668556,256,0,0,0,1,0,0,0,1,0,0,0,0,0.0,0
0,singlebungle1472-20230705-165150-000.gif,data/raw/image_anomaly/benign/anigif_60030/singlebungle1472-20230705-165150-000.gif,9753447,40,1,0,0,0,0.1,image,0,0,0,0,0,1,1,0,0,0,86,7.8928508083730575,5.644454882778696,0.3640275074032801,0.0101255484343125,256,0,0,0,1,0,0,0,1,0,0,0,0,0.0,0
0,singlebungle1472-20230709-114347-000.gif,data/raw/image_anomaly/benign/anigif_60030/singlebungle1472-20230709-114347-000.gif,3022862,40,1,0,0,0,0.1,image,0,0,0,0,0,1,1,0,0,0,24,7.942423558561479,5.644454882778696,0.3735754394345491,0.0131213399751626,256,0,0,0,1,0,0,0,1,0,0,0,0,0.0,0
0,singlebungle1472-20230710-172435-001.gif,data/raw/image_anomaly/benign/anigif_60030/singlebungle1472-20230710-172435-001.gif,6401399,40,1,0,0,0,0.1,image,0,0,0,0,0,1,1,0,0,0,111,7.963767443548728,3.9132988277869583,0.3763210198270721,0.0111567799476333,256,0,0,0,0,0,0,0,0,0,0,0,0,0.0,0
0,singlebungle1472-20230712-024843-000.gif,data/raw/image_anomaly/benign/anigif_60030/singlebungle1472-20230712-024843-000.gif,13155692,40,1,0,0,0,0.1,image,0,0,0,0,0,1,1,0,0,0,210,7.961254153198726,4.965018266288633,0.3759279253421256,0.0082620511334561,256,0,0,0,2,0,0,0,2,0,0,0,0,0.0,0
0,singlebungle1472-20230713-115518-000.gif,data/raw/image_anomaly/benign/anigif_60030/singlebungle1472-20230713-115518-000.gif,11620878,40,1,0,0,0,0.1,image,0,0,0,0,0,1,1,0,0,0,189,7.962830023853165,3.0491309795353643,0.3816417313734814,0.007352542553153,256,0,0,0,2,0,0,0,2,0,0,0,0,0.0,0
0,singlebungle1472-20230713-134805-002.gif,data/raw/image_anomaly/benign/anigif_60030/singlebungle1472-20230713-134805-002.gif,2259244,40,1,0,0,0,0.1,image,0,0,0,0,0,1,1,0,0,0,36,7.931284866888688,5.538909765557392,0.3746076121038719,0.0120783766605112,256,0,0,0,0,0,0,0,0,0,0,0,0,0.0,0
0,singlebungle1472-20230716-055224-000.gif,data/raw/image_anomaly/benign/anigif_60030/singlebungle1472-20230716-055224-000.gif,11087035,40,1,0,0,0,0.1,image,0,0,0,0,0,1,1,0,0,0,181,7.940962349952638,5.115168898701708,0.3679454425822593,0.0151143204653002,256,0,0,0,1,0,0,0,1,0,0,0,0,0.0,0
0,singlebungle1472-20230718-191744-000.gif,data/raw/image_anomaly/benign/anigif_60030/singlebungle1472-20230718-191744-000.gif,17800701,40,1,0,0,0,0.1,image,0,0,0,0,0,1,1,0,0,0,286,7.968748702778722,5.52555425036562,0.3821026486541176,0.0055276474786021,256,0,0,0,2,0,0,0,2,0,0,0,0,0.0,0
0,singlebungle1472-20230726-221035-000.gif,data/raw/image_anomaly/benign/anigif_60030/singlebungle1472-20230726-221035-000.gif,10044720,40,1,0,0,0,0.1,image,0,0,0,0,0,1,1,0,0,0,209,7.995817757496518,5.06602441389348,0.3759180942823692,0.0036450991167498,256,0,0,0,1,0,0,0,1,0,0,0,0,0.0,0
0,singlebungle1472-20230728-031325-000.gif,data/raw/image_anomaly/benign/anigif_60030/singlebungle1472-20230728-031325-000.gif,20185748,40,1,0,0,0,0.1,image,0,0,0,0,0,1,1,0,0,0,264,7.922693177643053,5.208918898701708,0.3758913962465002,0.0073486996865313,256,0,0,0,2,0,0,0,2,0,0,0,0,0.0,0
0,singlebungle1472-20230802-081058-000.gif,data/raw/image_anomaly/benign/anigif_60030/singlebungle1472-20230802-081058-000.gif,8069354,40,1,0,0,0,0.1,image,0,0,0,0,0,1,1,0,0,0,149,7.996502081512119,5.120864648336088,0.3672080813408359,0.0037456529977492,256,1,0,0,1,0,0,0,1,0,0,0,0,0.0,0
0,singlebungle1472-20230805-053838-000.gif,data/raw/image_anomaly/benign/anigif_60030/singlebungle1472-20230805-053838-000.gif,3143277,40,1,0,0,0,0.1,image,0,0,0,0,0,1,1,0,0,0,50,7.981864794257114,5.695159765557392,0.3748909179814569,0.0079028987900207,256,0,0,0,0,0,0,0,0,0,0,0,0,0.0,0
0,singlebungle1472-20230813-165337-000.gif,data/raw/image_anomaly/benign/anigif_60030/singlebungle1472-20230813-165337-000.gif,6542755,40,1,0,0,0,0.1,image,0,0,0,0,0,1,1,0,0,0,101,7.996344597864068,5.394454882778696,0.3697309466730757,0.0051261280607328,256,0,0,0,0,0,0,0,0,0,0,0,0,0.0,0
0,singlebungle1472-20230903-195857-000.gif,data/raw/image_anomaly/benign/anigif_60030/singlebungle1472-20230903-195857-000.gif,14978530,40,1,0,0,0,0.1,image,0,0,0,0,0,1,1,0,0,0,204,7.903200210282476,5.6875,0.3728534108487281,0.0180539745889616,256,0,0,0,2,0,0,0,2,0,0,0,0,0.0,0
0,singlebungle1472-20230925-191302-000.gif,data/raw/image_anomaly/benign/anigif_60030/singlebungle1472-20230925-191302-000.gif,20120824,40,1,0,0,0,0.1,image,0,0,0,0,0,1,1,0,0,0,184,7.776721090885887,5.28477441389348,0.3593269341255606,0.0296065409647239,256,0,0,0,2,0,0,0,2,0,0,0,0,0.0,0
0,singlebungle1472-20231007-170257-000.gif,data/raw/image_anomaly/benign/anigif_60030/singlebungle1472-20231007-170257-000.gif,15105270,40,1,0,0,0,0.1,image,0,0,0,0,0,1,1,0,0,0,251,7.976416109330637,5.103373781480404,0.3766627806057091,0.0055934783026056,256,0,0,4,5,0,0,4,9,0,0,0,0,0.0,0
0,singlebungle1472-20231018-015144-000.gif,data/raw/image_anomaly/benign/anigif_60030/singlebungle1472-20231018-015144-000.gif,6469748,40,1,0,0,0,0.1,image,0,0,0,0,0,1,1,0,0,0,107,7.9936409435769855,3.6337169487584817,0.3720446298681185,0.0033260955449887,256,0,0,1,0,0,0,1,1,0,0,0,0,0.0,0
0,singlebungle1472-20231018-054923-000.gif,data/raw/image_anomaly/benign/anigif_60030/singlebungle1472-20231018-054923-000.gif,14328142,40,1,0,0,0,0.1,image,0,0,0,0,0,1,1,0,0,0,221,7.950649008851901,3.607389912208212,0.3797441426808863,0.006993858659413,256,0,0,52,3,0,0,52,55,0,0,0,0,0.0,0
0,singlebungle1472-20231019-060833-000.gif,data/raw/image_anomaly/benign/anigif_60030/singlebungle1472-20231019-060833-000.gif,7249966,40,1,0,0,0,0.1,image,0,0,0,0,0,1,1,0,0,0,128,7.984335166110335,1.3683927290103626,0.3785806719645306,0.0026280123244715,256,0,0,0,0,0,0,0,0,0,0,0,0,0.0,0
0,singlebungle1472-20231019-180050-000.gif,data/raw/image_anomaly/benign/anigif_60030/singlebungle1472-20231019-180050-000.gif,8995173,40,1,0,0,0,0.1,image,0,0,0,0,0,1,1,0,0,0,142,7.961266055432335,4.713457868318166,0.3688328173343637,0.0095275543894486,256,0,0,7,0,0,0,7,7,0,0,0,0,0.0,0
0,singlebungle1472-20231021-132252-000.gif,data/raw/image_anomaly/benign/anigif_60030/singlebungle1472-20231021-132252-000.gif,2080251,40,1,0,0,0,0.1,image,0,0,0,0,0,1,1,0,0,0,41,7.986941747935387,5.34727441389348,0.3751859751539598,0.0055262562065827,256,0,0,0,0,0,0,0,0,0,0,0,0,0.0,0
0,singlebungle1472-20231023-153700-000.gif,data/raw/image_anomaly/benign/anigif_60030/singlebungle1472-20231023-153700-000.gif,17803785,40,1,0,0,0,0.1,image,0,0,0,0,0,1,1,0,0,0,276,7.9401328426422735,4.896822516654254,0.3744792469691136,0.0107643964471599,256,0,0,0,1,0,0,0,1,0,0,0,0,0.0,0
0,singlebungle1472-20231028-230103-000.gif,data/raw/image_anomaly/benign/anigif_60030/singlebungle1472-20231028-230103-000.gif,18220218,40,1,0,0,0,0.1,image,0,0,0,0,0,1,1,0,0,0,271,7.921634477504738,5.550704882778696,0.375608239154987,0.0141755164510106,256,0,0,0,0,0,0,0,0,0,0,0,0,0.0,0
0,singlebungle1472-20231128-171225-000.gif,data/raw/image_anomaly/benign/anigif_60030/singlebungle1472-20231128-171225-000.gif,4085205,40,1,0,0,0,0.1,image,0,0,0,0,0,1,1,0,0,0,45,7.859542083530277,5.03775298553947,0.3653919448350817,0.0145441905608164,256,0,0,0,3,0,0,0,3,0,0,0,0,0.0,0
0,singlebungle1472-20231128-171229-001.gif,data/raw/image_anomaly/benign/anigif_60030/singlebungle1472-20231128-171229-001.gif,2614625,40,1,0,0,0,0.1,image,0,0,0,0,0,1,1,0,0,0,30,7.94513469943671,5.338054250365621,0.3700239996175359,0.0061764115312903,256,0,0,0,0,0,0,0,0,0,0,0,0,0.0,0
0,singlebungle1472-20231205-181750-000.gif,data/raw/image_anomaly/benign/anigif_60030/singlebungle1472-20231205-181750-000.gif,15160987,40,1,0,0,0,0.1,image,0,0,0,0,0,1,1,0,0,0,231,7.914698557543883,5.613204882778696,0.3704396686046891,0.0166813018176191,256,0,0,0,2,0,0,0,2,0,0,0,0,0.0,0
0,singlebungle1472-20231212-193427-000.gif,data/raw/image_anomaly/benign/anigif_60030/singlebungle1472-20231212-193427-000.gif,10251780,40,1,0,0,0,0.1,image,0,0,0,0,0,1,1,0,0,0,121,7.941995901998109,4.771418898701708,0.3635365760872746,0.0126049329970014,256,1,0,0,3,0,0,0,3,0,0,0,0,0.0,0
0,singlebungle1472-20231230-081710-000-resize.gif,data/raw/image_anomaly/benign/anigif_60030/singlebungle1472-20231230-081710-000-resize.gif,10446726,47,1,0,0,0,0.1063829787234042,image,0,0,0,0,0,1,1,0,0,0,130,7.880554131519704,5.102719969293429,0.3724003099152787,0.0180472810333112,256,1,0,0,0,0,0,0,0,0,0,0,0,0.0,0
0,singlebungle1472-20240103-145350-000-resize.gif,data/raw/image_anomaly/benign/anigif_60030/singlebungle1472-20240103-145350-000-resize.gif,14854846,47,1,0,0,0,0.1063829787234042,image,0,0,0,0,0,1,1,0,0,0,308,7.995088644044769,5.183364648336088,0.3711925387849863,0.0054935608218355,256,0,0,0,1,0,0,0,1,0,0,0,0,0.0,0
0,singlebungle1472-20240105-052129-000-resize.gif,data/raw/image_anomaly/benign/anigif_60030/singlebungle1472-20240105-052129-000-resize.gif,16043815,47,1,0,0,0,0.1063829787234042,image,0,0,0,0,0,1,1,0,0,0,284,7.977195765240289,5.132659765557392,0.3725925535790583,0.0057018234129476,256,0,0,0,2,0,0,0,2,0,0,0,0,0.0,0
0,singlebungle1472-20240215-112016-000.gif,data/raw/image_anomaly/benign/anigif_60030/singlebungle1472-20240215-112016-000.gif,4833677,40,1,0,0,0,0.1,image,0,0,0,0,0,1,1,0,0,0,52,7.95309960935977,5.263759133144316,0.367301125002767,0.0106728273320703,256,0,0,0,1,0,0,0,1,0,0,0,0,0.0,0
0,singlebungle1472-20240603-050730-000.gif,data/raw/image_anomaly/benign/anigif_60030/singlebungle1472-20240603-050730-000.gif,2248491,40,1,0,0,0,0.1,image,0,0,0,0,0,1,1,0,0,0,32,7.967546522568332,5.366729296672176,0.3722247498433393,0.0064701170696258,256,0,0,0,0,0,0,0,0,0,0,0,0,0.0,0
0,singlebungle1472-20240603-054006-000.gif,data/raw/image_anomaly/benign/anigif_60030/singlebungle1472-20240603-054006-000.gif,5784786,40,1,0,0,0,0.1,image,0,0,0,0,0,1,1,0,0,0,72,7.958744506048748,5.197123781480403,0.3668763200574749,0.0097061498904194,256,0,0,0,2,0,0,0,2,0,0,0,0,0.0,0
0,singlebungle1472-20240603-055606-000.gif,data/raw/image_anomaly/benign/anigif_60030/singlebungle1472-20240603-055606-000.gif,7474516,40,1,0,0,0,0.1,image,0,0,0,0,0,1,1,0,0,0,100,7.940785195327799,5.706954882778696,0.3667334446805653,0.0089924217166703,256,0,0,0,0,0,0,0,0,0,0,0,0,0.0,0
0,singlebungle1472-20240603-060324-000.gif,data/raw/image_anomaly/benign/anigif_60030/singlebungle1472-20240603-060324-000.gif,4175165,40,1,0,0,0,0.1,image,0,0,0,0,0,1,1,0,0,0,80,7.976829387675277,5.1540786642591,0.3677483404847473,0.0062835840020693,256,0,0,0,0,0,0,0,0,0,0,0,0,0.0,0
0,dcbest-20230112-232910-000-resize.gif,data/raw/image_anomaly/benign/anigif_60031/dcbest-20230112-232910-000-resize.gif,13298732,37,1,0,0,0,0.1351351351351351,image,0,0,0,0,0,1,1,0,0,0,238,7.992994913635041,5.164313383509937,0.3770635425993997,0.0045355451933312,256,0,0,0,2,0,0,0,2,0,0,0,0,0.0,0
0,dcbest-20230128-183722-000-resize.gif,data/raw/image_anomaly/benign/anigif_60031/dcbest-20230128-183722-000-resize.gif,18243349,37,1,0,0,0,0.1351351351351351,image,0,0,0,0,0,1,1,0,0,0,262,7.970199312016422,5.382659765557392,0.3828524028126634,0.0066085453937212,256,0,0,0,4,0,0,0,4,0,0,0,0,0.0,0
0,dcbest-20230218-093503-000-resize.gif,data/raw/image_anomaly/benign/anigif_60031/dcbest-20230218-093503-000-resize.gif,17031108,37,1,0,0,0,0.1351351351351351,image,0,0,0,0,0,1,1,0,0,0,281,7.968948671553851,5.145765086514733,0.3739050330724225,0.0065900586150942,256,0,0,0,2,0,0,0,2,0,0,0,0,0.0,0
0,dcbest-20230303-195940-000-resize.gif,data/raw/image_anomaly/benign/anigif_60031/dcbest-20230303-195940-000-resize.gif,1931891,37,1,0,0,0,0.1351351351351351,image,0,0,0,0,0,1,1,0,0,0,20,7.913924098953338,5.02555425036562,0.3665827937497509,0.0097536558739597,256,0,0,0,0,0,0,0,0,0,0,0,0,0.0,0
0,dcbest-20230415-155449-000-resize.gif,data/raw/image_anomaly/benign/anigif_60031/dcbest-20230415-155449-000-resize.gif,5856153,37,1,0,0,0,0.1351351351351351,image,0,0,0,0,0,1,1,0,0,0,81,7.924894891861181,4.970714015923012,0.3668275060436433,0.0147132426355663,256,0,0,0,2,0,0,0,2,0,0,0,0,0.0,0
0,ghostsoul-20230110-211345-000-resize.gif,data/raw/image_anomaly/benign/anigif_60031/ghostsoul-20230110-211345-000-resize.gif,13391243,40,1,0,0,0,0.125,image,0,0,0,0,0,1,1,0,0,0,215,7.931573877211266,4.933364648336088,0.3723631181959733,0.0102108519724419,256,0,0,0,5,0,0,0,5,0,0,0,0,0.0,0
0,latale-20230112-050627-000-resize.gif,data/raw/image_anomaly/benign/anigif_60031/latale-20230112-050627-000-resize.gif,7695385,37,1,0,0,0,0.1351351351351351,image,0,0,0,0,0,1,1,0,0,0,107,7.93889045118619,5.495864648336088,0.3684434242081455,0.0099067168179369,256,0,0,0,1,0,0,0,1,0,0,0,0,0.0,0
0,pokipoki-20230305-095117-000-resize.gif,data/raw/image_anomaly/benign/anigif_60031/pokipoki-20230305-095117-000-resize.gif,383726,39,1,0,0,0,0.1282051282051282,image,0,0,0,0,0,1,1,0,0,0,2,7.988195178049098,5.331954882778696,0.3566060157508222,0.0072838431589206,256,0,0,0,0,0,0,0,0,0,0,0,0,0.0,0
0,singlebungle1472-20221218-091113-000-resize.gif,data/raw/image_anomaly/benign/anigif_60031/singlebungle1472-20221218-091113-000-resize.gif,2262583,47,1,0,0,0,0.1063829787234042,image,0,0,0,0,0,1,1,0,0,0,26,7.894891061355397,5.558364648336088,0.3719014948843865,0.0141227968211552,256,0,0,0,0,0,0,0,0,0,0,0,0,0.0,0
0,singlebungle1472-20221218-091909-000-resize.gif,data/raw/image_anomaly/benign/anigif_60031/singlebungle1472-20221218-091909-000-resize.gif,7426152,47,1,0,0,0,0.1063829787234042,image,0,0,0,0,0,1,1,0,0,0,141,7.997252405265277,4.708307960931275,0.3697371128412131,0.004702704711673,256,0,0,0,0,0,0,0,0,0,0,0,0,0.0,0
0,singlebungle1472-20221218-111855-000-resize.gif,data/raw/image_anomaly/benign/anigif_60031/singlebungle1472-20221218-111855-000-resize.gif,4879480,47,1,0,0,0,0.1063829787234042,image,0,0,0,0,0,1,1,0,0,0,64,7.913525370400519,3.02586902790331,0.3712088173329945,0.0123435284087648,256,0,0,27,1,0,0,27,28,0,0,0,0,0.0,0
0,singlebungle1472-20221218-225042-000-resize.gif,data/raw/image_anomaly/benign/anigif_60031/singlebungle1472-20221218-225042-000-resize.gif,19443666,47,1,0,0,0,0.1063829787234042,image,0,0,0,0,0,1,1,0,0,0,371,7.995081257039312,5.167434179450872,0.3754722489061476,0.0026855532284909,256,1,0,0,3,0,0,0,3,0,0,0,0,0.0,0
0,singlebungle1472-20221219-180348-000-resize.gif,data/raw/image_anomaly/benign/anigif_60031/singlebungle1472-20221219-180348-000-resize.gif,2096584,47,1,0,0,0,0.1063829787234042,image,0,0,0,0,0,1,1,0,0,0,32,7.966691118502501,5.675704882778696,0.3730520694615622,0.0111204702506553,256,0,0,0,0,0,0,0,0,0,0,0,0,0.0,0
0,singlebungle1472-20221222-135545-000-resize.gif,data/raw/image_anomaly/benign/anigif_60031/singlebungle1472-20221222-135545-000-resize.gif,11738778,47,1,0,0,0,0.1063829787234042,image,0,0,0,0,0,1,1,0,0,0,189,7.949929386407861,5.37852441389348,0.376780359931843,0.0119353990679438,256,0,0,0,1,0,0,0,1,0,0,0,0,0.0,0
0,singlebungle1472-20221222-163851-000-resize.gif,data/raw/image_anomaly/benign/anigif_60031/singlebungle1472-20221222-163851-000-resize.gif,905319,47,1,0,0,0,0.1063829787234042,image,0,0,0,0,0,1,1,0,0,0,11,7.908133518387921,5.59375,0.3653165348346825,0.0146047967622462,256,0,0,0,0,0,0,0,0,0,0,0,0,0.0,0
0,singlebungle1472-20221222-164041-000-resize.gif,data/raw/image_anomaly/benign/anigif_60031/singlebungle1472-20221222-164041-000-resize.gif,15671789,47,1,0,0,0,0.1063829787234042,image,0,0,0,0,0,1,1,0,0,0,267,7.974130746189705,5.519454882778696,0.3789590326924386,0.009597691750444,256,0,0,0,2,0,0,0,2,0,0,0,0,0.0,0
0,singlebungle1472-20221222-164432-000-resize.gif,data/raw/image_anomaly/benign/anigif_60031/singlebungle1472-20221222-164432-000-resize.gif,7451852,47,1,0,0,0,0.1063829787234042,image,0,0,0,0,0,1,1,0,0,0,80,7.88740248098556,4.670958593344349,0.3719900770976128,0.0110706707540622,256,0,0,0,0,0,0,0,0,0,0,0,0,0.0,0
0,singlebungle1472-20221223-160453-000-resize.gif,data/raw/image_anomaly/benign/anigif_60031/singlebungle1472-20221223-160453-000-resize.gif,5500863,47,1,0,0,0,0.1063829787234042,image,0,0,0,0,0,1,1,0,0,0,89,7.9216197522775,4.320356063692049,0.375803396667032,0.0071879630523428,256,0,0,0,1,0,0,0,1,0,0,0,0,0.0,0
0,singlebungle1472-20221228-103744-000-resize.gif,data/raw/image_anomaly/benign/anigif_60031/singlebungle1472-20221228-103744-000-resize.gif,11888667,47,1,0,0,0,0.1063829787234042,image,0,0,0,0,0,1,1,0,0,0,203,7.966033690262429,3.0491309795353643,0.384528728073551,0.0067739301639115,256,0,0,0,4,0,0,0,4,0,0,0,0,0.0,0
0,singlebungle1472-20221228-105311-000-resize.gif,data/raw/image_anomaly/benign/anigif_60031/singlebungle1472-20221228-105311-000-resize.gif,5967107,47,1,0,0,0,0.1063829787234042,image,0,0,0,0,0,1,1,0,0,0,110,7.9214751822770815,5.245864648336088,0.3704649506033661,0.0141480620340811,256,0,0,0,0,0,0,0,0,0,0,0,0,0.0,0
0,singlebungle1472-20230103-203401-000-resize.gif,data/raw/image_anomaly/benign/anigif_60031/singlebungle1472-20230103-203401-000-resize.gif,7355622,47,1,0,0,0,0.1063829787234042,image,0,0,0,0,0,1,1,0,0,0,124,7.987291504486706,5.220714015923013,0.3698864623549171,0.0060962893416763,256,0,0,0,0,0,0,0,0,0,0,0,0,0.0,0
0,singlebungle1472-20230104-021640-000-resize.gif,data/raw/image_anomaly/benign/anigif_60031/singlebungle1472-20230104-021640-000-resize.gif,9642800,47,1,0,0,0,0.1063829787234042,image,0,0,0,0,0,1,1,0,0,0,132,7.949409902506142,5.706954882778696,0.3723952586385697,0.0077596756128925,256,1,0,0,0,0,0,0,0,0,0,0,0,0.0,0
0,singlebungle1472-20230104-021641-001-resize.gif,data/raw/image_anomaly/benign/anigif_60031/singlebungle1472-20230104-021641-001-resize.gif,2982200,47,1,0,0,0,0.1063829787234042,image,0,0,0,0,0,1,1,0,0,0,62,7.994869577856097,5.507659765557392,0.371470726309436,0.0032261417745288,256,0,0,0,2,0,0,0,2,0,0,0,0,0.0,0
0,singlebungle1472-20230104-185918-000-resize.gif,data/raw/image_anomaly/benign/anigif_60031/singlebungle1472-20230104-185918-000-resize.gif,5805525,47,1,0,0,0,0.1063829787234042,image,0,0,0,0,0,1,1,0,0,0,59,7.932724208347236,5.515319531114784,0.360900865985419,0.0105847447043979,256,0,0,0,0,0,0,0,0,0,0,0,0,0.0,0
0,singlebungle1472-20230108-225712-000-resize.gif,data/raw/image_anomaly/benign/anigif_60031/singlebungle1472-20230108-225712-000-resize.gif,16701627,47,1,0,0,0,0.1063829787234042,image,0,0,0,0,0,1,1,0,0,0,311,7.941599805881209,5.425704882778696,0.3758851757376691,0.0144193137590726,256,0,0,0,4,0,0,0,4,0,0,0,0,0.0,0
0,singlebungle1472-20230109-182200-000-resize.gif,data/raw/image_anomaly/benign/anigif_60031/singlebungle1472-20230109-182200-000-resize.gif,3149185,47,1,0,0,0,0.1063829787234042,image,0,0,0,0,0,1,1,0,0,0,36,7.923079877185695,5.706954882778696,0.3755235084633008,0.0160225582174435,256,0,0,0,1,0,0,0,1,0,0,0,0,0.0,0
0,singlebungle1472-20230116-052028-000-resize.gif,data/raw/image_anomaly/benign/anigif_60031/singlebungle1472-20230116-052028-000-resize.gif,2993777,47,1,0,0,0,0.1063829787234042,image,0,0,0,0,0,1,1,0,0,0,46,7.965363035206941,4.722678031846025,0.3642525812710833,0.0109196509960494,256,0,0,0,1,0,0,0,1,0,0,0,0,0.0,0
0,singlebungle1472-20230116-052110-000-resize.gif,data/raw/image_anomaly/benign/anigif_60031/singlebungle1472-20230116-052110-000-resize.gif,13936543,47,1,0,0,0,0.1063829787234042,image,0,0,0,0,0,1,1,0,0,0,218,7.9605523983210995,5.06602441389348,0.3728931916616624,0.0101319961485427,256,0,0,0,0,0,0,0,0,0,0,0,0,0.0,0
0,singlebungle1472-20230123-183820-000-resize.gif,data/raw/image_anomaly/benign/anigif_60031/singlebungle1472-20230123-183820-000-resize.gif,1743807,47,1,0,0,0,0.1063829787234042,image,0,0,0,0,0,1,1,0,0,0,19,7.7463677569745135,3.665012649475541,0.3620675911955853,0.0239533388729372,256,0,0,4,1,0,0,4,5,0,0,0,0,0.0,0
0,singlebungle1472-20230129-231429-000-resize.gif,data/raw/image_anomaly/benign/anigif_60031/singlebungle1472-20230129-231429-000-resize.gif,9176756,47,1,0,0,0,0.1063829787234042,image,0,0,0,0,0,1,1,0,0,0,117,7.918222757394476,5.6875,0.3712077557690321,0.0139596171021655,256,0,0,0,2,0,0,0,2,0,0,0,0,0.0,0
0,singlebungle1472-20230208-044706-000-resize.gif,data/raw/image_anomaly/benign/anigif_60031/singlebungle1472-20230208-044706-000-resize.gif,5196216,47,1,0,0,0,0.1063829787234042,image,0,0,0,0,0,1,1,0,0,0,66,7.961792624717098,4.991729296672175,0.3772880111219395,0.0086103041136088,256,0,0,0,2,0,0,0,2,0,0,0,0,0.0,0
0,singlebungle1472-20230218-211650-001-resize.gif,data/raw/image_anomaly/benign/anigif_60031/singlebungle1472-20230218-211650-001-resize.gif,5645331,47,1,0,0,0,0.1063829787234042,image,0,0,0,0,0,1,1,0,0,0,90,7.957796030921226,5.675704882778696,0.3724226267689175,0.0072454564665915,256,0,0,0,2,0,0,0,2,0,0,0,0,0.0,0
0,singlebungle1472-20230218-211650-002-resize.gif,data/raw/image_anomaly/benign/anigif_60031/singlebungle1472-20230218-211650-002-resize.gif,9891823,47,1,0,0,0,0.1063829787234042,image,0,0,0,0,0,1,1,0,0,0,193,7.994870520429103,5.12852441389348,0.3708806758875487,0.0063409949814104,256,0,0,47,0,0,0,47,47,0,0,0,0,0.0,0
0,singlebungle1472-20230218-211650-003-resize.gif,data/raw/image_anomaly/benign/anigif_60031/singlebungle1472-20230218-211650-003-resize.gif,7573041,47,1,0,0,0,0.1063829787234042,image,0,0,0,0,0,1,1,0,0,0,106,7.924000364463842,5.421569531114784,0.365990491798473,0.0177832128467282,256,0,0,0,3,0,0,0,3,0,0,0,0,0.0,0
0,singlebungle1472-20230227-191900-000-resize.gif,data/raw/image_anomaly/benign/anigif_60031/singlebungle1472-20230227-191900-000-resize.gif,3570422,47,1,0,0,0,0.1063829787234042,image,0,0,0,0,0,1,1,0,0,0,53,7.986835476414067,5.363204882778696,0.3624159833207391,0.0055542454085259,256,0,0,0,1,0,0,0,1,0,0,0,0,0.0,0
0,singlebungle1472-20230308-151038-001-resize.gif,data/raw/image_anomaly/benign/anigif_60031/singlebungle1472-20230308-151038-001-resize.gif,6922779,47,1,0,0,0,0.1063829787234042,image,0,0,0,0,0,1,1,0,0,0,90,7.894987892524423,5.015319531114784,0.3575409528456708,0.0146168178992858,256,0,0,0,0,0,0,0,0,0,0,0,0,0.0,0
0,singlebungle1472-20230311-052139-000-resize.gif,data/raw/image_anomaly/benign/anigif_60031/singlebungle1472-20230311-052139-000-resize.gif,4037057,47,1,0,0,0,0.1063829787234042,image,0,0,0,0,0,1,1,0,0,0,51,7.972525625786647,3.04951552921258,0.3766010735047833,0.0074044037525355,256,0,0,0,3,0,0,0,3,0,0,0,0,0.0,0
0,singlebungle1472-20230315-003256-000-resize.gif,data/raw/image_anomaly/benign/anigif_60031/singlebungle1472-20230315-003256-000-resize.gif,6667308,47,1,0,0,0,0.1063829787234042,image,0,0,0,0,0,1,1,0,0,0,88,7.905847886994424,5.570159765557392,0.3650263344666243,0.0131480351590177,256,0,0,0,1,0,0,0,1,0,0,0,0,0.0,0
0,singlebungle1472-20230325-045357-000-resize.gif,data/raw/image_anomaly/benign/anigif_60031/singlebungle1472-20230325-045357-000-resize.gif,12956131,47,1,0,0,0,0.1063829787234042,image,0,0,0,0,0,1,1,0,0,0,194,7.932359192516826,4.951259133144317,0.37460164612414,0.0153054179523192,256,0,0,0,3,0,0,0,3,0,0,0,0,0.0,0
0,singlebungle1472-20230331-165203-000-resize.gif,data/raw/image_anomaly/benign/anigif_60031/singlebungle1472-20230331-165203-000-resize.gif,4391263,47,1,0,0,0,0.1063829787234042,image,0,0,0,0,0,1,1,0,0,0,57,7.987057327994898,5.402114648336088,0.3479151670032061,0.0064045355516169,256,0,0,0,0,0,0,0,0,0,0,0,0,0.0,0
0,singlebungle1472-20230402-225036-000-resize.gif,data/raw/image_anomaly/benign/anigif_60031/singlebungle1472-20230402-225036-000-resize.gif,7854280,47,1,0,0,0,0.1063829787234042,image,0,0,0,0,0,1,1,0,0,0,98,7.941909245978353,5.84375,0.3698903018481643,0.0073703764062396,256,0,0,0,1,0,0,0,1,0,0,0,0,0.0,0
0,singlebungle1472-20230408-092130-000-resize.gif,data/raw/image_anomaly/benign/anigif_60031/singlebungle1472-20230408-092130-000-resize.gif,3665976,47,1,0,0,0,0.1063829787234042,image,0,0,0,0,0,1,1,0,0,0,53,7.982310987295811,5.550704882778696,0.3587857640093661,0.0066481613627585,256,0,0,0,0,0,0,0,0,0,0,0,0,0.0,0
0,singlebungle1472-20230418-205808-000-resize.gif,data/raw/image_anomaly/benign/anigif_60031/singlebungle1472-20230418-205808-000-resize.gif,13582602,47,1,0,0,0,0.1063829787234042,image,0,0,0,0,0,1,1,0,0,0,179,7.864776805018011,5.331954882778696,0.3678301845257631,0.0123160496052229,256,0,0,3,0,0,0,3,3,0,0,0,0,0.0,0
0,singlebungle1472-20230423-232512-000-resize.gif,data/raw/image_anomaly/benign/anigif_60031/singlebungle1472-20230423-232512-000-resize.gif,10091284,47,1,0,0,0,0.1063829787234042,image,0,0,0,0,0,1,1,0,0,0,186,7.995802605739215,5.083918898701709,0.369197220096075,0.0048276314490802,256,0,0,0,1,0,0,0,1,0,0,0,0,0.0,0
0,singlebungle1472-20230425-121720-000-resize.gif,data/raw/image_anomaly/benign/anigif_60031/singlebungle1472-20230425-121720-000-resize.gif,8090763,47,1,0,0,0,0.1063829787234042,image,0,0,0,0,0,1,1,0,0,0,112,7.922263923410064,5.272979296672176,0.3630496901219329,0.0120710494177125,256,0,0,0,0,0,0,0,0,0,0,0,0,0.0,0
0,singlebungle1472-20230426-134318-000-resize.gif,data/raw/image_anomaly/benign/anigif_60031/singlebungle1472-20230426-134318-000-resize.gif,19670900,47,1,0,0,0,0.1063829787234042,image,0,0,0,0,0,1,1,0,0,0,265,7.932598269158164,4.921569531114784,0.3740754617226461,0.0074170983534052,256,0,0,2,1,0,0,2,3,0,0,0,0,0.0,0
0,singlebungle1472-20230501-040502-000-resize.gif,data/raw/image_anomaly/benign/anigif_60031/singlebungle1472-20230501-040502-000-resize.gif,2790466,47,1,0,0,0,0.1063829787234042,image,0,0,0,0,0,1,1,0,0,0,33,7.944815059930852,3.52924863813976,0.3818720600788542,0.0084691947509842,256,0,0,1,0,0,0,1,1,0,0,0,0,0.0,0
0,singlebungle1472-20230511-104542-000-resize.gif,data/raw/image_anomaly/benign/anigif_60031/singlebungle1472-20230511-104542-000-resize.gif,2085633,47,1,0,0,0,0.1063829787234042,image,0,0,0,0,0,1,1,0,0,0,39,7.975468997026258,5.537349367586925,0.3796938387530308,0.0082574451017988,256,0,0,0,1,0,0,0,1,0,0,0,0,0.0,0
0,singlebungle1472-20230517-120335-000-resize.gif,data/raw/image_anomaly/benign/anigif_60031/singlebungle1472-20230517-120335-000-resize.gif,11391943,47,1,0,0,0,0.1063829787234042,image,0,0,0,0,0,1,1,0,0,0,121,7.831529231419942,5.359069531114784,0.361125929088655,0.0235808764141463,256,0,0,0,4,0,0,0,4,0,0,0,0,0.0,0
0,singlebungle1472-20230524-185534-000.gif,data/raw/image_anomaly/benign/anigif_60031/singlebungle1472-20230524-185534-000.gif,10448585,40,1,0,0,0,0.1,image,0,0,0,0,0,1,1,0,0,0,207,7.995340745243283,5.445159765557392,0.3638670690816029,0.006197107072393,256,0,0,2,0,0,0,2,2,0,0,0,0,0.0,0
0,singlebungle1472-20220927-214340-000-resize.gif,data/raw/image_anomaly/benign/dcbest_80629/singlebungle1472-20220927-214340-000-resize.gif,8207586,47,1,0,0,0,0.1063829787234042,image,0,0,0,0,0,1,1,0,0,0,115,7.921689474446488,5.75,0.3842964301561994,0.0136494457688289,256,0,0,0,1,0,0,0,1,0,0,0,0,0.0,0
0,singlebungle1472-20220927-214340-001-resize.gif,data/raw/image_anomaly/benign/dcbest_80629/singlebungle1472-20220927-214340-001-resize.gif,6851646,47,1,0,0,0,0.1063829787234042,image,0,0,0,0,0,1,1,0,0,0,51,7.776227656743265,5.8125,0.3624823874438346,0.0187225084308208,256,4,0,0,2,0,0,0,2,0,0,0,0,0.0,0
0,singlebungle1472-20220927-214340-002-resize.gif,data/raw/image_anomaly/benign/dcbest_80629/singlebungle1472-20220927-214340-002-resize.gif,8274840,47,1,0,0,0,0.1063829787234042,image,0,0,0,0,0,1,1,0,0,0,113,7.914614187742727,5.675704882778696,0.3716952835341831,0.0132610419053419,256,0,0,0,1,0,0,0,1,0,0,0,0,0.0,0
0,singlebungle1472-20220927-214340-003-resize.gif,data/raw/image_anomaly/benign/dcbest_80629/singlebungle1472-20220927-214340-003-resize.gif,9287617,47,1,0,0,0,0.1063829787234042,image,0,0,0,0,0,1,1,0,0,0,95,7.801715830236212,5.119304250365621,0.3600945215548832,0.0235241181887668,256,0,0,0,0,0,0,0,0,0,0,0,0,0.0,0
0,singlebungle1472-20220927-214340-004-resize.gif,data/raw/image_anomaly/benign/dcbest_80629/singlebungle1472-20220927-214340-004-resize.gif,4848756,47,1,0,0,0,0.1063829787234042,image,0,0,0,0,0,1,1,0,0,0,48,7.845675864989505,5.025554250365621,0.3630935439935521,0.0215896613481891,256,0,0,0,0,0,0,0,0,0,0,0,0,0.0,0
0,singlebungle1472-20220927-214340-005-resize.gif,data/raw/image_anomaly/benign/dcbest_80629/singlebungle1472-20220927-214340-005-resize.gif,4614397,47,1,0,0,0,0.1063829787234042,image,0,0,0,0,0,1,1,0,0,0,64,7.952473439106795,5.245864648336088,0.3732708737458003,0.0086258291170005,256,0,0,0,1,0,0,0,1,0,0,0,0,0.0,0
0,singlebungle1472-20220927-214340-006-resize.gif,data/raw/image_anomaly/benign/dcbest_80629/singlebungle1472-20220927-214340-006-resize.gif,9319872,47,1,0,0,0,0.1063829787234042,image,0,0,0,0,0,1,1,0,0,0,200,7.995580645189654,4.902518266288633,0.3771603300989541,0.0035821307417097,256,0,0,0,0,0,0,0,0,0,0,0,0,0.0,0
0,singlebungle1472-20220927-214340-007-resize.gif,data/raw/image_anomaly/benign/dcbest_80629/singlebungle1472-20220927-214340-007-resize.gif,4049124,47,1,0,0,0,0.1063829787234042,image,0,0,0,0,0,1,1,0,0,0,66,7.981467224477321,5.214614648336088,0.3718853757010158,0.0062285076969734,256,0,0,0,0,0,0,0,0,0,0,0,0,0.0,0
0,singlebungle1472-20220927-214340-008-resize.gif,data/raw/image_anomaly/benign/dcbest_80629/singlebungle1472-20220927-214340-008-resize.gif,9706287,47,1,0,0,0,0.1063829787234042,image,0,0,0,0,0,1,1,0,0,0,119,7.909676904603986,5.5,0.3730345084582807,0.0090373383766624,256,0,0,0,1,0,0,0,1,0,0,0,0,0.0,0
0,singlebungle1472-20220927-214340-009-resize.gif,data/raw/image_anomaly/benign/dcbest_80629/singlebungle1472-20220927-214340-009-resize.gif,3837940,47,1,0,0,0,0.1063829787234042,image,0,0,0,0,0,1,1,0,0,0,58,7.9643892432514845,5.327819531114784,0.375871691584548,0.007190576194521,256,0,0,91,0,0,0,91,91,0,0,0,0,0.0,0
0,singlebungle1472-20220927-214340-010-resize.gif,data/raw/image_anomaly/benign/dcbest_80629/singlebungle1472-20220927-214340-010-resize.gif,6715527,47,1,0,0,0,0.1063829787234042,image,0,0,0,0,0,1,1,0,0,0,150,7.9970991400124705,5.183364648336088,0.3764215377289079,0.0048563575129695,256,0,1,1,0,0,0,1,1,0,0,0,0,0.0,0
0,singlebungle1472-20220927-214340-011-resize.gif,data/raw/image_anomaly/benign/dcbest_80629/singlebungle1472-20220927-214340-011-resize.gif,2286628,47,1,0,0,0,0.1063829787234042,image,0,0,0,0,0,1,1,0,0,0,38,7.973767119057618,5.65625,0.3536504407363157,0.0085895038458376,256,0,0,0,0,0,0,0,0,0,0,0,0,0.0,0
0,singlebungle1472-20220927-214340-012-resize.gif,data/raw/image_anomaly/benign/dcbest_80629/singlebungle1472-20220927-214340-012-resize.gif,8663542,47,1,0,0,0,0.1063829787234042,image,0,0,0,0,0,1,1,0,0,0,81,7.856617196673716,5.78125,0.3603336833826165,0.0141431760820228,256,4,0,0,0,0,0,0,0,0,0,0,0,0.0,0
0,singlebungle1472-20220927-214340-013-resize.gif,data/raw/image_anomaly/benign/dcbest_80629/singlebungle1472-20220927-214340-013-resize.gif,4589452,47,1,0,0,0,0.1063829787234042,image,0,0,0,0,0,1,1,0,0,0,44,7.941960226207297,5.456954882778696,0.3671915514096236,0.0103245441939473,256,0,0,0,0,0,0,0,0,0,0,0,0,0.0,0
0,singlebungle1472-20220927-214340-014-resize.gif,data/raw/image_anomaly/benign/dcbest_80629/singlebungle1472-20220927-214340-014-resize.gif,2029131,47,1,0,0,0,0.1063829787234042,image,0,0,0,0,0,1,1,0,0,0,22,7.9192177310594305,4.181303861896761,0.3714309228926077,0.0132105812783896,256,0,0,0,0,0,0,0,0,0,0,0,0,0.0,0
0,singlebungle1472-20220927-214340-015-resize.gif,data/raw/image_anomaly/benign/dcbest_80629/singlebungle1472-20220927-214340-015-resize.gif,5749807,47,1,0,0,0,0.1063829787234042,image,0,0,0,0,0,1,1,0,0,0,72,7.758409849332134,4.935328664259101,0.3625302553633539,0.0152900784321978,256,0,1,3,0,0,0,3,3,0,0,0,0,0.0,0
0,singlebungle1472-20220927-214340-016-resize.gif,data/raw/image_anomaly/benign/dcbest_80629/singlebungle1472-20220927-214340-016-resize.gif,7845817,47,1,0,0,0,0.1063829787234042,image,0,0,0,0,0,1,1,0,0,0,98,7.903937282621677,5.53669555539995,0.3699788052665516,0.0115908897696696,256,0,0,0,1,0,0,0,1,0,0,0,0,0.0,0
0,singlebungle1472-20220927-214340-017-resize.gif,data/raw/image_anomaly/benign/dcbest_80629/singlebungle1472-20220927-214340-017-resize.gif,8201973,47,1,0,0,0,0.1063829787234042,image,0,0,0,0,0,1,1,0,0,0,109,7.931096578346093,5.026864454101657,0.3762997025227954,0.0093031274304365,256,4,0,0,2,0,0,0,2,0,0,0,0,0.0,0
0,singlebungle1472-20220927-214340-018-resize.gif,data/raw/image_anomaly/benign/dcbest_80629/singlebungle1472-20220927-214340-018-resize.gif,9213458,47,1,0,0,0,0.1063829787234042,image,0,0,0,0,0,1,1,0,0,0,156,7.989454605421,5.363204882778696,0.3788219363457238,0.0053315486975682,256,0,0,0,1,0,0,0,1,0,0,0,0,0.0,0
0,singlebungle1472-20220927-214340-019-resize.gif,data/raw/image_anomaly/benign/dcbest_80629/singlebungle1472-20220927-214340-019-resize.gif,7275071,47,1,0,0,0,0.1063829787234042,image,0,0,0,0,0,1,1,0,0,0,126,7.996095770298893,5.22227441389348,0.3646202215758444,0.0041994091878965,256,0,0,0,1,0,0,0,1,0,0,0,0,0.0,0
0,singlebungle1472-20220927-214340-020-resize.gif,data/raw/image_anomaly/benign/dcbest_80629/singlebungle1472-20220927-214340-020-resize.gif,4466247,47,1,0,0,0,0.1063829787234042,image,0,0,0,0,0,1,1,0,0,0,63,7.914995055615664,5.234069531114783,0.3758233702703858,0.009769947788378,256,0,0,0,1,0,0,0,1,0,0,0,0,0.0,0
0,met_110407_primary_000.jpg,data/raw/image_anomaly/benign/met/jpg/met_110407_primary_000.jpg,292738,26,1,0,0,0,0.1538461538461538,image,0,0,0,0,0,1,1,0,0,0,1,7.83071421118951,3.4813263972749766,0.3646332215154848,0.0266347382300897,256,6,0,1,0,0,0,1,1,0,0,0,0,0.0,0
0,met_118912_primary_000.jpg,data/raw/image_anomaly/benign/met/jpg/met_118912_primary_000.jpg,113295,26,1,0,0,0,0.1538461538461538,image,0,0,0,0,0,1,1,0,0,0,2,7.924775747206493,3.486897966696828,0.3876693587536961,0.0150668608499933,256,6,0,1,0,0,0,1,1,0,0,0,0,0.0,0
0,met_124281_primary_000.jpg,data/raw/image_anomaly/benign/met/jpg/met_124281_primary_000.jpg,26825,26,1,0,0,0,0.1538461538461538,image,0,0,0,0,0,1,1,0,0,0,0,7.482928220181126,3.487124768134792,0.4354520037278658,0.0330661696178937,256,6,0,1,0,0,0,1,1,0,0,0,0,0.0,0
0,met_13726_primary_000.jpg,data/raw/image_anomaly/benign/met/jpg/met_13726_primary_000.jpg,93973,25,1,0,0,0,0.16,image,0,0,0,0,0,1,1,0,0,0,1,7.844366985675618,3.4648626113540826,0.3901759015887542,0.0239004820533557,256,6,0,1,0,0,0,1,1,0,0,0,0,0.0,0
0,met_13997_primary_000.jpg,data/raw/image_anomaly/benign/met/jpg/met_13997_primary_000.jpg,545176,25,1,0,0,0,0.16,image,0,0,0,0,0,1,1,0,0,0,14,7.964865361755107,7.369471982405399,0.3753375056862371,0.0096225805978252,256,0,0,0,0,0,0,0,0,0,0,0,0,0.0,0
0,met_168368_primary_000.jpg,data/raw/image_anomaly/benign/met/jpg/met_168368_primary_000.jpg,1907608,26,1,0,0,0,0.1538461538461538,image,0,0,0,0,0,1,1,0,0,0,43,7.967878553732814,5.223957382371821,0.3761344049720907,0.010048186000478,256,18,0,0,0,0,0,0,0,0,0,0,0,0.0,0
0,met_1730_primary_000.jpg,data/raw/image_anomaly/benign/met/jpg/met_1730_primary_000.jpg,361361,24,1,0,0,0,0.1666666666666666,image,0,0,0,0,0,1,1,0,0,0,3,7.8370153861445635,4.925509018050759,0.3769333159914877,0.0267544090258771,256,15,0,0,0,0,0,0,0,0,0,0,0,0.0,0
0,met_189541_primary_000.jpg,data/raw/image_anomaly/benign/met/jpg/met_189541_primary_000.jpg,2631606,26,1,0,0,0,0.1538461538461538,image,0,0,0,0,0,1,1,0,0,0,20,7.969505605722203,5.136173867453954,0.3824903879988113,0.0087467500834091,256,18,0,0,0,0,0,0,0,0,0,0,0,0.0,0
0,met_189966_primary_000.jpg,data/raw/image_anomaly/benign/met/jpg/met_189966_primary_000.jpg,136703,26,1,0,0,0,0.1538461538461538,image,0,0,0,0,0,1,1,0,0,0,3,7.93882712828003,3.5947462113874518,0.3829469726341046,0.0099851502893133,256,6,0,0,0,0,0,0,0,0,0,0,0,0.0,0
0,met_192653_primary_000.jpg,data/raw/image_anomaly/benign/met/jpg/met_192653_primary_000.jpg,1224047,26,1,0,0,0,0.1538461538461538,image,0,0,0,0,0,1,1,0,0,0,36,7.940298385518478,6.40482290034854,0.3782036147304801,0.0137257801375273,256,13,0,0,0,0,0,0,0,0,0,0,0,0.0,0
0,met_195310_primary_000.jpg,data/raw/image_anomaly/benign/met/jpg/met_195310_primary_000.jpg,72095,26,1,0,0,0,0.1538461538461538,image,0,0,0,0,0,1,1,0,0,0,0,7.846840835146079,3.5729826515788763,0.3946875650183785,0.0132741521603439,256,6,0,0,0,0,0,0,0,0,0,0,0,0.0,0
0,met_197647_primary_000.jpg,data/raw/image_anomaly/benign/met/jpg/met_197647_primary_000.jpg,33932,26,1,0,0,0,0.1538461538461538,image,0,0,0,0,0,1,1,0,0,0,1,7.614351177410124,3.614169305923872,0.4255569963456324,0.0149711187080042,256,6,0,0,0,0,0,0,0,0,0,0,0,0.0,0
0,met_199017_primary_000.jpg,data/raw/image_anomaly/benign/met/jpg/met_199017_primary_000.jpg,566217,26,1,0,0,0,0.1538461538461538,image,0,0,0,0,0,1,1,0,0,0,9,7.911105083391749,4.916973113799022,0.3723254511962728,0.0189609284073067,256,15,0,0,0,0,0,0,0,0,0,0,0,0.0,0
0,met_202688_additional_001.jpg,data/raw/image_anomaly/benign/met/jpg/met_202688_additional_001.jpg,1662222,29,1,0,0,0,0.1379310344827586,image,0,0,0,0,0,1,1,0,0,0,42,7.944813290397543,6.420405085045108,0.3767372829862678,0.0115399748048094,256,13,0,0,0,0,0,0,0,0,0,0,0,0.0,0
0,met_202688_primary_000.jpg,data/raw/image_anomaly/benign/met/jpg/met_202688_primary_000.jpg,3847071,26,1,0,0,0,0.1538461538461538,image,0,0,0,0,0,1,1,0,0,0,75,7.982548085946585,6.444811999621993,0.3758173425964844,0.0097016665405967,256,13,0,0,0,0,0,0,0,0,0,0,0,0.0,0
0,met_207647_primary_000.jpg,data/raw/image_anomaly/benign/met/jpg/met_207647_primary_000.jpg,454149,26,1,0,0,0,0.1538461538461538,image,0,0,0,0,0,1,1,0,0,0,4,7.94838165478568,4.9245163042581686,0.3742406126623641,0.0156292318159899,256,15,0,0,0,0,0,0,0,0,0,0,0,0.0,0
0,met_209214_primary_000.jpg,data/raw/image_anomaly/benign/met/jpg/met_209214_primary_000.jpg,361486,26,1,0,0,0,0.1538461538461538,image,0,0,0,0,0,1,1,0,0,0,1,7.929147322316922,3.035060467058316,0.3744543357142462,0.0174363599143535,256,9,0,0,0,0,0,0,0,0,0,0,0,0.0,0
0,met_212718_primary_000.jpg,data/raw/image_anomaly/benign/met/jpg/met_212718_primary_000.jpg,3695139,26,1,0,0,0,0.1538461538461538,image,0,0,0,0,0,1,1,0,0,0,25,7.953369842134069,4.96327564066117,0.356986300109414,0.0166713620245408,256,17,0,0,0,0,0,0,0,0,0,0,0,0.0,0
0,met_215496_primary_000.jpg,data/raw/image_anomaly/benign/met/jpg/met_215496_primary_000.jpg,467366,26,1,0,0,0,0.1538461538461538,image,0,0,0,0,0,1,1,0,0,0,4,7.9655361572019645,3.0819346400335745,0.3652084233769679,0.0089522986267721,256,11,0,0,0,0,0,0,0,0,0,0,0,0.0,0
0,met_215628_primary_000.jpg,data/raw/image_anomaly/benign/met/jpg/met_215628_primary_000.jpg,2109232,26,1,0,0,0,0.1538461538461538,image,0,0,0,0,0,1,1,0,0,0,38,7.963440186973608,3.375448490983969,0.3610385201817533,0.0115700880699704,256,9,0,0,0,0,0,0,0,0,0,0,0,0.0,0
0,met_22020_primary_000.jpg,data/raw/image_anomaly/benign/met/jpg/met_22020_primary_000.jpg,1549607,25,1,0,0,0,0.16,image,0,0,0,0,0,1,1,0,0,0,36,7.911841730456955,5.035988200309349,0.3559076591677761,0.0096766470466382,256,15,0,0,0,0,0,0,0,0,0,0,0,0.0,0
0,met_223480_primary_000.jpg,data/raw/image_anomaly/benign/met/jpg/met_223480_primary_000.jpg,2887717,26,1,0,0,0,0.1538461538461538,image,0,0,0,0,0,1,1,0,0,0,31,7.95954220882269,3.386295863622929,0.3568434857016806,0.0113175910243282,256,9,0,0,1,0,0,0,1,0,0,0,0,0.0,0
0,met_227373_primary_000.jpg,data/raw/image_anomaly/benign/met/jpg/met_227373_primary_000.jpg,121863,26,1,0,0,0,0.1538461538461538,image,0,0,0,0,0,1,1,0,0,0,1,7.899134919866567,3.4629751152735966,0.3939013482353134,0.0136546777939161,256,6,0,1,0,0,0,1,1,0,0,0,0,0.0,0
0,met_227964_primary_000.jpg,data/raw/image_anomaly/benign/met/jpg/met_227964_primary_000.jpg,155509,26,1,0,0,0,0.1538461538461538,image,0,0,0,0,0,1,1,0,0,0,3,7.89132121556697,3.5235857555341856,0.3863634902160003,0.0158511726009427,256,6,0,1,0,0,0,1,1,0,0,0,0,0.0,0
0,met_229414_primary_000.jpg,data/raw/image_anomaly/benign/met/jpg/met_229414_primary_000.jpg,324655,26,1,0,0,0,0.1538461538461538,image,0,0,0,0,0,1,1,0,0,0,3,7.9482507851418625,4.970254972538387,0.3920777440667786,0.0145385101107329,256,17,0,0,0,0,0,0,0,0,0,0,0,0.0,0
0,met_236995_primary_000.jpg,data/raw/image_anomaly/benign/met/jpg/met_236995_primary_000.jpg,1922731,26,1,0,0,0,0.1538461538461538,image,0,0,0,0,0,1,1,0,0,0,60,7.963353336156713,4.748002824607996,0.3819551460916789,0.0099592714737526,256,23,0,0,0,0,0,0,0,0,0,0,0,0.0,0
0,met_239662_primary_000.jpg,data/raw/image_anomaly/benign/met/jpg/met_239662_primary_000.jpg,1792616,26,1,0,0,0,0.1538461538461538,image,0,0,0,0,0,1,1,0,0,0,13,7.901532665183036,4.9624445177979695,0.3683728138095387,0.0159805557910896,256,18,0,0,0,0,0,0,0,0,0,0,0,0.0,0
0,met_239826_primary_000.jpg,data/raw/image_anomaly/benign/met/jpg/met_239826_primary_000.jpg,1390916,26,1,0,0,0,0.1538461538461538,image,0,0,0,0,0,1,1,0,0,0,11,7.836622110254948,4.9199564277073655,0.3651111929117215,0.0232041331036525,256,13,0,0,0,0,0,0,0,0,0,0,0,0.0,0
0,met_239961_primary_000.jpg,data/raw/image_anomaly/benign/met/jpg/met_239961_primary_000.jpg,1697462,26,1,0,0,0,0.1538461538461538,image,0,0,0,0,0,1,1,0,0,0,33,7.97115754421874,6.316235584879275,0.3723311626416379,0.011021748940477,256,13,0,0,0,0,0,0,0,0,0,0,0,0.0,0
0,met_241703_primary_000.jpg,data/raw/image_anomaly/benign/met/jpg/met_241703_primary_000.jpg,1467019,26,1,0,0,0,0.1538461538461538,image,0,0,0,0,0,1,1,0,0,0,16,7.93580145059543,6.348580566834237,0.3708997633977474,0.0084641030552433,256,14,0,0,0,0,0,0,0,0,0,0,0,0.0,0
0,met_242124_primary_000.jpg,data/raw/image_anomaly/benign/met/jpg/met_242124_primary_000.jpg,1734571,26,1,0,0,0,0.1538461538461538,image,0,0,0,0,0,1,1,0,0,0,40,7.895784627316082,4.932959716715815,0.368282993316503,0.0118738293214864,256,17,0,0,0,0,0,0,0,0,0,0,0,0.0,0
0,met_246449_primary_000.jpg,data/raw/image_anomaly/benign/met/jpg/met_246449_primary_000.jpg,873430,26,1,0,0,0,0.1538461538461538,image,0,0,0,0,0,1,1,0,0,0,10,7.931984987046309,3.49156700320296,0.3767823408859325,0.0119586000022898,256,6,0,0,0,0,0,0,0,0,0,0,0,0.0,0
0,met_253281_primary_000.jpg,data/raw/image_anomaly/benign/met/jpg/met_253281_primary_000.jpg,787427,26,1,0,0,0,0.1538461538461538,image,0,0,0,0,0,1,1,0,0,0,25,7.964848463226193,6.886391301583334,0.3840902077271925,0.0135555422915394,256,19,0,0,0,0,0,0,0,0,0,0,0,0.0,0
0,met_255372_primary_000.jpg,data/raw/image_anomaly/benign/met/jpg/met_255372_primary_000.jpg,370845,26,1,0,0,0,0.1538461538461538,image,0,0,0,0,0,1,1,0,0,0,4,7.869030800561141,3.038136274676272,0.3678517979209643,0.019126589275843,256,11,0,0,0,0,0,0,0,0,0,0,0,0.0,0
0,met_25538_primary_000.jpg,data/raw/image_anomaly/benign/met/jpg/met_25538_primary_000.jpg,2055566,25,1,0,0,0,0.16,image,0,0,0,0,0,1,1,0,0,0,30,7.944288245041519,5.4951464162462536,0.3676583481143393,0.0131418791709923,256,17,0,0,0,0,0,0,0,0,0,0,0,0.0,0
0,met_261508_primary_000.jpg,data/raw/image_anomaly/benign/met/jpg/met_261508_primary_000.jpg,1561421,26,1,0,0,0,0.1538461538461538,image,0,0,0,0,0,1,1,0,0,0,30,7.968776663487092,3.538875312204719,0.370473434134676,0.0104539390721656,256,6,0,0,0,0,0,0,0,0,0,0,0,0.0,0
0,met_26579_primary_000.jpg,data/raw/image_anomaly/benign/met/jpg/met_26579_primary_000.jpg,1105411,25,1,0,0,0,0.16,image,0,0,0,0,0,1,1,0,0,0,14,7.971958838035699,3.4795016866352944,0.369138718539982,0.0085144801345381,256,6,0,0,1,0,0,0,1,0,0,0,0,0.0,0
0,met_265904_primary_000.jpg,data/raw/image_anomaly/benign/met/jpg/met_265904_primary_000.jpg,2525973,26,1,0,0,0,0.1538461538461538,image,0,0,0,0,0,1,1,0,0,0,56,7.983029755605219,3.220503723318183,0.3760542967007169,0.0070246198197684,256,6,0,0,0,0,0,0,0,0,0,0,0,0.0,0
0,met_268573_primary_000.jpg,data/raw/image_anomaly/benign/met/jpg/met_268573_primary_000.jpg,2161871,26,1,0,0,0,0.1538461538461538,image,0,0,0,0,0,1,1,0,0,0,36,7.976008024461905,3.47506680078642,0.3794995168536883,0.007215509158502,256,6,1,0,0,0,0,0,0,0,0,0,0,0.0,0
0,met_282180_primary_000.jpg,data/raw/image_anomaly/benign/met/jpg/met_282180_primary_000.jpg,1779943,26,1,0,0,0,0.1538461538461538,image,0,0,0,0,0,1,1,0,0,0,51,7.951058521958973,3.469795298248201,0.3834544139896614,0.0088834305368205,256,6,0,0,1,0,0,0,1,0,0,0,0,0.0,0
0,met_286965_primary_000.jpg,data/raw/image_anomaly/benign/met/jpg/met_286965_primary_000.jpg,1799464,26,1,0,0,0,0.1538461538461538,image,0,0,0,0,0,1,1,0,0,0,24,7.969559004925697,3.499653371593608,0.3726687502500744,0.0084941960494902,256,6,0,0,0,0,0,0,0,0,0,0,0,0.0,0
0,met_287019_primary_000.jpg,data/raw/image_anomaly/benign/met/jpg/met_287019_primary_000.jpg,2021173,26,1,0,0,0,0.1538461538461538,image,0,0,0,0,0,1,1,0,0,0,42,7.961067674104392,3.501289257207372,0.3793321996682124,0.0086222208588774,256,6,0,0,0,0,0,0,0,0,0,0,0,0.0,0
0,met_288502_primary_000.jpg,data/raw/image_anomaly/benign/met/jpg/met_288502_primary_000.jpg,970610,26,1,0,0,0,0.1538461538461538,image,0,0,0,0,0,1,1,0,0,0,19,7.969350527152902,3.507520287603996,0.3751671629181649,0.0093096094208796,256,6,0,0,0,0,0,0,0,0,0,0,0,0.0,0
0,met_29006_primary_000.jpg,data/raw/image_anomaly/benign/met/jpg/met_29006_primary_000.jpg,953197,25,1,0,0,0,0.16,image,0,0,0,0,0,1,1,0,0,0,6,7.886999577855595,7.376125582846034,0.3780477697684739,0.0161162907562654,256,15,0,2,0,0,0,2,2,0,0,0,0,0.0,0
0,met_2951_additional_001.jpg,data/raw/image_anomaly/benign/met/jpg/met_2951_additional_001.jpg,995050,27,1,0,0,0,0.1481481481481481,image,0,0,0,0,0,1,1,0,0,0,8,7.889544877182108,4.841545633020036,0.3701793879704537,0.022855132907894,256,17,0,0,0,0,0,0,0,0,0,0,0,0.0,0
0,met_2951_primary_000.jpg,data/raw/image_anomaly/benign/met/jpg/met_2951_primary_000.jpg,1569340,24,1,0,0,0,0.1666666666666666,image,0,0,0,0,0,1,1,0,0,0,21,7.916132068380416,4.842020377036639,0.3668720608663514,0.0217212331298507,256,17,0,0,0,0,0,0,0,0,0,0,0,0.0,0
0,met_306808_primary_000.jpg,data/raw/image_anomaly/benign/met/jpg/met_306808_primary_000.jpg,1562429,26,1,0,0,0,0.1538461538461538,image,0,0,0,0,0,1,1,0,0,0,23,7.977408411840902,4.775672276842607,0.3817114249671505,0.0097713240089629,256,24,0,0,0,0,0,0,0,0,0,0,0,0.0,0
0,met_308346_primary_000.jpg,data/raw/image_anomaly/benign/met/jpg/met_308346_primary_000.jpg,475785,26,1,0,0,0,0.1538461538461538,image,0,0,0,0,0,1,1,0,0,0,2,7.345118609174527,3.470816917720641,0.3503199974778524,0.0657313702617779,256,6,0,1,0,0,0,1,1,0,0,0,0,0.0,0
0,met_311214_primary_000.jpg,data/raw/image_anomaly/benign/met/jpg/met_311214_primary_000.jpg,154598,26,1,0,0,0,0.1538461538461538,image,0,0,0,0,0,1,1,0,0,0,0,7.201453400152886,3.487723342663202,0.3310456797629982,0.0888627278490019,256,6,0,1,0,0,0,1,1,0,0,0,0,0.0,0
0,met_312694_additional_001.jpg,data/raw/image_anomaly/benign/met/jpg/met_312694_additional_001.jpg,3255061,29,1,0,0,0,0.1379310344827586,image,0,0,0,0,0,1,1,0,0,0,73,7.966841816068714,6.386509053459696,0.3763566950051012,0.0123598298157853,256,17,0,0,1,0,0,0,1,0,0,0,0,0.0,0
0,met_312694_additional_002.jpg,data/raw/image_anomaly/benign/met/jpg/met_312694_additional_002.jpg,1296653,29,1,0,0,0,0.1379310344827586,image,0,0,0,0,0,1,1,0,0,0,15,7.938223704111875,6.398778262569425,0.3645084691123993,0.0102934246864812,256,17,0,0,0,0,0,0,0,0,0,0,0,0.0,0
0,met_312694_additional_003.jpg,data/raw/image_anomaly/benign/met/jpg/met_312694_additional_003.jpg,1804004,29,1,0,0,0,0.1379310344827586,image,0,0,0,0,0,1,1,0,0,0,30,7.96255782083515,6.369396757852288,0.3712580459910288,0.0141707002866955,256,17,0,0,0,0,0,0,0,0,0,0,0,0.0,0
0,met_312694_primary_000.jpg,data/raw/image_anomaly/benign/met/jpg/met_312694_primary_000.jpg,3310271,26,1,0,0,0,0.1538461538461538,image,0,0,0,0,0,1,1,0,0,0,73,7.966650756443318,6.376034052548006,0.3739908303579979,0.0126050102846564,256,17,0,0,0,0,0,0,0,0,0,0,0,0.0,0
0,met_313118_additional_001.jpg,data/raw/image_anomaly/benign/met/jpg/met_313118_additional_001.jpg,329821,29,1,0,0,0,0.1379310344827586,image,0,0,0,0,0,1,1,0,0,0,5,7.75438702572712,3.483143311032616,0.3769923685878097,0.0252439959857013,256,6,0,1,0,0,0,1,1,0,0,0,0,0.0,0
0,met_313118_primary_000.jpg,data/raw/image_anomaly/benign/met/jpg/met_313118_primary_000.jpg,261603,26,1,0,0,0,0.1538461538461538,image,0,0,0,0,0,1,1,0,0,0,3,7.585895076965488,3.4860188887532955,0.3653704277091623,0.0460468725511557,256,6,0,1,0,0,0,1,1,0,0,0,0,0.0,0
0,met_313404_primary_000.jpg,data/raw/image_anomaly/benign/met/jpg/met_313404_primary_000.jpg,456333,26,1,0,0,0,0.1538461538461538,image,0,0,0,0,0,1,1,0,0,0,18,7.944536184579909,3.489935592159036,0.3803757343869499,0.0076282013354282,256,6,0,1,0,0,0,1,1,0,0,0,0,0.0,0
0,met_313414_primary_000.jpg,data/raw/image_anomaly/benign/met/jpg/met_313414_primary_000.jpg,2013468,26,1,0,0,0,0.1538461538461538,image,0,0,0,0,0,1,1,0,0,0,33,7.95228551257089,6.422968168783815,0.3680267081473358,0.0122564649649261,256,15,0,0,0,0,0,0,0,0,0,0,0,0.0,0
0,met_317062_primary_000.jpg,data/raw/image_anomaly/benign/met/jpg/met_317062_primary_000.jpg,88639,26,1,0,0,0,0.1538461538461538,image,0,0,0,0,0,1,1,0,0,0,0,7.765697717954872,3.490872461235609,0.3939800764900326,0.0169789821636074,256,6,0,1,0,0,0,1,1,0,0,0,0,0.0,0
0,met_317077_primary_000.jpg,data/raw/image_anomaly/benign/met/jpg/met_317077_primary_000.jpg,85132,26,1,0,0,0,0.1538461538461538,image,0,0,0,0,0,1,1,0,0,0,2,7.791253769901534,3.483601777681407,0.4014824037964573,0.0132030258892073,256,6,0,1,0,0,0,1,1,0,0,0,0,0.0,0
0,met_317488_primary_000.jpg,data/raw/image_anomaly/benign/met/jpg/met_317488_primary_000.jpg,505007,26,1,0,0,0,0.1538461538461538,image,0,0,0,0,0,1,1,0,0,0,18,7.944627089330981,3.4943187635052864,0.3943767116099381,0.0058296221636531,256,6,0,1,0,0,0,1,1,0,0,0,0,0.0,0
0,met_323434_primary_000.jpg,data/raw/image_anomaly/benign/met/jpg/met_323434_primary_000.jpg,48165,26,1,0,0,0,0.1538461538461538,image,0,0,0,0,0,1,1,0,0,0,0,7.321091491722508,3.477121281635769,0.3575210214886328,0.0721063012560988,256,6,0,1,0,0,0,1,1,0,0,0,0,0.0,0
0,met_329923_primary_000.jpg,data/raw/image_anomaly/benign/met/jpg/met_329923_primary_000.jpg,1407985,26,1,0,0,0,0.1538461538461538,image,0,0,0,0,0,1,1,0,0,0,30,7.962266005676086,6.387354205837507,0.3733867903422266,0.0077301959893038,256,16,0,2,0,0,0,2,2,0,0,0,0,0.0,0
0,met_334871_primary_000.jpg,data/raw/image_anomaly/benign/met/jpg/met_334871_primary_000.jpg,2422950,26,1,0,0,0,0.1538461538461538,image,0,0,0,0,0,1,1,0,0,0,49,7.981460625056546,7.848869956895822,0.3731798014816649,0.0082085887038527,256,0,0,0,0,0,0,0,0,0,0,0,0,0.0,0
0,met_335146_primary_000.jpg,data/raw/image_anomaly/benign/met/jpg/met_335146_primary_000.jpg,2065756,26,1,0,0,0,0.1538461538461538,image,0,0,0,0,0,1,1,0,0,0,32,7.964260979517123,3.4576490897455763,0.3809530263980838,0.0088906918338855,256,6,0,0,0,0,0,0,0,0,0,0,0,0.0,0
0,met_336371_primary_000.jpg,data/raw/image_anomaly/benign/met/jpg/met_336371_primary_000.jpg,2246909,26,1,0,0,0,0.1538461538461538,image,0,0,0,0,0,1,1,0,0,0,50,7.98323897253268,3.474888414748149,0.3719549834906531,0.0083020718685091,256,6,0,0,0,0,0,0,0,0,0,0,0,0.0,0
0,met_339401_primary_000.jpg,data/raw/image_anomaly/benign/met/jpg/met_339401_primary_000.jpg,1923005,26,1,0,0,0,0.1538461538461538,image,0,0,0,0,0,1,1,0,0,0,24,7.972258933137593,3.4909233282329413,0.3732517596158096,0.0109183283454801,256,6,0,0,1,0,0,0,1,0,0,0,0,0.0,0
0,met_33955_primary_000.jpg,data/raw/image_anomaly/benign/met/jpg/met_33955_primary_000.jpg,1313786,25,1,0,0,0,0.16,image,0,0,0,0,0,1,1,0,0,0,28,7.868625907496923,5.357670513814543,0.3720073132153942,0.0160079343211147,256,17,0,0,0,0,0,0,0,0,0,0,0,0.0,0
0,met_340582_primary_000.jpg,data/raw/image_anomaly/benign/met/jpg/met_340582_primary_000.jpg,1730290,26,1,0,0,0,0.1538461538461538,image,0,0,0,0,0,1,1,0,0,0,19,7.977293820886844,3.52256572393008,0.3716654433649851,0.0092105947557923,256,6,0,0,0,0,0,0,0,0,0,0,0,0.0,0
0,met_345446_primary_000.jpg,data/raw/image_anomaly/benign/met/jpg/met_345446_primary_000.jpg,1833805,26,1,0,0,0,0.1538461538461538,image,0,0,0,0,0,1,1,0,0,0,42,7.982034937922759,3.5598803107203048,0.3756806203494919,0.0080161194892586,256,6,0,0,0,0,0,0,0,0,0,0,0,0.0,0
0,met_348607_primary_000.jpg,data/raw/image_anomaly/benign/met/jpg/met_348607_primary_000.jpg,2045500,26,1,0,0,0,0.1538461538461538,image,0,0,0,0,0,1,1,0,0,0,54,7.9709762949523935,3.4972910355133253,0.3783974578342703,0.0073351258860914,256,6,0,0,2,0,0,0,2,0,0,0,0,0.0,0
0,met_35080_primary_000.jpg,data/raw/image_anomaly/benign/met/jpg/met_35080_primary_000.jpg,1634389,25,1,0,0,0,0.16,image,0,0,0,0,0,1,1,0,0,0,25,7.940082442045962,5.492629944284283,0.3720821664854573,0.0137164408228396,256,17,0,0,0,0,0,0,0,0,0,0,0,0.0,0
0,met_358544_primary_000.jpg,data/raw/image_anomaly/benign/met/jpg/met_358544_primary_000.jpg,2168008,26,1,0,0,0,0.1538461538461538,image,0,0,0,0,0,1,1,0,0,0,27,7.981473780450609,3.541759779881938,0.3741199294467548,0.0080511695528798,256,6,0,0,0,0,0,0,0,0,0,0,0,0.0,0
0,met_359079_primary_000.jpg,data/raw/image_anomaly/benign/met/jpg/met_359079_primary_000.jpg,3873280,26,1,0,0,0,0.1538461538461538,image,0,0,0,0,0,1,1,0,0,0,52,7.986324552081967,5.143375732203316,0.3770582038995373,0.008271026107072,256,17,0,2,0,0,0,2,2,0,0,0,0,0.0,0
0,met_362317_primary_000.jpg,data/raw/image_anomaly/benign/met/jpg/met_362317_primary_000.jpg,3457210,26,1,0,0,0,0.1538461538461538,image,0,0,0,0,0,1,1,0,0,0,37,7.971394591604378,3.491453240609631,0.385370573381426,0.0068390407293742,256,6,0,0,1,0,0,0,1,0,0,0,0,0.0,0
0,met_363514_primary_000.jpg,data/raw/image_anomaly/benign/met/jpg/met_363514_primary_000.jpg,1285624,26,1,0,0,0,0.1538461538461538,image,0,0,0,0,0,1,1,0,0,0,32,7.948487413216351,3.506750348242968,0.3749004374529411,0.0109915496288183,256,6,0,0,0,0,0,0,0,0,0,0,0,0.0,0
0,met_363787_primary_000.jpg,data/raw/image_anomaly/benign/met/jpg/met_363787_primary_000.jpg,837163,26,1,0,0,0,0.1538461538461538,image,0,0,0,0,0,1,1,0,0,0,17,7.978679917539056,3.494135190944173,0.3759948779389438,0.0083042370482211,256,6,0,0,0,0,0,0,0,0,0,0,0,0.0,0
0,met_364781_primary_000.jpg,data/raw/image_anomaly/benign/met/jpg/met_364781_primary_000.jpg,2007009,26,1,0,0,0,0.1538461538461538,image,0,0,0,0,0,1,1,0,0,0,63,7.95810064861832,3.477517621338749,0.3816410389788984,0.0065206483877252,256,6,0,0,0,0,0,0,0,0,0,0,0,0.0,0
0,met_368134_primary_000.jpg,data/raw/image_anomaly/benign/met/jpg/met_368134_primary_000.jpg,2967476,26,1,0,0,0,0.1538461538461538,image,0,0,0,0,0,1,1,0,0,0,51,7.961504793496419,4.88883237999794,0.3882575629929273,0.0074925627031187,256,25,0,0,0,0,0,0,0,0,0,0,0,0.0,0
0,met_371937_primary_000.jpg,data/raw/image_anomaly/benign/met/jpg/met_371937_primary_000.jpg,1911567,26,1,0,0,0,0.1538461538461538,image,0,0,0,0,0,1,1,0,0,0,35,7.981146844434127,3.4866903774183293,0.3729013945103677,0.0092808674767873,256,6,0,0,0,0,0,0,0,0,0,0,0,0.0,0
0,met_378094_additional_001.jpg,data/raw/image_anomaly/benign/met/jpg/met_378094_additional_001.jpg,2190321,29,1,0,0,0,0.1379310344827586,image,0,0,0,0,0,1,1,0,0,0,49,7.976000698098806,6.399058181625094,0.3720203568335417,0.0118051189757117,256,13,0,0,1,0,0,0,1,0,0,0,0,0.0,0
0,met_378094_primary_000.jpg,data/raw/image_anomaly/benign/met/jpg/met_378094_primary_000.jpg,2152227,26,1,0,0,0,0.1538461538461538,image,0,0,0,0,0,1,1,0,0,0,53,7.976157764215061,6.3969951341376055,0.3742012343493507,0.0110299703516404,256,13,0,0,0,0,0,0,0,0,0,0,0,0.0,0
0,met_379929_primary_000.jpg,data/raw/image_anomaly/benign/met/jpg/met_379929_primary_000.jpg,2105517,26,1,0,0,0,0.1538461538461538,image,0,0,0,0,0,1,1,0,0,0,31,7.977879017462677,6.393971057700536,0.3779494537446147,0.0098593362105364,256,15,0,2,0,0,0,2,2,0,0,0,0,0.0,0
0,met_38143_primary_000.jpg,data/raw/image_anomaly/benign/met/jpg/met_38143_primary_000.jpg,85084,25,1,0,0,0,0.16,image,0,0,0,0,0,1,1,0,0,0,1,7.918027173571762,3.47891432683586,0.3999576888721733,0.0094259790324855,256,6,0,1,0,0,0,1,1,0,0,0,0,0.0,0
0,met_38149_primary_000.jpg,data/raw/image_anomaly/benign/met/jpg/met_38149_primary_000.jpg,69722,25,1,0,0,0,0.16,image,0,0,0,0,0,1,1,0,0,0,1,7.840438624904905,3.48833899892292,0.390536702905826,0.0148590115028255,256,6,0,1,0,0,0,1,1,0,0,0,0,0.0,0
0,met_381673_primary_000.jpg,data/raw/image_anomaly/benign/met/jpg/met_381673_primary_000.jpg,2014572,26,1,0,0,0,0.1538461538461538,image,0,0,0,0,0,1,1,0,0,0,38,7.980431626899957,3.211739232903859,0.3749679832738666,0.0081233135375653,256,6,0,0,1,0,0,0,1,0,0,0,0,0.0,0
0,met_382071_additional_001.jpg,data/raw/image_anomaly/benign/met/jpg/met_382071_additional_001.jpg,3373024,29,1,0,0,0,0.1379310344827586,image,0,0,0,0,0,1,1,0,0,0,76,7.977855911142877,6.397693563218636,0.3814159045414441,0.0085653111273444,256,17,0,2,0,0,0,2,2,0,0,0,0,0.0,0
0,met_382071_primary_000.jpg,data/raw/image_anomaly/benign/met/jpg/met_382071_primary_000.jpg,1454079,26,1,0,0,0,0.1538461538461538,image,0,0,0,0,0,1,1,0,0,0,25,7.983457263406063,3.4672331476569878,0.378569527515355,0.0074253187068928,256,6,0,0,0,0,0,0,0,0,0,0,0,0.0,0
0,met_383579_primary_000.jpg,data/raw/image_anomaly/benign/met/jpg/met_383579_primary_000.jpg,2179755,26,1,0,0,0,0.1538461538461538,image,0,0,0,0,0,1,1,0,0,0,46,7.955012518358578,3.3199129843453585,0.3829581764923122,0.0091762606347961,256,6,0,0,0,0,0,0,0,0,0,0,0,0.0,0
0,met_386675_primary_000.jpg,data/raw/image_anomaly/benign/met/jpg/met_386675_primary_000.jpg,1145590,26,1,0,0,0,0.1538461538461538,image,0,0,0,0,0,1,1,0,0,0,18,7.977284275134704,3.546233165328276,0.3787367208163479,0.008476854721148,256,6,0,0,0,0,0,0,0,0,0,0,0,0.0,0
0,met_389149_primary_000.jpg,data/raw/image_anomaly/benign/met/jpg/met_389149_primary_000.jpg,2361912,26,1,0,0,0,0.1538461538461538,image,0,0,0,0,0,1,1,0,0,0,35,7.960970276151776,3.547588220304303,0.3834579781126477,0.0075053600642191,256,6,0,0,0,0,0,0,0,0,0,0,0,0.0,0
0,met_390540_primary_000.jpg,data/raw/image_anomaly/benign/met/jpg/met_390540_primary_000.jpg,2538475,26,1,0,0,0,0.1538461538461538,image,0,0,0,0,0,1,1,0,0,0,82,7.95359252655517,4.918776877701125,0.3865821014585529,0.0051720028757423,256,17,0,0,0,0,0,0,0,0,0,0,0,0.0,0
0,met_39115_primary_000.jpg,data/raw/image_anomaly/benign/met/jpg/met_39115_primary_000.jpg,75653,25,1,0,0,0,0.16,image,0,0,0,0,0,1,1,0,0,0,1,7.892217801606055,3.4747145630929137,0.4008961971104913,0.0122533144753017,256,6,0,1,0,0,0,1,1,0,0,0,0,0.0,0
0,met_391598_primary_000.jpg,data/raw/image_anomaly/benign/met/jpg/met_391598_primary_000.jpg,3868060,26,1,0,0,0,0.1538461538461538,image,0,0,0,0,0,1,1,0,0,0,74,7.978439780794214,3.5385689371755653,0.3778335909991055,0.0076451761348065,256,6,0,0,1,0,0,0,1,0,0,0,0,0.0,0
0,met_392193_primary_000.jpg,data/raw/image_anomaly/benign/met/jpg/met_392193_primary_000.jpg,4382590,26,1,0,0,0,0.1538461538461538,image,0,0,0,0,0,1,1,0,0,0,88,7.972609524903896,5.144674583860144,0.3810554945819709,0.008144955380266,256,17,0,2,0,0,0,2,2,0,0,0,0,0.0,0
0,met_392224_primary_000.jpg,data/raw/image_anomaly/benign/met/jpg/met_392224_primary_000.jpg,3598028,26,1,0,0,0,0.1538461538461538,image,0,0,0,0,0,1,1,0,0,0,102,7.959007294919107,6.392695926237086,0.3912740534537252,0.0065713774323045,256,17,0,2,3,0,0,2,5,0,0,0,0,0.0,0
0,met_392298_primary_000.jpg,data/raw/image_anomaly/benign/met/jpg/met_392298_primary_000.jpg,1319159,26,1,0,0,0,0.1538461538461538,image,0,0,0,0,0,1,1,0,0,0,26,7.97272311675948,3.557325670869385,0.3688766858278646,0.0093392835890139,256,6,0,0,0,0,0,0,0,0,0,0,0,0.0,0
0,met_394404_primary_000.jpg,data/raw/image_anomaly/benign/met/jpg/met_394404_primary_000.jpg,4376725,26,1,0,0,0,0.1538461538461538,image,0,0,0,0,0,1,1,0,0,0,33,7.9845247530832735,3.5621916707584678,0.3750617185224111,0.0079246468535263,256,6,0,0,1,0,0,0,1,0,0,0,0,0.0,0
0,met_396235_primary_000.jpg,data/raw/image_anomaly/benign/met/jpg/met_396235_primary_000.jpg,3392844,26,1,0,0,0,0.1538461538461538,image,0,0,0,0,0,1,1,0,0,0,69,7.975613873216709,3.546996019001277,0.378643698325063,0.0077121140848208,256,6,0,0,1,0,0,0,1,0,0,0,0,0.0,0
0,met_398846_primary_000.jpg,data/raw/image_anomaly/benign/met/jpg/met_398846_primary_000.jpg,3936974,26,1,0,0,0,0.1538461538461538,image,0,0,0,0,0,1,1,0,0,0,92,7.9667444065083055,3.559413363258168,0.3798846525275503,0.0062329596283846,256,6,0,0,0,0,0,0,0,0,0,0,0,0.0,0
0,met_402272_primary_000.jpg,data/raw/image_anomaly/benign/met/jpg/met_402272_primary_000.jpg,978352,26,1,0,0,0,0.1538461538461538,image,0,0,0,0,0,1,1,0,0,0,21,7.983611561915948,3.521566717859016,0.3740392006149116,0.009400502068785,256,6,0,0,1,0,0,0,1,0,0,0,0,0.0,0
0,met_402837_primary_000.jpg,data/raw/image_anomaly/benign/met/jpg/met_402837_primary_000.jpg,5911142,26,1,0,0,0,0.1538461538461538,image,0,0,0,0,0,1,1,0,0,0,177,7.9505942882291825,5.139034413124731,0.3926396963564739,0.0062635950887324,256,17,0,0,0,0,0,0,0,0,0,0,0,0.0,0
0,met_407359_primary_000.jpg,data/raw/image_anomaly/benign/met/jpg/met_407359_primary_000.jpg,4464463,26,1,0,0,0,0.1538461538461538,image,0,0,0,0,0,1,1,0,0,0,43,7.982475408605076,3.562306786411461,0.3724618167963314,0.0083638278556681,256,6,0,0,0,0,0,0,0,0,0,0,0,0.0,0
0,met_40781_primary_000.jpg,data/raw/image_anomaly/benign/met/jpg/met_40781_primary_000.jpg,2030000,25,1,0,0,0,0.16,image,0,0,0,0,0,1,1,0,0,0,46,7.963004834305719,6.429112754246932,0.3631665024630542,0.0141266009852216,256,13,0,0,0,0,0,0,0,0,0,0,0,0.0,0
0,met_408596_primary_000.jpg,data/raw/image_anomaly/benign/met/jpg/met_408596_primary_000.jpg,1311844,26,1,0,0,0,0.1538461538461538,image,0,0,0,0,0,1,1,0,0,0,26,7.975394730938363,4.745830978117906,0.3836889142306555,0.0092015514039779,256,25,0,0,0,0,0,0,0,0,0,0,0,0.0,0
0,met_409055_primary_000.jpg,data/raw/image_anomaly/benign/met/jpg/met_409055_primary_000.jpg,1418138,26,1,0,0,0,0.1538461538461538,image,0,0,0,0,0,1,1,0,0,0,23,7.974704298893825,5.094846148948273,0.3861732779179459,0.0092325288512119,256,29,0,0,2,0,0,0,2,0,0,0,0,0.0,0
0,met_410060_primary_000.jpg,data/raw/image_anomaly/benign/met/jpg/met_410060_primary_000.jpg,2348780,26,1,0,0,0,0.1538461538461538,image,0,0,0,0,0,1,1,0,0,0,29,7.983696496369325,7.84662476896398,0.3748350207341683,0.0074894200393395,256,0,0,0,0,0,0,0,0,0,0,0,0,0.0,0
0,met_415296_primary_000.jpg,data/raw/image_anomaly/benign/met/jpg/met_415296_primary_000.jpg,4270484,26,1,0,0,0,0.1538461538461538,image,0,0,0,0,0,1,1,0,0,0,57,7.9831887528196654,3.4941497773913035,0.3763594477815629,0.0076181060507427,256,6,0,0,2,0,0,0,2,0,0,0,0,0.0,0
0,met_417671_primary_000.jpg,data/raw/image_anomaly/benign/met/jpg/met_417671_primary_000.jpg,558157,26,1,0,0,0,0.1538461538461538,image,0,0,0,0,0,1,1,0,0,0,14,7.971286425527178,6.443157994150342,0.3915439562703683,0.0094614956007001,256,13,0,0,0,0,0,0,0,0,0,0,0,0.0,0
0,met_418615_primary_000.jpg,data/raw/image_anomaly/benign/met/jpg/met_418615_primary_000.jpg,689972,26,1,0,0,0,0.1538461538461538,image,0,0,0,0,0,1,1,0,0,0,14,7.974949813919963,3.4259376715958734,0.3853431733461647,0.0065553384775034,256,6,0,0,0,0,0,0,0,0,0,0,0,0.0,0
0,met_432109_primary_000.jpg,data/raw/image_anomaly/benign/met/jpg/met_432109_primary_000.jpg,1940508,26,1,0,0,0,0.1538461538461538,image,0,0,0,0,0,1,1,0,0,0,36,7.959187227365319,7.798721237641088,0.3838443335456489,0.0074423810672256,256,0,0,0,0,0,0,0,0,0,0,0,0,0.0,0
0,met_43374_additional_001.jpg,data/raw/image_anomaly/benign/met/jpg/met_43374_additional_001.jpg,3228627,28,1,0,0,0,0.1428571428571428,image,0,0,0,0,0,1,1,0,0,0,55,7.968033427086681,6.398885573360393,0.3648681002791589,0.0123052306754543,256,13,0,0,0,0,0,0,0,0,0,0,0,0.0,0
0,met_43374_primary_000.jpg,data/raw/image_anomaly/benign/met/jpg/met_43374_primary_000.jpg,3014764,25,1,0,0,0,0.16,image,0,0,0,0,0,1,1,0,0,0,46,7.964777145901226,6.396433701689231,0.3616687740731945,0.0132192768654528,256,13,0,0,0,0,0,0,0,0,0,0,0,0.0,0
0,met_435941_primary_000.jpg,data/raw/image_anomaly/benign/met/jpg/met_435941_primary_000.jpg,3767931,26,1,0,0,0,0.1538461538461538,image,0,0,0,0,0,1,1,0,0,0,55,7.982036608823536,4.740744881159931,0.3781305974021286,0.0085503158099232,256,23,0,0,0,0,0,0,0,0,0,0,0,0.0,0
0,met_436102_primary_000.jpg,data/raw/image_anomaly/benign/met/jpg/met_436102_primary_000.jpg,3582011,26,1,0,0,0,0.1538461538461538,image,0,0,0,0,0,1,1,0,0,0,61,7.980563093256586,6.345960781163647,0.371576190022867,0.0102526206647606,256,14,0,0,0,0,0,0,0,0,0,0,0,0.0,0
0,met_443334_primary_000.jpg,data/raw/image_anomaly/benign/met/jpg/met_443334_primary_000.jpg,948486,26,1,0,0,0,0.1538461538461538,image,0,0,0,0,0,1,1,0,0,0,27,7.959959390340842,3.480877333088124,0.3845402040725957,0.0088108838717703,256,6,0,1,1,0,0,1,2,0,0,0,0,0.0,0
0,met_443877_primary_000.jpg,data/raw/image_anomaly/benign/met/jpg/met_443877_primary_000.jpg,2631391,26,1,0,0,0,0.1538461538461538,image,0,0,0,0,0,1,1,0,0,0,28,7.964244977584489,3.385795423450077,0.3624007226596124,0.0113259488992703,256,9,0,0,1,0,0,0,1,0,0,0,0,0.0,0
0,met_444554_primary_000.jpg,data/raw/image_anomaly/benign/met/jpg/met_444554_primary_000.jpg,1392885,26,1,0,0,0,0.1538461538461538,image,0,0,0,0,0,1,1,0,0,0,20,7.941808759380949,4.950789948183014,0.3705797678918217,0.0154391783959192,256,18,0,0,0,0,0,0,0,0,0,0,0,0.0,0
0,met_444817_primary_000.jpg,data/raw/image_anomaly/benign/met/jpg/met_444817_primary_000.jpg,210209,26,1,0,0,0,0.1538461538461538,image,0,0,0,0,0,1,1,0,0,0,4,7.980926365547695,7.782547192479922,0.3628388889153176,0.0082394188640828,256,0,0,1,0,0,0,1,1,0,0,0,0,0.0,0
0,met_445164_additional_001.jpg,data/raw/image_anomaly/benign/met/jpg/met_445164_additional_001.jpg,3375895,29,1,0,0,0,0.1379310344827586,image,0,0,0,0,0,1,1,0,0,0,22,7.960505909540767,4.956033627604795,0.3664044645938336,0.0141885337073576,256,18,0,0,0,0,0,0,0,0,0,0,0,0.0,0
0,met_445164_additional_002.jpg,data/raw/image_anomaly/benign/met/jpg/met_445164_additional_002.jpg,1570057,29,1,0,0,0,0.1379310344827586,image,0,0,0,0,0,1,1,0,0,0,10,7.948442233293816,4.966832184318839,0.3677675396498344,0.0161561013389959,256,18,0,0,0,0,0,0,0,0,0,0,0,0.0,0
0,met_445164_additional_003.jpg,data/raw/image_anomaly/benign/met/jpg/met_445164_additional_003.jpg,208102,29,1,0,0,0,0.1379310344827586,image,0,0,0,0,0,1,1,0,0,0,3,7.938704584447006,3.4781501321874893,0.4020912821597101,0.0056510749536285,256,6,0,1,0,0,0,1,1,0,0,0,0,0.0,0
0,met_445164_additional_004.jpg,data/raw/image_anomaly/benign/met/jpg/met_445164_additional_004.jpg,161078,29,1,0,0,0,0.1379310344827586,image,0,0,0,0,0,1,1,0,0,0,1,7.912265468268833,3.4765983462253818,0.3921267957138777,0.0126770881187995,256,6,0,1,0,0,0,1,1,0,0,0,0,0.0,0
0,met_445164_primary_000.jpg,data/raw/image_anomaly/benign/met/jpg/met_445164_primary_000.jpg,169939,26,1,0,0,0,0.1538461538461538,image,0,0,0,0,0,1,1,0,0,0,8,7.933281950987298,3.4750267538187902,0.395082941526077,0.0119101559971519,256,6,0,1,0,0,0,1,1,0,0,0,0,0.0,0
0,met_445318_primary_000.jpg,data/raw/image_anomaly/benign/met/jpg/met_445318_primary_000.jpg,177288,26,1,0,0,0,0.1538461538461538,image,0,0,0,0,0,1,1,0,0,0,1,7.896294746092018,3.479375680910155,0.3826880555931591,0.0172374892829745,256,6,0,1,0,0,0,1,1,0,0,0,0,0.0,0
0,met_445509_primary_000.jpg,data/raw/image_anomaly/benign/met/jpg/met_445509_primary_000.jpg,105318,26,1,0,0,0,0.1538461538461538,image,0,0,0,0,0,1,1,0,0,0,4,7.954939264293831,7.668591204118024,0.3754438937313659,0.0110712318881862,256,0,0,1,0,0,0,1,1,0,0,0,0,0.0,0
0,met_448895_additional_001.jpg,data/raw/image_anomaly/benign/met/jpg/met_448895_additional_001.jpg,189967,29,1,0,0,0,0.1379310344827586,image,0,0,0,0,0,1,1,0,0,0,3,7.911380870068536,3.484345256386974,0.3953476130064695,0.0102017718866961,256,6,0,1,0,0,0,1,1,0,0,0,0,0.0,0
0,met_448895_primary_000.jpg,data/raw/image_anomaly/benign/met/jpg/met_448895_primary_000.jpg,216315,26,1,0,0,0,0.1538461538461538,image,0,0,0,0,0,1,1,0,0,0,5,7.939146124879586,3.492870928958041,0.3973695767746111,0.0087881099322746,256,6,0,1,0,0,0,1,1,0,0,0,0,0.0,0
0,met_449740_primary_000.jpg,data/raw/image_anomaly/benign/met/jpg/met_449740_primary_000.jpg,2290184,26,1,0,0,0,0.1538461538461538,image,0,0,0,0,0,1,1,0,0,0,37,7.957479016799013,0.3116886771733481,0.3723085132024326,0.0137857918839708,256,8,0,0,2,0,0,0,2,0,0,0,0,0.0,0
0,met_451618_primary_000.jpg,data/raw/image_anomaly/benign/met/jpg/met_451618_primary_000.jpg,55422,26,1,0,0,0,0.1538461538461538,image,0,0,0,0,0,1,1,0,0,0,2,7.823793074664525,6.529079207586505,0.3450434845368265,0.0539136083143877,256,0,0,1,0,0,0,1,1,0,0,0,0,0.0,0
0,met_45636_primary_000.jpg,data/raw/image_anomaly/benign/met/jpg/met_45636_primary_000.jpg,2398891,25,1,0,0,0,0.16,image,0,0,0,0,0,1,1,0,0,0,26,7.981508297089586,7.812486322700033,0.3693419167440288,0.0096632152106952,256,0,0,0,0,0,0,0,0,0,0,0,0,0.0,0
0,met_45709_additional_001.jpg,data/raw/image_anomaly/benign/met/jpg/met_45709_additional_001.jpg,1981685,28,1,0,0,0,0.1428571428571428,image,0,0,0,0,0,1,1,0,0,0,26,7.953482623891744,5.246019764071648,0.3836603698367803,0.0096221145136588,256,24,0,0,0,0,0,0,0,0,0,0,0,0.0,0
0,met_45709_primary_000.jpg,data/raw/image_anomaly/benign/met/jpg/met_45709_primary_000.jpg,2282657,25,1,0,0,0,0.16,image,0,0,0,0,0,1,1,0,0,0,23,7.966523184615431,5.24984145337619,0.3781334646423006,0.0095349410796278,256,24,0,0,0,0,0,0,0,0,0,0,0,0.0,0
0,met_460184_primary_000.jpg,data/raw/image_anomaly/benign/met/jpg/met_460184_primary_000.jpg,1709574,26,1,0,0,0,0.1538461538461538,image,0,0,0,0,0,1,1,0,0,0,26,7.939267513010346,4.96443703018508,0.3735802018514554,0.0121223181915494,256,20,0,0,0,0,0,0,0,0,0,0,0,0.0,0
0,met_460672_additional_001.jpg,data/raw/image_anomaly/benign/met/jpg/met_460672_additional_001.jpg,297796,29,1,0,0,0,0.1379310344827586,image,0,0,0,0,0,1,1,0,0,0,11,7.943837198891222,2.885564336937789,0.3947064433370495,0.0056548778358339,256,6,0,0,0,0,0,0,0,0,0,0,0,0.0,0
0,met_460672_primary_000.jpg,data/raw/image_anomaly/benign/met/jpg/met_460672_primary_000.jpg,1403328,26,1,0,0,0,0.1538461538461538,image,0,0,0,0,0,1,1,0,0,0,19,7.880302126977427,5.232532949983701,0.362444845396087,0.0153306995941077,256,14,0,0,0,0,0,0,0,0,0,0,0,0.0,0
0,met_461203_primary_000.jpg,data/raw/image_anomaly/benign/met/jpg/met_461203_primary_000.jpg,269954,26,1,0,0,0,0.1538461538461538,image,0,0,0,0,0,1,1,0,0,0,2,7.867401640889162,0.1757402266528623,0.3630322203041999,0.031509071915956,256,7,0,1,0,0,0,1,1,0,0,0,0,0.0,0
0,met_46803_primary_000.jpg,data/raw/image_anomaly/benign/met/jpg/met_46803_primary_000.jpg,1576790,25,1,0,0,0,0.16,image,0,0,0,0,0,1,1,0,0,0,39,7.931970624124689,3.039955513051061,0.3678397250109399,0.0135522168456167,256,11,0,0,0,0,0,0,0,0,0,0,0,0.0,0
0,met_46879_additional_001.jpg,data/raw/image_anomaly/benign/met/jpg/met_46879_additional_001.jpg,1222446,28,1,0,0,0,0.1428571428571428,image,0,0,0,0,0,1,1,0,0,0,18,7.895257805796753,3.0386943819715864,0.3642974822609751,0.0145855113436503,256,11,0,0,0,0,0,0,0,0,0,0,0,0.0,0
0,met_46879_additional_002.jpg,data/raw/image_anomaly/benign/met/jpg/met_46879_additional_002.jpg,1396680,28,1,0,0,0,0.1428571428571428,image,0,0,0,0,0,1,1,0,0,0,27,7.929373975991689,3.035875146555769,0.3753672995961852,0.0127466563565025,256,11,0,0,0,0,0,0,0,0,0,0,0,0.0,0
0,met_46879_primary_000.jpg,data/raw/image_anomaly/benign/met/jpg/met_46879_primary_000.jpg,1482136,25,1,0,0,0,0.16,image,0,0,0,0,0,1,1,0,0,0,33,7.923685288570037,3.0350676316740386,0.3720306368646332,0.0134063270846939,256,11,0,0,0,0,0,0,0,0,0,0,0,0.0,0
0,met_471147_additional_001.jpg,data/raw/image_anomaly/benign/met/jpg/met_471147_additional_001.jpg,1418247,29,1,0,0,0,0.1379310344827586,image,0,0,0,0,0,1,1,0,0,0,29,7.956319682735725,5.145151644918094,0.3794162793927997,0.0122820637025849,256,24,0,0,0,0,0,0,0,0,0,0,0,0.0,0
0,met_471147_additional_002.jpg,data/raw/image_anomaly/benign/met/jpg/met_471147_additional_002.jpg,2072353,29,1,0,0,0,0.1379310344827586,image,0,0,0,0,0,1,1,0,0,0,28,7.970151833503498,5.146925462864538,0.3775954193132154,0.0112881347917077,256,24,0,0,1,0,0,0,1,0,0,0,0,0.0,0
0,met_471147_additional_003.jpg,data/raw/image_anomaly/benign/met/jpg/met_471147_additional_003.jpg,1430376,29,1,0,0,0,0.1379310344827586,image,0,0,0,0,0,1,1,0,0,0,32,7.945554026406694,5.151834400680241,0.3762591094928886,0.0165222291201753,256,24,0,0,0,0,0,0,0,0,0,0,0,0.0,0
0,met_471147_additional_004.jpg,data/raw/image_anomaly/benign/met/jpg/met_471147_additional_004.jpg,220245,29,1,0,0,0,0.1379310344827586,image,0,0,0,0,0,1,1,0,0,0,0,7.790473438789924,3.4791100544290456,0.3570659946877341,0.03042974868896,256,6,0,1,0,0,0,1,1,0,0,0,0,0.0,0
0,met_471147_primary_000.jpg,data/raw/image_anomaly/benign/met/jpg/met_471147_primary_000.jpg,2111029,26,1,0,0,0,0.1538461538461538,image,0,0,0,0,0,1,1,0,0,0,33,7.971585061600515,5.154500412268045,0.3784159289142877,0.0106242026992523,256,24,0,0,0,0,0,0,0,0,0,0,0,0.0,0
0,met_478503_primary_000.jpg,data/raw/image_anomaly/benign/met/jpg/met_478503_primary_000.jpg,499588,26,1,0,0,0,0.1538461538461538,image,0,0,0,0,0,1,1,0,0,0,6,7.879328044206307,3.5394649503158395,0.3816644915410298,0.0100042434966412,256,6,1,1,0,0,0,1,1,0,0,0,0,0.0,0
0,met_49546_primary_000.jpg,data/raw/image_anomaly/benign/met/jpg/met_49546_primary_000.jpg,2100813,25,1,0,0,0,0.16,image,0,0,0,0,0,1,1,0,0,0,21,7.951062763969135,5.0083915802359416,0.3781431283983867,0.014506764762023,256,15,0,0,0,0,0,0,0,0,0,0,0,0.0,0
0,met_505155_primary_000.jpg,data/raw/image_anomaly/benign/met/jpg/met_505155_primary_000.jpg,109023,26,1,0,0,0,0.1538461538461538,image,0,0,0,0,0,1,1,0,0,0,0,7.878091517207639,3.497582891355946,0.3858268438769801,0.0145565614595085,256,6,0,0,0,0,0,0,0,0,0,0,0,0.0,0
0,met_52357_primary_000.jpg,data/raw/image_anomaly/benign/met/jpg/met_52357_primary_000.jpg,317521,25,1,0,0,0,0.16,image,0,0,0,0,0,1,1,0,0,0,6,7.770545808241619,3.4811883177849308,0.3728666765347804,0.0366432456435952,256,6,0,1,0,0,0,1,1,0,0,0,0,0.0,0
0,met_543898_additional_001.jpg,data/raw/image_anomaly/benign/met/jpg/met_543898_additional_001.jpg,1149696,29,1,0,0,0,0.1379310344827586,image,0,0,0,0,0,1,1,0,0,0,35,7.913996840780237,4.9748900395001385,0.3840397809507904,0.0140706760743709,256,22,0,0,0,0,0,0,0,0,0,0,0,0.0,0
0,met_543898_additional_002.jpg,data/raw/image_anomaly/benign/met/jpg/met_543898_additional_002.jpg,1113171,29,1,0,0,0,0.1379310344827586,image,0,0,0,0,0,1,1,0,0,0,25,7.908966613136716,4.976336868682777,0.3835906612730658,0.0143661665638073,256,22,0,0,0,0,0,0,0,0,0,0,0,0.0,0
0,met_543898_additional_003.jpg,data/raw/image_anomaly/benign/met/jpg/met_543898_additional_003.jpg,937249,29,1,0,0,0,0.1379310344827586,image,0,0,0,0,0,1,1,0,0,0,25,7.917587630910866,4.972701585060071,0.389083370587752,0.0134435992996524,256,22,0,0,0,0,0,0,0,0,0,0,0,0.0,0
0,met_543898_additional_004.jpg,data/raw/image_anomaly/benign/met/jpg/met_543898_additional_004.jpg,1132687,29,1,0,0,0,0.1379310344827586,image,0,0,0,0,0,1,1,0,0,0,24,7.906081105303314,4.974273171444798,0.3827129648349456,0.0145379968164197,256,22,0,0,0,0,0,0,0,0,0,0,0,0.0,0
0,met_543898_additional_005.jpg,data/raw/image_anomaly/benign/met/jpg/met_543898_additional_005.jpg,1431856,29,1,0,0,0,0.1379310344827586,image,0,0,0,0,0,1,1,0,0,0,41,7.900840701503629,4.975225473011613,0.3662588975427697,0.0116331530544971,256,22,0,0,0,0,0,0,0,0,0,0,0,0.0,0
0,met_543898_primary_000.jpg,data/raw/image_anomaly/benign/met/jpg/met_543898_primary_000.jpg,1387456,26,1,0,0,0,0.1538461538461538,image,0,0,0,0,0,1,1,0,0,0,30,7.951645682246467,3.5373045929141878,0.3693104502052677,0.0069371569260574,256,6,0,0,1,0,0,0,1,0,0,0,0,0.0,0
0,met_54480_primary_000.jpg,data/raw/image_anomaly/benign/met/jpg/met_54480_primary_000.jpg,2202799,25,1,0,0,0,0.16,image,0,0,0,0,0,1,1,0,0,0,54,7.979970753694178,3.48464479803749,0.3793564460488678,0.0080098093380285,256,6,0,0,0,0,0,0,0,0,0,0,0,0.0,0
0,met_54702_primary_000.jpg,data/raw/image_anomaly/benign/met/jpg/met_54702_primary_000.jpg,3759774,25,1,0,0,0,0.16,image,0,0,0,0,0,1,1,0,0,0,67,7.979856102906623,3.490954267826752,0.3827791244899294,0.0068807327248925,256,6,0,0,1,0,0,0,1,0,0,0,0,0.0,0
0,met_547431_primary_000.jpg,data/raw/image_anomaly/benign/met/jpg/met_547431_primary_000.jpg,2393352,26,1,0,0,0,0.1538461538461538,image,0,0,0,0,0,1,1,0,0,0,29,7.978663602089864,4.862024797045987,0.3817541255945636,0.007674174129004,256,16,0,0,0,0,0,0,0,0,0,0,0,0.0,0
0,met_547635_primary_000.jpg,data/raw/image_anomaly/benign/met/jpg/met_547635_primary_000.jpg,1341669,26,1,0,0,0,0.1538461538461538,image,0,0,0,0,0,1,1,0,0,0,5,7.936992746580978,5.20599917572372,0.3837600779327837,0.0113373715871798,256,10,0,0,0,0,0,0,0,0,0,0,0,0.0,0
0,met_549684_primary_000.jpg,data/raw/image_anomaly/benign/met/jpg/met_549684_primary_000.jpg,209671,26,1,0,0,0,0.1538461538461538,image,0,0,0,0,0,1,1,0,0,0,1,7.892465761605921,4.956896054032788,0.4204301023985196,0.0170839076457879,256,19,0,0,0,0,0,0,0,0,0,0,0,0.0,0
0,met_549816_primary_000.jpg,data/raw/image_anomaly/benign/met/jpg/met_549816_primary_000.jpg,1085336,26,1,0,0,0,0.1538461538461538,image,0,0,0,0,0,1,1,0,0,0,20,7.9617514530931,4.961101748505612,0.383879277937892,0.0078915653769892,256,19,0,0,0,0,0,0,0,0,0,0,0,0.0,0
0,met_551350_additional_001.jpg,data/raw/image_anomaly/benign/met/jpg/met_551350_additional_001.jpg,2787499,29,1,0,0,0,0.1379310344827586,image,0,0,0,0,0,1,1,0,0,0,43,7.94793893638723,6.324921466144964,0.3739262327986485,0.0127784799205309,256,16,0,0,0,0,0,0,0,0,0,0,0,0.0,0
0,met_551350_additional_002.jpg,data/raw/image_anomaly/benign/met/jpg/met_551350_additional_002.jpg,3085698,29,1,0,0,0,0.1379310344827586,image,0,0,0,0,0,1,1,0,0,0,60,7.95030097849238,6.321483489100105,0.3745334118893035,0.0123255743109014,256,17,0,0,0,0,0,0,0,0,0,0,0,0.0,0
0,met_551350_additional_003.jpg,data/raw/image_anomaly/benign/met/jpg/met_551350_additional_003.jpg,2638339,29,1,0,0,0,0.1379310344827586,image,0,0,0,0,0,1,1,0,0,0,47,7.930584803469203,6.365675765979199,0.3729532103342292,0.0143029383259694,256,16,0,0,0,0,0,0,0,0,0,0,0,0.0,0
0,met_551350_additional_004.jpg,data/raw/image_anomaly/benign/met/jpg/met_551350_additional_004.jpg,2790572,29,1,0,0,0,0.1379310344827586,image,0,0,0,0,0,1,1,0,0,0,50,7.93815717807393,6.356011241758025,0.3698689730994219,0.0136810661040102,256,16,0,0,0,0,0,0,0,0,0,0,0,0.0,0
0,met_551350_additional_005.jpg,data/raw/image_anomaly/benign/met/jpg/met_551350_additional_005.jpg,2462821,29,1,0,0,0,0.1379310344827586,image,0,0,0,0,0,1,1,0,0,0,46,7.949162010831494,6.325393852084277,0.3719567926373861,0.0125677018346034,256,15,0,0,0,0,0,0,0,0,0,0,0,0.0,0
0,met_551350_additional_006.jpg,data/raw/image_anomaly/benign/met/jpg/met_551350_additional_006.jpg,1046470,29,1,0,0,0,0.1379310344827586,image,0,0,0,0,0,1,1,0,0,0,11,7.90953526462903,4.889998060770651,0.381516909228167,0.0177061932019073,256,17,0,0,0,0,0,0,0,0,0,0,0,0.0,0
0,met_551350_primary_000.jpg,data/raw/image_anomaly/benign/met/jpg/met_551350_primary_000.jpg,2623764,26,1,0,0,0,0.1538461538461538,image,0,0,0,0,0,1,1,0,0,0,48,7.950539946543171,6.321920699677467,0.3723391280618226,0.0124672036052022,256,17,0,0,1,0,0,0,1,0,0,0,0,0.0,0
0,met_551422_primary_000.jpg,data/raw/image_anomaly/benign/met/jpg/met_551422_primary_000.jpg,183208,26,1,0,0,0,0.1538461538461538,image,0,0,0,0,0,1,1,0,0,0,3,7.750414068244656,5.206518230220605,0.4372789397842889,0.030533601152788,256,19,0,0,0,0,0,0,0,0,0,0,0,0.0,0
0,met_552299_primary_000.jpg,data/raw/image_anomaly/benign/met/jpg/met_552299_primary_000.jpg,564881,26,1,0,0,0,0.1538461538461538,image,0,0,0,0,0,1,1,0,0,0,7,7.920666738882562,7.22713220970735,0.3775963433006243,0.0095860898136067,256,15,0,0,0,0,0,0,0,0,0,0,0,0.0,0
0,met_55516_primary_000.jpg,data/raw/image_anomaly/benign/met/jpg/met_55516_primary_000.jpg,2128541,25,1,0,0,0,0.16,image,0,0,0,0,0,1,1,0,0,0,45,7.989229148098334,3.4166477975996146,0.3762934329195444,0.0079453484804849,256,6,0,0,0,0,0,0,0,0,0,0,0,0.0,0
0,met_558330_primary_000.jpg,data/raw/image_anomaly/benign/met/jpg/met_558330_primary_000.jpg,207379,26,1,0,0,0,0.1538461538461538,image,0,0,0,0,0,1,1,0,0,0,2,7.912018699853222,7.348353642617586,0.3683497364728347,0.0083615023700567,256,6,0,0,0,0,0,0,0,0,0,0,0,0.0,0
0,met_558514_primary_000.jpg,data/raw/image_anomaly/benign/met/jpg/met_558514_primary_000.jpg,842946,26,1,0,0,0,0.1538461538461538,image,0,0,0,0,0,1,1,0,0,0,25,7.535268045667843,6.322738824793774,0.3448690663458869,0.114445053419792,256,18,0,2,0,0,0,2,2,0,0,0,0,0.0,0
0,met_56066_primary_000.jpg,data/raw/image_anomaly/benign/met/jpg/met_56066_primary_000.jpg,1724933,25,1,0,0,0,0.16,image,0,0,0,0,0,1,1,0,0,0,30,7.9824426060206735,3.4717151260966204,0.3753137078367681,0.0083933694815972,256,6,0,0,1,0,0,0,1,0,0,0,0,0.0,0
0,met_56572_primary_000.jpg,data/raw/image_anomaly/benign/met/jpg/met_56572_primary_000.jpg,1228351,25,1,0,0,0,0.16,image,0,0,0,0,0,1,1,0,0,0,9,7.917780794299752,4.873370120581353,0.3776534557304875,0.0174738328051184,256,18,0,0,0,0,0,0,0,0,0,0,0,0.0,0
0,met_56754_primary_000.jpg,data/raw/image_anomaly/benign/met/jpg/met_56754_primary_000.jpg,2010254,25,1,0,0,0,0.16,image,0,0,0,0,0,1,1,0,0,0,41,7.982622186748134,3.402785699541339,0.3753495826895506,0.0089869240404446,256,6,0,0,0,0,0,0,0,0,0,0,0,0.0,0
0,met_57035_primary_000.jpg,data/raw/image_anomaly/benign/met/jpg/met_57035_primary_000.jpg,2938361,25,1,0,0,0,0.16,image,0,0,0,0,0,1,1,0,0,0,59,7.982434152072635,3.4852180133465667,0.3757111532585683,0.008408429052795,256,6,0,0,0,0,0,0,0,0,0,0,0,0.0,0
0,met_57139_additional_001.jpg,data/raw/image_anomaly/benign/met/jpg/met_57139_additional_001.jpg,241486,28,1,0,0,0,0.1428571428571428,image,0,0,0,0,0,1,1,0,0,0,1,7.450193229569284,3.485015720633768,0.3352244022427801,0.0665877110888416,256,6,0,1,0,0,0,1,1,0,0,0,0,0.0,0
0,met_57139_additional_002.jpg,data/raw/image_anomaly/benign/met/jpg/met_57139_additional_002.jpg,2346807,28,1,0,0,0,0.1428571428571428,image,0,0,0,0,0,1,1,0,0,0,9,7.929083462595115,4.963572782774719,0.3669334546897124,0.016626420493888,256,18,0,0,0,0,0,0,0,0,0,0,0,0.0,0
0,met_57139_primary_000.jpg,data/raw/image_anomaly/benign/met/jpg/met_57139_primary_000.jpg,275672,25,1,0,0,0,0.16,image,0,0,0,0,0,1,1,0,0,0,1,7.51857003058448,3.484808191689697,0.3376041092312603,0.059280594329493,256,6,0,1,0,0,0,1,1,0,0,0,0,0.0,0
0,met_573269_primary_000.jpg,data/raw/image_anomaly/benign/met/jpg/met_573269_primary_000.jpg,2869372,26,1,0,0,0,0.1538461538461538,image,0,0,0,0,0,1,1,0,0,0,68,7.9661381587698195,5.06368269286672,0.3659943708937008,0.0108563825115739,256,16,0,0,0,0,0,0,0,0,0,0,0,0.0,0
0,met_5790_additional_001.jpg,data/raw/image_anomaly/benign/met/jpg/met_5790_additional_001.jpg,1328117,27,1,0,0,0,0.1481481481481481,image,0,0,0,0,0,1,1,0,0,0,17,7.929748927548937,4.940248601442579,0.368798080289613,0.0125591344738453,256,16,0,0,0,0,0,0,0,0,0,0,0,0.0,0
0,met_5790_primary_000.jpg,data/raw/image_anomaly/benign/met/jpg/met_5790_primary_000.jpg,1156294,24,1,0,0,0,0.1666666666666666,image,0,0,0,0,0,1,1,0,0,0,5,7.716691478500741,4.934836225745756,0.3436807593916426,0.0187824203878944,256,15,0,0,0,0,0,0,0,0,0,0,0,0.0,0
0,met_581221_primary_000.jpg,data/raw/image_anomaly/benign/met/jpg/met_581221_primary_000.jpg,3133673,26,1,0,0,0,0.1538461538461538,image,0,0,0,0,0,1,1,0,0,0,48,7.97080322798308,6.424415748336015,0.3682707161851284,0.0134487548637014,256,8,0,0,1,0,0,0,1,0,0,0,0,0.0,0
0,met_58132_primary_000.jpg,data/raw/image_anomaly/benign/met/jpg/met_58132_primary_000.jpg,1327325,25,1,0,0,0,0.16,image,0,0,0,0,0,1,1,0,0,0,12,7.944324761596834,5.313429463319996,0.3816751737517186,0.0140387621720377,256,26,0,0,1,0,0,0,1,0,0,0,0,0.0,0
0,met_62636_primary_000.jpg,data/raw/image_anomaly/benign/met/jpg/met_62636_primary_000.jpg,124665,25,1,0,0,0,0.16,image,0,0,0,0,0,1,1,0,0,0,0,7.85633843327074,3.488819395173774,0.3926122006978703,0.0122087193679059,256,6,0,1,0,0,0,1,1,0,0,0,0,0.0,0
0,met_62867_primary_000.jpg,data/raw/image_anomaly/benign/met/jpg/met_62867_primary_000.jpg,96948,25,1,0,0,0,0.16,image,0,0,0,0,0,1,1,0,0,0,2,7.918367422656134,3.56601079119195,0.3954594215455708,0.008406568469695,256,6,0,0,0,0,0,0,0,0,0,0,0,0.0,0
0,met_633460_primary_000.jpg,data/raw/image_anomaly/benign/met/jpg/met_633460_primary_000.jpg,2482038,26,1,0,0,0,0.1538461538461538,image,0,0,0,0,0,1,1,0,0,0,41,7.981866770628398,4.79337057799532,0.3769519241848835,0.0093681079822307,256,28,0,0,0,0,0,0,0,0,0,0,0,0.0,0
0,met_633652_primary_000.jpg,data/raw/image_anomaly/benign/met/jpg/met_633652_primary_000.jpg,5405366,26,1,0,0,0,0.1538461538461538,image,0,0,0,0,0,1,1,0,0,0,95,7.967767005136624,5.136422886124314,0.3857551921553508,0.0071752773077715,256,13,0,0,0,0,0,0,0,0,0,0,0,0.0,0
0,met_651966_primary_000.jpg,data/raw/image_anomaly/benign/met/jpg/met_651966_primary_000.jpg,2525303,26,1,0,0,0,0.1538461538461538,image,0,0,0,0,0,1,1,0,0,0,47,7.980843041921691,6.469281362080157,0.3755224620570284,0.0090717826732079,256,13,0,0,0,0,0,0,0,0,0,0,0,0.0,0
0,met_657206_primary_000.jpg,data/raw/image_anomaly/benign/met/jpg/met_657206_primary_000.jpg,2355154,26,1,0,0,0,0.1538461538461538,image,0,0,0,0,0,1,1,0,0,0,53,7.979465376258007,4.837323799390518,0.3825159628627257,0.0081179404828728,256,24,0,0,2,0,0,0,2,0,0,0,0,0.0,0
0,met_665360_primary_000.jpg,data/raw/image_anomaly/benign/met/jpg/met_665360_primary_000.jpg,2124656,26,1,0,0,0,0.1538461538461538,image,0,0,0,0,0,1,1,0,0,0,29,7.9796656502796175,4.8028127578369455,0.3758919090902244,0.0087510637016062,256,22,0,0,0,0,0,0,0,0,0,0,0,0.0,0
0,met_666467_primary_000.jpg,data/raw/image_anomaly/benign/met/jpg/met_666467_primary_000.jpg,740949,26,1,0,0,0,0.1538461538461538,image,0,0,0,0,0,1,1,0,0,0,17,7.829700693198688,6.446289467450733,0.3612232420854877,0.0377934243787359,256,13,0,0,0,0,0,0,0,0,0,0,0,0.0,0
0,met_667526_primary_000.jpg,data/raw/image_anomaly/benign/met/jpg/met_667526_primary_000.jpg,1246463,26,1,0,0,0,0.1538461538461538,image,0,0,0,0,0,1,1,0,0,0,10,7.92371693175113,5.205261120731332,0.3774961631432301,0.0156089671334006,256,26,0,0,0,0,0,0,0,0,0,0,0,0.0,0
0,met_669563_primary_000.jpg,data/raw/image_anomaly/benign/met/jpg/met_669563_primary_000.jpg,1065054,26,1,0,0,0,0.1538461538461538,image,0,0,0,0,0,1,1,0,0,0,8,7.909719790603424,5.2086802247815545,0.3753377763005444,0.0166404708118086,256,26,0,0,0,0,0,0,0,0,0,0,0,0.0,0
0,met_669597_additional_001.jpg,data/raw/image_anomaly/benign/met/jpg/met_669597_additional_001.jpg,1239090,29,1,0,0,0,0.1379310344827586,image,0,0,0,0,0,1,1,0,0,0,10,7.905009391997833,5.210751730533947,0.3742028424085417,0.0167727929367519,256,26,0,0,0,0,0,0,0,0,0,0,0,0.0,0
0,met_669597_primary_000.jpg,data/raw/image_anomaly/benign/met/jpg/met_669597_primary_000.jpg,1242708,26,1,0,0,0,0.1538461538461538,image,0,0,0,0,0,1,1,0,0,0,10,7.909832308519057,5.209492105328368,0.3738456660776305,0.0166877496563955,256,26,0,0,0,0,0,0,0,0,0,0,0,0.0,0
0,met_671050_primary_000.jpg,data/raw/image_anomaly/benign/met/jpg/met_671050_primary_000.jpg,3045989,26,1,0,0,0,0.1538461538461538,image,0,0,0,0,0,1,1,0,0,0,52,7.984578482583695,6.4310744405257525,0.3678184655295866,0.0099534174286249,256,13,0,0,0,0,0,0,0,0,0,0,0,0.0,0
0,met_6804_primary_000.jpg,data/raw/image_anomaly/benign/met/jpg/met_6804_primary_000.jpg,423180,24,1,0,0,0,0.1666666666666666,image,0,0,0,0,0,1,1,0,0,0,3,7.869664464388753,4.922074776927042,0.3784063519069899,0.0230185736566,256,15,0,0,0,0,0,0,0,0,0,0,0,0.0,0
0,met_68363_primary_000.jpg,data/raw/image_anomaly/benign/met/jpg/met_68363_primary_000.jpg,80442,25,1,0,0,0,0.16,image,0,0,0,0,0,1,1,0,0,0,0,7.867789388023459,3.534857335905623,0.4005867581611596,0.0116232813704283,256,6,0,0,0,0,0,0,0,0,0,0,0,0.0,0
0,met_689238_additional_001.jpg,data/raw/image_anomaly/benign/met/jpg/met_689238_additional_001.jpg,1541785,29,1,0,0,0,0.1379310344827586,image,0,0,0,0,0,1,1,0,0,0,13,7.938509375245166,5.18681002542578,0.3796521564290741,0.0135557162639408,256,26,0,0,0,0,0,0,0,0,0,0,0,0.0,0
0,met_689238_primary_000.jpg,data/raw/image_anomaly/benign/met/jpg/met_689238_primary_000.jpg,1537554,26,1,0,0,0,0.1538461538461538,image,0,0,0,0,0,1,1,0,0,0,9,7.938501092050483,5.181657792749251,0.3787658839949686,0.0133640834728406,256,26,0,0,0,0,0,0,0,0,0,0,0,0.0,0
0,met_691015_primary_000.jpg,data/raw/image_anomaly/benign/met/jpg/met_691015_primary_000.jpg,2832984,26,1,0,0,0,0.1538461538461538,image,0,0,0,0,0,1,1,0,0,0,80,7.958790750160471,6.406316412082775,0.3889901954970448,0.0068729650432194,256,13,0,0,0,0,0,0,0,0,0,0,0,0.0,0
0,met_69420_primary_000.jpg,data/raw/image_anomaly/benign/met/jpg/met_69420_primary_000.jpg,2290277,25,1,0,0,0,0.16,image,0,0,0,0,0,1,1,0,0,0,74,7.970648276371096,3.039792198597443,0.3780603830890324,0.0076641384426425,256,9,0,0,1,0,0,0,1,0,0,0,0,0.0,0
0,met_699366_primary_000.jpg,data/raw/image_anomaly/benign/met/jpg/met_699366_primary_000.jpg,232492,26,1,0,0,0,0.1538461538461538,image,0,0,0,0,0,1,1,0,0,0,7,7.916855268216049,6.42979766951925,0.4081129673279081,0.0215147187860227,256,17,0,0,0,0,0,0,0,0,0,0,0,0.0,0
0,met_703714_primary_000.jpg,data/raw/image_anomaly/benign/met/jpg/met_703714_primary_000.jpg,213310,26,1,0,0,0,0.1538461538461538,image,0,0,0,0,0,1,1,0,0,0,4,7.8989896984918975,6.40104847491842,0.4096901223571328,0.0232759833106746,256,17,0,0,0,0,0,0,0,0,0,0,0,0.0,0
0,met_703767_primary_000.jpg,data/raw/image_anomaly/benign/met/jpg/met_703767_primary_000.jpg,195021,26,1,0,0,0,0.1538461538461538,image,0,0,0,0,0,1,1,0,0,0,2,7.898200843850667,6.426403563778851,0.417390947641536,0.018208295516893,256,17,0,0,0,0,0,0,0,0,0,0,0,0.0,0
0,met_704540_primary_000.jpg,data/raw/image_anomaly/benign/met/jpg/met_704540_primary_000.jpg,3263836,26,1,0,0,0,0.1538461538461538,image,0,0,0,0,0,1,1,0,0,0,50,7.983240409567576,6.376388531685527,0.3754401262808548,0.008623595058085,256,14,0,0,1,0,0,0,1,0,0,0,0,0.0,0
0,met_707908_primary_000.jpg,data/raw/image_anomaly/benign/met/jpg/met_707908_primary_000.jpg,4402807,26,1,0,0,0,0.1538461538461538,image,0,0,0,0,0,1,1,0,0,0,97,7.9706546528072515,4.898251476951157,0.3796196381081433,0.0093388149878021,256,26,0,0,0,0,0,0,0,0,0,0,0,0.0,0
0,met_712912_primary_000.jpg,data/raw/image_anomaly/benign/met/jpg/met_712912_primary_000.jpg,146795,26,1,0,0,0,0.1538461538461538,image,0,0,0,0,0,1,1,0,0,0,3,7.89521970635707,6.4229382765657705,0.4317449504410913,0.019401205763139,256,15,0,0,0,0,0,0,0,0,0,0,0,0.0,0
0,met_713471_primary_000.jpg,data/raw/image_anomaly/benign/met/jpg/met_713471_primary_000.jpg,280672,26,1,0,0,0,0.1538461538461538,image,0,0,0,0,0,1,1,0,0,0,5,7.922477838697167,6.43618346305324,0.411843717934101,0.0199521149241819,256,24,1,0,0,0,0,0,0,0,0,0,0,0.0,0
0,met_715362_primary_000.jpg,data/raw/image_anomaly/benign/met/jpg/met_715362_primary_000.jpg,154165,26,1,0,0,0,0.1538461538461538,image,0,0,0,0,0,1,1,0,0,0,3,7.893789946533166,6.38381409642328,0.4274575941361528,0.0201407582784678,256,15,0,0,0,0,0,0,0,0,0,0,0,0.0,0
0,met_71997_primary_000.jpg,data/raw/image_anomaly/benign/met/jpg/met_71997_primary_000.jpg,90474,25,1,0,0,0,0.16,image,0,0,0,0,0,1,1,0,0,0,2,7.86246204484407,3.486129139354755,0.3903110285827972,0.0166898777549351,256,6,0,1,0,0,0,1,1,0,0,0,0,0.0,0
0,met_721371_primary_000.jpg,data/raw/image_anomaly/benign/met/jpg/met_721371_primary_000.jpg,220303,26,1,0,0,0,0.1538461538461538,image,0,0,0,0,0,1,1,0,0,0,4,7.918192187988309,6.424592742538165,0.4038029441269524,0.0172898235611861,256,17,0,0,0,0,0,0,0,0,0,0,0,0.0,0
0,met_721395_primary_000.jpg,data/raw/image_anomaly/benign/met/jpg/met_721395_primary_000.jpg,209356,26,1,0,0,0,0.1538461538461538,image,0,0,0,0,0,1,1,0,0,0,4,7.913568306478705,6.407458189847872,0.4148245094480215,0.0205821662622518,256,17,0,0,0,0,0,0,0,0,0,0,0,0.0,0
0,met_726554_primary_000.jpg,data/raw/image_anomaly/benign/met/jpg/met_726554_primary_000.jpg,280881,26,1,0,0,0,0.1538461538461538,image,0,0,0,0,0,1,1,0,0,0,4,7.950750951644352,6.395037240742477,0.404306450062482,0.0144189176199173,256,15,0,2,0,0,0,2,2,0,0,0,0,0.0,0
0,met_729060_primary_000.jpg,data/raw/image_anomaly/benign/met/jpg/met_729060_primary_000.jpg,358642,26,1,0,0,0,0.1538461538461538,image,0,0,0,0,0,1,1,0,0,0,8,7.94928328002181,6.434855033037059,0.3995683718025217,0.0167660229420982,256,17,0,0,0,0,0,0,0,0,0,0,0,0.0,0
0,met_733332_primary_000.jpg,data/raw/image_anomaly/benign/met/jpg/met_733332_primary_000.jpg,352936,26,1,0,0,0,0.1538461538461538,image,0,0,0,0,0,1,1,0,0,0,11,7.937323716087064,6.401299658268454,0.3981571729718702,0.0191451141283405,256,17,0,0,0,0,0,0,0,0,0,0,0,0.0,0
0,met_737236_primary_000.jpg,data/raw/image_anomaly/benign/met/jpg/met_737236_primary_000.jpg,194774,26,1,0,0,0,0.1538461538461538,image,0,0,0,0,0,1,1,0,0,0,4,7.905797662055273,6.401087981326552,0.4151580806473143,0.0217739534024048,256,17,0,0,0,0,0,0,0,0,0,0,0,0.0,0
0,met_738940_primary_000.jpg,data/raw/image_anomaly/benign/met/jpg/met_738940_primary_000.jpg,1511692,26,1,0,0,0,0.1538461538461538,image,0,0,0,0,0,1,1,0,0,0,39,7.957995722111254,5.136572261523975,0.3942866668607097,0.007530634547249,256,17,0,0,0,0,0,0,0,0,0,0,0,0.0,0
0,met_739936_additional_001.jpg,data/raw/image_anomaly/benign/met/jpg/met_739936_additional_001.jpg,354271,29,1,0,0,0,0.1379310344827586,image,0,0,0,0,0,1,1,0,0,0,6,7.939845497884083,6.4076240274651655,0.4013791701832778,0.0173228968783784,256,17,0,0,0,0,0,0,0,0,0,0,0,0.0,0
0,met_739936_primary_000.jpg,data/raw/image_anomaly/benign/met/jpg/met_739936_primary_000.jpg,361407,26,1,0,0,0,0.1538461538461538,image,0,0,0,0,0,1,1,0,0,0,8,7.942045135089661,6.421842317193549,0.3972806282114071,0.0176117230712188,256,17,0,0,0,0,0,0,0,0,0,0,0,0.0,0
0,met_741768_additional_001.jpg,data/raw/image_anomaly/benign/met/jpg/met_741768_additional_001.jpg,3124565,29,1,0,0,0,0.1379310344827586,image,0,0,0,0,0,1,1,0,0,0,106,7.957886545586522,2.416268634769564,0.3772096275801591,0.0139565027451821,256,8,0,0,2,0,0,0,2,0,0,0,0,0.0,0
0,met_741768_primary_000.jpg,data/raw/image_anomaly/benign/met/jpg/met_741768_primary_000.jpg,3201495,26,1,0,0,0,0.1538461538461538,image,0,0,0,0,0,1,1,0,0,0,84,7.959916001915038,2.420390858206687,0.3774561572015574,0.0136420640981791,256,8,0,0,1,0,0,0,1,0,0,0,0,0.0,0
0,met_754439_primary_000.jpg,data/raw/image_anomaly/benign/met/jpg/met_754439_primary_000.jpg,4621090,26,1,0,0,0,0.1538461538461538,image,0,0,0,0,0,1,1,0,0,0,79,7.973374369537528,5.142613629527363,0.3779703489869273,0.0081350936683769,256,17,0,2,0,0,0,2,2,0,0,0,0,0.0,0
0,met_755312_primary_000.jpg,data/raw/image_anomaly/benign/met/jpg/met_755312_primary_000.jpg,4639050,26,1,0,0,0,0.1538461538461538,image,0,0,0,0,0,1,1,0,0,0,61,7.9785921834070335,6.390271250722547,0.3800002155613757,0.0082383246569879,256,17,0,2,0,0,0,2,2,0,0,0,0,0.0,0
0,met_759863_primary_000.jpg,data/raw/image_anomaly/benign/met/jpg/met_759863_primary_000.jpg,215032,26,1,0,0,0,0.1538461538461538,image,0,0,0,0,0,1,1,0,0,0,6,7.908317164833877,6.425343020389497,0.4172355742401131,0.0211503404144499,256,17,0,0,0,0,0,0,0,0,0,0,0,0.0,0
0,met_760199_primary_000.jpg,data/raw/image_anomaly/benign/met/jpg/met_760199_primary_000.jpg,5539435,26,1,0,0,0,0.1538461538461538,image,0,0,0,0,0,1,1,0,0,0,129,7.961684772633118,5.13757771449732,0.3829318333006886,0.0077695649466055,256,17,0,2,1,0,0,2,3,0,0,0,0,0.0,0
0,met_764753_primary_000.jpg,data/raw/image_anomaly/benign/met/jpg/met_764753_primary_000.jpg,2010138,26,1,0,0,0,0.1538461538461538,image,0,0,0,0,0,1,1,0,0,0,30,7.982479552495143,6.351178553542187,0.3772049481179899,0.009377465626738,256,13,0,0,0,0,0,0,0,0,0,0,0,0.0,0
0,met_77299_primary_000.jpg,data/raw/image_anomaly/benign/met/jpg/met_77299_primary_000.jpg,107851,25,1,0,0,0,0.16,image,0,0,0,0,0,1,1,0,0,0,1,7.949235971681176,7.739151536861826,0.3641690851267026,0.0075845379273256,256,0,0,0,0,0,0,0,0,0,0,0,0,0.0,0
0,met_773855_additional_001.jpg,data/raw/image_anomaly/benign/met/jpg/met_773855_additional_001.jpg,1701403,29,1,0,0,0,0.1379310344827586,image,0,0,0,0,0,1,1,0,0,0,33,7.955001541954264,6.382108389587502,0.3859426602633238,0.0136216992681921,256,17,0,0,0,0,0,0,0,0,0,0,0,0.0,0
0,met_773855_primary_000.jpg,data/raw/image_anomaly/benign/met/jpg/met_773855_primary_000.jpg,1646210,26,1,0,0,0,0.1538461538461538,image,0,0,0,0,0,1,1,0,0,0,33,7.966597282133363,6.426486212817394,0.3750791211327838,0.0117688508756477,256,17,0,0,0,0,0,0,0,0,0,0,0,0.0,0
0,met_8068_primary_000.jpg,data/raw/image_anomaly/benign/met/jpg/met_8068_primary_000.jpg,323675,24,1,0,0,0,0.1666666666666666,image,0,0,0,0,0,1,1,0,0,0,2,7.892379618978326,4.922199015106412,0.3866563682706418,0.0212960531397234,256,15,0,0,0,0,0,0,0,0,0,0,0,0.0,0
0,met_813191_primary_000.jpg,data/raw/image_anomaly/benign/met/jpg/met_813191_primary_000.jpg,2513077,26,1,0,0,0,0.1538461538461538,image,0,0,0,0,0,1,1,0,0,0,17,7.986668547191234,6.446212057391627,0.3715596458047246,0.0095759103282549,256,13,0,0,1,0,0,0,1,0,0,0,0,0.0,0
0,met_813301_primary_000.jpg,data/raw/image_anomaly/benign/met/jpg/met_813301_primary_000.jpg,2627680,26,1,0,0,0,0.1538461538461538,image,0,0,0,0,0,1,1,0,0,0,32,7.983181030488663,6.399558227286328,0.3800009894659928,0.0075770261219022,256,13,0,0,0,0,0,0,0,0,0,0,0,0.0,0
0,met_8181_primary_000.jpg,data/raw/image_anomaly/benign/met/jpg/met_8181_primary_000.jpg,743683,24,1,0,0,0,0.1666666666666666,image,0,0,0,0,0,1,1,0,0,0,8,7.943285963777773,3.029384672762495,0.3657351317698535,0.0187741282239879,256,9,0,0,0,0,0,0,0,0,0,0,0,0.0,0
0,met_82115_additional_001.jpg,data/raw/image_anomaly/benign/met/jpg/met_82115_additional_001.jpg,535587,28,1,0,0,0,0.1428571428571428,image,0,0,0,0,0,1,1,0,0,0,7,7.971214244990991,3.5401364589386053,0.3733977859806157,0.0089994716077873,256,6,0,1,0,0,0,1,1,0,0,0,0,0.0,0
0,met_82115_additional_002.jpg,data/raw/image_anomaly/benign/met/jpg/met_82115_additional_002.jpg,672725,28,1,0,0,0,0.1428571428571428,image,0,0,0,0,0,1,1,0,0,0,7,7.967323937440051,3.5363707679547,0.3617228436582556,0.011667471849567,256,6,0,1,0,0,0,1,1,0,0,0,0,0.0,0
0,met_82115_additional_003.jpg,data/raw/image_anomaly/benign/met/jpg/met_82115_additional_003.jpg,295720,28,1,0,0,0,0.1428571428571428,image,0,0,0,0,0,1,1,0,0,0,3,7.969041592223977,3.54130924786459,0.3747497632895982,0.0100872446909238,256,6,0,1,0,0,0,1,1,0,0,0,0,0.0,0
0,met_82115_additional_004.jpg,data/raw/image_anomaly/benign/met/jpg/met_82115_additional_004.jpg,370439,28,1,0,0,0,0.1428571428571428,image,0,0,0,0,0,1,1,0,0,0,18,7.688119793735795,3.624137886603024,0.3744611123558805,0.0083846463250359,256,6,0,0,0,0,0,0,0,0,0,0,0,0.0,0
0,met_82115_primary_000.jpg,data/raw/image_anomaly/benign/met/jpg/met_82115_primary_000.jpg,645699,25,1,0,0,0,0.16,image,0,0,0,0,0,1,1,0,0,0,4,7.97212874327622,3.5346553989731957,0.3703118635773015,0.010320598297349,256,6,0,1,0,0,0,1,1,0,0,0,0,0.0,0
0,met_821168_additional_001.jpg,data/raw/image_anomaly/benign/met/jpg/met_821168_additional_001.jpg,3475293,29,1,0,0,0,0.1379310344827586,image,0,0,0,0,0,1,1,0,0,0,83,7.969249711460619,6.391988599777972,0.3785637642639052,0.0107674374505976,256,12,0,0,0,0,0,0,0,0,0,0,0,0.0,0
0,met_821168_additional_002.jpg,data/raw/image_anomaly/benign/met/jpg/met_821168_additional_002.jpg,3714162,29,1,0,0,0,0.1379310344827586,image,0,0,0,0,0,1,1,0,0,0,77,7.970037319938707,6.434204764311032,0.3830971831600237,0.0085806704177146,256,12,0,0,0,0,0,0,0,0,0,0,0,0.0,0
0,met_821168_additional_003.jpg,data/raw/image_anomaly/benign/met/jpg/met_821168_additional_003.jpg,4300965,29,1,0,0,0,0.1379310344827586,image,0,0,0,0,0,1,1,0,0,0,71,7.974648028825413,6.430970490261103,0.3816306340553806,0.0081302684397571,256,12,0,0,0,0,0,0,0,0,0,0,0,0.0,0
0,met_821168_primary_000.jpg,data/raw/image_anomaly/benign/met/jpg/met_821168_primary_000.jpg,6221700,26,1,0,0,0,0.1538461538461538,image,0,0,0,0,0,1,1,0,0,0,161,7.961298622166545,6.393847368223722,0.3844793223716991,0.0070551456997283,256,13,0,0,1,0,0,0,1,0,0,0,0,0.0,0
0,met_821348_primary_000.jpg,data/raw/image_anomaly/benign/met/jpg/met_821348_primary_000.jpg,3752350,26,1,0,0,0,0.1538461538461538,image,0,0,0,0,0,1,1,0,0,0,49,7.986021573422562,6.454464963454321,0.3788633789491918,0.0076346822657801,256,13,0,0,0,0,0,0,0,0,0,0,0,0.0,0
0,met_911851_primary_000.jpg,data/raw/image_anomaly/benign/met/jpg/met_911851_primary_000.jpg,3209568,26,1,0,0,0,0.1538461538461538,image,0,0,0,0,0,1,1,0,0,0,59,7.984268823678922,6.354355215238762,0.3825592727744045,0.0072829115943329,256,15,0,0,0,0,0,0,0,0,0,0,0,0.0,0
0,met_912370_primary_000.jpg,data/raw/image_anomaly/benign/met/jpg/met_912370_primary_000.jpg,2681599,26,1,0,0,0,0.1538461538461538,image,0,0,0,0,0,1,1,0,0,0,45,7.982064412746308,7.682332837415175,0.3811211146782199,0.0079806861503155,256,15,0,2,0,0,0,2,2,0,0,0,0,0.0,0
0,commons_10438010.gif,data/raw/image_anomaly/benign/wikimedia/gif/commons_10438010.gif,51088,20,1,0,0,0,0.1,image,0,0,0,0,0,1,1,0,0,0,0,7.918761100291681,4.623778124459135,0.3084677419354839,0.0232735671782023,256,0,0,0,0,0,0,0,0,0,0,0,0,0.0,0
0,commons_10525849.gif,data/raw/image_anomaly/benign/wikimedia/gif/commons_10525849.gif,1445348,20,1,0,0,0,0.1,image,0,0,0,0,0,1,1,0,0,0,11,7.971324083634123,4.117135493986806,0.3529309204426892,0.005583430426444,256,0,0,0,0,0,0,0,0,0,0,0,0,0.0,0
0,commons_1228779.gif,data/raw/image_anomaly/benign/wikimedia/gif/commons_1228779.gif,568203,19,1,0,0,0,0.1052631578947368,image,0,0,0,0,0,1,1,0,0,0,6,7.910632909264275,4.705733007237831,0.3769726664589944,0.0081185773394367,256,0,0,0,0,0,0,0,0,0,0,0,0,0.0,0
0,commons_1236079.gif,data/raw/image_anomaly/benign/wikimedia/gif/commons_1236079.gif,508851,19,1,0,0,0,0.1052631578947368,image,0,0,0,0,0,1,1,0,0,0,2,7.922692885056258,3.5799773615828188,0.346655504263527,0.024826520926558,256,0,0,0,0,0,0,0,0,0,0,0,0,0.0,0
0,commons_1325234.gif,data/raw/image_anomaly/benign/wikimedia/gif/commons_1325234.gif,407552,19,1,0,0,0,0.1052631578947368,image,0,0,0,0,0,1,1,0,0,0,4,7.969261329409697,4.9886085007312415,0.341902383008794,0.0093534076633165,256,0,0,0,0,0,0,0,0,0,0,0,0,0.0,0
0,commons_15288272.gif,data/raw/image_anomaly/benign/wikimedia/gif/commons_15288272.gif,27253,20,1,0,0,0,0.1,image,0,0,0,0,0,1,1,0,0,0,1,7.957522442183199,2.575375780033049,0.3791509191648626,0.0100906322239753,256,0,0,0,0,0,0,0,0,0,0,0,0,0.0,0
0,commons_1702289.gif,data/raw/image_anomaly/benign/wikimedia/gif/commons_1702289.gif,3638957,19,1,0,0,0,0.1052631578947368,image,0,0,0,0,0,1,1,0,0,0,43,7.8107457512692,3.337596736313303,0.35225285706866,0.0136349508938962,256,0,0,0,2,0,0,0,2,0,0,0,0,0.0,0
0,commons_1711901.gif,data/raw/image_anomaly/benign/wikimedia/gif/commons_1711901.gif,60846,19,1,0,0,0,0.1052631578947368,image,0,0,0,0,0,1,1,0,0,0,1,7.950675919731142,4.579172609267364,0.3461197120599546,0.0106169674259606,256,0,0,2,0,0,0,2,2,0,0,0,0,0.0,0
0,commons_1976022.gif,data/raw/image_anomaly/benign/wikimedia/gif/commons_1976022.gif,3105318,19,1,0,0,0,0.1052631578947368,image,0,0,0,0,0,1,1,0,0,0,32,7.844836365989058,4.59862749204606,0.3667762850696772,0.0144584226156548,256,0,0,0,2,0,0,0,2,0,0,0,0,0.0,0
0,commons_284196.gif,data/raw/image_anomaly/benign/wikimedia/gif/commons_284196.gif,1148870,18,1,0,0,0,0.1111111111111111,image,0,0,0,0,0,1,1,0,0,0,9,7.957841561095805,5.632659765557392,0.3771305717792265,0.0078999364593034,256,0,0,0,0,0,0,0,0,0,0,0,0,0.0,0
0,commons_3056838.gif,data/raw/image_anomaly/benign/wikimedia/gif/commons_3056838.gif,205362,19,1,0,0,0,0.1052631578947368,image,0,0,0,0,0,1,1,0,0,0,2,7.592819493414434,4.584868358901743,0.3511603899455595,0.0137610658252257,256,0,0,2,0,0,0,2,2,0,0,0,0,0.0,0
0,commons_3270145.gif,data/raw/image_anomaly/benign/wikimedia/gif/commons_3270145.gif,1199783,19,1,0,0,0,0.1052631578947368,image,0,0,0,0,0,1,1,0,0,0,37,7.930571829593262,3.924198558647944,0.3393988746298289,0.0186800446414059,256,0,0,0,0,0,0,0,0,0,0,0,0,0.0,0
0,commons_34825915.gif,data/raw/image_anomaly/benign/wikimedia/gif/commons_34825915.gif,18749,20,1,0,0,0,0.1,image,0,0,0,0,0,1,1,0,0,0,2,7.845662516896716,4.934674852072125,0.3906341671555816,0.0094405034935196,256,0,0,0,0,0,0,0,0,0,0,0,0,0.0,0
0,commons_34825916.gif,data/raw/image_anomaly/benign/wikimedia/gif/commons_34825916.gif,21805,20,1,0,0,0,0.1,image,0,0,0,0,0,1,1,0,0,0,0,7.843210875389348,4.530388867995137,0.365741802338913,0.0118780096308186,256,0,0,0,0,0,0,0,0,0,0,0,0,0.0,0
0,commons_34825938.gif,data/raw/image_anomaly/benign/wikimedia/gif/commons_34825938.gif,26277,20,1,0,0,0,0.1,image,0,0,0,0,0,1,1,0,0,0,0,7.863746239948592,4.633719775058999,0.3772881226928493,0.008981238345321,256,0,0,0,0,0,0,0,0,0,0,0,0,0.0,0
0,commons_34825940.gif,data/raw/image_anomaly/benign/wikimedia/gif/commons_34825940.gif,27036,20,1,0,0,0,0.1,image,0,0,0,0,0,1,1,0,0,0,1,7.881084708183544,4.839364454101657,0.374167776298269,0.0099866844207723,256,0,0,0,0,0,0,0,0,0,0,0,0,0.0,0
0,commons_34825941.gif,data/raw/image_anomaly/benign/wikimedia/gif/commons_34825941.gif,27505,20,1,0,0,0,0.1,image,0,0,0,0,0,1,1,0,0,0,0,7.867110791527998,4.670665524693379,0.3658243955644428,0.0109434648245773,256,0,0,0,0,0,0,0,0,0,0,0,0,0.0,0
0,commons_3996880.gif,data/raw/image_anomaly/benign/wikimedia/gif/commons_3996880.gif,2671301,19,1,0,0,0,0.1052631578947368,image,0,0,0,0,0,1,1,0,0,0,36,7.928989426746918,5.191024413893479,0.3691309964695105,0.005250250720529,256,0,0,0,1,0,0,0,1,0,0,0,0,0.0,0
0,commons_526484.gif,data/raw/image_anomaly/benign/wikimedia/gif/commons_526484.gif,297201,18,1,0,0,0,0.1111111111111111,image,0,0,0,0,0,1,1,0,0,0,2,7.847006850435746,4.537687890016526,0.3636865286455967,0.0126008997277936,256,0,0,0,0,0,0,0,0,0,0,0,0,0.0,0
0,commons_540978.gif,data/raw/image_anomaly/benign/wikimedia/gif/commons_540978.gif,38733,18,1,0,0,0,0.1111111111111111,image,0,0,0,0,0,1,1,0,0,0,0,7.952042670335971,4.478123587245975,0.3359925644799008,0.0081842356646786,256,0,0,0,0,0,0,0,0,0,0,0,0,0.0,0
0,commons_5530212.gif,data/raw/image_anomaly/benign/wikimedia/gif/commons_5530212.gif,49211,19,1,0,0,0,0.1052631578947368,image,0,0,0,0,0,1,1,0,0,0,3,7.965343768188515,2.6405403095134434,0.3818455223425657,0.0068683830850826,256,0,0,0,0,0,0,0,0,0,0,0,0,0.0,0
0,commons_5530229.gif,data/raw/image_anomaly/benign/wikimedia/gif/commons_5530229.gif,54431,19,1,0,0,0,0.1052631578947368,image,0,0,0,0,0,1,1,0,0,0,1,7.973728982093751,2.6405403095134434,0.3711120501184986,0.0066506218882622,256,0,0,0,0,0,0,0,0,0,0,0,0,0.0,0
0,commons_566137.gif,data/raw/image_anomaly/benign/wikimedia/gif/commons_566137.gif,1622193,18,1,0,0,0,0.1111111111111111,image,0,0,0,0,0,1,1,0,0,0,27,7.933707349599988,5.28477441389348,0.3710828489581695,0.0092005082009354,256,0,0,0,0,0,0,0,0,0,0,0,0,0.0,0
0,commons_6359878.gif,data/raw/image_anomaly/benign/wikimedia/gif/commons_6359878.gif,347000,19,1,0,0,0,0.1052631578947368,image,0,0,0,0,0,1,1,0,0,0,3,7.989260372512275,4.247217726488668,0.3758040345821326,0.0076368876080691,256,0,0,0,0,0,0,0,0,0,0,0,0,0.0,0
0,commons_149291488.jpg,data/raw/image_anomaly/benign/wikimedia/jpg/commons_149291488.jpg,2647680,21,1,0,0,0,0.0952380952380952,image,0,0,0,0,0,1,1,0,0,0,39,7.950871179361889,5.886589581213882,0.3631401831036983,0.0095804628958182,256,6,0,0,0,0,0,0,0,0,0,0,0,0.0,0
0,commons_149301474.jpg,data/raw/image_anomaly/benign/wikimedia/jpg/commons_149301474.jpg,4437214,21,1,0,0,0,0.0952380952380952,image,0,0,0,0,0,1,1,0,0,0,108,7.975053900601198,2.4431789767635053,0.3798297760712014,0.0068673721844382,256,3,0,0,0,0,0,0,0,0,0,0,0,0.0,0
0,commons_601236.jpg,data/raw/image_anomaly/benign/wikimedia/jpg/commons_601236.jpg,956016,18,1,0,0,0,0.1111111111111111,image,0,0,0,0,0,1,1,0,0,0,10,7.891110160455282,7.658609202863424,0.3607261803149738,0.0148564459172231,256,9,0,0,0,0,0,0,0,0,0,0,0,0.0,0
0,commons_88681811.jpg,data/raw/image_anomaly/benign/wikimedia/jpg/commons_88681811.jpg,15636863,20,1,0,0,0,0.1,image,0,0,0,0,0,1,1,0,0,0,316,7.955952420951705,1.4708467066215645,0.3681531903170092,0.011084959943692,256,18,0,2,2,0,0,2,4,0,0,0,0,0.0,0
0,commons_16116361.png,data/raw/image_anomaly/benign/wikimedia/png/commons_16116361.png,247450,20,1,0,0,0,0.1,image,0,0,0,0,0,1,1,0,0,0,9,7.988873181820853,4.293852353126395,0.378819963629016,0.0034916144675692,256,0,0,0,0,0,0,0,0,0,0,0,0,0.0,0
0,commons_922761.png,data/raw/image_anomaly/benign/wikimedia/png/commons_922761.png,863718,18,1,0,0,0,0.1111111111111111,image,0,0,0,0,0,1,1,0,0,0,11,7.992139432753976,5.029598182252591,0.3795034953538076,0.0017783582141393,256,0,0,0,0,0,0,0,0,0,0,0,0,0.0,0
0,Honeycam 2017-12-28 13-45-19.gif,data/raw/image_anomaly/benign/worldoftanks_2981839/Honeycam 2017-12-28 13-45-19.gif,1942130,32,1,0,0,0,0.21875,image,0,0,0,0,0,1,1,0,0,0,15,7.665621198429282,5.370864648336088,0.3680428189668044,0.0329092285274415,256,0,0,0,0,0,0,0,0,0,0,0,0,0.0,0
0,Honeycam 2017-12-28 13-52-08.gif,data/raw/image_anomaly/benign/worldoftanks_2981839/Honeycam 2017-12-28 13-52-08.gif,5011940,32,1,0,0,0,0.21875,image,0,0,0,0,0,1,1,0,0,0,48,7.72881096758875,5.277114648336088,0.3728466422183825,0.027768887895705,256,0,0,0,1,0,0,0,1,0,0,0,0,0.0,0
0,Honeycam 2017-12-28 13-57-26.gif,data/raw/image_anomaly/benign/worldoftanks_2981839/Honeycam 2017-12-28 13-57-26.gif,2486826,32,1,0,0,0,0.21875,image,0,0,0,0,0,1,1,0,0,0,23,7.761305881411173,5.644454882778696,0.3765920896757553,0.0251292209426795,256,0,0,0,0,0,0,0,0,0,0,0,0,0.0,0
0,Honeycam 2017-12-28 13-59-56.gif,data/raw/image_anomaly/benign/worldoftanks_2981839/Honeycam 2017-12-28 13-59-56.gif,6044006,32,1,0,0,0,0.21875,image,0,0,0,0,0,1,1,0,0,0,48,7.658847576363717,5.351409765557392,0.3765135243082154,0.0253757193490542,256,0,0,0,0,0,0,0,0,0,0,0,0,0.0,0
0,Honeycam 2017-12-28 14-05-02.gif,data/raw/image_anomaly/benign/worldoftanks_2981839/Honeycam 2017-12-28 14-05-02.gif,7861976,32,1,0,0,0,0.21875,image,0,0,0,0,0,1,1,0,0,0,67,7.68060011805629,5.381099367586925,0.3755534232106534,0.0272547257839505,256,0,0,0,0,0,0,0,0,0,0,0,0,0.0,0
0,Honeycam 2017-12-28 14-08-46.gif,data/raw/image_anomaly/benign/worldoftanks_2981839/Honeycam 2017-12-28 14-08-46.gif,5021072,32,1,0,0,0,0.21875,image,0,0,0,0,0,1,1,0,0,0,33,7.706892834106269,5.550704882778696,0.3740265027069916,0.0298257025591347,256,0,0,0,1,0,0,0,1,0,0,0,0,0.0,0
0,%A4%BC%A4%BB%A4%BA%A4%BB%A4%BC%A4%BA%A4%BB%A4%BC.jpg,"data/raw/image_anomaly/benign/짤방,움짤 모음집/%A4%BC%A4%BB%A4%BA%A4%BB%A4%BC%A4%BA%A4%BB%A4%BC.jpg",80706,52,1,0,0,0,0.3269230769230769,image,0,0,0,0,0,1,1,0,0,0,3,7.730105994725979,7.594450672016665,0.318724754045548,0.0261318861051222,256,0,0,0,0,0,0,0,0,0,0,0,0,0.0,0
0,%B1%B34%A4%A7%B1%B4%A4%B5%B1%B3.jpg,"data/raw/image_anomaly/benign/짤방,움짤 모음집/%B1%B34%A4%A7%B1%B4%A4%B5%B1%B3.jpg",76491,35,1,0,0,0,0.3142857142857143,image,0,0,0,0,0,1,1,0,0,0,4,7.961889487590363,7.800424410279817,0.373390333503288,0.0133610490123021,256,0,0,0,0,0,0,0,0,0,0,0,0,0.0,0
0,122501819259071.jpg,"data/raw/image_anomaly/benign/짤방,움짤 모음집/122501819259071.jpg",92632,19,1,0,0,0,0.0526315789473684,image,0,0,0,0,0,1,1,0,0,0,0,7.975455227915904,7.867374137420943,0.3637295966836514,0.0090573451938854,256,0,0,0,0,0,0,0,0,0,0,0,0,0.0,0
0,123755303427100.jpg,"data/raw/image_anomaly/benign/짤방,움짤 모음집/123755303427100.jpg",33371,19,1,0,0,0,0.0526315789473684,image,0,0,0,0,0,1,1,0,0,0,1,7.940221947689654,7.818351256499058,0.3437415720236133,0.0123460489646699,256,0,0,0,0,0,0,0,0,0,0,0,0,0.0,0
0,1초뒤adf.jpg,"data/raw/image_anomaly/benign/짤방,움짤 모음집/1초뒤adf.jpg",63851,10,1,0,0,0,0.1,image,0,0,0,0,0,1,1,0,0,0,2,7.962332640370017,7.254247084033077,0.3707224632347183,0.0174468684907049,256,0,0,0,0,0,0,0,0,0,0,0,0,0.0,0
0,1초뒤dd.jpg,"data/raw/image_anomaly/benign/짤방,움짤 모음집/1초뒤dd.jpg",42476,9,1,0,0,0,0.1111111111111111,image,0,0,0,0,0,1,1,0,0,0,1,7.981050013470651,7.889063818636295,0.3683021000094171,0.0079809774931726,256,0,0,0,0,0,0,0,0,0,0,0,0,0.0,0
0,5(8116).jpg,"data/raw/image_anomaly/benign/짤방,움짤 모음집/5(8116).jpg",29692,11,1,0,0,0,0.2727272727272727,image,0,0,0,0,0,1,1,0,0,0,1,7.956365753070925,7.845123189801923,0.3581772868112623,0.0127980600835241,256,0,0,0,0,0,0,0,0,0,0,0,0,0.0,0
0,65416rt3.jpg,"data/raw/image_anomaly/benign/짤방,움짤 모음집/65416rt3.jpg",62405,12,1,0,0,0,0.0833333333333333,image,0,0,0,0,0,1,1,0,0,0,3,7.960356618053574,7.642276732267432,0.3641214646262318,0.0209919076997035,256,2,0,0,0,0,0,0,0,0,0,0,0,0.0,0
0,;;;.JPG,"data/raw/image_anomaly/benign/짤방,움짤 모음집/;;;.JPG",20200,7,1,0,1,0,0.5714285714285714,image,0,0,0,0,0,1,1,0,0,0,0,7.936460408661155,7.83426487956488,0.3571287128712871,0.0167326732673267,256,0,0,1,0,0,0,1,1,0,0,0,0,0.0,0
0,__1201358979__23m8075m0.jpg,"data/raw/image_anomaly/benign/짤방,움짤 모음집/__1201358979__23m8075m0.jpg",40989,27,1,0,0,0,0.1851851851851851,image,0,0,0,0,0,1,1,0,0,0,0,7.96867540895843,7.89261572106123,0.3828832125692259,0.0046353899826782,256,0,0,0,0,0,0,0,0,0,0,0,0,0.0,0
0,__125749782222781.jpg,"data/raw/image_anomaly/benign/짤방,움짤 모음집/__125749782222781.jpg",59081,21,1,0,0,0,0.1428571428571428,image,0,0,0,0,0,1,1,0,0,0,0,7.980376251641381,7.849815360602903,0.3738426905434911,0.0080398097527123,256,0,0,0,0,0,0,0,0,0,0,0,0,0.0,0
0,af%5B0%5D.gif,"data/raw/image_anomaly/benign/짤방,움짤 모음집/af%5B0%5D.gif",262883,13,1,0,0,0,0.2307692307692307,image,0,0,0,0,0,1,1,0,0,0,0,7.79983246940935,5.527114648336088,0.3497335316471586,0.0178368323550781,256,0,0,0,0,0,0,0,0,0,0,0,0,0.0,0
0,bbu.jpg,"data/raw/image_anomaly/benign/짤방,움짤 모음집/bbu.jpg",5558,7,1,0,0,0,0.1428571428571428,image,0,0,0,0,0,1,1,0,0,0,0,7.916331159718361,7.8843464009423805,0.3519251529327096,0.0160129543001079,256,0,0,1,0,0,0,1,1,0,0,0,0,0.0,0
0,file_down.jpg,"data/raw/image_anomaly/benign/짤방,움짤 모음집/file_down.jpg",27754,13,1,0,0,0,0.1538461538461538,image,0,0,0,0,0,1,1,0,0,0,1,7.962676991169718,7.893740238400377,0.3754413778194134,0.0107011601931253,256,0,0,0,0,0,0,0,0,0,0,0,0,0.0,0
0,fun_1201_631281_1%5B0%5D.jpg,"data/raw/image_anomaly/benign/짤방,움짤 모음집/fun_1201_631281_1%5B0%5D.jpg",74484,28,1,0,0,0,0.2142857142857142,image,0,0,0,0,0,1,1,0,0,0,2,7.707627755438522,7.673990100012933,0.311717952848934,0.0227028623597014,256,0,0,0,0,0,0,0,0,0,0,0,0,0.0,0
0,hu_1228545233_1148606235.jpg,"data/raw/image_anomaly/benign/짤방,움짤 모음집/hu_1228545233_1148606235.jpg",226069,28,1,0,0,0,0.1071428571428571,image,0,0,0,0,0,1,1,0,0,0,7,7.961644072474504,7.813559160471947,0.3799282519938602,0.0075154045888644,256,0,0,0,0,0,0,0,0,0,0,0,0,0.0,0
0,hu_1228891134_1321288904.jpg,"data/raw/image_anomaly/benign/짤방,움짤 모음집/hu_1228891134_1321288904.jpg",349268,28,1,0,0,0,0.1071428571428571,image,0,0,0,0,0,1,1,0,0,0,5,7.964041519073736,7.666352029472279,0.3884896411924367,0.0083689315940767,256,10,0,0,0,0,0,0,0,0,0,0,0,0.0,0
0,ieh1z5RwhMNebQmnk2n7lBgJWQSE5y.jpg,"data/raw/image_anomaly/benign/짤방,움짤 모음집/ieh1z5RwhMNebQmnk2n7lBgJWQSE5y.jpg",34050,34,1,0,0,0,0.0294117647058823,image,0,0,0,0,0,1,1,0,0,0,0,7.97751135005832,7.853340953393653,0.3714831130690161,0.0091629955947136,256,0,0,0,0,0,0,0,0,0,0,0,0,0.0,0
0,jo%5B1%5D%5B0%5D.jpg,"data/raw/image_anomaly/benign/짤방,움짤 모음집/jo%5B1%5D%5B0%5D.jpg",220699,20,1,0,0,0,0.25,image,0,0,0,0,0,1,1,0,0,0,5,7.82258321419308,7.669781568014549,0.413513427790792,0.0121840153331007,256,9,0,0,0,0,0,0,0,0,0,0,0,0.0,0
0,kdA1yaImM9NglesK.jpg,"data/raw/image_anomaly/benign/짤방,움짤 모음집/kdA1yaImM9NglesK.jpg",184773,20,1,0,0,0,0.05,image,0,0,0,0,0,1,1,0,0,0,1,7.885118748125862,7.780851979242825,0.3413106893323158,0.011278704139674,256,0,0,0,0,0,0,0,0,0,0,0,0,0.0,0
0,kFu8iq35DvhCC6rHFtwbjMB7tqr7U.gif,"data/raw/image_anomaly/benign/짤방,움짤 모음집/kFu8iq35DvhCC6rHFtwbjMB7tqr7U.gif",94572,33,1,0,0,0,0.0303030303030303,image,0,0,0,0,0,1,1,0,0,0,2,7.836382740377388,2.8181847279511483,0.3724569640062597,0.0129425199847735,256,0,0,0,0,0,0,0,0,0,0,0,0,0.0,0
0,st6-cdj83_1.jpg,"data/raw/image_anomaly/benign/짤방,움짤 모음집/st6-cdj83_1.jpg",130139,15,1,0,0,0,0.2,image,0,0,0,0,0,1,1,0,0,0,1,7.681102277028841,7.493440485054453,0.3018849076756391,0.0263794865489976,256,0,0,0,0,0,0,0,0,0,0,0,0,0.0,0
0,갓오브워 - 복사본.jpg,"data/raw/image_anomaly/benign/짤방,움짤 모음집/갓오브워 - 복사본.jpg",239215,14,1,0,0,0,0.2857142857142857,image,0,0,0,0,0,1,1,0,0,0,3,7.95442200730712,7.785387404550233,0.3782956754384131,0.0051250966703593,256,0,0,0,0,0,0,0,0,0,0,0,0,0.0,0
0,개와 오리...jpg,"data/raw/image_anomaly/benign/짤방,움짤 모음집/개와 오리...jpg",410357,11,1,0,0,0,0.3636363636363636,image,0,0,0,0,0,1,1,0,0,0,3,7.6661006176631,7.692251343223328,0.3214932363771058,0.0284289045879563,256,9,0,0,0,0,0,0,0,0,0,0,0,0.0,0
0,게이 - 복사본 (2).jpg,"data/raw/image_anomaly/benign/짤방,움짤 모음집/게이 - 복사본 (2).jpg",173523,16,1,0,0,0,0.4375,image,0,0,0,0,0,1,1,0,0,0,5,7.966536178194866,7.784532104136383,0.3656460526846585,0.0086155725753934,256,0,0,0,0,0,0,0,0,0,0,0,0,0.0,0
0,그이름 김막자 - 복사본.jpg,"data/raw/image_anomaly/benign/짤방,움짤 모음집/그이름 김막자 - 복사본.jpg",46635,17,1,0,0,0,0.2941176470588235,image,0,0,0,0,0,1,1,0,0,0,0,7.957766760120682,7.858915253105459,0.3662914120295915,0.012415567706658,256,0,0,1,0,0,0,1,1,0,0,0,0,0.0,0
0,꿇어.jpg,"data/raw/image_anomaly/benign/짤방,움짤 모음집/꿇어.jpg",66388,6,1,0,0,0,0.1666666666666666,image,0,0,0,0,0,1,1,0,0,0,1,7.9679542942346275,7.870729662134853,0.3793607278423812,0.0079532445622702,256,0,0,0,0,0,0,0,0,0,0,0,0,0.0,0
0,넌 날 농락했어.jpg,"data/raw/image_anomaly/benign/짤방,움짤 모음집/넌 날 농락했어.jpg",218595,12,1,0,0,0,0.25,image,0,0,0,0,0,1,1,0,0,0,6,7.95324745885542,7.672798175991014,0.3890848372561129,0.0114961458404812,256,4,0,0,0,0,0,0,0,0,0,0,0,0.0,0
0,대박3.jpg,"data/raw/image_anomaly/benign/짤방,움짤 모음집/대박3.jpg",28896,7,1,0,0,0,0.1428571428571428,image,0,0,0,0,0,1,1,0,0,0,1,7.781379587102931,7.704039591685616,0.3274501661129568,0.0187569213732004,256,0,0,0,0,0,0,0,0,0,0,0,0,0.0,0
0,"동작그만,_밑장빼기냐_내가_빙신_핫바지로_보이냐_이새끼야 - 복사본.jpg","data/raw/image_anomaly/benign/짤방,움짤 모음집/동작그만,_밑장빼기냐_내가_빙신_핫바지로_보이냐_이새끼야 - 복사본.jpg",78736,41,1,0,0,0,0.2682926829268293,image,0,0,0,0,0,1,1,0,0,0,2,7.97020277397588,7.481897110207789,0.3723582605161552,0.0142755537492379,256,0,0,0,0,0,0,0,0,0,0,0,0,0.0,0
0,변기(6066).jpg,"data/raw/image_anomaly/benign/짤방,움짤 모음집/변기(6066).jpg",40004,12,1,0,0,0,0.25,image,0,0,0,0,0,1,1,0,0,0,1,7.974716329932782,7.862075096215368,0.365013498650135,0.0076742325767423,256,0,0,0,0,0,0,0,0,0,0,0,0,0.0,0
0,부담화장실.jpg,"data/raw/image_anomaly/benign/짤방,움짤 모음집/부담화장실.jpg",38369,9,1,0,0,0,0.1111111111111111,image,0,0,0,0,0,1,1,0,0,0,0,7.9703194617534,7.8996100210331,0.3798639526701243,0.0064374885975657,256,0,0,0,0,0,0,0,0,0,0,0,0,0.0,0
0,슈퍼 울트라 파워 스펙타글 밀레니엄 그레이트 슛.gif,"data/raw/image_anomaly/benign/짤방,움짤 모음집/슈퍼 울트라 파워 스펙타글 밀레니엄 그레이트 슛.gif",1038246,30,1,0,0,0,0.2333333333333333,image,0,0,0,0,0,1,1,0,0,0,19,7.896648775735263,5.433364648336088,0.3542965732591313,0.01659722262354,256,0,0,0,0,0,0,0,0,0,0,0,0,0.0,0
0,올드보이.jpg,"data/raw/image_anomaly/benign/짤방,움짤 모음집/올드보이.jpg",59548,8,1,0,0,0,0.125,image,0,0,0,0,0,1,1,0,0,0,3,7.965558367975514,7.911949664113306,0.3751595351649089,0.0063310270705985,256,0,0,0,0,0,0,0,0,0,0,0,0,0.0,0
0,이따위_물대포로_내_걸음을_방해하지마_멍청한녀석같으니 - 복사본.jpg,"data/raw/image_anomaly/benign/짤방,움짤 모음집/이따위_물대포로_내_걸음을_방해하지마_멍청한녀석같으니 - 복사본.jpg",27539,39,1,0,0,0,0.2307692307692307,image,0,0,0,0,0,1,1,0,0,0,2,7.975555477221037,7.884331467883894,0.3722720505464977,0.0101673989614728,256,0,0,0,0,0,0,0,0,0,0,0,0,0.0,0
0,제목%20없음.JPG,"data/raw/image_anomaly/benign/짤방,움짤 모음집/제목%20없음.JPG",108595,11,1,0,1,0,0.1818181818181818,image,0,0,0,0,0,1,1,0,0,0,3,7.971226585629639,7.885781494367524,0.3729637644458768,0.0093742805838206,256,0,0,1,0,0,0,1,1,0,0,0,0,0.0,0
0,조선시대 락그룹.jpg,"data/raw/image_anomaly/benign/짤방,움짤 모음집/조선시대 락그룹.jpg",205161,12,1,0,0,0,0.1666666666666666,image,0,0,0,0,0,1,1,0,0,0,1,7.933845566628262,7.8471948801558975,0.3502907472667807,0.0120636963165513,256,0,0,0,0,0,0,0,0,0,0,0,0,0.0,0
0,파도가 나에게 준 선물 - 복사본.JPG,"data/raw/image_anomaly/benign/짤방,움짤 모음집/파도가 나에게 준 선물 - 복사본.JPG",35913,22,1,0,1,0,0.3181818181818182,image,0,0,0,0,0,1,1,0,0,0,0,7.897529310044946,7.840055728873678,0.3713140088547322,0.0158159997772394,256,0,0,1,0,0,0,1,1,0,0,0,0,0.0,0
0,할매.jpg,"data/raw/image_anomaly/benign/짤방,움짤 모음집/할매.jpg",213627,6,1,0,0,0,0.1666666666666666,image,0,0,0,0,0,1,1,0,0,0,3,7.967925134999032,7.589521353349583,0.3753317698605513,0.0086552729757942,256,2,0,0,0,0,0,0,0,0,0,0,0,0.0,0
1,001_marker_zip_002.e6d053e0..zip..gif,data/raw/image_anomaly/anomalous/mitra/files/gif/21044e69362f_kFu8iq35DvhCC6rHFtwbjMB7tqr7U/8e506a3dfb11b739aea1/001_marker_zip_002.e6d053e0..zip..gif,127663,37,2,1,0,0,0.2162162162162162,image,0,0,0,1,0,1,1,0,0,0,4,7.907688197376226,2.8181847279511483,0.372527670507508,0.0113110298206998,256,0,0,0,0,0,0,0,0,2,0,0,0,0.2574512583912332,0
1,001_marker_zip_002.1902673c..zip..gif,data/raw/image_anomaly/anomalous/mitra/files/gif/a1ef90b204c8_file/5bd6fbbd32a90266d3d8/001_marker_zip_002.1902673c..zip..gif,1071337,37,2,1,0,0,0.2162162162162162,image,0,0,0,1,0,1,1,0,0,0,21,7.902279062344491,5.433364648336088,0.3548659292080829,0.0162899255789728,256,0,0,0,0,0,0,0,0,2,0,0,0,0.0306784886548303,0
1,001_marker_zip_001.eebdc27d..zip..gif,data/raw/image_anomaly/anomalous/mitra/files/gif/a1ef90b204c8_file/e1ba0ac71adf19e8027f/001_marker_zip_001.eebdc27d..zip..gif,1038851,37,2,1,0,0,0.2162162162162162,image,0,0,0,1,0,1,1,0,0,0,21,7.89656533619968,5.433364648336088,0.3542866108806749,0.0166722658013516,256,0,0,0,0,0,0,0,0,2,0,0,0,0.0020667063900405,0
1,af_5B0_5D__marker_zip_002__001.fc001477..zip..gif,data/raw/image_anomaly/anomalous/mitra/files/gif/af%5B0%5D/2dd36c1e6a5e4568b729/af_5B0_5D__marker_zip_002__001.fc001477..zip..gif,295974,49,2,1,0,0,0.2653061224489796,image,0,0,0,1,0,1,1,0,0,0,2,7.839113453916246,5.527114648336088,0.3523045943224743,0.0165859163304884,256,0,0,0,0,0,0,0,0,2,0,0,0,0.111046916283187,0
1,af_5B0_5D__marker_zip_001__001.ba92fe87..zip..gif,data/raw/image_anomaly/anomalous/mitra/files/gif/af%5B0%5D/d4fadd0b4e1ca0336f25/af_5B0_5D__marker_zip_001__001.ba92fe87..zip..gif,263488,49,2,1,0,0,0.2653061224489796,image,0,0,0,1,0,1,1,0,0,0,2,7.799858453024455,5.527114648336088,0.3497047303862035,0.0181298579062424,256,0,0,0,0,0,0,0,0,2,0,0,0,0.0081483786737915,0
1,commons_10438010__marker_zip_002__001.8f3681d8..zip..gif,data/raw/image_anomaly/anomalous/mitra/files/gif/commons_10438010/8e7fa690e04fbf483a52/commons_10438010__marker_zip_002__001.8f3681d8..zip..gif,84179,56,2,1,0,0,0.2142857142857142,image,0,0,0,1,0,1,1,0,0,0,2,7.965388121722217,4.623778124459135,0.3337293149122702,0.0167381413416647,256,0,0,0,0,0,0,0,0,2,0,0,0,0.3904417966476199,0
1,commons_10438010__marker_zip_001__001.a7626471..zip..gif,data/raw/image_anomaly/anomalous/mitra/files/gif/commons_10438010/9fae06ebda31eef4e83f/commons_10438010__marker_zip_001__001.a7626471..zip..gif,51693,56,2,1,0,0,0.2142857142857142,image,0,0,0,1,0,1,1,0,0,0,2,7.915917409258792,4.623778124459135,0.3088038999477686,0.024703538196661,256,0,0,0,0,0,0,0,0,2,0,0,0,0.0415336699359681,0
1,commons_10525849__marker_zip_001__001.e5cd325c..zip..gif,data/raw/image_anomaly/anomalous/mitra/files/gif/commons_10525849/102f031d693493e6d081/commons_10525849__marker_zip_001__001.e5cd325c..zip..gif,1445953,56,2,1,0,0,0.2142857142857142,image,0,0,0,1,0,1,1,0,0,0,13,7.971308475936539,4.117135493986806,0.3529243343317521,0.0056419537841133,256,0,0,0,0,0,0,0,0,2,0,0,0,0.0014848338777263,0
1,commons_10525849__marker_zip_002__001.63555195..zip..gif,data/raw/image_anomaly/anomalous/mitra/files/gif/commons_10525849/c2015be261da56edb104/commons_10525849__marker_zip_002__001.63555195..zip..gif,1478439,56,2,1,0,0,0.2142857142857142,image,0,0,0,1,0,1,1,0,0,0,13,7.972568328454081,4.117135493986806,0.3533740654839327,0.0056072655009777,256,0,0,0,0,0,0,0,0,2,0,0,0,0.0222308800024891,0
1,commons_1228779__marker_zip_002__001.750da3ee..zip..gif,data/raw/image_anomaly/anomalous/mitra/files/gif/commons_1228779/2852ba3c665707556676/commons_1228779__marker_zip_002__001.750da3ee..zip..gif,601294,55,2,1,0,0,0.2181818181818181,image,0,0,0,1,0,1,1,0,0,0,8,7.919993267440536,4.705733007237831,0.3767391658656165,0.0080376654348787,256,0,0,0,0,0,0,0,0,2,0,0,0,0.0546604489650653,0
1,commons_1228779__marker_zip_001__001.b11b3aeb..zip..gif,data/raw/image_anomaly/anomalous/mitra/files/gif/commons_1228779/63792fd81a3672464be2/commons_1228779__marker_zip_001__001.b11b3aeb..zip..gif,568808,55,2,1,0,0,0.2181818181818181,image,0,0,0,1,0,1,1,0,0,0,8,7.910644063432705,4.705733007237831,0.3769303525970099,0.0082646516926625,256,0,0,0,0,0,0,0,0,2,0,0,0,0.0037745601327688,0
1,commons_1236079__marker_zip_001__001.a483db3b..zip..gif,data/raw/image_anomaly/anomalous/mitra/files/gif/commons_1236079/661279fa07908ea46a0e/commons_1236079__marker_zip_001__001.a483db3b..zip..gif,509456,55,2,1,0,0,0.2181818181818181,image,0,0,0,1,0,1,1,0,0,0,4,7.922383622405634,3.5799773615828188,0.3466442636851857,0.0249697716780251,256,0,0,0,0,0,0,0,0,2,0,0,0,0.0042142991740209,0
1,commons_1236079__marker_zip_002__001.b8b7ab76..zip..gif,data/raw/image_anomaly/anomalous/mitra/files/gif/commons_1236079/d3fb0af9a13aed042a15/commons_1236079__marker_zip_002__001.b8b7ab76..zip..gif,541942,55,2,1,0,0,0.2181818181818181,image,0,0,0,1,0,1,1,0,0,0,4,7.9303598063850735,3.5799773615828188,0.3482475984514948,0.0237165600746943,256,0,0,0,0,0,0,0,0,2,0,0,0,0.0606467112716859,0
1,commons_1325234__marker_zip_001__001.019b7408..zip..gif,data/raw/image_anomaly/anomalous/mitra/files/gif/commons_1325234/41c65575375efab2c19e/commons_1325234__marker_zip_001__001.019b7408..zip..gif,408157,55,2,1,0,0,0.2181818181818181,image,0,0,0,1,0,1,1,0,0,0,6,7.9690592824976285,4.9886085007312415,0.3418953980943607,0.0095551466715014,256,0,0,0,0,0,0,0,0,2,0,0,0,0.0052602307445419,0
1,commons_1325234__marker_zip_002__001.18c3a281..zip..gif,data/raw/image_anomaly/anomalous/mitra/files/gif/commons_1325234/7d030193831d7d623e57/commons_1325234__marker_zip_002__001.18c3a281..zip..gif,440643,55,2,1,0,0,0.2181818181818181,image,0,0,0,1,0,1,1,0,0,0,6,7.973484551028278,4.9886085007312415,0.3442174277135912,0.0091502644998331,256,0,0,0,0,0,0,0,0,2,0,0,0,0.0745887260208377,0
1,commons_15288272__marker_zip_002__001.3917dc06..zip..gif,data/raw/image_anomaly/anomalous/mitra/files/gif/commons_15288272/6d5e1fa49b3fb0b6cf9b/commons_15288272__marker_zip_002__001.3917dc06..zip..gif,60344,56,2,1,0,0,0.2142857142857142,image,0,0,0,1,0,1,1,0,0,0,3,7.989279436608437,2.575375780033049,0.3756297229219144,0.0082029696407265,256,0,0,0,0,0,0,0,0,2,0,0,0,0.5446606124883998,0
1,commons_15288272__marker_zip_001__001.7a5b5a4c..zip..gif,data/raw/image_anomaly/anomalous/mitra/files/gif/commons_15288272/d97798bb95b58bfdca37/commons_15288272__marker_zip_001__001.7a5b5a4c..zip..gif,27858,56,2,1,0,0,0.2142857142857142,image,0,0,0,1,0,1,1,0,0,0,3,7.954020698688669,2.575375780033049,0.3782396439083925,0.0130303682963601,256,0,0,0,0,0,0,0,0,2,0,0,0,0.0770694235049178,0
1,commons_1702289__marker_zip_001__001.fde99c57..zip..gif,data/raw/image_anomaly/anomalous/mitra/files/gif/commons_1702289/69f0aaf8443a330d8bc2/commons_1702289__marker_zip_001__001.fde99c57..zip..gif,3639562,55,2,1,0,0,0.2181818181818181,image,0,0,0,1,0,1,1,0,0,0,45,7.81075781180173,3.337596736313303,0.3522503532018413,0.013656863106055,256,0,0,0,2,0,0,0,2,2,0,0,0,0.0005899061480474,0
1,commons_1702289__marker_zip_002__001.325817af..zip..gif,data/raw/image_anomaly/anomalous/mitra/files/gif/commons_1702289/d03364294f726a9ecf3c/commons_1702289__marker_zip_002__001.325817af..zip..gif,3672048,55,2,1,0,0,0.2181818181818181,image,0,0,0,1,0,1,1,0,0,0,45,7.813952512963646,3.337596736313303,0.3524373864393929,0.0135719903443527,256,0,0,0,2,0,0,0,2,2,0,0,0,0.0089505910598118,0
1,commons_1711901__marker_zip_001__001.d9ec639f..zip..gif,data/raw/image_anomaly/anomalous/mitra/files/gif/commons_1711901/8362a2acdbf5c9d8dcec/commons_1711901__marker_zip_001__001.d9ec639f..zip..gif,61451,55,2,1,0,0,0.2181818181818181,image,0,0,0,1,0,1,1,0,0,0,3,7.949514727970381,4.579172609267364,0.3460317976924704,0.0119444760866381,256,0,0,2,0,0,0,2,2,2,0,0,0,0.0349384062098257,0
1,commons_1711901__marker_zip_002__001.21597e4d..zip..gif,data/raw/image_anomaly/anomalous/mitra/files/gif/commons_1711901/fe67d3a032d26c8308d7/commons_1711901__marker_zip_002__001.21597e4d..zip..gif,93937,55,2,1,0,0,0.2181818181818181,image,0,0,0,1,0,1,1,0,0,0,3,7.978008396987937,4.579172609267364,0.3554935754814396,0.0092189446118143,256,0,0,2,0,0,0,2,2,2,0,0,0,0.3498834325132802,0
1,commons_1976022__marker_zip_001__001.595b9fb5..zip..gif,data/raw/image_anomaly/anomalous/mitra/files/gif/commons_1976022/956507640c160c5e7816/commons_1976022__marker_zip_001__001.595b9fb5..zip..gif,3105923,55,2,1,0,0,0.2181818181818181,image,0,0,0,1,0,1,1,0,0,0,34,7.844836388822693,4.59862749204606,0.3667705219994185,0.0144839392348103,256,0,0,0,2,0,0,0,2,2,0,0,0,0.0006912598927919,0
1,commons_1976022__marker_zip_002__001.22aa11dc..zip..gif,data/raw/image_anomaly/anomalous/mitra/files/gif/commons_1976022/e912934ca88b8f7fb2e0/commons_1976022__marker_zip_002__001.22aa11dc..zip..gif,3138409,55,2,1,0,0,0.2181818181818181,image,0,0,0,1,0,1,1,0,0,0,34,7.847910949799414,4.59862749204606,0.3668390576244205,0.0143760739916307,256,0,0,0,2,0,0,0,2,2,0,0,0,0.0104725037431386,0
1,commons_284196__marker_zip_002__001.8d9bcf9a..zip..gif,data/raw/image_anomaly/anomalous/mitra/files/gif/commons_284196/0a4e4b4465ccbc5d9172/commons_284196__marker_zip_002__001.8d9bcf9a..zip..gif,1181961,54,2,1,0,0,0.2222222222222222,image,0,0,0,1,0,1,1,0,0,0,11,7.960044050459422,5.632659765557392,0.3770073631871102,0.007864895711449,256,0,0,0,0,0,0,0,0,2,0,0,0,0.0278071780710192,0
1,commons_284196__marker_zip_001__001.e0015ca2..zip..gif,data/raw/image_anomaly/anomalous/mitra/files/gif/commons_284196/446a812b7e2ab81e0e91/commons_284196__marker_zip_001__001.e0015ca2..zip..gif,1149475,54,2,1,0,0,0.2222222222222222,image,0,0,0,1,0,1,1,0,0,0,11,7.957802144744895,5.632659765557392,0.377109550011962,0.0079723351965027,256,0,0,0,0,0,0,0,0,2,0,0,0,0.0018678092172513,0
1,commons_3056838__marker_zip_001__001.faf8832f..zip..gif,data/raw/image_anomaly/anomalous/mitra/files/gif/commons_3056838/812cb907adbd210b5ce3/commons_3056838__marker_zip_001__001.faf8832f..zip..gif,205967,55,2,1,0,0,0.2181818181818181,image,0,0,0,1,0,1,1,0,0,0,4,7.594332035144251,4.584868358901743,0.3511193540712832,0.0141478974787223,256,0,0,2,0,0,0,2,2,2,0,0,0,0.0104239999611588,0
1,commons_3056838__marker_zip_002__001.2e72e17a..zip..gif,data/raw/image_anomaly/anomalous/mitra/files/gif/commons_3056838/8a5f268660795f907fa8/commons_3056838__marker_zip_002__001.2e72e17a..zip..gif,238453,55,2,1,0,0,0.2181818181818181,image,0,0,0,1,0,1,1,0,0,0,4,7.696840032034199,4.584868358901743,0.3541536487274221,0.0127740057789166,256,0,0,2,0,0,0,2,2,2,0,0,0,0.1378342901955521,0
1,commons_3270145__marker_zip_001__001.baf3faec..zip..gif,data/raw/image_anomaly/anomalous/mitra/files/gif/commons_3270145/9f1654e8d1ea6cde2f18/commons_3270145__marker_zip_001__001.baf3faec..zip..gif,1200388,55,2,1,0,0,0.2181818181818181,image,0,0,0,1,0,1,1,0,0,0,39,7.930462046320603,3.924198558647944,0.3393977613904837,0.0187439394595747,256,0,0,0,0,0,0,0,0,2,0,0,0,0.0017885883564314,0
1,commons_3270145__marker_zip_002__001.e9a105ea..zip..gif,data/raw/image_anomaly/anomalous/mitra/files/gif/commons_3270145/a1fae5c0e5e3314752a8/commons_3270145__marker_zip_002__001.e9a105ea..zip..gif,1232874,55,2,1,0,0,0.2181818181818181,image,0,0,0,1,0,1,1,0,0,0,39,7.933767163738317,3.924198558647944,0.3402934930901292,0.0183571070523021,256,0,0,0,0,0,0,0,0,2,0,0,0,0.0266588475383534,0
1,commons_34825915__marker_zip_001__001.09c2c243..zip..gif,data/raw/image_anomaly/anomalous/mitra/files/gif/commons_34825915/1ce7ff4e2a31a4f731c9/commons_34825915__marker_zip_001__001.09c2c243..zip..gif,19354,56,2,1,0,0,0.2142857142857142,image,0,0,0,1,0,1,1,0,0,0,4,7.84682505351251,4.934674852072125,0.3889635217526093,0.0136922599979332,256,0,0,0,0,0,0,0,0,2,0,0,0,0.1109331404360855,0
1,commons_34825915__marker_zip_002__001.5c93de6d..zip..gif,data/raw/image_anomaly/anomalous/mitra/files/gif/commons_34825915/67fb343e1c9a8ea1794c/commons_34825915__marker_zip_002__001.5c93de6d..zip..gif,51840,56,2,1,0,0,0.2142857142857142,image,0,0,0,1,0,1,1,0,0,0,4,7.977027228707189,4.934674852072125,0.3792052469135802,0.0076581790123456,256,0,0,0,0,0,0,0,0,2,0,0,0,0.6340084876543209,0
1,commons_34825916__marker_zip_002__001.6217f6f4..zip..gif,data/raw/image_anomaly/anomalous/mitra/files/gif/commons_34825916/d39967e3aba534f234b4/commons_34825916__marker_zip_002__001.6217f6f4..zip..gif,54896,56,2,1,0,0,0.2142857142857142,image,0,0,0,1,0,1,1,0,0,0,2,7.971816958710681,4.530388867995137,0.3699540950160303,0.0087255902069367,256,0,0,0,0,0,0,0,0,2,0,0,0,0.5987139317983096,0
1,commons_34825916__marker_zip_001__001.5ba23688..zip..gif,data/raw/image_anomaly/anomalous/mitra/files/gif/commons_34825916/e555ac78442ca36bb930/commons_34825916__marker_zip_001__001.5ba23688..zip..gif,22410,56,2,1,0,0,0.2142857142857142,image,0,0,0,1,0,1,1,0,0,0,2,7.843520285935475,4.530388867995137,0.364970995091477,0.0154841588576528,256,0,0,0,0,0,0,0,0,2,0,0,0,0.095805443998215,0
1,commons_34825938__marker_zip_001__001.3c9f411c..zip..gif,data/raw/image_anomaly/anomalous/mitra/files/gif/commons_34825938/116cf598d416d449a3b6/commons_34825938__marker_zip_001__001.3c9f411c..zip..gif,26882,56,2,1,0,0,0.2142857142857142,image,0,0,0,1,0,1,1,0,0,0,2,7.864438201618103,4.633719775058999,0.3763856855888698,0.0120526746521836,256,0,0,0,0,0,0,0,0,2,0,0,0,0.0798675693772784,0
1,commons_34825938__marker_zip_002__001.5e177286..zip..gif,data/raw/image_anomaly/anomalous/mitra/files/gif/commons_34825938/8ce384cb0f0b26e50a73/commons_34825938__marker_zip_002__001.5e177286..zip..gif,59368,56,2,1,0,0,0.2142857142857142,image,0,0,0,1,0,1,1,0,0,0,2,7.971161104706053,4.633719775058999,0.3747473386336073,0.0076809055383371,256,0,0,0,0,0,0,0,0,2,0,0,0,0.5536147419485244,0
1,commons_34825940__marker_zip_002__001.e7c73cfa..zip..gif,data/raw/image_anomaly/anomalous/mitra/files/gif/commons_34825940/0fba0dff129fd64e31b0/commons_34825940__marker_zip_002__001.e7c73cfa..zip..gif,60127,56,2,1,0,0,0.2142857142857142,image,0,0,0,1,0,1,1,0,0,0,3,7.973733114892436,4.839364454101657,0.3733763533853343,0.0081494170672077,256,0,0,0,0,0,0,0,0,2,0,0,0,0.54662630764881,0
1,commons_34825940__marker_zip_001__001.38aad772..zip..gif,data/raw/image_anomaly/anomalous/mitra/files/gif/commons_34825940/3167437b7fbe566e943e/commons_34825940__marker_zip_001__001.38aad772..zip..gif,27641,56,2,1,0,0,0.2142857142857142,image,0,0,0,1,0,1,1,0,0,0,3,7.880813033186111,4.839364454101657,0.3733584168445425,0.0129517745378242,256,0,0,0,0,0,0,0,0,2,0,0,0,0.0776744690857783,0
1,commons_34825941__marker_zip_001__001.fd0c32db..zip..gif,data/raw/image_anomaly/anomalous/mitra/files/gif/commons_34825941/76156b1bdf3f61ff9360/commons_34825941__marker_zip_001__001.fd0c32db..zip..gif,28110,56,2,1,0,0,0.2142857142857142,image,0,0,0,1,0,1,1,0,0,0,2,7.866890521616652,4.670665524693379,0.3652081109925293,0.0138384916399857,256,0,0,0,0,0,0,0,0,2,0,0,0,0.0763785129847029,0
1,commons_34825941__marker_zip_002__001.4999a167..zip..gif,data/raw/image_anomaly/anomalous/mitra/files/gif/commons_34825941/965ed64c41bbffc72e15/commons_34825941__marker_zip_002__001.4999a167..zip..gif,60596,56,2,1,0,0,0.2142857142857142,image,0,0,0,1,0,1,1,0,0,0,2,7.969771421065122,4.670665524693379,0.3695953528285695,0.0085979272559244,256,0,0,0,0,0,0,0,0,2,0,0,0,0.5423955376592514,0
1,commons_3996880__marker_zip_001__001.1e2d0396..zip..gif,data/raw/image_anomaly/anomalous/mitra/files/gif/commons_3996880/49f1276f647eff13c574/commons_3996880__marker_zip_001__001.1e2d0396..zip..gif,2671906,55,2,1,0,0,0.2181818181818181,image,0,0,0,1,0,1,1,0,0,0,38,7.929005703878656,5.191024413893479,0.3691237640845149,0.0052819971960091,256,0,0,0,1,0,0,0,1,2,0,0,0,0.0008035462325396,0
1,commons_3996880__marker_zip_002__001.cd9f5087..zip..gif,data/raw/image_anomaly/anomalous/mitra/files/gif/commons_3996880/c1c7e649d2d787afcb61/commons_3996880__marker_zip_002__001.cd9f5087..zip..gif,2704392,55,2,1,0,0,0.2181818181818181,image,0,0,0,1,0,1,1,0,0,0,38,7.9306512614053375,5.191024413893479,0.3691750308387245,0.0052673576907489,256,0,0,0,1,0,0,0,1,2,0,0,0,0.0121531937677673,0
1,commons_526484__marker_zip_001__001.1322c318..zip..gif,data/raw/image_anomaly/anomalous/mitra/files/gif/commons_526484/1c4377faa5fa0c61def7/commons_526484__marker_zip_001__001.1322c318..zip..gif,297806,54,2,1,0,0,0.2222222222222222,image,0,0,0,1,0,1,1,0,0,0,4,7.8470469802418945,4.537687890016526,0.3636327004828646,0.0128707950813616,256,0,0,0,0,0,0,0,0,2,0,0,0,0.0072093913487303,0
1,commons_526484__marker_zip_002__001.30689773..zip..gif,data/raw/image_anomaly/anomalous/mitra/files/gif/commons_526484/ea8777ff2cdbe64f96a9/commons_526484__marker_zip_002__001.30689773..zip..gif,330292,54,2,1,0,0,0.2222222222222222,image,0,0,0,1,0,1,1,0,0,0,4,7.874681295783122,4.537687890016526,0.3645925423564603,0.0120045293255664,256,0,0,0,0,0,0,0,0,2,0,0,0,0.099508919380427,0
1,commons_540978__marker_zip_001__001.604774f7..zip..gif,data/raw/image_anomaly/anomalous/mitra/files/gif/commons_540978/1cccaf21ac8dab268986/commons_540978__marker_zip_001__001.604774f7..zip..gif,39338,54,2,1,0,0,0.2222222222222222,image,0,0,0,1,0,1,1,0,0,0,2,7.950995315779956,4.478123587245975,0.3360109817479282,0.0102953886826986,256,0,0,0,0,0,0,0,0,2,0,0,0,0.0545782703747013,0
1,commons_540978__marker_zip_002__001.9b06e7e6..zip..gif,data/raw/image_anomaly/anomalous/mitra/files/gif/commons_540978/b7959ebe6ed90585f01a/commons_540978__marker_zip_002__001.9b06e7e6..zip..gif,71824,54,2,1,0,0,0.2222222222222222,image,0,0,0,1,0,1,1,0,0,0,2,7.984787200183064,4.478123587245975,0.352918244597906,0.0074766094898641,256,0,0,0,0,0,0,0,0,2,0,0,0,0.4576047003787035,0
1,commons_5530212__marker_zip_001__001.e0fa2f79..zip..gif,data/raw/image_anomaly/anomalous/mitra/files/gif/commons_5530212/5c6b32cabd5a66793246/commons_5530212__marker_zip_001__001.e0fa2f79..zip..gif,49816,55,2,1,0,0,0.2181818181818181,image,0,0,0,1,0,1,1,0,0,0,5,7.964462080055875,2.6405403095134434,0.3813031957603983,0.0085514694074193,256,0,0,0,0,0,0,0,0,2,0,0,0,0.0430986028585193,0
1,commons_5530212__marker_zip_002__001.aee505bf..zip..gif,data/raw/image_anomaly/anomalous/mitra/files/gif/commons_5530212/79c8045f75aa92f63839/commons_5530212__marker_zip_002__001.aee505bf..zip..gif,82302,55,2,1,0,0,0.2181818181818181,image,0,0,0,1,0,1,1,0,0,0,5,7.986705584649278,2.6405403095134434,0.3781803601370562,0.0067799081431799,256,0,0,0,0,0,0,0,0,2,0,0,0,0.3993463099317149,0
1,commons_5530229__marker_zip_001__001.5e9d5882..zip..gif,data/raw/image_anomaly/anomalous/mitra/files/gif/commons_5530229/5bea1d221d6b1b1bf44a/commons_5530229__marker_zip_001__001.5e9d5882..zip..gif,55036,55,2,1,0,0,0.2181818181818181,image,0,0,0,1,0,1,1,0,0,0,3,7.972806844334407,2.6405403095134434,0.3707391525546915,0.0081764663129587,256,0,0,0,0,0,0,0,0,2,0,0,0,0.0390108292753833,0
1,commons_5530229__marker_zip_002__001.dadd40b3..zip..gif,data/raw/image_anomaly/anomalous/mitra/files/gif/commons_5530229/75e55b7f0eac098985c2/commons_5530229__marker_zip_002__001.dadd40b3..zip..gif,87522,55,2,1,0,0,0.2181818181818181,image,0,0,0,1,0,1,1,0,0,0,3,7.988999960508329,2.6405403095134434,0.3717236809030872,0.006649756632618,256,0,0,0,0,0,0,0,0,2,0,0,0,0.3755284385640182,0
1,commons_566137__marker_zip_001__001.8751e33e..zip..gif,data/raw/image_anomaly/anomalous/mitra/files/gif/commons_566137/621fff0ac99a83aec262/commons_566137__marker_zip_001__001.8751e33e..zip..gif,1622798,54,2,1,0,0,0.2222222222222222,image,0,0,0,1,0,1,1,0,0,0,29,7.933684009139892,5.28477441389348,0.3710702132982663,0.0092513054613081,256,0,0,0,0,0,0,0,0,2,0,0,0,0.0013230235679363,0
1,commons_566137__marker_zip_002__001.d431d9bf..zip..gif,data/raw/image_anomaly/anomalous/mitra/files/gif/commons_566137/f6c803d87bc73f67a8c4/commons_566137__marker_zip_002__001.d431d9bf..zip..gif,1655284,54,2,1,0,0,0.2222222222222222,image,0,0,0,1,0,1,1,0,0,0,29,7.936174620629038,5.28477441389348,0.3711157722783522,0.0091494873387285,256,0,0,0,0,0,0,0,0,2,0,0,0,0.0198558072209965,0
1,commons_6359878__marker_zip_002__001.e9b78855..zip..gif,data/raw/image_anomaly/anomalous/mitra/files/gif/commons_6359878/2d1f50f7de17d1b2b112/commons_6359878__marker_zip_002__001.e9b78855..zip..gif,380091,55,2,1,0,0,0.2181818181818181,image,0,0,0,1,0,1,1,0,0,0,5,7.99078862100473,4.247217726488668,0.3755363847078726,0.0075508233554596,256,0,0,0,0,0,0,0,0,2,0,0,0,0.0864713976389864,0
1,commons_6359878__marker_zip_001__001.55f5453b..zip..gif,data/raw/image_anomaly/anomalous/mitra/files/gif/commons_6359878/afc7f0d2566ebec779a1/commons_6359878__marker_zip_001__001.55f5453b..zip..gif,347605,55,2,1,0,0,0.2181818181818181,image,0,0,0,1,0,1,1,0,0,0,5,7.9890489979938275,4.247217726488668,0.3757368277211202,0.0078767566634542,256,0,0,0,0,0,0,0,0,2,0,0,0,0.0061765509702104,0
1,dcbest-20230303-195940-000-resize__marker_zip_001__001.e3d6508a..zip..gif,data/raw/image_anomaly/anomalous/mitra/files/gif/dcbest-20230303-195940-000-resize/3b9bb29d74d918804f7d/dcbest-20230303-195940-000-resize__marker_zip_001__001.e3d6508a..zip..gif,1932496,73,2,1,0,0,0.2054794520547945,image,0,0,0,1,0,1,1,0,0,0,22,7.9139102275242,5.02555425036562,0.3665735918728939,0.0097961392934319,256,0,0,0,0,0,0,0,0,2,0,0,0,0.0011109984186254,0
1,dcbest-20230303-195940-000-resize__marker_zip_002__001.5269a601..zip..gif,data/raw/image_anomaly/anomalous/mitra/files/gif/dcbest-20230303-195940-000-resize/5b3bb48ca1a893ab7c9e/dcbest-20230303-195940-000-resize__marker_zip_002__001.5269a601..zip..gif,1964982,73,2,1,0,0,0.2054794520547945,image,0,0,0,1,0,1,1,0,0,0,22,7.916645584431357,5.02555425036562,0.3666863106125145,0.0097013611320612,256,0,0,0,0,0,0,0,0,2,0,0,0,0.0167263618699815,0
1,foreversolo-20230708-160738-000__marker_zip_001__001.3f3787ab..zip..gif,data/raw/image_anomaly/anomalous/mitra/files/gif/foreversolo-20230708-160738-000/7e23e66eba8777836168/foreversolo-20230708-160738-000__marker_zip_001__001.3f3787ab..zip..gif,361423,71,2,1,0,0,0.1971830985915492,image,0,0,0,1,0,1,1,0,0,0,7,7.702043808646146,5.277114648336088,0.3556774195333446,0.0797846290911203,256,0,0,0,0,0,0,0,0,2,0,0,0,0.0059404077770368,0
1,foreversolo-20230708-160738-000__marker_zip_002__001.79dae210..zip..gif,data/raw/image_anomaly/anomalous/mitra/files/gif/foreversolo-20230708-160738-000/812a51dffb831d6c6150/foreversolo-20230708-160738-000__marker_zip_002__001.79dae210..zip..gif,393909,71,2,1,0,0,0.1971830985915492,image,0,0,0,1,0,1,1,0,0,0,7,7.738396730510772,5.277114648336088,0.3571383238260613,0.0735398277267084,256,0,0,0,0,0,0,0,0,2,0,0,0,0.0834380529513161,0
1,foreversolo-20230708-160738-000__marker_zip_001__001.3f3787ab..zip..gif,data/raw/image_anomaly/anomalous/mitra/files/gif/foreversolo-20230708-160738-000/a0677ce0cfd9f24b9298/foreversolo-20230708-160738-000__marker_zip_001__001.3f3787ab..zip..gif,361423,71,2,1,0,0,0.1971830985915492,image,0,0,0,1,0,1,1,0,0,0,7,7.702043808646146,5.277114648336088,0.3556774195333446,0.0797846290911203,256,0,0,0,0,0,0,0,0,2,0,0,0,0.0059404077770368,0
1,foreversolo-20230708-160738-000__marker_zip_002__001.79dae210..zip..gif,data/raw/image_anomaly/anomalous/mitra/files/gif/foreversolo-20230708-160738-000/ac62e15c798425751839/foreversolo-20230708-160738-000__marker_zip_002__001.79dae210..zip..gif,393909,71,2,1,0,0,0.1971830985915492,image,0,0,0,1,0,1,1,0,0,0,7,7.738396730510772,5.277114648336088,0.3571383238260613,0.0735398277267084,256,0,0,0,0,0,0,0,0,2,0,0,0,0.0834380529513161,0
1,Honeycam_2017-12-28_13-45-19__marker_zip_002__001.ae3997e1..zip..gif,data/raw/image_anomaly/anomalous/mitra/files/gif/Honeycam 2017-12-28 13-45-19/59b25f5aa58a6e965c8a/Honeycam_2017-12-28_13-45-19__marker_zip_002__001.ae3997e1..zip..gif,1975221,68,2,1,0,0,0.25,image,0,0,0,1,0,1,1,0,0,0,17,7.675693458687555,5.370864648336088,0.3681213393336746,0.0324692781212836,256,0,0,0,0,0,0,0,0,2,0,0,0,0.0166396570307828,0
1,Honeycam_2017-12-28_13-45-19__marker_zip_001__001.e6505867..zip..gif,data/raw/image_anomaly/anomalous/mitra/files/gif/Honeycam 2017-12-28 13-45-19/f4af140098581e05c5f2/Honeycam_2017-12-28_13-45-19__marker_zip_001__001.e6505867..zip..gif,1942735,68,2,1,0,0,0.25,image,0,0,0,1,0,1,1,0,0,0,17,7.665652494392594,5.370864648336088,0.3680332109114212,0.0329442770115327,256,0,0,0,0,0,0,0,0,2,0,0,0,0.0011051430071522,0
1,Honeycam_2017-12-28_13-57-26__marker_zip_002__001.10d1a569..zip..gif,data/raw/image_anomaly/anomalous/mitra/files/gif/Honeycam 2017-12-28 13-57-26/23cd61e710b27a136667/Honeycam_2017-12-28_13-57-26__marker_zip_002__001.10d1a569..zip..gif,2519917,68,2,1,0,0,0.25,image,0,0,0,1,0,1,1,0,0,0,25,7.767022152369738,5.644454882778696,0.3765413702117967,0.0248865339612376,256,0,0,0,0,0,0,0,0,2,0,0,0,0.0130428899047071,0
1,Honeycam_2017-12-28_13-57-26__marker_zip_001__001.43f9c0c5..zip..gif,data/raw/image_anomaly/anomalous/mitra/files/gif/Honeycam 2017-12-28 13-57-26/278932c49748d4040127/Honeycam_2017-12-28_13-57-26__marker_zip_001__001.43f9c0c5..zip..gif,2487431,68,2,1,0,0,0.25,image,0,0,0,1,0,1,1,0,0,0,25,7.761306309142096,5.644454882778696,0.3765825062082124,0.0251584868082772,256,0,0,0,0,0,0,0,0,2,0,0,0,0.000863139520252,0
1,kFu8iq35DvhCC6rHFtwbjMB7tqr7U__marker_zip_002__001.e6d053e0..zip..gif,data/raw/image_anomaly/anomalous/mitra/files/gif/kFu8iq35DvhCC6rHFtwbjMB7tqr7U/8e506a3dfb11b739aea1/kFu8iq35DvhCC6rHFtwbjMB7tqr7U__marker_zip_002__001.e6d053e0..zip..gif,127663,69,2,1,0,0,0.1594202898550724,image,0,0,0,1,0,1,1,0,0,0,4,7.907688197376226,2.8181847279511483,0.372527670507508,0.0113110298206998,256,0,0,0,0,0,0,0,0,2,0,0,0,0.2574512583912332,0
1,kFu8iq35DvhCC6rHFtwbjMB7tqr7U__marker_zip_001__001.08dd9951..zip..gif,data/raw/image_anomaly/anomalous/mitra/files/gif/kFu8iq35DvhCC6rHFtwbjMB7tqr7U/f42d8fdf7a375ae59ed2/kFu8iq35DvhCC6rHFtwbjMB7tqr7U__marker_zip_001__001.08dd9951..zip..gif,95177,69,2,1,0,0,0.1594202898550724,image,0,0,0,1,0,1,1,0,0,0,4,7.836669014815539,2.8181847279511483,0.3722327873330742,0.0137848429767695,256,0,0,0,0,0,0,0,0,2,0,0,0,0.0225579709383569,0
1,pokipoki-20230305-095117-000-resize__marker_zip_001__001.542e4ff2..zip..gif,data/raw/image_anomaly/anomalous/mitra/files/gif/pokipoki-20230305-095117-000-resize/0a3219aff9728043f6cf/pokipoki-20230305-095117-000-resize__marker_zip_001__001.542e4ff2..zip..gif,384331,75,2,1,0,0,0.2,image,0,0,0,1,0,1,1,0,0,0,4,7.988010988350798,5.331954882778696,0.3565754518891268,0.0075013464955988,256,0,0,0,0,0,0,0,0,2,0,0,0,0.0055863305327959,0
1,pokipoki-20230305-095117-000-resize__marker_zip_002__001.07b92072..zip..gif,data/raw/image_anomaly/anomalous/mitra/files/gif/pokipoki-20230305-095117-000-resize/ea167b5627ab6d9aece7/pokipoki-20230305-095117-000-resize__marker_zip_002__001.07b92072..zip..gif,416817,75,2,1,0,0,0.2,image,0,0,0,1,0,1,1,0,0,0,4,7.989774661741947,5.331954882778696,0.3578860747042467,0.0072333901928184,256,0,0,0,0,0,0,0,0,2,0,0,0,0.0788523500720939,0
1,singlebungle1472-20220927-214340-007-resize__marker_zip_002__001.a1bb1e1a..zip..gif,data/raw/image_anomaly/anomalous/mitra/files/gif/singlebungle1472-20220927-214340-007-resize/322c13c089bc9bd7f4b3/singlebungle1472-20220927-214340-007-resize__marker_zip_002__001.a1bb1e1a..zip..gif,4082215,83,2,1,0,0,0.180722891566265,image,0,0,0,1,0,1,1,0,0,0,68,7.981748922500425,5.214614648336088,0.3718922202774719,0.0062319108621177,256,0,0,0,0,0,0,0,0,2,0,0,0,0.0080512662855827,0
1,singlebungle1472-20220927-214340-007-resize__marker_zip_001__001.37055e1b..zip..gif,data/raw/image_anomaly/anomalous/mitra/files/gif/singlebungle1472-20220927-214340-007-resize/f7fa5726b407860cab4e/singlebungle1472-20220927-214340-007-resize__marker_zip_001__001.37055e1b..zip..gif,4049729,83,2,1,0,0,0.180722891566265,image,0,0,0,1,0,1,1,0,0,0,68,7.98145779510685,5.214614648336088,0.3718801924770769,0.0062493070523978,256,0,0,0,0,0,0,0,0,2,0,0,0,0.0005301589316223,0
1,singlebungle1472-20220927-214340-009-resize__marker_zip_001__001.aaced160..zip..gif,data/raw/image_anomaly/anomalous/mitra/files/gif/singlebungle1472-20220927-214340-009-resize/10a4ff2cec1785f2a6c4/singlebungle1472-20220927-214340-009-resize__marker_zip_001__001.aaced160..zip..gif,3838545,83,2,1,0,0,0.180722891566265,image,0,0,0,1,0,1,1,0,0,0,60,7.964378980678367,5.327819531114784,0.3758655949064033,0.0072123682280655,256,0,0,91,0,0,0,91,91,2,0,0,0,0.0005593265156459,0
1,singlebungle1472-20220927-214340-009-resize__marker_zip_002__001.2ea72d80..zip..gif,data/raw/image_anomaly/anomalous/mitra/files/gif/singlebungle1472-20220927-214340-009-resize/f4b59600b0472daaef71/singlebungle1472-20220927-214340-009-resize__marker_zip_002__001.2ea72d80..zip..gif,3871031,83,2,1,0,0,0.180722891566265,image,0,0,0,1,0,1,1,0,0,0,60,7.964957089477295,5.327819531114784,0.3758448330690196,0.0071859409030824,256,0,0,91,0,0,0,91,91,2,0,0,0,0.0084905029176981,0
1,singlebungle1472-20220927-214340-011-resize__marker_zip_001__001.45078db6..zip..gif,data/raw/image_anomaly/anomalous/mitra/files/gif/singlebungle1472-20220927-214340-011-resize/7eb4296694a3a095ce47/singlebungle1472-20220927-214340-011-resize__marker_zip_001__001.45078db6..zip..gif,2287233,83,2,1,0,0,0.180722891566265,image,0,0,0,1,0,1,1,0,0,0,40,7.973734950228975,5.65625,0.3536460867782163,0.0086257062572986,256,0,0,0,0,0,0,0,0,2,0,0,0,0.0009386887999604,0
1,singlebungle1472-20220927-214340-011-resize__marker_zip_002__001.8a07270c..zip..gif,data/raw/image_anomaly/anomalous/mitra/files/gif/singlebungle1472-20220927-214340-011-resize/a00d8acc50dd92b9fc60/singlebungle1472-20220927-214340-011-resize__marker_zip_002__001.8a07270c..zip..gif,2319719,83,2,1,0,0,0.180722891566265,image,0,0,0,1,0,1,1,0,0,0,40,7.974442388811717,5.65625,0.3539226087297643,0.008561812874749,256,0,0,0,0,0,0,0,0,2,0,0,0,0.0141685264465221,0
1,singlebungle1472-20220927-214340-014-resize__marker_zip_001__001.8b127985..zip..gif,data/raw/image_anomaly/anomalous/mitra/files/gif/singlebungle1472-20220927-214340-014-resize/20b65f1c7b7a28b98029/singlebungle1472-20220927-214340-014-resize__marker_zip_001__001.8b127985..zip..gif,2029736,83,2,1,0,0,0.180722891566265,image,0,0,0,1,0,1,1,0,0,0,24,7.919181939194353,4.181303861896761,0.3714207167828722,0.0132499990146501,256,0,0,0,0,0,0,0,0,2,0,0,0,0.0010577730305813,0
1,singlebungle1472-20220927-214340-014-resize__marker_zip_002__001.d94a0fc0..zip..gif,data/raw/image_anomaly/anomalous/mitra/files/gif/singlebungle1472-20220927-214340-014-resize/57d1f068c58bb0035e62/singlebungle1472-20220927-214340-014-resize__marker_zip_002__001.d94a0fc0..zip..gif,2062222,83,2,1,0,0,0.180722891566265,image,0,0,0,1,0,1,1,0,0,0,24,7.921591284786357,4.181303861896761,0.3714517641650608,0.0131052815846208,256,0,0,0,0,0,0,0,0,2,0,0,0,0.0159376633553516,0
1,singlebungle1472-20221218-091113-000-resize__marker_zip_001__001.545bdbf7..zip..gif,data/raw/image_anomaly/anomalous/mitra/files/gif/singlebungle1472-20221218-091113-000-resize/bddb55f8723cc1ddfd6e/singlebungle1472-20221218-091113-000-resize__marker_zip_001__001.545bdbf7..zip..gif,2263188,83,2,1,0,0,0.180722891566265,image,0,0,0,1,0,1,1,0,0,0,28,7.894871248054996,5.558364648336088,0.3718922157593624,0.014157904690198,256,0,0,0,0,0,0,0,0,2,0,0,0,0.0009486617991965,0
1,singlebungle1472-20221218-091113-000-resize__marker_zip_002__001.e584ee35..zip..gif,data/raw/image_anomaly/anomalous/mitra/files/gif/singlebungle1472-20221218-091113-000-resize/e6e0c3c129fd834e5116/singlebungle1472-20221218-091113-000-resize__marker_zip_002__001.e584ee35..zip..gif,2295674,83,2,1,0,0,0.180722891566265,image,0,0,0,1,0,1,1,0,0,0,28,7.89771201389419,5.558364648336088,0.3719134337018235,0.0140150561447313,256,0,0,0,0,0,0,0,0,2,0,0,0,0.0143169282746592,0
1,singlebungle1472-20221219-180348-000-resize__marker_zip_001__001.6a3f0fa1..zip..gif,data/raw/image_anomaly/anomalous/mitra/files/gif/singlebungle1472-20221219-180348-000-resize/94d21e23a0b242091134/singlebungle1472-20221219-180348-000-resize__marker_zip_001__001.6a3f0fa1..zip..gif,2097189,83,2,1,0,0,0.180722891566265,image,0,0,0,1,0,1,1,0,0,0,34,7.966645231227833,5.675704882778696,0.3730417239457197,0.0111592231315346,256,0,0,0,0,0,0,0,0,2,0,0,0,0.0010237513166433,0
1,singlebungle1472-20221219-180348-000-resize__marker_zip_002__001.d0003881..zip..gif,data/raw/image_anomaly/anomalous/mitra/files/gif/singlebungle1472-20221219-180348-000-resize/96b2cb9e7f10832f691d/singlebungle1472-20221219-180348-000-resize__marker_zip_002__001.d0003881..zip..gif,2129675,83,2,1,0,0,0.180722891566265,image,0,0,0,1,0,1,1,0,0,0,34,7.9676330762304515,5.675704882778696,0.3730470611713055,0.0110509819573409,256,0,0,0,0,0,0,0,0,2,0,0,0,0.0154328712127437,0
1,singlebungle1472-20221222-163851-000-resize__marker_zip_001__001.18181baf..zip..gif,data/raw/image_anomaly/anomalous/mitra/files/gif/singlebungle1472-20221222-163851-000-resize/183fdfc1226c9465f407/singlebungle1472-20221222-163851-000-resize__marker_zip_001__001.18181baf..zip..gif,905924,83,2,1,0,0,0.180722891566265,image,0,0,0,1,0,1,1,0,0,0,13,7.908050177495036,5.59375,0.3652977512462414,0.0146921816841147,256,0,0,0,0,0,0,0,0,2,0,0,0,0.0023699559786472,0
1,singlebungle1472-20221222-163851-000-resize__marker_zip_002__001.63b5187e..zip..gif,data/raw/image_anomaly/anomalous/mitra/files/gif/singlebungle1472-20221222-163851-000-resize/53ba6238c1c128caa361/singlebungle1472-20221222-163851-000-resize__marker_zip_002__001.63b5187e..zip..gif,938410,83,2,1,0,0,0.180722891566265,image,0,0,0,1,0,1,1,0,0,0,13,7.91393045542338,5.59375,0.3655779456740657,0.0143242292814441,256,0,0,0,0,0,0,0,0,2,0,0,0,0.0350241365714346,0
1,singlebungle1472-20230104-021641-001-resize__marker_zip_001__001.e3f97884..zip..gif,data/raw/image_anomaly/anomalous/mitra/files/gif/singlebungle1472-20230104-021641-001-resize/4f63caa3fa87eca52d71/singlebungle1472-20230104-021641-001-resize__marker_zip_001__001.e3f97884..zip..gif,2982805,83,2,1,0,0,0.180722891566265,image,0,0,0,1,0,1,1,0,0,0,64,7.994878828589123,5.507659765557392,0.3714637731933532,0.0032549898501578,256,0,0,0,2,0,0,0,2,2,0,0,0,0.0007197922760622,0
1,singlebungle1472-20230104-021641-001-resize__marker_zip_002__001.a12f0906..zip..gif,data/raw/image_anomaly/anomalous/mitra/files/gif/singlebungle1472-20230104-021641-001-resize/6a758dc3799e7cd00e7d/singlebungle1472-20230104-021641-001-resize__marker_zip_002__001.a12f0906..zip..gif,3015291,83,2,1,0,0,0.180722891566265,image,0,0,0,1,0,1,1,0,0,0,64,7.994990422148413,5.507659765557392,0.3714845432828871,0.0032636982632853,256,0,0,0,2,0,0,0,2,2,0,0,0,0.0109001088120516,0
1,singlebungle1472-20230109-182200-000-resize__marker_zip_001__001.1269fa38..zip..gif,data/raw/image_anomaly/anomalous/mitra/files/gif/singlebungle1472-20230109-182200-000-resize/2565e4d4f60f1c136be8/singlebungle1472-20230109-182200-000-resize__marker_zip_001__001.1269fa38..zip..gif,3149790,83,2,1,0,0,0.180722891566265,image,0,0,0,1,0,1,1,0,0,0,38,7.923046329180321,5.706954882778696,0.3755161455208124,0.0160474190342848,256,0,0,0,1,0,0,0,1,2,0,0,0,0.0006816327437702,0
1,singlebungle1472-20230109-182200-000-resize__marker_zip_002__001.10cbc987..zip..gif,data/raw/image_anomaly/anomalous/mitra/files/gif/singlebungle1472-20230109-182200-000-resize/d6c354378d05e954193c/singlebungle1472-20230109-182200-000-resize__marker_zip_002__001.10cbc987..zip..gif,3182276,83,2,1,0,0,0.180722891566265,image,0,0,0,1,0,1,1,0,0,0,38,7.924511965043996,5.706954882778696,0.3754944574260686,0.0159250800370552,256,0,0,0,1,0,0,0,1,2,0,0,0,0.0103281424992678,0
1,singlebungle1472-20230116-052028-000-resize__marker_zip_002__001.87923118..zip..gif,data/raw/image_anomaly/anomalous/mitra/files/gif/singlebungle1472-20230116-052028-000-resize/5bdf886ce823fa7b8bd0/singlebungle1472-20230116-052028-000-resize__marker_zip_002__001.87923118..zip..gif,3026868,83,2,1,0,0,0.180722891566265,image,0,0,0,1,0,1,1,0,0,0,48,7.966023967936695,4.722678031846025,0.3643452572097627,0.0108729551470364,256,0,0,0,1,0,0,0,1,2,0,0,0,0.0108584186690665,0
1,singlebungle1472-20230116-052028-000-resize__marker_zip_001__001.647e15e8..zip..gif,data/raw/image_anomaly/anomalous/mitra/files/gif/singlebungle1472-20230116-052028-000-resize/ab0017cef08c145eb299/singlebungle1472-20230116-052028-000-resize__marker_zip_001__001.647e15e8..zip..gif,2994382,83,2,1,0,0,0.180722891566265,image,0,0,0,1,0,1,1,0,0,0,48,7.96532957543456,4.722678031846025,0.3642471134277457,0.0109468331027904,256,0,0,0,1,0,0,0,1,2,0,0,0,0.0007170093862439,0
1,singlebungle1472-20230123-183820-000-resize__marker_zip_001__001.98ce796f..zip..gif,data/raw/image_anomaly/anomalous/mitra/files/gif/singlebungle1472-20230123-183820-000-resize/9ff3caba78e557ab681b/singlebungle1472-20230123-183820-000-resize__marker_zip_001__001.98ce796f..zip..gif,1744412,83,2,1,0,0,0.180722891566265,image,0,0,0,1,0,1,1,0,0,0,21,7.746391775739435,3.665012649475541,0.3620589631348557,0.0239954781324595,256,0,0,4,1,0,0,4,5,2,0,0,0,0.0012307872222846,0
1,singlebungle1472-20230123-183820-000-resize__marker_zip_002__001.69011bb3..zip..gif,data/raw/image_anomaly/anomalous/mitra/files/gif/singlebungle1472-20230123-183820-000-resize/f99fa6c054c85d4ff30b/singlebungle1472-20230123-183820-000-resize__marker_zip_002__001.69011bb3..zip..gif,1776898,83,2,1,0,0,0.180722891566265,image,0,0,0,1,0,1,1,0,0,0,21,7.755178808496673,3.665012649475541,0.3622661514617046,0.0236310694254819,256,0,0,4,1,0,0,4,5,2,0,0,0,0.0184968411242513,0
1,singlebungle1472-20230227-191900-000-resize__marker_zip_001__001.428a5bee..zip..gif,data/raw/image_anomaly/anomalous/mitra/files/gif/singlebungle1472-20230227-191900-000-resize/1166aba4f8255f6d8095/singlebungle1472-20230227-191900-000-resize__marker_zip_001__001.428a5bee..zip..gif,3571027,83,2,1,0,0,0.180722891566265,image,0,0,0,1,0,1,1,0,0,0,55,7.986827452739578,5.363204882778696,0.3624117095726243,0.0055779471843814,256,0,0,0,1,0,0,0,1,2,0,0,0,0.0006012276020315,0
1,singlebungle1472-20230227-191900-000-resize__marker_zip_002__001.c8f32d67..zip..gif,data/raw/image_anomaly/anomalous/mitra/files/gif/singlebungle1472-20230227-191900-000-resize/db8344e97b61d9e43341/singlebungle1472-20230227-191900-000-resize__marker_zip_002__001.c8f32d67..zip..gif,3603513,83,2,1,0,0,0.180722891566265,image,0,0,0,1,0,1,1,0,0,0,55,7.98706437103775,5.363204882778696,0.3625106944251345,0.0055642924002216,256,0,0,0,1,0,0,0,1,2,0,0,0,0.0091208218202626,0
1,singlebungle1472-20230311-052139-000-resize__marker_zip_002__001.f47265a0..zip..gif,data/raw/image_anomaly/anomalous/mitra/files/gif/singlebungle1472-20230311-052139-000-resize/a49b6f61d5af0237e5ea/singlebungle1472-20230311-052139-000-resize__marker_zip_002__001.f47265a0..zip..gif,4070148,83,2,1,0,0,0.180722891566265,image,0,0,0,1,0,1,1,0,0,0,53,7.972936981621796,3.04951552921258,0.3765695989433308,0.0073982567710068,256,0,0,0,3,0,0,0,3,2,0,0,0,0.0080751363341087,0
1,singlebungle1472-20230311-052139-000-resize__marker_zip_001__001.72aac06b..zip..gif,data/raw/image_anomaly/anomalous/mitra/files/gif/singlebungle1472-20230311-052139-000-resize/bb817fda15b3c5c53c37/singlebungle1472-20230311-052139-000-resize__marker_zip_001__001.72aac06b..zip..gif,4037662,83,2,1,0,0,0.180722891566265,image,0,0,0,1,0,1,1,0,0,0,53,7.972512455619374,3.04951552921258,0.3765951681938706,0.0074250890738253,256,0,0,0,3,0,0,0,3,2,0,0,0,0.0005317433702969,0
1,singlebungle1472-20230408-092130-000-resize__marker_zip_001__001.05960195..zip..gif,data/raw/image_anomaly/anomalous/mitra/files/gif/singlebungle1472-20230408-092130-000-resize/20c58c2bc3ff979546e1/singlebungle1472-20230408-092130-000-resize__marker_zip_001__001.05960195..zip..gif,3666581,83,2,1,0,0,0.180722891566265,image,0,0,0,1,0,1,1,0,0,0,55,7.982296942044942,5.550704882778696,0.3587822006386876,0.0066710649512447,256,0,0,0,0,0,0,0,0,2,0,0,0,0.0005855591353361,0
1,singlebungle1472-20230408-092130-000-resize__marker_zip_002__001.1c019891..zip..gif,data/raw/image_anomaly/anomalous/mitra/files/gif/singlebungle1472-20230408-092130-000-resize/b16e707133a2af2b3146/singlebungle1472-20230408-092130-000-resize__marker_zip_002__001.1c019891..zip..gif,3699067,83,2,1,0,0,0.180722891566265,image,0,0,0,1,0,1,1,0,0,0,55,7.98260282535779,5.550704882778696,0.3589105036486227,0.0066481629016181,256,0,0,0,0,0,0,0,0,2,0,0,0,0.0088852134876172,0
1,singlebungle1472-20230501-040502-000-resize__marker_zip_001__001.4a0bed35..zip..gif,data/raw/image_anomaly/anomalous/mitra/files/gif/singlebungle1472-20230501-040502-000-resize/91473a85c42172ed47aa/singlebungle1472-20230501-040502-000-resize__marker_zip_001__001.4a0bed35..zip..gif,2791071,83,2,1,0,0,0.180722891566265,image,0,0,0,1,0,1,1,0,0,0,35,7.944800807169195,3.52924863813976,0.3818623746941586,0.0084988880612496,256,0,0,1,0,0,0,1,1,2,0,0,0,0.0007692387617513,0
1,singlebungle1472-20230501-040502-000-resize__marker_zip_002__001.c8ee185f..zip..gif,data/raw/image_anomaly/anomalous/mitra/files/gif/singlebungle1472-20230501-040502-000-resize/c27253bc28b55e767f07/singlebungle1472-20230501-040502-000-resize__marker_zip_002__001.c8ee185f..zip..gif,2823557,83,2,1,0,0,0.180722891566265,image,0,0,0,1,0,1,1,0,0,0,35,7.946048886499086,3.52924863813976,0.3817649156719698,0.0084478549574171,256,0,0,1,0,0,0,1,1,2,0,0,0,0.011640282098077,0
1,singlebungle1472-20230511-104542-000-resize__marker_zip_001__001.73e48691..zip..gif,data/raw/image_anomaly/anomalous/mitra/files/gif/singlebungle1472-20230511-104542-000-resize/420986d35e07b84b5b4a/singlebungle1472-20230511-104542-000-resize__marker_zip_001__001.73e48691..zip..gif,2086238,83,2,1,0,0,0.180722891566265,image,0,0,0,1,0,1,1,0,0,0,41,7.975435248543745,5.537349367586925,0.3796815128475274,0.0082972316677195,256,0,0,0,1,0,0,0,1,2,0,0,0,0.0010291251525473,0
1,singlebungle1472-20230511-104542-000-resize__marker_zip_002__001.4c2caabc..zip..gif,data/raw/image_anomaly/anomalous/mitra/files/gif/singlebungle1472-20230511-104542-000-resize/d41d9e8b22c08f1cb2c8/singlebungle1472-20230511-104542-000-resize__marker_zip_002__001.4c2caabc..zip..gif,2118724,83,2,1,0,0,0.180722891566265,image,0,0,0,1,0,1,1,0,0,0,41,7.976169310020216,5.537349367586925,0.3795850710144408,0.0082323134112796,256,0,0,0,1,0,0,0,1,2,0,0,0,0.0155126387391656,0
1,singlebungle1472-20230613-134504-000__marker_zip_002__001.85be04d5..zip..gif,data/raw/image_anomaly/anomalous/mitra/files/gif/singlebungle1472-20230613-134504-000/29577e0fca6c1565fae2/singlebungle1472-20230613-134504-000__marker_zip_002__001.85be04d5..zip..gif,4059506,76,2,1,0,0,0.1842105263157894,image,0,0,0,1,0,1,1,0,0,0,57,7.978969689704584,5.589614648336088,0.3684172409155202,0.0074999273310594,256,0,0,0,1,0,0,0,1,2,0,0,0,0.0080963053139963,0
1,singlebungle1472-20230613-134504-000__marker_zip_001__001.d081f5d4..zip..gif,data/raw/image_anomaly/anomalous/mitra/files/gif/singlebungle1472-20230613-134504-000/7f6199e271f77be817e9/singlebungle1472-20230613-134504-000__marker_zip_001__001.d081f5d4..zip..gif,4027020,76,2,1,0,0,0.1842105263157894,image,0,0,0,1,0,1,1,0,0,0,57,7.978633906737644,5.589614648336088,0.3683771126043575,0.0075276507193905,256,0,0,0,1,0,0,0,1,2,0,0,0,0.000533148581333,0
1,singlebungle1472-20230626-074011-000__marker_zip_001__001.9e28ce03..zip..gif,data/raw/image_anomaly/anomalous/mitra/files/gif/singlebungle1472-20230626-074011-000/1abb8ff05c61a335b303/singlebungle1472-20230626-074011-000__marker_zip_001__001.9e28ce03..zip..gif,1337383,76,2,1,0,0,0.1842105263157894,image,0,0,0,1,0,1,1,0,0,0,151,7.974952662003216,4.289609031522994,0.3588635417079475,0.0091656615943226,256,0,0,0,0,0,0,0,0,2,0,0,0,0.0016053740775828,0
1,singlebungle1472-20230626-074011-000__marker_zip_002__001.3cbe1b21..zip..gif,data/raw/image_anomaly/anomalous/mitra/files/gif/singlebungle1472-20230626-074011-000/dc6d7dbaa6b93d2b3361/singlebungle1472-20230626-074011-000__marker_zip_002__001.3cbe1b21..zip..gif,1369869,76,2,1,0,0,0.1842105263157894,image,0,0,0,1,0,1,1,0,0,0,151,7.97611792097054,4.289609031522994,0.359208070260733,0.0090446604748337,256,0,0,0,0,0,0,0,0,2,0,0,0,0.0239928051514414,0
1,singlebungle1472-20230629-081950-000__marker_zip_001__001.26ded9ed..zip..gif,data/raw/image_anomaly/anomalous/mitra/files/gif/singlebungle1472-20230629-081950-000/77dbb4fe8989477156d0/singlebungle1472-20230629-081950-000__marker_zip_001__001.26ded9ed..zip..gif,3998661,76,2,1,0,0,0.1842105263157894,image,0,0,0,1,0,1,1,0,0,0,42,7.89192320738374,5.063810203736037,0.3660695417791105,0.0202692851432016,256,0,0,0,1,0,0,0,1,2,0,0,0,0.0005369297372295,0
1,singlebungle1472-20230629-081950-000__marker_zip_002__001.af6a1679..zip..gif,data/raw/image_anomaly/anomalous/mitra/files/gif/singlebungle1472-20230629-081950-000/a5fda45cf8e675eb2676/singlebungle1472-20230629-081950-000__marker_zip_002__001.af6a1679..zip..gif,4031147,76,2,1,0,0,0.1842105263157894,image,0,0,0,1,0,1,1,0,0,0,42,7.893546905250373,5.063810203736037,0.3661285485247747,0.0201386850938454,256,0,0,0,1,0,0,0,1,2,0,0,0,0.008153262582585,0
1,singlebungle1472-20230709-114347-000__marker_zip_002__001.53c22a35..zip..gif,data/raw/image_anomaly/anomalous/mitra/files/gif/singlebungle1472-20230709-114347-000/8c3ca645fed7e65d9781/singlebungle1472-20230709-114347-000__marker_zip_002__001.53c22a35..zip..gif,3055953,76,2,1,0,0,0.1842105263157894,image,0,0,0,1,0,1,1,0,0,0,26,7.943553108639222,5.644454882778696,0.3735662819421634,0.0130512478431441,256,0,0,0,1,0,0,0,1,2,0,0,0,0.0107550737854934,0
1,singlebungle1472-20230709-114347-000__marker_zip_001__001.e84f4068..zip..gif,data/raw/image_anomaly/anomalous/mitra/files/gif/singlebungle1472-20230709-114347-000/b7db9d93ccd21459e5ca/singlebungle1472-20230709-114347-000__marker_zip_001__001.e84f4068..zip..gif,3023467,76,2,1,0,0,0.1842105263157894,image,0,0,0,1,0,1,1,0,0,0,26,7.942390400463001,5.644454882778696,0.3735681586734699,0.0131478200357404,256,0,0,0,1,0,0,0,1,2,0,0,0,0.0007101119344117,0
1,singlebungle1472-20230713-134805-002__marker_zip_001__001.6d3147b9..zip..gif,data/raw/image_anomaly/anomalous/mitra/files/gif/singlebungle1472-20230713-134805-002/0b0c13af61dd45e4ae57/singlebungle1472-20230713-134805-002__marker_zip_001__001.6d3147b9..zip..gif,2259849,76,2,1,0,0,0.1842105263157894,image,0,0,0,1,0,1,1,0,0,0,38,7.931254019332266,5.538909765557392,0.3745975947950504,0.0121140837286031,256,0,0,0,0,0,0,0,0,2,0,0,0,0.0009500634776925,0
1,singlebungle1472-20230713-134805-002__marker_zip_002__001.52149f52..zip..gif,data/raw/image_anomaly/anomalous/mitra/files/gif/singlebungle1472-20230713-134805-002/ad005cafc9c4d72d4a64/singlebungle1472-20230713-134805-002__marker_zip_002__001.52149f52..zip..gif,2292335,76,2,1,0,0,0.1842105263157894,image,0,0,0,1,0,1,1,0,0,0,38,7.933139506694668,5.538909765557392,0.3745805041584236,0.0119999912752717,256,0,0,0,0,0,0,0,0,2,0,0,0,0.014337782217695,0
1,singlebungle1472-20230805-053838-000__marker_zip_001__001.94caeba5..zip..gif,data/raw/image_anomaly/anomalous/mitra/files/gif/singlebungle1472-20230805-053838-000/51f346ed9f35d88cf515/singlebungle1472-20230805-053838-000__marker_zip_001__001.94caeba5..zip..gif,3143882,76,2,1,0,0,0.1842105263157894,image,0,0,0,1,0,1,1,0,0,0,52,7.981843958354855,5.695159765557392,0.3748836629364588,0.0079293688503576,256,0,0,0,0,0,0,0,0,2,0,0,0,0.0006829136716963,0
1,singlebungle1472-20230805-053838-000__marker_zip_002__001.c56db348..zip..gif,data/raw/image_anomaly/anomalous/mitra/files/gif/singlebungle1472-20230805-053838-000/7f71573a93bc809eec74/singlebungle1472-20230805-053838-000__marker_zip_002__001.c56db348..zip..gif,3176368,76,2,1,0,0,0.1842105263157894,image,0,0,0,1,0,1,1,0,0,0,52,7.982213246054008,5.695159765557392,0.3748684031573168,0.0078898288863255,256,0,0,0,0,0,0,0,0,2,0,0,0,0.0103473526996871,0
1,singlebungle1472-20231021-132252-000__marker_zip_002__001.b0db910e..zip..gif,data/raw/image_anomaly/anomalous/mitra/files/gif/singlebungle1472-20231021-132252-000/7281d3173d6d2510cef8/singlebungle1472-20231021-132252-000__marker_zip_002__001.b0db910e..zip..gif,2113342,76,2,1,0,0,0.1842105263157894,image,0,0,0,1,0,1,1,0,0,0,43,7.987321943391124,5.34727441389348,0.3751475151679189,0.0055438258455091,256,0,0,0,0,0,0,0,0,2,0,0,0,0.0155521444233824,0
1,singlebungle1472-20231021-132252-000__marker_zip_001__001.2561b58e..zip..gif,data/raw/image_anomaly/anomalous/mitra/files/gif/singlebungle1472-20231021-132252-000/ea17acf669374b6a66a1/singlebungle1472-20231021-132252-000__marker_zip_001__001.2561b58e..zip..gif,2080856,76,2,1,0,0,0.1842105263157894,image,0,0,0,1,0,1,1,0,0,0,43,7.986926807663642,5.34727441389348,0.3751749280103957,0.0055669397594067,256,0,0,0,0,0,0,0,0,2,0,0,0,0.0010317869184604,0
1,singlebungle1472-20231128-171225-000__marker_zip_001__001.1c5e9414..zip..gif,data/raw/image_anomaly/anomalous/mitra/files/gif/singlebungle1472-20231128-171225-000/7747d52b511893ceba88/singlebungle1472-20231128-171225-000__marker_zip_001__001.1c5e9414..zip..gif,4085810,76,2,1,0,0,0.1842105263157894,image,0,0,0,1,0,1,1,0,0,0,47,7.859537875954152,5.03775298553947,0.3653877688879316,0.0145635749092591,256,0,0,0,3,0,0,0,3,2,0,0,0,0.0005254772003592,0
1,singlebungle1472-20231128-171225-000__marker_zip_002__001.f4a8b962..zip..gif,data/raw/image_anomaly/anomalous/mitra/files/gif/singlebungle1472-20231128-171225-000/f025c847d7dda91848d2/singlebungle1472-20231128-171225-000__marker_zip_002__001.f4a8b962..zip..gif,4118296,76,2,1,0,0,0.1842105263157894,image,0,0,0,1,0,1,1,0,0,0,47,7.861665134478199,5.03775298553947,0.3654509049373818,0.014480746405795,256,0,0,0,3,0,0,0,3,2,0,0,0,0.0079807279515605,0
1,singlebungle1472-20231128-171229-001__marker_zip_002__001.4eb49f0d..zip..gif,data/raw/image_anomaly/anomalous/mitra/files/gif/singlebungle1472-20231128-171229-001/85be1f90b9371b126710/singlebungle1472-20231128-171229-001__marker_zip_002__001.4eb49f0d..zip..gif,2647716,76,2,1,0,0,0.1842105263157894,image,0,0,0,1,0,1,1,0,0,0,32,7.946435828535679,5.338054250365621,0.3700578158684692,0.0061823095830519,256,0,0,0,0,0,0,0,0,2,0,0,0,0.012413340403578,0
1,singlebungle1472-20231128-171229-001__marker_zip_001__001.1aa0b73c..zip..gif,data/raw/image_anomaly/anomalous/mitra/files/gif/singlebungle1472-20231128-171229-001/e0bc78f7dcbe9ea545e3/singlebungle1472-20231128-171229-001__marker_zip_001__001.1aa0b73c..zip..gif,2615230,76,2,1,0,0,0.1842105263157894,image,0,0,0,1,0,1,1,0,0,0,32,7.9451356512121,5.338054250365621,0.3700164039109371,0.0062086317455826,256,0,0,0,0,0,0,0,0,2,0,0,0,0.000820960297947,0
1,singlebungle1472-20240603-050730-000__marker_zip_002__001.9e36acf5..zip..gif,data/raw/image_anomaly/anomalous/mitra/files/gif/singlebungle1472-20240603-050730-000/4b16ff612eaac1c720a6/singlebungle1472-20240603-050730-000__marker_zip_002__001.9e36acf5..zip..gif,2281582,76,2,1,0,0,0.1842105263157894,image,0,0,0,1,0,1,1,0,0,0,34,7.968436134305626,5.366729296672176,0.3722320740608928,0.0064727018358314,256,0,0,0,0,0,0,0,0,2,0,0,0,0.0144053555822232,0
1,singlebungle1472-20240603-050730-000__marker_zip_001__001.26e22911..zip..gif,data/raw/image_anomaly/anomalous/mitra/files/gif/singlebungle1472-20240603-050730-000/96e1eeb112ed981aee93/singlebungle1472-20240603-050730-000__marker_zip_001__001.26e22911..zip..gif,2249096,76,2,1,0,0,0.1842105263157894,image,0,0,0,1,0,1,1,0,0,0,34,7.967533194955006,5.366729296672176,0.3722153256241619,0.0065075034591675,256,0,0,0,0,0,0,0,0,2,0,0,0,0.0009546057616037,0
1,singlebungle1472-20240603-060324-000__marker_zip_002__001.883b9140..zip..gif,data/raw/image_anomaly/anomalous/mitra/files/gif/singlebungle1472-20240603-060324-000/1e40d105489129d11cef/singlebungle1472-20240603-060324-000__marker_zip_002__001.883b9140..zip..gif,4208256,76,2,1,0,0,0.1842105263157894,image,0,0,0,1,0,1,1,0,0,0,82,7.977170261788611,5.1540786642591,0.3677875110259452,0.0062864521550019,256,0,0,0,0,0,0,0,0,2,0,0,0,0.0078101237187091,0
1,singlebungle1472-20240603-060324-000__marker_zip_001__001.79faf35a..zip..gif,data/raw/image_anomaly/anomalous/mitra/files/gif/singlebungle1472-20240603-060324-000/ef98036773b1ccc658e9/singlebungle1472-20240603-060324-000__marker_zip_001__001.79faf35a..zip..gif,4175770,76,2,1,0,0,0.1842105263157894,image,0,0,0,1,0,1,1,0,0,0,82,7.976820609633121,5.1540786642591,0.367743913098662,0.006303747572304,256,0,0,0,0,0,0,0,0,2,0,0,0,0.0005141566705062,0
1,A4_BC_A4_BB_A4_BA_A4_BB_A4_BC_A4_BA_A4_BB_A4_BC__marker_pdf_001__001.eb2fe41e..jpg..pdf,data/raw/image_anomaly/anomalous/mitra/files/jpg/%A4%BC%A4%BB%A4%BA%A4%BB%A4%BC%A4%BA%A4%BB%A4%BC/4f75559066328f2143e0/A4_BC_A4_BB_A4_BA_A4_BB_A4_BC_A4_BA_A4_BB_A4_BC__marker_pdf_001__001.eb2fe41e..jpg..pdf,82810,87,2,1,0,0,0.2988505747126437,document,0,0,0,0,0,1,0,1,0,0,4,7.746304156029609,5.250824256483538,0.3349836976210603,0.0254679386547518,256,0,0,0,0,0,0,0,0,0,0,0,0,0.0,0
1,A4_BC_A4_BB_A4_BA_A4_BB_A4_BC_A4_BA_A4_BB_A4_BC__marker_pdf_002__001.4eb33ace..jpg..pdf,data/raw/image_anomaly/anomalous/mitra/files/jpg/%A4%BC%A4%BB%A4%BA%A4%BB%A4%BC%A4%BA%A4%BB%A4%BC/b7c29cda72b5beb677e3/A4_BC_A4_BB_A4_BA_A4_BB_A4_BC_A4_BA_A4_BB_A4_BC__marker_pdf_002__001.4eb33ace..jpg..pdf,84601,87,2,1,0,0,0.2988505747126437,document,0,0,0,0,0,1,0,1,0,0,4,7.755673938056734,5.072845754531357,0.348612900556731,0.0249287833477145,256,0,0,0,0,0,0,0,0,0,0,0,0,0.0,0
1,A4_BC_A4_BB_A4_BA_A4_BB_A4_BC_A4_BA_A4_BB_A4_BC__marker_zip_001__001.7fff1c34..jpg..zip,data/raw/image_anomaly/anomalous/mitra/files/jpg/%A4%BC%A4%BB%A4%BA%A4%BB%A4%BC%A4%BA%A4%BB%A4%BC/d34eed257f347c840564/A4_BC_A4_BB_A4_BA_A4_BB_A4_BC_A4_BA_A4_BB_A4_BC__marker_zip_001__001.7fff1c34..jpg..zip,81315,87,2,1,0,0,0.2988505747126437,archive,0,0,0,1,0,1,0,1,0,0,5,7.730546186700147,7.574101918762296,0.3188587591465289,0.0270183852917665,256,0,0,0,0,0,0,0,0,0,0,0,0,0.0,0
1,A4_BC_A4_BB_A4_BA_A4_BB_A4_BC_A4_BA_A4_BB_A4_BC__marker_zip_001__002.7b13a3da..zip..jpg,data/raw/image_anomaly/anomalous/mitra/files/jpg/%A4%BC%A4%BB%A4%BA%A4%BB%A4%BC%A4%BA%A4%BB%A4%BC/d34eed257f347c840564/A4_BC_A4_BB_A4_BA_A4_BB_A4_BC_A4_BA_A4_BB_A4_BC__marker_zip_001__002.7b13a3da..zip..jpg,81311,87,2,1,0,0,0.2988505747126437,image,0,0,0,1,0,1,1,0,0,0,5,7.730581720319169,7.594450672016665,0.3188621465730344,0.0270197144297819,256,0,0,0,0,0,0,0,0,2,0,0,0,0.0264047914796276,0
1,A4_BC_A4_BB_A4_BA_A4_BB_A4_BC_A4_BA_A4_BB_A4_BC__marker_zip_002__001.a977db40..jpg..zip,data/raw/image_anomaly/anomalous/mitra/files/jpg/%A4%BC%A4%BB%A4%BA%A4%BB%A4%BC%A4%BA%A4%BB%A4%BC/f5c1b8942a51c676735f/A4_BC_A4_BB_A4_BA_A4_BB_A4_BC_A4_BA_A4_BB_A4_BC__marker_zip_002__001.a977db40..jpg..zip,113801,87,2,1,0,0,0.2988505747126437,archive,0,0,0,1,0,1,0,1,0,0,5,7.857597111522078,7.988340858219542,0.3344258837795801,0.0204655495118672,256,0,0,0,0,0,0,0,0,0,0,0,0,0.0,0
1,A4_BC_A4_BB_A4_BA_A4_BB_A4_BC_A4_BA_A4_BB_A4_BC__marker_zip_002__002.4b35f5ac..zip..jpg,data/raw/image_anomaly/anomalous/mitra/files/jpg/%A4%BC%A4%BB%A4%BA%A4%BB%A4%BC%A4%BA%A4%BB%A4%BC/f5c1b8942a51c676735f/A4_BC_A4_BB_A4_BA_A4_BB_A4_BC_A4_BA_A4_BB_A4_BC__marker_zip_002__002.4b35f5ac..zip..jpg,113797,87,2,1,0,0,0.2988505747126437,image,0,0,0,1,0,1,1,0,0,0,5,7.85761212974637,7.594450672016665,0.3344288513756953,0.0204662688823079,256,0,0,0,0,0,0,0,0,2,0,0,0,0.2888213221789678,0
1,B1_B34_A4_A7_B1_B4_A4_B5_B1_B3__marker_pdf_002__001.ec241fa6..jpg..pdf,data/raw/image_anomaly/anomalous/mitra/files/jpg/%B1%B34%A4%A7%B1%B4%A4%B5%B1%B3/1eab807f9b3fbec6e69f/B1_B34_A4_A7_B1_B4_A4_B5_B1_B3__marker_pdf_002__001.ec241fa6..jpg..pdf,80386,70,2,1,0,0,0.2857142857142857,document,0,0,0,0,0,1,0,1,0,0,5,7.957420972329669,5.072845754531357,0.4021968999577041,0.0127136566068718,256,0,0,0,0,0,0,0,0,0,0,0,0,0.0,0
1,B1_B34_A4_A7_B1_B4_A4_B5_B1_B3__marker_zip_001__001.e0fda1b5..jpg..zip,data/raw/image_anomaly/anomalous/mitra/files/jpg/%B1%B34%A4%A7%B1%B4%A4%B5%B1%B3/668581eaf64501391301/B1_B34_A4_A7_B1_B4_A4_B5_B1_B3__marker_zip_001__001.e0fda1b5..jpg..zip,77100,70,2,1,0,0,0.2857142857142857,archive,0,0,0,1,0,1,0,1,0,0,6,7.960204640940369,7.730781052972365,0.3730998702983139,0.014396887159533,256,0,0,0,0,0,0,0,0,0,0,0,0,0.0,0
1,B1_B34_A4_A7_B1_B4_A4_B5_B1_B3__marker_zip_001__002.32792287..zip..jpg,data/raw/image_anomaly/anomalous/mitra/files/jpg/%B1%B34%A4%A7%B1%B4%A4%B5%B1%B3/668581eaf64501391301/B1_B34_A4_A7_B1_B4_A4_B5_B1_B3__marker_zip_001__002.32792287..zip..jpg,77096,70,2,1,0,0,0.2857142857142857,image,0,0,0,1,0,1,1,0,0,0,6,7.960196162687185,7.800424410279817,0.3731062571339628,0.0143976341185016,256,0,0,0,0,0,0,0,0,2,0,0,0,0.0278483968039846,0
1,B1_B34_A4_A7_B1_B4_A4_B5_B1_B3__marker_pdf_001__001.9b77a505..jpg..pdf,data/raw/image_anomaly/anomalous/mitra/files/jpg/%B1%B34%A4%A7%B1%B4%A4%B5%B1%B3/9a1e3d6942d964f3f60f/B1_B34_A4_A7_B1_B4_A4_B5_B1_B3__marker_pdf_001__001.9b77a505..jpg..pdf,78595,70,2,1,0,0,0.2857142857142857,document,0,0,0,0,0,1,0,1,0,0,5,7.960589825342208,5.250824256483538,0.3890578281061136,0.013003371715758,256,0,0,0,0,0,0,0,0,0,0,0,0,0.0,0
1,B1_B34_A4_A7_B1_B4_A4_B5_B1_B3__marker_zip_002__001.017f73e2..jpg..zip,data/raw/image_anomaly/anomalous/mitra/files/jpg/%B1%B34%A4%A7%B1%B4%A4%B5%B1%B3/a8cfce59eb893478e796/B1_B34_A4_A7_B1_B4_A4_B5_B1_B3__marker_zip_002__001.017f73e2..jpg..zip,109586,70,2,1,0,0,0.2857142857142857,archive,0,0,0,1,0,1,0,1,0,0,6,7.979592099490846,7.988340858219542,0.3731863559213768,0.011333564506415,256,0,0,0,0,0,0,0,0,0,0,0,0,0.0,0
1,B1_B34_A4_A7_B1_B4_A4_B5_B1_B3__marker_zip_002__002.c7615c4d..zip..jpg,data/raw/image_anomaly/anomalous/mitra/files/jpg/%B1%B34%A4%A7%B1%B4%A4%B5%B1%B3/a8cfce59eb893478e796/B1_B34_A4_A7_B1_B4_A4_B5_B1_B3__marker_zip_002__002.c7615c4d..zip..jpg,109582,70,2,1,0,0,0.2857142857142857,image,0,0,0,1,0,1,1,0,0,0,6,7.979586229420876,7.800424410279817,0.3731908525122739,0.0113339782080998,256,0,0,0,0,0,0,0,0,2,0,0,0,0.2999306455439762,0
1,001_marker_zip_001.b35b8bc0..jpg..zip,data/raw/image_anomaly/anomalous/mitra/files/jpg/0a395878d8e8_file/30994d21c581de29afc0/001_marker_zip_001.b35b8bc0..jpg..zip,38978,37,2,1,0,0,0.2162162162162162,archive,0,0,0,1,0,1,0,1,0,0,2,7.969431159194594,7.844516611310479,0.3791882600441275,0.0085945918210272,256,0,0,0,0,0,0,0,0,2,0,0,0,0.055082354148494,0
1,002_marker_zip_001.d91463f2..zip..jpg,data/raw/image_anomaly/anomalous/mitra/files/jpg/0a395878d8e8_file/30994d21c581de29afc0/002_marker_zip_001.d91463f2..zip..jpg,38974,37,2,1,0,0,0.2162162162162162,image,0,0,0,1,0,1,1,0,0,0,2,7.969368737471622,7.8996100210331,0.3792015189613588,0.0085954739056807,256,0,0,0,0,0,0,0,0,2,0,0,0,0.0550880073895417,0
1,001_marker_zip_002.e64f616c..jpg..zip,data/raw/image_anomaly/anomalous/mitra/files/jpg/0a395878d8e8_file/85d68660ea5593805aae/001_marker_zip_002.e64f616c..jpg..zip,71464,37,2,1,0,0,0.2162162162162162,archive,0,0,0,1,0,1,0,1,0,0,2,7.990734452255569,7.988340858219542,0.3765532295981193,0.0065347587596552,256,0,0,0,0,0,0,0,0,2,0,0,0,0.4599098846971902,0
1,002_marker_zip_002.462469dd..zip..jpg,data/raw/image_anomaly/anomalous/mitra/files/jpg/0a395878d8e8_file/85d68660ea5593805aae/002_marker_zip_002.462469dd..zip..jpg,71460,37,2,1,0,0,0.2162162162162162,image,0,0,0,1,0,1,1,0,0,0,2,7.990722514997797,7.8996100210331,0.3765603134620767,0.0065351245452001,256,0,0,0,0,0,0,0,0,2,0,0,0,0.4599356283235376,0
1,001_marker_pdf_001.8c6a9e1e..jpg..pdf,data/raw/image_anomaly/anomalous/mitra/files/jpg/0a395878d8e8_file/ef65969b5a7b8fc259fd/001_marker_pdf_001.8c6a9e1e..jpg..pdf,40473,37,2,1,0,0,0.2162162162162162,document,0,0,0,0,0,1,0,1,0,0,1,7.962625735019637,5.250824256483538,0.4099523138882712,0.0061028339880908,256,0,0,0,0,0,0,0,0,0,0,0,0,0.0,0
1,001_marker_pdf_002.382001f3..jpg..pdf,data/raw/image_anomaly/anomalous/mitra/files/jpg/0a395878d8e8_file/f21a70e87fc59ac7e01b/001_marker_pdf_002.382001f3..jpg..pdf,42264,37,2,1,0,0,0.2162162162162162,document,0,0,0,0,0,1,0,1,0,0,1,7.950156420400318,5.072845754531357,0.4340573537762635,0.005844217300776,256,0,0,0,0,0,0,0,0,0,0,0,0,0.0,0
1,001_marker_pdf_001.00266f0e..jpg..pdf,data/raw/image_anomaly/anomalous/mitra/files/jpg/0b83d8659ab8_file/1054a6c14559986e33a2/001_marker_pdf_001.00266f0e..jpg..pdf,215731,37,2,1,0,0,0.2162162162162162,document,0,0,0,0,0,1,0,1,0,0,4,7.968626971618603,5.250824256483538,0.3810208083214744,0.0085708590791309,256,2,0,0,0,0,0,0,0,0,0,0,0,0.0,0
1,001_marker_pdf_002.fe8328ee..jpg..pdf,data/raw/image_anomaly/anomalous/mitra/files/jpg/0b83d8659ab8_file/29223a85515dfc9115d1/001_marker_pdf_002.fe8328ee..jpg..pdf,217522,37,2,1,0,0,0.2162162162162162,document,0,0,0,0,0,1,0,1,0,0,4,7.968586675145059,5.072845754531357,0.3859425713261187,0.0085002896258769,256,2,0,0,0,0,0,0,0,0,0,0,0,0.0,0
1,001_marker_zip_002.48c48e3a..jpg..zip,data/raw/image_anomaly/anomalous/mitra/files/jpg/0b83d8659ab8_file/a2a5ac57d6e23cc7c8c5/001_marker_zip_002.48c48e3a..jpg..zip,246722,37,2,1,0,0,0.2162162162162162,archive,0,0,0,1,0,1,0,1,0,0,5,7.975517784009733,7.988340858219542,0.3749807475620333,0.0083859566637754,256,2,0,0,0,0,0,0,0,0,0,0,0,0.0,0
1,002_marker_zip_002.daff7e63..zip..jpg,data/raw/image_anomaly/anomalous/mitra/files/jpg/0b83d8659ab8_file/a2a5ac57d6e23cc7c8c5/002_marker_zip_002.daff7e63..zip..jpg,246718,37,2,1,0,0,0.2162162162162162,image,0,0,0,1,0,1,1,0,0,0,5,7.97551640265084,7.589521353349583,0.3749827738551707,0.0083860926239674,256,2,0,0,0,0,0,0,0,2,0,0,0,0.1332168710835853,0
1,001_marker_zip_001.6ca8aa49..jpg..zip,data/raw/image_anomaly/anomalous/mitra/files/jpg/0b83d8659ab8_file/ec7b46ed916232119212/001_marker_zip_001.6ca8aa49..jpg..zip,214236,37,2,1,0,0,0.2162162162162162,archive,0,0,0,1,0,1,0,1,0,0,5,7.967631191200218,7.502361564262814,0.3752217181052671,0.0090414309453126,256,2,0,0,0,0,0,0,0,0,0,0,0,0.0,0
1,002_marker_zip_001.ac821eec..zip..jpg,data/raw/image_anomaly/anomalous/mitra/files/jpg/0b83d8659ab8_file/ec7b46ed916232119212/002_marker_zip_001.ac821eec..zip..jpg,214232,37,2,1,0,0,0.2162162162162162,image,0,0,0,1,0,1,1,0,0,0,5,7.967627060510328,7.589521353349583,0.3752240561634116,0.0090415997610067,256,2,0,0,0,0,0,0,0,2,0,0,0,0.0100218454759326,0
1,001_marker_pdf_002.1f178fa3..jpg..pdf,data/raw/image_anomaly/anomalous/mitra/files/jpg/0ed53c98ded3_st6-cdj83_1/7e56783ab54ea52ef965/001_marker_pdf_002.1f178fa3..jpg..pdf,134034,37,2,1,0,0,0.2162162162162162,document,0,0,0,0,0,1,0,1,0,0,2,7.704473991783173,5.072845754531357,0.3212393870212036,0.0256129041884894,256,0,0,0,0,0,0,0,0,0,0,0,0,0.0,0
1,001_marker_zip_001.bcc4bab6..jpg..zip,data/raw/image_anomaly/anomalous/mitra/files/jpg/0ed53c98ded3_st6-cdj83_1/cd05a0b5dc304a43a6df/001_marker_zip_001.bcc4bab6..jpg..zip,130748,37,2,1,0,0,0.2162162162162162,archive,0,0,0,1,0,1,0,1,0,0,3,7.681754849281022,7.496521510393354,0.3020466852265426,0.0269296662281641,256,0,0,0,0,0,0,0,0,0,0,0,0,0.0,0
1,002_marker_zip_001.50f4ebe2..zip..jpg,data/raw/image_anomaly/anomalous/mitra/files/jpg/0ed53c98ded3_st6-cdj83_1/cd05a0b5dc304a43a6df/002_marker_zip_001.50f4ebe2..zip..jpg,130744,37,2,1,0,0,0.2162162162162162,image,0,0,0,1,0,1,1,0,0,0,3,7.681771497998986,7.493440485054453,0.3020482775500214,0.0269304901180933,256,0,0,0,0,0,0,0,0,2,0,0,0,0.0164214036590589,0
1,001_marker_zip_002.2322017b..jpg..zip,data/raw/image_anomaly/anomalous/mitra/files/jpg/0ed53c98ded3_st6-cdj83_1/d13b847e3fcc88982059/001_marker_zip_002.2322017b..jpg..zip,163234,37,2,1,0,0,0.2162162162162162,archive,0,0,0,1,0,1,0,1,0,0,3,7.791240793238517,7.988340858219542,0.3162453900535427,0.0223789161571731,256,0,0,0,0,0,0,0,0,0,0,0,0,0.0,0
1,002_marker_zip_002.466f4b43..zip..jpg,data/raw/image_anomaly/anomalous/mitra/files/jpg/0ed53c98ded3_st6-cdj83_1/d13b847e3fcc88982059/002_marker_zip_002.466f4b43..zip..jpg,163230,37,2,1,0,0,0.2162162162162162,image,0,0,0,1,0,1,1,0,0,0,3,7.791249782970895,7.493440485054453,0.3162470134166513,0.0223794645592109,256,0,0,0,0,0,0,0,0,2,0,0,0,0.2013539177847209,0
1,001_marker_pdf_001.f959a7cf..jpg..pdf,data/raw/image_anomaly/anomalous/mitra/files/jpg/0ed53c98ded3_st6-cdj83_1/da79fe21b74291e9f8a0/001_marker_pdf_001.f959a7cf..jpg..pdf,132243,37,2,1,0,0,0.2162162162162162,document,0,0,0,0,0,1,0,1,0,0,2,7.694999612625966,5.250824256483538,0.3123341122025362,0.0259597861512518,256,0,0,0,0,0,0,0,0,0,0,0,0,0.0,0
1,122501819259071__marker_zip_001__001.ca19ec11..jpg..zip,data/raw/image_anomaly/anomalous/mitra/files/jpg/122501819259071/64ca24611213aae54c53/122501819259071__marker_zip_001__001.ca19ec11..jpg..zip,93241,55,2,1,0,0,0.2,archive,0,0,0,1,0,1,0,1,0,0,2,7.974515290123188,7.794120497067552,0.363552514451797,0.0099419783142608,256,0,0,0,0,0,0,0,0,0,0,0,0,0.0,0
1,122501819259071__marker_zip_001__002.8b7bbbc2..zip..jpg,data/raw/image_anomaly/anomalous/mitra/files/jpg/122501819259071/64ca24611213aae54c53/122501819259071__marker_zip_001__002.8b7bbbc2..zip..jpg,93237,55,2,1,0,0,0.2,image,0,0,0,1,0,1,1,0,0,0,2,7.97451769939607,7.867374137420943,0.363557386016281,0.0099424048392805,256,0,0,0,0,0,0,0,0,2,0,0,0,0.023027338931969,0
1,122501819259071__marker_pdf_002__001.1ae4d8ac..jpg..pdf,data/raw/image_anomaly/anomalous/mitra/files/jpg/122501819259071/73f39a83b138b2752dea/122501819259071__marker_pdf_002__001.1ae4d8ac..jpg..pdf,96527,55,2,1,0,0,0.2,document,0,0,0,0,0,1,0,1,0,0,1,7.974456411443853,5.072845754531357,0.3881090264899976,0.0086918685963512,256,0,0,0,0,0,0,0,0,0,0,0,0,0.0,0
1,122501819259071__marker_zip_002__001.d2349fd6..jpg..zip,data/raw/image_anomaly/anomalous/mitra/files/jpg/122501819259071/88570e364ed85d030214/122501819259071__marker_zip_002__001.d2349fd6..jpg..zip,125727,55,2,1,0,0,0.2,archive,0,0,0,1,0,1,0,1,0,0,2,7.985859863348917,7.988340858219542,0.3660947926857397,0.008423011763583,256,0,0,0,0,0,0,0,0,0,0,0,0,0.0,0
1,122501819259071__marker_zip_002__002.be4190be..zip..jpg,data/raw/image_anomaly/anomalous/mitra/files/jpg/122501819259071/88570e364ed85d030214/122501819259071__marker_zip_002__002.be4190be..zip..jpg,125723,55,2,1,0,0,0.2,image,0,0,0,1,0,1,1,0,0,0,2,7.98586138954226,7.867374137420943,0.3660984863549231,0.0084232797499264,256,0,0,0,0,0,0,0,0,2,0,0,0,0.2614239240234484,0
1,122501819259071__marker_pdf_001__001.1d674d98..jpg..pdf,data/raw/image_anomaly/anomalous/mitra/files/jpg/122501819259071/e3a189f609c0597ef393/122501819259071__marker_pdf_001__001.1d674d98..jpg..pdf,94736,55,2,1,0,0,0.2,document,0,0,0,0,0,1,0,1,0,0,1,7.975879953317225,5.250824256483538,0.3769422394865732,0.0088561898327985,256,0,0,0,0,0,0,0,0,0,0,0,0,0.0,0
1,123755303427100__marker_pdf_001__001.f8e560b0..jpg..pdf,data/raw/image_anomaly/anomalous/mitra/files/jpg/123755303427100/07268592fcaeddef2dc6/123755303427100__marker_pdf_001__001.f8e560b0..jpg..pdf,35475,55,2,1,0,0,0.2,document,0,0,0,0,0,1,0,1,0,0,2,7.938460378590097,5.250824256483538,0.3802114164904862,0.0116138125440451,256,0,0,0,0,0,0,0,0,0,0,0,0,0.0,0
1,123755303427100__marker_pdf_002__001.2bf773fc..jpg..pdf,data/raw/image_anomaly/anomalous/mitra/files/jpg/123755303427100/59e3f659073d3b2f5a84/123755303427100__marker_pdf_002__001.2bf773fc..jpg..pdf,37266,55,2,1,0,0,0.2,document,0,0,0,0,0,1,0,1,0,0,2,7.929398077566619,5.072845754531357,0.4089786937154511,0.0110556539472978,256,0,0,0,0,0,0,0,0,0,0,0,0,0.0,0
1,123755303427100__marker_zip_002__001.055c5ad1..jpg..zip,data/raw/image_anomaly/anomalous/mitra/files/jpg/123755303427100/76912e4b1799c64ae273/123755303427100__marker_zip_002__001.055c5ad1..jpg..zip,66466,55,2,1,0,0,0.2,archive,0,0,0,1,0,1,0,1,0,0,3,7.9826994739478545,7.988340858219542,0.3581680859386754,0.0095086209490566,256,0,0,0,0,0,0,0,0,2,0,0,0,0.4944934252098817,0
1,123755303427100__marker_zip_002__002.5e7bfbbb..zip..jpg,data/raw/image_anomaly/anomalous/mitra/files/jpg/123755303427100/76912e4b1799c64ae273/123755303427100__marker_zip_002__002.5e7bfbbb..zip..jpg,66462,55,2,1,0,0,0.2,image,0,0,0,1,0,1,1,0,0,0,3,7.982710489639361,7.818351256499058,0.3581745960097499,0.0095091932231952,256,0,0,0,0,0,0,0,0,2,0,0,0,0.4945231861815774,0
1,123755303427100__marker_zip_001__001.4529a5fb..jpg..zip,data/raw/image_anomaly/anomalous/mitra/files/jpg/123755303427100/e336dafba09bb978ff48/123755303427100__marker_zip_001__001.4529a5fb..jpg..zip,33980,55,2,1,0,0,0.2,archive,0,0,0,1,0,1,0,1,0,0,3,7.93691562173291,7.747694808594505,0.3436138905238375,0.0147145379635079,256,0,0,0,0,0,0,0,0,2,0,0,0,0.0631842260153031,0
1,123755303427100__marker_zip_001__002.f8fba34c..zip..jpg,data/raw/image_anomaly/anomalous/mitra/files/jpg/123755303427100/e336dafba09bb978ff48/123755303427100__marker_zip_001__002.f8fba34c..zip..jpg,33976,55,2,1,0,0,0.2,image,0,0,0,1,0,1,1,0,0,0,3,7.936960644874284,7.818351256499058,0.3436249117023781,0.014716270308453,256,0,0,0,0,0,0,0,0,2,0,0,0,0.0631916647044972,0
1,001_marker_pdf_002.2d748972..jpg..pdf,data/raw/image_anomaly/anomalous/mitra/files/jpg/1ca27b5ba56a_-/4cb49f8f9b06c5f110b5/001_marker_pdf_002.2d748972..jpg..pdf,82631,37,2,1,0,0,0.2162162162162162,document,0,0,0,0,0,1,0,1,0,0,3,7.964437130585999,5.072845754531357,0.4004308310440391,0.0136026430758432,256,0,0,0,0,0,0,0,0,0,0,0,0,0.0,0
1,001_marker_zip_002.68db1cc4..jpg..zip,data/raw/image_anomaly/anomalous/mitra/files/jpg/1ca27b5ba56a_-/556bfc92f2c5d59a2a25/001_marker_zip_002.68db1cc4..jpg..zip,111831,37,2,1,0,0,0.2162162162162162,archive,0,0,0,1,0,1,0,1,0,0,4,7.983214056031811,7.988340858219542,0.3724638069944827,0.0120181345065321,256,0,0,0,0,0,0,0,0,0,0,0,0,0.0,0
1,002_marker_zip_002.9bd380e6..zip..jpg,data/raw/image_anomaly/anomalous/mitra/files/jpg/1ca27b5ba56a_-/556bfc92f2c5d59a2a25/002_marker_zip_002.9bd380e6..zip..jpg,111827,37,2,1,0,0,0.2162162162162162,image,0,0,0,1,0,1,1,0,0,0,4,7.983220412405655,7.481897110207789,0.3724681874681427,0.0120185643896375,256,0,0,0,0,0,0,0,0,2,0,0,0,0.293909342108793,0
1,001_marker_zip_001.02c7362f..jpg..zip,data/raw/image_anomaly/anomalous/mitra/files/jpg/1ca27b5ba56a_-/cbd09a17612d05c02b4a/001_marker_zip_001.02c7362f..jpg..zip,79345,37,2,1,0,0,0.2162162162162162,archive,0,0,0,1,0,1,0,1,0,0,4,7.968408858653712,7.374200237056078,0.3720839372361207,0.0152750645913416,256,0,0,0,0,0,0,0,0,0,0,0,0,0.0,0
1,002_marker_zip_001.5d11e75f..zip..jpg,data/raw/image_anomaly/anomalous/mitra/files/jpg/1ca27b5ba56a_-/cbd09a17612d05c02b4a/002_marker_zip_001.5d11e75f..zip..jpg,79341,37,2,1,0,0,0.2162162162162162,image,0,0,0,1,0,1,1,0,0,0,4,7.968416359142219,7.481897110207789,0.3720900921339534,0.0152758346882444,256,0,0,0,0,0,0,0,0,2,0,0,0,0.0270604101284329,0
1,001_marker_pdf_001.71632617..jpg..pdf,data/raw/image_anomaly/anomalous/mitra/files/jpg/1ca27b5ba56a_-/fd67948b4e6291b440f2/001_marker_pdf_001.71632617..jpg..pdf,80840,37,2,1,0,0,0.2162162162162162,document,0,0,0,0,0,1,0,1,0,0,3,7.967873887294849,5.250824256483538,0.387617516081148,0.0139040079168728,256,0,0,0,0,0,0,0,0,0,0,0,0,0.0,0
1,1_adf__marker_zip_002__001.9aa1b14d..jpg..zip,data/raw/image_anomaly/anomalous/mitra/files/jpg/1초뒤adf/16c166176f9f77a1d647/1_adf__marker_zip_002__001.9aa1b14d..jpg..zip,96946,45,2,1,0,0,0.2666666666666666,archive,0,0,0,1,0,1,0,1,0,0,4,7.980764012193086,7.988340858219542,0.3714026365192994,0.0137602376580776,256,0,0,0,0,0,0,0,0,2,0,0,0,0.3390237864378107,0
1,1_adf__marker_zip_002__002.dbdb10f3..zip..jpg,data/raw/image_anomaly/anomalous/mitra/files/jpg/1초뒤adf/16c166176f9f77a1d647/1_adf__marker_zip_002__002.dbdb10f3..zip..jpg,96942,45,2,1,0,0,0.2666666666666666,image,0,0,0,1,0,1,1,0,0,0,4,7.980762848602436,7.254247084033077,0.3714076458088342,0.0137608054300509,256,0,0,0,0,0,0,0,0,2,0,0,0,0.3390377751645314,0
1,1_adf__marker_pdf_001__001.b60a9bb3..jpg..pdf,data/raw/image_anomaly/anomalous/mitra/files/jpg/1초뒤adf/1bf52e30802cf9839745/1_adf__marker_pdf_001__001.b60a9bb3..jpg..pdf,65955,45,2,1,0,0,0.2666666666666666,document,0,0,0,0,0,1,0,1,0,0,3,7.959461593094517,5.250824256483538,0.3894776741717838,0.0168903039951482,256,0,0,0,0,0,0,0,0,0,0,0,0,0.0,0
1,1_adf__marker_pdf_002__001.48f70db1..jpg..pdf,data/raw/image_anomaly/anomalous/mitra/files/jpg/1초뒤adf/e0cb16ba827d9a98d36d/1_adf__marker_pdf_002__001.48f70db1..jpg..pdf,67746,45,2,1,0,0,0.2666666666666666,document,0,0,0,0,0,1,0,1,0,0,3,7.954732529830029,5.072845754531357,0.4050571251439199,0.0164437752782452,256,0,0,0,0,0,0,0,0,0,0,0,0,0.0,0
1,1_adf__marker_zip_001__001.e899b93f..jpg..zip,data/raw/image_anomaly/anomalous/mitra/files/jpg/1초뒤adf/e867d2de085f9b8819d5/1_adf__marker_zip_001__001.e899b93f..jpg..zip,64460,45,2,1,0,0,0.2666666666666666,archive,0,0,0,1,0,1,0,1,0,0,4,7.95996833704926,7.135889433462179,0.3704002482159478,0.0186472230840831,256,0,0,0,0,0,0,0,0,2,0,0,0,0.0333074775054297,0
1,1_adf__marker_zip_001__002.f644a570..zip..jpg,data/raw/image_anomaly/anomalous/mitra/files/jpg/1초뒤adf/e867d2de085f9b8819d5/1_adf__marker_zip_001__002.f644a570..zip..jpg,64456,45,2,1,0,0,0.2666666666666666,image,0,0,0,1,0,1,1,0,0,0,4,7.959963416137848,7.254247084033077,0.3704077199950353,0.0186483802904306,256,0,0,0,0,0,0,0,0,2,0,0,0,0.0333095444954697,0
1,1_dd__marker_zip_002__001.1accde21..jpg..zip,data/raw/image_anomaly/anomalous/mitra/files/jpg/1초뒤dd/5714aa261b4bf7cd5d6f/1_dd__marker_zip_002__001.1accde21..jpg..zip,75571,44,2,1,0,0,0.2727272727272727,archive,0,0,0,1,0,1,0,1,0,0,3,7.993033725487803,7.988340858219542,0.3702346138068836,0.0073970173743896,256,0,0,0,0,0,0,0,0,2,0,0,0,0.4349155099178256,0
1,1_dd__marker_zip_002__002.53058cd1..zip..jpg,data/raw/image_anomaly/anomalous/mitra/files/jpg/1초뒤dd/5714aa261b4bf7cd5d6f/1_dd__marker_zip_002__002.53058cd1..zip..jpg,75567,44,2,1,0,0,0.2727272727272727,image,0,0,0,1,0,1,1,0,0,0,3,7.993029865144926,7.889063818636295,0.3702409782047719,0.0073974089218838,256,0,0,0,0,0,0,0,0,2,0,0,0,0.4349385313695131,0
1,1_dd__marker_pdf_001__001.5132da37..jpg..pdf,data/raw/image_anomaly/anomalous/mitra/files/jpg/1초뒤dd/ae1fcff273f0ac0461c6/1_dd__marker_pdf_001__001.5132da37..jpg..pdf,44580,44,2,1,0,0,0.2727272727272727,document,0,0,0,0,0,1,0,1,0,0,2,7.976057627794125,5.250824256483538,0.396164199192463,0.0076043068640646,256,0,0,0,0,0,0,0,0,0,0,0,0,0.0,0
1,1_dd__marker_zip_001__001.8aecbc79..jpg..zip,data/raw/image_anomaly/anomalous/mitra/files/jpg/1초뒤dd/b585086bf42f075a0014/1_dd__marker_zip_001__001.8aecbc79..jpg..zip,43085,44,2,1,0,0,0.2727272727272727,archive,0,0,0,1,0,1,0,1,0,0,3,7.979083231713702,7.820306844440898,0.3678542416154114,0.0099106417546709,256,0,0,0,0,0,0,0,0,2,0,0,0,0.0498317279795752,0
1,1_dd__marker_zip_001__002.084168ed..zip..jpg,data/raw/image_anomaly/anomalous/mitra/files/jpg/1초뒤dd/b585086bf42f075a0014/1_dd__marker_zip_001__002.084168ed..zip..jpg,43081,44,2,1,0,0,0.2727272727272727,image,0,0,0,1,0,1,1,0,0,0,3,7.979063992848844,7.889063818636295,0.3678651841879251,0.0099115619414591,256,0,0,0,0,0,0,0,0,2,0,0,0,0.049836354773566,0
1,1_dd__marker_pdf_002__001.e1664c2d..jpg..pdf,data/raw/image_anomaly/anomalous/mitra/files/jpg/1초뒤dd/f6f456ee80f337c83d38/1_dd__marker_pdf_002__001.e1664c2d..jpg..pdf,46371,44,2,1,0,0,0.2727272727272727,document,0,0,0,0,0,1,0,1,0,0,2,7.966091371676905,5.072845754531357,0.4186668391882858,0.0073106036100148,256,0,0,0,0,0,0,0,0,0,0,0,0,0.0,0
1,001_marker_pdf_002.fc6d6121..jpg..pdf,data/raw/image_anomaly/anomalous/mitra/files/jpg/2831a09fdd37_file/1914c962376ee7b14b8f/001_marker_pdf_002.fc6d6121..jpg..pdf,414252,37,2,1,0,0,0.2162162162162162,document,0,0,0,0,0,1,0,1,0,0,4,7.67083764401753,5.072845754531357,0.3275711402721049,0.028161602116586,256,9,0,0,0,0,0,0,0,0,0,0,0,0.0,0
1,001_marker_zip_002.fd92ec61..jpg..zip,data/raw/image_anomaly/anomalous/mitra/files/jpg/2831a09fdd37_file/4524d082015dde3289b7/001_marker_zip_002.fd92ec61..jpg..zip,443452,37,2,1,0,0,0.2162162162162162,archive,0,0,0,1,0,1,0,1,0,0,5,7.709215506240028,7.988340858219542,0.3253159304727456,0.0268033518847586,256,9,0,0,0,0,0,0,0,0,0,0,0,0.0,0
1,002_marker_zip_002.2bb3a411..zip..jpg,data/raw/image_anomaly/anomalous/mitra/files/jpg/2831a09fdd37_file/4524d082015dde3289b7/002_marker_zip_002.2bb3a411..zip..jpg,443448,37,2,1,0,0,0.2162162162162162,image,0,0,0,1,0,1,1,0,0,0,5,7.709219728935555,7.692251343223328,0.3253166098392596,0.0268035936569789,256,9,0,0,0,0,0,0,0,2,0,0,0,0.0741169201349425,0
1,001_marker_pdf_001.2d639aaf..jpg..pdf,data/raw/image_anomaly/anomalous/mitra/files/jpg/2831a09fdd37_file/8ea4656d46efc08368ec/001_marker_pdf_001.2d639aaf..jpg..pdf,412461,37,2,1,0,0,0.2162162162162162,document,0,0,0,0,0,1,0,1,0,0,4,7.668365207687014,5.250824256483538,0.3247434302879545,0.0282838862340924,256,9,0,0,0,0,0,0,0,0,0,0,0,0.0,0
1,001_marker_zip_001.943d4230..jpg..zip,data/raw/image_anomaly/anomalous/mitra/files/jpg/2831a09fdd37_file/dceff5201f7e382a6da1/001_marker_zip_001.943d4230..jpg..zip,410966,37,2,1,0,0,0.2162162162162162,archive,0,0,0,1,0,1,0,1,0,0,5,7.666254868884399,7.6023101906005985,0.3215156484964693,0.028600906157687,256,9,0,0,0,0,0,0,0,0,0,0,0,0.0,0
1,002_marker_zip_001.ad575a00..zip..jpg,data/raw/image_anomaly/anomalous/mitra/files/jpg/2831a09fdd37_file/dceff5201f7e382a6da1/002_marker_zip_001.ad575a00..zip..jpg,410962,37,2,1,0,0,0.2162162162162162,image,0,0,0,1,0,1,1,0,0,0,5,7.666261515168397,7.692251343223328,0.3215163445768708,0.0286011845377431,256,9,0,0,0,0,0,0,0,2,0,0,0,0.0052243273100675,0
1,001_marker_zip_002.984b22c7..jpg..zip,data/raw/image_anomaly/anomalous/mitra/files/jpg/3415887f4412_file/101446d0e1fff7d56675/001_marker_zip_002.984b22c7..jpg..zip,251690,37,2,1,0,0,0.2162162162162162,archive,0,0,0,1,0,1,0,1,0,0,8,7.962651513865121,7.988340858219542,0.3869323373991815,0.0108585958917716,256,4,0,0,0,0,0,0,0,0,0,0,0,0.0,0
1,002_marker_zip_002.4586a9ec..zip..jpg,data/raw/image_anomaly/anomalous/mitra/files/jpg/3415887f4412_file/101446d0e1fff7d56675/002_marker_zip_002.4586a9ec..zip..jpg,251686,37,2,1,0,0,0.2162162162162162,image,0,0,0,1,0,1,1,0,0,0,8,7.962649221237943,7.672798175991014,0.3869345136400117,0.0108587684654688,256,4,0,0,0,0,0,0,0,2,0,0,0,0.1305873191198557,0
1,001_marker_pdf_001.beacf446..jpg..pdf,data/raw/image_anomaly/anomalous/mitra/files/jpg/3415887f4412_file/21af04443f84d3ec461e/001_marker_pdf_001.beacf446..jpg..pdf,220699,37,2,1,0,0,0.2162162162162162,document,0,0,0,0,0,1,0,1,0,0,7,7.951329725474765,5.250824256483538,0.3945147010181287,0.0113865491008115,256,4,0,0,0,0,0,0,0,0,0,0,0,0.0,0
1,001_marker_zip_001.655d328b..jpg..zip,data/raw/image_anomaly/anomalous/mitra/files/jpg/3415887f4412_file/8b8fbcfd74d1fd177724/001_marker_zip_001.655d328b..jpg..zip,219204,37,2,1,0,0,0.2162162162162162,archive,0,0,0,1,0,1,0,1,0,0,8,7.952843550549245,7.586082483119498,0.3889390704549187,0.0118656593857776,256,4,0,0,0,0,0,0,0,0,0,0,0,0.0,0
1,002_marker_zip_001.6a20d24e..zip..jpg,data/raw/image_anomaly/anomalous/mitra/files/jpg/3415887f4412_file/8b8fbcfd74d1fd177724/002_marker_zip_001.6a20d24e..zip..jpg,219200,37,2,1,0,0,0.2162162162162162,image,0,0,0,1,0,1,1,0,0,0,8,7.952840163492183,7.672798175991014,0.388941605839416,0.0118658759124087,256,4,0,0,0,0,0,0,0,2,0,0,0,0.009794708029197,0
1,001_marker_pdf_002.caf26b8f..jpg..pdf,data/raw/image_anomaly/anomalous/mitra/files/jpg/3415887f4412_file/d1506284ac8ccdab6bfa/001_marker_pdf_002.caf26b8f..jpg..pdf,222490,37,2,1,0,0,0.2162162162162162,document,0,0,0,0,0,1,0,1,0,0,7,7.950008836652283,5.072845754531357,0.3992179423794328,0.0112948896579621,256,4,0,0,0,0,0,0,0,0,0,0,0,0.0,0
1,001_marker_pdf_001.dd788475..jpg..pdf,data/raw/image_anomaly/anomalous/mitra/files/jpg/398824279dcf_-/06d6d85bb48982cb6a82/001_marker_pdf_001.dd788475..jpg..pdf,48739,37,2,1,0,0,0.2162162162162162,document,0,0,0,0,0,1,0,1,0,0,1,7.955355399421147,5.250824256483538,0.3918627792937894,0.0118796036028642,256,0,0,1,0,0,0,1,1,0,0,0,0,0.0,0
1,001_marker_pdf_002.00de8939..jpg..pdf,data/raw/image_anomaly/anomalous/mitra/files/jpg/398824279dcf_-/4b5743474acf1fd782cb/001_marker_pdf_002.00de8939..jpg..pdf,50530,37,2,1,0,0,0.2162162162162162,document,0,0,0,0,0,1,0,1,0,0,1,7.948622259979059,5.072845754531357,0.4126657431228973,0.0114585394814961,256,0,0,1,0,0,0,1,1,0,0,0,0,0.0,0
1,001_marker_zip_001.24a79975..jpg..zip,data/raw/image_anomaly/anomalous/mitra/files/jpg/398824279dcf_-/5c797925b350e6601a4e/001_marker_zip_001.24a79975..jpg..zip,47244,37,2,1,0,0,0.2162162162162162,archive,0,0,0,1,0,1,0,1,0,0,2,7.955378321411882,7.8003140040817724,0.3659088984844636,0.0141181949030564,256,0,0,1,0,0,0,1,1,2,0,0,0,0.0454449242231817,0
1,002_marker_zip_001.135b7c0d..zip..jpg,data/raw/image_anomaly/anomalous/mitra/files/jpg/398824279dcf_-/5c797925b350e6601a4e/002_marker_zip_001.135b7c0d..zip..jpg,47240,37,2,1,0,0,0.2162162162162162,image,0,0,0,1,0,1,1,0,0,0,2,7.955363311231951,7.858915253105459,0.3659187129551228,0.0141193903471634,256,0,0,1,0,0,0,1,1,2,0,0,0,0.0454487722269263,0
1,001_marker_zip_002.fc359785..jpg..zip,data/raw/image_anomaly/anomalous/mitra/files/jpg/398824279dcf_-/b81fd27ac43b243faf3c/001_marker_zip_002.fc359785..jpg..zip,79730,37,2,1,0,0,0.2162162162162162,archive,0,0,0,1,0,1,0,1,0,0,2,7.983580419785027,7.988340858219542,0.36895773234667,0.0100213219616204,256,0,0,1,0,0,0,1,1,2,0,0,0,0.4122287721058573,0
1,002_marker_zip_002.1f74b8e0..zip..jpg,data/raw/image_anomaly/anomalous/mitra/files/jpg/398824279dcf_-/b81fd27ac43b243faf3c/002_marker_zip_002.1f74b8e0..zip..jpg,79726,37,2,1,0,0,0.2162162162162162,image,0,0,0,1,0,1,1,0,0,0,2,7.983582142797591,7.858915253105459,0.3689637006748112,0.0100218247497679,256,0,0,1,0,0,0,1,1,2,0,0,0,0.4122494543812558,0
1,5_8116__marker_zip_001__001.ed9095e9..jpg..zip,data/raw/image_anomaly/anomalous/mitra/files/jpg/5(8116)/0f24269aa33f3df67f68/5_8116__marker_zip_001__001.ed9095e9..jpg..zip,30301,46,2,1,0,0,0.2608695652173913,archive,0,0,0,1,0,1,0,1,0,0,3,7.9520313408413905,7.778825295623827,0.3577439688459127,0.0154450348173327,256,0,0,0,0,0,0,0,0,2,0,0,0,0.0708557473350714,0
1,5_8116__marker_zip_001__002.8c3b3d46..zip..jpg,data/raw/image_anomaly/anomalous/mitra/files/jpg/5(8116)/0f24269aa33f3df67f68/5_8116__marker_zip_001__002.8c3b3d46..zip..jpg,30297,46,2,1,0,0,0.2608695652173913,image,0,0,0,1,0,1,1,0,0,0,3,7.952090505793103,7.845123189801923,0.3577581938805822,0.0154470739677195,256,0,0,0,0,0,0,0,0,2,0,0,0,0.0708651021553289,0
1,5_8116__marker_zip_002__001.14acaffa..jpg..zip,data/raw/image_anomaly/anomalous/mitra/files/jpg/5(8116)/2e579a7d8bf4bffd351a/5_8116__marker_zip_002__001.14acaffa..jpg..zip,62787,46,2,1,0,0,0.2608695652173913,archive,0,0,0,1,0,1,0,1,0,0,3,7.98803774404783,7.988340858219542,0.3658400624333062,0.0095561183047446,256,0,0,0,0,0,0,0,0,2,0,0,0,0.5234682338700687,0
1,5_8116__marker_zip_002__002.5246993a..zip..jpg,data/raw/image_anomaly/anomalous/mitra/files/jpg/5(8116)/2e579a7d8bf4bffd351a/5_8116__marker_zip_002__002.5246993a..zip..jpg,62783,46,2,1,0,0,0.2608695652173913,image,0,0,0,1,0,1,1,0,0,0,3,7.988048506849918,7.845123189801923,0.3658474427790962,0.0095567271395122,256,0,0,0,0,0,0,0,0,2,0,0,0,0.5235015848239173,0
1,5_8116__marker_pdf_001__001.8e56e4d6..jpg..pdf,data/raw/image_anomaly/anomalous/mitra/files/jpg/5(8116)/6ed01685cb73e735e4db/5_8116__marker_pdf_001__001.8e56e4d6..jpg..pdf,31796,46,2,1,0,0,0.2608695652173913,document,0,0,0,0,0,1,0,1,0,0,2,7.947391095186507,5.250824256483538,0.3979116870046547,0.0119511888287834,256,0,0,0,0,0,0,0,0,0,0,0,0,0.0,0
1,5_8116__marker_pdf_002__001.9bb05f0d..jpg..pdf,data/raw/image_anomaly/anomalous/mitra/files/jpg/5(8116)/e21e7384492f18c31ef4/5_8116__marker_pdf_002__001.9bb05f0d..jpg..pdf,33587,46,2,1,0,0,0.2608695652173913,document,0,0,0,0,0,1,0,1,0,0,2,7.931915678197,5.072845754531357,0.4288861761991246,0.0113139012117783,256,0,0,0,0,0,0,0,0,0,0,0,0,0.0,0
1,001_marker_zip_002.0ef93a08..jpg..zip,data/raw/image_anomaly/anomalous/mitra/files/jpg/63b523eade66_-/2a5502aac712173a3edb/001_marker_zip_002.0ef93a08..jpg..zip,60634,37,2,1,0,0,0.2162162162162162,archive,0,0,0,1,0,1,0,1,0,0,4,7.993232812384591,7.988340858219542,0.3725137711514991,0.0082461985024903,256,0,0,0,0,0,0,0,0,2,0,0,0,0.5420556123627008,0
1,002_marker_zip_002.f354841b..zip..jpg,data/raw/image_anomaly/anomalous/mitra/files/jpg/63b523eade66_-/2a5502aac712173a3edb/002_marker_zip_002.f354841b..zip..jpg,60630,37,2,1,0,0,0.2162162162162162,image,0,0,0,1,0,1,1,0,0,0,4,7.993227739537725,7.884331467883894,0.3725218538677222,0.008246742536698,256,0,0,0,0,0,0,0,0,2,0,0,0,0.5420913739073067,0
1,001_marker_pdf_002.2b7fadae..jpg..pdf,data/raw/image_anomaly/anomalous/mitra/files/jpg/63b523eade66_-/83a7b457e2a341647881/001_marker_pdf_002.2b7fadae..jpg..pdf,31434,37,2,1,0,0,0.2162162162162162,document,0,0,0,0,0,1,0,1,0,0,3,7.932411561652483,5.072845754531357,0.4460774957052872,0.0089075523318699,256,0,0,0,0,0,0,0,0,0,0,0,0,0.0,0
1,001_marker_pdf_001.3fea4886..jpg..pdf,data/raw/image_anomaly/anomalous/mitra/files/jpg/63b523eade66_-/9cc173d69277e4aa8e42/001_marker_pdf_001.3fea4886..jpg..pdf,29643,37,2,1,0,0,0.2162162162162162,document,0,0,0,0,0,1,0,1,0,0,3,7.954572717542364,5.250824256483538,0.4138919812434639,0.009445737610903,256,0,0,0,0,0,0,0,0,0,0,0,0,0.0,0
1,001_marker_zip_001.3eddfea0..jpg..zip,data/raw/image_anomaly/anomalous/mitra/files/jpg/63b523eade66_-/d8e4505d740f0d8f09be/001_marker_zip_001.3eddfea0..jpg..zip,28148,37,2,1,0,0,0.2162162162162162,archive,0,0,0,1,0,1,0,1,0,0,4,7.971249233319898,7.836162587978626,0.3715006394770498,0.0130737530197527,256,0,0,0,0,0,0,0,0,2,0,0,0,0.0762754014494813,0
1,002_marker_zip_001.a28af149..zip..jpg,data/raw/image_anomaly/anomalous/mitra/files/jpg/63b523eade66_-/d8e4505d740f0d8f09be/002_marker_zip_001.a28af149..zip..jpg,28144,37,2,1,0,0,0.2162162162162162,image,0,0,0,1,0,1,1,0,0,0,4,7.971214760814114,7.884331467883894,0.3715179079022171,0.0130756111426947,256,0,0,0,0,0,0,0,0,2,0,0,0,0.0762862421830585,0
1,65416rt3__marker_zip_001__001.757e953e..jpg..zip,data/raw/image_anomaly/anomalous/mitra/files/jpg/65416rt3/086918c99ee194c519f5/65416rt3__marker_zip_001__001.757e953e..jpg..zip,63014,48,2,1,0,0,0.2291666666666666,archive,0,0,0,1,0,1,0,1,0,0,5,7.957255146267711,7.556396773700748,0.3638556511251468,0.0221855460691274,256,2,0,0,0,0,0,0,0,2,0,0,0,0.0340717935696829,0
1,65416rt3__marker_zip_001__002.84caca9a..zip..jpg,data/raw/image_anomaly/anomalous/mitra/files/jpg/65416rt3/086918c99ee194c519f5/65416rt3__marker_zip_001__002.84caca9a..zip..jpg,63010,48,2,1,0,0,0.2291666666666666,image,0,0,0,1,0,1,1,0,0,0,5,7.9572606073562175,7.642276732267432,0.3638628789081098,0.0221869544516743,256,2,0,0,0,0,0,0,0,2,0,0,0,0.0340739565148389,0
1,65416rt3__marker_zip_002__001.7250573c..jpg..zip,data/raw/image_anomaly/anomalous/mitra/files/jpg/65416rt3/178ab068d84e4bf87478/65416rt3__marker_zip_002__001.7250573c..jpg..zip,95500,48,2,1,0,0,0.2291666666666666,archive,0,0,0,1,0,1,0,1,0,0,5,7.979029866302186,7.988340858219542,0.3670994764397906,0.0160209424083769,256,2,0,0,0,0,0,0,0,2,0,0,0,0.3441570680628272,0
1,65416rt3__marker_zip_002__002.2b115dff..zip..jpg,data/raw/image_anomaly/anomalous/mitra/files/jpg/65416rt3/178ab068d84e4bf87478/65416rt3__marker_zip_002__002.2b115dff..zip..jpg,95496,48,2,1,0,0,0.2291666666666666,image,0,0,0,1,0,1,1,0,0,0,5,7.979032494243506,7.642276732267432,0.3671043813353439,0.0160216134707212,256,2,0,0,0,0,0,0,0,2,0,0,0,0.3441714836223506,0
1,65416rt3__marker_pdf_001__001.ede338ee..jpg..pdf,data/raw/image_anomaly/anomalous/mitra/files/jpg/65416rt3/197119ed63ad2a267815/65416rt3__marker_pdf_001__001.ede338ee..jpg..pdf,64509,48,2,1,0,0,0.2291666666666666,document,0,0,0,0,0,1,0,1,0,0,4,7.9570712248700595,5.250824256483538,0.383512378117782,0.0203072439504565,256,2,0,0,0,0,0,0,0,0,0,0,0,0.0,0
1,65416rt3__marker_pdf_002__001.f68f48d5..jpg..pdf,data/raw/image_anomaly/anomalous/mitra/files/jpg/65416rt3/353260dc12a1e370f409/65416rt3__marker_pdf_002__001.f68f48d5..jpg..pdf,66300,48,2,1,0,0,0.2291666666666666,document,0,0,0,0,0,1,0,1,0,0,4,7.952333429575541,5.072845754531357,0.3995927601809955,0.0197586726998491,256,2,0,0,0,0,0,0,0,0,0,0,0,0.0,0
1,001_marker_pdf_001.21329848..jpg..pdf,data/raw/image_anomaly/anomalous/mitra/files/jpg/68c7abd883a8_3/689fd40572ab03e31118/001_marker_pdf_001.21329848..jpg..pdf,31000,37,2,1,0,0,0.2162162162162162,document,0,0,0,0,0,1,0,1,0,0,2,7.801617200883433,5.250824256483538,0.3702903225806451,0.0174838709677419,256,0,0,0,0,0,0,0,0,0,0,0,0,0.0,0
1,001_marker_pdf_002.fcc572ac..jpg..pdf,data/raw/image_anomaly/anomalous/mitra/files/jpg/68c7abd883a8_3/9902b929676777962a49/001_marker_pdf_002.fcc572ac..jpg..pdf,32791,37,2,1,0,0,0.2162162162162162,document,0,0,0,0,0,1,0,1,0,0,2,7.803257108821416,5.072845754531357,0.4035253575676252,0.0165289256198347,256,0,0,0,0,0,0,0,0,0,0,0,0,0.0,0
1,001_marker_zip_002.d26fc565..jpg..zip,data/raw/image_anomaly/anomalous/mitra/files/jpg/68c7abd883a8_3/d9d775d4fb1e0f532e1d/001_marker_zip_002.d26fc565..jpg..zip,61991,37,2,1,0,0,0.2162162162162162,archive,0,0,0,1,0,1,0,1,0,0,3,7.948271367079627,7.988340858219542,0.3516155570969979,0.0122921069187462,256,0,0,0,0,0,0,0,0,2,0,0,0,0.5301898662709102,0
1,002_marker_zip_002.c31bdeb5..zip..jpg,data/raw/image_anomaly/anomalous/mitra/files/jpg/68c7abd883a8_3/d9d775d4fb1e0f532e1d/002_marker_zip_002.c31bdeb5..zip..jpg,61987,37,2,1,0,0,0.2162162162162162,image,0,0,0,1,0,1,1,0,0,0,3,7.948293852178277,7.704039591685616,0.3516221143142917,0.0122929001242195,256,0,0,0,0,0,0,0,0,2,0,0,0,0.5302240792424218,0
1,001_marker_zip_001.2b19e77f..jpg..zip,data/raw/image_anomaly/anomalous/mitra/files/jpg/68c7abd883a8_3/ea9e26aefbeeb411fbe1/001_marker_zip_001.2b19e77f..jpg..zip,29505,37,2,1,0,0,0.2162162162162162,archive,0,0,0,1,0,1,0,1,0,0,3,7.78152158552971,7.650934753197423,0.3276393831553973,0.0213523131672597,256,0,0,0,0,0,0,0,0,2,0,0,0,0.072767327571598,0
1,002_marker_zip_001.df76bc5e..zip..jpg,data/raw/image_anomaly/anomalous/mitra/files/jpg/68c7abd883a8_3/ea9e26aefbeeb411fbe1/002_marker_zip_001.df76bc5e..zip..jpg,29501,37,2,1,0,0,0.2162162162162162,image,0,0,0,1,0,1,1,0,0,0,3,7.781611967186044,7.704039591685616,0.3276499101725365,0.0213552082980237,256,0,0,0,0,0,0,0,0,2,0,0,0,0.0727771939934239,0
1,001_marker_pdf_001.52f44bc8..jpg..pdf,data/raw/image_anomaly/anomalous/mitra/files/jpg/6f100b86d6a5_file/1d54935fc84368009f3b/001_marker_pdf_001.52f44bc8..jpg..pdf,61652,37,2,1,0,0,0.2162162162162162,document,0,0,0,0,0,1,0,1,0,0,4,7.965174894779026,5.250824256483538,0.3950723415298773,0.0061149678842535,256,0,0,0,0,0,0,0,0,0,0,0,0,0.0,0
1,001_marker_pdf_002.8e543983..jpg..pdf,data/raw/image_anomaly/anomalous/mitra/files/jpg/6f100b86d6a5_file/320fcce2f71f3f96c24f/001_marker_pdf_002.8e543983..jpg..pdf,63443,37,2,1,0,0,0.2162162162162162,document,0,0,0,0,0,1,0,1,0,0,4,7.960171032528956,5.072845754531357,0.4115505256687105,0.0059423419447377,256,0,0,0,0,0,0,0,0,0,0,0,0,0.0,0
1,001_marker_zip_002.b794161c..jpg..zip,data/raw/image_anomaly/anomalous/mitra/files/jpg/6f100b86d6a5_file/e2bd84fa548e3a538505/001_marker_zip_002.b794161c..jpg..zip,92643,37,2,1,0,0,0.2162162162162162,archive,0,0,0,1,0,1,0,1,0,0,5,7.985318216324709,7.988340858219542,0.3742862385717215,0.0064440918364042,256,0,0,0,0,0,0,0,0,2,0,0,0,0.3547704629599646,0
1,002_marker_zip_002.b6e7ed3b..zip..jpg,data/raw/image_anomaly/anomalous/mitra/files/jpg/6f100b86d6a5_file/e2bd84fa548e3a538505/002_marker_zip_002.b6e7ed3b..zip..jpg,92639,37,2,1,0,0,0.2162162162162162,image,0,0,0,1,0,1,1,0,0,0,5,7.985313145455805,7.911949664113306,0.3742916050475501,0.006444370081715,256,0,0,0,0,0,0,0,0,2,0,0,0,0.3547857813663791,0
1,001_marker_zip_001.806b15c5..jpg..zip,data/raw/image_anomaly/anomalous/mitra/files/jpg/6f100b86d6a5_file/f3252a8028e2aaf35f72/001_marker_zip_001.806b15c5..jpg..zip,60157,37,2,1,0,0,0.2162162162162162,archive,0,0,0,1,0,1,0,1,0,0,5,7.965081938488489,7.85248297102001,0.374769353524943,0.0077297737586648,256,0,0,0,0,0,0,0,0,2,0,0,0,0.0356899446448459,0
1,002_marker_zip_001.154b7456..zip..jpg,data/raw/image_anomaly/anomalous/mitra/files/jpg/6f100b86d6a5_file/f3252a8028e2aaf35f72/002_marker_zip_001.154b7456..zip..jpg,60153,37,2,1,0,0,0.2162162162162162,image,0,0,0,1,0,1,1,0,0,0,5,7.9650591895853315,7.911949664113306,0.3747776503250046,0.0077302877661962,256,0,0,0,0,0,0,0,0,2,0,0,0,0.0356923179226306,0
1,001_marker_pdf_001.e560d0f8..jpg..pdf,data/raw/image_anomaly/anomalous/mitra/files/jpg/6fa3a1003a67_6066/0b61900521ff31a3456b/001_marker_pdf_001.e560d0f8..jpg..pdf,42108,37,2,1,0,0,0.2162162162162162,document,0,0,0,0,0,1,0,1,0,0,2,7.969373857199455,5.250824256483538,0.3946755960862544,0.0072907760995535,256,0,0,0,0,0,0,0,0,0,0,0,0,0.0,0
1,001_marker_zip_002.1862925c..jpg..zip,data/raw/image_anomaly/anomalous/mitra/files/jpg/6fa3a1003a67_6066/ace63b7295268b7de80a/001_marker_zip_002.1862925c..jpg..zip,73099,37,2,1,0,0,0.2162162162162162,archive,0,0,0,1,0,1,0,1,0,0,3,7.991527656381172,7.988340858219542,0.3685002530814375,0.0072094009493973,256,0,0,0,0,0,0,0,0,2,0,0,0,0.4496231138592867,0
1,002_marker_zip_002.35993578..zip..jpg,data/raw/image_anomaly/anomalous/mitra/files/jpg/6fa3a1003a67_6066/ace63b7295268b7de80a/002_marker_zip_002.35993578..zip..jpg,73095,37,2,1,0,0,0.2162162162162162,image,0,0,0,1,0,1,1,0,0,0,3,7.991525281936636,7.862075096215368,0.3685067378069635,0.0072097954716464,256,0,0,0,0,0,0,0,0,2,0,0,0,0.4496477187222108,0
1,001_marker_zip_001.70af8ae6..jpg..zip,data/raw/image_anomaly/anomalous/mitra/files/jpg/6fa3a1003a67_6066/f0adb286fdd35ba96013/001_marker_zip_001.70af8ae6..jpg..zip,40613,37,2,1,0,0,0.2162162162162162,archive,0,0,0,1,0,1,0,1,0,0,3,7.972964454677548,7.805045572838565,0.3645876935956467,0.0097259498190234,256,0,0,0,0,0,0,0,0,2,0,0,0,0.0528648462315022,0
1,002_marker_zip_001.51f6422a..zip..jpg,data/raw/image_anomaly/anomalous/mitra/files/jpg/6fa3a1003a67_6066/f0adb286fdd35ba96013/002_marker_zip_001.51f6422a..zip..jpg,40609,37,2,1,0,0,0.2162162162162162,image,0,0,0,1,0,1,1,0,0,0,3,7.972960031075452,7.862075096215368,0.3645989805215592,0.0097269078283139,256,0,0,0,0,0,0,0,0,2,0,0,0,0.0528700534364303,0
1,001_marker_pdf_002.d5172f46..jpg..pdf,data/raw/image_anomaly/anomalous/mitra/files/jpg/6fa3a1003a67_6066/f2e117702a719a38bb96/001_marker_pdf_002.d5172f46..jpg..pdf,43899,37,2,1,0,0,0.2162162162162162,document,0,0,0,0,0,1,0,1,0,0,2,7.958888433113772,5.072845754531357,0.4185061163124445,0.0069933255882821,256,0,0,0,0,0,0,0,0,0,0,0,0,0.0,0
1,001_marker_zip_002.01c9a72e..JPG..zip,data/raw/image_anomaly/anomalous/mitra/files/jpg/7ca568035997_20/2f337b645532cda6260a/001_marker_zip_002.01c9a72e..JPG..zip,141690,37,2,1,0,0,0.2162162162162162,archive,0,0,0,1,0,1,0,1,0,0,5,7.982234112951585,7.988340858219542,0.3729056390712118,0.0087373844307996,256,0,0,1,0,0,0,1,1,0,0,0,0,0.0,0
1,002_marker_zip_002.3f8aa273..zip..JPG,data/raw/image_anomaly/anomalous/mitra/files/jpg/7ca568035997_20/2f337b645532cda6260a/002_marker_zip_002.3f8aa273..zip..JPG,141686,37,2,1,1,0,0.2162162162162162,image,0,0,0,1,0,1,1,0,0,0,5,7.982231278344631,7.885781494367524,0.3729091088745536,0.0087376310997557,256,0,0,1,0,0,0,1,1,2,0,0,0,0.2319706957638722,0
1,001_marker_pdf_002.a1861bd1..JPG..pdf,data/raw/image_anomaly/anomalous/mitra/files/jpg/7ca568035997_20/7306183ffca2b683f87f/001_marker_pdf_002.a1861bd1..JPG..pdf,112490,37,2,1,0,0,0.2162162162162162,document,0,0,0,0,0,1,0,1,0,0,4,7.969261071879019,5.072845754531357,0.3935638723442083,0.0090496933060716,256,0,0,1,0,0,0,1,1,0,0,0,0,0.0,0
1,001_marker_zip_001.abc135e4..JPG..zip,data/raw/image_anomaly/anomalous/mitra/files/jpg/7ca568035997_20/97810c69d8224893fec5/001_marker_zip_001.abc135e4..JPG..zip,109204,37,2,1,0,0,0.2162162162162162,archive,0,0,0,1,0,1,0,1,0,0,5,7.970513984601284,7.831085453870553,0.3727610710230394,0.0101278341452694,256,0,0,1,0,0,0,1,1,0,0,0,0,0.0,0
1,002_marker_zip_001.a9de774c..zip..JPG,data/raw/image_anomaly/anomalous/mitra/files/jpg/7ca568035997_20/97810c69d8224893fec5/002_marker_zip_001.a9de774c..zip..JPG,109200,37,2,1,1,0,0.2162162162162162,image,0,0,0,1,0,1,1,0,0,0,5,7.9705013236977615,7.885781494367524,0.3727655677655677,0.0101282051282051,256,0,0,1,0,0,0,1,1,2,0,0,0,0.0196611721611721,0
1,001_marker_pdf_001.a3babcb3..JPG..pdf,data/raw/image_anomaly/anomalous/mitra/files/jpg/7ca568035997_20/9d365e90f2ee3218599d/001_marker_pdf_001.a3babcb3..JPG..pdf,110699,37,2,1,0,0,0.2162162162162162,document,0,0,0,0,0,1,0,1,0,0,4,7.970858800841714,5.250824256483538,0.3840956106197888,0.0091961083659292,256,0,0,1,0,0,0,1,1,0,0,0,0,0.0,0
1,001_marker_zip_002.4bbb93d7..jpg..zip,data/raw/image_anomaly/anomalous/mitra/files/jpg/8822cde8127e_-/0f358be341a681f40753/001_marker_zip_002.4bbb93d7..jpg..zip,272310,37,2,1,0,0,0.2162162162162162,archive,0,0,0,1,0,1,0,1,0,0,5,7.964999664068927,7.988340858219542,0.3776174213212882,0.0053101244904704,256,0,0,0,0,0,0,0,0,0,0,0,0,0.0,0
1,002_marker_zip_002.f42c8a4f..zip..jpg,data/raw/image_anomaly/anomalous/mitra/files/jpg/8822cde8127e_-/0f358be341a681f40753/002_marker_zip_002.f42c8a4f..zip..jpg,272306,37,2,1,0,0,0.2162162162162162,image,0,0,0,1,0,1,1,0,0,0,5,7.9649969949344515,7.785387404550233,0.3776192959391273,0.0053102024927838,256,0,0,0,0,0,0,0,0,2,0,0,0,0.1206987727042371,0
1,001_marker_pdf_001.4cc2e611..jpg..pdf,data/raw/image_anomaly/anomalous/mitra/files/jpg/8822cde8127e_-/d421d26879efc8cb5a0f/001_marker_pdf_001.4cc2e611..jpg..pdf,241319,37,2,1,0,0,0.2162162162162162,document,0,0,0,0,0,1,0,1,0,0,4,7.955184536466407,5.250824256483538,0.3833556412880876,0.0050804122344282,256,0,0,0,0,0,0,0,0,0,0,0,0,0.0,0
1,001_marker_zip_001.60e9500d..jpg..zip,data/raw/image_anomaly/anomalous/mitra/files/jpg/8822cde8127e_-/d6692fc868e4cdf20e73/001_marker_zip_001.60e9500d..jpg..zip,239824,37,2,1,0,0,0.2162162162162162,archive,0,0,0,1,0,1,0,1,0,0,5,7.954509302155422,7.744168661733874,0.3781898392154246,0.005479017946494,256,0,0,0,0,0,0,0,0,0,0,0,0,0.0,0
1,002_marker_zip_001.aa78fe06..zip..jpg,data/raw/image_anomaly/anomalous/mitra/files/jpg/8822cde8127e_-/d6692fc868e4cdf20e73/002_marker_zip_001.aa78fe06..zip..jpg,239820,37,2,1,0,0,0.2162162162162162,image,0,0,0,1,0,1,1,0,0,0,5,7.954505018155138,7.785387404550233,0.3781919773163206,0.0054791093319989,256,0,0,0,0,0,0,0,0,2,0,0,0,0.0089525477441414,0
1,001_marker_pdf_002.3d438d31..jpg..pdf,data/raw/image_anomaly/anomalous/mitra/files/jpg/8822cde8127e_-/e9d3fc56ce1e20f214c5/001_marker_pdf_002.3d438d31..jpg..pdf,243110,37,2,1,0,0,0.2162162162162162,document,0,0,0,0,0,1,0,1,0,0,4,7.955183395985154,5.072845754531357,0.3877421743243799,0.005042984657151,256,0,0,0,0,0,0,0,0,0,0,0,0,0.0,0
1,file__marker_pdf_001__001.a2794c36..JPG..pdf,data/raw/image_anomaly/anomalous/mitra/files/jpg/;;;/4aedde9d8f8ece55c35d/file__marker_pdf_001__001.a2794c36..JPG..pdf,22304,44,2,1,0,0,0.25,document,0,0,0,0,0,1,0,1,0,0,1,7.919588617273312,5.250824256483538,0.4138719512195122,0.0151542324246771,256,0,0,1,0,0,0,1,1,0,0,0,0,0.0,0
1,file__marker_zip_002__001.633327f9..JPG..zip,data/raw/image_anomaly/anomalous/mitra/files/jpg/;;;/696cbbbe18b4abc32a2c/file__marker_zip_002__001.633327f9..JPG..zip,53295,44,2,1,0,0,0.25,archive,0,0,0,1,0,1,0,1,0,0,2,7.987643539872872,7.988340858219542,0.3668073928135847,0.0104700253307064,256,0,0,1,0,0,0,1,1,2,0,0,0,0.6166995027676142,0
1,file__marker_zip_002__002.9c6c375e..zip..JPG,data/raw/image_anomaly/anomalous/mitra/files/jpg/;;;/696cbbbe18b4abc32a2c/file__marker_zip_002__002.9c6c375e..zip..JPG,53291,44,2,1,1,0,0.25,image,0,0,0,1,0,1,1,0,0,0,2,7.9876672070651935,7.83426487956488,0.3668161603272598,0.010470811206395,256,0,0,1,0,0,0,1,1,2,0,0,0,0.6167457919723781,0
1,file__marker_pdf_002__001.535db384..JPG..pdf,data/raw/image_anomaly/anomalous/mitra/files/jpg/;;;/f371914fe0f03148ed07/file__marker_pdf_002__001.535db384..JPG..pdf,24095,44,2,1,0,0,0.25,document,0,0,0,0,0,1,0,1,0,0,1,7.892401369178194,5.072845754531357,0.4558622120771944,0.0140278065988794,256,0,0,1,0,0,0,1,1,0,0,0,0,0.0,0
1,file__marker_zip_001__001.b4ccc4ca..JPG..zip,data/raw/image_anomaly/anomalous/mitra/files/jpg/;;;/f843e39e377d7d042f82/file__marker_zip_001__001.b4ccc4ca..JPG..zip,20809,44,2,1,0,0,0.25,archive,0,0,0,1,0,1,0,1,0,0,2,7.930203304625159,7.778128543393183,0.3565284252006343,0.0204719111922725,256,0,0,1,0,0,0,1,1,2,0,0,0,0.1031765101638714,0
1,file__marker_zip_001__002.e20fbad6..zip..JPG,data/raw/image_anomaly/anomalous/mitra/files/jpg/;;;/f843e39e377d7d042f82/file__marker_zip_001__002.e20fbad6..zip..JPG,20805,44,2,1,1,0,0.25,image,0,0,0,1,0,1,1,0,0,0,2,7.93027480164259,7.83426487956488,0.3565489065128575,0.0204758471521268,256,0,0,1,0,0,0,1,1,2,0,0,0,0.1031963470319634,0
1,1201358979__23m8075m0__marker_zip_002__001.72c2c8b6..jpg..zip,data/raw/image_anomaly/anomalous/mitra/files/jpg/__1201358979__23m8075m0/3204f2650d1869f01ff3/1201358979__23m8075m0__marker_zip_002__001.72c2c8b6..jpg..zip,74084,61,2,1,0,0,0.2131147540983606,archive,0,0,0,1,0,1,0,1,0,0,2,7.990169799429677,7.988340858219542,0.3783408023324874,0.0055342584093731,256,0,0,0,0,0,0,0,0,2,0,0,0,0.4436450515630905,0
1,1201358979__23m8075m0__marker_zip_002__002.8e31988b..zip..jpg,data/raw/image_anomaly/anomalous/mitra/files/jpg/__1201358979__23m8075m0/3204f2650d1869f01ff3/1201358979__23m8075m0__marker_zip_002__002.8e31988b..zip..jpg,74080,61,2,1,0,0,0.2131147540983606,image,0,0,0,1,0,1,1,0,0,0,2,7.990160558243562,7.89261572106123,0.3783477321814255,0.0055345572354211,256,0,0,0,0,0,0,0,0,2,0,0,0,0.4436690064794816,0
1,1201358979__23m8075m0__marker_pdf_002__001.7d39aad6..jpg..pdf,data/raw/image_anomaly/anomalous/mitra/files/jpg/__1201358979__23m8075m0/3d4ba97ac1db30b482a9/1201358979__23m8075m0__marker_pdf_002__001.7d39aad6..jpg..pdf,44884,61,2,1,0,0,0.2131147540983606,document,0,0,0,0,0,1,0,1,0,0,1,7.94974287285565,5.072845754531357,0.4336511897335353,0.0042331343017556,256,0,0,0,0,0,0,0,0,0,0,0,0,0.0,0
1,1201358979__23m8075m0__marker_zip_001__001.d0520ef5..jpg..zip,data/raw/image_anomaly/anomalous/mitra/files/jpg/__1201358979__23m8075m0/83ac0cd304a1198ba10e/1201358979__23m8075m0__marker_zip_001__001.d0520ef5..jpg..zip,41598,61,2,1,0,0,0.2131147540983606,archive,0,0,0,1,0,1,0,1,0,0,2,7.96843234387612,7.828713398167588,0.3822058752824655,0.0066830136064233,256,0,0,0,0,0,0,0,0,2,0,0,0,0.0516130583201115,0
1,1201358979__23m8075m0__marker_zip_001__002.8d148f92..zip..jpg,data/raw/image_anomaly/anomalous/mitra/files/jpg/__1201358979__23m8075m0/83ac0cd304a1198ba10e/1201358979__23m8075m0__marker_zip_001__002.8d148f92..zip..jpg,41594,61,2,1,0,0,0.2131147540983606,image,0,0,0,1,0,1,1,0,0,0,2,7.9683977880479455,7.89261572106123,0.382218589219599,0.0066836562965812,256,0,0,0,0,0,0,0,0,2,0,0,0,0.0516180218300716,0
1,1201358979__23m8075m0__marker_pdf_001__001.d5089c2b..jpg..pdf,data/raw/image_anomaly/anomalous/mitra/files/jpg/__1201358979__23m8075m0/a372034e96040b4f77a0/1201358979__23m8075m0__marker_pdf_001__001.d5089c2b..jpg..pdf,43093,61,2,1,0,0,0.2131147540983606,document,0,0,0,0,0,1,0,1,0,0,1,7.961192639247344,5.250824256483538,0.4109948251456153,0.004409068758267,256,0,0,0,0,0,0,0,0,0,0,0,0,0.0,0
1,125749782222781__marker_pdf_001__001.ec81137d..jpg..pdf,data/raw/image_anomaly/anomalous/mitra/files/jpg/__125749782222781/6c418a6d5624cc396f85/125749782222781__marker_pdf_001__001.ec81137d..jpg..pdf,61185,55,2,1,0,0,0.2,document,0,0,0,0,0,1,0,1,0,0,1,7.9763875603564145,5.250824256483538,0.3939527662008662,0.0077633406880771,256,0,0,0,0,0,0,0,0,0,0,0,0,0.0,0
1,125749782222781__marker_zip_002__001.b2563864..jpg..zip,data/raw/image_anomaly/anomalous/mitra/files/jpg/__125749782222781/8ae35115d4fcb64abb0c/125749782222781__marker_zip_002__001.b2563864..jpg..zip,92176,55,2,1,0,0,0.2,archive,0,0,0,1,0,1,0,1,0,0,2,7.991027156835717,7.988340858219542,0.3734377712202743,0.0075399236243707,256,0,0,0,0,0,0,0,0,2,0,0,0,0.3565678701614303,0
1,125749782222781__marker_zip_002__002.7cbb0eb2..zip..jpg,data/raw/image_anomaly/anomalous/mitra/files/jpg/__125749782222781/8ae35115d4fcb64abb0c/125749782222781__marker_zip_002__002.7cbb0eb2..zip..jpg,92172,55,2,1,0,0,0.2,image,0,0,0,1,0,1,1,0,0,0,2,7.991019614928812,7.849815360602903,0.3734431280649221,0.0075402508353946,256,0,0,0,0,0,0,0,0,2,0,0,0,0.3565833441826151,0
1,125749782222781__marker_pdf_002__001.29a94e2e..jpg..pdf,data/raw/image_anomaly/anomalous/mitra/files/jpg/__125749782222781/92f551b61178a5ef72fb/125749782222781__marker_pdf_002__001.29a94e2e..jpg..pdf,62976,55,2,1,0,0,0.2,document,0,0,0,0,0,1,0,1,0,0,1,7.970349423535452,5.072845754531357,0.4105849847560975,0.0075425558943089,256,0,0,0,0,0,0,0,0,0,0,0,0,0.0,0
1,125749782222781__marker_zip_001__001.39187ec5..jpg..zip,data/raw/image_anomaly/anomalous/mitra/files/jpg/__125749782222781/ac395aa4f48f0d3bcc2a/125749782222781__marker_zip_001__001.39187ec5..jpg..zip,59690,55,2,1,0,0,0.2,archive,0,0,0,1,0,1,0,1,0,0,2,7.979202067832747,7.765156093701772,0.3734628916066342,0.0094320656726419,256,0,0,0,0,0,0,0,0,2,0,0,0,0.0359691740660077,0
1,125749782222781__marker_zip_001__002.33aabf9a..zip..jpg,data/raw/image_anomaly/anomalous/mitra/files/jpg/__125749782222781/ac395aa4f48f0d3bcc2a/125749782222781__marker_zip_001__002.33aabf9a..zip..jpg,59686,55,2,1,0,0,0.2,image,0,0,0,1,0,1,1,0,0,0,2,7.979180106996892,7.849815360602903,0.3734711657675166,0.0094326977850752,256,0,0,0,0,0,0,0,0,2,0,0,0,0.0359715846262105,0
1,001_marker_pdf_001.47e94cff..jpg..pdf,data/raw/image_anomaly/anomalous/mitra/files/jpg/a3382361964c_file/248fa22d5e3a8d07fc11/001_marker_pdf_001.47e94cff..jpg..pdf,207265,37,2,1,0,0,0.2162162162162162,document,0,0,0,0,0,1,0,1,0,0,2,7.935941291336674,5.250824256483538,0.3564663594914722,0.0119412346512918,256,0,0,0,0,0,0,0,0,0,0,0,0,0.0,0
1,001_marker_zip_002.426d23ef..jpg..zip,data/raw/image_anomaly/anomalous/mitra/files/jpg/a3382361964c_file/2f7c019711315ef08b11/001_marker_zip_002.426d23ef..jpg..zip,238256,37,2,1,0,0,0.2162162162162162,archive,0,0,0,1,0,1,0,1,0,0,3,7.949767682496643,7.988340858219542,0.3534055805520112,0.011311362567994,256,0,0,0,0,0,0,0,0,0,0,0,0,0.0,0
1,002_marker_zip_002.b511527c..zip..jpg,data/raw/image_anomaly/anomalous/mitra/files/jpg/a3382361964c_file/2f7c019711315ef08b11/002_marker_zip_002.b511527c..zip..jpg,238252,37,2,1,0,0,0.2162162162162162,image,0,0,0,1,0,1,1,0,0,0,3,7.949771955947491,7.8471948801558975,0.3534073166227356,0.0113115524738512,256,0,0,0,0,0,0,0,0,2,0,0,0,0.1379505733425113,0
1,001_marker_zip_001.2cecae58..jpg..zip,data/raw/image_anomaly/anomalous/mitra/files/jpg/a3382361964c_file/7200ca389797663ee963/001_marker_zip_001.2cecae58..jpg..zip,205770,37,2,1,0,0,0.2162162162162162,archive,0,0,0,1,0,1,0,1,0,0,3,7.933429322616602,7.786073792140455,0.3502502794382077,0.0124556543713855,256,0,0,0,0,0,0,0,0,0,0,0,0,0.0,0
1,002_marker_zip_001.7fe57f5b..zip..jpg,data/raw/image_anomaly/anomalous/mitra/files/jpg/a3382361964c_file/7200ca389797663ee963/002_marker_zip_001.7fe57f5b..zip..jpg,205766,37,2,1,0,0,0.2162162162162162,image,0,0,0,1,0,1,1,0,0,0,3,7.93343734396971,7.8471948801558975,0.3502522282592848,0.0124558965037955,256,0,0,0,0,0,0,0,0,2,0,0,0,0.0104341825180058,0
1,001_marker_pdf_002.d2188f43..jpg..pdf,data/raw/image_anomaly/anomalous/mitra/files/jpg/a3382361964c_file/fe4430adbac3b38f5124/001_marker_pdf_002.d2188f43..jpg..pdf,209056,37,2,1,0,0,0.2162162162162162,document,0,0,0,0,0,1,0,1,0,0,2,7.937100608835494,5.072845754531357,0.3617977958059085,0.011838933108832,256,0,0,0,0,0,0,0,0,0,0,0,0,0.0,0
1,001_marker_zip_001.bad20e7d..JPG..zip,data/raw/image_anomaly/anomalous/mitra/files/jpg/aac6a011ac8d_-/18886fd4e6e9ed734daa/001_marker_zip_001.bad20e7d..JPG..zip,36522,37,2,1,0,0,0.2162162162162162,archive,0,0,0,1,0,1,0,1,0,0,2,7.895621882204897,7.783965357629986,0.3707354471277586,0.0179617764635014,256,0,0,1,0,0,0,1,1,2,0,0,0,0.0587864848584414,0
1,002_marker_zip_001.5613c0c8..zip..JPG,data/raw/image_anomaly/anomalous/mitra/files/jpg/aac6a011ac8d_-/18886fd4e6e9ed734daa/002_marker_zip_001.5613c0c8..zip..JPG,36518,37,2,1,1,0,0.2162162162162162,image,0,0,0,1,0,1,1,0,0,0,2,7.895576946541528,7.840055728873678,0.3707486718878361,0.0179637439071143,256,0,0,1,0,0,0,1,1,2,0,0,0,0.0587929240374609,0
1,001_marker_pdf_002.fa164e6a..JPG..pdf,data/raw/image_anomaly/anomalous/mitra/files/jpg/aac6a011ac8d_-/5166329a5c0481b9a8cb/001_marker_pdf_002.fa164e6a..JPG..pdf,39808,37,2,1,0,0,0.2162162162162162,document,0,0,0,0,0,1,0,1,0,0,1,7.884184434583212,5.072845754531357,0.4296875,0.0142684887459807,256,0,0,1,0,0,0,1,1,0,0,0,0,0.0,0
1,001_marker_zip_002.58c38e3c..JPG..zip,data/raw/image_anomaly/anomalous/mitra/files/jpg/aac6a011ac8d_-/70514147f34810d5a4e6/001_marker_zip_002.58c38e3c..JPG..zip,69008,37,2,1,0,0,0.2162162162162162,archive,0,0,0,1,0,1,0,1,0,0,2,7.969307397224211,7.988340858219542,0.3719858567122652,0.0114189659169951,256,0,0,1,0,0,0,1,1,2,0,0,0,0.4762781126825875,0
1,002_marker_zip_002.4fe05db0..zip..JPG,data/raw/image_anomaly/anomalous/mitra/files/jpg/aac6a011ac8d_-/70514147f34810d5a4e6/002_marker_zip_002.4fe05db0..zip..JPG,69004,37,2,1,1,0,0.2162162162162162,image,0,0,0,1,0,1,1,0,0,0,2,7.9693043840757,7.840055728873678,0.371992927946206,0.011419627847661,256,0,0,1,0,0,0,1,1,2,0,0,0,0.4763057214074546,0
1,001_marker_pdf_001.7b5a21cc..JPG..pdf,data/raw/image_anomaly/anomalous/mitra/files/jpg/aac6a011ac8d_-/cba54f347e5e9c7e1377/001_marker_pdf_001.7b5a21cc..JPG..pdf,38017,37,2,1,0,0,0.2162162162162162,document,0,0,0,0,0,1,0,1,0,0,1,7.893537416271102,5.250824256483538,0.4038193439776942,0.0149406844306494,256,0,0,1,0,0,0,1,1,0,0,0,0,0.0,0
1,aditbendoth-balinese-temple-10392196_1920__marker_zip_001__001.e155a9de..jpg..zip,data/raw/image_anomaly/anomalous/mitra/files/jpg/aditbendoth-balinese-temple-10392196_1920/7836efb52671020b4d64/aditbendoth-balinese-temple-10392196_1920__marker_zip_001__001.e155a9de..jpg..zip,545869,81,2,1,0,0,0.1851851851851851,archive,0,0,0,1,0,1,0,1,0,0,9,7.987285978627455,7.864853185489702,0.3754508865680227,0.0079231463959301,256,0,0,0,0,0,0,0,0,0,0,0,0,0.0,0
1,aditbendoth-balinese-temple-10392196_1920__marker_zip_001__002.bf903be4..zip..jpg,data/raw/image_anomaly/anomalous/mitra/files/jpg/aditbendoth-balinese-temple-10392196_1920/7836efb52671020b4d64/aditbendoth-balinese-temple-10392196_1920__marker_zip_001__002.bf903be4..zip..jpg,545865,81,2,1,0,0,0.1851851851851851,image,0,0,0,1,0,1,1,0,0,0,9,7.987285685653091,7.91767938338286,0.3754518058494316,0.007923204455314,256,0,0,0,0,0,0,0,0,2,0,0,0,0.003933206928453,0
1,aditbendoth-balinese-temple-10392196_1920__marker_pdf_001__001.792962b0..jpg..pdf,data/raw/image_anomaly/anomalous/mitra/files/jpg/aditbendoth-balinese-temple-10392196_1920/8bd1d81f9f65bed8e81d/aditbendoth-balinese-temple-10392196_1920__marker_pdf_001__001.792962b0..jpg..pdf,547364,81,2,1,0,0,0.1851851851851851,document,0,0,0,0,0,1,0,1,0,0,8,7.987325613660773,5.250824256483538,0.3777358394048567,0.007740735598249,256,0,0,0,0,0,0,0,0,0,0,0,0,0.0,0
1,aditbendoth-balinese-temple-10392196_1920__marker_zip_002__001.54a92051..jpg..zip,data/raw/image_anomaly/anomalous/mitra/files/jpg/aditbendoth-balinese-temple-10392196_1920/8cc96104dbbf6076f028/aditbendoth-balinese-temple-10392196_1920__marker_zip_002__001.54a92051..jpg..zip,578355,81,2,1,0,0,0.1851851851851851,archive,0,0,0,1,0,1,0,1,0,0,9,7.988634642910646,7.988340858219542,0.3753352179889514,0.0077063395319483,256,0,0,0,0,0,0,0,0,0,0,0,0,0.0,0
1,aditbendoth-balinese-temple-10392196_1920__marker_zip_002__002.3bec6844..zip..jpg,data/raw/image_anomaly/anomalous/mitra/files/jpg/aditbendoth-balinese-temple-10392196_1920/8cc96104dbbf6076f028/aditbendoth-balinese-temple-10392196_1920__marker_zip_002__002.3bec6844..zip..jpg,578351,81,2,1,0,0,0.1851851851851851,image,0,0,0,1,0,1,1,0,0,0,9,7.98863442719472,7.91767938338286,0.3753360848342961,0.0077063928306512,256,0,0,0,0,0,0,0,0,2,0,0,0,0.0568288115694448,0
1,aditbendoth-balinese-temple-10392196_1920__marker_pdf_001__001.792962b0..jpg..pdf,data/raw/image_anomaly/anomalous/mitra/files/jpg/aditbendoth-balinese-temple-10392196_1920/8d125a97ab5d5e73dcbf/aditbendoth-balinese-temple-10392196_1920__marker_pdf_001__001.792962b0..jpg..pdf,547364,81,2,1,0,0,0.1851851851851851,document,0,0,0,0,0,1,0,1,0,0,8,7.987325613660773,5.250824256483538,0.3777358394048567,0.007740735598249,256,0,0,0,0,0,0,0,0,0,0,0,0,0.0,0
1,aditbendoth-balinese-temple-10392196_1920__marker_pdf_002__001.02321a22..jpg..pdf,data/raw/image_anomaly/anomalous/mitra/files/jpg/aditbendoth-balinese-temple-10392196_1920/ce76fdcf7e292b6ae562/aditbendoth-balinese-temple-10392196_1920__marker_pdf_002__001.02321a22..jpg..pdf,549155,81,2,1,0,0,0.1851851851851851,document,0,0,0,0,0,1,0,1,0,0,8,7.987199941514031,5.072845754531357,0.3796960785206362,0.0077154901621582,256,0,0,0,0,0,0,0,0,0,0,0,0,0.0,0
1,aditbendoth-balinese-temple-10392196_1920__marker_zip_001__001.e155a9de..jpg..zip,data/raw/image_anomaly/anomalous/mitra/files/jpg/aditbendoth-balinese-temple-10392196_1920/d37a5b570d15a18feae9/aditbendoth-balinese-temple-10392196_1920__marker_zip_001__001.e155a9de..jpg..zip,545869,81,2,1,0,0,0.1851851851851851,archive,0,0,0,1,0,1,0,1,0,0,9,7.987285978627455,7.864853185489702,0.3754508865680227,0.0079231463959301,256,0,0,0,0,0,0,0,0,0,0,0,0,0.0,0
1,aditbendoth-balinese-temple-10392196_1920__marker_zip_001__002.bf903be4..zip..jpg,data/raw/image_anomaly/anomalous/mitra/files/jpg/aditbendoth-balinese-temple-10392196_1920/d37a5b570d15a18feae9/aditbendoth-balinese-temple-10392196_1920__marker_zip_001__002.bf903be4..zip..jpg,545865,81,2,1,0,0,0.1851851851851851,image,0,0,0,1,0,1,1,0,0,0,9,7.987285685653091,7.91767938338286,0.3754518058494316,0.007923204455314,256,0,0,0,0,0,0,0,0,2,0,0,0,0.003933206928453,0
1,aditbendoth-balinese-temple-10392196_1920__marker_pdf_002__001.02321a22..jpg..pdf,data/raw/image_anomaly/anomalous/mitra/files/jpg/aditbendoth-balinese-temple-10392196_1920/df7d546149522314a77d/aditbendoth-balinese-temple-10392196_1920__marker_pdf_002__001.02321a22..jpg..pdf,549155,81,2,1,0,0,0.1851851851851851,document,0,0,0,0,0,1,0,1,0,0,8,7.987199941514031,5.072845754531357,0.3796960785206362,0.0077154901621582,256,0,0,0,0,0,0,0,0,0,0,0,0,0.0,0
1,aditbendoth-balinese-temple-10392196_1920__marker_zip_002__001.54a92051..jpg..zip,data/raw/image_anomaly/anomalous/mitra/files/jpg/aditbendoth-balinese-temple-10392196_1920/e27eaed831ec0de6e6c2/aditbendoth-balinese-temple-10392196_1920__marker_zip_002__001.54a92051..jpg..zip,578355,81,2,1,0,0,0.1851851851851851,archive,0,0,0,1,0,1,0,1,0,0,9,7.988634642910646,7.988340858219542,0.3753352179889514,0.0077063395319483,256,0,0,0,0,0,0,0,0,0,0,0,0,0.0,0
1,aditbendoth-balinese-temple-10392196_1920__marker_zip_002__002.3bec6844..zip..jpg,data/raw/image_anomaly/anomalous/mitra/files/jpg/aditbendoth-balinese-temple-10392196_1920/e27eaed831ec0de6e6c2/aditbendoth-balinese-temple-10392196_1920__marker_zip_002__002.3bec6844..zip..jpg,578351,81,2,1,0,0,0.1851851851851851,image,0,0,0,1,0,1,1,0,0,0,9,7.98863442719472,7.91767938338286,0.3753360848342961,0.0077063928306512,256,0,0,0,0,0,0,0,0,2,0,0,0,0.0568288115694448,0
1,001_marker_zip_002.30acf81e..jpg..zip,data/raw/image_anomaly/anomalous/mitra/files/jpg/b56a8c0999dd_file/3c8418ccb30e86c64a62/001_marker_zip_002.30acf81e..jpg..zip,99483,37,2,1,0,0,0.2162162162162162,archive,0,0,0,1,0,1,0,1,0,0,3,7.98482643531381,7.988340858219542,0.3771498648010213,0.007518872571193,256,0,0,0,0,0,0,0,0,0,0,0,0,0.0,0
1,002_marker_zip_002.e806f033..zip..jpg,data/raw/image_anomaly/anomalous/mitra/files/jpg/b56a8c0999dd_file/3c8418ccb30e86c64a62/002_marker_zip_002.e806f033..zip..jpg,99479,37,2,1,0,0,0.2162162162162162,image,0,0,0,1,0,1,1,0,0,0,3,7.98481804687155,7.870729662134853,0.3771549774324229,0.0075191749012354,256,0,0,0,0,0,0,0,0,2,0,0,0,0.3303913388755415,0
1,001_marker_zip_001.5a994684..jpg..zip,data/raw/image_anomaly/anomalous/mitra/files/jpg/b56a8c0999dd_file/787c23be6e869d9cf827/001_marker_zip_001.5a994684..jpg..zip,66997,37,2,1,0,0,0.2162162162162162,archive,0,0,0,1,0,1,0,1,0,0,3,7.967117971611312,7.803561172800035,0.3789721927847516,0.0091944415421586,256,0,0,0,0,0,0,0,0,0,0,0,0,0.0,0
1,002_marker_zip_001.b457323d..zip..jpg,data/raw/image_anomaly/anomalous/mitra/files/jpg/b56a8c0999dd_file/787c23be6e869d9cf827/002_marker_zip_001.b457323d..zip..jpg,66993,37,2,1,0,0,0.2162162162162162,image,0,0,0,1,0,1,1,0,0,0,3,7.967092832035907,7.870729662134853,0.3789798934217008,0.0091949905213977,256,0,0,0,0,0,0,0,0,2,0,0,0,0.0320481244309106,0
1,001_marker_pdf_001.a7c503ba..jpg..pdf,data/raw/image_anomaly/anomalous/mitra/files/jpg/b56a8c0999dd_file/a9435220a70b8050d560/001_marker_pdf_001.a7c503ba..jpg..pdf,68492,37,2,1,0,0,0.2162162162162162,document,0,0,0,0,0,1,0,1,0,0,2,7.96456048239524,5.250824256483538,0.3971558722186533,0.0077089295100157,256,0,0,0,0,0,0,0,0,0,0,0,0,0.0,0
1,001_marker_pdf_002.ca68ff07..jpg..pdf,data/raw/image_anomaly/anomalous/mitra/files/jpg/b56a8c0999dd_file/f647df30a3982f655510/001_marker_pdf_002.ca68ff07..jpg..pdf,70283,37,2,1,0,0,0.2162162162162162,document,0,0,0,0,0,1,0,1,0,0,2,7.959145120392733,5.072845754531357,0.4119772918059843,0.007512485238251,256,0,0,0,0,0,0,0,0,0,0,0,0,0.0,0
1,bbu__marker_zip_001__001.fdd0ccd0..jpg..zip,data/raw/image_anomaly/anomalous/mitra/files/jpg/bbu/33703d83cdf1e466af53/bbu__marker_zip_001__001.fdd0ccd0..jpg..zip,6167,43,2,1,0,0,0.2558139534883721,archive,0,0,0,1,0,1,0,1,0,0,2,7.892274997580831,7.828073721209424,0.3504134911626398,0.0287011512891195,256,0,0,1,0,0,0,1,1,2,0,0,0,0.3481433436030485,0
1,bbu__marker_zip_001__002.a1047d7c..zip..jpg,data/raw/image_anomaly/anomalous/mitra/files/jpg/bbu/33703d83cdf1e466af53/bbu__marker_zip_001__002.a1047d7c..zip..jpg,6163,43,2,1,0,0,0.2558139534883721,image,0,0,0,1,0,1,1,0,0,0,2,7.892282395785863,7.8843464009423805,0.3504786629888041,0.0287197793282492,256,0,0,1,0,0,0,1,1,2,0,0,0,0.3483693006652604,0
1,bbu__marker_pdf_001__001.7839c606..jpg..pdf,data/raw/image_anomaly/anomalous/mitra/files/jpg/bbu/84afe373daaec157e269/bbu__marker_pdf_001__001.7839c606..jpg..pdf,7662,43,2,1,0,0,0.2558139534883721,document,0,0,0,0,0,1,0,1,0,0,1,7.755534461181693,5.250824256483538,0.5185330200991908,0.0116157661185069,256,0,0,1,0,0,0,1,1,0,0,0,0,0.0,0
1,bbu__marker_pdf_002__001.31823624..jpg..pdf,data/raw/image_anomaly/anomalous/mitra/files/jpg/bbu/9612561467a5dc109818/bbu__marker_pdf_002__001.31823624..jpg..pdf,9453,43,2,1,0,0,0.2558139534883721,document,0,0,0,0,0,1,0,1,0,0,1,7.628578862121573,5.072845754531357,0.6057336295355972,0.0094150005289326,256,0,0,1,0,0,0,1,1,0,0,0,0,0.0,0
1,bbu__marker_zip_002__001.018bc143..jpg..zip,data/raw/image_anomaly/anomalous/mitra/files/jpg/bbu/c7527a781dc815bc75b8/bbu__marker_zip_002__001.018bc143..jpg..zip,38653,43,2,1,0,0,0.2558139534883721,archive,0,0,0,1,0,1,0,1,0,0,2,7.996102838339032,7.988340858219542,0.3697255064289964,0.0079942048482653,256,0,0,1,0,0,0,1,1,2,0,0,0,0.8503091609965592,0
1,bbu__marker_zip_002__002.902b2e52..zip..jpg,data/raw/image_anomaly/anomalous/mitra/files/jpg/bbu/c7527a781dc815bc75b8/bbu__marker_zip_002__002.902b2e52..zip..jpg,38649,43,2,1,0,0,0.2558139534883721,image,0,0,0,1,0,1,1,0,0,0,2,7.996103651695612,7.8843464009423805,0.3697378974876452,0.0079950322129938,256,0,0,1,0,0,0,1,1,2,0,0,0,0.850397164221584,0
1,commons_149291488__marker_zip_002__001.bf1311f5..jpg..zip,data/raw/image_anomaly/anomalous/mitra/files/jpg/commons_149291488/1994ec95e60ea1e0d349/commons_149291488__marker_zip_002__001.bf1311f5..jpg..zip,2680775,57,2,1,0,0,0.2105263157894736,archive,0,0,0,1,0,1,0,1,0,0,41,7.952024306150059,7.988340858219542,0.3632583861010342,0.0095442549262806,256,6,0,0,0,0,0,0,0,0,0,0,0,0.0,0
1,commons_149291488__marker_zip_002__002.43deda4d..zip..jpg,data/raw/image_anomaly/anomalous/mitra/files/jpg/commons_149291488/1994ec95e60ea1e0d349/commons_149291488__marker_zip_002__002.43deda4d..zip..jpg,2680771,57,2,1,0,0,0.2105263157894736,image,0,0,0,1,0,1,1,0,0,0,41,7.952024364234695,5.886589581213882,0.3632585550947843,0.0095442691673402,256,6,0,0,0,0,0,0,0,2,0,0,0,0.0122602788526136,0
1,commons_149291488__marker_zip_001__001.4f1d01e6..jpg..zip,data/raw/image_anomaly/anomalous/mitra/files/jpg/commons_149291488/2e6eea2985cfbf70e292/commons_149291488__marker_zip_001__001.4f1d01e6..jpg..zip,2648289,57,2,1,0,0,0.2105263157894736,archive,0,0,0,1,0,1,0,1,0,0,41,7.950850333918007,6.052708382729946,0.3631340839311722,0.0096114887763382,256,6,0,0,0,0,0,0,0,0,0,0,0,0.0,0
1,commons_149291488__marker_zip_001__002.c38c3c05..zip..jpg,data/raw/image_anomaly/anomalous/mitra/files/jpg/commons_149291488/2e6eea2985cfbf70e292/commons_149291488__marker_zip_001__002.c38c3c05..zip..jpg,2648285,57,2,1,0,0,0.2105263157894736,image,0,0,0,1,0,1,1,0,0,0,41,7.950850332318045,5.886589581213882,0.3631342548101884,0.0096115032936409,256,6,0,0,0,0,0,0,0,2,0,0,0,0.00081071334845,0
1,commons_149291488__marker_pdf_001__001.02c05763..jpg..pdf,data/raw/image_anomaly/anomalous/mitra/files/jpg/commons_149291488/5a65528bbfbb3f2f19d6/commons_149291488__marker_pdf_001__001.02c05763..jpg..pdf,2649784,57,2,1,0,0,0.2105263157894736,document,0,0,0,0,0,1,0,1,0,0,40,7.95103063523642,5.250824256483538,0.3636130341190074,0.0095728557497516,256,6,0,0,0,0,0,0,0,0,0,0,0,0.0,0
1,commons_149291488__marker_pdf_002__001.534b206e..jpg..pdf,data/raw/image_anomaly/anomalous/mitra/files/jpg/commons_149291488/ca753fe0e4f14b20083f/commons_149291488__marker_pdf_002__001.534b206e..jpg..pdf,2651575,57,2,1,0,0,0.2105263157894736,document,0,0,0,0,0,1,0,1,0,0,40,7.951142154312965,5.072845754531357,0.3640285490698924,0.0095663897872019,256,6,0,0,0,0,0,0,0,0,0,0,0,0.0,0
1,commons_149301474__marker_zip_002__001.fd3594ca..jpg..zip,data/raw/image_anomaly/anomalous/mitra/files/jpg/commons_149301474/160e7e7b29beef8e3a65/commons_149301474__marker_zip_002__001.fd3594ca..jpg..zip,4470309,57,2,1,0,0,0.2105263157894736,archive,0,0,0,1,0,1,0,1,0,0,110,7.975411628810201,7.988340858219542,0.379777102656662,0.0068657446274966,256,3,0,0,0,0,0,0,0,0,0,0,0,0.0,0
1,commons_149301474__marker_pdf_002__001.3e950113..jpg..pdf,data/raw/image_anomaly/anomalous/mitra/files/jpg/commons_149301474/168f3d610e47f6200af9/commons_149301474__marker_pdf_002__001.3e950113..jpg..pdf,4441109,57,2,1,0,0,0.2105263157894736,document,0,0,0,0,0,1,0,1,0,0,109,7.975106486312335,5.072845754531357,0.3803455398189956,0.0068613492710942,256,3,0,0,0,0,0,0,0,0,0,0,0,0.0,0
1,commons_149301474__marker_pdf_001__001.99b527b5..jpg..pdf,data/raw/image_anomaly/anomalous/mitra/files/jpg/commons_149301474/28d88f35b130fbe27cba/commons_149301474__marker_pdf_001__001.99b527b5..jpg..pdf,4439318,57,2,1,0,0,0.2105263157894736,document,0,0,0,0,0,1,0,1,0,0,109,7.975093280158063,5.250824256483538,0.3801041060811593,0.0068641174162337,256,3,0,0,0,0,0,0,0,0,0,0,0,0.0,0
1,commons_149301474__marker_zip_001__001.4c8dddf9..jpg..zip,data/raw/image_anomaly/anomalous/mitra/files/jpg/commons_149301474/59a83f9104d80080e8c1/commons_149301474__marker_zip_001__001.4c8dddf9..jpg..zip,4437823,57,2,1,0,0,0.2105263157894736,archive,0,0,0,1,0,1,0,1,0,0,110,7.97504787766036,3.677975434545191,0.3798238460614585,0.0068862593212933,256,3,0,0,0,0,0,0,0,0,0,0,0,0.0,0
1,commons_601236__marker_pdf_002__001.c16939a4..jpg..pdf,data/raw/image_anomaly/anomalous/mitra/files/jpg/commons_601236/3a415be71b67776182c0/commons_601236__marker_pdf_002__001.c16939a4..jpg..pdf,959911,54,2,1,0,0,0.2222222222222222,document,0,0,0,0,0,1,0,1,0,0,11,7.891317868047379,5.072845754531357,0.3631899207322345,0.0147961633943146,256,9,0,0,0,0,0,0,0,0,0,0,0,0.0,0
1,commons_601236__marker_pdf_001__001.f34ac1ff..jpg..pdf,data/raw/image_anomaly/anomalous/mitra/files/jpg/commons_601236/3b411b0e6898f4401ea1/commons_601236__marker_pdf_001__001.f34ac1ff..jpg..pdf,958120,54,2,1,0,0,0.2222222222222222,document,0,0,0,0,0,1,0,1,0,0,11,7.8911581112369555,5.250824256483538,0.3620392017701331,0.0148238216507326,256,9,0,0,0,0,0,0,0,0,0,0,0,0.0,0
1,commons_601236__marker_zip_001__001.ebf4c71b..jpg..zip,data/raw/image_anomaly/anomalous/mitra/files/jpg/commons_601236/b0d9a26ba78db83a3e93/commons_601236__marker_zip_001__001.ebf4c71b..jpg..zip,956625,54,2,1,0,0,0.2222222222222222,archive,0,0,0,1,0,1,0,1,0,0,12,7.891057959004278,7.591961215349529,0.3607108323533255,0.014938978178492,256,9,0,0,0,0,0,0,0,0,0,0,0,0.0,0
1,commons_601236__marker_zip_001__002.3d4cf614..zip..jpg,data/raw/image_anomaly/anomalous/mitra/files/jpg/commons_601236/b0d9a26ba78db83a3e93/commons_601236__marker_zip_001__002.3d4cf614..zip..jpg,956621,54,2,1,0,0,0.2222222222222222,image,0,0,0,1,0,1,1,0,0,0,12,7.8910597250320835,7.658609202863424,0.3607112952778582,0.0149390406441004,256,9,0,0,0,0,0,0,0,2,0,0,0,0.0022443580059396,0
1,commons_601236__marker_zip_002__001.95c6d73f..jpg..zip,data/raw/image_anomaly/anomalous/mitra/files/jpg/commons_601236/c76c7f56016f5b38408a/commons_601236__marker_zip_002__001.95c6d73f..jpg..zip,989111,54,2,1,0,0,0.2222222222222222,archive,0,0,0,1,0,1,0,1,0,0,12,7.897799061455541,7.988340858219542,0.3611273153367013,0.0145817810134555,256,9,0,0,0,0,0,0,0,0,0,0,0,0.0,0
1,commons_601236__marker_zip_002__002.67f22d9b..zip..jpg,data/raw/image_anomaly/anomalous/mitra/files/jpg/commons_601236/c76c7f56016f5b38408a/commons_601236__marker_zip_002__002.67f22d9b..zip..jpg,989107,54,2,1,0,0,0.2222222222222222,image,0,0,0,1,0,1,1,0,0,0,12,7.897800353053463,7.658609202863424,0.3611277647413273,0.0145818399829341,256,9,0,0,0,0,0,0,0,2,0,0,0,0.0332289630949937,0
1,commons_88681811__marker_zip_001__001.1d0f423e..jpg..zip,data/raw/image_anomaly/anomalous/mitra/files/jpg/commons_88681811/431c7169ad0e0c7ea84f/commons_88681811__marker_zip_001__001.1d0f423e..jpg..zip,15637472,56,2,1,0,0,0.2142857142857142,archive,0,0,0,1,0,1,0,1,0,0,318,7.955947555180577,2.7806604313538483,0.3681519621585893,0.0110901557489599,256,18,0,2,2,0,0,2,4,0,0,0,0,0.0,0
1,commons_88681811__marker_pdf_001__001.f93fe360..jpg..pdf,data/raw/image_anomaly/anomalous/mitra/files/jpg/commons_88681811/76b63a3e9a2a33c028a3/commons_88681811__marker_pdf_001__001.f93fe360..jpg..pdf,15638967,56,2,1,0,0,0.2142857142857142,document,0,0,0,0,0,1,0,1,0,0,317,7.955974893001197,5.250824256483538,0.3682326332679134,0.0110834686204018,256,18,0,2,2,0,0,2,4,0,0,0,0,0.0,0
1,commons_88681811__marker_zip_002__001.2aab58a4..jpg..zip,data/raw/image_anomaly/anomalous/mitra/files/jpg/commons_88681811/b5be9222e8365bc451db/commons_88681811__marker_zip_002__001.2aab58a4..jpg..zip,15669958,56,2,1,0,0,0.2142857142857142,archive,0,0,0,1,0,1,0,1,0,0,318,7.956125806504499,7.988340858219542,0.3681628246865754,0.0110755880775175,256,18,0,2,2,0,0,2,4,0,0,0,0,0.0,0
1,commons_88681811__marker_pdf_002__001.81bc4cac..jpg..pdf,data/raw/image_anomaly/anomalous/mitra/files/jpg/commons_88681811/d799238e830e0f4a9915/commons_88681811__marker_pdf_002__001.81bc4cac..jpg..pdf,15640758,56,2,1,0,0,0.2142857142857142,document,0,0,0,0,0,1,0,1,0,0,317,7.955987622010447,5.072845754531357,0.3683025464622622,0.0110821994688492,256,18,0,2,2,0,0,2,4,0,0,0,0,0.0,0
1,001_marker_pdf_001.a814a85c..jpg..pdf,data/raw/image_anomaly/anomalous/mitra/files/jpg/f3dd9da6f63a_-_2/33db21e604b4cacda0a1/001_marker_pdf_001.a814a85c..jpg..pdf,175627,37,2,1,0,0,0.2162162162162162,document,0,0,0,0,0,1,0,1,0,0,6,7.967485901787454,5.250824256483538,0.3727502035564007,0.0085123585781229,256,0,0,0,0,0,0,0,0,0,0,0,0,0.0,0
1,001_marker_pdf_002.430f506d..jpg..pdf,data/raw/image_anomaly/anomalous/mitra/files/jpg/f3dd9da6f63a_-_2/4f1d12e50e1c7c0328ad/001_marker_pdf_002.430f506d..jpg..pdf,177418,37,2,1,0,0,0.2162162162162162,document,0,0,0,0,0,1,0,1,0,0,6,7.967457857026837,5.072845754531357,0.3788679840827875,0.0084264279836318,256,0,0,0,0,0,0,0,0,0,0,0,0,0.0,0
1,001_marker_zip_001.f65d7254..jpg..zip,data/raw/image_anomaly/anomalous/mitra/files/jpg/f3dd9da6f63a_-_2/8c61e46affb35d41a113/001_marker_zip_001.f65d7254..jpg..zip,174132,37,2,1,0,0,0.2162162162162162,archive,0,0,0,1,0,1,0,1,0,0,7,7.966143219810213,7.73418291068892,0.3655445294374382,0.0090908046769117,256,0,0,0,0,0,0,0,0,0,0,0,0,0.0,0
1,002_marker_zip_001.71984ab9..zip..jpg,data/raw/image_anomaly/anomalous/mitra/files/jpg/f3dd9da6f63a_-_2/8c61e46affb35d41a113/002_marker_zip_001.71984ab9..zip..jpg,174128,37,2,1,0,0,0.2162162162162162,image,0,0,0,1,0,1,1,0,0,0,7,7.966143306818702,7.784532104136383,0.3655471836809703,0.0090910135073049,256,0,0,0,0,0,0,0,0,2,0,0,0,0.0123300101075071,0
1,001_marker_zip_002.c43efac7..jpg..zip,data/raw/image_anomaly/anomalous/mitra/files/jpg/f3dd9da6f63a_-_2/f377747ba01e11c65218/001_marker_zip_002.c43efac7..jpg..zip,206618,37,2,1,0,0,0.2162162162162162,archive,0,0,0,1,0,1,0,1,0,0,7,7.976015606504779,7.988340858219542,0.3667783058591217,0.0083003416933665,256,0,0,0,0,0,0,0,0,0,0,0,0,0.0,0
1,002_marker_zip_002.e1a65820..zip..jpg,data/raw/image_anomaly/anomalous/mitra/files/jpg/f3dd9da6f63a_-_2/f377747ba01e11c65218/002_marker_zip_002.e1a65820..zip..jpg,206614,37,2,1,0,0,0.2162162162162162,image,0,0,0,1,0,1,1,0,0,0,7,7.976014325252839,7.784532104136383,0.366780566660536,0.0083005023860919,256,0,0,0,0,0,0,0,0,2,0,0,0,0.1590744092849468,0
1,file_down__marker_pdf_001__001.b4ef676f..jpg..pdf,data/raw/image_anomaly/anomalous/mitra/files/jpg/file_down/00dcfb61361655aaa0ee/file_down__marker_pdf_001__001.b4ef676f..jpg..pdf,29858,49,2,1,0,0,0.2448979591836734,document,0,0,0,0,0,1,0,1,0,0,2,7.947891522304707,5.250824256483538,0.4165382811976689,0.0099470828588652,256,0,0,0,0,0,0,0,0,0,0,0,0,0.0,0
1,file_down__marker_zip_001__001.336713c1..jpg..zip,data/raw/image_anomaly/anomalous/mitra/files/jpg/file_down/53fa570328e32ae453e3/file_down__marker_zip_001__001.336713c1..jpg..zip,28363,49,2,1,0,0,0.2448979591836734,archive,0,0,0,1,0,1,0,1,0,0,3,7.959470953483022,7.827414596164049,0.3746077636357226,0.0135740224940944,256,0,0,0,0,0,0,0,0,2,0,0,0,0.0756972111553784,0
1,file_down__marker_zip_001__002.40131a1b..zip..jpg,data/raw/image_anomaly/anomalous/mitra/files/jpg/file_down/53fa570328e32ae453e3/file_down__marker_zip_001__002.40131a1b..zip..jpg,28359,49,2,1,0,0,0.2448979591836734,image,0,0,0,1,0,1,1,0,0,0,3,7.959442921011935,7.893740238400377,0.3746253393984273,0.0135759370922811,256,0,0,0,0,0,0,0,0,2,0,0,0,0.0757078881483832,0
1,file_down__marker_zip_002__001.cf60b8f9..jpg..zip,data/raw/image_anomaly/anomalous/mitra/files/jpg/file_down/6214554be69cb383a454/file_down__marker_zip_002__001.cf60b8f9..jpg..zip,60849,49,2,1,0,0,0.2448979591836734,archive,0,0,0,1,0,1,0,1,0,0,3,7.990263291806623,7.988340858219542,0.3739584874032441,0.0084964420121941,256,0,0,0,0,0,0,0,0,2,0,0,0,0.5401403474173775,0
1,file_down__marker_zip_002__002.5ae33655..zip..jpg,data/raw/image_anomaly/anomalous/mitra/files/jpg/file_down/6214554be69cb383a454/file_down__marker_zip_002__002.5ae33655..zip..jpg,60845,49,2,1,0,0,0.2448979591836734,image,0,0,0,1,0,1,1,0,0,0,3,7.990256972303973,7.893740238400377,0.373966636535459,0.0084970005752321,256,0,0,0,0,0,0,0,0,2,0,0,0,0.5401758566850193,0
1,file_down__marker_pdf_002__001.14e26932..jpg..pdf,data/raw/image_anomaly/anomalous/mitra/files/jpg/file_down/b2c04e978ce2c6d47b7e/file_down__marker_pdf_002__001.14e26932..jpg..pdf,31649,49,2,1,0,0,0.2448979591836734,document,0,0,0,0,0,1,0,1,0,0,2,7.927383598528757,5.072845754531357,0.448355398274827,0.0093841827545894,256,0,0,0,0,0,0,0,0,0,0,0,0,0.0,0
1,fun_1201_631281_1_5B0_5D__marker_pdf_001__001.814b5cd2..jpg..pdf,data/raw/image_anomaly/anomalous/mitra/files/jpg/fun_1201_631281_1%5B0%5D/3a57bcd79d506c6133e1/fun_1201_631281_1_5B0_5D__marker_pdf_001__001.814b5cd2..jpg..pdf,76588,64,2,1,0,0,0.25,document,0,0,0,0,0,1,0,1,0,0,3,7.727038689688189,5.250824256483538,0.3294902595706899,0.0220791768945526,256,0,0,0,0,0,0,0,0,0,0,0,0,0.0,0
1,fun_1201_631281_1_5B0_5D__marker_zip_001__001.c0c68a93..jpg..zip,data/raw/image_anomaly/anomalous/mitra/files/jpg/fun_1201_631281_1%5B0%5D/553e8981b61efa5403bd/fun_1201_631281_1_5B0_5D__marker_zip_001__001.c0c68a93..jpg..zip,75093,64,2,1,0,0,0.25,archive,0,0,0,1,0,1,0,1,0,0,4,7.70875130052576,7.664287297279978,0.3119198860080167,0.0236906236267028,256,0,0,0,0,0,0,0,0,0,0,0,0,0.0,0
1,fun_1201_631281_1_5B0_5D__marker_zip_001__002.dfddd87e..zip..jpg,data/raw/image_anomaly/anomalous/mitra/files/jpg/fun_1201_631281_1%5B0%5D/553e8981b61efa5403bd/fun_1201_631281_1_5B0_5D__marker_zip_001__002.dfddd87e..zip..jpg,75089,64,2,1,0,0,0.25,image,0,0,0,1,0,1,1,0,0,0,4,7.708794360643266,7.673990100012933,0.3119231844877412,0.0236918856290535,256,0,0,0,0,0,0,0,0,2,0,0,0,0.0285927366192118,0
1,fun_1201_631281_1_5B0_5D__marker_zip_002__001.7bf17613..jpg..zip,data/raw/image_anomaly/anomalous/mitra/files/jpg/fun_1201_631281_1%5B0%5D/cca0151dbeae7fb54912/fun_1201_631281_1_5B0_5D__marker_zip_002__001.7bf17613..jpg..zip,107579,64,2,1,0,0,0.25,archive,0,0,0,1,0,1,0,1,0,0,4,7.85336322033779,7.988340858219542,0.3304827150280259,0.0177636899394863,256,0,0,0,0,0,0,0,0,0,0,0,0,0.0,0
1,fun_1201_631281_1_5B0_5D__marker_zip_002__002.c3e2c6fb..zip..jpg,data/raw/image_anomaly/anomalous/mitra/files/jpg/fun_1201_631281_1%5B0%5D/cca0151dbeae7fb54912/fun_1201_631281_1_5B0_5D__marker_zip_002__002.c3e2c6fb..zip..jpg,107575,64,2,1,0,0,0.25,image,0,0,0,1,0,1,1,0,0,0,4,7.853379186859957,7.673990100012933,0.3304857076458285,0.0177643504531722,256,0,0,0,0,0,0,0,0,2,0,0,0,0.3055263769463165,0
1,fun_1201_631281_1_5B0_5D__marker_pdf_002__001.e87b94ec..jpg..pdf,data/raw/image_anomaly/anomalous/mitra/files/jpg/fun_1201_631281_1%5B0%5D/f6890133421ede44d0d3/fun_1201_631281_1_5B0_5D__marker_pdf_002__001.e87b94ec..jpg..pdf,78379,64,2,1,0,0,0.25,document,0,0,0,0,0,1,0,1,0,0,3,7.7383611266021886,5.072845754531357,0.3443269243037038,0.0215746564768624,256,0,0,0,0,0,0,0,0,0,0,0,0,0.0,0
1,hu_1228545233_1148606235__marker_pdf_002__001.8f4bc05a..jpg..pdf,data/raw/image_anomaly/anomalous/mitra/files/jpg/hu_1228545233_1148606235/40768d87de73c602d3ea/hu_1228545233_1148606235__marker_pdf_002__001.8f4bc05a..jpg..pdf,229964,64,2,1,0,0,0.203125,document,0,0,0,0,0,1,0,1,0,0,8,7.961372703076581,5.072845754531357,0.3898871127654763,0.0073881129220225,256,0,0,0,0,0,0,0,0,0,0,0,0,0.0,0
1,hu_1228545233_1148606235__marker_zip_001__001.20bff40f..jpg..zip,data/raw/image_anomaly/anomalous/mitra/files/jpg/hu_1228545233_1148606235/b31772b48c86dad922a0/hu_1228545233_1148606235__marker_zip_001__001.20bff40f..jpg..zip,226678,64,2,1,0,0,0.203125,archive,0,0,0,1,0,1,0,1,0,0,9,7.961485695699173,7.74419240840435,0.3798118917583533,0.0078834293579438,256,0,0,0,0,0,0,0,0,0,0,0,0,0.0,0
1,hu_1228545233_1148606235__marker_zip_001__002.61cb1683..zip..jpg,data/raw/image_anomaly/anomalous/mitra/files/jpg/hu_1228545233_1148606235/b31772b48c86dad922a0/hu_1228545233_1148606235__marker_zip_001__002.61cb1683..zip..jpg,226674,64,2,1,0,0,0.203125,image,0,0,0,1,0,1,1,0,0,0,9,7.961473733749916,7.813559160471947,0.3798141824823314,0.0078835684727847,256,0,0,0,0,0,0,0,0,2,0,0,0,0.0094717523844816,0
1,hu_1228545233_1148606235__marker_zip_002__001.2d398e36..jpg..zip,data/raw/image_anomaly/anomalous/mitra/files/jpg/hu_1228545233_1148606235/b3b3e999990196d7b5e1/hu_1228545233_1148606235__marker_zip_002__001.2d398e36..jpg..zip,259164,64,2,1,0,0,0.203125,archive,0,0,0,1,0,1,0,1,0,0,9,7.970546113806577,7.988340858219542,0.3790071151857511,0.0074045777962988,256,0,0,0,0,0,0,0,0,0,0,0,0,0.0,0
1,hu_1228545233_1148606235__marker_zip_002__002.cc0e253e..zip..jpg,data/raw/image_anomaly/anomalous/mitra/files/jpg/hu_1228545233_1148606235/b3b3e999990196d7b5e1/hu_1228545233_1148606235__marker_zip_002__002.cc0e253e..zip..jpg,259160,64,2,1,0,0,0.203125,image,0,0,0,1,0,1,1,0,0,0,9,7.970538851707603,7.813559160471947,0.3790091063435715,0.0074046920821114,256,0,0,0,0,0,0,0,0,2,0,0,0,0.1268212687143077,0
1,hu_1228545233_1148606235__marker_pdf_001__001.3ddb7553..jpg..pdf,data/raw/image_anomaly/anomalous/mitra/files/jpg/hu_1228545233_1148606235/c2e3b196b492a8500d67/hu_1228545233_1148606235__marker_pdf_001__001.3ddb7553..jpg..pdf,228173,64,2,1,0,0,0.203125,document,0,0,0,0,0,1,0,1,0,0,8,7.961731235807256,5.250824256483538,0.3852646895119054,0.0074461044908906,256,0,0,0,0,0,0,0,0,0,0,0,0,0.0,0
1,hu_1228891134_1321288904__marker_zip_002__001.272605f1..jpg..zip,data/raw/image_anomaly/anomalous/mitra/files/jpg/hu_1228891134_1321288904/5863685009e6854d5a6b/hu_1228891134_1321288904__marker_zip_002__001.272605f1..jpg..zip,382363,64,2,1,0,0,0.203125,archive,0,0,0,1,0,1,0,1,0,0,7,7.969260165270868,7.988340858219542,0.3871242771920923,0.0082199375985647,256,10,0,0,0,0,0,0,0,0,0,0,0,0.0,0
1,hu_1228891134_1321288904__marker_zip_002__002.2ff54117..zip..jpg,data/raw/image_anomaly/anomalous/mitra/files/jpg/hu_1228891134_1321288904/5863685009e6854d5a6b/hu_1228891134_1321288904__marker_zip_002__002.2ff54117..zip..jpg,382359,64,2,1,0,0,0.203125,image,0,0,0,1,0,1,1,0,0,0,7,7.969257726804408,7.666352029472279,0.3871257117002608,0.0082200235903954,256,10,0,0,0,0,0,0,0,2,0,0,0,0.0859584840424836,0
1,hu_1228891134_1321288904__marker_zip_001__001.4102596d..jpg..zip,data/raw/image_anomaly/anomalous/mitra/files/jpg/hu_1228891134_1321288904/785a49648479627c417f/hu_1228891134_1321288904__marker_zip_001__001.4102596d..jpg..zip,349877,64,2,1,0,0,0.203125,archive,0,0,0,1,0,1,0,1,0,0,7,7.963901164221964,7.573119742844245,0.3883993517721942,0.0086058814954969,256,10,0,0,0,0,0,0,0,0,0,0,0,0.0,0
1,hu_1228891134_1321288904__marker_zip_001__002.4ab5ddd4..zip..jpg,data/raw/image_anomaly/anomalous/mitra/files/jpg/hu_1228891134_1321288904/785a49648479627c417f/hu_1228891134_1321288904__marker_zip_001__002.4ab5ddd4..zip..jpg,349873,64,2,1,0,0,0.203125,image,0,0,0,1,0,1,1,0,0,0,7,7.963898052454647,7.666352029472279,0.3884009340532136,0.0086059798841293,256,10,0,0,0,0,0,0,0,2,0,0,0,0.0061365123916392,0
1,hu_1228891134_1321288904__marker_pdf_002__001.4a8064d1..jpg..pdf,data/raw/image_anomaly/anomalous/mitra/files/jpg/hu_1228891134_1321288904/be266caf2f7cf93274d8/hu_1228891134_1321288904__marker_pdf_002__001.4a8064d1..jpg..pdf,353163,64,2,1,0,0,0.203125,document,0,0,0,0,0,1,0,1,0,0,6,7.962562466828254,5.072845754531357,0.3948799845963479,0.0082766314704541,256,10,0,0,0,0,0,0,0,0,0,0,0,0.0,0
1,hu_1228891134_1321288904__marker_pdf_001__001.d571078c..jpg..pdf,data/raw/image_anomaly/anomalous/mitra/files/jpg/hu_1228891134_1321288904/d6399a9d01b1b92a2a43/hu_1228891134_1321288904__marker_pdf_001__001.d571078c..jpg..pdf,351372,64,2,1,0,0,0.203125,document,0,0,0,0,0,1,0,1,0,0,6,7.963216084150928,5.250824256483538,0.3919037373495896,0.0083188188017258,256,10,0,0,0,0,0,0,0,0,0,0,0,0.0,0
1,ieh1z5RwhMNebQmnk2n7lBgJWQSE5y__marker_pdf_001__001.77911684..jpg..pdf,data/raw/image_anomaly/anomalous/mitra/files/jpg/ieh1z5RwhMNebQmnk2n7lBgJWQSE5y/1b3bafb525aedfe5d031/ieh1z5RwhMNebQmnk2n7lBgJWQSE5y__marker_pdf_001__001.77911684..jpg..pdf,36154,70,2,1,0,0,0.1571428571428571,document,0,0,0,0,0,1,0,1,0,0,1,7.964006152513722,5.250824256483538,0.4056535929634342,0.0086297505116999,256,0,0,0,0,0,0,0,0,0,0,0,0,0.0,0
1,ieh1z5RwhMNebQmnk2n7lBgJWQSE5y__marker_zip_001__001.165692d3..jpg..zip,data/raw/image_anomaly/anomalous/mitra/files/jpg/ieh1z5RwhMNebQmnk2n7lBgJWQSE5y/24f526d23488930273c7/ieh1z5RwhMNebQmnk2n7lBgJWQSE5y__marker_zip_001__001.165692d3..jpg..zip,34659,70,2,1,0,0,0.1571428571428571,archive,0,0,0,1,0,1,0,1,0,0,2,7.974345902443131,7.776113408187118,0.3708704809717533,0.0115410138780691,256,0,0,0,0,0,0,0,0,2,0,0,0,0.0619463919905363,0
1,ieh1z5RwhMNebQmnk2n7lBgJWQSE5y__marker_zip_001__002.e147be23..zip..jpg,data/raw/image_anomaly/anomalous/mitra/files/jpg/ieh1z5RwhMNebQmnk2n7lBgJWQSE5y/24f526d23488930273c7/ieh1z5RwhMNebQmnk2n7lBgJWQSE5y__marker_zip_001__002.e147be23..zip..jpg,34655,70,2,1,0,0,0.1571428571428571,image,0,0,0,1,0,1,1,0,0,0,2,7.974353027931137,7.853340953393653,0.370884432260857,0.0115423459818208,256,0,0,0,0,0,0,0,0,2,0,0,0,0.0619535420574231,0
1,ieh1z5RwhMNebQmnk2n7lBgJWQSE5y__marker_pdf_002__001.c9b0aad4..jpg..pdf,data/raw/image_anomaly/anomalous/mitra/files/jpg/ieh1z5RwhMNebQmnk2n7lBgJWQSE5y/6c5a5f32fa66e8ebadde/ieh1z5RwhMNebQmnk2n7lBgJWQSE5y__marker_pdf_002__001.c9b0aad4..jpg..pdf,37945,70,2,1,0,0,0.1571428571428571,document,0,0,0,0,0,1,0,1,0,0,1,7.948516981827567,5.072845754531357,0.4327052312557649,0.0082224271972591,256,0,0,0,0,0,0,0,0,0,0,0,0,0.0,0
1,ieh1z5RwhMNebQmnk2n7lBgJWQSE5y__marker_zip_002__001.f2e0067f..jpg..zip,data/raw/image_anomaly/anomalous/mitra/files/jpg/ieh1z5RwhMNebQmnk2n7lBgJWQSE5y/d638f14e964c3fcf9494/ieh1z5RwhMNebQmnk2n7lBgJWQSE5y__marker_zip_002__001.f2e0067f..jpg..zip,67145,70,2,1,0,0,0.1571428571428571,archive,0,0,0,1,0,1,0,1,0,0,2,7.992752670691381,7.988340858219542,0.3720902524387519,0.0079231513887854,256,0,0,0,0,0,0,0,0,2,0,0,0,0.4894928885248343,0
1,ieh1z5RwhMNebQmnk2n7lBgJWQSE5y__marker_zip_002__002.f30888a1..zip..jpg,data/raw/image_anomaly/anomalous/mitra/files/jpg/ieh1z5RwhMNebQmnk2n7lBgJWQSE5y/d638f14e964c3fcf9494/ieh1z5RwhMNebQmnk2n7lBgJWQSE5y__marker_zip_002__002.f30888a1..zip..jpg,67141,70,2,1,0,0,0.1571428571428571,image,0,0,0,1,0,1,1,0,0,0,2,7.992754086660845,7.853340953393653,0.3720975261017858,0.0079236234193711,256,0,0,0,0,0,0,0,0,2,0,0,0,0.4895220506099105,0
1,jo_5B1_5D_5B0_5D__marker_pdf_001__001.8a565b08..jpg..pdf,data/raw/image_anomaly/anomalous/mitra/files/jpg/jo%5B1%5D%5B0%5D/22395d781ad2b987d1a9/jo_5B1_5D_5B0_5D__marker_pdf_001__001.8a565b08..jpg..pdf,222803,56,2,1,0,0,0.2678571428571428,document,0,0,0,0,0,1,0,1,0,0,6,7.820822531626146,5.250824256483538,0.4186613286176577,0.0120689577788449,256,9,0,0,0,0,0,0,0,0,0,0,0,0.0,0
1,jo_5B1_5D_5B0_5D__marker_zip_002__001.bd5ba6f4..jpg..zip,data/raw/image_anomaly/anomalous/mitra/files/jpg/jo%5B1%5D%5B0%5D/6905ed7ef58e68f8b580/jo_5B1_5D_5B0_5D__marker_zip_002__001.bd5ba6f4..jpg..zip,253794,56,2,1,0,0,0.2678571428571428,archive,0,0,0,1,0,1,0,1,0,0,7,7.855388711070011,7.988340858219542,0.4081932590998999,0.0114620519003601,256,9,0,0,0,0,0,0,0,0,0,0,0,0.0,0
1,jo_5B1_5D_5B0_5D__marker_zip_002__002.10cdce0f..zip..jpg,data/raw/image_anomaly/anomalous/mitra/files/jpg/jo%5B1%5D%5B0%5D/6905ed7ef58e68f8b580/jo_5B1_5D_5B0_5D__marker_zip_002__002.10cdce0f..zip..jpg,253790,56,2,1,0,0,0.2678571428571428,image,0,0,0,1,0,1,1,0,0,0,7,7.855385089115339,7.669781568014549,0.4081957523937113,0.0114622325544741,256,9,0,0,0,0,0,0,0,2,0,0,0,0.1295047086173608,0
1,jo_5B1_5D_5B0_5D__marker_zip_001__001.f461cba0..jpg..zip,data/raw/image_anomaly/anomalous/mitra/files/jpg/jo%5B1%5D%5B0%5D/9cd63fcb4ab4481f43e9/jo_5B1_5D_5B0_5D__marker_zip_001__001.f461cba0..jpg..zip,221308,56,2,1,0,0,0.2678571428571428,archive,0,0,0,1,0,1,0,1,0,0,7,7.822622110026909,7.584472152638722,0.4133018237027129,0.0125481229779312,256,9,0,0,0,0,0,0,0,0,0,0,0,0.0,0
1,jo_5B1_5D_5B0_5D__marker_zip_001__002.42f67aa9..zip..jpg,data/raw/image_anomaly/anomalous/mitra/files/jpg/jo%5B1%5D%5B0%5D/9cd63fcb4ab4481f43e9/jo_5B1_5D_5B0_5D__marker_zip_001__002.42f67aa9..zip..jpg,221304,56,2,1,0,0,0.2678571428571428,image,0,0,0,1,0,1,1,0,0,0,7,7.822616578245694,7.669781568014549,0.4133047753316705,0.0125483497812963,256,9,0,0,0,0,0,0,0,2,0,0,0,0.0097015869573075,0
1,jo_5B1_5D_5B0_5D__marker_pdf_002__001.03377b68..jpg..pdf,data/raw/image_anomaly/anomalous/mitra/files/jpg/jo%5B1%5D%5B0%5D/a6f1a4be46fb56288012/jo_5B1_5D_5B0_5D__marker_pdf_002__001.03377b68..jpg..pdf,224594,56,2,1,0,0,0.2678571428571428,document,0,0,0,0,0,1,0,1,0,0,6,7.82016578565091,5.072845754531357,0.4231279553327337,0.0119727152105577,256,9,0,0,0,0,0,0,0,0,0,0,0,0.0,0
1,kdA1yaImM9NglesK__marker_zip_002__001.2f2d4fb5..jpg..zip,data/raw/image_anomaly/anomalous/mitra/files/jpg/kdA1yaImM9NglesK/180fc4be8cb09a3591bd/kdA1yaImM9NglesK__marker_zip_002__001.2f2d4fb5..jpg..zip,217868,56,2,1,0,0,0.1964285714285714,archive,0,0,0,1,0,1,0,1,0,0,3,7.916916923144605,7.988340858219542,0.3460811133346797,0.0105752106780252,256,0,0,0,0,0,0,0,0,0,0,0,0,0.0,0
1,kdA1yaImM9NglesK__marker_zip_002__002.8789e106..zip..jpg,data/raw/image_anomaly/anomalous/mitra/files/jpg/kdA1yaImM9NglesK/180fc4be8cb09a3591bd/kdA1yaImM9NglesK__marker_zip_002__002.8789e106..zip..jpg,217864,56,2,1,0,0,0.1964285714285714,image,0,0,0,1,0,1,1,0,0,0,3,7.916919935330518,7.780851979242825,0.3460828773914001,0.0105754048397165,256,0,0,0,0,0,0,0,0,2,0,0,0,0.1508601696471193,0
1,kdA1yaImM9NglesK__marker_zip_001__001.391fd82d..jpg..zip,data/raw/image_anomaly/anomalous/mitra/files/jpg/kdA1yaImM9NglesK/583eb43430086148d996/kdA1yaImM9NglesK__marker_zip_001__001.391fd82d..jpg..zip,185382,56,2,1,0,0,0.1964285714285714,archive,0,0,0,1,0,1,0,1,0,0,3,7.885058591931927,7.725008997899993,0.3412952713855714,0.0117163478654885,256,0,0,0,0,0,0,0,0,0,0,0,0,0.0,0
1,kdA1yaImM9NglesK__marker_zip_001__002.80726eaf..zip..jpg,data/raw/image_anomaly/anomalous/mitra/files/jpg/kdA1yaImM9NglesK/583eb43430086148d996/kdA1yaImM9NglesK__marker_zip_001__002.80726eaf..zip..jpg,185378,56,2,1,0,0,0.1964285714285714,image,0,0,0,1,0,1,1,0,0,0,3,7.885063566034374,7.780851979242825,0.3412972413123455,0.0117166006753767,256,0,0,0,0,0,0,0,0,2,0,0,0,0.0115817410911758,0
1,kdA1yaImM9NglesK__marker_pdf_002__001.9f564886..jpg..pdf,data/raw/image_anomaly/anomalous/mitra/files/jpg/kdA1yaImM9NglesK/888922dc5f740085839f/kdA1yaImM9NglesK__marker_pdf_002__001.9f564886..jpg..pdf,188668,56,2,1,0,0,0.1964285714285714,document,0,0,0,0,0,1,0,1,0,0,2,7.892717230358359,5.072845754531357,0.3542466130981406,0.0110458583331566,256,0,0,0,0,0,0,0,0,0,0,0,0,0.0,0
1,kdA1yaImM9NglesK__marker_pdf_001__001.17bd581f..jpg..pdf,data/raw/image_anomaly/anomalous/mitra/files/jpg/kdA1yaImM9NglesK/e4799507c97aad2a8e73/kdA1yaImM9NglesK__marker_pdf_001__001.17bd581f..jpg..pdf,186877,56,2,1,0,0,0.1964285714285714,document,0,0,0,0,0,1,0,1,0,0,2,7.889938498367404,5.250824256483538,0.3482611557334503,0.01115172011537,256,0,0,0,0,0,0,0,0,0,0,0,0,0.0,0
1,met_110407_primary_000__marker_zip_002__001.00b21100..jpg..zip,data/raw/image_anomaly/anomalous/mitra/files/jpg/met_110407_primary_000/31546085bdfb28aa5190/met_110407_primary_000__marker_zip_002__001.00b21100..jpg..zip,325833,62,2,1,0,0,0.2258064516129032,archive,0,0,0,1,0,1,0,1,0,0,3,7.860608210864773,7.988340858219542,0.3654540823059665,0.0246046287515383,256,6,0,1,0,0,0,1,1,0,0,0,0,0.0,0
1,met_110407_primary_000__marker_zip_002__002.a125d717..zip..jpg,data/raw/image_anomaly/anomalous/mitra/files/jpg/met_110407_primary_000/31546085bdfb28aa5190/met_110407_primary_000__marker_zip_002__002.a125d717..zip..jpg,325829,62,2,1,0,0,0.2258064516129032,image,0,0,0,1,0,1,1,0,0,0,3,7.860611404802907,3.4813263972749766,0.3654554996639341,0.0246049308072639,256,6,0,1,0,0,0,1,1,2,0,0,0,0.1008719297545645,0
1,met_110407_primary_000__marker_pdf_001__001.40b72ef3..jpg..pdf,data/raw/image_anomaly/anomalous/mitra/files/jpg/met_110407_primary_000/4d622f0e4ef46925d3c8/met_110407_primary_000__marker_pdf_001__001.40b72ef3..jpg..pdf,294842,62,2,1,0,0,0.2258064516129032,document,0,0,0,0,0,1,0,1,0,0,2,7.8313755016950015,5.250824256483538,0.3688721416894472,0.0264446720616465,256,6,0,1,0,0,0,1,1,0,0,0,0,0.0,0
1,met_110407_primary_000__marker_zip_001__001.69ab3f80..jpg..zip,data/raw/image_anomaly/anomalous/mitra/files/jpg/met_110407_primary_000/63cd98c8418078b4253b/met_110407_primary_000__marker_zip_001__001.69ab3f80..jpg..zip,293347,62,2,1,0,0,0.2258064516129032,archive,0,0,0,1,0,1,0,1,0,0,3,7.830513167012037,3.4748078492961585,0.3645750595710881,0.0268794294811264,256,6,0,1,0,0,0,1,1,0,0,0,0,0.0,0
1,met_110407_primary_000__marker_zip_001__002.ba83cfe6..zip..jpg,data/raw/image_anomaly/anomalous/mitra/files/jpg/met_110407_primary_000/63cd98c8418078b4253b/met_110407_primary_000__marker_zip_001__002.ba83cfe6..zip..jpg,293343,62,2,1,0,0,0.2258064516129032,image,0,0,0,1,0,1,1,0,0,0,3,7.830520823971615,3.4813263972749766,0.3645766219067781,0.0268797960067225,256,6,0,1,0,0,0,1,1,2,0,0,0,0.0073190769849629,0
1,met_110407_primary_000__marker_pdf_002__001.0be0f70d..jpg..pdf,data/raw/image_anomaly/anomalous/mitra/files/jpg/met_110407_primary_000/a6b24a01fe3e39c70abb/met_110407_primary_000__marker_pdf_002__001.0be0f70d..jpg..pdf,296633,62,2,1,0,0,0.2258064516129032,document,0,0,0,0,0,1,0,1,0,0,2,7.832252986786536,5.072845754531357,0.3725546382229893,0.0262850053770146,256,6,0,1,0,0,0,1,1,0,0,0,0,0.0,0
1,met_118912_primary_000__marker_zip_002__001.b4b6f11a..jpg..zip,data/raw/image_anomaly/anomalous/mitra/files/jpg/met_118912_primary_000/1054d6be9b581f221169/met_118912_primary_000__marker_zip_002__001.b4b6f11a..jpg..zip,146390,62,2,1,0,0,0.2258064516129032,archive,0,0,0,1,0,1,0,1,0,0,4,7.95018180183748,7.988340858219542,0.384288544299474,0.0131634674499624,256,6,0,1,0,0,0,1,1,0,0,0,0,0.0,0
1,met_118912_primary_000__marker_zip_002__002.61a31daa..zip..jpg,data/raw/image_anomaly/anomalous/mitra/files/jpg/met_118912_primary_000/1054d6be9b581f221169/met_118912_primary_000__marker_zip_002__002.61a31daa..zip..jpg,146386,62,2,1,0,0,0.2258064516129032,image,0,0,0,1,0,1,1,0,0,0,4,7.950172959283735,3.486897966696828,0.3842922137362862,0.0131638271419398,256,6,0,1,0,0,0,1,1,2,0,0,0,0.2245228368833085,0
1,met_118912_primary_000__marker_pdf_001__001.aeccfe54..jpg..pdf,data/raw/image_anomaly/anomalous/mitra/files/jpg/met_118912_primary_000/ab6d53c41a0b511c5c05/met_118912_primary_000__marker_pdf_001__001.aeccfe54..jpg..pdf,115399,62,2,1,0,0,0.2258064516129032,document,0,0,0,0,0,1,0,1,0,0,3,7.921180274041474,5.250824256483538,0.3980797060633108,0.0147921559112297,256,6,0,1,0,0,0,1,1,0,0,0,0,0.0,0
1,met_118912_primary_000__marker_pdf_002__001.6070244f..jpg..pdf,data/raw/image_anomaly/anomalous/mitra/files/jpg/met_118912_primary_000/b91716fdc21ca9dee28c/met_118912_primary_000__marker_pdf_002__001.6070244f..jpg..pdf,117190,62,2,1,0,0,0.2258064516129032,document,0,0,0,0,0,1,0,1,0,0,3,7.918668428164966,5.072845754531357,0.4069545183036095,0.0145660892567625,256,6,0,1,0,0,0,1,1,0,0,0,0,0.0,0
1,met_118912_primary_000__marker_zip_001__001.cfead193..jpg..zip,data/raw/image_anomaly/anomalous/mitra/files/jpg/met_118912_primary_000/e3cba9a5b34269958d7c/met_118912_primary_000__marker_zip_001__001.cfead193..jpg..zip,113904,62,2,1,0,0,0.2258064516129032,archive,0,0,0,1,0,1,0,1,0,0,4,7.923885739892404,3.467282612415081,0.3873964039893243,0.0157588846748138,256,6,0,1,0,0,0,1,1,0,0,0,0,0.0,0
1,met_118912_primary_000__marker_zip_001__002.3404b278..zip..jpg,data/raw/image_anomaly/anomalous/mitra/files/jpg/met_118912_primary_000/e3cba9a5b34269958d7c/met_118912_primary_000__marker_zip_001__002.3404b278..zip..jpg,113900,62,2,1,0,0,0.2258064516129032,image,0,0,0,1,0,1,1,0,0,0,4,7.9238692159684865,3.486897966696828,0.3874012291483757,0.0157594381035996,256,6,0,1,0,0,0,1,1,2,0,0,0,0.0188498683055311,0
1,met_124281_primary_000__marker_zip_001__001.ef23be3e..jpg..zip,data/raw/image_anomaly/anomalous/mitra/files/jpg/met_124281_primary_000/897b4c93efadb3fda605/met_124281_primary_000__marker_zip_001__001.ef23be3e..jpg..zip,27434,62,2,1,0,0,0.2258064516129032,archive,0,0,0,1,0,1,0,1,0,0,2,7.488689448378378,3.4807849229204564,0.4332580010206313,0.0355398410731209,256,6,0,1,0,0,0,1,1,2,0,0,0,0.0782605525989647,0
1,met_124281_primary_000__marker_zip_001__002.2f912e5b..zip..jpg,data/raw/image_anomaly/anomalous/mitra/files/jpg/met_124281_primary_000/897b4c93efadb3fda605/met_124281_primary_000__marker_zip_001__002.2f912e5b..zip..jpg,27430,62,2,1,0,0,0.2258064516129032,image,0,0,0,1,0,1,1,0,0,0,2,7.488596669477822,3.487124768134792,0.433284724753919,0.0355450236966824,256,6,0,1,0,0,0,1,1,2,0,0,0,0.0782719650018228,0
1,met_124281_primary_000__marker_zip_002__001.79b0f1e2..jpg..zip,data/raw/image_anomaly/anomalous/mitra/files/jpg/met_124281_primary_000/d7a1fd56be668c08fa15/met_124281_primary_000__marker_zip_002__001.79b0f1e2..jpg..zip,59920,62,2,1,0,0,0.2258064516129032,archive,0,0,0,1,0,1,0,1,0,0,2,7.846598847453464,7.988340858219542,0.4008010680907877,0.0184746328437917,256,6,0,1,0,0,0,1,1,2,0,0,0,0.5485146862483311,0
1,met_124281_primary_000__marker_zip_002__002.641ff150..zip..jpg,data/raw/image_anomaly/anomalous/mitra/files/jpg/met_124281_primary_000/d7a1fd56be668c08fa15/met_124281_primary_000__marker_zip_002__002.641ff150..zip..jpg,59916,62,2,1,0,0,0.2258064516129032,image,0,0,0,1,0,1,1,0,0,0,2,7.84658224684116,3.487124768134792,0.4008111355898257,0.0184758662126977,256,6,0,1,0,0,0,1,1,2,0,0,0,0.5485513051605582,0
1,met_124281_primary_000__marker_pdf_001__001.640f2f10..jpg..pdf,data/raw/image_anomaly/anomalous/mitra/files/jpg/met_124281_primary_000/ee01c49af9933e31a164/met_124281_primary_000__marker_pdf_001__001.640f2f10..jpg..pdf,28929,62,2,1,0,0,0.2258064516129032,document,0,0,0,0,0,1,0,1,0,0,1,7.47785990426909,5.250824256483538,0.4735040962356113,0.0306612741539631,256,6,0,1,0,0,0,1,1,0,0,0,0,0.0,0
1,met_124281_primary_000__marker_pdf_002__001.0c59d886..jpg..pdf,data/raw/image_anomaly/anomalous/mitra/files/jpg/met_124281_primary_000/f1ad59cc79512452e825/met_124281_primary_000__marker_pdf_002__001.0c59d886..jpg..pdf,30720,62,2,1,0,0,0.2258064516129032,document,0,0,0,0,0,1,0,1,0,0,1,7.4794906053247106,5.072845754531357,0.5029622395833333,0.0288736979166666,256,6,0,1,0,0,0,1,1,0,0,0,0,0.0,0
1,met_13726_primary_000__marker_zip_001__001.8d92ed8a..jpg..zip,data/raw/image_anomaly/anomalous/mitra/files/jpg/met_13726_primary_000/0ed296a7f4f610325132/met_13726_primary_000__marker_zip_001__001.8d92ed8a..jpg..zip,94582,61,2,1,0,0,0.2295081967213114,archive,0,0,0,1,0,1,0,1,0,0,3,7.843430548994631,3.4708457972246545,0.3898310460764204,0.0246769998519802,256,6,0,1,0,0,0,1,1,0,0,0,0,0.0,0
1,met_13726_primary_000__marker_zip_001__002.90fb749f..zip..jpg,data/raw/image_anomaly/anomalous/mitra/files/jpg/met_13726_primary_000/0ed296a7f4f610325132/met_13726_primary_000__marker_zip_001__002.90fb749f..zip..jpg,94578,61,2,1,0,0,0.2295081967213114,image,0,0,0,1,0,1,1,0,0,0,3,7.8434061491193745,3.4648626113540826,0.3898369599695489,0.0246780435196345,256,6,0,1,0,0,0,1,1,2,0,0,0,0.0227008395187041,0
1,met_13726_primary_000__marker_zip_002__001.c65efd08..jpg..zip,data/raw/image_anomaly/anomalous/mitra/files/jpg/met_13726_primary_000/6fce15fe690935255e09/met_13726_primary_000__marker_zip_002__001.c65efd08..jpg..zip,127068,61,2,1,0,0,0.2295081967213114,archive,0,0,0,1,0,1,0,1,0,0,3,7.905566205860292,7.988340858219542,0.3856281675953033,0.0194069317215978,256,6,0,1,0,0,0,1,1,0,0,0,0,0.0,0
1,met_13726_primary_000__marker_zip_002__002.aa7a304b..zip..jpg,data/raw/image_anomaly/anomalous/mitra/files/jpg/met_13726_primary_000/6fce15fe690935255e09/met_13726_primary_000__marker_zip_002__002.aa7a304b..zip..jpg,127064,61,2,1,0,0,0.2295081967213114,image,0,0,0,1,0,1,1,0,0,0,3,7.90555596002269,3.4648626113540826,0.3856324371970031,0.0194075426556695,256,6,0,1,0,0,0,1,1,2,0,0,0,0.2586649247623245,0
1,met_13726_primary_000__marker_pdf_002__001.01b10ffc..jpg..pdf,data/raw/image_anomaly/anomalous/mitra/files/jpg/met_13726_primary_000/d2d390d59797d8b340ef/met_13726_primary_000__marker_pdf_002__001.01b10ffc..jpg..pdf,97868,61,2,1,0,0,0.2295081967213114,document,0,0,0,0,0,1,0,1,0,0,2,7.838958690464629,5.072845754531357,0.4131687579188294,0.0229492786201822,256,6,0,1,0,0,0,1,1,0,0,0,0,0.0,0
1,met_13726_primary_000__marker_pdf_001__001.3821d6a4..jpg..pdf,data/raw/image_anomaly/anomalous/mitra/files/jpg/met_13726_primary_000/ef326f04708a4fd02103/met_13726_primary_000__marker_pdf_001__001.3821d6a4..jpg..pdf,96077,61,2,1,0,0,0.2295081967213114,document,0,0,0,0,0,1,0,1,0,0,2,7.840887455382274,5.250824256483538,0.4026249778823235,0.0233770829647053,256,6,0,1,0,0,0,1,1,0,0,0,0,0.0,0
1,met_13997_primary_000__marker_pdf_002__001.64ccec89..jpg..pdf,data/raw/image_anomaly/anomalous/mitra/files/jpg/met_13997_primary_000/1d2cc37247387bc04d51/met_13997_primary_000__marker_pdf_002__001.64ccec89..jpg..pdf,549071,61,2,1,0,0,0.2295081967213114,document,0,0,0,0,0,1,0,1,0,0,15,7.964668707952672,5.072845754531357,0.3795410793868188,0.0095543199331234,256,0,0,0,0,0,0,0,0,0,0,0,0,0.0,0
1,met_13997_primary_000__marker_zip_002__001.a1679936..jpg..zip,data/raw/image_anomaly/anomalous/mitra/files/jpg/met_13997_primary_000/3b99a956ac750b9831ad/met_13997_primary_000__marker_zip_002__001.a1679936..jpg..zip,578271,61,2,1,0,0,0.2295081967213114,archive,0,0,0,1,0,1,0,1,0,0,16,7.968527223736546,7.988340858219542,0.3751874121302987,0.0094523156098092,256,0,0,0,0,0,0,0,0,0,0,0,0,0.0,0
1,met_13997_primary_000__marker_zip_002__002.4075e796..zip..jpg,data/raw/image_anomaly/anomalous/mitra/files/jpg/met_13997_primary_000/3b99a956ac750b9831ad/met_13997_primary_000__marker_zip_002__002.4075e796..zip..jpg,578267,61,2,1,0,0,0.2295081967213114,image,0,0,0,1,0,1,1,0,0,0,16,7.9685249781988094,7.369471982405399,0.3751882780791572,0.0094523809935548,256,0,0,0,0,0,0,0,0,2,0,0,0,0.0568370666145569,0
1,met_13997_primary_000__marker_pdf_001__001.d6dbd172..jpg..pdf,data/raw/image_anomaly/anomalous/mitra/files/jpg/met_13997_primary_000/8ce362a7a7160e666488/met_13997_primary_000__marker_pdf_001__001.d6dbd172..jpg..pdf,547280,61,2,1,0,0,0.2295081967213114,document,0,0,0,0,0,1,0,1,0,0,15,7.9647704647136175,5.250824256483538,0.377580032159041,0.0095855869024996,256,0,0,0,0,0,0,0,0,0,0,0,0,0.0,0
1,met_13997_primary_000__marker_zip_001__001.9a396998..jpg..zip,data/raw/image_anomaly/anomalous/mitra/files/jpg/met_13997_primary_000/bc118c4587a866e231f1/met_13997_primary_000__marker_zip_001__001.9a396998..jpg..zip,545785,61,2,1,0,0,0.2295081967213114,archive,0,0,0,1,0,1,0,1,0,0,16,7.964740186624504,7.445378587930007,0.37529430086939,0.0097730791428859,256,0,0,0,0,0,0,0,0,0,0,0,0,0.0,0
1,met_13997_primary_000__marker_zip_001__002.95fc7a0e..zip..jpg,data/raw/image_anomaly/anomalous/mitra/files/jpg/met_13997_primary_000/bc118c4587a866e231f1/met_13997_primary_000__marker_zip_001__002.95fc7a0e..zip..jpg,545781,61,2,1,0,0,0.2295081967213114,image,0,0,0,1,0,1,1,0,0,0,16,7.964737012558118,7.369471982405399,0.3752952191446752,0.0097731507692645,256,0,0,0,0,0,0,0,0,2,0,0,0,0.003933812280017,0
1,met_168368_primary_000__marker_zip_001__001.203e8499..jpg..zip,data/raw/image_anomaly/anomalous/mitra/files/jpg/met_168368_primary_000/0a00c474a65a6e6674c7/met_168368_primary_000__marker_zip_001__001.203e8499..jpg..zip,1908217,62,2,1,0,0,0.2258064516129032,archive,0,0,0,1,0,1,0,1,0,0,45,7.967830352043902,5.890134328977569,0.3761217932761316,0.0100910955095777,256,18,0,0,0,0,0,0,0,0,0,0,0,0.0,0
1,met_168368_primary_000__marker_zip_001__002.cbfb6510..zip..jpg,data/raw/image_anomaly/anomalous/mitra/files/jpg/met_168368_primary_000/0a00c474a65a6e6674c7/met_168368_primary_000__marker_zip_001__002.cbfb6510..zip..jpg,1908213,62,2,1,0,0,0.2258064516129032,image,0,0,0,1,0,1,1,0,0,0,45,7.967829783396881,5.223957382371821,0.376122057652893,0.0100911166625528,256,18,0,0,0,0,0,0,0,2,0,0,0,0.0011251364496521,0
1,met_168368_primary_000__marker_zip_002__001.26a9303e..jpg..zip,data/raw/image_anomaly/anomalous/mitra/files/jpg/met_168368_primary_000/3bc61ab2b6eed0fb715e/met_168368_primary_000__marker_zip_002__001.26a9303e..jpg..zip,1940703,62,2,1,0,0,0.2258064516129032,archive,0,0,0,1,0,1,0,1,0,0,45,7.968883049474853,7.988340858219542,0.3760760920140794,0.0099901942749611,256,18,0,0,0,0,0,0,0,0,0,0,0,0.0,0
1,met_168368_primary_000__marker_zip_002__002.1b42da50..zip..jpg,data/raw/image_anomaly/anomalous/mitra/files/jpg/met_168368_primary_000/3bc61ab2b6eed0fb715e/met_168368_primary_000__marker_zip_002__002.1b42da50..zip..jpg,1940699,62,2,1,0,0,0.2258064516129032,image,0,0,0,1,0,1,1,0,0,0,45,7.968882223067395,5.223957382371821,0.3760763518711557,0.0099902148658807,256,18,0,0,0,0,0,0,0,2,0,0,0,0.0169356505053076,0
1,met_168368_primary_000__marker_pdf_001__001.2ad91257..jpg..pdf,data/raw/image_anomaly/anomalous/mitra/files/jpg/met_168368_primary_000/950e3aae078230d87135/met_168368_primary_000__marker_pdf_001__001.2ad91257..jpg..pdf,1909712,62,2,1,0,0,0.2258064516129032,document,0,0,0,0,0,1,0,1,0,0,44,7.9678240491916,5.250824256483538,0.3767761840528834,0.0100371155441239,256,18,0,0,0,0,0,0,0,0,0,0,0,0.0,0
1,met_168368_primary_000__marker_pdf_002__001.e7c586ab..jpg..pdf,data/raw/image_anomaly/anomalous/mitra/files/jpg/met_168368_primary_000/d4ad5e287e1114cbf6d6/met_168368_primary_000__marker_pdf_002__001.e7c586ab..jpg..pdf,1911503,62,2,1,0,0,0.2258064516129032,document,0,0,0,0,0,1,0,1,0,0,44,7.967796471910085,5.072845754531357,0.3773402395915675,0.0100277111780624,256,18,0,0,0,0,0,0,0,0,0,0,0,0.0,0
1,met_1730_primary_000__marker_pdf_002__001.71e26ed2..jpg..pdf,data/raw/image_anomaly/anomalous/mitra/files/jpg/met_1730_primary_000/1bc90650e4f2f4f9bd27/met_1730_primary_000__marker_pdf_002__001.71e26ed2..jpg..pdf,365256,60,2,1,0,0,0.2333333333333333,document,0,0,0,0,0,1,0,1,0,0,4,7.837545165368169,5.072845754531357,0.3832353198852312,0.0264691065992071,256,15,0,0,0,0,0,0,0,0,0,0,0,0.0,0
1,met_1730_primary_000__marker_zip_001__001.b97f3228..jpg..zip,data/raw/image_anomaly/anomalous/mitra/files/jpg/met_1730_primary_000/668422a6c02b0a7a1a7c/met_1730_primary_000__marker_zip_001__001.b97f3228..jpg..zip,361970,60,2,1,0,0,0.2333333333333333,archive,0,0,0,1,0,1,0,1,0,0,5,7.836775229920848,5.631104086934149,0.3768654860900075,0.0269525098765091,256,15,0,0,0,0,0,0,0,0,0,0,0,0.0,0
1,met_1730_primary_000__marker_zip_001__002.b77acbeb..zip..jpg,data/raw/image_anomaly/anomalous/mitra/files/jpg/met_1730_primary_000/668422a6c02b0a7a1a7c/met_1730_primary_000__marker_zip_001__002.b77acbeb..zip..jpg,361966,60,2,1,0,0,0.2333333333333333,image,0,0,0,1,0,1,1,0,0,0,5,7.83677128639673,4.925509018050759,0.3768668880502588,0.0269528077222722,256,15,0,0,0,0,0,0,0,2,0,0,0,0.0059314963283844,0
1,met_1730_primary_000__marker_pdf_001__001.b663ce83..jpg..pdf,data/raw/image_anomaly/anomalous/mitra/files/jpg/met_1730_primary_000/bdcb7ffc45fb3fdf9d95/met_1730_primary_000__marker_pdf_001__001.b663ce83..jpg..pdf,363465,60,2,1,0,0,0.2333333333333333,document,0,0,0,0,0,1,0,1,0,0,4,7.837072798912857,5.250824256483538,0.3803007167127509,0.0265995350308833,256,15,0,0,0,0,0,0,0,0,0,0,0,0.0,0
1,met_1730_primary_000__marker_zip_002__001.4691753b..jpg..zip,data/raw/image_anomaly/anomalous/mitra/files/jpg/met_1730_primary_000/c2cafb2d190805a02014/met_1730_primary_000__marker_zip_002__001.4691753b..jpg..zip,394456,60,2,1,0,0,0.2333333333333333,archive,0,0,0,1,0,1,0,1,0,0,5,7.861171673412832,7.988340858219542,0.3765793903502545,0.0250674346441681,256,15,0,0,0,0,0,0,0,0,0,0,0,0.0,0
1,met_1730_primary_000__marker_zip_002__002.055658a7..zip..jpg,data/raw/image_anomaly/anomalous/mitra/files/jpg/met_1730_primary_000/c2cafb2d190805a02014/met_1730_primary_000__marker_zip_002__002.055658a7..zip..jpg,394452,60,2,1,0,0,0.2333333333333333,image,0,0,0,1,0,1,1,0,0,0,5,7.861167917956289,4.925509018050759,0.376580673947654,0.02506768884427,256,15,0,0,0,0,0,0,0,2,0,0,0,0.0833231926825063,0
1,met_189541_primary_000__marker_pdf_002__001.7383e117..jpg..pdf,data/raw/image_anomaly/anomalous/mitra/files/jpg/met_189541_primary_000/42266f0773692e436cef/met_189541_primary_000__marker_pdf_002__001.7383e117..jpg..pdf,2635501,62,2,1,0,0,0.2258064516129032,document,0,0,0,0,0,1,0,1,0,0,21,7.969425250933988,5.072845754531357,0.3833555745188486,0.0087338232844533,256,18,0,0,0,0,0,0,0,0,0,0,0,0.0,0
1,met_189541_primary_000__marker_zip_001__001.16440381..jpg..zip,data/raw/image_anomaly/anomalous/mitra/files/jpg/met_189541_primary_000/52d4005e43a8f7b7ade3/met_189541_primary_000__marker_zip_001__001.16440381..jpg..zip,2632215,62,2,1,0,0,0.2258064516129032,archive,0,0,0,1,0,1,0,1,0,0,22,7.969480330631527,5.1275121110277215,0.3824797746384699,0.0087781583191342,256,18,0,0,0,0,0,0,0,0,0,0,0,0.0,0
1,met_189541_primary_000__marker_zip_001__002.16c4a518..zip..jpg,data/raw/image_anomaly/anomalous/mitra/files/jpg/met_189541_primary_000/52d4005e43a8f7b7ade3/met_189541_primary_000__marker_zip_001__002.16c4a518..zip..jpg,2632211,62,2,1,0,0,0.2258064516129032,image,0,0,0,1,0,1,1,0,0,0,22,7.969479935922898,5.136173867453954,0.382479975959374,0.008778171658731,256,18,0,0,0,0,0,0,0,2,0,0,0,0.0008156640937979,0
1,met_189541_primary_000__marker_zip_002__001.32168c6b..jpg..zip,data/raw/image_anomaly/anomalous/mitra/files/jpg/met_189541_primary_000/a6b44657fc46021a21f1/met_189541_primary_000__marker_zip_002__001.32168c6b..jpg..zip,2664701,62,2,1,0,0,0.2258064516129032,archive,0,0,0,1,0,1,0,1,0,0,22,7.970210979570556,7.988340858219542,0.3823689787334489,0.0087206782299402,256,18,0,0,0,0,0,0,0,0,0,0,0,0.0,0
1,met_189541_primary_000__marker_zip_002__002.f903a2f0..zip..jpg,data/raw/image_anomaly/anomalous/mitra/files/jpg/met_189541_primary_000/a6b44657fc46021a21f1/met_189541_primary_000__marker_zip_002__002.f903a2f0..zip..jpg,2664697,62,2,1,0,0,0.2258064516129032,image,0,0,0,1,0,1,1,0,0,0,22,7.970210649247556,5.136173867453954,0.3823691774336819,0.0087206913206266,256,18,0,0,0,0,0,0,0,2,0,0,0,0.0123342353746035,0
1,met_189541_primary_000__marker_pdf_001__001.f25c1547..jpg..pdf,data/raw/image_anomaly/anomalous/mitra/files/jpg/met_189541_primary_000/a9e2d37b5ab5c46ebb1d/met_189541_primary_000__marker_pdf_001__001.f25c1547..jpg..pdf,2633710,62,2,1,0,0,0.2258064516129032,document,0,0,0,0,0,1,0,1,0,0,21,7.969459464091765,5.250824256483538,0.3829506665502276,0.0087397625402948,256,18,0,0,0,0,0,0,0,0,0,0,0,0.0,0
1,met_189966_primary_000__marker_pdf_001__001.43e62958..jpg..pdf,data/raw/image_anomaly/anomalous/mitra/files/jpg/met_189966_primary_000/0a0c5f3a15d519f96779/met_189966_primary_000__marker_pdf_001__001.43e62958..jpg..pdf,138807,62,2,1,0,0,0.2258064516129032,document,0,0,0,0,0,1,0,1,0,0,4,7.935678819785349,5.250824256483538,0.3916733305957192,0.0098337980073051,256,6,0,0,0,0,0,0,0,0,0,0,0,0.0,0
1,met_189966_primary_000__marker_pdf_002__001.dd29fda6..jpg..pdf,data/raw/image_anomaly/anomalous/mitra/files/jpg/met_189966_primary_000/4da5b134b331675bea46/met_189966_primary_000__marker_pdf_002__001.dd29fda6..jpg..pdf,140598,62,2,1,0,0,0.2258064516129032,document,0,0,0,0,0,1,0,1,0,0,4,7.933775888194185,5.072845754531357,0.3991521927765686,0.0097085307045619,256,6,0,0,0,0,0,0,0,0,0,0,0,0.0,0
1,met_189966_primary_000__marker_zip_002__001.a4e57752..jpg..zip,data/raw/image_anomaly/anomalous/mitra/files/jpg/met_189966_primary_000/9691b60ab977d6f27f81/met_189966_primary_000__marker_zip_002__001.a4e57752..jpg..zip,169798,62,2,1,0,0,0.2258064516129032,archive,0,0,0,1,0,1,0,1,0,0,5,7.957706246423065,7.988340858219542,0.3809526613976607,0.0093346211380581,256,6,0,0,0,0,0,0,0,0,0,0,0,0.0,0
1,met_189966_primary_000__marker_zip_002__002.34290210..zip..jpg,data/raw/image_anomaly/anomalous/mitra/files/jpg/met_189966_primary_000/9691b60ab977d6f27f81/met_189966_primary_000__marker_zip_002__002.34290210..zip..jpg,169794,62,2,1,0,0,0.2258064516129032,image,0,0,0,1,0,1,1,0,0,0,5,7.957702938146956,3.5947462113874518,0.3809557463750191,0.0093348410426752,256,6,0,0,0,0,0,0,0,2,0,0,0,0.1935698552363452,0
1,met_189966_primary_000__marker_zip_001__001.6e8eb0e5..jpg..zip,data/raw/image_anomaly/anomalous/mitra/files/jpg/met_189966_primary_000/9a83f797ef8f2e421bd7/met_189966_primary_000__marker_zip_001__001.6e8eb0e5..jpg..zip,137312,62,2,1,0,0,0.2258064516129032,archive,0,0,0,1,0,1,0,1,0,0,5,7.938391109960729,3.484284045969332,0.3827414938242834,0.010581740852948,256,6,0,0,0,0,0,0,0,0,0,0,0,0.0,0
1,met_189966_primary_000__marker_zip_001__002.4322f6e5..zip..jpg,data/raw/image_anomaly/anomalous/mitra/files/jpg/met_189966_primary_000/9a83f797ef8f2e421bd7/met_189966_primary_000__marker_zip_001__002.4322f6e5..zip..jpg,137308,62,2,1,0,0,0.2258064516129032,image,0,0,0,1,0,1,1,0,0,0,5,7.938381569933679,3.5947462113874518,0.3827453607947097,0.0105820491158563,256,6,0,0,0,0,0,0,0,2,0,0,0,0.0156363795263203,0
1,met_192653_primary_000__marker_pdf_002__001.4bc77d49..jpg..pdf,data/raw/image_anomaly/anomalous/mitra/files/jpg/met_192653_primary_000/06601bc9ee7cf79aaf2b/met_192653_primary_000__marker_pdf_002__001.4bc77d49..jpg..pdf,1227942,62,2,1,0,0,0.2258064516129032,document,0,0,0,0,0,1,0,1,0,0,37,7.9402227463389154,5.072845754531357,0.3800741403095586,0.0136822423208913,256,13,0,0,0,0,0,0,0,0,0,0,0,0.0,0
1,met_192653_primary_000__marker_zip_002__001.93abfd0b..jpg..zip,data/raw/image_anomaly/anomalous/mitra/files/jpg/met_192653_primary_000/4ee0a6ec8379d6dded5f/met_192653_primary_000__marker_zip_002__001.93abfd0b..jpg..zip,1257142,62,2,1,0,0,0.2258064516129032,archive,0,0,0,1,0,1,0,1,0,0,38,7.943124152172536,7.988340858219542,0.3780591214039464,0.0135394410496188,256,13,0,0,0,0,0,0,0,0,0,0,0,0.0,0
1,met_192653_primary_000__marker_zip_002__002.3c80040d..zip..jpg,data/raw/image_anomaly/anomalous/mitra/files/jpg/met_192653_primary_000/4ee0a6ec8379d6dded5f/met_192653_primary_000__marker_zip_002__002.3c80040d..zip..jpg,1257138,62,2,1,0,0,0.2258064516129032,image,0,0,0,1,0,1,1,0,0,0,38,7.943123485046545,6.40482290034854,0.3780595288663615,0.013539484129825,256,13,0,0,0,0,0,0,0,2,0,0,0,0.0261443055575441,0
1,met_192653_primary_000__marker_zip_001__001.4f652a94..jpg..zip,data/raw/image_anomaly/anomalous/mitra/files/jpg/met_192653_primary_000/c4522bd8df53bcf5c9c0/met_192653_primary_000__marker_zip_001__001.4f652a94..jpg..zip,1224656,62,2,1,0,0,0.2258064516129032,archive,0,0,0,1,0,1,0,1,0,0,38,7.940214751449841,6.237568995442306,0.3781829346363387,0.0137908114605244,256,13,0,0,0,0,0,0,0,0,0,0,0,0.0,0
1,met_192653_primary_000__marker_zip_001__002.fc7dc48b..zip..jpg,data/raw/image_anomaly/anomalous/mitra/files/jpg/met_192653_primary_000/c4522bd8df53bcf5c9c0/met_192653_primary_000__marker_zip_001__002.fc7dc48b..zip..jpg,1224652,62,2,1,0,0,0.2258064516129032,image,0,0,0,1,0,1,1,0,0,0,38,7.94021465393724,6.40482290034854,0.378183353311798,0.0137908565045416,256,13,0,0,0,0,0,0,0,2,0,0,0,0.001753151099251,0
1,met_192653_primary_000__marker_pdf_001__001.c0873cd9..jpg..pdf,data/raw/image_anomaly/anomalous/mitra/files/jpg/met_192653_primary_000/f2f22fd7218aae54667a/met_192653_primary_000__marker_pdf_001__001.c0873cd9..jpg..pdf,1226151,62,2,1,0,0,0.2258064516129032,document,0,0,0,0,0,1,0,1,0,0,37,7.940253199657077,5.250824256483538,0.3791996254947392,0.0137022275396749,256,13,0,0,0,0,0,0,0,0,0,0,0,0.0,0
1,met_195310_primary_000__marker_zip_002__001.6d92ff50..jpg..zip,data/raw/image_anomaly/anomalous/mitra/files/jpg/met_195310_primary_000/22a0c219ad67698eadb6/met_195310_primary_000__marker_zip_002__001.6d92ff50..jpg..zip,105190,62,2,1,0,0,0.2258064516129032,archive,0,0,0,1,0,1,0,1,0,0,2,7.918068032325157,7.988340858219542,0.3877745032797794,0.0111892765472003,256,6,0,0,0,0,0,0,0,0,0,0,0,0.0,0
1,met_195310_primary_000__marker_zip_002__002.dca9604d..zip..jpg,data/raw/image_anomaly/anomalous/mitra/files/jpg/met_195310_primary_000/22a0c219ad67698eadb6/met_195310_primary_000__marker_zip_002__002.dca9604d..zip..jpg,105186,62,2,1,0,0,0.2258064516129032,image,0,0,0,1,0,1,1,0,0,0,2,7.91806094394594,3.5729826515788763,0.3877797425512901,0.0111897020516038,256,6,0,0,0,0,0,0,0,2,0,0,0,0.312465537238796,0
1,met_195310_primary_000__marker_pdf_001__001.5d45d731..jpg..pdf,data/raw/image_anomaly/anomalous/mitra/files/jpg/met_195310_primary_000/412949298409d79ed329/met_195310_primary_000__marker_pdf_001__001.5d45d731..jpg..pdf,74199,62,2,1,0,0,0.2258064516129032,document,0,0,0,0,0,1,0,1,0,0,1,7.841422027258488,5.250824256483538,0.4106793892100971,0.0128977479480855,256,6,0,0,0,0,0,0,0,0,0,0,0,0.0,0
1,met_195310_primary_000__marker_zip_001__001.13c88cba..jpg..zip,data/raw/image_anomaly/anomalous/mitra/files/jpg/met_195310_primary_000/b8c1a958784774431ee1/met_195310_primary_000__marker_zip_001__001.13c88cba..jpg..zip,72704,62,2,1,0,0,0.2258064516129032,archive,0,0,0,1,0,1,0,1,0,0,2,7.846670658693093,3.516034102990825,0.3942011443661972,0.0143733494718309,256,6,0,0,0,0,0,0,0,0,0,0,0,0.0,0
1,met_195310_primary_000__marker_zip_001__002.2fb894eb..zip..jpg,data/raw/image_anomaly/anomalous/mitra/files/jpg/met_195310_primary_000/b8c1a958784774431ee1/met_195310_primary_000__marker_zip_001__002.2fb894eb..zip..jpg,72700,62,2,1,0,0,0.2258064516129032,image,0,0,0,1,0,1,1,0,0,0,2,7.846633804270215,3.5729826515788763,0.3942090784044016,0.0143741403026134,256,6,0,0,0,0,0,0,0,2,0,0,0,0.0295323246217331,0
1,met_195310_primary_000__marker_pdf_002__001.626eff12..jpg..pdf,data/raw/image_anomaly/anomalous/mitra/files/jpg/met_195310_primary_000/b8dced4cf06bf6eed2de/met_195310_primary_000__marker_pdf_002__001.626eff12..jpg..pdf,75990,62,2,1,0,0,0.2258064516129032,document,0,0,0,0,0,1,0,1,0,0,1,7.838148944076718,5.072845754531357,0.424068956441637,0.0125937623371496,256,6,0,0,0,0,0,0,0,0,0,0,0,0.0,0
1,met_197647_primary_000__marker_pdf_002__001.8330fd1c..jpg..pdf,data/raw/image_anomaly/anomalous/mitra/files/jpg/met_197647_primary_000/20245b5940723ef09cb6/met_197647_primary_000__marker_pdf_002__001.8330fd1c..jpg..pdf,37827,62,2,1,0,0,0.2258064516129032,document,0,0,0,0,0,1,0,1,0,0,2,7.605963428490915,5.072845754531357,0.4814021730509953,0.0134295608956565,256,6,0,0,0,0,0,0,0,0,0,0,0,0.0,0
1,met_197647_primary_000__marker_zip_001__001.b7e7674c..jpg..zip,data/raw/image_anomaly/anomalous/mitra/files/jpg/met_197647_primary_000/72e77ae33ce6d2692b9e/met_197647_primary_000__marker_zip_001__001.b7e7674c..jpg..zip,34541,62,2,1,0,0,0.2258064516129032,archive,0,0,0,1,0,1,0,1,0,0,3,7.61968007448461,3.5330359640040885,0.4239888827769896,0.0172548565472916,256,6,0,0,0,0,0,0,0,2,0,0,0,0.062158015112475,0
1,met_197647_primary_000__marker_zip_001__002.c5db96f1..zip..jpg,data/raw/image_anomaly/anomalous/mitra/files/jpg/met_197647_primary_000/72e77ae33ce6d2692b9e/met_197647_primary_000__marker_zip_001__002.c5db96f1..zip..jpg,34537,62,2,1,0,0,0.2258064516129032,image,0,0,0,1,0,1,1,0,0,0,3,7.619540932058554,3.614169305923872,0.4240090337898485,0.0172568549671366,256,6,0,0,0,0,0,0,0,2,0,0,0,0.062165214118192,0
1,met_197647_primary_000__marker_pdf_001__001.3fc3ed1d..jpg..pdf,data/raw/image_anomaly/anomalous/mitra/files/jpg/met_197647_primary_000/bf84cb470212d9635165/met_197647_primary_000__marker_pdf_001__001.3fc3ed1d..jpg..pdf,36036,62,2,1,0,0,0.2258064516129032,document,0,0,0,0,0,1,0,1,0,0,2,7.607967958607591,5.250824256483538,0.4566822066822066,0.014097014097014,256,6,0,0,0,0,0,0,0,0,0,0,0,0.0,0
1,met_197647_primary_000__marker_zip_002__001.79979ab0..jpg..zip,data/raw/image_anomaly/anomalous/mitra/files/jpg/met_197647_primary_000/f041d13acbf0c537bda9/met_197647_primary_000__marker_zip_002__001.79979ab0..jpg..zip,67027,62,2,1,0,0,0.2258064516129032,archive,0,0,0,1,0,1,0,1,0,0,3,7.870347085581424,7.988340858219542,0.399465886881406,0.0108612947021349,256,6,0,0,0,0,0,0,0,2,0,0,0,0.4903546332075134,0
1,met_197647_primary_000__marker_zip_002__002.5b4aeede..zip..jpg,data/raw/image_anomaly/anomalous/mitra/files/jpg/met_197647_primary_000/f041d13acbf0c537bda9/met_197647_primary_000__marker_zip_002__002.5b4aeede..zip..jpg,67023,62,2,1,0,0,0.2258064516129032,image,0,0,0,1,0,1,1,0,0,0,3,7.870331682050842,3.614169305923872,0.3994748071557525,0.0108619429151186,256,6,0,0,0,0,0,0,0,2,0,0,0,0.4903838980648434,0
1,met_199017_primary_000__marker_zip_002__001.a82e4853..jpg..zip,data/raw/image_anomaly/anomalous/mitra/files/jpg/met_199017_primary_000/06a01d9678cb76451fa0/met_199017_primary_000__marker_zip_002__001.a82e4853..jpg..zip,599312,62,2,1,0,0,0.2258064516129032,archive,0,0,0,1,0,1,0,1,0,0,11,7.91978503388718,7.988340858219542,0.3723469578449956,0.0182809621699548,256,15,0,0,0,0,0,0,0,0,0,0,0,0.0,0
1,met_199017_primary_000__marker_zip_002__002.84c3b448..zip..jpg,data/raw/image_anomaly/anomalous/mitra/files/jpg/met_199017_primary_000/06a01d9678cb76451fa0/met_199017_primary_000__marker_zip_002__002.84c3b448..zip..jpg,599308,62,2,1,0,0,0.2258064516129032,image,0,0,0,1,0,1,1,0,0,0,11,7.919781942386817,4.916973113799022,0.3723477744331796,0.0182810841837586,256,15,0,0,0,0,0,0,0,2,0,0,0,0.0548415839601673,0
1,met_199017_primary_000__marker_zip_001__001.cafce1db..jpg..zip,data/raw/image_anomaly/anomalous/mitra/files/jpg/met_199017_primary_000/a92a451bfb94afb88d3c/met_199017_primary_000__marker_zip_001__001.cafce1db..jpg..zip,566826,62,2,1,0,0,0.2258064516129032,archive,0,0,0,1,0,1,0,1,0,0,11,7.910904990059397,5.626223439368938,0.3722870863369005,0.0190958071789226,256,15,0,0,0,0,0,0,0,0,0,0,0,0.0,0
1,met_199017_primary_000__marker_zip_001__002.1e657dff..zip..jpg,data/raw/image_anomaly/anomalous/mitra/files/jpg/met_199017_primary_000/a92a451bfb94afb88d3c/met_199017_primary_000__marker_zip_001__002.1e657dff..zip..jpg,566822,62,2,1,0,0,0.2258064516129032,image,0,0,0,1,0,1,1,0,0,0,11,7.910901526449593,4.916973113799022,0.3722879493033086,0.0190959419359163,256,15,0,0,0,0,0,0,0,2,0,0,0,0.0037877852306367,0
1,met_199017_primary_000__marker_pdf_001__001.e4aa9f40..jpg..pdf,data/raw/image_anomaly/anomalous/mitra/files/jpg/met_199017_primary_000/b2cc3e2407319bbc0442/met_199017_primary_000__marker_pdf_001__001.e4aa9f40..jpg..pdf,568321,62,2,1,0,0,0.2258064516129032,document,0,0,0,0,0,1,0,1,0,0,10,7.911003729384625,5.250824256483538,0.3744961034345027,0.0188907325261603,256,15,0,0,0,0,0,0,0,0,0,0,0,0.0,0
1,met_199017_primary_000__marker_pdf_002__001.64ceb85a..jpg..pdf,data/raw/image_anomaly/anomalous/mitra/files/jpg/met_199017_primary_000/e5a8f69316678a35ad3b/met_199017_primary_000__marker_pdf_002__001.64ceb85a..jpg..pdf,570112,62,2,1,0,0,0.2258064516129032,document,0,0,0,0,0,1,0,1,0,0,10,7.911101232321991,5.072845754531357,0.3763944628423888,0.0188313875168387,256,15,0,0,0,0,0,0,0,0,0,0,0,0.0,0
1,met_202688_additional_001__marker_zip_002__001.440acd46..jpg..zip,data/raw/image_anomaly/anomalous/mitra/files/jpg/met_202688_additional_001/3c715c63cb56a091a4a7/met_202688_additional_001__marker_zip_002__001.440acd46..jpg..zip,1695317,65,2,1,0,0,0.2153846153846154,archive,0,0,0,1,0,1,0,1,0,0,44,7.946753612675331,7.988340858219542,0.3766587605739811,0.0114444673179116,256,13,0,0,0,0,0,0,0,0,0,0,0,0.0,0
1,met_202688_additional_001__marker_zip_002__002.23e8d1e0..zip..jpg,data/raw/image_anomaly/anomalous/mitra/files/jpg/met_202688_additional_001/3c715c63cb56a091a4a7/met_202688_additional_001__marker_zip_002__002.23e8d1e0..zip..jpg,1695313,65,2,1,0,0,0.2153846153846154,image,0,0,0,1,0,1,1,0,0,0,44,7.946753650050184,6.420405085045108,0.3766590594185262,0.0114444943205178,256,13,0,0,0,0,0,0,0,2,0,0,0,0.019386980457296,0
1,met_202688_additional_001__marker_pdf_001__001.d19648e2..jpg..pdf,data/raw/image_anomaly/anomalous/mitra/files/jpg/met_202688_additional_001/9cf41b11117caf514bfc/met_202688_additional_001__marker_pdf_001__001.d19648e2..jpg..pdf,1664326,65,2,1,0,0,0.2153846153846154,document,0,0,0,0,0,1,0,1,0,0,43,7.944725944291177,5.250824256483538,0.3774729229730233,0.0115253862524529,256,13,0,0,0,0,0,0,0,0,0,0,0,0.0,0
1,met_202688_additional_001__marker_pdf_002__001.7167902d..jpg..pdf,data/raw/image_anomaly/anomalous/mitra/files/jpg/met_202688_additional_001/a0c3dcd40a9403160b2e/met_202688_additional_001__marker_pdf_002__001.7167902d..jpg..pdf,1666117,65,2,1,0,0,0.2153846153846154,document,0,0,0,0,0,1,0,1,0,0,43,7.944700523033951,5.072845754531357,0.3781193037463755,0.0115129969864061,256,13,0,0,0,0,0,0,0,0,0,0,0,0.0,0
1,met_202688_additional_001__marker_zip_001__001.1d2771bd..jpg..zip,data/raw/image_anomaly/anomalous/mitra/files/jpg/met_202688_additional_001/e46b873ff09c5a3a316f/met_202688_additional_001__marker_zip_001__001.1d2771bd..jpg..zip,1662831,65,2,1,0,0,0.2153846153846154,archive,0,0,0,1,0,1,0,1,0,0,44,7.944771641451782,6.260824622611604,0.3767225893671696,0.0115886701655189,256,13,0,0,0,0,0,0,0,0,0,0,0,0.0,0
1,met_202688_additional_001__marker_zip_001__002.95190f86..zip..jpg,data/raw/image_anomaly/anomalous/mitra/files/jpg/met_202688_additional_001/e46b873ff09c5a3a316f/met_202688_additional_001__marker_zip_001__002.95190f86..zip..jpg,1662827,65,2,1,0,0,0.2153846153846154,image,0,0,0,1,0,1,1,0,0,0,44,7.944771223871507,6.420405085045108,0.3767228942036664,0.0115886980425504,256,13,0,0,0,0,0,0,0,2,0,0,0,0.001291174608062,0
1,met_202688_primary_000__marker_zip_002__001.ac31567f..jpg..zip,data/raw/image_anomaly/anomalous/mitra/files/jpg/met_202688_primary_000/6511232c40ab882164e1/met_202688_primary_000__marker_zip_002__001.ac31567f..jpg..zip,3880166,62,2,1,0,0,0.2258064516129032,archive,0,0,0,1,0,1,0,1,0,0,77,7.982802810731141,7.988340858219542,0.3757908811117875,0.0096756169710264,256,13,0,0,0,0,0,0,0,0,0,0,0,0.0,0
1,met_202688_primary_000__marker_zip_002__002.11a3bace..zip..jpg,data/raw/image_anomaly/anomalous/mitra/files/jpg/met_202688_primary_000/6511232c40ab882164e1/met_202688_primary_000__marker_zip_002__002.11a3bace..zip..jpg,3880162,62,2,1,0,0,0.2258064516129032,image,0,0,0,1,0,1,1,0,0,0,77,7.982802586363024,6.444811999621993,0.3757910107876939,0.0096756269454728,256,13,0,0,0,0,0,0,0,2,0,0,0,0.008470522622509,0
1,met_202688_primary_000__marker_zip_001__001.dbb80c34..jpg..zip,data/raw/image_anomaly/anomalous/mitra/files/jpg/met_202688_primary_000/8b934358848d38292c58/met_202688_primary_000__marker_zip_001__001.dbb80c34..jpg..zip,3847680,62,2,1,0,0,0.2258064516129032,archive,0,0,0,1,0,1,0,1,0,0,77,7.982524970773114,6.269549275991349,0.3758111381403859,0.0097230019128409,256,13,0,0,0,0,0,0,0,0,0,0,0,0.0,0
1,met_202688_primary_000__marker_zip_001__002.d88beca7..zip..jpg,data/raw/image_anomaly/anomalous/mitra/files/jpg/met_202688_primary_000/8b934358848d38292c58/met_202688_primary_000__marker_zip_001__002.d88beca7..zip..jpg,3847676,62,2,1,0,0,0.2258064516129032,image,0,0,0,1,0,1,1,0,0,0,77,7.98252482512346,6.444811999621993,0.3758112689322074,0.0097230120207626,256,13,0,0,0,0,0,0,0,2,0,0,0,0.0005579991662499,0
1,met_202688_primary_000__marker_pdf_001__001.56fac55f..jpg..pdf,data/raw/image_anomaly/anomalous/mitra/files/jpg/met_202688_primary_000/9774f4bbe04a174bbd85/met_202688_primary_000__marker_pdf_001__001.56fac55f..jpg..pdf,3849175,62,2,1,0,0,0.2258064516129032,document,0,0,0,0,0,1,0,1,0,0,76,7.9825692996330355,5.250824256483538,0.3761359252307312,0.0096963635064656,256,13,0,0,0,0,0,0,0,0,0,0,0,0.0,0
1,met_202688_primary_000__marker_pdf_002__001.a0bdf156..jpg..pdf,data/raw/image_anomaly/anomalous/mitra/files/jpg/met_202688_primary_000/c9f7e4bf3cfe7afef379/met_202688_primary_000__marker_pdf_002__001.a0bdf156..jpg..pdf,3850966,62,2,1,0,0,0.2258064516129032,document,0,0,0,0,0,1,0,1,0,0,76,7.98257496847528,5.072845754531357,0.3764162031033252,0.0096918539400243,256,13,0,0,0,0,0,0,0,0,0,0,0,0.0,0
1,met_207647_primary_000__marker_zip_002__001.a7ff8e22..jpg..zip,data/raw/image_anomaly/anomalous/mitra/files/jpg/met_207647_primary_000/2e9ad151e84ca2666e6c/met_207647_primary_000__marker_zip_002__001.a7ff8e22..jpg..zip,487244,62,2,1,0,0,0.2258064516129032,archive,0,0,0,1,0,1,0,1,0,0,6,7.95438900509229,7.988340858219542,0.3741369827027115,0.0150191690405628,256,15,0,0,0,0,0,0,0,0,0,0,0,0.0,0
1,met_207647_primary_000__marker_zip_002__002.e9926d17..zip..jpg,data/raw/image_anomaly/anomalous/mitra/files/jpg/met_207647_primary_000/2e9ad151e84ca2666e6c/met_207647_primary_000__marker_zip_002__002.e9926d17..zip..jpg,487240,62,2,1,0,0,0.2258064516129032,image,0,0,0,1,0,1,1,0,0,0,6,7.954387067267742,4.9245163042581686,0.3741380018060914,0.0150192923405303,256,15,0,0,0,0,0,0,0,2,0,0,0,0.067455463426648,0
1,met_207647_primary_000__marker_pdf_001__001.4de70132..jpg..pdf,data/raw/image_anomaly/anomalous/mitra/files/jpg/met_207647_primary_000/64f62f6b0f611ff9d996/met_207647_primary_000__marker_pdf_001__001.4de70132..jpg..pdf,456253,62,2,1,0,0,0.2258064516129032,document,0,0,0,0,0,1,0,1,0,0,5,7.9479420944446435,5.250824256483538,0.3769356037110989,0.015557157980331,256,15,0,0,0,0,0,0,0,0,0,0,0,0.0,0
1,met_207647_primary_000__marker_zip_001__001.56a6f9c3..jpg..zip,data/raw/image_anomaly/anomalous/mitra/files/jpg/met_207647_primary_000/ba7319dc5e810dc07aba/met_207647_primary_000__marker_zip_001__001.56a6f9c3..jpg..zip,454758,62,2,1,0,0,0.2258064516129032,archive,0,0,0,1,0,1,0,1,0,0,6,7.94807978914957,5.631243991941908,0.3741902286490837,0.0158018110731422,256,15,0,0,0,0,0,0,0,0,0,0,0,0.0,0
1,met_207647_primary_000__marker_zip_001__002.1b082452..zip..jpg,data/raw/image_anomaly/anomalous/mitra/files/jpg/met_207647_primary_000/ba7319dc5e810dc07aba/met_207647_primary_000__marker_zip_001__002.1b082452..zip..jpg,454754,62,2,1,0,0,0.2258064516129032,image,0,0,0,1,0,1,1,0,0,0,6,7.9480781766901885,4.9245163042581686,0.3741913210219151,0.01580195006531,256,15,0,0,0,0,0,0,0,2,0,0,0,0.0047212338978876,0
1,met_207647_primary_000__marker_pdf_002__001.cf0cfb73..jpg..pdf,data/raw/image_anomaly/anomalous/mitra/files/jpg/met_207647_primary_000/d16f013d0659ecd10aaa/met_207647_primary_000__marker_pdf_002__001.cf0cfb73..jpg..pdf,458044,62,2,1,0,0,0.2258064516129032,document,0,0,0,0,0,1,0,1,0,0,5,7.94779479955849,5.072845754531357,0.3792888892770127,0.0154963278636986,256,15,0,0,0,0,0,0,0,0,0,0,0,0.0,0
1,met_209214_primary_000__marker_zip_001__001.8e2eff0b..jpg..zip,data/raw/image_anomaly/anomalous/mitra/files/jpg/met_209214_primary_000/2d5977d274574925349a/met_209214_primary_000__marker_zip_001__001.8e2eff0b..jpg..zip,362095,62,2,1,0,0,0.2258064516129032,archive,0,0,0,1,0,1,0,1,0,0,3,7.928853949226279,4.336430640813249,0.3743906985735787,0.0176500642096687,256,9,0,0,0,0,0,0,0,0,0,0,0,0.0,0
1,met_209214_primary_000__marker_zip_001__002.6986cd95..zip..jpg,data/raw/image_anomaly/anomalous/mitra/files/jpg/met_209214_primary_000/2d5977d274574925349a/met_209214_primary_000__marker_zip_001__002.6986cd95..zip..jpg,362091,62,2,1,0,0,0.2258064516129032,image,0,0,0,1,0,1,1,0,0,0,3,7.928846498305726,3.035060467058316,0.3743920727110036,0.0176502591889884,256,9,0,0,0,0,0,0,0,2,0,0,0,0.0059294486745044,0
1,met_209214_primary_000__marker_pdf_002__001.b48f9370..jpg..pdf,data/raw/image_anomaly/anomalous/mitra/files/jpg/met_209214_primary_000/2eda22d444178d7b4e64/met_209214_primary_000__marker_pdf_002__001.b48f9370..jpg..pdf,365381,62,2,1,0,0,0.2258064516129032,document,0,0,0,0,0,1,0,1,0,0,2,7.928904156095935,5.072845754531357,0.380780609829192,0.0172504864784977,256,9,0,0,0,0,0,0,0,0,0,0,0,0.0,0
1,met_209214_primary_000__marker_zip_002__001.a85b80e9..jpg..zip,data/raw/image_anomaly/anomalous/mitra/files/jpg/met_209214_primary_000/34321abcabb2d9298960/met_209214_primary_000__marker_zip_002__001.a85b80e9..jpg..zip,394581,62,2,1,0,0,0.2258064516129032,archive,0,0,0,1,0,1,0,1,0,0,3,7.939312955828844,7.988340858219542,0.3743084436402158,0.016531459953723,256,9,0,0,0,0,0,0,0,0,0,0,0,0.0,0
1,met_209214_primary_000__marker_zip_002__002.aef39768..zip..jpg,data/raw/image_anomaly/anomalous/mitra/files/jpg/met_209214_primary_000/34321abcabb2d9298960/met_209214_primary_000__marker_zip_002__002.aef39768..zip..jpg,394577,62,2,1,0,0,0.2258064516129032,image,0,0,0,1,0,1,1,0,0,0,3,7.939307206902042,3.035060467058316,0.3743097038093959,0.0165316275403786,256,9,0,0,0,0,0,0,0,2,0,0,0,0.0832967963160549,0
1,met_209214_primary_000__marker_pdf_001__001.5ce424fb..jpg..pdf,data/raw/image_anomaly/anomalous/mitra/files/jpg/met_209214_primary_000/ef206b5c9fed66bb470d/met_209214_primary_000__marker_pdf_001__001.5ce424fb..jpg..pdf,363590,62,2,1,0,0,0.2258064516129032,document,0,0,0,0,0,1,0,1,0,0,2,7.928959893494566,5.250824256483538,0.377834923952804,0.0173354602711845,256,9,0,0,0,0,0,0,0,0,0,0,0,0.0,0
1,met_212718_primary_000__marker_pdf_001__001.00d81fa3..jpg..pdf,data/raw/image_anomaly/anomalous/mitra/files/jpg/met_212718_primary_000/2e8bfcd5fd8585154dd2/met_212718_primary_000__marker_pdf_001__001.00d81fa3..jpg..pdf,3697243,62,2,1,0,0,0.2258064516129032,document,0,0,0,0,0,1,0,1,0,0,26,7.953427155952717,5.250824256483538,0.3573286905945863,0.0166618748077959,256,17,0,0,0,0,0,0,0,0,0,0,0,0.0,0
1,met_212718_primary_000__marker_zip_002__001.12606f3b..jpg..zip,data/raw/image_anomaly/anomalous/mitra/files/jpg/met_212718_primary_000/95b47290e3dee46a568a/met_212718_primary_000__marker_zip_002__001.12606f3b..jpg..zip,3728234,62,2,1,0,0,0.2258064516129032,archive,0,0,0,1,0,1,0,1,0,0,27,7.9540863598507805,7.988340858219542,0.3571259207442451,0.0165823818998485,256,17,0,0,0,0,0,0,0,0,0,0,0,0.0,0
1,met_212718_primary_000__marker_zip_002__002.27423e10..zip..jpg,data/raw/image_anomaly/anomalous/mitra/files/jpg/met_212718_primary_000/95b47290e3dee46a568a/met_212718_primary_000__marker_zip_002__002.27423e10..zip..jpg,3728230,62,2,1,0,0,0.2258064516129032,image,0,0,0,1,0,1,1,0,0,0,27,7.954086501153412,4.96327564066117,0.3571260356791292,0.0165823996910061,256,17,0,0,0,0,0,0,0,2,0,0,0,0.0088157114770279,0
1,met_212718_primary_000__marker_pdf_002__001.f0706e74..jpg..pdf,data/raw/image_anomaly/anomalous/mitra/files/jpg/met_212718_primary_000/d7aa8f4cc38fdf26c620/met_212718_primary_000__marker_pdf_002__001.f0706e74..jpg..pdf,3699034,62,2,1,0,0,0.2258064516129032,document,0,0,0,0,0,1,0,1,0,0,26,7.953484594945082,5.072845754531357,0.3576295865352954,0.0166538074535135,256,17,0,0,0,0,0,0,0,0,0,0,0,0.0,0
1,met_212718_primary_000__marker_zip_001__001.3c25491c..jpg..zip,data/raw/image_anomaly/anomalous/mitra/files/jpg/met_212718_primary_000/eab48894912aaa63fe54/met_212718_primary_000__marker_zip_001__001.3c25491c..jpg..zip,3695748,62,2,1,0,0,0.2258064516129032,archive,0,0,0,1,0,1,0,1,0,0,27,7.953330806611682,5.661897538907264,0.3569829436422613,0.0166924259987423,256,17,0,0,0,0,0,0,0,0,0,0,0,0.0,0
1,met_212718_primary_000__marker_zip_001__002.1d62e7a7..zip..jpg,data/raw/image_anomaly/anomalous/mitra/files/jpg/met_212718_primary_000/eab48894912aaa63fe54/met_212718_primary_000__marker_zip_001__002.1d62e7a7..zip..jpg,3695744,62,2,1,0,0,0.2258064516129032,image,0,0,0,1,0,1,1,0,0,0,27,7.953331038342372,4.96327564066117,0.356983059432688,0.0166924440653898,256,17,0,0,0,0,0,0,0,2,0,0,0,0.0005809385065632,0
1,met_215496_primary_000__marker_zip_002__001.481d56af..jpg..zip,data/raw/image_anomaly/anomalous/mitra/files/jpg/met_215496_primary_000/48a6337014c81e48dcb5/met_215496_primary_000__marker_zip_002__001.481d56af..jpg..zip,500461,62,2,1,0,0,0.2258064516129032,archive,0,0,0,1,0,1,0,1,0,0,6,7.969661673248216,7.988340858219542,0.3657048201558163,0.0087998865046427,256,11,0,0,0,0,0,0,0,0,0,0,0,0.0,0
1,met_215496_primary_000__marker_zip_002__002.5723652f..zip..jpg,data/raw/image_anomaly/anomalous/mitra/files/jpg/met_215496_primary_000/48a6337014c81e48dcb5/met_215496_primary_000__marker_zip_002__002.5723652f..zip..jpg,500457,62,2,1,0,0,0.2258064516129032,image,0,0,0,1,0,1,1,0,0,0,6,7.969660781343371,3.0819346400335745,0.3657057449491165,0.0087999568394487,256,11,0,0,0,0,0,0,0,2,0,0,0,0.0656739739877751,0
1,met_215496_primary_000__marker_pdf_002__001.29b228fe..jpg..pdf,data/raw/image_anomaly/anomalous/mitra/files/jpg/met_215496_primary_000/7bed0ab5c5fafafe9bea/met_215496_primary_000__marker_pdf_002__001.29b228fe..jpg..pdf,471261,62,2,1,0,0,0.2258064516129032,document,0,0,0,0,0,1,0,1,0,0,5,7.965667597220838,5.072845754531357,0.370189767453704,0.0088783073498549,256,11,0,0,0,0,0,0,0,0,0,0,0,0.0,0
1,met_215496_primary_000__marker_pdf_001__001.f9245fe0..jpg..pdf,data/raw/image_anomaly/anomalous/mitra/files/jpg/met_215496_primary_000/8932275ccf24e5af2346/met_215496_primary_000__marker_pdf_001__001.f9245fe0..jpg..pdf,469470,62,2,1,0,0,0.2258064516129032,document,0,0,0,0,0,1,0,1,0,0,5,7.965604383270281,5.250824256483538,0.367868021385818,0.0089121775619315,256,11,0,0,0,0,0,0,0,0,0,0,0,0.0,0
1,met_215496_primary_000__marker_zip_001__001.62d1e9c2..jpg..zip,data/raw/image_anomaly/anomalous/mitra/files/jpg/met_215496_primary_000/f28e7461943f1fc53b87/met_215496_primary_000__marker_zip_001__001.62d1e9c2..jpg..zip,467975,62,2,1,0,0,0.2258064516129032,archive,0,0,0,1,0,1,0,1,0,0,6,7.965387215687047,4.333169707008311,0.3651712164111331,0.0091286927720497,256,11,0,0,0,0,0,0,0,0,0,0,0,0.0,0
1,met_215496_primary_000__marker_zip_001__002.34039634..zip..jpg,data/raw/image_anomaly/anomalous/mitra/files/jpg/met_215496_primary_000/f28e7461943f1fc53b87/met_215496_primary_000__marker_zip_001__002.34039634..zip..jpg,467971,62,2,1,0,0,0.2258064516129032,image,0,0,0,1,0,1,1,0,0,0,6,7.965386805850364,3.0819346400335745,0.3651722008415051,0.0091287707998999,256,11,0,0,0,0,0,0,0,2,0,0,0,0.0045878911300059,0
1,met_215628_primary_000__marker_zip_001__001.79ec3619..jpg..zip,data/raw/image_anomaly/anomalous/mitra/files/jpg/met_215628_primary_000/140789e46243711c8f17/met_215628_primary_000__marker_zip_001__001.79ec3619..jpg..zip,2109841,62,2,1,0,0,0.2258064516129032,archive,0,0,0,1,0,1,0,1,0,0,40,7.9633922186831505,4.623524983494896,0.3610314710918974,0.011608457698945,256,9,0,0,0,0,0,0,0,0,0,0,0,0.0,0
1,met_215628_primary_000__marker_zip_001__002.5abc2d5e..zip..jpg,data/raw/image_anomaly/anomalous/mitra/files/jpg/met_215628_primary_000/140789e46243711c8f17/met_215628_primary_000__marker_zip_001__002.5abc2d5e..zip..jpg,2109837,62,2,1,0,0,0.2258064516129032,image,0,0,0,1,0,1,1,0,0,0,40,7.963391923503945,3.375448490983969,0.3610316815943601,0.0116084797072001,256,9,0,0,0,0,0,0,0,2,0,0,0,0.001017614156923,0
1,met_215628_primary_000__marker_pdf_001__001.d5621a76..jpg..pdf,data/raw/image_anomaly/anomalous/mitra/files/jpg/met_215628_primary_000/2bac45afbdf265e07d63/met_215628_primary_000__marker_pdf_001__001.d5621a76..jpg..pdf,2111336,62,2,1,0,0,0.2258064516129032,document,0,0,0,0,0,1,0,1,0,0,39,7.963514008577663,5.250824256483538,0.3616340554037822,0.0115585581830651,256,9,0,0,0,0,0,0,0,0,0,0,0,0.0,0
1,met_215628_primary_000__marker_zip_002__001.45eeed24..jpg..zip,data/raw/image_anomaly/anomalous/mitra/files/jpg/met_215628_primary_000/51054845522e7ed0eb1f/met_215628_primary_000__marker_zip_002__001.45eeed24..jpg..zip,2142327,62,2,1,0,0,0.2258064516129032,archive,0,0,0,1,0,1,0,1,0,0,40,7.964462606880233,7.988340858219542,0.3612188988889184,0.0114940436263931,256,9,0,0,0,0,0,0,0,0,0,0,0,0.0,0
1,met_215628_primary_000__marker_zip_002__002.d7beddd6..zip..jpg,data/raw/image_anomaly/anomalous/mitra/files/jpg/met_215628_primary_000/51054845522e7ed0eb1f/met_215628_primary_000__marker_zip_002__002.d7beddd6..zip..jpg,2142323,62,2,1,0,0,0.2258064516129032,image,0,0,0,1,0,1,1,0,0,0,40,7.964462223241705,3.375448490983969,0.3612191065492925,0.0114940650872907,256,9,0,0,0,0,0,0,0,2,0,0,0,0.0153417575220916,0
1,met_215628_primary_000__marker_pdf_002__001.075da5c5..jpg..pdf,data/raw/image_anomaly/anomalous/mitra/files/jpg/met_215628_primary_000/9adbc835b3fc6258ad8e/met_215628_primary_000__marker_pdf_002__001.075da5c5..jpg..pdf,2113127,62,2,1,0,0,0.2258064516129032,document,0,0,0,0,0,1,0,1,0,0,39,7.963581785855935,5.072845754531357,0.3621571254354329,0.0115487616219943,256,9,0,0,0,0,0,0,0,0,0,0,0,0.0,0
1,met_22020_primary_000__marker_zip_002__001.6506aad8..jpg..zip,data/raw/image_anomaly/anomalous/mitra/files/jpg/met_22020_primary_000/3c09b7475ccaff535071/met_22020_primary_000__marker_zip_002__001.6506aad8..jpg..zip,1582702,61,2,1,0,0,0.2295081967213114,archive,0,0,0,1,0,1,0,1,0,0,38,7.915458736105221,7.988340858219542,0.3562591062625813,0.0096133068638315,256,15,0,0,0,0,0,0,0,0,0,0,0,0.0,0
1,met_22020_primary_000__marker_zip_002__002.2c74fdb6..zip..jpg,data/raw/image_anomaly/anomalous/mitra/files/jpg/met_22020_primary_000/3c09b7475ccaff535071/met_22020_primary_000__marker_zip_002__002.2c74fdb6..zip..jpg,1582698,61,2,1,0,0,0.2295081967213114,image,0,0,0,1,0,1,1,0,0,0,38,7.915458299695664,5.035988200309349,0.3562593748143992,0.0096133311598296,256,15,0,0,0,0,0,0,0,2,0,0,0,0.0207664380696759,0
1,met_22020_primary_000__marker_pdf_001__001.81dd4f4c..jpg..pdf,data/raw/image_anomaly/anomalous/mitra/files/jpg/met_22020_primary_000/4c4fe56350516a776a75/met_22020_primary_000__marker_pdf_001__001.81dd4f4c..jpg..pdf,1551711,61,2,1,0,0,0.2295081967213114,document,0,0,0,0,0,1,0,1,0,0,37,7.91218049304166,5.250824256483538,0.3567249313821968,0.0096635262623001,256,15,0,0,0,0,0,0,0,0,0,0,0,0.0,0
1,met_22020_primary_000__marker_pdf_002__001.8b567f7a..jpg..pdf,data/raw/image_anomaly/anomalous/mitra/files/jpg/met_22020_primary_000/79f5dbc4ddde4f30c155/met_22020_primary_000__marker_pdf_002__001.8b567f7a..jpg..pdf,1553502,61,2,1,0,0,0.2295081967213114,document,0,0,0,0,0,1,0,1,0,0,37,7.912438065877823,5.072845754531357,0.3574420889062261,0.0096523853847629,256,15,0,0,0,0,0,0,0,0,0,0,0,0.0,0
1,met_22020_primary_000__marker_zip_001__001.a0fdf342..jpg..zip,data/raw/image_anomaly/anomalous/mitra/files/jpg/met_22020_primary_000/84782e859a5009329fdb/met_22020_primary_000__marker_zip_001__001.a0fdf342..jpg..zip,1550216,61,2,1,0,0,0.2295081967213114,archive,0,0,0,1,0,1,0,1,0,0,38,7.911831938594032,5.41257644505666,0.3559000810209674,0.0097296118734421,256,15,0,0,0,0,0,0,0,0,0,0,0,0.0,0
1,met_22020_primary_000__marker_zip_001__002.1dee16fa..zip..jpg,data/raw/image_anomaly/anomalous/mitra/files/jpg/met_22020_primary_000/84782e859a5009329fdb/met_22020_primary_000__marker_zip_001__002.1dee16fa..zip..jpg,1550212,61,2,1,0,0,0.2295081967213114,image,0,0,0,1,0,1,1,0,0,0,38,7.911831363283074,5.035988200309349,0.3559003542741251,0.0097296369786842,256,15,0,0,0,0,0,0,0,2,0,0,0,0.001384971861913,0
1,met_223480_primary_000__marker_pdf_001__001.aa5ed421..jpg..pdf,data/raw/image_anomaly/anomalous/mitra/files/jpg/met_223480_primary_000/6152b600bfd6ecd4cd7f/met_223480_primary_000__marker_pdf_001__001.aa5ed421..jpg..pdf,2889821,62,2,1,0,0,0.2258064516129032,document,0,0,0,0,0,1,0,1,0,0,32,7.959617123004996,5.250824256483538,0.3572816447800746,0.0113093509944041,256,9,0,0,1,0,0,0,1,0,0,0,0,0.0,0
1,met_223480_primary_000__marker_zip_001__001.d2f0aa7d..jpg..zip,data/raw/image_anomaly/anomalous/mitra/files/jpg/met_223480_primary_000/6c90798b832faf874806/met_223480_primary_000__marker_zip_001__001.d2f0aa7d..jpg..zip,2888326,62,2,1,0,0,0.2258064516129032,archive,0,0,0,1,0,1,0,1,0,0,33,7.959508447069554,4.632245483039736,0.3568392210574568,0.0113456721990523,256,9,0,0,1,0,0,0,1,0,0,0,0,0.0,0
1,met_223480_primary_000__marker_zip_001__002.fb3372b8..zip..jpg,data/raw/image_anomaly/anomalous/mitra/files/jpg/met_223480_primary_000/6c90798b832faf874806/met_223480_primary_000__marker_zip_001__002.fb3372b8..zip..jpg,2888322,62,2,1,0,0,0.2258064516129032,image,0,0,0,1,0,1,1,0,0,0,33,7.959508324749723,3.386295863622929,0.3568393690177203,0.0113456879115278,256,9,0,0,1,0,0,0,1,2,0,0,0,0.0007433381735138,0
1,met_223480_primary_000__marker_pdf_002__001.773339af..jpg..pdf,data/raw/image_anomaly/anomalous/mitra/files/jpg/met_223480_primary_000/774c67d7d899ce9dcecc/met_223480_primary_000__marker_pdf_002__001.773339af..jpg..pdf,2891612,62,2,1,0,0,0.2258064516129032,document,0,0,0,0,0,1,0,1,0,0,32,7.959687803303639,5.072845754531357,0.3576665887401214,0.011302346234557,256,9,0,0,1,0,0,0,1,0,0,0,0,0.0,0
1,met_223480_primary_000__marker_zip_002__001.6a6fa86b..jpg..zip,data/raw/image_anomaly/anomalous/mitra/files/jpg/met_223480_primary_000/898f3d4cb1a5977f873a/met_223480_primary_000__marker_zip_002__001.6a6fa86b..jpg..zip,2920812,62,2,1,0,0,0.2258064516129032,archive,0,0,0,1,0,1,0,1,0,0,33,7.960388452689209,7.988340858219542,0.3570233209121299,0.0112646757134659,256,9,0,0,1,0,0,0,1,0,0,0,0,0.0,0
1,met_223480_primary_000__marker_zip_002__002.2b3a5523..zip..jpg,data/raw/image_anomaly/anomalous/mitra/files/jpg/met_223480_primary_000/898f3d4cb1a5977f873a/met_223480_primary_000__marker_zip_002__002.2b3a5523..zip..jpg,2920808,62,2,1,0,0,0.2258064516129032,image,0,0,0,1,0,1,1,0,0,0,33,7.960388225386812,3.386295863622929,0.357023467478862,0.0112646911402598,256,9,0,0,1,0,0,0,1,2,0,0,0,0.0112527081547297,0
1,met_227373_primary_000__marker_zip_001__001.4af9792c..jpg..zip,data/raw/image_anomaly/anomalous/mitra/files/jpg/met_227373_primary_000/456dfa4b09c629cf2f21/met_227373_primary_000__marker_zip_001__001.4af9792c..jpg..zip,122472,62,2,1,0,0,0.2258064516129032,archive,0,0,0,1,0,1,0,1,0,0,3,7.898703617046245,3.471325442065246,0.3936165000979816,0.0143053106016068,256,6,0,1,0,0,0,1,1,0,0,0,0,0.0,0
1,met_227373_primary_000__marker_zip_001__002.5962b78e..zip..jpg,data/raw/image_anomaly/anomalous/mitra/files/jpg/met_227373_primary_000/456dfa4b09c629cf2f21/met_227373_primary_000__marker_zip_001__002.5962b78e..zip..jpg,122468,62,2,1,0,0,0.2258064516129032,image,0,0,0,1,0,1,1,0,0,0,3,7.898686153535479,3.4629751152735966,0.3936211908416893,0.0143057778358428,256,6,0,1,0,0,0,1,1,2,0,0,0,0.0175311101675539,0
1,met_227373_primary_000__marker_zip_002__001.eef0de0a..jpg..zip,data/raw/image_anomaly/anomalous/mitra/files/jpg/met_227373_primary_000/7764247c3c8980218a4e/met_227373_primary_000__marker_zip_002__001.eef0de0a..jpg..zip,154958,62,2,1,0,0,0.2258064516129032,archive,0,0,0,1,0,1,0,1,0,0,3,7.933176306528323,7.988340858219542,0.3893764762064559,0.012158133171569,256,6,0,1,0,0,0,1,1,0,0,0,0,0.0,0
1,met_227373_primary_000__marker_zip_002__002.92042747..zip..jpg,data/raw/image_anomaly/anomalous/mitra/files/jpg/met_227373_primary_000/7764247c3c8980218a4e/met_227373_primary_000__marker_zip_002__002.92042747..zip..jpg,154954,62,2,1,0,0,0.2258064516129032,image,0,0,0,1,0,1,1,0,0,0,3,7.933171078336152,3.4629751152735966,0.3893800740865031,0.0121584470229874,256,6,0,1,0,0,0,1,1,2,0,0,0,0.2121081095034655,0
1,met_227373_primary_000__marker_pdf_001__001.8b961f0e..jpg..pdf,data/raw/image_anomaly/anomalous/mitra/files/jpg/met_227373_primary_000/ae7e81dbb1a567bedd95/met_227373_primary_000__marker_pdf_001__001.8b961f0e..jpg..pdf,123967,62,2,1,0,0,0.2258064516129032,document,0,0,0,0,0,1,0,1,0,0,2,7.896259825454413,5.250824256483538,0.4034864117063412,0.0134229270693007,256,6,0,1,0,0,0,1,1,0,0,0,0,0.0,0
1,met_227373_primary_000__marker_pdf_002__001.dd6c34aa..jpg..pdf,data/raw/image_anomaly/anomalous/mitra/files/jpg/met_227373_primary_000/bce97138e8a28dadd0b0/met_227373_primary_000__marker_pdf_002__001.dd6c34aa..jpg..pdf,125758,62,2,1,0,0,0.2258064516129032,document,0,0,0,0,0,1,0,1,0,0,2,7.894163139742801,5.072845754531357,0.4116795750568552,0.0132317625916442,256,6,0,1,0,0,0,1,1,0,0,0,0,0.0,0
1,met_227964_primary_000__marker_pdf_001__001.61d17fed..jpg..pdf,data/raw/image_anomaly/anomalous/mitra/files/jpg/met_227964_primary_000/18e0683c27fc10b24f04/met_227964_primary_000__marker_pdf_001__001.61d17fed..jpg..pdf,157613,62,2,1,0,0,0.2258064516129032,document,0,0,0,0,0,1,0,1,0,0,4,7.889787630008713,5.250824256483538,0.3940030327447609,0.0156395728778717,256,6,0,1,0,0,0,1,1,0,0,0,0,0.0,0
1,met_227964_primary_000__marker_pdf_002__001.195c1137..jpg..pdf,data/raw/image_anomaly/anomalous/mitra/files/jpg/met_227964_primary_000/37353744344d0e5d7d6f/met_227964_primary_000__marker_pdf_002__001.195c1137..jpg..pdf,159404,62,2,1,0,0,0.2258064516129032,document,0,0,0,0,0,1,0,1,0,0,4,7.888838514250931,5.072845754531357,0.4005733858623372,0.0154638528518732,256,6,0,1,0,0,0,1,1,0,0,0,0,0.0,0
1,met_227964_primary_000__marker_zip_002__001.4c3fe8f1..jpg..zip,data/raw/image_anomaly/anomalous/mitra/files/jpg/met_227964_primary_000/6b65c745fc109740d3ac/met_227964_primary_000__marker_zip_002__001.4c3fe8f1..jpg..zip,188604,62,2,1,0,0,0.2258064516129032,archive,0,0,0,1,0,1,0,1,0,0,5,7.922509676420009,7.988340858219542,0.3839685266484274,0.0142361773875421,256,6,0,1,0,0,0,1,1,0,0,0,0,0.0,0
1,met_227964_primary_000__marker_zip_002__002.fc7f51fc..zip..jpg,data/raw/image_anomaly/anomalous/mitra/files/jpg/met_227964_primary_000/6b65c745fc109740d3ac/met_227964_primary_000__marker_zip_002__002.fc7f51fc..zip..jpg,188600,62,2,1,0,0,0.2258064516129032,image,0,0,0,1,0,1,1,0,0,0,5,7.922503412630307,3.5235857555341856,0.3839713679745493,0.0142364793213149,256,6,0,1,0,0,0,1,1,2,0,0,0,0.1742682926829268,0
1,met_227964_primary_000__marker_zip_001__001.dd9ebde5..jpg..zip,data/raw/image_anomaly/anomalous/mitra/files/jpg/met_227964_primary_000/e2fd6c6f3a16066a3e89/met_227964_primary_000__marker_zip_001__001.dd9ebde5..jpg..zip,156118,62,2,1,0,0,0.2258064516129032,archive,0,0,0,1,0,1,0,1,0,0,5,7.890911616267096,3.5203314876687326,0.3861694359394816,0.0163530150270948,256,6,0,1,0,0,0,1,1,0,0,0,0,0.0,0
1,met_227964_primary_000__marker_zip_001__002.39643031..zip..jpg,data/raw/image_anomaly/anomalous/mitra/files/jpg/met_227964_primary_000/e2fd6c6f3a16066a3e89/met_227964_primary_000__marker_zip_001__002.39643031..zip..jpg,156114,62,2,1,0,0,0.2258064516129032,image,0,0,0,1,0,1,1,0,0,0,5,7.890895492928164,3.5235857555341856,0.386172924913845,0.0163534340289788,256,6,0,1,0,0,0,1,1,2,0,0,0,0.013752770411366,0
1,met_229414_primary_000__marker_zip_001__001.4111ba0c..jpg..zip,data/raw/image_anomaly/anomalous/mitra/files/jpg/met_229414_primary_000/056cd13712cdf67cf816/met_229414_primary_000__marker_zip_001__001.4111ba0c..jpg..zip,325264,62,2,1,0,0,0.2258064516129032,archive,0,0,0,1,0,1,0,1,0,0,5,7.947849656523233,5.656906093119562,0.3919739042746815,0.014781838752521,256,17,0,0,0,0,0,0,0,0,0,0,0,0.0,0
1,met_229414_primary_000__marker_zip_001__002.33f98423..zip..jpg,data/raw/image_anomaly/anomalous/mitra/files/jpg/met_229414_primary_000/056cd13712cdf67cf816/met_229414_primary_000__marker_zip_001__002.33f98423..zip..jpg,325260,62,2,1,0,0,0.2258064516129032,image,0,0,0,1,0,1,1,0,0,0,5,7.947846157575015,4.970254972538387,0.3919756502490315,0.0147820205374162,256,17,0,0,0,0,0,0,0,2,0,0,0,0.0066008731476357,0
1,met_229414_primary_000__marker_pdf_001__001.8edb13ff..jpg..pdf,data/raw/image_anomaly/anomalous/mitra/files/jpg/met_229414_primary_000/92ee605d2b5ea64e6df2/met_229414_primary_000__marker_pdf_001__001.8edb13ff..jpg..pdf,326759,62,2,1,0,0,0.2258064516129032,document,0,0,0,0,0,1,0,1,0,0,4,7.946690550974958,5.250824256483538,0.3957259019644447,0.014444896697566,256,17,0,0,0,0,0,0,0,0,0,0,0,0.0,0
1,met_229414_primary_000__marker_zip_002__001.a363112d..jpg..zip,data/raw/image_anomaly/anomalous/mitra/files/jpg/met_229414_primary_000/e4e2d4acaaa1831393ca/met_229414_primary_000__marker_zip_002__001.a363112d..jpg..zip,357750,62,2,1,0,0,0.2258064516129032,archive,0,0,0,1,0,1,0,1,0,0,5,7.956264903546989,7.988340858219542,0.3902865129280223,0.0138085255066387,256,17,0,0,0,0,0,0,0,0,0,0,0,0.0,0
1,met_229414_primary_000__marker_zip_002__002.3bd511d5..zip..jpg,data/raw/image_anomaly/anomalous/mitra/files/jpg/met_229414_primary_000/e4e2d4acaaa1831393ca/met_229414_primary_000__marker_zip_002__002.3bd511d5..zip..jpg,357746,62,2,1,0,0,0.2258064516129032,image,0,0,0,1,0,1,1,0,0,0,5,7.956262727270461,4.970254972538387,0.3902880814879831,0.0138086799013825,256,17,0,0,0,0,0,0,0,2,0,0,0,0.0918724458135101,0
1,met_229414_primary_000__marker_pdf_002__001.a0dbd19b..jpg..pdf,data/raw/image_anomaly/anomalous/mitra/files/jpg/met_229414_primary_000/ea6966c61d2d021688b9/met_229414_primary_000__marker_pdf_002__001.a0dbd19b..jpg..pdf,328550,62,2,1,0,0,0.2258064516129032,document,0,0,0,0,0,1,0,1,0,0,4,7.945813608487404,5.072845754531357,0.3989042763658499,0.0143661543144118,256,17,0,0,0,0,0,0,0,0,0,0,0,0.0,0
1,met_236995_primary_000__marker_pdf_001__001.68cd5863..jpg..pdf,data/raw/image_anomaly/anomalous/mitra/files/jpg/met_236995_primary_000/709f6e4ad056fcef2b28/met_236995_primary_000__marker_pdf_001__001.68cd5863..jpg..pdf,1924835,62,2,1,0,0,0.2258064516129032,document,0,0,0,0,0,1,0,1,0,0,61,7.963375593625,5.250824256483538,0.3825855203173259,0.0099483851862627,256,23,0,0,0,0,0,0,0,0,0,0,0,0.0,0
1,met_236995_primary_000__marker_zip_001__001.09cb4929..jpg..zip,data/raw/image_anomaly/anomalous/mitra/files/jpg/met_236995_primary_000/c84ea89737f643be93bf/met_236995_primary_000__marker_zip_001__001.09cb4929..jpg..zip,1923340,62,2,1,0,0,0.2258064516129032,archive,0,0,0,1,0,1,0,1,0,0,62,7.9633190316284415,5.240529699372647,0.3819407904998596,0.0100018717439454,256,23,0,0,0,0,0,0,0,0,0,0,0,0.0,0
1,met_236995_primary_000__marker_zip_001__002.f0da8bf7..zip..jpg,data/raw/image_anomaly/anomalous/mitra/files/jpg/met_236995_primary_000/c84ea89737f643be93bf/met_236995_primary_000__marker_zip_001__002.f0da8bf7..zip..jpg,1923336,62,2,1,0,0,0.2258064516129032,image,0,0,0,1,0,1,1,0,0,0,62,7.963318560220652,4.748002824607996,0.3819410648997367,0.0100018925450363,256,23,0,0,0,0,0,0,0,2,0,0,0,0.0011162896134632,0
1,met_236995_primary_000__marker_pdf_002__001.de7cda7e..jpg..pdf,data/raw/image_anomaly/anomalous/mitra/files/jpg/met_236995_primary_000/fd0dbd5792480f39eaad/met_236995_primary_000__marker_pdf_002__001.de7cda7e..jpg..pdf,1926626,62,2,1,0,0,0.2258064516129032,document,0,0,0,0,0,1,0,1,0,0,61,7.963373282030833,5.072845754531357,0.3831397479323958,0.0099391371236555,256,23,0,0,0,0,0,0,0,0,0,0,0,0.0,0
1,met_236995_primary_000__marker_zip_002__001.81b2c159..jpg..zip,data/raw/image_anomaly/anomalous/mitra/files/jpg/met_236995_primary_000/ff3befea0d98cb48424b/met_236995_primary_000__marker_zip_002__001.81b2c159..jpg..zip,1955826,62,2,1,0,0,0.2258064516129032,archive,0,0,0,1,0,1,0,1,0,0,62,7.964483707936662,7.988340858219542,0.3817987898719007,0.0099032327006594,256,23,0,0,0,0,0,0,0,0,0,0,0,0.0,0
1,met_236995_primary_000__marker_zip_002__002.529db956..zip..jpg,data/raw/image_anomaly/anomalous/mitra/files/jpg/met_236995_primary_000/ff3befea0d98cb48424b/met_236995_primary_000__marker_zip_002__002.529db956..zip..jpg,1955822,62,2,1,0,0,0.2258064516129032,image,0,0,0,1,0,1,1,0,0,0,62,7.964483518031418,4.748002824607996,0.3817990594236081,0.0099032529545122,256,23,0,0,0,0,0,0,0,2,0,0,0,0.0168046989961254,0
1,met_239662_primary_000__marker_zip_001__001.cff3f324..jpg..zip,data/raw/image_anomaly/anomalous/mitra/files/jpg/met_239662_primary_000/0ad5767dd454061b204f/met_239662_primary_000__marker_zip_001__001.cff3f324..jpg..zip,1793225,62,2,1,0,0,0.2258064516129032,archive,0,0,0,1,0,1,0,1,0,0,15,7.901498065971384,5.659660542693631,0.3683620293047442,0.0160242022055235,256,18,0,0,0,0,0,0,0,0,0,0,0,0.0,0
1,met_239662_primary_000__marker_zip_001__002.5c3fb458..zip..jpg,data/raw/image_anomaly/anomalous/mitra/files/jpg/met_239662_primary_000/0ad5767dd454061b204f/met_239662_primary_000__marker_zip_001__002.5c3fb458..zip..jpg,1793221,62,2,1,0,0,0.2258064516129032,image,0,0,0,1,0,1,1,0,0,0,15,7.901497017207618,4.9624445177979695,0.3683622933258087,0.0160242379494775,256,18,0,0,0,0,0,0,0,2,0,0,0,0.0011972868932496,0
1,met_239662_primary_000__marker_pdf_002__001.2b3b3e29..jpg..pdf,data/raw/image_anomaly/anomalous/mitra/files/jpg/met_239662_primary_000/44a073d3f0ba601ab359/met_239662_primary_000__marker_pdf_002__001.2b3b3e29..jpg..pdf,1796511,62,2,1,0,0,0.2258064516129032,document,0,0,0,0,0,1,0,1,0,0,14,7.901855120801531,5.072845754531357,0.3696726599503148,0.0159459084859485,256,18,0,0,0,0,0,0,0,0,0,0,0,0.0,0
1,met_239662_primary_000__marker_pdf_001__001.f7476365..jpg..pdf,data/raw/image_anomaly/anomalous/mitra/files/jpg/met_239662_primary_000/a36012956d04745f0f80/met_239662_primary_000__marker_pdf_001__001.f7476365..jpg..pdf,1794720,62,2,1,0,0,0.2258064516129032,document,0,0,0,0,0,1,0,1,0,0,14,7.901697158342028,5.250824256483538,0.3690648123384149,0.0159618213426049,256,18,0,0,0,0,0,0,0,0,0,0,0,0.0,0
1,met_239662_primary_000__marker_zip_002__001.3d6ffa9b..jpg..zip,data/raw/image_anomaly/anomalous/mitra/files/jpg/met_239662_primary_000/dfe116dc752b9bc7ded7/met_239662_primary_000__marker_zip_002__001.3d6ffa9b..jpg..zip,1825711,62,2,1,0,0,0.2258064516129032,archive,0,0,0,1,0,1,0,1,0,0,15,7.904887318052178,7.988340858219542,0.3684515238172964,0.0158113743084201,256,18,0,0,0,0,0,0,0,0,0,0,0,0.0,0
1,met_239662_primary_000__marker_zip_002__002.5b413db8..zip..jpg,data/raw/image_anomaly/anomalous/mitra/files/jpg/met_239662_primary_000/dfe116dc752b9bc7ded7/met_239662_primary_000__marker_zip_002__002.5b413db8..zip..jpg,1825707,62,2,1,0,0,0.2258064516129032,image,0,0,0,1,0,1,1,0,0,0,15,7.904886662316107,4.9624445177979695,0.3684517833365375,0.015811408950067,256,18,0,0,0,0,0,0,0,2,0,0,0,0.018002341010907,0
1,met_239826_primary_000__marker_pdf_001__001.c6aa0332..jpg..pdf,data/raw/image_anomaly/anomalous/mitra/files/jpg/met_239826_primary_000/01da78c8115a807c5615/met_239826_primary_000__marker_pdf_001__001.c6aa0332..jpg..pdf,1393020,62,2,1,0,0,0.2258064516129032,document,0,0,0,0,0,1,0,1,0,0,12,7.8369886081453854,5.250824256483538,0.3660076667958823,0.0231690858709853,256,13,0,0,0,0,0,0,0,0,0,0,0,0.0,0
1,met_239826_primary_000__marker_zip_002__001.dd67ce3a..jpg..zip,data/raw/image_anomaly/anomalous/mitra/files/jpg/met_239826_primary_000/33bc3a25c6502aff6efc/met_239826_primary_000__marker_zip_002__001.dd67ce3a..jpg..zip,1424011,62,2,1,0,0,0.2258064516129032,archive,0,0,0,1,0,1,0,1,0,0,13,7.843730272252124,7.988340858219542,0.3652879085905937,0.0228193461988706,256,13,0,0,0,0,0,0,0,0,0,0,0,0.0,0
1,met_239826_primary_000__marker_zip_002__002.47c2ba9b..zip..jpg,data/raw/image_anomaly/anomalous/mitra/files/jpg/met_239826_primary_000/33bc3a25c6502aff6efc/met_239826_primary_000__marker_zip_002__002.47c2ba9b..zip..jpg,1424007,62,2,1,0,0,0.2258064516129032,image,0,0,0,1,0,1,1,0,0,0,13,7.84372922867828,4.9199564277073655,0.3652882324314417,0.0228194102978426,256,13,0,0,0,0,0,0,0,2,0,0,0,0.0230806449687396,0
1,met_239826_primary_000__marker_pdf_002__001.c166669d..jpg..pdf,data/raw/image_anomaly/anomalous/mitra/files/jpg/met_239826_primary_000/6281e2177bcd669794dc/met_239826_primary_000__marker_pdf_002__001.c166669d..jpg..pdf,1394811,62,2,1,0,0,0.2258064516129032,document,0,0,0,0,0,1,0,1,0,0,12,7.837341714029447,5.072845754531357,0.3667944976057688,0.0231393357236213,256,13,0,0,0,0,0,0,0,0,0,0,0,0.0,0
1,met_239826_primary_000__marker_zip_001__001.7a3f0b2c..jpg..zip,data/raw/image_anomaly/anomalous/mitra/files/jpg/met_239826_primary_000/e9e48f9977af6a662bd1/met_239826_primary_000__marker_zip_001__001.7a3f0b2c..jpg..zip,1391525,62,2,1,0,0,0.2258064516129032,archive,0,0,0,1,0,1,0,1,0,0,13,7.836593651193576,5.627028288441899,0.3650987226244588,0.0232572178006144,256,13,0,0,0,0,0,0,0,0,0,0,0,0.0,0
1,met_239826_primary_000__marker_zip_001__002.eee332c3..zip..jpg,data/raw/image_anomaly/anomalous/mitra/files/jpg/met_239826_primary_000/e9e48f9977af6a662bd1/met_239826_primary_000__marker_zip_001__002.eee332c3..zip..jpg,1391521,62,2,1,0,0,0.2258064516129032,image,0,0,0,1,0,1,1,0,0,0,13,7.836592182856385,4.9199564277073655,0.3650990534817656,0.0232572846547051,256,13,0,0,0,0,0,0,0,2,0,0,0,0.0015429159890508,0
1,met_239961_primary_000__marker_zip_001__001.bf354f80..jpg..zip,data/raw/image_anomaly/anomalous/mitra/files/jpg/met_239961_primary_000/37e8733ef2759b322b3d/met_239961_primary_000__marker_zip_001__001.bf354f80..jpg..zip,1698071,62,2,1,0,0,0.2258064516129032,archive,0,0,0,1,0,1,0,1,0,0,35,7.971090372436849,6.136680222478485,0.3723183541795367,0.011069619585989,256,13,0,0,0,0,0,0,0,0,0,0,0,0.0,0
1,met_239961_primary_000__marker_zip_001__002.4e616c7a..zip..jpg,data/raw/image_anomaly/anomalous/mitra/files/jpg/met_239961_primary_000/37e8733ef2759b322b3d/met_239961_primary_000__marker_zip_001__002.4e616c7a..zip..jpg,1698067,62,2,1,0,0,0.2258064516129032,image,0,0,0,1,0,1,1,0,0,0,35,7.971090525503701,6.316235584879275,0.3723186423150559,0.0110696456618025,256,13,0,0,0,0,0,0,0,2,0,0,0,0.0012643788495978,0
1,met_239961_primary_000__marker_zip_002__001.f1598fb1..jpg..zip,data/raw/image_anomaly/anomalous/mitra/files/jpg/met_239961_primary_000/4e7b3c568d74dfb3d26e/met_239961_primary_000__marker_zip_002__001.f1598fb1..jpg..zip,1730557,62,2,1,0,0,0.2258064516129032,archive,0,0,0,1,0,1,0,1,0,0,35,7.972132441708584,7.988340858219542,0.3723385014189073,0.0109380968092931,256,13,0,0,0,0,0,0,0,0,0,0,0,0.0,0
1,met_239961_primary_000__marker_zip_002__002.8baa09bd..zip..jpg,data/raw/image_anomaly/anomalous/mitra/files/jpg/met_239961_primary_000/4e7b3c568d74dfb3d26e/met_239961_primary_000__marker_zip_002__002.8baa09bd..zip..jpg,1730553,62,2,1,0,0,0.2258064516129032,image,0,0,0,1,0,1,1,0,0,0,35,7.9721323244099,6.316235584879275,0.3723387841921051,0.0109381220916088,256,13,0,0,0,0,0,0,0,2,0,0,0,0.0189921949804484,0
1,met_239961_primary_000__marker_pdf_001__001.f5e555d7..jpg..pdf,data/raw/image_anomaly/anomalous/mitra/files/jpg/met_239961_primary_000/e64fd7ca53eed0fb34a6/met_239961_primary_000__marker_pdf_001__001.f5e555d7..jpg..pdf,1699566,62,2,1,0,0,0.2258064516129032,document,0,0,0,0,0,1,0,1,0,0,34,7.971080933161566,5.250824256483538,0.3730570039645415,0.0110081044219524,256,13,0,0,0,0,0,0,0,0,0,0,0,0.0,0
1,met_239961_primary_000__marker_pdf_002__001.f0f636db..jpg..pdf,data/raw/image_anomaly/anomalous/mitra/files/jpg/met_239961_primary_000/fd7f19ae165bfe6a7fc9/met_239961_primary_000__marker_pdf_002__001.f0f636db..jpg..pdf,1701357,62,2,1,0,0,0.2258064516129032,document,0,0,0,0,0,1,0,1,0,0,34,7.971051287563557,5.072845754531357,0.3736946449216713,0.0109965163102159,256,13,0,0,0,0,0,0,0,0,0,0,0,0.0,0
1,met_241703_primary_000__marker_pdf_002__001.539b793e..jpg..pdf,data/raw/image_anomaly/anomalous/mitra/files/jpg/met_241703_primary_000/1803ff4e54192a2b3aef/met_241703_primary_000__marker_pdf_002__001.539b793e..jpg..pdf,1470914,62,2,1,0,0,0.2258064516129032,document,0,0,0,0,0,1,0,1,0,0,17,7.936033452733567,5.072845754531357,0.3724806480868358,0.0084416899968319,256,14,0,0,0,0,0,0,0,0,0,0,0,0.0,0
1,met_241703_primary_000__marker_zip_002__001.ea26cc81..jpg..zip,data/raw/image_anomaly/anomalous/mitra/files/jpg/met_241703_primary_000/6886470afc3bc3678363/met_241703_primary_000__marker_zip_002__001.ea26cc81..jpg..zip,1500114,62,2,1,0,0,0.2258064516129032,archive,0,0,0,1,0,1,0,1,0,0,18,7.938496441561276,7.988340858219542,0.3709398085745483,0.0084240264406571,256,14,0,0,0,0,0,0,0,0,0,0,0,0.0,0
1,met_241703_primary_000__marker_zip_002__002.6e096a3b..zip..jpg,data/raw/image_anomaly/anomalous/mitra/files/jpg/met_241703_primary_000/6886470afc3bc3678363/met_241703_primary_000__marker_zip_002__002.6e096a3b..zip..jpg,1500110,62,2,1,0,0,0.2258064516129032,image,0,0,0,1,0,1,1,0,0,0,18,7.938496313230662,6.348580566834237,0.3709401310570558,0.0084240489030804,256,14,0,0,0,0,0,0,0,2,0,0,0,0.0219097266200478,0
1,met_241703_primary_000__marker_pdf_001__001.00fe511b..jpg..pdf,data/raw/image_anomaly/anomalous/mitra/files/jpg/met_241703_primary_000/97df7a23f9549d51fa02/met_241703_primary_000__marker_pdf_001__001.00fe511b..jpg..pdf,1469123,62,2,1,0,0,0.2258064516129032,document,0,0,0,0,0,1,0,1,0,0,17,7.935922766911196,5.250824256483538,0.3717415083692788,0.0084519812160043,256,14,0,0,0,0,0,0,0,0,0,0,0,0.0,0
1,met_241703_primary_000__marker_zip_001__001.b0fb9830..jpg..zip,data/raw/image_anomaly/anomalous/mitra/files/jpg/met_241703_primary_000/fd4fd1edd48965af48ed/met_241703_primary_000__marker_zip_001__001.b0fb9830..jpg..zip,1467628,62,2,1,0,0,0.2258064516129032,archive,0,0,0,1,0,1,0,1,0,0,18,7.935778488069112,6.719412030983709,0.3708855377520734,0.0085205515294066,256,14,0,0,0,0,0,0,0,0,0,0,0,0.0,0
1,met_241703_primary_000__marker_zip_001__002.8729b15e..zip..jpg,data/raw/image_anomaly/anomalous/mitra/files/jpg/met_241703_primary_000/fd4fd1edd48965af48ed/met_241703_primary_000__marker_zip_001__002.8729b15e..zip..jpg,1467624,62,2,1,0,0,0.2258064516129032,image,0,0,0,1,0,1,1,0,0,0,18,7.935778032063741,6.348580566834237,0.3708858672248478,0.0085205747521163,256,14,0,0,0,0,0,0,0,2,0,0,0,0.0014629087559211,0
1,met_242124_primary_000__marker_pdf_001__001.b401d3e7..jpg..pdf,data/raw/image_anomaly/anomalous/mitra/files/jpg/met_242124_primary_000/58f15d242e8790b94df4/met_242124_primary_000__marker_pdf_001__001.b401d3e7..jpg..pdf,1736675,62,2,1,0,0,0.2258064516129032,document,0,0,0,0,0,1,0,1,0,0,41,7.895958477659651,5.250824256483538,0.3689982293750989,0.0118594440525717,256,17,0,0,0,0,0,0,0,0,0,0,0,0.0,0
1,met_242124_primary_000__marker_pdf_002__001.2b4bc4a1..jpg..pdf,data/raw/image_anomaly/anomalous/mitra/files/jpg/met_242124_primary_000/6d22b69161a727f3b897/met_242124_primary_000__marker_pdf_002__001.2b4bc4a1..jpg..pdf,1738466,62,2,1,0,0,0.2258064516129032,document,0,0,0,0,0,1,0,1,0,0,41,7.8961145944587905,5.072845754531357,0.3696264407817006,0.0118472262327822,256,17,0,0,0,0,0,0,0,0,0,0,0,0.0,0
1,met_242124_primary_000__marker_zip_001__001.46bb1582..jpg..zip,data/raw/image_anomaly/anomalous/mitra/files/jpg/met_242124_primary_000/b2a21866c745725a4642/met_242124_primary_000__marker_zip_001__001.46bb1582..jpg..zip,1735180,62,2,1,0,0,0.2258064516129032,archive,0,0,0,1,0,1,0,1,0,0,42,7.895770289457472,5.641075904263252,0.3682718795744534,0.0119203771366659,256,17,0,0,0,0,0,0,0,0,0,0,0,0.0,0
1,met_242124_primary_000__marker_zip_001__002.71444b97..zip..jpg,data/raw/image_anomaly/anomalous/mitra/files/jpg/met_242124_primary_000/b2a21866c745725a4642/met_242124_primary_000__marker_zip_001__002.71444b97..zip..jpg,1735176,62,2,1,0,0,0.2258064516129032,image,0,0,0,1,0,1,1,0,0,0,42,7.895768759853473,4.932959716715815,0.3682721522197172,0.0119204046160158,256,17,0,0,0,0,0,0,0,2,0,0,0,0.0012373384601907,0
1,met_242124_primary_000__marker_zip_002__001.130cc9de..jpg..zip,data/raw/image_anomaly/anomalous/mitra/files/jpg/met_242124_primary_000/e19788b452922f71e28c/met_242124_primary_000__marker_zip_002__001.130cc9de..jpg..zip,1767666,62,2,1,0,0,0.2258064516129032,archive,0,0,0,1,0,1,0,1,0,0,42,7.899473451843681,7.988340858219542,0.3683659695892776,0.0117759803039714,256,17,0,0,0,0,0,0,0,0,0,0,0,0.0,0
1,met_242124_primary_000__marker_zip_002__002.c11e0777..zip..jpg,data/raw/image_anomaly/anomalous/mitra/files/jpg/met_242124_primary_000/e19788b452922f71e28c/met_242124_primary_000__marker_zip_002__002.c11e0777..zip..jpg,1767662,62,2,1,0,0,0.2258064516129032,image,0,0,0,1,0,1,1,0,0,0,42,7.899472355833223,4.932959716715815,0.368366237436795,0.0117760069515552,256,17,0,0,0,0,0,0,0,2,0,0,0,0.0185934867638722,0
1,met_246449_primary_000__marker_zip_002__001.3ff3b302..jpg..zip,data/raw/image_anomaly/anomalous/mitra/files/jpg/met_246449_primary_000/8ed818692e3d9340a616/met_246449_primary_000__marker_zip_002__001.3ff3b302..jpg..zip,906525,62,2,1,0,0,0.2258064516129032,archive,0,0,0,1,0,1,0,1,0,0,12,7.9364476344979344,7.988340858219542,0.3766338490389123,0.0117647058823529,256,6,0,0,0,0,0,0,0,0,0,0,0,0.0,0
1,met_246449_primary_000__marker_zip_002__002.772c4290..zip..jpg,data/raw/image_anomaly/anomalous/mitra/files/jpg/met_246449_primary_000/8ed818692e3d9340a616/met_246449_primary_000__marker_zip_002__002.772c4290..zip..jpg,906521,62,2,1,0,0,0.2258064516129032,image,0,0,0,1,0,1,1,0,0,0,12,7.936447158234869,3.49156700320296,0.3766344078074308,0.0117647577938073,256,6,0,0,0,0,0,0,0,2,0,0,0,0.0362561926309484,0
1,met_246449_primary_000__marker_pdf_001__001.0377063d..jpg..pdf,data/raw/image_anomaly/anomalous/mitra/files/jpg/met_246449_primary_000/a935cb1cbecc1e483e35/met_246449_primary_000__marker_pdf_001__001.0377063d..jpg..pdf,875534,62,2,1,0,0,0.2258064516129032,document,0,0,0,0,0,1,0,1,0,0,11,7.931821980595326,5.250824256483538,0.3781806303353153,0.0119298622326488,256,6,0,0,0,0,0,0,0,0,0,0,0,0.0,0
1,met_246449_primary_000__marker_pdf_002__001.b0d8ddef..jpg..pdf,data/raw/image_anomaly/anomalous/mitra/files/jpg/met_246449_primary_000/f7a714d80cb7fe14d6eb/met_246449_primary_000__marker_pdf_002__001.b0d8ddef..jpg..pdf,877325,62,2,1,0,0,0.2258064516129032,document,0,0,0,0,0,1,0,1,0,0,11,7.931768191425841,5.072845754531357,0.379406719288747,0.0119055082210127,256,6,0,0,0,0,0,0,0,0,0,0,0,0.0,0
1,met_246449_primary_000__marker_zip_001__001.fba7704b..jpg..zip,data/raw/image_anomaly/anomalous/mitra/files/jpg/met_246449_primary_000/f98c444be140e04f0b60/met_246449_primary_000__marker_zip_001__001.fba7704b..jpg..zip,874039,62,2,1,0,0,0.2258064516129032,archive,0,0,0,1,0,1,0,1,0,0,12,7.931900477368982,3.5279709079475743,0.3767543553548526,0.0120509496715821,256,6,0,0,0,0,0,0,0,0,0,0,0,0.0,0
1,met_246449_primary_000__marker_zip_001__002.f677f74e..zip..jpg,data/raw/image_anomaly/anomalous/mitra/files/jpg/met_246449_primary_000/f98c444be140e04f0b60/met_246449_primary_000__marker_zip_001__002.f677f74e..zip..jpg,874035,62,2,1,0,0,0.2258064516129032,image,0,0,0,1,0,1,1,0,0,0,12,7.931899785077165,3.49156700320296,0.3767549354430887,0.0120510048224613,256,6,0,0,0,0,0,0,0,2,0,0,0,0.0024564233697735,0
1,met_253281_primary_000__marker_zip_001__001.116e60fd..jpg..zip,data/raw/image_anomaly/anomalous/mitra/files/jpg/met_253281_primary_000/39140c6c5c0bf569818c/met_253281_primary_000__marker_zip_001__001.116e60fd..jpg..zip,788036,62,2,1,0,0,0.2258064516129032,archive,0,0,0,1,0,1,0,1,0,0,27,7.964696783259462,6.9065090289985696,0.3840535203975453,0.0136567364942718,256,19,0,0,0,0,0,0,0,0,0,0,0,0.0,0
1,met_253281_primary_000__marker_zip_001__002.b639b4f8..zip..jpg,data/raw/image_anomaly/anomalous/mitra/files/jpg/met_253281_primary_000/39140c6c5c0bf569818c/met_253281_primary_000__marker_zip_001__002.b639b4f8..zip..jpg,788032,62,2,1,0,0,0.2258064516129032,image,0,0,0,1,0,1,1,0,0,0,27,7.96469618866371,6.886391301583334,0.3840542008446357,0.0136568058149922,256,19,0,0,0,0,0,0,0,2,0,0,0,0.0027245086493949,0
1,met_253281_primary_000__marker_pdf_001__001.0b6a2c50..jpg..pdf,data/raw/image_anomaly/anomalous/mitra/files/jpg/met_253281_primary_000/5df4def62f05bb5d8b78/met_253281_primary_000__marker_pdf_001__001.0b6a2c50..jpg..pdf,789531,62,2,1,0,0,0.2258064516129032,document,0,0,0,0,0,1,0,1,0,0,26,7.96461672220918,5.250824256483538,0.3856213372242508,0.0135194184902176,256,19,0,0,0,0,0,0,0,0,0,0,0,0.0,0
1,met_253281_primary_000__marker_pdf_002__001.144a5192..jpg..pdf,data/raw/image_anomaly/anomalous/mitra/files/jpg/met_253281_primary_000/d377d9fbede320091598/met_253281_primary_000__marker_pdf_002__001.144a5192..jpg..pdf,791322,62,2,1,0,0,0.2258064516129032,document,0,0,0,0,0,1,0,1,0,0,26,7.96443349439538,5.072845754531357,0.3869638402571899,0.0134888199746752,256,19,0,0,0,0,0,0,0,0,0,0,0,0.0,0
1,met_253281_primary_000__marker_zip_002__001.68084af3..jpg..zip,data/raw/image_anomaly/anomalous/mitra/files/jpg/met_253281_primary_000/f4aea848bb9ee840686c/met_253281_primary_000__marker_zip_002__001.68084af3..jpg..zip,820522,62,2,1,0,0,0.2258064516129032,archive,0,0,0,1,0,1,0,1,0,0,27,7.9672540747650045,7.988340858219542,0.3836313956237615,0.013276913964525,256,19,0,0,0,0,0,0,0,0,0,0,0,0.0,0
1,met_253281_primary_000__marker_zip_002__002.c38c4481..zip..jpg,data/raw/image_anomaly/anomalous/mitra/files/jpg/met_253281_primary_000/f4aea848bb9ee840686c/met_253281_primary_000__marker_zip_002__002.c38c4481..zip..jpg,820518,62,2,1,0,0,0.2258064516129032,image,0,0,0,1,0,1,1,0,0,0,27,7.967253378634565,6.886391301583334,0.3836320470727029,0.013276978689072,256,19,0,0,0,0,0,0,0,2,0,0,0,0.0400564033939535,0
1,met_255372_primary_000__marker_zip_002__001.34dc5f09..jpg..zip,data/raw/image_anomaly/anomalous/mitra/files/jpg/met_255372_primary_000/2ed5c678e96d51a88f8d/met_255372_primary_000__marker_zip_002__001.34dc5f09..jpg..zip,403940,62,2,1,0,0,0.2258064516129032,archive,0,0,0,1,0,1,0,1,0,0,6,7.888479837455377,7.988340858219542,0.3682502351834431,0.0181041738872109,256,11,0,0,0,0,0,0,0,0,0,0,0,0.0,0
1,met_255372_primary_000__marker_zip_002__002.d58897b0..zip..jpg,data/raw/image_anomaly/anomalous/mitra/files/jpg/met_255372_primary_000/2ed5c678e96d51a88f8d/met_255372_primary_000__marker_zip_002__002.d58897b0..zip..jpg,403936,62,2,1,0,0,0.2258064516129032,image,0,0,0,1,0,1,1,0,0,0,6,7.888478253191736,3.038136274676272,0.3682514061633526,0.0181043531648577,256,11,0,0,0,0,0,0,0,2,0,0,0,0.0813668501940901,0
1,met_255372_primary_000__marker_pdf_001__001.ad3d84ff..jpg..pdf,data/raw/image_anomaly/anomalous/mitra/files/jpg/met_255372_primary_000/37bf44deac27c8a1ca4d/met_255372_primary_000__marker_pdf_001__001.ad3d84ff..jpg..pdf,372949,62,2,1,0,0,0.2258064516129032,document,0,0,0,0,0,1,0,1,0,0,5,7.869615142389311,5.250824256483538,0.371184800066497,0.0190186862010623,256,11,0,0,0,0,0,0,0,0,0,0,0,0.0,0
1,met_255372_primary_000__marker_pdf_002__001.5f0fefd9..jpg..pdf,data/raw/image_anomaly/anomalous/mitra/files/jpg/met_255372_primary_000/aab4d825e4e71c5f5401/met_255372_primary_000__marker_pdf_002__001.5f0fefd9..jpg..pdf,374740,62,2,1,0,0,0.2258064516129032,document,0,0,0,0,0,1,0,1,0,0,5,7.870309436834643,5.072845754531357,0.3740887014997064,0.0189277899343544,256,11,0,0,0,0,0,0,0,0,0,0,0,0.0,0
1,met_255372_primary_000__marker_zip_001__001.d74ba563..jpg..zip,data/raw/image_anomaly/anomalous/mitra/files/jpg/met_255372_primary_000/db42c460d6f55262741e/met_255372_primary_000__marker_zip_001__001.d74ba563..jpg..zip,371454,62,2,1,0,0,0.2258064516129032,archive,0,0,0,1,0,1,0,1,0,0,6,7.868885918842126,4.339211884330469,0.3678005890365967,0.0193321380305502,256,11,0,0,0,0,0,0,0,0,0,0,0,0.0,0
1,met_255372_primary_000__marker_zip_001__002.1acb13b5..zip..jpg,data/raw/image_anomaly/anomalous/mitra/files/jpg/met_255372_primary_000/db42c460d6f55262741e/met_255372_primary_000__marker_zip_001__002.1acb13b5..zip..jpg,371450,62,2,1,0,0,0.2258064516129032,image,0,0,0,1,0,1,1,0,0,0,6,7.868882600199361,3.038136274676272,0.3678018575851393,0.0193323462107955,256,11,0,0,0,0,0,0,0,2,0,0,0,0.0057800511508951,0
1,met_25538_primary_000__marker_zip_001__001.7db5c6e4..jpg..zip,data/raw/image_anomaly/anomalous/mitra/files/jpg/met_25538_primary_000/240998827a4cc10b871f/met_25538_primary_000__marker_zip_001__001.7db5c6e4..jpg..zip,2056175,61,2,1,0,0,0.2295081967213114,archive,0,0,0,1,0,1,0,1,0,0,32,7.944244102592741,5.334716708374117,0.3676491543764514,0.0131807847094726,256,17,0,0,0,0,0,0,0,0,0,0,0,0.0,0
1,met_25538_primary_000__marker_zip_001__002.75ef0c40..zip..jpg,data/raw/image_anomaly/anomalous/mitra/files/jpg/met_25538_primary_000/240998827a4cc10b871f/met_25538_primary_000__marker_zip_001__002.75ef0c40..zip..jpg,2056171,61,2,1,0,0,0.2295081967213114,image,0,0,0,1,0,1,1,0,0,0,32,7.944244062947578,5.4951464162462536,0.3676493832468214,0.01318081035089,256,17,0,0,0,0,0,0,0,2,0,0,0,0.00104417385519,0
1,met_25538_primary_000__marker_zip_002__001.3775f1cb..jpg..zip,data/raw/image_anomaly/anomalous/mitra/files/jpg/met_25538_primary_000/2d03477265c0b4a0f717/met_25538_primary_000__marker_zip_002__001.3775f1cb..jpg..zip,2088661,61,2,1,0,0,0.2295081967213114,archive,0,0,0,1,0,1,0,1,0,0,32,7.94585189148921,7.988340858219542,0.3677384697660367,0.0130389756882519,256,17,0,0,0,0,0,0,0,0,0,0,0,0.0,0
1,met_25538_primary_000__marker_zip_002__002.110097aa..zip..jpg,data/raw/image_anomaly/anomalous/mitra/files/jpg/met_25538_primary_000/2d03477265c0b4a0f717/met_25538_primary_000__marker_zip_002__002.110097aa..zip..jpg,2088657,61,2,1,0,0,0.2295081967213114,image,0,0,0,1,0,1,1,0,0,0,32,7.945851898192132,5.4951464162462536,0.3677386952477118,0.0130390006592753,256,17,0,0,0,0,0,0,0,2,0,0,0,0.0157359489854006,0
1,met_25538_primary_000__marker_pdf_001__001.5c3c84ef..jpg..pdf,data/raw/image_anomaly/anomalous/mitra/files/jpg/met_25538_primary_000/861c2f165bd784dd1d78/met_25538_primary_000__marker_pdf_001__001.5c3c84ef..jpg..pdf,2057670,61,2,1,0,0,0.2295081967213114,document,0,0,0,0,0,1,0,1,0,0,31,7.944266788146112,5.250824256483538,0.3682626465857013,0.0131284413924487,256,17,0,0,0,0,0,0,0,0,0,0,0,0.0,0
1,met_25538_primary_000__marker_pdf_002__001.3f295ce8..jpg..pdf,data/raw/image_anomaly/anomalous/mitra/files/jpg/met_25538_primary_000/e355f94d40f716db264e/met_25538_primary_000__marker_pdf_002__001.3f295ce8..jpg..pdf,2059461,61,2,1,0,0,0.2295081967213114,document,0,0,0,0,0,1,0,1,0,0,31,7.944293237064069,5.072845754531357,0.3687935823985013,0.0131170243087875,256,17,0,0,0,0,0,0,0,0,0,0,0,0.0,0
1,met_261508_primary_000__marker_zip_002__001.ff9677d4..jpg..zip,data/raw/image_anomaly/anomalous/mitra/files/jpg/met_261508_primary_000/4861ca7bf4175cdb5902/met_261508_primary_000__marker_zip_002__001.ff9677d4..jpg..zip,1594516,62,2,1,0,0,0.2258064516129032,archive,0,0,0,1,0,1,0,1,0,0,32,7.969937521395661,7.988340858219542,0.3705199571531424,0.010374935090021,256,6,0,0,0,0,0,0,0,0,0,0,0,0.0,0
1,met_261508_primary_000__marker_zip_002__002.f73b96e3..zip..jpg,data/raw/image_anomaly/anomalous/mitra/files/jpg/met_261508_primary_000/4861ca7bf4175cdb5902/met_261508_primary_000__marker_zip_002__002.f73b96e3..zip..jpg,1594512,62,2,1,0,0,0.2258064516129032,image,0,0,0,1,0,1,1,0,0,0,32,7.969937536087455,3.538875312204719,0.3705202594900508,0.01037496111663,256,6,0,0,0,0,0,0,0,2,0,0,0,0.0206125761361469,0
1,met_261508_primary_000__marker_pdf_001__001.8163a4f0..jpg..pdf,data/raw/image_anomaly/anomalous/mitra/files/jpg/met_261508_primary_000/7c5bbb7ab16300d23383/met_261508_primary_000__marker_pdf_001__001.8163a4f0..jpg..pdf,1563525,62,2,1,0,0,0.2258064516129032,document,0,0,0,0,0,1,0,1,0,0,31,7.968747807510345,5.250824256483538,0.371264930205785,0.0104398714443325,256,6,0,0,0,0,0,0,0,0,0,0,0,0.0,0
1,met_261508_primary_000__marker_pdf_002__001.c0f60121..jpg..pdf,data/raw/image_anomaly/anomalous/mitra/files/jpg/met_261508_primary_000/bbc92d87863b7c7d2638/met_261508_primary_000__marker_pdf_002__001.c0f60121..jpg..pdf,1565316,62,2,1,0,0,0.2258064516129032,document,0,0,0,0,0,1,0,1,0,0,31,7.968735704206521,5.072845754531357,0.3719600387397816,0.0104279263739717,256,6,0,0,0,0,0,0,0,0,0,0,0,0.0,0
1,met_261508_primary_000__marker_zip_001__001.8840045a..jpg..zip,data/raw/image_anomaly/anomalous/mitra/files/jpg/met_261508_primary_000/f4ef715061f7b86fb101/met_261508_primary_000__marker_zip_001__001.8840045a..jpg..zip,1562030,62,2,1,0,0,0.2258064516129032,archive,0,0,0,1,0,1,0,1,0,0,32,7.968719594368749,3.5359726766086284,0.3704602344385191,0.0105062002650397,256,6,0,0,0,0,0,0,0,0,0,0,0,0.0,0
1,met_261508_primary_000__marker_zip_001__002.6c73f2ae..zip..jpg,data/raw/image_anomaly/anomalous/mitra/files/jpg/met_261508_primary_000/f4ef715061f7b86fb101/met_261508_primary_000__marker_zip_001__002.6c73f2ae..zip..jpg,1562026,62,2,1,0,0,0.2258064516129032,image,0,0,0,1,0,1,1,0,0,0,32,7.968719432558151,3.538875312204719,0.3704605429102973,0.010506227169074,256,6,0,0,0,0,0,0,0,2,0,0,0,0.0013744969674,0
1,met_26579_primary_000__marker_pdf_001__001.4d33e77d..jpg..pdf,data/raw/image_anomaly/anomalous/mitra/files/jpg/met_26579_primary_000/1b08b693cb4165dde5ca/met_26579_primary_000__marker_pdf_001__001.4d33e77d..jpg..pdf,1107515,61,2,1,0,0,0.2295081967213114,document,0,0,0,0,0,1,0,1,0,0,15,7.972007868325478,5.250824256483538,0.3702586420951409,0.0084983047633666,256,6,0,0,1,0,0,0,1,0,0,0,0,0.0,0
1,met_26579_primary_000__marker_zip_001__001.0eb8d6e0..jpg..zip,data/raw/image_anomaly/anomalous/mitra/files/jpg/met_26579_primary_000/2268bca1ff0d50a04c59/met_26579_primary_000__marker_zip_001__001.0eb8d6e0..jpg..zip,1106020,61,2,1,0,0,0.2295081967213114,archive,0,0,0,1,0,1,0,1,0,0,16,7.971892668871839,3.4971174665721865,0.3691208115585613,0.0085893564311676,256,6,0,0,1,0,0,0,1,0,0,0,0,0.0,0
1,met_26579_primary_000__marker_zip_001__002.cf3e07f9..zip..jpg,data/raw/image_anomaly/anomalous/mitra/files/jpg/met_26579_primary_000/2268bca1ff0d50a04c59/met_26579_primary_000__marker_zip_001__002.cf3e07f9..zip..jpg,1106016,61,2,1,0,0,0.2295081967213114,image,0,0,0,1,0,1,1,0,0,0,16,7.971892212939273,3.4795016866352944,0.3691212423690073,0.0085893874952984,256,6,0,0,1,0,0,0,1,2,0,0,0,0.0019412015739374,0
1,met_26579_primary_000__marker_pdf_002__001.45fe3b23..jpg..pdf,data/raw/image_anomaly/anomalous/mitra/files/jpg/met_26579_primary_000/356ff3836bdd0197f4c9/met_26579_primary_000__marker_pdf_002__001.45fe3b23..jpg..pdf,1109306,61,2,1,0,0,0.2295081967213114,document,0,0,0,0,0,1,0,1,0,0,15,7.972036726784556,5.072845754531357,0.371241118320824,0.0084845840552561,256,6,0,0,1,0,0,0,1,0,0,0,0,0.0,0
1,met_26579_primary_000__marker_zip_002__001.25faa6fc..jpg..zip,data/raw/image_anomaly/anomalous/mitra/files/jpg/met_26579_primary_000/f07fab7aa6cb1cf0b2f4/met_26579_primary_000__marker_zip_002__001.25faa6fc..jpg..zip,1138506,61,2,1,0,0,0.2295081967213114,archive,0,0,0,1,0,1,0,1,0,0,16,7.973445138264226,7.988340858219542,0.3692426741712384,0.0084602101350366,256,6,0,0,1,0,0,0,1,0,0,0,0,0.0,0
1,met_26579_primary_000__marker_zip_002__002.0a32f32b..zip..jpg,data/raw/image_anomaly/anomalous/mitra/files/jpg/met_26579_primary_000/f07fab7aa6cb1cf0b2f4/met_26579_primary_000__marker_zip_002__002.0a32f32b..zip..jpg,1138502,61,2,1,0,0,0.2295081967213114,image,0,0,0,1,0,1,1,0,0,0,16,7.973444657934997,3.4795016866352944,0.3692430931170959,0.0084602398590428,256,6,0,0,1,0,0,0,1,2,0,0,0,0.0288686361552285,0
1,met_265904_primary_000__marker_pdf_001__001.71156a48..jpg..pdf,data/raw/image_anomaly/anomalous/mitra/files/jpg/met_265904_primary_000/52435c17a582be140b7f/met_265904_primary_000__marker_pdf_001__001.71156a48..jpg..pdf,2528077,62,2,1,0,0,0.2258064516129032,document,0,0,0,0,0,1,0,1,0,0,57,7.983046255737004,5.250824256483538,0.3765391639574269,0.0070187735579256,256,6,0,0,0,0,0,0,0,0,0,0,0,0.0,0
1,met_265904_primary_000__marker_zip_001__001.5b3cd7a3..jpg..zip,data/raw/image_anomaly/anomalous/mitra/files/jpg/met_265904_primary_000/8cf6f4cfb7f11a29786b/met_265904_primary_000__marker_zip_001__001.5b3cd7a3..jpg..zip,2526582,62,2,1,0,0,0.2258064516129032,archive,0,0,0,1,0,1,0,1,0,0,58,7.983010354034332,3.483639706201381,0.3760447909468206,0.007057756288931,256,6,0,0,0,0,0,0,0,0,0,0,0,0.0,0
1,met_265904_primary_000__marker_zip_001__002.652d2b4d..zip..jpg,data/raw/image_anomaly/anomalous/mitra/files/jpg/met_265904_primary_000/8cf6f4cfb7f11a29786b/met_265904_primary_000__marker_zip_001__002.652d2b4d..zip..jpg,2526578,62,2,1,0,0,0.2258064516129032,image,0,0,0,1,0,1,1,0,0,0,58,7.983009765787283,3.220503723318183,0.376044990497028,0.0070577674625521,256,6,0,0,0,0,0,0,0,2,0,0,0,0.0008497659680405,0
1,met_265904_primary_000__marker_zip_002__001.45d2319f..jpg..zip,data/raw/image_anomaly/anomalous/mitra/files/jpg/met_265904_primary_000/934500c17e2b1ac0ba7e/met_265904_primary_000__marker_zip_002__001.45d2319f..jpg..zip,2559068,62,2,1,0,0,0.2258064516129032,archive,0,0,0,1,0,1,0,1,0,0,58,7.983434801522069,7.988340858219542,0.3760111102948417,0.0070197431252315,256,6,0,0,0,0,0,0,0,0,0,0,0,0.0,0
1,met_265904_primary_000__marker_zip_002__002.4e2b9d47..zip..jpg,data/raw/image_anomaly/anomalous/mitra/files/jpg/met_265904_primary_000/934500c17e2b1ac0ba7e/met_265904_primary_000__marker_zip_002__002.4e2b9d47..zip..jpg,2559064,62,2,1,0,0,0.2258064516129032,image,0,0,0,1,0,1,1,0,0,0,58,7.983434491141721,3.220503723318183,0.3760113072592166,0.0070197540975919,256,6,0,0,0,0,0,0,0,2,0,0,0,0.0128433677313267,0
1,met_265904_primary_000__marker_pdf_002__001.6ed4e9d7..jpg..pdf,data/raw/image_anomaly/anomalous/mitra/files/jpg/met_265904_primary_000/96bec95152b8a829c35b/met_265904_primary_000__marker_pdf_002__001.6ed4e9d7..jpg..pdf,2529868,62,2,1,0,0,0.2258064516129032,document,0,0,0,0,0,1,0,1,0,0,57,7.983041591110551,5.072845754531357,0.3769655175685055,0.0070138046728129,256,6,0,0,0,0,0,0,0,0,0,0,0,0.0,0
1,met_268573_primary_000__marker_pdf_002__001.634c014e..jpg..pdf,data/raw/image_anomaly/anomalous/mitra/files/jpg/met_268573_primary_000/2ea288986c4106287b28/met_268573_primary_000__marker_pdf_002__001.634c014e..jpg..pdf,2165766,62,2,1,0,0,0.2258064516129032,document,0,0,0,0,0,1,0,1,0,0,37,7.975986225768025,5.072845754531357,0.380557733383939,0.0072025324988941,256,6,1,0,0,0,0,0,0,0,0,0,0,0.0,0
1,met_268573_primary_000__marker_zip_002__001.26e07bab..jpg..zip,data/raw/image_anomaly/anomalous/mitra/files/jpg/met_268573_primary_000/70fd1872b2938f99a7ff/met_268573_primary_000__marker_zip_002__001.26e07bab..jpg..zip,2194966,62,2,1,0,0,0.2258064516129032,archive,0,0,0,1,0,1,0,1,0,0,38,7.976687178522429,7.988340858219542,0.3793972207314373,0.0072069453467616,256,6,1,0,0,0,0,0,0,0,0,0,0,0.0,0
1,met_268573_primary_000__marker_zip_002__002.c0b2605a..zip..jpg,data/raw/image_anomaly/anomalous/mitra/files/jpg/met_268573_primary_000/70fd1872b2938f99a7ff/met_268573_primary_000__marker_zip_002__002.c0b2605a..zip..jpg,2194962,62,2,1,0,0,0.2258064516129032,image,0,0,0,1,0,1,1,0,0,0,38,7.976686795442403,3.47506680078642,0.3793974565391109,0.0072069584803746,256,6,1,0,0,0,0,0,0,2,0,0,0,0.0149738355379273,0
1,met_268573_primary_000__marker_zip_001__001.26d1dee2..jpg..zip,data/raw/image_anomaly/anomalous/mitra/files/jpg/met_268573_primary_000/99330b5cb1babadefa55/met_268573_primary_000__marker_zip_001__001.26d1dee2..jpg..zip,2162480,62,2,1,0,0,0.2258064516129032,archive,0,0,0,1,0,1,0,1,0,0,38,7.975987683478582,3.4883585070763377,0.3794874403462691,0.0072541711368428,256,6,1,0,0,0,0,0,0,0,0,0,0,0.0,0
1,met_268573_primary_000__marker_zip_001__002.a031926b..zip..jpg,data/raw/image_anomaly/anomalous/mitra/files/jpg/met_268573_primary_000/99330b5cb1babadefa55/met_268573_primary_000__marker_zip_001__002.a031926b..zip..jpg,2162476,62,2,1,0,0,0.2258064516129032,image,0,0,0,1,0,1,1,0,0,0,38,7.975986870845338,3.47506680078642,0.3794876798632678,0.0072541845551118,256,6,1,0,0,0,0,0,0,2,0,0,0,0.0009928433887821,0
1,met_268573_primary_000__marker_pdf_001__001.64bfee3b..jpg..pdf,data/raw/image_anomaly/anomalous/mitra/files/jpg/met_268573_primary_000/a5d0ad4a44f5fcf4318c/met_268573_primary_000__marker_pdf_001__001.64bfee3b..jpg..pdf,2163975,62,2,1,0,0,0.2258064516129032,document,0,0,0,0,0,1,0,1,0,0,37,7.976002223555833,5.250824256483538,0.3800626162501877,0.0072084936286232,256,6,1,0,0,0,0,0,0,0,0,0,0,0.0,0
1,met_282180_primary_000__marker_zip_001__001.5ff57737..jpg..zip,data/raw/image_anomaly/anomalous/mitra/files/jpg/met_282180_primary_000/5b19ddcfb44cd7dba8f0/met_282180_primary_000__marker_zip_001__001.5ff57737..jpg..zip,1780552,62,2,1,0,0,0.2258064516129032,archive,0,0,0,1,0,1,0,1,0,0,53,7.951041474247058,3.4849031790825387,0.3834383943855613,0.0089298150236555,256,6,0,0,1,0,0,0,1,0,0,0,0,0.0,0
1,met_282180_primary_000__marker_zip_001__002.9456a717..zip..jpg,data/raw/image_anomaly/anomalous/mitra/files/jpg/met_282180_primary_000/5b19ddcfb44cd7dba8f0/met_282180_primary_000__marker_zip_001__002.9456a717..zip..jpg,1780548,62,2,1,0,0,0.2258064516129032,image,0,0,0,1,0,1,1,0,0,0,53,7.951040672921584,3.469795298248201,0.3834386941548332,0.0089298350844796,256,6,0,0,1,0,0,0,1,2,0,0,0,0.0012058085488287,0
1,met_282180_primary_000__marker_pdf_001__001.143a61e8..jpg..pdf,data/raw/image_anomaly/anomalous/mitra/files/jpg/met_282180_primary_000/d8a19e35f15d9e9636cf/met_282180_primary_000__marker_pdf_001__001.143a61e8..jpg..pdf,1782047,62,2,1,0,0,0.2258064516129032,document,0,0,0,0,0,1,0,1,0,0,52,7.951139515025069,5.250824256483538,0.3841335273424326,0.0088729421839042,256,6,0,0,1,0,0,0,1,0,0,0,0,0.0,0
1,met_282180_primary_000__marker_zip_002__001.1b57c4a1..jpg..zip,data/raw/image_anomaly/anomalous/mitra/files/jpg/met_282180_primary_000/dc3115db91c616962bba/met_282180_primary_000__marker_zip_002__001.1b57c4a1..jpg..zip,1813038,62,2,1,0,0,0.2258064516129032,archive,0,0,0,1,0,1,0,1,0,0,53,7.952744961381427,7.988340858219542,0.383258376272312,0.0088426166467553,256,6,0,0,1,0,0,0,1,0,0,0,0,0.0,0
1,met_282180_primary_000__marker_zip_002__002.e9d7a3e1..zip..jpg,data/raw/image_anomaly/anomalous/mitra/files/jpg/met_282180_primary_000/dc3115db91c616962bba/met_282180_primary_000__marker_zip_002__002.e9d7a3e1..zip..jpg,1813034,62,2,1,0,0,0.2258064516129032,image,0,0,0,1,0,1,1,0,0,0,53,7.95274440824359,3.469795298248201,0.3832586702731443,0.0088426361557477,256,6,0,0,1,0,0,0,1,2,0,0,0,0.0181281763055739,0
1,met_282180_primary_000__marker_pdf_002__001.4fe070bf..jpg..pdf,data/raw/image_anomaly/anomalous/mitra/files/jpg/met_282180_primary_000/ee571377524585dc950b/met_282180_primary_000__marker_pdf_002__001.4fe070bf..jpg..pdf,1783838,62,2,1,0,0,0.2258064516129032,document,0,0,0,0,0,1,0,1,0,0,52,7.951159222957627,5.072845754531357,0.3847305640983093,0.0088640336174024,256,6,0,0,1,0,0,0,1,0,0,0,0,0.0,0
1,met_286965_primary_000__marker_pdf_002__001.58439210..jpg..pdf,data/raw/image_anomaly/anomalous/mitra/files/jpg/met_286965_primary_000/03bca603c0d9a7696cd5/met_286965_primary_000__marker_pdf_002__001.58439210..jpg..pdf,1803359,62,2,1,0,0,0.2258064516129032,document,0,0,0,0,0,1,0,1,0,0,25,7.969677455961976,5.072845754531357,0.3739543817953053,0.0084758497891989,256,6,0,0,0,0,0,0,0,0,0,0,0,0.0,0
1,met_286965_primary_000__marker_zip_002__001.80e1cedb..jpg..zip,data/raw/image_anomaly/anomalous/mitra/files/jpg/met_286965_primary_000/215762e28e0c56d746d6/met_286965_primary_000__marker_zip_002__001.80e1cedb..jpg..zip,1832559,62,2,1,0,0,0.2258064516129032,archive,0,0,0,1,0,1,0,1,0,0,26,7.970590471691535,7.988340858219542,0.3726695838987994,0.0084608462810747,256,6,0,0,0,0,0,0,0,0,0,0,0,0.0,0
1,met_286965_primary_000__marker_zip_002__002.d9d40992..zip..jpg,data/raw/image_anomaly/anomalous/mitra/files/jpg/met_286965_primary_000/215762e28e0c56d746d6/met_286965_primary_000__marker_zip_002__002.d9d40992..zip..jpg,1832555,62,2,1,0,0,0.2258064516129032,image,0,0,0,1,0,1,1,0,0,0,26,7.970590378338017,3.499653371593608,0.3726698516552027,0.0084608647489434,256,6,0,0,0,0,0,0,0,2,0,0,0,0.0179350687973894,0
1,met_286965_primary_000__marker_pdf_001__001.33752650..jpg..pdf,data/raw/image_anomaly/anomalous/mitra/files/jpg/met_286965_primary_000/6d9b62821a14916479c1/met_286965_primary_000__marker_pdf_001__001.33752650..jpg..pdf,1801568,62,2,1,0,0,0.2258064516129032,document,0,0,0,0,0,1,0,1,0,0,25,7.969639538289218,5.250824256483538,0.3733531012984245,0.0084842759196433,256,6,0,0,0,0,0,0,0,0,0,0,0,0.0,0
1,met_286965_primary_000__marker_zip_001__001.73abf81a..jpg..zip,data/raw/image_anomaly/anomalous/mitra/files/jpg/met_286965_primary_000/9548df5c440846b370b2/met_286965_primary_000__marker_zip_001__001.73abf81a..jpg..zip,1800073,62,2,1,0,0,0.2258064516129032,archive,0,0,0,1,0,1,0,1,0,0,26,7.969526509613771,3.4967845095728896,0.3726565533731132,0.0085402092026267,256,6,0,0,0,0,0,0,0,0,0,0,0,0.0,0
1,met_286965_primary_000__marker_zip_001__002.3ebd5607..zip..jpg,data/raw/image_anomaly/anomalous/mitra/files/jpg/met_286965_primary_000/9548df5c440846b370b2/met_286965_primary_000__marker_zip_001__002.3ebd5607..zip..jpg,1800069,62,2,1,0,0,0.2258064516129032,image,0,0,0,1,0,1,1,0,0,0,26,7.96952588272793,3.499653371593608,0.3726568259327837,0.0085402281801419,256,6,0,0,0,0,0,0,0,2,0,0,0,0.0011927320563822,0
1,met_287019_primary_000__marker_zip_002__001.a52f70b6..jpg..zip,data/raw/image_anomaly/anomalous/mitra/files/jpg/met_287019_primary_000/2ebef2a38fe98637d3fb/met_287019_primary_000__marker_zip_002__001.a52f70b6..jpg..zip,2054268,62,2,1,0,0,0.2258064516129032,archive,0,0,0,1,0,1,0,1,0,0,44,7.96224264438736,7.988340858219542,0.3792255927658903,0.0085904078727799,256,6,0,0,0,0,0,0,0,0,0,0,0,0.0,0
1,met_287019_primary_000__marker_zip_002__002.19dc70c3..zip..jpg,data/raw/image_anomaly/anomalous/mitra/files/jpg/met_287019_primary_000/2ebef2a38fe98637d3fb/met_287019_primary_000__marker_zip_002__002.19dc70c3..zip..jpg,2054264,62,2,1,0,0,0.2258064516129032,image,0,0,0,1,0,1,1,0,0,0,44,7.96224228415628,3.501289257207372,0.3792258443900102,0.0085904245997593,256,6,0,0,0,0,0,0,0,2,0,0,0,0.0159994041661636,0
1,met_287019_primary_000__marker_pdf_002__001.05f3cb8c..jpg..pdf,data/raw/image_anomaly/anomalous/mitra/files/jpg/met_287019_primary_000/41061e9daa31968b57cb/met_287019_primary_000__marker_pdf_002__001.05f3cb8c..jpg..pdf,2025068,62,2,1,0,0,0.2258064516129032,document,0,0,0,0,0,1,0,1,0,0,43,7.96116013632102,5.072845754531357,0.3804642609532124,0.0086056369465124,256,6,0,0,0,0,0,0,0,0,0,0,0,0.0,0
1,met_287019_primary_000__marker_zip_001__001.bdb5b4fa..jpg..zip,data/raw/image_anomaly/anomalous/mitra/files/jpg/met_287019_primary_000/544a5ef3d6e08e199973/met_287019_primary_000__marker_zip_001__001.bdb5b4fa..jpg..zip,2021782,62,2,1,0,0,0.2258064516129032,archive,0,0,0,1,0,1,0,1,0,0,44,7.9610482181143585,3.496626148991141,0.3793193331427424,0.0086631496373001,256,6,0,0,0,0,0,0,0,0,0,0,0,0.0,0
1,met_287019_primary_000__marker_zip_001__002.872957ec..zip..jpg,data/raw/image_anomaly/anomalous/mitra/files/jpg/met_287019_primary_000/544a5ef3d6e08e199973/met_287019_primary_000__marker_zip_001__002.872957ec..zip..jpg,2021778,62,2,1,0,0,0.2258064516129032,image,0,0,0,1,0,1,1,0,0,0,44,7.9610477229124115,3.501289257207372,0.3793195889954288,0.0086631667769656,256,6,0,0,0,0,0,0,0,2,0,0,0,0.0010619365726603,0
1,met_287019_primary_000__marker_pdf_001__001.02a8b959..jpg..pdf,data/raw/image_anomaly/anomalous/mitra/files/jpg/met_287019_primary_000/afbad07be6f41b5d1d77/met_287019_primary_000__marker_pdf_001__001.02a8b959..jpg..pdf,2023277,62,2,1,0,0,0.2258064516129032,document,0,0,0,0,0,1,0,1,0,0,43,7.961134197272533,5.250824256483538,0.3799346307994407,0.0086132546359198,256,6,0,0,0,0,0,0,0,0,0,0,0,0.0,0
1,met_288502_primary_000__marker_pdf_002__001.9a0ceb52..jpg..pdf,data/raw/image_anomaly/anomalous/mitra/files/jpg/met_288502_primary_000/08aaa652b5af11453794/met_288502_primary_000__marker_pdf_002__001.9a0ceb52..jpg..pdf,974505,62,2,1,0,0,0.2258064516129032,document,0,0,0,0,0,1,0,1,0,0,20,7.969252784760735,5.072845754531357,0.3775362876537319,0.0092723998337617,256,6,0,0,0,0,0,0,0,0,0,0,0,0.0,0
1,met_288502_primary_000__marker_pdf_001__001.cbc42463..jpg..pdf,data/raw/image_anomaly/anomalous/mitra/files/jpg/met_288502_primary_000/7ed1399555213703dcfa/met_288502_primary_000__marker_pdf_001__001.cbc42463..jpg..pdf,972714,62,2,1,0,0,0.2258064516129032,document,0,0,0,0,0,1,0,1,0,0,20,7.969308994989614,5.250824256483538,0.3764292484738576,0.0092894725479431,256,6,0,0,0,0,0,0,0,0,0,0,0,0.0,0
1,met_288502_primary_000__marker_zip_001__001.39a81dc2..jpg..zip,data/raw/image_anomaly/anomalous/mitra/files/jpg/met_288502_primary_000/a8cb585f14519785d79a/met_288502_primary_000__marker_zip_001__001.39a81dc2..jpg..zip,971219,62,2,1,0,0,0.2258064516129032,archive,0,0,0,1,0,1,0,1,0,0,21,7.969276803286065,3.503568278698489,0.375142990406901,0.0093943796404312,256,6,0,0,0,0,0,0,0,0,0,0,0,0.0,0
1,met_288502_primary_000__marker_zip_001__002.49416a63..zip..jpg,data/raw/image_anomaly/anomalous/mitra/files/jpg/met_288502_primary_000/a8cb585f14519785d79a/met_288502_primary_000__marker_zip_001__002.49416a63..zip..jpg,971215,62,2,1,0,0,0.2258064516129032,image,0,0,0,1,0,1,1,0,0,0,21,7.969275963636737,3.507520287603996,0.3751435058148814,0.0093944183316773,256,6,0,0,0,0,0,0,0,2,0,0,0,0.0022106330730064,0
1,met_288502_primary_000__marker_zip_002__001.9fce7384..jpg..zip,data/raw/image_anomaly/anomalous/mitra/files/jpg/met_288502_primary_000/d53e6b30cb42ae0cb282/met_288502_primary_000__marker_zip_002__001.9fce7384..jpg..zip,1003705,62,2,1,0,0,0.2258064516129032,archive,0,0,0,1,0,1,0,1,0,0,21,7.971194383121323,7.988340858219542,0.3750863052390892,0.0092218331083336,256,6,0,0,0,0,0,0,0,0,0,0,0,0.0,0
1,met_288502_primary_000__marker_zip_002__002.8fc09f6e..zip..jpg,data/raw/image_anomaly/anomalous/mitra/files/jpg/met_288502_primary_000/d53e6b30cb42ae0cb282/met_288502_primary_000__marker_zip_002__002.8fc09f6e..zip..jpg,1003701,62,2,1,0,0,0.2258064516129032,image,0,0,0,1,0,1,1,0,0,0,21,7.971194307082852,3.507520287603996,0.3750868037393606,0.0092218698596494,256,6,0,0,0,0,0,0,0,2,0,0,0,0.03274580776546,0
1,met_29006_primary_000__marker_pdf_001__001.656ed730..jpg..pdf,data/raw/image_anomaly/anomalous/mitra/files/jpg/met_29006_primary_000/78c07f19e9cd7b140821/met_29006_primary_000__marker_pdf_001__001.656ed730..jpg..pdf,955301,61,2,1,0,0,0.2295081967213114,document,0,0,0,0,0,1,0,1,0,0,7,7.886713151810933,5.250824256483538,0.379326515935815,0.0160807954770276,256,15,0,2,0,0,0,2,2,0,0,0,0,0.0,0
1,met_29006_primary_000__marker_zip_001__001.2484129f..jpg..zip,data/raw/image_anomaly/anomalous/mitra/files/jpg/met_29006_primary_000/791584bfb01ab90554cf/met_29006_primary_000__marker_zip_001__001.2484129f..jpg..zip,953806,61,2,1,0,0,0.2295081967213114,archive,0,0,0,1,0,1,0,1,0,0,8,7.886921057673932,7.612292751341468,0.378021316703816,0.0161982625397617,256,15,0,2,0,0,0,2,2,0,0,0,0,0.0,0
1,met_29006_primary_000__marker_zip_001__002.5b17a9d0..zip..jpg,data/raw/image_anomaly/anomalous/mitra/files/jpg/met_29006_primary_000/791584bfb01ab90554cf/met_29006_primary_000__marker_zip_001__002.5b17a9d0..zip..jpg,953802,61,2,1,0,0,0.2295081967213114,image,0,0,0,1,0,1,1,0,0,0,8,7.886920037834714,7.376125582846034,0.378021853592255,0.016198330471104,256,15,0,2,0,0,0,2,2,2,0,0,0,0.0022509912958874,0
1,met_29006_primary_000__marker_pdf_002__001.f4c3eef4..jpg..pdf,data/raw/image_anomaly/anomalous/mitra/files/jpg/met_29006_primary_000/7e372eb47f70ac6445bd/met_29006_primary_000__marker_pdf_002__001.f4c3eef4..jpg..pdf,957092,61,2,1,0,0,0.2295081967213114,document,0,0,0,0,0,1,0,1,0,0,7,7.886697287564561,5.072845754531357,0.3804482745650366,0.0160507035896235,256,15,0,2,0,0,0,2,2,0,0,0,0,0.0,0
1,met_29006_primary_000__marker_zip_002__001.d930b472..jpg..zip,data/raw/image_anomaly/anomalous/mitra/files/jpg/met_29006_primary_000/c766b832f33142ee9320/met_29006_primary_000__marker_zip_002__001.d930b472..jpg..zip,986292,61,2,1,0,0,0.2295081967213114,archive,0,0,0,1,0,1,0,1,0,0,8,7.893691995376329,7.988340858219542,0.3778688258649568,0.0157985667530508,256,15,0,2,0,0,0,2,2,0,0,0,0,0.0,0
1,met_29006_primary_000__marker_zip_002__002.513b2f6f..zip..jpg,data/raw/image_anomaly/anomalous/mitra/files/jpg/met_29006_primary_000/c766b832f33142ee9320/met_29006_primary_000__marker_zip_002__002.513b2f6f..zip..jpg,986288,61,2,1,0,0,0.2295081967213114,image,0,0,0,1,0,1,1,0,0,0,8,7.893691739408279,7.376125582846034,0.3778693444511137,0.0157986308258845,256,15,0,2,0,0,0,2,2,2,0,0,0,0.0333239378356017,0
1,met_2951_additional_001__marker_zip_002__001.a75f5a98..jpg..zip,data/raw/image_anomaly/anomalous/mitra/files/jpg/met_2951_additional_001/189302a412d964612cff/met_2951_additional_001__marker_zip_002__001.a75f5a98..jpg..zip,1028145,63,2,1,0,0,0.2222222222222222,archive,0,0,0,1,0,1,0,1,0,0,10,7.895807259956406,7.988340858219542,0.3702610040412588,0.0223334257327517,256,17,0,0,0,0,0,0,0,0,0,0,0,0.0,0
1,met_2951_additional_001__marker_zip_002__002.35a663ef..zip..jpg,data/raw/image_anomaly/anomalous/mitra/files/jpg/met_2951_additional_001/189302a412d964612cff/met_2951_additional_001__marker_zip_002__002.35a663ef..zip..jpg,1028141,63,2,1,0,0,0.2222222222222222,image,0,0,0,1,0,1,1,0,0,0,10,7.895806648785116,4.841545633020036,0.3702614719187349,0.0223335126213233,256,17,0,0,0,0,0,0,0,2,0,0,0,0.0319674052488909,0
1,met_2951_additional_001__marker_zip_001__001.592ffa95..jpg..zip,data/raw/image_anomaly/anomalous/mitra/files/jpg/met_2951_additional_001/3c907015814380cf248e/met_2951_additional_001__marker_zip_001__001.592ffa95..jpg..zip,995659,63,2,1,0,0,0.2222222222222222,archive,0,0,0,1,0,1,0,1,0,0,10,7.889432297783301,5.570463303278423,0.3701588596095651,0.0229295371206407,256,17,0,0,0,0,0,0,0,0,0,0,0,0.0,0
1,met_2951_additional_001__marker_zip_001__002.4a392801..zip..jpg,data/raw/image_anomaly/anomalous/mitra/files/jpg/met_2951_additional_001/3c907015814380cf248e/met_2951_additional_001__marker_zip_001__002.4a392801..zip..jpg,995655,63,2,1,0,0,0.2222222222222222,image,0,0,0,1,0,1,1,0,0,0,10,7.88943129062663,4.841545633020036,0.370159342342478,0.0229296292390436,256,17,0,0,0,0,0,0,0,2,0,0,0,0.0021563694251522,0
1,met_2951_additional_001__marker_pdf_001__001.f93c66c2..jpg..pdf,data/raw/image_anomaly/anomalous/mitra/files/jpg/met_2951_additional_001/ed9c9cd4d63dce455602/met_2951_additional_001__marker_pdf_001__001.f93c66c2..jpg..pdf,997154,63,2,1,0,0,0.2222222222222222,document,0,0,0,0,0,1,0,1,0,0,9,7.88979671540961,5.250824256483538,0.3714210643491376,0.0228069084614813,256,17,0,0,0,0,0,0,0,0,0,0,0,0.0,0
1,met_2951_additional_001__marker_pdf_002__001.bac827a4..jpg..pdf,data/raw/image_anomaly/anomalous/mitra/files/jpg/met_2951_additional_001/f755c1a7c085f6e610c1/met_2951_additional_001__marker_pdf_002__001.bac827a4..jpg..pdf,998945,63,2,1,0,0,0.2222222222222222,document,0,0,0,0,0,1,0,1,0,0,9,7.890056519236338,5.072845754531357,0.3725099980479406,0.0227660181491473,256,17,0,0,0,0,0,0,0,0,0,0,0,0.0,0
1,met_2951_primary_000__marker_zip_002__001.5d451332..jpg..zip,data/raw/image_anomaly/anomalous/mitra/files/jpg/met_2951_primary_000/69a7aad9278125e41b4b/met_2951_primary_000__marker_zip_002__001.5d451332..jpg..zip,1602435,60,2,1,0,0,0.2333333333333333,archive,0,0,0,1,0,1,0,1,0,0,23,7.919142206818133,7.988340858219542,0.3669927329345652,0.021409916782896,256,17,0,0,0,0,0,0,0,0,0,0,0,0.0,0
1,met_2951_primary_000__marker_zip_002__002.87c2a44c..zip..jpg,data/raw/image_anomaly/anomalous/mitra/files/jpg/met_2951_primary_000/69a7aad9278125e41b4b/met_2951_primary_000__marker_zip_002__002.87c2a44c..zip..jpg,1602431,60,2,1,0,0,0.2333333333333333,image,0,0,0,1,0,1,1,0,0,0,23,7.919141987761525,4.842020377036639,0.3669930249726821,0.0214099702264871,256,17,0,0,0,0,0,0,0,2,0,0,0,0.0205107115376574,0
1,met_2951_primary_000__marker_pdf_001__001.b5d4bad3..jpg..pdf,data/raw/image_anomaly/anomalous/mitra/files/jpg/met_2951_primary_000/6f34a647dd62b426f7db/met_2951_primary_000__marker_pdf_001__001.b5d4bad3..jpg..pdf,1571444,60,2,1,0,0,0.2333333333333333,document,0,0,0,0,0,1,0,1,0,0,22,7.916340675599174,5.250824256483538,0.3676643902041689,0.0216921506588844,256,17,0,0,0,0,0,0,0,0,0,0,0,0.0,0
1,met_2951_primary_000__marker_pdf_002__001.6e88ee1d..jpg..pdf,data/raw/image_anomaly/anomalous/mitra/files/jpg/met_2951_primary_000/b631874a7fe4e5c8073b/met_2951_primary_000__marker_pdf_002__001.6e88ee1d..jpg..pdf,1573235,60,2,1,0,0,0.2333333333333333,document,0,0,0,0,0,1,0,1,0,0,22,7.916513221045155,5.072845754531357,0.36836009877736,0.0216674559109096,256,17,0,0,0,0,0,0,0,0,0,0,0,0.0,0
1,met_2951_primary_000__marker_zip_001__001.c0cd62e2..jpg..zip,data/raw/image_anomaly/anomalous/mitra/files/jpg/met_2951_primary_000/fc6f236010533e6c548a/met_2951_primary_000__marker_zip_001__001.c0cd62e2..jpg..zip,1569949,60,2,1,0,0,0.2333333333333333,archive,0,0,0,1,0,1,0,1,0,0,23,7.916049932714975,5.571076190622695,0.366860324762142,0.0217688600075543,256,17,0,0,0,0,0,0,0,0,0,0,0,0.0,0
1,met_2951_primary_000__marker_zip_001__002.f646ecbc..zip..jpg,data/raw/image_anomaly/anomalous/mitra/files/jpg/met_2951_primary_000/fc6f236010533e6c548a/met_2951_primary_000__marker_zip_001__002.f646ecbc..zip..jpg,1569945,60,2,1,0,0,0.2333333333333333,image,0,0,0,1,0,1,1,0,0,0,23,7.916049543185432,4.842020377036639,0.3668606225058839,0.0217689154715611,256,17,0,0,0,0,0,0,0,2,0,0,0,0.0013675638318539,0
1,met_306808_primary_000__marker_zip_002__001.31ef3882..jpg..zip,data/raw/image_anomaly/anomalous/mitra/files/jpg/met_306808_primary_000/0c4b89dc5c040e575fe4/met_306808_primary_000__marker_zip_002__001.31ef3882..jpg..zip,1595524,62,2,1,0,0,0.2258064516129032,archive,0,0,0,1,0,1,0,1,0,0,25,7.978225770973202,7.988340858219542,0.381524815671842,0.0097065290149192,256,24,0,0,0,0,0,0,0,0,0,0,0,0.0,0
1,met_306808_primary_000__marker_zip_002__002.0346e20f..zip..jpg,data/raw/image_anomaly/anomalous/mitra/files/jpg/met_306808_primary_000/0c4b89dc5c040e575fe4/met_306808_primary_000__marker_zip_002__002.0346e20f..zip..jpg,1595520,62,2,1,0,0,0.2258064516129032,image,0,0,0,1,0,1,1,0,0,0,25,7.9782254225586,4.775672276842607,0.38152514540714,0.0097065533493782,256,24,0,0,0,0,0,0,0,2,0,0,0,0.0205995537505014,0
1,met_306808_primary_000__marker_pdf_002__001.c6535ad0..jpg..pdf,data/raw/image_anomaly/anomalous/mitra/files/jpg/met_306808_primary_000/3e1c9c85aefa0d83cdb7/met_306808_primary_000__marker_pdf_002__001.c6535ad0..jpg..pdf,1566324,62,2,1,0,0,0.2258064516129032,document,0,0,0,0,0,1,0,1,0,0,24,7.977217103918961,5.072845754531357,0.383169127204844,0.0097470255196242,256,24,0,0,0,0,0,0,0,0,0,0,0,0.0,0
1,met_306808_primary_000__marker_pdf_001__001.8570d4fc..jpg..pdf,data/raw/image_anomaly/anomalous/mitra/files/jpg/met_306808_primary_000/49e8f424d89d09644a41/met_306808_primary_000__marker_pdf_001__001.8570d4fc..jpg..pdf,1564533,62,2,1,0,0,0.2258064516129032,document,0,0,0,0,0,1,0,1,0,0,24,7.977296031062267,5.250824256483538,0.3824872981266614,0.0097581834323724,256,24,0,0,0,0,0,0,0,0,0,0,0,0.0,0
1,met_306808_primary_000__marker_zip_001__001.9e523a94..jpg..zip,data/raw/image_anomaly/anomalous/mitra/files/jpg/met_306808_primary_000/bb8a2ef2e0577434d10d/met_306808_primary_000__marker_zip_001__001.9e523a94..jpg..zip,1563038,62,2,1,0,0,0.2258064516129032,archive,0,0,0,1,0,1,0,1,0,0,25,7.977351225797456,5.254344563479691,0.3816938551717873,0.009823817463171,256,24,0,0,0,0,0,0,0,0,0,0,0,0.0,0
1,met_306808_primary_000__marker_zip_001__002.ee6da838..zip..jpg,data/raw/image_anomaly/anomalous/mitra/files/jpg/met_306808_primary_000/bb8a2ef2e0577434d10d/met_306808_primary_000__marker_zip_001__002.ee6da838..zip..jpg,1563034,62,2,1,0,0,0.2258064516129032,image,0,0,0,1,0,1,1,0,0,0,25,7.977350428265052,4.775672276842607,0.3816941921928761,0.0098238426035518,256,24,0,0,0,0,0,0,0,2,0,0,0,0.0013736105548567,0
1,met_308346_primary_000__marker_zip_002__001.85dac73b..jpg..zip,data/raw/image_anomaly/anomalous/mitra/files/jpg/met_308346_primary_000/077aa552ef76652b6b2f/met_308346_primary_000__marker_zip_002__001.85dac73b..jpg..zip,508880,62,2,1,0,0,0.2258064516129032,archive,0,0,0,1,0,1,0,1,0,0,4,7.41763925291672,7.988340858219542,0.3517764502436724,0.0618888539537808,256,6,0,1,0,0,0,1,1,0,0,0,0,0.0,0
1,met_308346_primary_000__marker_zip_002__002.48f2735f..zip..jpg,data/raw/image_anomaly/anomalous/mitra/files/jpg/met_308346_primary_000/077aa552ef76652b6b2f/met_308346_primary_000__marker_zip_002__002.48f2735f..zip..jpg,508876,62,2,1,0,0,0.2258064516129032,image,0,0,0,1,0,1,1,0,0,0,4,7.417627096463536,3.470816917720641,0.3517772502534999,0.0618893404287095,256,6,0,1,0,0,0,1,1,2,0,0,0,0.0645874436994474,0
1,met_308346_primary_000__marker_zip_001__001.e33a7e11..jpg..zip,data/raw/image_anomaly/anomalous/mitra/files/jpg/met_308346_primary_000/7539fd84cd5bdc7c1247/met_308346_primary_000__marker_zip_001__001.e33a7e11..jpg..zip,476394,62,2,1,0,0,0.2258064516129032,archive,0,0,0,1,0,1,0,1,0,0,4,7.345787535306582,3.4698528298128752,0.3503024807197404,0.065832063376113,256,6,0,1,0,0,0,1,1,0,0,0,0,0.0,0
1,met_308346_primary_000__marker_zip_001__002.52087b4e..zip..jpg,data/raw/image_anomaly/anomalous/mitra/files/jpg/met_308346_primary_000/7539fd84cd5bdc7c1247/met_308346_primary_000__marker_zip_001__002.52087b4e..zip..jpg,476390,62,2,1,0,0,0.2258064516129032,image,0,0,0,1,0,1,1,0,0,0,4,7.345770202603144,3.470816917720641,0.3503033229077016,0.0658326161338399,256,6,0,1,0,0,0,1,1,2,0,0,0,0.0045068116459203,0
1,met_308346_primary_000__marker_pdf_002__001.7386819b..jpg..pdf,data/raw/image_anomaly/anomalous/mitra/files/jpg/met_308346_primary_000/82106016b0f8dfda1c1b/met_308346_primary_000__marker_pdf_002__001.7386819b..jpg..pdf,479680,62,2,1,0,0,0.2258064516129032,document,0,0,0,0,0,1,0,1,0,0,3,7.35180770642839,5.072845754531357,0.3553348065376918,0.065197631754503,256,6,0,1,0,0,0,1,1,0,0,0,0,0.0,0
1,met_308346_primary_000__marker_pdf_001__001.37bd7a7e..jpg..pdf,data/raw/image_anomaly/anomalous/mitra/files/jpg/met_308346_primary_000/a98011c54198ecab4ee6/met_308346_primary_000__marker_pdf_001__001.37bd7a7e..jpg..pdf,477889,62,2,1,0,0,0.2258064516129032,document,0,0,0,0,0,1,0,1,0,0,3,7.348493219714151,5.250824256483538,0.3529982903979794,0.0654419750193036,256,6,0,1,0,0,0,1,1,0,0,0,0,0.0,0
1,met_311214_primary_000__marker_pdf_001__001.56e6b0bb..jpg..pdf,data/raw/image_anomaly/anomalous/mitra/files/jpg/met_311214_primary_000/0f290d45abc4d103a1c8/met_311214_primary_000__marker_pdf_001__001.56e6b0bb..jpg..pdf,156702,62,2,1,0,0,0.2258064516129032,document,0,0,0,0,0,1,0,1,0,0,1,7.213535147985051,5.250824256483538,0.3394723743155799,0.0876695894117497,256,6,0,1,0,0,0,1,1,0,0,0,0,0.0,0
1,met_311214_primary_000__marker_pdf_002__001.111e03df..jpg..pdf,data/raw/image_anomaly/anomalous/mitra/files/jpg/met_311214_primary_000/10cd16860954f8067f22/met_311214_primary_000__marker_pdf_002__001.111e03df..jpg..pdf,158493,62,2,1,0,0,0.2258064516129032,document,0,0,0,0,0,1,0,1,0,0,1,7.225106102271641,5.072845754531357,0.3466966995387809,0.0866789069548812,256,6,0,1,0,0,0,1,1,0,0,0,0,0.0,0
1,met_311214_primary_000__marker_zip_001__001.99e030ea..jpg..zip,data/raw/image_anomaly/anomalous/mitra/files/jpg/met_311214_primary_000/88749778dc58a34c6a47/met_311214_primary_000__marker_zip_001__001.99e030ea..jpg..zip,155207,62,2,1,0,0,0.2258064516129032,archive,0,0,0,1,0,1,0,1,0,0,2,7.2035175293455,3.473024276847721,0.3310675420567371,0.0890810337162628,256,6,0,1,0,0,0,1,1,0,0,0,0,0.0,0
1,met_311214_primary_000__marker_zip_001__002.a40d07da..zip..jpg,data/raw/image_anomaly/anomalous/mitra/files/jpg/met_311214_primary_000/88749778dc58a34c6a47/met_311214_primary_000__marker_zip_001__002.a40d07da..zip..jpg,155203,62,2,1,0,0,0.2258064516129032,image,0,0,0,1,0,1,1,0,0,0,2,7.203489394756473,3.487723342663202,0.3310696313859912,0.0890833295748149,256,6,0,1,0,0,0,1,1,2,0,0,0,0.0138334954865563,0
1,met_311214_primary_000__marker_zip_002__001.d37684d9..jpg..zip,data/raw/image_anomaly/anomalous/mitra/files/jpg/met_311214_primary_000/d44db303de3263faa4ea/met_311214_primary_000__marker_zip_002__001.d37684d9..jpg..zip,187693,62,2,1,0,0,0.2258064516129032,archive,0,0,0,1,0,1,0,1,0,0,2,7.416428533822293,7.988340858219542,0.3383930141241282,0.0743661191413638,256,6,0,1,0,0,0,1,1,0,0,0,0,0.0,0
1,met_311214_primary_000__marker_zip_002__002.3c65f8da..zip..jpg,data/raw/image_anomaly/anomalous/mitra/files/jpg/met_311214_primary_000/d44db303de3263faa4ea/met_311214_primary_000__marker_zip_002__002.3c65f8da..zip..jpg,187689,62,2,1,0,0,0.2258064516129032,image,0,0,0,1,0,1,1,0,0,0,2,7.416407638890923,3.487723342663202,0.3383948979428736,0.0743677040210134,256,6,0,1,0,0,0,1,1,2,0,0,0,0.175114151601852,0
1,met_312694_additional_001__marker_zip_002__001.0057f279..jpg..zip,data/raw/image_anomaly/anomalous/mitra/files/jpg/met_312694_additional_001/290adc56f355f147411d/met_312694_additional_001__marker_zip_002__001.0057f279..jpg..zip,3288156,65,2,1,0,0,0.2153846153846154,archive,0,0,0,1,0,1,0,1,0,0,75,7.967434909648056,7.988340858219542,0.3763200407766541,0.0123023360205537,256,17,0,0,1,0,0,0,1,0,0,0,0,0.0,0
1,met_312694_additional_001__marker_zip_002__002.23f1cbec..zip..jpg,data/raw/image_anomaly/anomalous/mitra/files/jpg/met_312694_additional_001/290adc56f355f147411d/met_312694_additional_001__marker_zip_002__002.23f1cbec..zip..jpg,3288152,65,2,1,0,0,0.2153846153846154,image,0,0,0,1,0,1,1,0,0,0,75,7.967434677624205,6.386509053459696,0.3763201944435658,0.0123023509862074,256,17,0,0,1,0,0,0,1,2,0,0,0,0.009995584145745,0
1,met_312694_additional_001__marker_pdf_001__001.3f02ca59..jpg..pdf,data/raw/image_anomaly/anomalous/mitra/files/jpg/met_312694_additional_001/3dd60c0391ad5bf5e320/met_312694_additional_001__marker_pdf_001__001.3f02ca59..jpg..pdf,3257165,65,2,1,0,0,0.2153846153846154,document,0,0,0,0,0,1,0,1,0,0,74,7.966884366586682,5.250824256483538,0.3767328336145083,0.0123518458536795,256,17,0,0,1,0,0,0,1,0,0,0,0,0.0,0
1,met_312694_additional_001__marker_zip_001__001.0751b518..jpg..zip,data/raw/image_anomaly/anomalous/mitra/files/jpg/met_312694_additional_001/6ccf332bebde878a503c/met_312694_additional_001__marker_zip_001__001.0751b518..jpg..zip,3255670,65,2,1,0,0,0.2153846153846154,archive,0,0,0,1,0,1,0,1,0,0,75,7.96680802530255,6.207875755953915,0.3763492614423452,0.0123845475739248,256,17,0,0,1,0,0,0,1,0,0,0,0,0.0,0
1,met_312694_additional_001__marker_zip_001__002.8ecacfb7..zip..jpg,data/raw/image_anomaly/anomalous/mitra/files/jpg/met_312694_additional_001/6ccf332bebde878a503c/met_312694_additional_001__marker_zip_001__002.8ecacfb7..zip..jpg,3255666,65,2,1,0,0,0.2153846153846154,image,0,0,0,1,0,1,1,0,0,0,75,7.966807623858477,6.386509053459696,0.3763494166784922,0.0123845627899176,256,17,0,0,1,0,0,0,1,2,0,0,0,0.0006594656822905,0
1,met_312694_additional_001__marker_pdf_002__001.0f8d0107..jpg..pdf,data/raw/image_anomaly/anomalous/mitra/files/jpg/met_312694_additional_001/cc07d89ac8169dc6a4fa/met_312694_additional_001__marker_pdf_002__001.0f8d0107..jpg..pdf,3258956,65,2,1,0,0,0.2153846153846154,document,0,0,0,0,0,1,0,1,0,0,74,7.966904771348838,5.072845754531357,0.3770636976995087,0.0123450577424181,256,17,0,0,1,0,0,0,1,0,0,0,0,0.0,0
1,met_312694_additional_002__marker_zip_002__001.3b656a70..jpg..zip,data/raw/image_anomaly/anomalous/mitra/files/jpg/met_312694_additional_002/05e72633aafdc50d59e1/met_312694_additional_002__marker_zip_002__001.3b656a70..jpg..zip,1329748,65,2,1,0,0,0.2153846153846154,archive,0,0,0,1,0,1,0,1,0,0,17,7.940986232330676,7.988340858219542,0.3647127124838691,0.0102026850200188,256,17,0,0,0,0,0,0,0,0,0,0,0,0.0,0
1,met_312694_additional_002__marker_zip_002__002.44b2dd56..zip..jpg,data/raw/image_anomaly/anomalous/mitra/files/jpg/met_312694_additional_002/05e72633aafdc50d59e1/met_312694_additional_002__marker_zip_002__002.44b2dd56..zip..jpg,1329744,65,2,1,0,0,0.2153846153846154,image,0,0,0,1,0,1,1,0,0,0,17,7.940985643685058,6.398778262569425,0.3647130575509271,0.0102027157106931,256,17,0,0,0,0,0,0,0,2,0,0,0,0.0247167875921981,0
1,met_312694_additional_002__marker_zip_001__001.44307b3c..jpg..zip,data/raw/image_anomaly/anomalous/mitra/files/jpg/met_312694_additional_002/0853c9fac344c1e6cbec/met_312694_additional_002__marker_zip_001__001.44307b3c..jpg..zip,1297262,65,2,1,0,0,0.2153846153846154,archive,0,0,0,1,0,1,0,1,0,0,17,7.938165573961911,6.2237147629416505,0.3644953756450123,0.010356427614468,256,17,0,0,0,0,0,0,0,0,0,0,0,0.0,0
1,met_312694_additional_002__marker_zip_001__002.4064afd0..zip..jpg,data/raw/image_anomaly/anomalous/mitra/files/jpg/met_312694_additional_002/0853c9fac344c1e6cbec/met_312694_additional_002__marker_zip_001__002.4064afd0..zip..jpg,1297258,65,2,1,0,0,0.2153846153846154,image,0,0,0,1,0,1,1,0,0,0,17,7.938165716982941,6.398778262569425,0.3644957286831147,0.0103564595477538,256,17,0,0,0,0,0,0,0,2,0,0,0,0.0016550293002625,0
1,met_312694_additional_002__marker_pdf_002__001.177998bd..jpg..pdf,data/raw/image_anomaly/anomalous/mitra/files/jpg/met_312694_additional_002/22d5e1fbbfa6b0edd5f2/met_312694_additional_002__marker_pdf_002__001.177998bd..jpg..pdf,1300548,65,2,1,0,0,0.2153846153846154,document,0,0,0,0,0,1,0,1,0,0,16,7.938327724241523,5.072845754531357,0.3663155838923285,0.0102625969975733,256,17,0,0,0,0,0,0,0,0,0,0,0,0.0,0
1,met_312694_additional_002__marker_pdf_001__001.ed2bb089..jpg..pdf,data/raw/image_anomaly/anomalous/mitra/files/jpg/met_312694_additional_002/8beb8864dfcc03eea0c6/met_312694_additional_002__marker_pdf_001__001.ed2bb089..jpg..pdf,1298757,65,2,1,0,0,0.2153846153846154,document,0,0,0,0,0,1,0,1,0,0,16,7.938252920608234,5.250824256483538,0.3654709849494555,0.0102767492302255,256,17,0,0,0,0,0,0,0,0,0,0,0,0.0,0
1,met_312694_additional_003__marker_pdf_001__001.cc3e7870..jpg..pdf,data/raw/image_anomaly/anomalous/mitra/files/jpg/met_312694_additional_003/4093e8faa3b28e0ca798/met_312694_additional_003__marker_pdf_001__001.cc3e7870..jpg..pdf,1806108,65,2,1,0,0,0.2153846153846154,document,0,0,0,0,0,1,0,1,0,0,31,7.962610568276767,5.250824256483538,0.3719423201713297,0.0141541923295838,256,17,0,0,0,0,0,0,0,0,0,0,0,0.0,0
1,met_312694_additional_003__marker_pdf_002__001.24a24422..jpg..pdf,data/raw/image_anomaly/anomalous/mitra/files/jpg/met_312694_additional_003/445159cc1e63889c3286/met_312694_additional_003__marker_pdf_002__001.24a24422..jpg..pdf,1807899,65,2,1,0,0,0.2153846153846154,document,0,0,0,0,0,1,0,1,0,0,31,7.962653931393051,5.072845754531357,0.3725434883253987,0.0141401704409372,256,17,0,0,0,0,0,0,0,0,0,0,0,0.0,0
1,met_312694_additional_003__marker_zip_001__001.0bf7980e..jpg..zip,data/raw/image_anomaly/anomalous/mitra/files/jpg/met_312694_additional_003/49596a20b65f911446b7/met_312694_additional_003__marker_zip_001__001.0bf7980e..jpg..zip,1804613,65,2,1,0,0,0.2153846153846154,archive,0,0,0,1,0,1,0,1,0,0,32,7.962483785220778,6.215047520002491,0.3712463558668811,0.0142146820398611,256,17,0,0,0,0,0,0,0,0,0,0,0,0.0,0
1,met_312694_additional_003__marker_zip_001__002.f91e888c..zip..jpg,data/raw/image_anomaly/anomalous/mitra/files/jpg/met_312694_additional_003/49596a20b65f911446b7/met_312694_additional_003__marker_zip_001__002.f91e888c..zip..jpg,1804609,65,2,1,0,0,0.2153846153846154,image,0,0,0,1,0,1,1,0,0,0,32,7.962483562552466,6.369396757852288,0.3712466246150828,0.0142147135473667,256,17,0,0,0,0,0,0,0,2,0,0,0,0.0011897314044205,0
1,met_312694_additional_003__marker_zip_002__001.196a93d5..jpg..zip,data/raw/image_anomaly/anomalous/mitra/files/jpg/met_312694_additional_003/8f86fd18b9dd9aadc3c2/met_312694_additional_003__marker_zip_002__001.196a93d5..jpg..zip,1837099,65,2,1,0,0,0.2153846153846154,archive,0,0,0,1,0,1,0,1,0,0,32,7.963712061771852,7.988340858219542,0.3712842911568729,0.0140351717572106,256,17,0,0,0,0,0,0,0,0,0,0,0,0.0,0
1,met_312694_additional_003__marker_zip_002__002.6ef46f74..zip..jpg,data/raw/image_anomaly/anomalous/mitra/files/jpg/met_312694_additional_003/8f86fd18b9dd9aadc3c2/met_312694_additional_003__marker_zip_002__002.6ef46f74..zip..jpg,1837095,65,2,1,0,0,0.2153846153846154,image,0,0,0,1,0,1,1,0,0,0,32,7.963711495777736,6.369396757852288,0.3712845552353035,0.014035202316701,256,17,0,0,0,0,0,0,0,2,0,0,0,0.017890745987551,0
1,met_312694_primary_000__marker_pdf_002__001.768315a9..jpg..pdf,data/raw/image_anomaly/anomalous/mitra/files/jpg/met_312694_primary_000/6ec3777d6313395adbd7/met_312694_primary_000__marker_pdf_002__001.768315a9..jpg..pdf,3314166,62,2,1,0,0,0.2258064516129032,document,0,0,0,0,0,1,0,1,0,0,74,7.96672206905386,5.072845754531357,0.3746888357432911,0.012590196145878,256,17,0,0,0,0,0,0,0,0,0,0,0,0.0,0
1,met_312694_primary_000__marker_zip_001__001.721acb34..jpg..zip,data/raw/image_anomaly/anomalous/mitra/files/jpg/met_312694_primary_000/a7b6607810e7a6f0db51/met_312694_primary_000__marker_zip_001__001.721acb34..jpg..zip,3310880,62,2,1,0,0,0.2258064516129032,archive,0,0,0,1,0,1,0,1,0,0,75,7.966616845307838,6.214921451616659,0.3739839559271251,0.0126292707678925,256,17,0,0,0,0,0,0,0,0,0,0,0,0.0,0
1,met_312694_primary_000__marker_zip_001__002.5c0e4b80..zip..jpg,data/raw/image_anomaly/anomalous/mitra/files/jpg/met_312694_primary_000/a7b6607810e7a6f0db51/met_312694_primary_000__marker_zip_001__002.5c0e4b80..zip..jpg,3310876,62,2,1,0,0,0.2258064516129032,image,0,0,0,1,0,1,1,0,0,0,75,7.966616456919361,6.376034052548006,0.3739841057170368,0.0126292860258131,256,17,0,0,0,0,0,0,0,2,0,0,0,0.0006484688644334,0
1,met_312694_primary_000__marker_pdf_001__001.bd2a1520..jpg..pdf,data/raw/image_anomaly/anomalous/mitra/files/jpg/met_312694_primary_000/c9a4e762b15cb8b6bb98/met_312694_primary_000__marker_pdf_001__001.bd2a1520..jpg..pdf,3312375,62,2,1,0,0,0.2258064516129032,document,0,0,0,0,0,1,0,1,0,0,74,7.966697191826275,5.250824256483538,0.3743622023472583,0.0125970036605154,256,17,0,0,0,0,0,0,0,0,0,0,0,0.0,0
1,met_312694_primary_000__marker_zip_002__001.57f8d9e5..jpg..zip,data/raw/image_anomaly/anomalous/mitra/files/jpg/met_312694_primary_000/d8b4ec25dd64f57b7226/met_312694_primary_000__marker_zip_002__001.57f8d9e5..jpg..zip,3343366,62,2,1,0,0,0.2258064516129032,archive,0,0,0,1,0,1,0,1,0,0,75,7.967235940510791,7.988340858219542,0.3739782004123987,0.0125460389320224,256,17,0,0,0,0,0,0,0,0,0,0,0,0.0,0
1,met_312694_primary_000__marker_zip_002__002.9c293cee..zip..jpg,data/raw/image_anomaly/anomalous/mitra/files/jpg/met_312694_primary_000/d8b4ec25dd64f57b7226/met_312694_primary_000__marker_zip_002__002.9c293cee..zip..jpg,3343362,62,2,1,0,0,0.2258064516129032,image,0,0,0,1,0,1,1,0,0,0,75,7.967235750079589,6.376034052548006,0.3739783487399808,0.0125460539421097,256,17,0,0,0,0,0,0,0,2,0,0,0,0.009830523885837,0
1,met_313118_additional_001__marker_pdf_001__001.e36d96e6..jpg..pdf,data/raw/image_anomaly/anomalous/mitra/files/jpg/met_313118_additional_001/07d63ed6f1dfb19f4b48/met_313118_additional_001__marker_pdf_001__001.e36d96e6..jpg..pdf,331925,65,2,1,0,0,0.2153846153846154,document,0,0,0,0,0,1,0,1,0,0,6,7.755257645469534,5.250824256483538,0.3806793703396852,0.0250839798147171,256,6,0,1,0,0,0,1,1,0,0,0,0,0.0,0
1,met_313118_additional_001__marker_pdf_002__001.8458c21a..jpg..pdf,data/raw/image_anomaly/anomalous/mitra/files/jpg/met_313118_additional_001/7c37d50c6130ce4e64a7/met_313118_additional_001__marker_pdf_002__001.8458c21a..jpg..pdf,333716,65,2,1,0,0,0.2153846153846154,document,0,0,0,0,0,1,0,1,0,0,6,7.75633555374652,5.072845754531357,0.3838892950892376,0.0249493581368588,256,6,0,1,0,0,0,1,1,0,0,0,0,0.0,0
1,met_313118_additional_001__marker_zip_001__001.d350116d..jpg..zip,data/raw/image_anomaly/anomalous/mitra/files/jpg/met_313118_additional_001/959557e26d3c999aaa71/met_313118_additional_001__marker_zip_001__001.d350116d..jpg..zip,330430,65,2,1,0,0,0.2153846153846154,archive,0,0,0,1,0,1,0,1,0,0,7,7.754571586509301,3.473507591392729,0.3769179553914596,0.0254637896074811,256,6,0,1,0,0,0,1,1,0,0,0,0,0.0,0
1,met_313118_additional_001__marker_zip_001__002.313d9e28..zip..jpg,data/raw/image_anomaly/anomalous/mitra/files/jpg/met_313118_additional_001/959557e26d3c999aaa71/met_313118_additional_001__marker_zip_001__002.313d9e28..zip..jpg,330426,65,2,1,0,0,0.2153846153846154,image,0,0,0,1,0,1,1,0,0,0,7,7.754550720430194,3.483143311032616,0.3769194918075454,0.0254640978615484,256,6,0,1,0,0,0,1,1,2,0,0,0,0.0064976727013007,0
1,met_313118_additional_001__marker_zip_002__001.24ea0e69..jpg..zip,data/raw/image_anomaly/anomalous/mitra/files/jpg/met_313118_additional_001/968380fe17247dd91101/met_313118_additional_001__marker_zip_002__001.24ea0e69..jpg..zip,362916,65,2,1,0,0,0.2153846153846154,archive,0,0,0,1,0,1,0,1,0,0,7,7.795188781946859,7.988340858219542,0.3766022991546253,0.0235481488829371,256,6,0,1,0,0,0,1,1,0,0,0,0,0.0,0
1,met_313118_additional_001__marker_zip_002__002.a9db66b2..zip..jpg,data/raw/image_anomaly/anomalous/mitra/files/jpg/met_313118_additional_001/968380fe17247dd91101/met_313118_additional_001__marker_zip_002__002.a9db66b2..zip..jpg,362912,65,2,1,0,0,0.2153846153846154,image,0,0,0,1,0,1,1,0,0,0,7,7.795178142777145,3.483143311032616,0.3766036945595626,0.0235484084295917,256,6,0,1,0,0,0,1,1,2,0,0,0,0.0905646547923463,0
1,met_313118_primary_000__marker_pdf_002__001.16f14aff..jpg..pdf,data/raw/image_anomaly/anomalous/mitra/files/jpg/met_313118_primary_000/a259ffe7b35885c0ddc6/met_313118_primary_000__marker_pdf_002__001.16f14aff..jpg..pdf,265498,62,2,1,0,0,0.2258064516129032,document,0,0,0,0,0,1,0,1,0,0,4,7.591810657346264,5.072845754531357,0.3742099752163858,0.045371339897099,256,6,0,1,0,0,0,1,1,0,0,0,0,0.0,0
1,met_313118_primary_000__marker_pdf_001__001.0983db80..jpg..pdf,data/raw/image_anomaly/anomalous/mitra/files/jpg/met_313118_primary_000/b1a5882da8c63f42d3f3/met_313118_primary_000__marker_pdf_001__001.0983db80..jpg..pdf,263707,62,2,1,0,0,0.2258064516129032,document,0,0,0,0,0,1,0,1,0,0,4,7.588759837279734,5.250824256483538,0.3701039411164664,0.0456794851862104,256,6,0,1,0,0,0,1,1,0,0,0,0,0.0,0
1,met_313118_primary_000__marker_zip_001__001.3122f0a2..jpg..zip,data/raw/image_anomaly/anomalous/mitra/files/jpg/met_313118_primary_000/bc54549bf61bf7923a89/met_313118_primary_000__marker_zip_001__001.3122f0a2..jpg..zip,262212,62,2,1,0,0,0.2258064516129032,archive,0,0,0,1,0,1,0,1,0,0,5,7.586417862898093,3.473507591392729,0.3653036474303235,0.0462755327750064,256,6,0,1,0,0,0,1,1,0,0,0,0,0.0,0
1,met_313118_primary_000__marker_zip_001__002.27be979d..zip..jpg,data/raw/image_anomaly/anomalous/mitra/files/jpg/met_313118_primary_000/bc54549bf61bf7923a89/met_313118_primary_000__marker_zip_001__002.27be979d..zip..jpg,262208,62,2,1,0,0,0.2258064516129032,image,0,0,0,1,0,1,1,0,0,0,5,7.586387958260567,3.4860188887532955,0.3653054063949231,0.0462762387112521,256,6,0,1,0,0,0,1,1,2,0,0,0,0.0081881559677813,0
1,met_313118_primary_000__marker_zip_002__001.b9ae76f2..jpg..zip,data/raw/image_anomaly/anomalous/mitra/files/jpg/met_313118_primary_000/f97a7a58141ec357df53/met_313118_primary_000__marker_zip_002__001.b9ae76f2..jpg..zip,294698,62,2,1,0,0,0.2258064516129032,archive,0,0,0,1,0,1,0,1,0,0,5,7.665600851751729,7.988340858219542,0.3661952235848224,0.041622270934991,256,6,0,1,0,0,0,1,1,0,0,0,0,0.0,0
1,met_313118_primary_000__marker_zip_002__002.e9fa42e7..zip..jpg,data/raw/image_anomaly/anomalous/mitra/files/jpg/met_313118_primary_000/f97a7a58141ec357df53/met_313118_primary_000__marker_zip_002__002.e9fa42e7..zip..jpg,294694,62,2,1,0,0,0.2258064516129032,image,0,0,0,1,0,1,1,0,0,0,5,7.665585209426998,3.4860188887532955,0.3661968007492517,0.0416228358907884,256,6,0,1,0,0,0,1,1,2,0,0,0,0.1115292472870163,0
1,met_313404_primary_000__marker_zip_001__001.fd261edd..jpg..zip,data/raw/image_anomaly/anomalous/mitra/files/jpg/met_313404_primary_000/1d0b7bf45235ca286f49/met_313404_primary_000__marker_zip_001__001.fd261edd..jpg..zip,456942,62,2,1,0,0,0.2258064516129032,archive,0,0,0,1,0,1,0,1,0,0,20,7.944538791952696,3.477385027530215,0.3803174144639801,0.0078106192908509,256,6,0,1,0,0,0,1,1,0,0,0,0,0.0,0
1,met_313404_primary_000__marker_zip_001__002.4398c5fa..zip..jpg,data/raw/image_anomaly/anomalous/mitra/files/jpg/met_313404_primary_000/1d0b7bf45235ca286f49/met_313404_primary_000__marker_zip_001__002.4398c5fa..zip..jpg,456938,62,2,1,0,0,0.2258064516129032,image,0,0,0,1,0,1,1,0,0,0,20,7.9445304309159965,3.489935592159036,0.3803185552525726,0.0078106876644096,256,6,0,1,0,0,0,1,1,2,0,0,0,0.0046986680906381,0
1,met_313404_primary_000__marker_pdf_002__001.2de652fd..jpg..pdf,data/raw/image_anomaly/anomalous/mitra/files/jpg/met_313404_primary_000/5653b4fd0f99e1ebf074/met_313404_primary_000__marker_pdf_002__001.2de652fd..jpg..pdf,460228,62,2,1,0,0,0.2258064516129032,document,0,0,0,0,0,1,0,1,0,0,19,7.944563425436847,5.072845754531357,0.3853481317955448,0.0075636423685651,256,6,0,1,0,0,0,1,1,0,0,0,0,0.0,0
1,met_313404_primary_000__marker_zip_002__001.986546a8..jpg..zip,data/raw/image_anomaly/anomalous/mitra/files/jpg/met_313404_primary_000/8806ebdb5ae3327603fd/met_313404_primary_000__marker_zip_002__001.986546a8..jpg..zip,489428,62,2,1,0,0,0.2258064516129032,archive,0,0,0,1,0,1,0,1,0,0,20,7.951663842200799,7.988340858219542,0.3798577114509182,0.0075618885719656,256,6,0,1,0,0,0,1,1,0,0,0,0,0.0,0
1,met_313404_primary_000__marker_zip_002__002.d8c13b03..zip..jpg,data/raw/image_anomaly/anomalous/mitra/files/jpg/met_313404_primary_000/8806ebdb5ae3327603fd/met_313404_primary_000__marker_zip_002__002.d8c13b03..zip..jpg,489424,62,2,1,0,0,0.2258064516129032,image,0,0,0,1,0,1,1,0,0,0,20,7.951659170094235,3.489935592159036,0.3798587727614502,0.0075619503743175,256,6,0,1,0,0,0,1,1,2,0,0,0,0.0671544509464186,0
1,met_313404_primary_000__marker_pdf_001__001.67aa8d13..jpg..pdf,data/raw/image_anomaly/anomalous/mitra/files/jpg/met_313404_primary_000/ed8b254ef4fef49a8f17/met_313404_primary_000__marker_pdf_001__001.67aa8d13..jpg..pdf,458437,62,2,1,0,0,0.2258064516129032,document,0,0,0,0,0,1,0,1,0,0,19,7.944624490844442,5.250824256483538,0.3830297292757783,0.0075931916490161,256,6,0,1,0,0,0,1,1,0,0,0,0,0.0,0
1,met_313414_primary_000__marker_zip_001__001.e0690c18..jpg..zip,data/raw/image_anomaly/anomalous/mitra/files/jpg/met_313414_primary_000/2002002cda1e6cb0662b/met_313414_primary_000__marker_zip_001__001.e0690c18..jpg..zip,2014077,62,2,1,0,0,0.2258064516129032,archive,0,0,0,1,0,1,0,1,0,0,35,7.952228941307783,6.25549713326057,0.3680172108613523,0.0122964514266336,256,15,0,0,0,0,0,0,0,0,0,0,0,0.0,0
1,met_313414_primary_000__marker_zip_001__002.3a1f34e1..zip..jpg,data/raw/image_anomaly/anomalous/mitra/files/jpg/met_313414_primary_000/2002002cda1e6cb0662b/met_313414_primary_000__marker_zip_001__002.3a1f34e1..zip..jpg,2014073,62,2,1,0,0,0.2258064516129032,image,0,0,0,1,0,1,1,0,0,0,35,7.952228837500094,6.422968168783815,0.3680174452465228,0.0122964758476976,256,15,0,0,0,0,0,0,0,2,0,0,0,0.0010659990973514,0
1,met_313414_primary_000__marker_pdf_001__001.6613b841..jpg..pdf,data/raw/image_anomaly/anomalous/mitra/files/jpg/met_313414_primary_000/66213d5861cf5e83a7e4/met_313414_primary_000__marker_pdf_001__001.6613b841..jpg..pdf,2015572,62,2,1,0,0,0.2258064516129032,document,0,0,0,0,0,1,0,1,0,0,34,7.952351002817539,5.250824256483538,0.3686432437045166,0.0122436707793122,256,15,0,0,0,0,0,0,0,0,0,0,0,0.0,0
1,met_313414_primary_000__marker_pdf_002__001.da455943..jpg..pdf,data/raw/image_anomaly/anomalous/mitra/files/jpg/met_313414_primary_000/7e03dccf636309754824/met_313414_primary_000__marker_pdf_002__001.da455943..jpg..pdf,2017363,62,2,1,0,0,0.2258064516129032,document,0,0,0,0,0,1,0,1,0,0,34,7.952415919016063,5.072845754531357,0.369184921107406,0.0122328009386511,256,15,0,0,0,0,0,0,0,0,0,0,0,0.0,0
1,met_313414_primary_000__marker_zip_002__001.c175e284..jpg..zip,data/raw/image_anomaly/anomalous/mitra/files/jpg/met_313414_primary_000/f02ad3d348680a3f5c6b/met_313414_primary_000__marker_zip_002__001.c175e284..jpg..zip,2046563,62,2,1,0,0,0.2258064516129032,archive,0,0,0,1,0,1,0,1,0,0,35,7.953654338332227,7.988340858219542,0.3681025211537587,0.0121657627935226,256,15,0,0,0,0,0,0,0,0,0,0,0,0.0,0
1,met_313414_primary_000__marker_zip_002__002.9b209e67..zip..jpg,data/raw/image_anomaly/anomalous/mitra/files/jpg/met_313414_primary_000/f02ad3d348680a3f5c6b/met_313414_primary_000__marker_zip_002__002.9b209e67..zip..jpg,2046559,62,2,1,0,0,0.2258064516129032,image,0,0,0,1,0,1,1,0,0,0,35,7.953653605710694,6.422968168783815,0.3681027519851614,0.0121657865715085,256,15,0,0,0,0,0,0,0,2,0,0,0,0.0160596396194783,0
1,met_317062_primary_000__marker_pdf_001__001.42034da8..jpg..pdf,data/raw/image_anomaly/anomalous/mitra/files/jpg/met_317062_primary_000/0296b843b2d6cb52d11c/met_317062_primary_000__marker_pdf_001__001.42034da8..jpg..pdf,90743,62,2,1,0,0,0.2258064516129032,document,0,0,0,0,0,1,0,1,0,0,1,7.76511650926449,5.250824256483538,0.4070727218628434,0.0165853013455583,256,6,0,1,0,0,0,1,1,0,0,0,0,0.0,0
1,met_317062_primary_000__marker_zip_001__001.f62cc02b..jpg..zip,data/raw/image_anomaly/anomalous/mitra/files/jpg/met_317062_primary_000/732550503e8a25c15c4a/met_317062_primary_000__marker_zip_001__001.f62cc02b..jpg..zip,89248,62,2,1,0,0,0.2258064516129032,archive,0,0,0,1,0,1,0,1,0,0,2,7.766604432077419,3.473983356077838,0.3935886518465399,0.0178491394765148,256,6,0,1,0,0,0,1,1,0,0,0,0,0.0,0
1,met_317062_primary_000__marker_zip_001__002.231b6f6d..zip..jpg,data/raw/image_anomaly/anomalous/mitra/files/jpg/met_317062_primary_000/732550503e8a25c15c4a/met_317062_primary_000__marker_zip_001__002.231b6f6d..zip..jpg,89244,62,2,1,0,0,0.2258064516129032,image,0,0,0,1,0,1,1,0,0,0,2,7.766537843520764,3.490872461235609,0.3935950876249384,0.0178499394917305,256,6,0,1,0,0,0,1,1,2,0,0,0,0.0240576397292815,0
1,met_317062_primary_000__marker_pdf_002__001.57e17d49..jpg..pdf,data/raw/image_anomaly/anomalous/mitra/files/jpg/met_317062_primary_000/8912583de3b798bf1716/met_317062_primary_000__marker_pdf_002__001.57e17d49..jpg..pdf,92534,62,2,1,0,0,0.2258064516129032,document,0,0,0,0,0,1,0,1,0,0,1,7.765270656097012,5.072845754531357,0.4181381978516005,0.0162642920440054,256,6,0,1,0,0,0,1,1,0,0,0,0,0.0,0
1,met_317062_primary_000__marker_zip_002__001.b93b918e..jpg..zip,data/raw/image_anomaly/anomalous/mitra/files/jpg/met_317062_primary_000/b2c060cea46d7a92c2b7/met_317062_primary_000__marker_zip_002__001.b93b918e..jpg..zip,121734,62,2,1,0,0,0.2258064516129032,archive,0,0,0,1,0,1,0,1,0,0,2,7.869597206439896,7.988340858219542,0.3881988598090919,0.0141702400315441,256,6,0,1,0,0,0,1,1,0,0,0,0,0.0,0
1,met_317062_primary_000__marker_zip_002__002.7f9938ee..zip..jpg,data/raw/image_anomaly/anomalous/mitra/files/jpg/met_317062_primary_000/b2c060cea46d7a92c2b7/met_317062_primary_000__marker_zip_002__002.7f9938ee..zip..jpg,121730,62,2,1,0,0,0.2258064516129032,image,0,0,0,1,0,1,1,0,0,0,2,7.869583077533988,3.490872461235609,0.3882034009693584,0.0141707056600673,256,6,0,1,0,0,0,1,1,2,0,0,0,0.2699991785098168,0
1,met_317077_primary_000__marker_pdf_001__001.e99d465a..jpg..pdf,data/raw/image_anomaly/anomalous/mitra/files/jpg/met_317077_primary_000/55219b2a566cf8a47600/met_317077_primary_000__marker_pdf_001__001.e99d465a..jpg..pdf,87236,62,2,1,0,0,0.2258064516129032,document,0,0,0,0,0,1,0,1,0,0,3,7.789535922882069,5.250824256483538,0.4149204456875602,0.0128845889311752,256,6,0,1,0,0,0,1,1,0,0,0,0,0.0,0
1,met_317077_primary_000__marker_zip_002__001.072283d8..jpg..zip,data/raw/image_anomaly/anomalous/mitra/files/jpg/met_317077_primary_000/a6dcb5dc205978046d04/met_317077_primary_000__marker_zip_002__001.072283d8..jpg..zip,118227,62,2,1,0,0,0.2258064516129032,archive,0,0,0,1,0,1,0,1,0,0,4,7.886110936831798,7.988340858219542,0.3934295888418043,0.0113679616331294,256,6,0,1,0,0,0,1,1,0,0,0,0,0.0,0
1,met_317077_primary_000__marker_zip_002__002.dd09ec24..zip..jpg,data/raw/image_anomaly/anomalous/mitra/files/jpg/met_317077_primary_000/a6dcb5dc205978046d04/met_317077_primary_000__marker_zip_002__002.dd09ec24..zip..jpg,118223,62,2,1,0,0,0.2258064516129032,image,0,0,0,1,0,1,1,0,0,0,4,7.886097333278264,3.483601777681407,0.3934344416907032,0.0113683462608798,256,6,0,1,0,0,0,1,1,2,0,0,0,0.2780085093425137,0
1,met_317077_primary_000__marker_zip_001__001.e019f964..jpg..zip,data/raw/image_anomaly/anomalous/mitra/files/jpg/met_317077_primary_000/ef5c72dafabfb6f374a0/met_317077_primary_000__marker_zip_001__001.e019f964..jpg..zip,85741,62,2,1,0,0,0.2258064516129032,archive,0,0,0,1,0,1,0,1,0,0,4,7.792286839881202,3.4733209919366765,0.4010216815759088,0.01413559440641,256,6,0,1,0,0,0,1,1,0,0,0,0,0.0,0
1,met_317077_primary_000__marker_zip_001__002.71409200..zip..jpg,data/raw/image_anomaly/anomalous/mitra/files/jpg/met_317077_primary_000/ef5c72dafabfb6f374a0/met_317077_primary_000__marker_zip_001__002.71409200..zip..jpg,85737,62,2,1,0,0,0.2258064516129032,image,0,0,0,1,0,1,1,0,0,0,4,7.792217138956804,3.483601777681407,0.4010287273872424,0.0141362538927184,256,6,0,1,0,0,0,1,1,2,0,0,0,0.0250416972835531,0
1,met_317077_primary_000__marker_pdf_002__001.e95eb429..jpg..pdf,data/raw/image_anomaly/anomalous/mitra/files/jpg/met_317077_primary_000/f67d97b4c8d4c803c2c1/met_317077_primary_000__marker_pdf_002__001.e95eb429..jpg..pdf,89027,62,2,1,0,0,0.2258064516129032,document,0,0,0,0,0,1,0,1,0,0,3,7.788421986036735,5.072845754531357,0.4262639423994968,0.012625383310681,256,6,0,1,0,0,0,1,1,0,0,0,0,0.0,0
1,met_317488_primary_000__marker_zip_001__001.bd51d611..jpg..zip,data/raw/image_anomaly/anomalous/mitra/files/jpg/met_317488_primary_000/01ab854f81cb4d39a9b5/met_317488_primary_000__marker_zip_001__001.bd51d611..jpg..zip,505616,62,2,1,0,0,0.2258064516129032,archive,0,0,0,1,0,1,0,1,0,0,20,7.944705012941101,3.474785835686677,0.3943071421790449,0.0059966456757697,256,6,0,1,0,0,0,1,1,0,0,0,0,0.0,0
1,met_317488_primary_000__marker_zip_001__002.71d8275c..zip..jpg,data/raw/image_anomaly/anomalous/mitra/files/jpg/met_317488_primary_000/01ab854f81cb4d39a9b5/met_317488_primary_000__marker_zip_001__002.71d8275c..zip..jpg,505612,62,2,1,0,0,0.2258064516129032,image,0,0,0,1,0,1,1,0,0,0,20,7.944695272831555,3.4943187635052864,0.3943082838223776,0.0059966931164608,256,6,0,1,0,0,0,1,1,2,0,0,0,0.0042463390900532,0
1,met_317488_primary_000__marker_pdf_002__001.8c785987..jpg..pdf,data/raw/image_anomaly/anomalous/mitra/files/jpg/met_317488_primary_000/669850ea462feb941924/met_317488_primary_000__marker_pdf_002__001.8c785987..jpg..pdf,508902,62,2,1,0,0,0.2258064516129032,document,0,0,0,0,0,1,0,1,0,0,19,7.944278599546394,5.072845754531357,0.3987663636613729,0.0057850037924787,256,6,0,1,0,0,0,1,1,0,0,0,0,0.0,0
1,met_317488_primary_000__marker_zip_002__001.661f7fa3..jpg..zip,data/raw/image_anomaly/anomalous/mitra/files/jpg/met_317488_primary_000/69de62e0ecb1b385b75c/met_317488_primary_000__marker_zip_002__001.661f7fa3..jpg..zip,538102,62,2,1,0,0,0.2258064516129032,archive,0,0,0,1,0,1,0,1,0,0,20,7.951309514070819,7.988340858219542,0.3930444413884356,0.005879926110663,256,6,0,1,0,0,0,1,1,0,0,0,0,0.0,0
1,met_317488_primary_000__marker_zip_002__002.af8a7061..zip..jpg,data/raw/image_anomaly/anomalous/mitra/files/jpg/met_317488_primary_000/69de62e0ecb1b385b75c/met_317488_primary_000__marker_zip_002__002.af8a7061..zip..jpg,538098,62,2,1,0,0,0.2258064516129032,image,0,0,0,1,0,1,1,0,0,0,20,7.9513041492837,3.4943187635052864,0.3930455047221881,0.0058799698196239,256,6,0,1,0,0,0,1,1,2,0,0,0,0.0610799519790075,0
1,met_317488_primary_000__marker_pdf_001__001.3f16e2e3..jpg..pdf,data/raw/image_anomaly/anomalous/mitra/files/jpg/met_317488_primary_000/ee4b89b350d3e1c996e7/met_317488_primary_000__marker_pdf_001__001.3f16e2e3..jpg..pdf,507111,62,2,1,0,0,0.2258064516129032,document,0,0,0,0,0,1,0,1,0,0,19,7.944510718998413,5.250824256483538,0.3967178783343291,0.0058054351019796,256,6,0,1,0,0,0,1,1,0,0,0,0,0.0,0
1,met_323434_primary_000__marker_pdf_001__001.8252c6a1..jpg..pdf,data/raw/image_anomaly/anomalous/mitra/files/jpg/met_323434_primary_000/0d314f17d6528843df42/met_323434_primary_000__marker_pdf_001__001.8252c6a1..jpg..pdf,50269,62,2,1,0,0,0.2258064516129032,document,0,0,0,0,0,1,0,1,0,0,1,7.344469169563224,5.250824256483538,0.3826811752770097,0.0690883049195329,256,6,0,1,0,0,0,1,1,0,0,0,0,0.0,0
1,met_323434_primary_000__marker_zip_001__001.e3421196..jpg..zip,data/raw/image_anomaly/anomalous/mitra/files/jpg/met_323434_primary_000/30c599c5b9a56635b92c/met_323434_primary_000__marker_zip_001__001.e3421196..jpg..zip,48774,62,2,1,0,0,0.2258064516129032,archive,0,0,0,1,0,1,0,1,0,0,2,7.325978677901562,3.469765782731806,0.3572600155820724,0.0730102103579776,256,6,0,1,0,0,0,1,1,2,0,0,0,0.0440193545741583,0
1,met_323434_primary_000__marker_zip_001__002.241141c7..zip..jpg,data/raw/image_anomaly/anomalous/mitra/files/jpg/met_323434_primary_000/30c599c5b9a56635b92c/met_323434_primary_000__marker_zip_001__002.241141c7..zip..jpg,48770,62,2,1,0,0,0.2258064516129032,image,0,0,0,1,0,1,1,0,0,0,2,7.325928874813822,3.477121281635769,0.3572688127947508,0.0730161984826737,256,6,0,1,0,0,0,1,1,2,0,0,0,0.0440229649374615,0
1,met_323434_primary_000__marker_pdf_002__001.91f2022d..jpg..pdf,data/raw/image_anomaly/anomalous/mitra/files/jpg/met_323434_primary_000/367294f0d58b3a099a41/met_323434_primary_000__marker_pdf_002__001.91f2022d..jpg..pdf,52060,62,2,1,0,0,0.2258064516129032,document,0,0,0,0,0,1,0,1,0,0,1,7.365088721044722,5.072845754531357,0.4031886285055705,0.0667114867460622,256,6,0,1,0,0,0,1,1,0,0,0,0,0.0,0
1,met_323434_primary_000__marker_zip_002__001.614232ea..jpg..zip,data/raw/image_anomaly/anomalous/mitra/files/jpg/met_323434_primary_000/7f7a47d585576dc3f03d/met_323434_primary_000__marker_zip_002__001.614232ea..jpg..zip,81260,62,2,1,0,0,0.2258064516129032,archive,0,0,0,1,0,1,0,1,0,0,2,7.709095625296421,7.988340858219542,0.3637090819591435,0.0454467142505537,256,6,0,1,0,0,0,1,1,2,0,0,0,0.4044671425055378,0
1,met_323434_primary_000__marker_zip_002__002.1795f7ed..zip..jpg,data/raw/image_anomaly/anomalous/mitra/files/jpg/met_323434_primary_000/7f7a47d585576dc3f03d/met_323434_primary_000__marker_zip_002__002.1795f7ed..zip..jpg,81256,62,2,1,0,0,0.2258064516129032,image,0,0,0,1,0,1,1,0,0,0,2,7.709066779453542,3.477121281635769,0.3637146795313576,0.0454489514620458,256,6,0,1,0,0,0,1,1,2,0,0,0,0.404487053263759,0
1,met_329923_primary_000__marker_pdf_002__001.c6e1eb4f..jpg..pdf,data/raw/image_anomaly/anomalous/mitra/files/jpg/met_329923_primary_000/6f2d8b3845f7a4d4b5ff/met_329923_primary_000__marker_pdf_002__001.c6e1eb4f..jpg..pdf,1411880,62,2,1,0,0,0.2258064516129032,document,0,0,0,0,0,1,0,1,0,0,31,7.962355904082197,5.072845754531357,0.3750269144686517,0.0077088704422472,256,16,0,2,0,0,0,2,2,0,0,0,0,0.0,0
1,met_329923_primary_000__marker_zip_001__001.a0339acc..jpg..zip,data/raw/image_anomaly/anomalous/mitra/files/jpg/met_329923_primary_000/7fbdd6caf069f1151939/met_329923_primary_000__marker_zip_001__001.a0339acc..jpg..zip,1408594,62,2,1,0,0,0.2258064516129032,archive,0,0,0,1,0,1,0,1,0,0,32,7.962234123447707,6.22179431031934,0.3733708932453212,0.0077893275138187,256,16,0,2,0,0,0,2,2,0,0,0,0,0.0,0
1,met_329923_primary_000__marker_zip_001__002.b2829bbc..zip..jpg,data/raw/image_anomaly/anomalous/mitra/files/jpg/met_329923_primary_000/7fbdd6caf069f1151939/met_329923_primary_000__marker_zip_001__002.b2829bbc..zip..jpg,1408590,62,2,1,0,0,0.2258064516129032,image,0,0,0,1,0,1,1,0,0,0,32,7.962233868681489,6.387354205837507,0.3733712435840095,0.0077893496333212,256,16,0,2,0,0,0,2,2,2,0,0,0,0.0015242192547157,0
1,met_329923_primary_000__marker_zip_002__001.8c2bed78..jpg..zip,data/raw/image_anomaly/anomalous/mitra/files/jpg/met_329923_primary_000/cf833055600c0e869ff7/met_329923_primary_000__marker_zip_002__001.8c2bed78..jpg..zip,1441080,62,2,1,0,0,0.2258064516129032,archive,0,0,0,1,0,1,0,1,0,0,32,7.963924921951664,7.988340858219542,0.3733713603686124,0.007705332112027,256,16,0,2,0,0,0,2,2,0,0,0,0,0.0,0
1,met_329923_primary_000__marker_zip_002__002.e3021871..zip..jpg,data/raw/image_anomaly/anomalous/mitra/files/jpg/met_329923_primary_000/cf833055600c0e869ff7/met_329923_primary_000__marker_zip_002__002.e3021871..zip..jpg,1441076,62,2,1,0,0,0.2258064516129032,image,0,0,0,1,0,1,1,0,0,0,32,7.9639247633298735,6.387354205837507,0.3733717028109551,0.007705353499746,256,16,0,2,0,0,0,2,2,2,0,0,0,0.022807263461469,0
1,met_329923_primary_000__marker_pdf_001__001.5934b2ea..jpg..pdf,data/raw/image_anomaly/anomalous/mitra/files/jpg/met_329923_primary_000/d3fdcb25afc779028f3e/met_329923_primary_000__marker_pdf_001__001.5934b2ea..jpg..pdf,1410089,62,2,1,0,0,0.2258064516129032,document,0,0,0,0,0,1,0,1,0,0,31,7.962315258500554,5.250824256483538,0.3742600644356491,0.0077186617298624,256,16,0,2,0,0,0,2,2,0,0,0,0,0.0,0
1,met_334871_primary_000__marker_zip_001__001.36665224..jpg..zip,data/raw/image_anomaly/anomalous/mitra/files/jpg/met_334871_primary_000/4f2108dc1d4788573407/met_334871_primary_000__marker_zip_001__001.36665224..jpg..zip,2423559,62,2,1,0,0,0.2258064516129032,archive,0,0,0,1,0,1,0,1,0,0,51,7.981432206732545,7.799402159216609,0.3731706139607082,0.0082428362585767,256,0,0,0,0,0,0,0,0,0,0,0,0,0.0,0
1,met_334871_primary_000__marker_zip_001__002.17f612f8..zip..jpg,data/raw/image_anomaly/anomalous/mitra/files/jpg/met_334871_primary_000/4f2108dc1d4788573407/met_334871_primary_000__marker_zip_001__002.17f612f8..zip..jpg,2423555,62,2,1,0,0,0.2258064516129032,image,0,0,0,1,0,1,1,0,0,0,51,7.981431640309461,7.848869956895822,0.3731708172498664,0.0082428498631143,256,0,0,0,0,0,0,0,0,2,0,0,0,0.0008858887048158,0
1,met_334871_primary_000__marker_pdf_001__001.9013147f..jpg..pdf,data/raw/image_anomaly/anomalous/mitra/files/jpg/met_334871_primary_000/700d32e85c8980c4a14e/met_334871_primary_000__marker_pdf_001__001.9013147f..jpg..pdf,2425054,62,2,1,0,0,0.2258064516129032,document,0,0,0,0,0,1,0,1,0,0,50,7.981499429417359,5.250824256483538,0.373687761179751,0.0082014668539339,256,0,0,0,0,0,0,0,0,0,0,0,0,0.0,0
1,met_334871_primary_000__marker_pdf_002__001.5b3295ff..jpg..pdf,data/raw/image_anomaly/anomalous/mitra/files/jpg/met_334871_primary_000/c669dc6ecb65b33f9cf9/met_334871_primary_000__marker_pdf_002__001.5b3295ff..jpg..pdf,2426845,62,2,1,0,0,0.2258064516129032,document,0,0,0,0,0,1,0,1,0,0,50,7.981515243948993,5.072845754531357,0.374134318425775,0.0081954142106314,256,0,0,0,0,0,0,0,0,0,0,0,0,0.0,0
1,met_334871_primary_000__marker_zip_002__001.cd262e82..jpg..zip,data/raw/image_anomaly/anomalous/mitra/files/jpg/met_334871_primary_000/f2740deb7ad3305136e3/met_334871_primary_000__marker_zip_002__001.cd262e82..jpg..zip,2456045,62,2,1,0,0,0.2258064516129032,archive,0,0,0,1,0,1,0,1,0,0,51,7.981911181099381,7.988340858219542,0.3731735371298164,0.0081875535668116,256,0,0,0,0,0,0,0,0,0,0,0,0,0.0,0
1,met_334871_primary_000__marker_zip_002__002.f4352205..zip..jpg,data/raw/image_anomaly/anomalous/mitra/files/jpg/met_334871_primary_000/f2740deb7ad3305136e3/met_334871_primary_000__marker_zip_002__002.f4352205..zip..jpg,2456041,62,2,1,0,0,0.2258064516129032,image,0,0,0,1,0,1,1,0,0,0,51,7.981910912279084,7.848869956895822,0.3731737377348342,0.0081875669013668,256,0,0,0,0,0,0,0,0,2,0,0,0,0.0133821055918854,0
1,met_335146_primary_000__marker_pdf_002__001.a4d17a1b..jpg..pdf,data/raw/image_anomaly/anomalous/mitra/files/jpg/met_335146_primary_000/3811338d2204b4595261/met_335146_primary_000__marker_pdf_002__001.a4d17a1b..jpg..pdf,2069651,62,2,1,0,0,0.2258064516129032,document,0,0,0,0,0,1,0,1,0,0,33,7.964362791332174,5.072845754531357,0.3820576512658414,0.0088739599091827,256,6,0,0,0,0,0,0,0,0,0,0,0,0.0,0
1,met_335146_primary_000__marker_zip_002__001.20404f59..jpg..zip,data/raw/image_anomaly/anomalous/mitra/files/jpg/met_335146_primary_000/632856afcb8587c448a4/met_335146_primary_000__marker_zip_002__001.20404f59..jpg..zip,2098851,62,2,1,0,0,0.2258064516129032,archive,0,0,0,1,0,1,0,1,0,0,34,7.965313250750341,7.988340858219542,0.3808231265582931,0.008855321316282,256,6,0,0,0,0,0,0,0,0,0,0,0,0.0,0
1,met_335146_primary_000__marker_zip_002__002.f05259d0..zip..jpg,data/raw/image_anomaly/anomalous/mitra/files/jpg/met_335146_primary_000/632856afcb8587c448a4/met_335146_primary_000__marker_zip_002__002.f05259d0..zip..jpg,2098847,62,2,1,0,0,0.2258064516129032,image,0,0,0,1,0,1,1,0,0,0,34,7.965312757576421,3.4576490897455763,0.3808233758820915,0.0088553381928268,256,6,0,0,0,0,0,0,0,2,0,0,0,0.0156595502197158,0
1,met_335146_primary_000__marker_pdf_001__001.805f5dd5..jpg..pdf,data/raw/image_anomaly/anomalous/mitra/files/jpg/met_335146_primary_000/a0f50872a99179dfcaf9/met_335146_primary_000__marker_pdf_001__001.805f5dd5..jpg..pdf,2067860,62,2,1,0,0,0.2258064516129032,document,0,0,0,0,0,1,0,1,0,0,33,7.964340311349673,5.250824256483538,0.3815408199781416,0.008881645759384,256,6,0,0,0,0,0,0,0,0,0,0,0,0.0,0
1,met_335146_primary_000__marker_zip_001__001.dcdd752d..jpg..zip,data/raw/image_anomaly/anomalous/mitra/files/jpg/met_335146_primary_000/e576bcc67cfc2c5a4150/met_335146_primary_000__marker_zip_001__001.dcdd752d..jpg..zip,2066365,62,2,1,0,0,0.2258064516129032,archive,0,0,0,1,0,1,0,1,0,0,34,7.964236966319563,3.480595038021993,0.3809399597844524,0.0089306584267542,256,6,0,0,0,0,0,0,0,0,0,0,0,0.0,0
1,met_335146_primary_000__marker_zip_001__002.eb82d36a..zip..jpg,data/raw/image_anomaly/anomalous/mitra/files/jpg/met_335146_primary_000/e576bcc67cfc2c5a4150/met_335146_primary_000__marker_zip_001__002.eb82d36a..zip..jpg,2066361,62,2,1,0,0,0.2258064516129032,image,0,0,0,1,0,1,1,0,0,0,34,7.964236269223885,3.4576490897455763,0.3809402132541216,0.0089306757144564,256,6,0,0,0,0,0,0,0,2,0,0,0,0.0010390246428383,0
1,met_336371_primary_000__marker_pdf_001__001.d9499b06..jpg..pdf,data/raw/image_anomaly/anomalous/mitra/files/jpg/met_336371_primary_000/940f8395e6084afb355c/met_336371_primary_000__marker_pdf_001__001.d9499b06..jpg..pdf,2249013,62,2,1,0,0,0.2258064516129032,document,0,0,0,0,0,1,0,1,0,0,51,7.983265948596838,5.250824256483538,0.3725038494664103,0.008294305101838,256,6,0,0,0,0,0,0,0,0,0,0,0,0.0,0
1,met_336371_primary_000__marker_pdf_002__001.81f64bf1..jpg..pdf,data/raw/image_anomaly/anomalous/mitra/files/jpg/met_336371_primary_000/992c649ad631b87596da/met_336371_primary_000__marker_pdf_002__001.81f64bf1..jpg..pdf,2250804,62,2,1,0,0,0.2258064516129032,document,0,0,0,0,0,1,0,1,0,0,51,7.983274372020121,5.072845754531357,0.372986275126577,0.0082877051933442,256,6,0,0,0,0,0,0,0,0,0,0,0,0.0,0
1,met_336371_primary_000__marker_zip_001__001.ae95aca0..jpg..zip,data/raw/image_anomaly/anomalous/mitra/files/jpg/met_336371_primary_000/b7553d1fc5cefab71d69/met_336371_primary_000__marker_zip_001__001.ae95aca0..jpg..zip,2247518,62,2,1,0,0,0.2258064516129032,archive,0,0,0,1,0,1,0,1,0,0,52,7.983207106857204,3.478057554705253,0.3719454082236493,0.0083389765955155,256,6,0,0,0,0,0,0,0,0,0,0,0,0.0,0
1,met_336371_primary_000__marker_zip_001__002.9ed5bd43..zip..jpg,data/raw/image_anomaly/anomalous/mitra/files/jpg/met_336371_primary_000/b7553d1fc5cefab71d69/met_336371_primary_000__marker_zip_001__002.9ed5bd43..zip..jpg,2247514,62,2,1,0,0,0.2258064516129032,image,0,0,0,1,0,1,1,0,0,0,52,7.983206784528801,3.474888414748149,0.3719456252552821,0.0083389914367607,256,6,0,0,0,0,0,0,0,2,0,0,0,0.0009552776979364,0
1,met_336371_primary_000__marker_zip_002__001.a4941a08..jpg..zip,data/raw/image_anomaly/anomalous/mitra/files/jpg/met_336371_primary_000/b87f5e2fe50046b403cc/met_336371_primary_000__marker_zip_002__001.a4941a08..jpg..zip,2280004,62,2,1,0,0,0.2258064516129032,archive,0,0,0,1,0,1,0,1,0,0,52,7.983673430175139,7.988340858219542,0.3719660140947121,0.0082780556525339,256,6,0,0,0,0,0,0,0,0,0,0,0,0.0,0
1,met_336371_primary_000__marker_zip_002__002.b72d737d..zip..jpg,data/raw/image_anomaly/anomalous/mitra/files/jpg/met_336371_primary_000/b87f5e2fe50046b403cc/met_336371_primary_000__marker_zip_002__002.b72d737d..zip..jpg,2280000,62,2,1,0,0,0.2258064516129032,image,0,0,0,1,0,1,1,0,0,0,52,7.983673402533247,3.474888414748149,0.3719662280701754,0.0082780701754385,256,6,0,0,0,0,0,0,0,2,0,0,0,0.0144153508771929,0
1,met_339401_primary_000__marker_zip_001__001.8d7f8771..jpg..zip,data/raw/image_anomaly/anomalous/mitra/files/jpg/met_339401_primary_000/06dca54559093f9a5975/met_339401_primary_000__marker_zip_001__001.8d7f8771..jpg..zip,1923614,62,2,1,0,0,0.2258064516129032,archive,0,0,0,1,0,1,0,1,0,0,26,7.97220886190822,3.4837857914516768,0.3732401614876997,0.0109606189183484,256,6,0,0,1,0,0,0,1,0,0,0,0,0.0,0
1,met_339401_primary_000__marker_zip_001__002.e28e5486..zip..jpg,data/raw/image_anomaly/anomalous/mitra/files/jpg/met_339401_primary_000/06dca54559093f9a5975/met_339401_primary_000__marker_zip_001__002.e28e5486..zip..jpg,1923610,62,2,1,0,0,0.2258064516129032,image,0,0,0,1,0,1,1,0,0,0,26,7.9722082864320445,3.4909233282329413,0.373240417756198,0.0109606417101179,256,6,0,0,1,0,0,0,1,2,0,0,0,0.0011161306085952,0
1,met_339401_primary_000__marker_pdf_002__001.ade02880..jpg..pdf,data/raw/image_anomaly/anomalous/mitra/files/jpg/met_339401_primary_000/32830accbc25644a7931/met_339401_primary_000__marker_pdf_002__001.ade02880..jpg..pdf,1926900,62,2,1,0,0,0.2258064516129032,document,0,0,0,0,0,1,0,1,0,0,25,7.972271873460226,5.072845754531357,0.3744537858736831,0.0108962582386216,256,6,0,0,1,0,0,0,1,0,0,0,0,0.0,0
1,met_339401_primary_000__marker_zip_002__001.9dc4a3ab..jpg..zip,data/raw/image_anomaly/anomalous/mitra/files/jpg/met_339401_primary_000/aec3e2c6e3814c11146d/met_339401_primary_000__marker_zip_002__001.9dc4a3ab..jpg..zip,1956100,62,2,1,0,0,0.2258064516129032,archive,0,0,0,1,0,1,0,1,0,0,26,7.973089753311743,7.988340858219542,0.3732426767547671,0.0108460712642502,256,6,0,0,1,0,0,0,1,0,0,0,0,0.0,0
1,met_339401_primary_000__marker_zip_002__002.7465abc4..zip..jpg,data/raw/image_anomaly/anomalous/mitra/files/jpg/met_339401_primary_000/aec3e2c6e3814c11146d/met_339401_primary_000__marker_zip_002__002.7465abc4..zip..jpg,1956096,62,2,1,0,0,0.2258064516129032,image,0,0,0,1,0,1,1,0,0,0,26,7.973089514635997,3.4909233282329413,0.373242928772412,0.0108460934432665,256,6,0,0,1,0,0,0,1,2,0,0,0,0.0168023450791781,0
1,met_339401_primary_000__marker_pdf_001__001.472e2c3c..jpg..pdf,data/raw/image_anomaly/anomalous/mitra/files/jpg/met_339401_primary_000/d961127c99dddf0a64a9/met_339401_primary_000__marker_pdf_001__001.472e2c3c..jpg..pdf,1925109,62,2,1,0,0,0.2258064516129032,document,0,0,0,0,0,1,0,1,0,0,25,7.972269016333508,5.250824256483538,0.3738915562703203,0.0109063954300769,256,6,0,0,1,0,0,0,1,0,0,0,0,0.0,0
1,met_33955_primary_000__marker_zip_002__001.ee3ba8ca..jpg..zip,data/raw/image_anomaly/anomalous/mitra/files/jpg/met_33955_primary_000/4fb3a106d4f04de5f55a/met_33955_primary_000__marker_zip_002__001.ee3ba8ca..jpg..zip,1346881,61,2,1,0,0,0.2295081967213114,archive,0,0,0,1,0,1,0,1,0,0,30,7.87438983397749,7.988340858219542,0.3720247000291785,0.0157779343535174,256,17,0,0,0,0,0,0,0,0,0,0,0,0.0,0
1,met_33955_primary_000__marker_zip_002__002.f689906c..zip..jpg,data/raw/image_anomaly/anomalous/mitra/files/jpg/met_33955_primary_000/4fb3a106d4f04de5f55a/met_33955_primary_000__marker_zip_002__002.f689906c..zip..jpg,1346877,61,2,1,0,0,0.2295081967213114,image,0,0,0,1,0,1,1,0,0,0,30,7.874389447178115,5.357670513814543,0.3720250624221811,0.0157779812113504,256,17,0,0,0,0,0,0,0,2,0,0,0,0.0244023767574915,0
1,met_33955_primary_000__marker_pdf_002__001.e4694a01..jpg..pdf,data/raw/image_anomaly/anomalous/mitra/files/jpg/met_33955_primary_000/8e829fce31cc4e0c4672/met_33955_primary_000__marker_pdf_002__001.e4694a01..jpg..pdf,1317681,61,2,1,0,0,0.2295081967213114,document,0,0,0,0,0,1,0,1,0,0,29,7.86876500727457,5.072845754531357,0.3737687649742237,0.0159606156573556,256,17,0,0,0,0,0,0,0,0,0,0,0,0.0,0
1,met_33955_primary_000__marker_pdf_001__001.98c83b6b..jpg..pdf,data/raw/image_anomaly/anomalous/mitra/files/jpg/met_33955_primary_000/ab82f5d016bced9e9075/met_33955_primary_000__marker_pdf_001__001.98c83b6b..jpg..pdf,1315890,61,2,1,0,0,0.2295081967213114,document,0,0,0,0,0,1,0,1,0,0,29,7.868647222641069,5.250824256483538,0.3729453069785468,0.0159823389493042,256,17,0,0,0,0,0,0,0,0,0,0,0,0.0,0
1,met_33955_primary_000__marker_zip_001__001.acd2a08f..jpg..zip,data/raw/image_anomaly/anomalous/mitra/files/jpg/met_33955_primary_000/ad70b5b5fe6fc64f286e/met_33955_primary_000__marker_zip_001__001.acd2a08f..jpg..zip,1314395,61,2,1,0,0,0.2295081967213114,archive,0,0,0,1,0,1,0,1,0,0,30,7.868594505607838,5.216283124460954,0.3719909159727479,0.0160674683029074,256,17,0,0,0,0,0,0,0,0,0,0,0,0.0,0
1,met_33955_primary_000__marker_zip_001__002.4ac0c532..zip..jpg,data/raw/image_anomaly/anomalous/mitra/files/jpg/met_33955_primary_000/ad70b5b5fe6fc64f286e/met_33955_primary_000__marker_zip_001__002.4ac0c532..zip..jpg,1314391,61,2,1,0,0,0.2295081967213114,image,0,0,0,1,0,1,1,0,0,0,30,7.868593731707462,5.357670513814543,0.3719912872197086,0.0160675171999808,256,17,0,0,0,0,0,0,0,2,0,0,0,0.0016334561024839,0
1,met_340582_primary_000__marker_pdf_002__001.dac27ccc..jpg..pdf,data/raw/image_anomaly/anomalous/mitra/files/jpg/met_340582_primary_000/1fb034394b0d0af5e167/met_340582_primary_000__marker_pdf_002__001.dac27ccc..jpg..pdf,1734185,62,2,1,0,0,0.2258064516129032,document,0,0,0,0,0,1,0,1,0,0,20,7.97726967697323,5.072845754531357,0.3730046102347789,0.0091899076511444,256,6,0,0,0,0,0,0,0,0,0,0,0,0.0,0
1,met_340582_primary_000__marker_pdf_001__001.21f6eec8..jpg..pdf,data/raw/image_anomaly/anomalous/mitra/files/jpg/met_340582_primary_000/2f9605487f4d6e469025/met_340582_primary_000__marker_pdf_001__001.21f6eec8..jpg..pdf,1732394,62,2,1,0,0,0.2258064516129032,document,0,0,0,0,0,1,0,1,0,0,20,7.977278103183229,5.250824256483538,0.372378338876722,0.0091994084486554,256,6,0,0,0,0,0,0,0,0,0,0,0,0.0,0
1,met_340582_primary_000__marker_zip_001__001.fa93999f..jpg..zip,data/raw/image_anomaly/anomalous/mitra/files/jpg/met_340582_primary_000/3b8f923ab8476be6e75b/met_340582_primary_000__marker_zip_001__001.fa93999f..jpg..zip,1730899,62,2,1,0,0,0.2258064516129032,archive,0,0,0,1,0,1,0,1,0,0,21,7.977246575060831,3.525689829604058,0.3716531120533318,0.0092581947300217,256,6,0,0,0,0,0,0,0,0,0,0,0,0.0,0
1,met_340582_primary_000__marker_zip_001__002.5a55e5ab..zip..jpg,data/raw/image_anomaly/anomalous/mitra/files/jpg/met_340582_primary_000/3b8f923ab8476be6e75b/met_340582_primary_000__marker_zip_001__002.5a55e5ab..zip..jpg,1730895,62,2,1,0,0,0.2258064516129032,image,0,0,0,1,0,1,1,0,0,0,21,7.9772463099902655,3.52256572393008,0.3716533931867617,0.0092582161251837,256,6,0,0,0,0,0,0,0,2,0,0,0,0.0012403987532461,0
1,met_340582_primary_000__marker_zip_002__001.a3ba3e61..jpg..zip,data/raw/image_anomaly/anomalous/mitra/files/jpg/met_340582_primary_000/c96750b43e9645573334/met_340582_primary_000__marker_zip_002__001.a3ba3e61..jpg..zip,1763385,62,2,1,0,0,0.2258064516129032,archive,0,0,0,1,0,1,0,1,0,0,21,7.978052853563657,7.988340858219542,0.3716851396603691,0.0091624914581897,256,6,0,0,0,0,0,0,0,0,0,0,0,0.0,0
1,met_340582_primary_000__marker_zip_002__002.21109330..zip..jpg,data/raw/image_anomaly/anomalous/mitra/files/jpg/met_340582_primary_000/c96750b43e9645573334/met_340582_primary_000__marker_zip_002__002.21109330..zip..jpg,1763381,62,2,1,0,0,0.2258064516129032,image,0,0,0,1,0,1,1,0,0,0,21,7.978052761760866,3.52256572393008,0.3716854156872508,0.0091625122421076,256,6,0,0,0,0,0,0,0,2,0,0,0,0.0186386265928917,0
1,met_345446_primary_000__marker_zip_001__001.3c82e40b..jpg..zip,data/raw/image_anomaly/anomalous/mitra/files/jpg/met_345446_primary_000/257f5bbf2ef737c9ba99/met_345446_primary_000__marker_zip_001__001.3c82e40b..jpg..zip,1834414,62,2,1,0,0,0.2258064516129032,archive,0,0,0,1,0,1,0,1,0,0,44,7.981999802395196,3.5329950825442573,0.3756676519040958,0.0080614299716421,256,6,0,0,0,0,0,0,0,0,0,0,0,0.0,0
1,met_345446_primary_000__marker_zip_001__002.06e9f102..zip..jpg,data/raw/image_anomaly/anomalous/mitra/files/jpg/met_345446_primary_000/257f5bbf2ef737c9ba99/met_345446_primary_000__marker_zip_001__002.06e9f102..zip..jpg,1834410,62,2,1,0,0,0.2258064516129032,image,0,0,0,1,0,1,1,0,0,0,44,7.98199905229788,3.5598803107203048,0.3756679259271373,0.0080614475498934,256,6,0,0,0,0,0,0,0,2,0,0,0,0.0011704035629984,0
1,met_345446_primary_000__marker_pdf_002__001.9a8fc2c2..jpg..pdf,data/raw/image_anomaly/anomalous/mitra/files/jpg/met_345446_primary_000/58997677cbaf2c7a0617/met_345446_primary_000__marker_pdf_002__001.9a8fc2c2..jpg..pdf,1837700,62,2,1,0,0,0.2258064516129032,document,0,0,0,0,0,1,0,1,0,0,43,7.982015722690463,5.072845754531357,0.3769358437176905,0.0079991293464656,256,6,0,0,0,0,0,0,0,0,0,0,0,0.0,0
1,met_345446_primary_000__marker_zip_002__001.847412da..jpg..zip,data/raw/image_anomaly/anomalous/mitra/files/jpg/met_345446_primary_000/874db0b6849e2bffdffe/met_345446_primary_000__marker_zip_002__001.847412da..jpg..zip,1866900,62,2,1,0,0,0.2258064516129032,archive,0,0,0,1,0,1,0,1,0,0,44,7.982606155934249,7.988340858219542,0.3756280464941882,0.007991858160587,256,6,0,0,0,0,0,0,0,0,0,0,0,0.0,0
1,met_345446_primary_000__marker_zip_002__002.614312cb..zip..jpg,data/raw/image_anomaly/anomalous/mitra/files/jpg/met_345446_primary_000/874db0b6849e2bffdffe/met_345446_primary_000__marker_zip_002__002.614312cb..zip..jpg,1866896,62,2,1,0,0,0.2258064516129032,image,0,0,0,1,0,1,1,0,0,0,44,7.982605839431468,3.5598803107203048,0.3756283156640755,0.0079918752838936,256,6,0,0,0,0,0,0,0,2,0,0,0,0.0176051585090974,0
1,met_345446_primary_000__marker_pdf_001__001.25997853..jpg..pdf,data/raw/image_anomaly/anomalous/mitra/files/jpg/met_345446_primary_000/e657541518fa430b818c/met_345446_primary_000__marker_pdf_001__001.25997853..jpg..pdf,1835909,62,2,1,0,0,0.2258064516129032,document,0,0,0,0,0,1,0,1,0,0,43,7.982028158179871,5.250824256483538,0.3763487188090477,0.008006932805493,256,6,0,0,0,0,0,0,0,0,0,0,0,0.0,0
1,met_348607_primary_000__marker_pdf_002__001.a589209f..jpg..pdf,data/raw/image_anomaly/anomalous/mitra/files/jpg/met_348607_primary_000/155e6df4f1765cf0303c/met_348607_primary_000__marker_pdf_002__001.a589209f..jpg..pdf,2049395,62,2,1,0,0,0.2258064516129032,document,0,0,0,0,0,1,0,1,0,0,55,7.971047922759836,5.072845754531357,0.3795178577092263,0.0073211850326559,256,6,0,0,2,0,0,0,2,0,0,0,0,0.0,0
1,met_348607_primary_000__marker_zip_001__001.8f6e356b..jpg..zip,data/raw/image_anomaly/anomalous/mitra/files/jpg/met_348607_primary_000/2498692dc954f41b5a70/met_348607_primary_000__marker_zip_001__001.8f6e356b..jpg..zip,2046109,62,2,1,0,0,0.2258064516129032,archive,0,0,0,1,0,1,0,1,0,0,56,7.970959496350541,3.491702889823511,0.3783850224988014,0.0073759511345681,256,6,0,0,2,0,0,0,2,0,0,0,0,0.0,0
1,met_348607_primary_000__marker_zip_001__002.c6a65ef3..zip..jpg,data/raw/image_anomaly/anomalous/mitra/files/jpg/met_348607_primary_000/2498692dc954f41b5a70/met_348607_primary_000__marker_zip_001__002.c6a65ef3..zip..jpg,2046105,62,2,1,0,0,0.2258064516129032,image,0,0,0,1,0,1,1,0,0,0,56,7.970958763148389,3.4972910355133253,0.3783852734830324,0.0073759655540649,256,6,0,0,2,0,0,0,2,2,0,0,0,0.0010493107636216,0
1,met_348607_primary_000__marker_pdf_001__001.10dee88c..jpg..pdf,data/raw/image_anomaly/anomalous/mitra/files/jpg/met_348607_primary_000/5765e1b15890317a8dce/met_348607_primary_000__marker_pdf_001__001.10dee88c..jpg..pdf,2047604,62,2,1,0,0,0.2258064516129032,document,0,0,0,0,0,1,0,1,0,0,55,7.971038204407892,5.250824256483538,0.3789936921396911,0.0073275887329776,256,6,0,0,2,0,0,0,2,0,0,0,0,0.0,0
1,met_348607_primary_000__marker_zip_002__001.b77e4240..jpg..zip,data/raw/image_anomaly/anomalous/mitra/files/jpg/met_348607_primary_000/5d9199b9afe147634323/met_348607_primary_000__marker_zip_002__001.b77e4240..jpg..zip,2078595,62,2,1,0,0,0.2258064516129032,archive,0,0,0,1,0,1,0,1,0,0,56,7.971850382012345,7.988340858219542,0.3783069813984927,0.0073241781106949,256,6,0,0,2,0,0,0,2,0,0,0,0,0.0,0
1,met_348607_primary_000__marker_zip_002__002.4bff12a0..zip..jpg,data/raw/image_anomaly/anomalous/mitra/files/jpg/met_348607_primary_000/5d9199b9afe147634323/met_348607_primary_000__marker_zip_002__002.4bff12a0..zip..jpg,2078591,62,2,1,0,0,0.2258064516129032,image,0,0,0,1,0,1,1,0,0,0,56,7.971850082546386,3.4972910355133253,0.3783072283099465,0.0073241922052005,256,6,0,0,2,0,0,0,2,2,0,0,0,0.0158121535213036,0
1,met_35080_primary_000__marker_pdf_001__001.4504c855..jpg..pdf,data/raw/image_anomaly/anomalous/mitra/files/jpg/met_35080_primary_000/35e87a8c6d732a20b237/met_35080_primary_000__marker_pdf_001__001.4504c855..jpg..pdf,1636493,61,2,1,0,0,0.2295081967213114,document,0,0,0,0,0,1,0,1,0,0,26,7.939986389740859,5.250824256483538,0.3728363029967131,0.0136988059221762,256,17,0,0,0,0,0,0,0,0,0,0,0,0.0,0
1,met_35080_primary_000__marker_zip_002__001.5c86300c..jpg..zip,data/raw/image_anomaly/anomalous/mitra/files/jpg/met_35080_primary_000/c2fcb26481a1b9364bd7/met_35080_primary_000__marker_zip_002__001.5c86300c..jpg..zip,1667484,61,2,1,0,0,0.2295081967213114,archive,0,0,0,1,0,1,0,1,0,0,27,7.942153376976647,7.988340858219542,0.3720947247469841,0.0135761422598357,256,17,0,0,0,0,0,0,0,0,0,0,0,0.0,0
1,met_35080_primary_000__marker_zip_002__002.e7c6a035..zip..jpg,data/raw/image_anomaly/anomalous/mitra/files/jpg/met_35080_primary_000/c2fcb26481a1b9364bd7/met_35080_primary_000__marker_zip_002__002.e7c6a035..zip..jpg,1667480,61,2,1,0,0,0.2295081967213114,image,0,0,0,1,0,1,1,0,0,0,27,7.942153178570803,5.492629944284283,0.3720950176313958,0.0135761748266845,256,17,0,0,0,0,0,0,0,2,0,0,0,0.0197105812363566,0
1,met_35080_primary_000__marker_pdf_002__001.cb19aa00..jpg..pdf,data/raw/image_anomaly/anomalous/mitra/files/jpg/met_35080_primary_000/d5c75679dda97b6b3434/met_35080_primary_000__marker_pdf_002__001.cb19aa00..jpg..pdf,1638284,61,2,1,0,0,0.2295081967213114,document,0,0,0,0,0,1,0,1,0,0,26,7.939966114253855,5.072845754531357,0.3734987340412285,0.0136838301539903,256,17,0,0,0,0,0,0,0,0,0,0,0,0.0,0
1,met_35080_primary_000__marker_zip_001__001.53a575f0..jpg..zip,data/raw/image_anomaly/anomalous/mitra/files/jpg/met_35080_primary_000/f243b5606d57aae03107/met_35080_primary_000__marker_zip_001__001.53a575f0..jpg..zip,1634998,61,2,1,0,0,0.2295081967213114,archive,0,0,0,1,0,1,0,1,0,0,27,7.940022003072438,5.329703156884022,0.3720689566592742,0.0137651544527883,256,17,0,0,0,0,0,0,0,0,0,0,0,0.0,0
1,met_35080_primary_000__marker_zip_001__002.8ff759f9..zip..jpg,data/raw/image_anomaly/anomalous/mitra/files/jpg/met_35080_primary_000/f243b5606d57aae03107/met_35080_primary_000__marker_zip_001__002.8ff759f9..zip..jpg,1634994,61,2,1,0,0,0.2295081967213114,image,0,0,0,1,0,1,1,0,0,0,27,7.9400217004700195,5.492629944284283,0.3720692553000194,0.0137651881291307,256,17,0,0,0,0,0,0,0,2,0,0,0,0.001313154666011,0
1,met_358544_primary_000__marker_pdf_001__001.18bfe16d..jpg..pdf,data/raw/image_anomaly/anomalous/mitra/files/jpg/met_358544_primary_000/746036ff86af265c8c55/met_358544_primary_000__marker_pdf_001__001.18bfe16d..jpg..pdf,2170112,62,2,1,0,0,0.2258064516129032,document,0,0,0,0,0,1,0,1,0,0,28,7.981477834504281,5.250824256483538,0.3746866521174944,0.008043363660493,256,6,0,0,0,0,0,0,0,0,0,0,0,0.0,0
1,met_358544_primary_000__marker_zip_001__001.84faf7a6..jpg..zip,data/raw/image_anomaly/anomalous/mitra/files/jpg/met_358544_primary_000/d5576ade74f9d5a2f388/met_358544_primary_000__marker_zip_001__001.84faf7a6..jpg..zip,2168617,62,2,1,0,0,0.2258064516129032,archive,0,0,0,1,0,1,0,1,0,0,29,7.981444117455261,3.533633467278978,0.3741093978328123,0.0080894874475299,256,6,0,0,0,0,0,0,0,0,0,0,0,0.0,0
1,met_358544_primary_000__marker_zip_001__002.0c744352..zip..jpg,data/raw/image_anomaly/anomalous/mitra/files/jpg/met_358544_primary_000/d5576ade74f9d5a2f388/met_358544_primary_000__marker_zip_001__002.0c744352..zip..jpg,2168613,62,2,1,0,0,0.2258064516129032,image,0,0,0,1,0,1,1,0,0,0,29,7.981443561015178,3.541759779881938,0.3741096267522144,0.0080895023685646,256,6,0,0,0,0,0,0,0,2,0,0,0,0.0009900337220149,0
1,met_358544_primary_000__marker_zip_002__001.ea8d6708..jpg..zip,data/raw/image_anomaly/anomalous/mitra/files/jpg/met_358544_primary_000/e15f8d18f9061555c801/met_358544_primary_000__marker_zip_002__001.ea8d6708..jpg..zip,2201103,62,2,1,0,0,0.2258064516129032,archive,0,0,0,1,0,1,0,1,0,0,29,7.981975739650466,7.988340858219542,0.3740988040995809,0.0080300649265391,256,6,0,0,0,0,0,0,0,0,0,0,0,0.0,0
1,met_358544_primary_000__marker_zip_002__002.1d4488fd..zip..jpg,data/raw/image_anomaly/anomalous/mitra/files/jpg/met_358544_primary_000/e15f8d18f9061555c801/met_358544_primary_000__marker_zip_002__002.1d4488fd..zip..jpg,2201099,62,2,1,0,0,0.2258064516129032,image,0,0,0,1,0,1,1,0,0,0,29,7.9819754889854035,3.541759779881938,0.374099029621112,0.0080300795193673,256,6,0,0,0,0,0,0,0,2,0,0,0,0.0149320861987579,0
1,met_358544_primary_000__marker_pdf_002__001.baf2d953..jpg..pdf,data/raw/image_anomaly/anomalous/mitra/files/jpg/met_358544_primary_000/f921df35c7136d9dc5b2/met_358544_primary_000__marker_pdf_002__001.baf2d953..jpg..pdf,2171903,62,2,1,0,0,0.2258064516129032,document,0,0,0,0,0,1,0,1,0,0,28,7.98147470617906,5.072845754531357,0.3751848033728946,0.0080367309221452,256,6,0,0,0,0,0,0,0,0,0,0,0,0.0,0
1,met_359079_primary_000__marker_pdf_002__001.7fb44ef9..jpg..pdf,data/raw/image_anomaly/anomalous/mitra/files/jpg/met_359079_primary_000/53245da3b812128b6376/met_359079_primary_000__marker_pdf_002__001.7fb44ef9..jpg..pdf,3877175,62,2,1,0,0,0.2258064516129032,document,0,0,0,0,0,1,0,1,0,0,53,7.986304622401948,5.072845754531357,0.3776517696518728,0.0082627170555881,256,17,0,2,0,0,0,2,2,0,0,0,0,0.0,0
1,met_359079_primary_000__marker_pdf_001__001.82d717c4..jpg..pdf,data/raw/image_anomaly/anomalous/mitra/files/jpg/met_359079_primary_000/838d794b56b9bcf87caa/met_359079_primary_000__marker_pdf_001__001.82d717c4..jpg..pdf,3875384,62,2,1,0,0,0.2258064516129032,document,0,0,0,0,0,1,0,1,0,0,53,7.986315320436179,5.250824256483538,0.3773739582967778,0.0082665356516928,256,17,0,2,0,0,0,2,2,0,0,0,0,0.0,0
1,met_359079_primary_000__marker_zip_001__001.e92b80da..jpg..zip,data/raw/image_anomaly/anomalous/mitra/files/jpg/met_359079_primary_000/9ca137259c257f60adc6/met_359079_primary_000__marker_zip_001__001.e92b80da..jpg..zip,3873889,62,2,1,0,0,0.2258064516129032,archive,0,0,0,1,0,1,0,1,0,0,54,7.986304564905567,5.131322790087399,0.3770518463487209,0.0082924420395111,256,17,0,2,0,0,0,2,2,0,0,0,0,0.0,0
1,met_359079_primary_000__marker_zip_001__002.8d527a3a..zip..jpg,data/raw/image_anomaly/anomalous/mitra/files/jpg/met_359079_primary_000/9ca137259c257f60adc6/met_359079_primary_000__marker_zip_001__002.8d527a3a..zip..jpg,3873885,62,2,1,0,0,0.2258064516129032,image,0,0,0,1,0,1,1,0,0,0,54,7.986304474613782,5.143375732203316,0.3770519775367622,0.0082924506019151,256,17,0,2,0,0,0,2,2,2,0,0,0,0.0005542239896124,0
1,met_359079_primary_000__marker_zip_002__001.2abcce90..jpg..zip,data/raw/image_anomaly/anomalous/mitra/files/jpg/met_359079_primary_000/db1121d9083fe46807fd/met_359079_primary_000__marker_zip_002__001.2abcce90..jpg..zip,3906375,62,2,1,0,0,0.2258064516129032,archive,0,0,0,1,0,1,0,1,0,0,54,7.986523128050937,7.988340858219542,0.3770214073149659,0.0082572717673034,256,17,0,2,0,0,0,2,2,0,0,0,0,0.0,0
1,met_359079_primary_000__marker_zip_002__002.f8496d86..zip..jpg,data/raw/image_anomaly/anomalous/mitra/files/jpg/met_359079_primary_000/db1121d9083fe46807fd/met_359079_primary_000__marker_zip_002__002.f8496d86..zip..jpg,3906371,62,2,1,0,0,0.2258064516129032,image,0,0,0,1,0,1,1,0,0,0,54,7.986523136093504,5.143375732203316,0.3770215373808581,0.0082572802224878,256,17,0,2,0,0,0,2,2,2,0,0,0,0.0084136913774958,0
1,met_362317_primary_000__marker_pdf_001__001.963e32ac..jpg..pdf,data/raw/image_anomaly/anomalous/mitra/files/jpg/met_362317_primary_000/9e7958781da5f4adc974/met_362317_primary_000__marker_pdf_001__001.963e32ac..jpg..pdf,3459314,62,2,1,0,0,0.2258064516129032,document,0,0,0,0,0,1,0,1,0,0,38,7.97137945278988,5.250824256483538,0.3857192495390704,0.0068348811353927,256,6,0,0,1,0,0,0,1,0,0,0,0,0.0,0
1,met_362317_primary_000__marker_pdf_002__001.0faa89a7..jpg..pdf,data/raw/image_anomaly/anomalous/mitra/files/jpg/met_362317_primary_000/b34ff0a1263ea90ca418/met_362317_primary_000__marker_pdf_002__001.0faa89a7..jpg..pdf,3461105,62,2,1,0,0,0.2258064516129032,document,0,0,0,0,0,1,0,1,0,0,38,7.9713572949022575,5.072845754531357,0.3860261390509678,0.006831344325006,256,6,0,0,1,0,0,0,1,0,0,0,0,0.0,0
1,met_362317_primary_000__marker_zip_001__001.86b9f637..jpg..zip,data/raw/image_anomaly/anomalous/mitra/files/jpg/met_362317_primary_000/b3581fff2411e1fe4907/met_362317_primary_000__marker_zip_001__001.86b9f637..jpg..zip,3457819,62,2,1,0,0,0.2258064516129032,archive,0,0,0,1,0,1,0,1,0,0,39,7.971385735321917,3.483642612408667,0.3853619868477789,0.0068632857879489,256,6,0,0,1,0,0,0,1,0,0,0,0,0.0,0
1,met_362317_primary_000__marker_zip_001__002.d7131716..zip..jpg,data/raw/image_anomaly/anomalous/mitra/files/jpg/met_362317_primary_000/b3581fff2411e1fe4907/met_362317_primary_000__marker_zip_001__002.d7131716..zip..jpg,3457815,62,2,1,0,0,0.2258064516129032,image,0,0,0,1,0,1,1,0,0,0,39,7.971385272730791,3.491453240609631,0.3853621434345099,0.0068632937273972,256,6,0,0,1,0,0,0,1,2,0,0,0,0.0006209123391505,0
1,met_362317_primary_000__marker_zip_002__001.62164d7f..jpg..zip,data/raw/image_anomaly/anomalous/mitra/files/jpg/met_362317_primary_000/b99b6746fa1aaa18fe57/met_362317_primary_000__marker_zip_002__001.62164d7f..jpg..zip,3490305,62,2,1,0,0,0.2258064516129032,archive,0,0,0,1,0,1,0,1,0,0,39,7.971914656816569,7.988340858219542,0.3852505726576903,0.0068372248270566,256,6,0,0,1,0,0,0,1,0,0,0,0,0.0,0
1,met_362317_primary_000__marker_zip_002__002.dda596f0..zip..jpg,data/raw/image_anomaly/anomalous/mitra/files/jpg/met_362317_primary_000/b99b6746fa1aaa18fe57/met_362317_primary_000__marker_zip_002__002.dda596f0..zip..jpg,3490301,62,2,1,0,0,0.2258064516129032,image,0,0,0,1,0,1,1,0,0,0,39,7.971914329052219,3.491453240609631,0.385250727659305,0.0068372326627416,256,6,0,0,1,0,0,0,1,2,0,0,0,0.0094166663562827,0
1,met_363514_primary_000__marker_zip_001__001.68cde22c..jpg..zip,data/raw/image_anomaly/anomalous/mitra/files/jpg/met_363514_primary_000/23ee3c86d8acede395e3/met_363514_primary_000__marker_zip_001__001.68cde22c..jpg..zip,1286233,62,2,1,0,0,0.2258064516129032,archive,0,0,0,1,0,1,0,1,0,0,34,7.948435993536146,3.486577582167618,0.3748823113697129,0.0110547622398119,256,6,0,0,0,0,0,0,0,0,0,0,0,0.0,0
1,met_363514_primary_000__marker_zip_001__002.7e9fb9d6..zip..jpg,data/raw/image_anomaly/anomalous/mitra/files/jpg/met_363514_primary_000/23ee3c86d8acede395e3/met_363514_primary_000__marker_zip_001__002.7e9fb9d6..zip..jpg,1286229,62,2,1,0,0,0.2258064516129032,image,0,0,0,1,0,1,1,0,0,0,34,7.948435132850083,3.506750348242968,0.374882699736983,0.0110547966186425,256,6,0,0,0,0,0,0,0,2,0,0,0,0.0016692206442243,0
1,met_363514_primary_000__marker_pdf_001__001.0f9bdaea..jpg..pdf,data/raw/image_anomaly/anomalous/mitra/files/jpg/met_363514_primary_000/6b009700313702532639/met_363514_primary_000__marker_pdf_001__001.0f9bdaea..jpg..pdf,1287728,62,2,1,0,0,0.2258064516129032,document,0,0,0,0,0,1,0,1,0,0,33,7.948543204949989,5.250824256483538,0.3758542176608724,0.0109735906961718,256,6,0,0,0,0,0,0,0,0,0,0,0,0.0,0
1,met_363514_primary_000__marker_pdf_002__001.b31e161a..jpg..pdf,data/raw/image_anomaly/anomalous/mitra/files/jpg/met_363514_primary_000/a6a2241983519fe34b1a/met_363514_primary_000__marker_pdf_002__001.b31e161a..jpg..pdf,1289519,62,2,1,0,0,0.2258064516129032,document,0,0,0,0,0,1,0,1,0,0,33,7.948568868212765,5.072845754531357,0.3766916191230994,0.0109583495861635,256,6,0,0,0,0,0,0,0,0,0,0,0,0.0,0
1,met_363514_primary_000__marker_zip_002__001.3949367c..jpg..zip,data/raw/image_anomaly/anomalous/mitra/files/jpg/met_363514_primary_000/f41707b51b5221c78dd0/met_363514_primary_000__marker_zip_002__001.3949367c..jpg..zip,1318719,62,2,1,0,0,0.2258064516129032,archive,0,0,0,1,0,1,0,1,0,0,34,7.950898531387482,7.988340858219542,0.3748455887873004,0.0108825306983519,256,6,0,0,0,0,0,0,0,0,0,0,0,0.0,0
1,met_363514_primary_000__marker_zip_002__002.851f6675..zip..jpg,data/raw/image_anomaly/anomalous/mitra/files/jpg/met_363514_primary_000/f41707b51b5221c78dd0/met_363514_primary_000__marker_zip_002__002.851f6675..zip..jpg,1318715,62,2,1,0,0,0.2258064516129032,image,0,0,0,1,0,1,1,0,0,0,34,7.950898401578621,3.506750348242968,0.374845967475914,0.0108825637078519,256,6,0,0,0,0,0,0,0,2,0,0,0,0.0249235050788077,0
1,met_363787_primary_000__marker_zip_001__001.b42c1af9..jpg..zip,data/raw/image_anomaly/anomalous/mitra/files/jpg/met_363787_primary_000/5c9c78e348417c2c0fc5/met_363787_primary_000__marker_zip_001__001.b42c1af9..jpg..zip,837772,62,2,1,0,0,0.2258064516129032,archive,0,0,0,1,0,1,0,1,0,0,19,7.978598874491239,3.4860200665476664,0.3759662533481663,0.0084032409772587,256,6,0,0,0,0,0,0,0,0,0,0,0,0.0,0
1,met_363787_primary_000__marker_zip_001__002.f690a265..zip..jpg,data/raw/image_anomaly/anomalous/mitra/files/jpg/met_363787_primary_000/5c9c78e348417c2c0fc5/met_363787_primary_000__marker_zip_001__002.f690a265..zip..jpg,837768,62,2,1,0,0,0.2258064516129032,image,0,0,0,1,0,1,1,0,0,0,19,7.978597477101009,3.494135190944173,0.375966854785573,0.0084032810993019,256,6,0,0,0,0,0,0,0,2,0,0,0,0.0025627620057104,0
1,met_363787_primary_000__marker_zip_002__001.a099a697..jpg..zip,data/raw/image_anomaly/anomalous/mitra/files/jpg/met_363787_primary_000/6a4847261dcc00117bca/met_363787_primary_000__marker_zip_002__001.a099a697..jpg..zip,870258,62,2,1,0,0,0.2258064516129032,archive,0,0,0,1,0,1,0,1,0,0,19,7.980133488522494,7.988340858219542,0.3758701442560712,0.0082412342087059,256,6,0,0,0,0,0,0,0,0,0,0,0,0.0,0
1,met_363787_primary_000__marker_zip_002__002.ae4f6770..zip..jpg,data/raw/image_anomaly/anomalous/mitra/files/jpg/met_363787_primary_000/6a4847261dcc00117bca/met_363787_primary_000__marker_zip_002__002.ae4f6770..zip..jpg,870254,62,2,1,0,0,0.2258064516129032,image,0,0,0,1,0,1,1,0,0,0,19,7.980133117710927,3.494135190944173,0.3758707228004697,0.0082412720883787,256,6,0,0,0,0,0,0,0,2,0,0,0,0.0377671346526416,0
1,met_363787_primary_000__marker_pdf_001__001.246fac1e..jpg..pdf,data/raw/image_anomaly/anomalous/mitra/files/jpg/met_363787_primary_000/803ff0b8501ef7b163af/met_363787_primary_000__marker_pdf_001__001.246fac1e..jpg..pdf,839267,62,2,1,0,0,0.2258064516129032,document,0,0,0,0,0,1,0,1,0,0,18,7.978604088088438,5.250824256483538,0.3774555653921815,0.0082834187451669,256,6,0,0,0,0,0,0,0,0,0,0,0,0.0,0
1,met_363787_primary_000__marker_pdf_002__001.2b6dca5f..jpg..pdf,data/raw/image_anomaly/anomalous/mitra/files/jpg/met_363787_primary_000/e196d9a8205539f4ff68/met_363787_primary_000__marker_pdf_002__001.2b6dca5f..jpg..pdf,841058,62,2,1,0,0,0.2258064516129032,document,0,0,0,0,0,1,0,1,0,0,18,7.978525608356191,5.072845754531357,0.378736068142744,0.008265779530068,256,6,0,0,0,0,0,0,0,0,0,0,0,0.0,0
1,met_364781_primary_000__marker_zip_002__001.20a23e6c..jpg..zip,data/raw/image_anomaly/anomalous/mitra/files/jpg/met_364781_primary_000/5e48171a0129b19a7fdd/met_364781_primary_000__marker_zip_002__001.20a23e6c..jpg..zip,2040104,62,2,1,0,0,0.2258064516129032,archive,0,0,0,1,0,1,0,1,0,0,65,7.95941532657007,7.988340858219542,0.3814962374467184,0.0065227066855415,256,6,0,0,0,0,0,0,0,0,0,0,0,0.0,0
1,met_364781_primary_000__marker_zip_002__002.2b2f1a79..zip..jpg,data/raw/image_anomaly/anomalous/mitra/files/jpg/met_364781_primary_000/5e48171a0129b19a7fdd/met_364781_primary_000__marker_zip_002__002.2b2f1a79..zip..jpg,2040100,62,2,1,0,0,0.2258064516129032,image,0,0,0,1,0,1,1,0,0,0,65,7.959414734347058,3.477517621338749,0.3814964952698397,0.0065227194745355,256,6,0,0,0,0,0,0,0,2,0,0,0,0.0161104847801578,0
1,met_364781_primary_000__marker_pdf_001__001.8f464037..jpg..pdf,data/raw/image_anomaly/anomalous/mitra/files/jpg/met_364781_primary_000/89980391b073efc6a0f3/met_364781_primary_000__marker_pdf_001__001.8f464037..jpg..pdf,2009113,62,2,1,0,0,0.2258064516129032,document,0,0,0,0,0,1,0,1,0,0,64,7.958221351314149,5.250824256483538,0.3822452992937679,0.0065138197801716,256,6,0,0,0,0,0,0,0,0,0,0,0,0.0,0
1,met_364781_primary_000__marker_pdf_002__001.dfc0de67..jpg..pdf,data/raw/image_anomaly/anomalous/mitra/files/jpg/met_364781_primary_000/9e6e9525df233cfe7245/met_364781_primary_000__marker_pdf_002__001.dfc0de67..jpg..pdf,2010904,62,2,1,0,0,0.2258064516129032,document,0,0,0,0,0,1,0,1,0,0,64,7.958261454655949,5.072845754531357,0.3827766019660809,0.0065080182843139,256,6,0,0,0,0,0,0,0,0,0,0,0,0.0,0
1,met_364781_primary_000__marker_zip_001__001.f799097f..jpg..zip,data/raw/image_anomaly/anomalous/mitra/files/jpg/met_364781_primary_000/fa3d59161917938444c3/met_364781_primary_000__marker_zip_001__001.f799097f..jpg..zip,2007618,62,2,1,0,0,0.2258064516129032,archive,0,0,0,1,0,1,0,1,0,0,65,7.958098959910627,3.488971938721852,0.3816273813046107,0.0065625034244562,256,6,0,0,0,0,0,0,0,0,0,0,0,0.0,0
1,met_364781_primary_000__marker_zip_001__002.e63d27be..zip..jpg,data/raw/image_anomaly/anomalous/mitra/files/jpg/met_364781_primary_000/fa3d59161917938444c3/met_364781_primary_000__marker_zip_001__002.e63d27be..zip..jpg,2007614,62,2,1,0,0,0.2258064516129032,image,0,0,0,1,0,1,1,0,0,0,65,7.958098073601284,3.477517621338749,0.3816276435609634,0.0065625164996856,256,6,0,0,0,0,0,0,0,2,0,0,0,0.0010694286849962,0
1,met_368134_primary_000__marker_zip_001__001.987a41aa..jpg..zip,data/raw/image_anomaly/anomalous/mitra/files/jpg/met_368134_primary_000/16f21542054c35f7e130/met_368134_primary_000__marker_zip_001__001.987a41aa..jpg..zip,2968085,62,2,1,0,0,0.2258064516129032,archive,0,0,0,1,0,1,0,1,0,0,53,7.9614955894983375,5.447606078403486,0.3882469673206798,0.0075206741046836,256,25,0,0,0,0,0,0,0,0,0,0,0,0.0,0
1,met_368134_primary_000__marker_zip_001__002.61bb385b..zip..jpg,data/raw/image_anomaly/anomalous/mitra/files/jpg/met_368134_primary_000/16f21542054c35f7e130/met_368134_primary_000__marker_zip_001__002.61bb385b..zip..jpg,2968081,62,2,1,0,0,0.2258064516129032,image,0,0,0,1,0,1,1,0,0,0,53,7.961495112850975,4.88883237999794,0.3882471536322627,0.0075206842400864,256,25,0,0,0,0,0,0,0,2,0,0,0,0.0007233630079502,0
1,met_368134_primary_000__marker_pdf_002__001.de80d888..jpg..pdf,data/raw/image_anomaly/anomalous/mitra/files/jpg/met_368134_primary_000/273f37cc8acdf9a4360d/met_368134_primary_000__marker_pdf_002__001.de80d888..jpg..pdf,2971371,62,2,1,0,0,0.2258064516129032,document,0,0,0,0,0,1,0,1,0,0,52,7.961492321883755,5.072845754531357,0.3890173929812198,0.0074827411319555,256,25,0,0,0,0,0,0,0,0,0,0,0,0.0,0
1,met_368134_primary_000__marker_pdf_001__001.2d87bd30..jpg..pdf,data/raw/image_anomaly/anomalous/mitra/files/jpg/met_368134_primary_000/2d0f476cdb487bd27e97/met_368134_primary_000__marker_pdf_001__001.2d87bd30..jpg..pdf,2969580,62,2,1,0,0,0.2258064516129032,document,0,0,0,0,0,1,0,1,0,0,52,7.961506644060461,5.250824256483538,0.3886616962668121,0.0074872540898039,256,25,0,0,0,0,0,0,0,0,0,0,0,0.0,0
1,met_368134_primary_000__marker_zip_002__001.e05ddbbe..jpg..zip,data/raw/image_anomaly/anomalous/mitra/files/jpg/met_368134_primary_000/7975c13dddf5ff2358b2/met_368134_primary_000__marker_zip_002__001.e05ddbbe..jpg..zip,3000571,62,2,1,0,0,0.2258064516129032,archive,0,0,0,1,0,1,0,1,0,0,53,7.962303691437032,7.988340858219542,0.3880861342724435,0.0074832423562048,256,25,0,0,0,0,0,0,0,0,0,0,0,0.0,0
1,met_368134_primary_000__marker_zip_002__002.02f82f69..zip..jpg,data/raw/image_anomaly/anomalous/mitra/files/jpg/met_368134_primary_000/7975c13dddf5ff2358b2/met_368134_primary_000__marker_zip_002__002.02f82f69..zip..jpg,3000567,62,2,1,0,0,0.2258064516129032,image,0,0,0,1,0,1,1,0,0,0,53,7.962303268291048,4.88883237999794,0.388086318352498,0.0074832523319759,256,25,0,0,0,0,0,0,0,2,0,0,0,0.01095359643694,0
1,met_371937_primary_000__marker_zip_002__001.3e45d252..jpg..zip,data/raw/image_anomaly/anomalous/mitra/files/jpg/met_371937_primary_000/42213c640a0cde6eb553/met_371937_primary_000__marker_zip_002__001.3e45d252..jpg..zip,1944662,62,2,1,0,0,0.2258064516129032,archive,0,0,0,1,0,1,0,1,0,0,37,7.981710781836088,7.988340858219542,0.3728982208733445,0.0092360523319733,256,6,0,0,0,0,0,0,0,0,0,0,0,0.0,0
1,met_371937_primary_000__marker_zip_002__002.916b58c3..zip..jpg,data/raw/image_anomaly/anomalous/mitra/files/jpg/met_371937_primary_000/42213c640a0cde6eb553/met_371937_primary_000__marker_zip_002__002.916b58c3..zip..jpg,1944658,62,2,1,0,0,0.2258064516129032,image,0,0,0,1,0,1,1,0,0,0,37,7.981710468539877,3.4866903774183293,0.3728984736647781,0.0092360713297659,256,6,0,0,0,0,0,0,0,2,0,0,0,0.016901172339815,0
1,met_371937_primary_000__marker_pdf_001__001.cad76021..jpg..pdf,data/raw/image_anomaly/anomalous/mitra/files/jpg/met_371937_primary_000/70fb8c3e998545923574/met_371937_primary_000__marker_pdf_001__001.cad76021..jpg..pdf,1913671,62,2,1,0,0,0.2258064516129032,document,0,0,0,0,0,1,0,1,0,0,36,7.981177251962587,5.250824256483538,0.3735454004371702,0.0092706635571109,256,6,0,0,0,0,0,0,0,0,0,0,0,0.0,0
1,met_371937_primary_000__marker_pdf_002__001.d6d3c18e..jpg..pdf,data/raw/image_anomaly/anomalous/mitra/files/jpg/met_371937_primary_000/87909a419fdfe704504e/met_371937_primary_000__marker_pdf_002__001.d6d3c18e..jpg..pdf,1915462,62,2,1,0,0,0.2258064516129032,document,0,0,0,0,0,1,0,1,0,0,36,7.981182947889813,5.072845754531357,0.3741113110048646,0.0092619952784236,256,6,0,0,0,0,0,0,0,0,0,0,0,0.0,0
1,met_371937_primary_000__marker_zip_001__001.8ac5a7fa..jpg..zip,data/raw/image_anomaly/anomalous/mitra/files/jpg/met_371937_primary_000/f91ad40965ebe9160d75/met_371937_primary_000__marker_zip_001__001.8ac5a7fa..jpg..zip,1912176,62,2,1,0,0,0.2258064516129032,archive,0,0,0,1,0,1,0,1,0,0,37,7.981103762987208,3.484132390300124,0.3728898385922635,0.0093239325250395,256,6,0,0,0,0,0,0,0,0,0,0,0,0.0,0
1,met_371937_primary_000__marker_zip_001__002.57972c7e..zip..jpg,data/raw/image_anomaly/anomalous/mitra/files/jpg/met_371937_primary_000/f91ad40965ebe9160d75/met_371937_primary_000__marker_zip_001__002.57972c7e..zip..jpg,1912172,62,2,1,0,0,0.2258064516129032,image,0,0,0,1,0,1,1,0,0,0,37,7.981103120266276,3.4866903774183293,0.3728900956608506,0.0093239520294199,256,6,0,0,0,0,0,0,0,2,0,0,0,0.0011228069441451,0
1,met_378094_additional_001__marker_zip_001__001.63f4631e..jpg..zip,data/raw/image_anomaly/anomalous/mitra/files/jpg/met_378094_additional_001/125578cc73bfe3782509/met_378094_additional_001__marker_zip_001__001.63f4631e..jpg..zip,2190930,65,2,1,0,0,0.2153846153846154,archive,0,0,0,1,0,1,0,1,0,0,51,7.975950860029769,6.211455613598813,0.3720105160822116,0.0118420031676046,256,13,0,0,1,0,0,0,1,0,0,0,0,0.0,0
1,met_378094_additional_001__marker_zip_001__002.2f19c54c..zip..jpg,data/raw/image_anomaly/anomalous/mitra/files/jpg/met_378094_additional_001/125578cc73bfe3782509/met_378094_additional_001__marker_zip_001__002.2f19c54c..zip..jpg,2190926,65,2,1,0,0,0.2153846153846154,image,0,0,0,1,0,1,1,0,0,0,51,7.975950821371711,6.399058181625094,0.3720107388382812,0.0118420247876925,256,13,0,0,1,0,0,0,1,2,0,0,0,0.0009799509431172,0
1,met_378094_additional_001__marker_zip_002__001.33805dec..jpg..zip,data/raw/image_anomaly/anomalous/mitra/files/jpg/met_378094_additional_001/2b6b9727fb9c2242cde6/met_378094_additional_001__marker_zip_002__001.33805dec..jpg..zip,2223416,65,2,1,0,0,0.2153846153846154,archive,0,0,0,1,0,1,0,1,0,0,51,7.976607708070474,7.988340858219542,0.3720306951105866,0.0117283495306321,256,13,0,0,1,0,0,0,1,0,0,0,0,0.0,0
1,met_378094_additional_001__marker_zip_002__002.e3518faf..zip..jpg,data/raw/image_anomaly/anomalous/mitra/files/jpg/met_378094_additional_001/2b6b9727fb9c2242cde6/met_378094_additional_001__marker_zip_002__002.e3518faf..zip..jpg,2223412,65,2,1,0,0,0.2153846153846154,image,0,0,0,1,0,1,1,0,0,0,51,7.9766077170860195,6.399058181625094,0.3720309146482973,0.0117283706303645,256,13,0,0,1,0,0,0,1,2,0,0,0,0.0147822355910645,0
1,met_378094_additional_001__marker_pdf_002__001.7fff48e0..jpg..pdf,data/raw/image_anomaly/anomalous/mitra/files/jpg/met_378094_additional_001/44ef91c1938dd2f70dc6/met_378094_additional_001__marker_pdf_002__001.7fff48e0..jpg..pdf,2194216,65,2,1,0,0,0.2153846153846154,document,0,0,0,0,0,1,0,1,0,0,50,7.975964049575702,5.072845754531357,0.3730781290447248,0.0117841634551931,256,13,0,0,1,0,0,0,1,0,0,0,0,0.0,0
1,met_378094_additional_001__marker_pdf_001__001.ea8d9ff6..jpg..pdf,data/raw/image_anomaly/anomalous/mitra/files/jpg/met_378094_additional_001/56684a7a09b16ac40e3b/met_378094_additional_001__marker_pdf_001__001.ea8d9ff6..jpg..pdf,2192425,65,2,1,0,0,0.2153846153846154,document,0,0,0,0,0,1,0,1,0,0,50,7.97597756922521,5.250824256483538,0.3725833266816424,0.0117937899814132,256,13,0,0,1,0,0,0,1,0,0,0,0,0.0,0
1,met_378094_primary_000__marker_pdf_001__001.3c5b9423..jpg..pdf,data/raw/image_anomaly/anomalous/mitra/files/jpg/met_378094_primary_000/738a43409bd1e9eb7554/met_378094_primary_000__marker_pdf_001__001.3c5b9423..jpg..pdf,2154331,62,2,1,0,0,0.2258064516129032,document,0,0,0,0,0,1,0,1,0,0,54,7.976131268181181,5.250824256483538,0.3747720289964726,0.0110191980712341,256,13,0,0,0,0,0,0,0,0,0,0,0,0.0,0
1,met_378094_primary_000__marker_zip_002__001.47d55ed4..jpg..zip,data/raw/image_anomaly/anomalous/mitra/files/jpg/met_378094_primary_000/7e0946ff4fcd59c30b08/met_378094_primary_000__marker_zip_002__001.47d55ed4..jpg..zip,2185322,62,2,1,0,0,0.2258064516129032,archive,0,0,0,1,0,1,0,1,0,0,55,7.97678081372223,7.988340858219542,0.3741787251489711,0.0109636017026323,256,13,0,0,0,0,0,0,0,0,0,0,0,0.0,0
1,met_378094_primary_000__marker_zip_002__002.9cce34f8..zip..jpg,data/raw/image_anomaly/anomalous/mitra/files/jpg/met_378094_primary_000/7e0946ff4fcd59c30b08/met_378094_primary_000__marker_zip_002__002.9cce34f8..zip..jpg,2185318,62,2,1,0,0,0.2258064516129032,image,0,0,0,1,0,1,1,0,0,0,55,7.976780557267874,6.3969951341376055,0.3741789524453649,0.0109636217703784,256,13,0,0,0,0,0,0,0,2,0,0,0,0.0150399163874548,0
1,met_378094_primary_000__marker_zip_001__001.81ae7f3e..jpg..zip,data/raw/image_anomaly/anomalous/mitra/files/jpg/met_378094_primary_000/df2cb4ffe5f66de396b7/met_378094_primary_000__marker_zip_001__001.81ae7f3e..jpg..zip,2152836,62,2,1,0,0,0.2258064516129032,archive,0,0,0,1,0,1,0,1,0,0,55,7.97611137826976,6.2132291022482615,0.3741906025354463,0.0110677264780038,256,13,0,0,0,0,0,0,0,0,0,0,0,0.0,0
1,met_378094_primary_000__marker_zip_001__002.e4c76a60..zip..jpg,data/raw/image_anomaly/anomalous/mitra/files/jpg/met_378094_primary_000/df2cb4ffe5f66de396b7/met_378094_primary_000__marker_zip_001__002.e4c76a60..zip..jpg,2152832,62,2,1,0,0,0.2258064516129032,image,0,0,0,1,0,1,1,0,0,0,55,7.976111095854219,6.3969951341376055,0.3741908332837862,0.0110677470420357,256,13,0,0,0,0,0,0,0,2,0,0,0,0.000997291010167,0
1,met_378094_primary_000__marker_pdf_002__001.5561de62..jpg..pdf,data/raw/image_anomaly/anomalous/mitra/files/jpg/met_378094_primary_000/f538a4856766a13cee5e/met_378094_primary_000__marker_pdf_002__001.5561de62..jpg..pdf,2156122,62,2,1,0,0,0.2258064516129032,document,0,0,0,0,0,1,0,1,0,0,54,7.976112143390016,5.072845754531357,0.375273755381189,0.0110100448861428,256,13,0,0,0,0,0,0,0,0,0,0,0,0.0,0
1,met_379929_primary_000__marker_zip_001__001.bfc84557..jpg..zip,data/raw/image_anomaly/anomalous/mitra/files/jpg/met_379929_primary_000/3b6a4dd1777740d0253d/met_379929_primary_000__marker_zip_001__001.bfc84557..jpg..zip,2106126,62,2,1,0,0,0.2258064516129032,archive,0,0,0,1,0,1,0,1,0,0,33,7.977835359021611,6.2097884727104695,0.3779375023146763,0.0098982681947803,256,15,0,2,0,0,0,2,2,0,0,0,0,0.0,0
1,met_379929_primary_000__marker_zip_001__002.f9f67e61..zip..jpg,data/raw/image_anomaly/anomalous/mitra/files/jpg/met_379929_primary_000/3b6a4dd1777740d0253d/met_379929_primary_000__marker_zip_001__002.f9f67e61..zip..jpg,2106122,62,2,1,0,0,0.2258064516129032,image,0,0,0,1,0,1,1,0,0,0,33,7.977835345623871,6.393971057700536,0.3779377452968062,0.0098982869938208,256,15,0,2,0,0,0,2,2,2,0,0,0,0.0010194091320445,0
1,met_379929_primary_000__marker_pdf_002__001.2a0f8e44..jpg..pdf,data/raw/image_anomaly/anomalous/mitra/files/jpg/met_379929_primary_000/6bdfc92ff4133d46612a/met_379929_primary_000__marker_pdf_002__001.2a0f8e44..jpg..pdf,2109412,62,2,1,0,0,0.2258064516129032,document,0,0,0,0,0,1,0,1,0,0,32,7.977758989596537,5.072845754531357,0.3790388032304737,0.0098411310829747,256,15,0,2,0,0,0,2,2,0,0,0,0,0.0,0
1,met_379929_primary_000__marker_pdf_001__001.c3a33d21..jpg..pdf,data/raw/image_anomaly/anomalous/mitra/files/jpg/met_379929_primary_000/eba307e152a5cc902ff3/met_379929_primary_000__marker_pdf_001__001.c3a33d21..jpg..pdf,2107621,62,2,1,0,0,0.2258064516129032,document,0,0,0,0,0,1,0,1,0,0,32,7.977804724382926,5.250824256483538,0.3785291568076044,0.0098494938131665,256,15,0,2,0,0,0,2,2,0,0,0,0,0.0,0
1,met_379929_primary_000__marker_zip_002__001.a8c25980..jpg..zip,data/raw/image_anomaly/anomalous/mitra/files/jpg/met_379929_primary_000/fb6122f634e358645bc7/met_379929_primary_000__marker_zip_002__001.a8c25980..jpg..zip,2138612,62,2,1,0,0,0.2258064516129032,archive,0,0,0,1,0,1,0,1,0,0,33,7.9784727841134,7.988340858219542,0.3778684492558725,0.0098096335380143,256,15,0,2,0,0,0,2,2,0,0,0,0,0.0,0
1,met_379929_primary_000__marker_zip_002__002.c4304f5b..zip..jpg,data/raw/image_anomaly/anomalous/mitra/files/jpg/met_379929_primary_000/fb6122f634e358645bc7/met_379929_primary_000__marker_zip_002__002.c4304f5b..zip..jpg,2138608,62,2,1,0,0,0.2258064516129032,image,0,0,0,1,0,1,1,0,0,0,33,7.978472910462302,6.393971057700536,0.3778686884178868,0.0098096518857125,256,15,0,2,0,0,0,2,2,2,0,0,0,0.0153684078615622,0
1,met_38143_primary_000__marker_pdf_002__001.65881433..jpg..pdf,data/raw/image_anomaly/anomalous/mitra/files/jpg/met_38143_primary_000/2631f6db15e8c1c485a8/met_38143_primary_000__marker_pdf_002__001.65881433..jpg..pdf,88979,61,2,1,0,0,0.2295081967213114,document,0,0,0,0,0,1,0,1,0,0,2,7.906662905118849,5.072845754531357,0.4248193393946886,0.0090133627035592,256,6,0,1,0,0,0,1,1,0,0,0,0,0.0,0
1,met_38143_primary_000__marker_zip_001__001.b1c7614d..jpg..zip,data/raw/image_anomaly/anomalous/mitra/files/jpg/met_38143_primary_000/4837ea30739975004180/met_38143_primary_000__marker_zip_001__001.b1c7614d..jpg..zip,85693,61,2,1,0,0,0.2295081967213114,archive,0,0,0,1,0,1,0,1,0,0,3,7.917539249758636,3.463872687250238,0.3995075443735194,0.0103859125016045,256,6,0,1,0,0,0,1,1,0,0,0,0,0.0,0
1,met_38143_primary_000__marker_zip_001__002.58d8bcce..zip..jpg,data/raw/image_anomaly/anomalous/mitra/files/jpg/met_38143_primary_000/4837ea30739975004180/met_38143_primary_000__marker_zip_001__002.58d8bcce..zip..jpg,85689,61,2,1,0,0,0.2295081967213114,image,0,0,0,1,0,1,1,0,0,0,3,7.917522760609621,3.47891432683586,0.3995145234510847,0.0103863973205428,256,6,0,1,0,0,0,1,1,2,0,0,0,0.0250557247721411,0
1,met_38143_primary_000__marker_pdf_001__001.b3754683..jpg..pdf,data/raw/image_anomaly/anomalous/mitra/files/jpg/met_38143_primary_000/6b023471edcb961c4251/met_38143_primary_000__marker_pdf_001__001.b3754683..jpg..pdf,87188,61,2,1,0,0,0.2295081967213114,document,0,0,0,0,0,1,0,1,0,0,2,7.9113485598786015,5.250824256483538,0.4134399229251732,0.0091985135569115,256,6,0,1,0,0,0,1,1,0,0,0,0,0.0,0
1,met_38143_primary_000__marker_zip_002__001.c92fada5..jpg..zip,data/raw/image_anomaly/anomalous/mitra/files/jpg/met_38143_primary_000/a3c883abf90204fac7bf/met_38143_primary_000__marker_zip_002__001.c92fada5..jpg..zip,118179,61,2,1,0,0,0.2295081967213114,archive,0,0,0,1,0,1,0,1,0,0,3,7.951190723558826,7.988340858219542,0.3923285862970578,0.008647898526811,256,6,0,1,0,0,0,1,1,0,0,0,0,0.0,0
1,met_38143_primary_000__marker_zip_002__002.ae3a796d..zip..jpg,data/raw/image_anomaly/anomalous/mitra/files/jpg/met_38143_primary_000/a3c883abf90204fac7bf/met_38143_primary_000__marker_zip_002__002.ae3a796d..zip..jpg,118175,61,2,1,0,0,0.2295081967213114,image,0,0,0,1,0,1,1,0,0,0,3,7.951184122762428,3.47891432683586,0.3923334038502221,0.0086481912418024,256,6,0,1,0,0,0,1,1,2,0,0,0,0.2781214300825048,0
1,met_38149_primary_000__marker_zip_001__001.baa81451..jpg..zip,data/raw/image_anomaly/anomalous/mitra/files/jpg/met_38149_primary_000/42241fe3b0b62815738c/met_38149_primary_000__marker_zip_001__001.baa81451..jpg..zip,70331,61,2,1,0,0,0.2295081967213114,archive,0,0,0,1,0,1,0,1,0,0,3,7.840128883417464,3.469384769175196,0.3900698127426028,0.0159815728483883,256,6,0,1,0,0,0,1,1,0,0,0,0,0.0,0
1,met_38149_primary_000__marker_zip_001__002.2bb7428e..zip..jpg,data/raw/image_anomaly/anomalous/mitra/files/jpg/met_38149_primary_000/42241fe3b0b62815738c/met_38149_primary_000__marker_zip_001__002.2bb7428e..zip..jpg,70327,61,2,1,0,0,0.2295081967213114,image,0,0,0,1,0,1,1,0,0,0,3,7.840097197148811,3.48833899892292,0.390077779515691,0.0159824818348571,256,6,0,1,0,0,0,1,1,2,0,0,0,0.0305288153909593,0
1,met_38149_primary_000__marker_pdf_001__001.ca8b883e..jpg..pdf,data/raw/image_anomaly/anomalous/mitra/files/jpg/met_38149_primary_000/68473623486edfd89bde/met_38149_primary_000__marker_pdf_001__001.ca8b883e..jpg..pdf,71826,61,2,1,0,0,0.2295081967213114,document,0,0,0,0,0,1,0,1,0,0,2,7.834709790654683,5.250824256483538,0.4071784590538245,0.0144237462757218,256,6,0,1,0,0,0,1,1,0,0,0,0,0.0,0
1,met_38149_primary_000__marker_pdf_002__001.5281f37c..jpg..pdf,data/raw/image_anomaly/anomalous/mitra/files/jpg/met_38149_primary_000/d8847084e8fbac806f1b/met_38149_primary_000__marker_pdf_002__001.5281f37c..jpg..pdf,73617,61,2,1,0,0,0.2295081967213114,document,0,0,0,0,0,1,0,1,0,0,2,7.83175621085901,5.072845754531357,0.4210848037817352,0.0140728364372359,256,6,0,1,0,0,0,1,1,0,0,0,0,0.0,0
1,met_38149_primary_000__marker_zip_002__001.3cd839d6..jpg..zip,data/raw/image_anomaly/anomalous/mitra/files/jpg/met_38149_primary_000/ec93d8b498e8e0af79ad/met_38149_primary_000__marker_zip_002__001.3cd839d6..jpg..zip,102817,61,2,1,0,0,0.2295081967213114,archive,0,0,0,1,0,1,0,1,0,0,3,7.915962034948865,7.988340858219542,0.3848001789587325,0.0122158786971026,256,6,0,1,0,0,0,1,1,0,0,0,0,0.0,0
1,met_38149_primary_000__marker_zip_002__002.0bca13fd..zip..jpg,data/raw/image_anomaly/anomalous/mitra/files/jpg/met_38149_primary_000/ec93d8b498e8e0af79ad/met_38149_primary_000__marker_zip_002__002.0bca13fd..zip..jpg,102813,61,2,1,0,0,0.2295081967213114,image,0,0,0,1,0,1,1,0,0,0,3,7.915954599754771,3.48833899892292,0.3848054234386702,0.0122163539630202,256,6,0,1,0,0,0,1,1,2,0,0,0,0.3196774726931419,0
1,met_381673_primary_000__marker_zip_002__001.85b1975b..jpg..zip,data/raw/image_anomaly/anomalous/mitra/files/jpg/met_381673_primary_000/3d6fa0f8e47794854e86/met_381673_primary_000__marker_zip_002__001.85b1975b..jpg..zip,2047667,62,2,1,0,0,0.2258064516129032,archive,0,0,0,1,0,1,0,1,0,0,40,7.981007746319252,7.988340858219542,0.3749315684630362,0.0080994614847043,256,6,0,0,1,0,0,0,1,0,0,0,0,0.0,0
1,met_381673_primary_000__marker_zip_002__002.c1105af5..zip..jpg,data/raw/image_anomaly/anomalous/mitra/files/jpg/met_381673_primary_000/3d6fa0f8e47794854e86/met_381673_primary_000__marker_zip_002__002.c1105af5..zip..jpg,2047663,62,2,1,0,0,0.2258064516129032,image,0,0,0,1,0,1,1,0,0,0,40,7.981007539734804,3.211739232903859,0.374931812510164,0.0080994773065685,256,6,0,0,1,0,0,0,1,2,0,0,0,0.0160509810452208,0
1,met_381673_primary_000__marker_pdf_001__001.1f840596..jpg..pdf,data/raw/image_anomaly/anomalous/mitra/files/jpg/met_381673_primary_000/ac9c3b0944c0685dd620/met_381673_primary_000__marker_pdf_001__001.1f840596..jpg..pdf,2016676,62,2,1,0,0,0.2258064516129032,document,0,0,0,0,0,1,0,1,0,0,39,7.980434361827638,5.250824256483538,0.3755769394786272,0.0081148384767806,256,6,0,0,1,0,0,0,1,0,0,0,0,0.0,0
1,met_381673_primary_000__marker_zip_001__001.cd090001..jpg..zip,data/raw/image_anomaly/anomalous/mitra/files/jpg/met_381673_primary_000/beb1848e42d3fb97535e/met_381673_primary_000__marker_zip_001__001.cd090001..jpg..zip,2015181,62,2,1,0,0,0.2258064516129032,archive,0,0,0,1,0,1,0,1,0,0,40,7.980398804297292,3.8235831889316576,0.3749563934951749,0.0081645271566176,256,6,0,0,1,0,0,0,1,0,0,0,0,0.0,0
1,met_381673_primary_000__marker_zip_001__002.d7519f87..zip..jpg,data/raw/image_anomaly/anomalous/mitra/files/jpg/met_381673_primary_000/beb1848e42d3fb97535e/met_381673_primary_000__marker_zip_001__002.d7519f87..zip..jpg,2015177,62,2,1,0,0,0.2258064516129032,image,0,0,0,1,0,1,1,0,0,0,40,7.980398252827649,3.211739232903859,0.3749566415257816,0.0081645433626922,256,6,0,0,1,0,0,0,1,2,0,0,0,0.0010654150975323,0
1,met_381673_primary_000__marker_pdf_002__001.f589cf50..jpg..pdf,data/raw/image_anomaly/anomalous/mitra/files/jpg/met_381673_primary_000/c5f86983df8d6c3ffe85/met_381673_primary_000__marker_pdf_002__001.f589cf50..jpg..pdf,2018467,62,2,1,0,0,0.2258064516129032,document,0,0,0,0,0,1,0,1,0,0,39,7.980431032440024,5.072845754531357,0.3761121682940568,0.0081076381233877,256,6,0,0,1,0,0,0,1,0,0,0,0,0.0,0
1,met_382071_additional_001__marker_pdf_002__001.74087b24..jpg..pdf,data/raw/image_anomaly/anomalous/mitra/files/jpg/met_382071_additional_001/56fa74a7b996d195fbf6/met_382071_additional_001__marker_pdf_002__001.74087b24..jpg..pdf,3376919,65,2,1,0,0,0.2153846153846154,document,0,0,0,0,0,1,0,1,0,0,77,7.977804314523476,5.072845754531357,0.3820923747356688,0.0085554317411818,256,17,0,2,0,0,0,2,2,0,0,0,0,0.0,0
1,met_382071_additional_001__marker_pdf_001__001.0c6ec7c0..jpg..pdf,data/raw/image_anomaly/anomalous/mitra/files/jpg/met_382071_additional_001/815470fff2386ef49d2f/met_382071_additional_001__marker_pdf_001__001.0c6ec7c0..jpg..pdf,3375128,65,2,1,0,0,0.2153846153846154,document,0,0,0,0,0,1,0,1,0,0,77,7.977829224367827,5.250824256483538,0.381775743023672,0.0085599716514455,256,17,0,2,0,0,0,2,2,0,0,0,0,0.0,0
1,met_382071_additional_001__marker_zip_001__001.e0b60fa4..jpg..zip,data/raw/image_anomaly/anomalous/mitra/files/jpg/met_382071_additional_001/96b09df3119978aa2727/met_382071_additional_001__marker_zip_001__001.e0b60fa4..jpg..zip,3373633,65,2,1,0,0,0.2153846153846154,archive,0,0,0,1,0,1,0,1,0,0,78,7.977833845452642,6.219737880866264,0.3814078176256872,0.0085898495775918,256,17,0,2,0,0,0,2,2,0,0,0,0,0.0,0
1,met_382071_additional_001__marker_zip_001__002.c89752be..zip..jpg,data/raw/image_anomaly/anomalous/mitra/files/jpg/met_382071_additional_001/96b09df3119978aa2727/met_382071_additional_001__marker_zip_001__002.c89752be..zip..jpg,3373629,65,2,1,0,0,0.2153846153846154,image,0,0,0,1,0,1,1,0,0,0,78,7.977833616533489,6.397693563218636,0.3814079734315777,0.0085898597622915,256,17,0,2,0,0,0,2,2,2,0,0,0,0.0006364066706801,0
1,met_382071_additional_001__marker_zip_002__001.be1e37c0..jpg..zip,data/raw/image_anomaly/anomalous/mitra/files/jpg/met_382071_additional_001/c9dce267032e146b237e/met_382071_additional_001__marker_zip_002__001.be1e37c0..jpg..zip,3406119,65,2,1,0,0,0.2153846153846154,archive,0,0,0,1,0,1,0,1,0,0,78,7.978241418693572,7.988340858219542,0.3813313627621348,0.0085466773180854,256,17,0,2,0,0,0,2,2,0,0,0,0,0.0,0
1,met_382071_additional_001__marker_zip_002__002.d487f848..zip..jpg,data/raw/image_anomaly/anomalous/mitra/files/jpg/met_382071_additional_001/c9dce267032e146b237e/met_382071_additional_001__marker_zip_002__002.d487f848..zip..jpg,3406115,65,2,1,0,0,0.2153846153846154,image,0,0,0,1,0,1,1,0,0,0,78,7.978241307127178,6.397693563218636,0.3813315169922331,0.0085466873549483,256,17,0,2,0,0,0,2,2,2,0,0,0,0.0096494099582662,0
1,met_382071_primary_000__marker_pdf_001__001.989285ba..jpg..pdf,data/raw/image_anomaly/anomalous/mitra/files/jpg/met_382071_primary_000/40e60d075b8493d7a8ce/met_382071_primary_000__marker_pdf_001__001.989285ba..jpg..pdf,1456183,62,2,1,0,0,0.2258064516129032,document,0,0,0,0,0,1,0,1,0,0,26,7.98338089636617,5.250824256483538,0.3794076706018405,0.007414590061826,256,6,0,0,0,0,0,0,0,0,0,0,0,0.0,0
1,met_382071_primary_000__marker_zip_002__001.96cf1cd3..jpg..zip,data/raw/image_anomaly/anomalous/mitra/files/jpg/met_382071_primary_000/4cac96c8911c6947a59c/met_382071_primary_000__marker_zip_002__001.96cf1cd3..jpg..zip,1487174,62,2,1,0,0,0.2258064516129032,archive,0,0,0,1,0,1,0,1,0,0,27,7.984118579000746,7.988340858219542,0.3784392411378897,0.0074080100916234,256,6,0,0,0,0,0,0,0,0,0,0,0,0.0,0
1,met_382071_primary_000__marker_zip_002__002.e0410e37..zip..jpg,data/raw/image_anomaly/anomalous/mitra/files/jpg/met_382071_primary_000/4cac96c8911c6947a59c/met_382071_primary_000__marker_zip_002__002.e0410e37..zip..jpg,1487170,62,2,1,0,0,0.2258064516129032,image,0,0,0,1,0,1,1,0,0,0,27,7.9841182430650175,3.4672331476569878,0.3784395865973627,0.0074080300167432,256,6,0,0,0,0,0,0,0,2,0,0,0,0.0221003651230188,0
1,met_382071_primary_000__marker_zip_001__001.92bf2e0f..jpg..zip,data/raw/image_anomaly/anomalous/mitra/files/jpg/met_382071_primary_000/623837f6b892a5d26daf/met_382071_primary_000__marker_zip_001__001.92bf2e0f..jpg..zip,1454688,62,2,1,0,0,0.2258064516129032,archive,0,0,0,1,0,1,0,1,0,0,27,7.983415829826027,3.481501766226452,0.378551964407488,0.0074827041949888,256,6,0,0,0,0,0,0,0,0,0,0,0,0.0,0
1,met_382071_primary_000__marker_zip_001__002.fe1f4b9e..zip..jpg,data/raw/image_anomaly/anomalous/mitra/files/jpg/met_382071_primary_000/623837f6b892a5d26daf/met_382071_primary_000__marker_zip_001__002.fe1f4b9e..zip..jpg,1454684,62,2,1,0,0,0.2258064516129032,image,0,0,0,1,0,1,1,0,0,0,27,7.983415272443931,3.4672331476569878,0.3785523178917208,0.0074827247704656,256,6,0,0,0,0,0,0,0,2,0,0,0,0.0014759219184372,0
1,met_382071_primary_000__marker_pdf_002__001.fccf3b89..jpg..pdf,data/raw/image_anomaly/anomalous/mitra/files/jpg/met_382071_primary_000/6c0ccb23f5b31b6ffd1f/met_382071_primary_000__marker_pdf_002__001.fccf3b89..jpg..pdf,1457974,62,2,1,0,0,0.2258064516129032,document,0,0,0,0,0,1,0,1,0,0,26,7.983316465819392,5.072845754531357,0.3801439531843503,0.0074054818535858,256,6,0,0,0,0,0,0,0,0,0,0,0,0.0,0
1,met_383579_primary_000__marker_zip_002__001.3e07002b..jpg..zip,data/raw/image_anomaly/anomalous/mitra/files/jpg/met_383579_primary_000/20df31990bffc7773198/met_383579_primary_000__marker_zip_002__001.3e07002b..jpg..zip,2212850,62,2,1,0,0,0.2258064516129032,archive,0,0,0,1,0,1,0,1,0,0,48,7.956268571764039,7.988340858219542,0.3828049800031633,0.0091384413765054,256,6,0,0,0,0,0,0,0,0,0,0,0,0.0,0
1,met_383579_primary_000__marker_zip_002__002.d112d42c..zip..jpg,data/raw/image_anomaly/anomalous/mitra/files/jpg/met_383579_primary_000/20df31990bffc7773198/met_383579_primary_000__marker_zip_002__002.d112d42c..zip..jpg,2212846,62,2,1,0,0,0.2258064516129032,image,0,0,0,1,0,1,1,0,0,0,48,7.956268091819856,3.3199129843453585,0.3828052200650203,0.009138457895398,256,6,0,0,0,0,0,0,0,2,0,0,0,0.0148528184970847,0
1,met_383579_primary_000__marker_zip_001__001.f3b98a9e..jpg..zip,data/raw/image_anomaly/anomalous/mitra/files/jpg/met_383579_primary_000/5ad1b4ee8aa3ba9a6d62/met_383579_primary_000__marker_zip_001__001.f3b98a9e..jpg..zip,2180364,62,2,1,0,0,0.2258064516129032,archive,0,0,0,1,0,1,0,1,0,0,48,7.954995974588144,3.700945996810928,0.382945232997793,0.0092140578362145,256,6,0,0,0,0,0,0,0,0,0,0,0,0.0,0
1,met_383579_primary_000__marker_zip_001__002.32711fd1..zip..jpg,data/raw/image_anomaly/anomalous/mitra/files/jpg/met_383579_primary_000/5ad1b4ee8aa3ba9a6d62/met_383579_primary_000__marker_zip_001__002.32711fd1..zip..jpg,2180360,62,2,1,0,0,0.2258064516129032,image,0,0,0,1,0,1,1,0,0,0,48,7.954995390537561,3.3199129843453585,0.382945476893724,0.0092140747399512,256,6,0,0,0,0,0,0,0,2,0,0,0,0.0009846997743491,0
1,met_383579_primary_000__marker_pdf_002__001.6d50fc92..jpg..pdf,data/raw/image_anomaly/anomalous/mitra/files/jpg/met_383579_primary_000/ae0eb238de0b966f1295/met_383579_primary_000__marker_pdf_002__001.6d50fc92..jpg..pdf,2183650,62,2,1,0,0,0.2258064516129032,document,0,0,0,0,0,1,0,1,0,0,47,7.95505717322467,5.072845754531357,0.3840015570260802,0.0091598928399697,256,6,0,0,0,0,0,0,0,0,0,0,0,0.0,0
1,met_383579_primary_000__marker_pdf_001__001.8e47650d..jpg..pdf,data/raw/image_anomaly/anomalous/mitra/files/jpg/met_383579_primary_000/cbc9588284848b4ee966/met_383579_primary_000__marker_pdf_001__001.8e47650d..jpg..pdf,2181859,62,2,1,0,0,0.2258064516129032,document,0,0,0,0,0,1,0,1,0,0,47,7.955048398263267,5.250824256483538,0.3835133251048762,0.009167411826337,256,6,0,0,0,0,0,0,0,0,0,0,0,0.0,0
1,met_386675_primary_000__marker_pdf_002__001.2877a676..jpg..pdf,data/raw/image_anomaly/anomalous/mitra/files/jpg/met_386675_primary_000/05f6f32037cee1fe1d70/met_386675_primary_000__marker_pdf_002__001.2877a676..jpg..pdf,1149485,62,2,1,0,0,0.2258064516129032,document,0,0,0,0,0,1,0,1,0,0,19,7.977150699685521,5.072845754531357,0.380733110914888,0.0084481311195883,256,6,0,0,0,0,0,0,0,0,0,0,0,0.0,0
1,met_386675_primary_000__marker_pdf_001__001.67bea3e6..jpg..pdf,data/raw/image_anomaly/anomalous/mitra/files/jpg/met_386675_primary_000/1729d86b106e5743203a/met_386675_primary_000__marker_pdf_001__001.67bea3e6..jpg..pdf,1147694,62,2,1,0,0,0.2258064516129032,document,0,0,0,0,0,1,0,1,0,0,19,7.977217665256838,5.250824256483538,0.3797998421181953,0.0084613146012787,256,6,0,0,0,0,0,0,0,0,0,0,0,0.0,0
1,met_386675_primary_000__marker_zip_001__001.a17926ca..jpg..zip,data/raw/image_anomaly/anomalous/mitra/files/jpg/met_386675_primary_000/39b82ba715a4e5125ef2/met_386675_primary_000__marker_zip_001__001.a17926ca..jpg..zip,1146199,62,2,1,0,0,0.2258064516129032,archive,0,0,0,1,0,1,0,1,0,0,20,7.977230329741932,3.5435268088408054,0.3787143419249188,0.0085491262860986,256,6,0,0,0,0,0,0,0,0,0,0,0,0.0,0
1,met_386675_primary_000__marker_zip_001__002.93319d7b..zip..jpg,data/raw/image_anomaly/anomalous/mitra/files/jpg/met_386675_primary_000/39b82ba715a4e5125ef2/met_386675_primary_000__marker_zip_001__002.93319d7b..zip..jpg,1146195,62,2,1,0,0,0.2258064516129032,image,0,0,0,1,0,1,1,0,0,0,20,7.977228847502735,3.546233165328276,0.378714791113205,0.0085491561209043,256,6,0,0,0,0,0,0,0,2,0,0,0,0.0018731542189592,0
1,met_386675_primary_000__marker_zip_002__001.b3ff05c3..jpg..zip,data/raw/image_anomaly/anomalous/mitra/files/jpg/met_386675_primary_000/af2fe8ca3d3e54826186/met_386675_primary_000__marker_zip_002__001.b3ff05c3..jpg..zip,1178685,62,2,1,0,0,0.2258064516129032,archive,0,0,0,1,0,1,0,1,0,0,20,7.978432604144466,7.988340858219542,0.3785676410576193,0.0084254911193406,256,6,0,0,0,0,0,0,0,0,0,0,0,0.0,0
1,met_386675_primary_000__marker_zip_002__002.265b4277..zip..jpg,data/raw/image_anomaly/anomalous/mitra/files/jpg/met_386675_primary_000/af2fe8ca3d3e54826186/met_386675_primary_000__marker_zip_002__002.265b4277..zip..jpg,1178681,62,2,1,0,0,0.2258064516129032,image,0,0,0,1,0,1,1,0,0,0,20,7.978431801113448,3.546233165328276,0.3785680773678374,0.0084255197122885,256,6,0,0,0,0,0,0,0,2,0,0,0,0.0278845590961422,0
1,met_389149_primary_000__marker_zip_001__001.a3f626eb..jpg..zip,data/raw/image_anomaly/anomalous/mitra/files/jpg/met_389149_primary_000/8866e334070d1ef40e24/met_389149_primary_000__marker_zip_001__001.a3f626eb..jpg..zip,2362521,62,2,1,0,0,0.2258064516129032,archive,0,0,0,1,0,1,0,1,0,0,37,7.9609612558833955,3.5232035609099777,0.3834459037612787,0.0075406737125299,256,6,0,0,0,0,0,0,0,0,0,0,0,0.0,0
1,met_389149_primary_000__marker_zip_001__002.1ac7eb90..zip..jpg,data/raw/image_anomaly/anomalous/mitra/files/jpg/met_389149_primary_000/8866e334070d1ef40e24/met_389149_primary_000__marker_zip_001__002.1ac7eb90..zip..jpg,2362517,62,2,1,0,0,0.2258064516129032,image,0,0,0,1,0,1,1,0,0,0,37,7.9609603119792975,3.547588220304303,0.3834461296998074,0.0075406864797163,256,6,0,0,0,0,0,0,0,2,0,0,0,0.0009087765294387,0
1,met_389149_primary_000__marker_pdf_002__001.42bc33f7..jpg..pdf,data/raw/image_anomaly/anomalous/mitra/files/jpg/met_389149_primary_000/b7040179aea5b35b220f/met_389149_primary_000__marker_pdf_002__001.42bc33f7..jpg..pdf,2365807,62,2,1,0,0,0.2258064516129032,document,0,0,0,0,0,1,0,1,0,0,36,7.961032868184808,5.072845754531357,0.3844201999571394,0.0074930034444906,256,6,0,0,0,0,0,0,0,0,0,0,0,0.0,0
1,met_389149_primary_000__marker_pdf_001__001.60042b42..jpg..pdf,data/raw/image_anomaly/anomalous/mitra/files/jpg/met_389149_primary_000/d459e19255224371d1e2/met_389149_primary_000__marker_pdf_001__001.60042b42..jpg..pdf,2364016,62,2,1,0,0,0.2258064516129032,document,0,0,0,0,0,1,0,1,0,0,36,7.961020987331895,5.250824256483538,0.3839699054490325,0.0074986802119782,256,6,0,0,0,0,0,0,0,0,0,0,0,0.0,0
1,met_389149_primary_000__marker_zip_002__001.7d0fb6a2..jpg..zip,data/raw/image_anomaly/anomalous/mitra/files/jpg/met_389149_primary_000/fd3a9e7039e6290b4c4b/met_389149_primary_000__marker_zip_002__001.7d0fb6a2..jpg..zip,2395007,62,2,1,0,0,0.2258064516129032,archive,0,0,0,1,0,1,0,1,0,0,37,7.961995009473128,7.988340858219542,0.3833095268615081,0.0074935062820275,256,6,0,0,0,0,0,0,0,0,0,0,0,0.0,0
1,met_389149_primary_000__marker_zip_002__002.b8d648ac..zip..jpg,data/raw/image_anomaly/anomalous/mitra/files/jpg/met_389149_primary_000/fd3a9e7039e6290b4c4b/met_389149_primary_000__marker_zip_002__002.b8d648ac..zip..jpg,2395003,62,2,1,0,0,0.2258064516129032,image,0,0,0,1,0,1,1,0,0,0,37,7.961994319310572,3.547588220304303,0.3833097495076206,0.0074935187972624,256,6,0,0,0,0,0,0,0,2,0,0,0,0.0137231560879046,0
1,met_390540_primary_000__marker_zip_001__001.ffbb8803..jpg..zip,data/raw/image_anomaly/anomalous/mitra/files/jpg/met_390540_primary_000/01f6aba8bac3ae5b30b9/met_390540_primary_000__marker_zip_001__001.ffbb8803..jpg..zip,2539084,62,2,1,0,0,0.2258064516129032,archive,0,0,0,1,0,1,0,1,0,0,84,7.953603839945136,5.623911006535116,0.3865701174124212,0.0052054205374851,256,17,0,0,0,0,0,0,0,0,0,0,0,0.0,0
1,met_390540_primary_000__marker_zip_001__002.f02ecf1f..zip..jpg,data/raw/image_anomaly/anomalous/mitra/files/jpg/met_390540_primary_000/01f6aba8bac3ae5b30b9/met_390540_primary_000__marker_zip_001__002.f02ecf1f..zip..jpg,2539080,62,2,1,0,0,0.2258064516129032,image,0,0,0,1,0,1,1,0,0,0,84,7.953603163746512,4.918776877701125,0.3865703325614001,0.005205428737968,256,17,0,0,0,0,0,0,0,2,0,0,0,0.0008455818642973,0
1,met_390540_primary_000__marker_pdf_001__001.fb2a4205..jpg..pdf,data/raw/image_anomaly/anomalous/mitra/files/jpg/met_390540_primary_000/5aba1018b01ebbea997a/met_390540_primary_000__marker_pdf_001__001.fb2a4205..jpg..pdf,2540579,62,2,1,0,0,0.2258064516129032,document,0,0,0,0,0,1,0,1,0,0,83,7.953644984017133,5.250824256483538,0.3870558640372923,0.0051677196418611,256,17,0,0,0,0,0,0,0,0,0,0,0,0.0,0
1,met_390540_primary_000__marker_zip_002__001.52906076..jpg..zip,data/raw/image_anomaly/anomalous/mitra/files/jpg/met_390540_primary_000/832323bbdcaf326b02a9/met_390540_primary_000__marker_zip_002__001.52906076..jpg..zip,2571570,62,2,1,0,0,0.2258064516129032,archive,0,0,0,1,0,1,0,1,0,0,84,7.954792890900149,7.988340858219542,0.386403636688871,0.0051909922732027,256,17,0,0,0,0,0,0,0,0,0,0,0,0.0,0
1,met_390540_primary_000__marker_zip_002__002.cdaa6e37..zip..jpg,data/raw/image_anomaly/anomalous/mitra/files/jpg/met_390540_primary_000/832323bbdcaf326b02a9/met_390540_primary_000__marker_zip_002__002.cdaa6e37..zip..jpg,2571566,62,2,1,0,0,0.2258064516129032,image,0,0,0,1,0,1,1,0,0,0,84,7.954792330562371,4.918776877701125,0.3864038488609664,0.005191000347648,256,17,0,0,0,0,0,0,0,2,0,0,0,0.0127809280415124,0
1,met_390540_primary_000__marker_pdf_002__001.1f66d384..jpg..pdf,data/raw/image_anomaly/anomalous/mitra/files/jpg/met_390540_primary_000/b4dac23d88e16cca17c1/met_390540_primary_000__marker_pdf_002__001.1f66d384..jpg..pdf,2542370,62,2,1,0,0,0.2258064516129032,document,0,0,0,0,0,1,0,1,0,0,83,7.953661493695965,5.072845754531357,0.3874727124690741,0.0051640791859564,256,17,0,0,0,0,0,0,0,0,0,0,0,0.0,0
1,met_39115_primary_000__marker_zip_001__001.93526a6d..jpg..zip,data/raw/image_anomaly/anomalous/mitra/files/jpg/met_39115_primary_000/137f35da6aae91d4258b/met_39115_primary_000__marker_zip_001__001.93526a6d..jpg..zip,76262,61,2,1,0,0,0.2295081967213114,archive,0,0,0,1,0,1,0,1,0,0,3,7.89151386396858,3.465373104899163,0.4003828905614854,0.0133093808187563,256,6,0,1,0,0,0,1,1,0,0,0,0,0.0,0
1,met_39115_primary_000__marker_zip_001__002.b5cb4068..zip..jpg,data/raw/image_anomaly/anomalous/mitra/files/jpg/met_39115_primary_000/137f35da6aae91d4258b/met_39115_primary_000__marker_zip_001__002.b5cb4068..zip..jpg,76258,61,2,1,0,0,0.2295081967213114,image,0,0,0,1,0,1,1,0,0,0,3,7.891485267452147,3.4747145630929137,0.4003907786724016,0.0133100789425371,256,6,0,1,0,0,0,1,1,2,0,0,0,0.0281544231424899,0
1,met_39115_primary_000__marker_zip_002__001.4ca584f9..jpg..zip,data/raw/image_anomaly/anomalous/mitra/files/jpg/met_39115_primary_000/3f7401e922529c82dfe6/met_39115_primary_000__marker_zip_002__001.4ca584f9..jpg..zip,108748,61,2,1,0,0,0.2295081967213114,archive,0,0,0,1,0,1,0,1,0,0,3,7.939170996282973,7.988340858219542,0.3923198587560231,0.0105473204104903,256,6,0,1,0,0,0,1,1,0,0,0,0,0.0,0
1,met_39115_primary_000__marker_zip_002__002.10e37e72..zip..jpg,data/raw/image_anomaly/anomalous/mitra/files/jpg/met_39115_primary_000/3f7401e922529c82dfe6/met_39115_primary_000__marker_zip_002__002.10e37e72..zip..jpg,108744,61,2,1,0,0,0.2295081967213114,image,0,0,0,1,0,1,1,0,0,0,3,7.939162450995902,3.4747145630929137,0.3923250937982785,0.0105477083793128,256,6,0,1,0,0,0,1,1,2,0,0,0,0.3022419627749577,0
1,met_39115_primary_000__marker_pdf_002__001.cafc781e..jpg..pdf,data/raw/image_anomaly/anomalous/mitra/files/jpg/met_39115_primary_000/5e073be03b9031262dcb/met_39115_primary_000__marker_pdf_002__001.cafc781e..jpg..pdf,79548,61,2,1,0,0,0.2295081967213114,document,0,0,0,0,0,1,0,1,0,0,2,7.879920342423373,5.072845754531357,0.4286594257555187,0.0116533413787901,256,6,0,1,0,0,0,1,1,0,0,0,0,0.0,0
1,met_39115_primary_000__marker_pdf_001__001.4523683d..jpg..pdf,data/raw/image_anomaly/anomalous/mitra/files/jpg/met_39115_primary_000/eebef52e4d088c2f6732/met_39115_primary_000__marker_pdf_001__001.4523683d..jpg..pdf,77757,61,2,1,0,0,0.2295081967213114,document,0,0,0,0,0,1,0,1,0,0,2,7.884846030344167,5.250824256483538,0.4159882711524364,0.0119217562405957,256,6,0,1,0,0,0,1,1,0,0,0,0,0.0,0
1,met_391598_primary_000__marker_pdf_001__001.c265d326..jpg..pdf,data/raw/image_anomaly/anomalous/mitra/files/jpg/met_391598_primary_000/06fdfa5cba86de474441/met_391598_primary_000__marker_pdf_001__001.c265d326..jpg..pdf,3870164,62,2,1,0,0,0.2258064516129032,document,0,0,0,0,0,1,0,1,0,0,75,7.97844938597354,5.250824256483538,0.3781493497433184,0.0076410198637577,256,6,0,0,1,0,0,0,1,0,0,0,0,0.0,0
1,met_391598_primary_000__marker_pdf_002__001.9958dc8f..jpg..pdf,data/raw/image_anomaly/anomalous/mitra/files/jpg/met_391598_primary_000/2d8d1b25e32bbbc1291a/met_391598_primary_000__marker_pdf_002__001.9958dc8f..jpg..pdf,3871955,62,2,1,0,0,0.2258064516129032,document,0,0,0,0,0,1,0,1,0,0,75,7.978445729559952,5.072845754531357,0.3784271769687406,0.0076374854563134,256,6,0,0,1,0,0,0,1,0,0,0,0,0.0,0
1,met_391598_primary_000__marker_zip_001__001.757011d0..jpg..zip,data/raw/image_anomaly/anomalous/mitra/files/jpg/met_391598_primary_000/7ae1656ca0281bb6c709/met_391598_primary_000__marker_zip_001__001.757011d0..jpg..zip,3868669,62,2,1,0,0,0.2258064516129032,archive,0,0,0,1,0,1,0,1,0,0,76,7.97842567138492,3.536406983067144,0.3778271028097777,0.0076667194841429,256,6,0,0,1,0,0,0,1,0,0,0,0,0.0,0
1,met_391598_primary_000__marker_zip_001__002.5fcb568c..zip..jpg,data/raw/image_anomaly/anomalous/mitra/files/jpg/met_391598_primary_000/7ae1656ca0281bb6c709/met_391598_primary_000__marker_zip_001__002.5fcb568c..zip..jpg,3868665,62,2,1,0,0,0.2258064516129032,image,0,0,0,1,0,1,1,0,0,0,76,7.978425551654013,3.5385689371755653,0.3778272349764066,0.0076667274111353,256,6,0,0,1,0,0,0,1,2,0,0,0,0.0005549718055194,0
1,met_391598_primary_000__marker_zip_002__001.e9389137..jpg..zip,data/raw/image_anomaly/anomalous/mitra/files/jpg/met_391598_primary_000/7b040ef72ffa57500ab1/met_391598_primary_000__marker_zip_002__001.e9389137..jpg..zip,3901155,62,2,1,0,0,0.2258064516129032,archive,0,0,0,1,0,1,0,1,0,0,76,7.978778056681203,7.988340858219542,0.3777901672709748,0.0076367127171312,256,6,0,0,1,0,0,0,1,0,0,0,0,0.0,0
1,met_391598_primary_000__marker_zip_002__002.f91a9847..zip..jpg,data/raw/image_anomaly/anomalous/mitra/files/jpg/met_391598_primary_000/7b040ef72ffa57500ab1/met_391598_primary_000__marker_zip_002__002.f91a9847..zip..jpg,3901151,62,2,1,0,0,0.2258064516129032,image,0,0,0,1,0,1,1,0,0,0,76,7.978778052939266,3.5385689371755653,0.377790298299143,0.0076367205473461,256,6,0,0,1,0,0,0,1,2,0,0,0,0.0084249494572242,0
1,met_392193_primary_000__marker_zip_001__001.00a7fbb9..jpg..zip,data/raw/image_anomaly/anomalous/mitra/files/jpg/met_392193_primary_000/7e7edc4ecb4c1225054f/met_392193_primary_000__marker_zip_001__001.00a7fbb9..jpg..zip,4383199,62,2,1,0,0,0.2258064516129032,archive,0,0,0,1,0,1,0,1,0,0,90,7.972597009284337,5.130684246396188,0.3810493203708068,0.0081639003841714,256,17,0,2,0,0,0,2,2,0,0,0,0,0.0,0
1,met_392193_primary_000__marker_pdf_001__001.aa28a3f4..jpg..pdf,data/raw/image_anomaly/anomalous/mitra/files/jpg/met_392193_primary_000/81d77c6283681902fece/met_392193_primary_000__marker_pdf_001__001.aa28a3f4..jpg..pdf,4384694,62,2,1,0,0,0.2258064516129032,document,0,0,0,0,0,1,0,1,0,0,89,7.972624845094239,5.250824256483538,0.3813326540004844,0.0081410470149114,256,17,0,2,0,0,0,2,2,0,0,0,0,0.0,0
1,met_392193_primary_000__marker_zip_002__001.b8bbba59..jpg..zip,data/raw/image_anomaly/anomalous/mitra/files/jpg/met_392193_primary_000/a93e40741bd76724e001/met_392193_primary_000__marker_zip_002__001.b8bbba59..jpg..zip,4415685,62,2,1,0,0,0.2258064516129032,archive,0,0,0,1,0,1,0,1,0,0,90,7.972992162860655,7.988340858219542,0.3809929829686673,0.00813373236542,256,17,0,2,0,0,0,2,2,0,0,0,0,0.0,0
1,met_392193_primary_000__marker_pdf_002__001.bd571bcd..jpg..pdf,data/raw/image_anomaly/anomalous/mitra/files/jpg/met_392193_primary_000/be96a2f96a1515c43cb3/met_392193_primary_000__marker_pdf_002__001.bd571bcd..jpg..pdf,4386485,62,2,1,0,0,0.2258064516129032,document,0,0,0,0,0,1,0,1,0,0,89,7.972622379818124,5.072845754531357,0.3815765926476438,0.0081377230288032,256,17,0,2,0,0,0,2,2,0,0,0,0,0.0,0
1,met_392224_primary_000__marker_pdf_001__001.049192c3..jpg..pdf,data/raw/image_anomaly/anomalous/mitra/files/jpg/met_392224_primary_000/16c85bea23cc4d688903/met_392224_primary_000__marker_pdf_001__001.049192c3..jpg..pdf,3600132,62,2,1,0,0,0.2258064516129032,document,0,0,0,0,0,1,0,1,0,0,103,7.95903618404607,5.250824256483538,0.391605641126492,0.0065675369680889,256,17,0,2,3,0,0,2,5,0,0,0,0,0.0,0
1,met_392224_primary_000__marker_zip_002__001.34eccf06..jpg..zip,data/raw/image_anomaly/anomalous/mitra/files/jpg/met_392224_primary_000/292da6df372df5ee7415/met_392224_primary_000__marker_zip_002__001.34eccf06..jpg..zip,3631123,62,2,1,0,0,0.2258064516129032,archive,0,0,0,1,0,1,0,1,0,0,104,7.959721109537231,7.988340858219542,0.3911049006051296,0.0065720715051514,256,17,0,2,3,0,0,2,5,0,0,0,0,0.0,0
1,met_392224_primary_000__marker_zip_002__002.c897227b..zip..jpg,data/raw/image_anomaly/anomalous/mitra/files/jpg/met_392224_primary_000/292da6df372df5ee7415/met_392224_primary_000__marker_zip_002__002.c897227b..zip..jpg,3631119,62,2,1,0,0,0.2258064516129032,image,0,0,0,1,0,1,1,0,0,0,104,7.9597206914362495,6.392695926237086,0.3911050560447068,0.0065720787448717,256,17,0,2,3,0,0,2,5,2,0,0,0,0.0090514797229173,0
1,met_392224_primary_000__marker_zip_001__001.9c3da268..jpg..zip,data/raw/image_anomaly/anomalous/mitra/files/jpg/met_392224_primary_000/398fff7b9884e03d101a/met_392224_primary_000__marker_zip_001__001.9c3da268..jpg..zip,3598637,62,2,1,0,0,0.2258064516129032,archive,0,0,0,1,0,1,0,1,0,0,104,7.959006130929536,6.214196945947017,0.3912648038687981,0.0065947190561315,256,17,0,2,3,0,0,2,5,0,0,0,0,0.0,0
1,met_392224_primary_000__marker_zip_001__002.392785b1..zip..jpg,data/raw/image_anomaly/anomalous/mitra/files/jpg/met_392224_primary_000/398fff7b9884e03d101a/met_392224_primary_000__marker_zip_001__002.392785b1..zip..jpg,3598633,62,2,1,0,0,0.2258064516129032,image,0,0,0,1,0,1,1,0,0,0,104,7.959005511052318,6.392695926237086,0.3912649608893154,0.0065947263863806,256,17,0,2,3,0,0,2,5,2,0,0,0,0.0005966154370284,0
1,met_392224_primary_000__marker_pdf_002__001.17ff146c..jpg..pdf,data/raw/image_anomaly/anomalous/mitra/files/jpg/met_392224_primary_000/968770be0b1b8835f7bb/met_392224_primary_000__marker_pdf_002__001.17ff146c..jpg..pdf,3601923,62,2,1,0,0,0.2258064516129032,document,0,0,0,0,0,1,0,1,0,0,103,7.959030890819982,5.072845754531357,0.391897605806676,0.0065642713628248,256,17,0,2,3,0,0,2,5,0,0,0,0,0.0,0
1,met_392298_primary_000__marker_pdf_001__001.5c6fccf0..jpg..pdf,data/raw/image_anomaly/anomalous/mitra/files/jpg/met_392298_primary_000/2ef5eb2b000b8da11189/met_392298_primary_000__marker_pdf_001__001.5c6fccf0..jpg..pdf,1321263,62,2,1,0,0,0.2258064516129032,document,0,0,0,0,0,1,0,1,0,0,27,7.972781792325789,5.250824256483538,0.3698158504400713,0.0093244115668114,256,6,0,0,0,0,0,0,0,0,0,0,0,0.0,0
1,met_392298_primary_000__marker_zip_001__001.6d2acce7..jpg..zip,data/raw/image_anomaly/anomalous/mitra/files/jpg/met_392298_primary_000/3242b9c2ddbe1eca27ef/met_392298_primary_000__marker_zip_001__001.6d2acce7..jpg..zip,1319768,62,2,1,0,0,0.2258064516129032,archive,0,0,0,1,0,1,0,1,0,0,28,7.972664522921928,3.533979481465622,0.3688617999527189,0.0094016524116359,256,6,0,0,0,0,0,0,0,0,0,0,0,0.0,0
1,met_392298_primary_000__marker_zip_001__002.78b0d135..zip..jpg,data/raw/image_anomaly/anomalous/mitra/files/jpg/met_392298_primary_000/3242b9c2ddbe1eca27ef/met_392298_primary_000__marker_zip_001__002.78b0d135..zip..jpg,1319764,62,2,1,0,0,0.2258064516129032,image,0,0,0,1,0,1,1,0,0,0,28,7.972664045882706,3.557325670869385,0.3688621602044001,0.0094016809065863,256,6,0,0,0,0,0,0,0,2,0,0,0,0.0016268060047099,0
1,met_392298_primary_000__marker_zip_002__001.a5502609..jpg..zip,data/raw/image_anomaly/anomalous/mitra/files/jpg/met_392298_primary_000/a4143b24fb9118454d04/met_392298_primary_000__marker_zip_002__001.a5502609..jpg..zip,1352254,62,2,1,0,0,0.2258064516129032,archive,0,0,0,1,0,1,0,1,0,0,28,7.973947728282615,7.988340858219542,0.368970622383073,0.0092734057359046,256,6,0,0,0,0,0,0,0,0,0,0,0,0.0,0
1,met_392298_primary_000__marker_zip_002__002.bdc67371..zip..jpg,data/raw/image_anomaly/anomalous/mitra/files/jpg/met_392298_primary_000/a4143b24fb9118454d04/met_392298_primary_000__marker_zip_002__002.bdc67371..zip..jpg,1352250,62,2,1,0,0,0.2258064516129032,image,0,0,0,1,0,1,1,0,0,0,28,7.973947719658633,3.557325670869385,0.3689709743020891,0.0092734331669439,256,6,0,0,0,0,0,0,0,2,0,0,0,0.0243054168977629,0
1,met_392298_primary_000__marker_pdf_002__001.8c022477..jpg..pdf,data/raw/image_anomaly/anomalous/mitra/files/jpg/met_392298_primary_000/e83f3e5b817bc064e245/met_392298_primary_000__marker_pdf_002__001.8c022477..jpg..pdf,1323054,62,2,1,0,0,0.2258064516129032,document,0,0,0,0,0,1,0,1,0,0,27,7.97281186084629,5.072845754531357,0.3706402006267318,0.0093117892391391,256,6,0,0,0,0,0,0,0,0,0,0,0,0.0,0
1,met_394404_primary_000__marker_zip_001__001.f5ee451a..jpg..zip,data/raw/image_anomaly/anomalous/mitra/files/jpg/met_394404_primary_000/1fe1459acaff7dd5f393/met_394404_primary_000__marker_zip_001__001.f5ee451a..jpg..zip,4377334,62,2,1,0,0,0.2258064516129032,archive,0,0,0,1,0,1,0,1,0,0,35,7.984508653631852,3.53895617258808,0.375056369927449,0.0079436478916162,256,6,0,0,1,0,0,0,1,0,0,0,0,0.0,0
1,met_394404_primary_000__marker_zip_002__001.78e357b6..jpg..zip,data/raw/image_anomaly/anomalous/mitra/files/jpg/met_394404_primary_000/75a774d7d8634bb6642f/met_394404_primary_000__marker_zip_002__001.78e357b6..jpg..zip,4409820,62,2,1,0,0,0.2258064516129032,archive,0,0,0,1,0,1,0,1,0,0,35,7.98473104534233,7.988340858219542,0.3750441061086393,0.0079150622927919,256,6,0,0,1,0,0,0,1,0,0,0,0,0.0,0
1,met_394404_primary_000__marker_pdf_001__001.c2364337..jpg..pdf,data/raw/image_anomaly/anomalous/mitra/files/jpg/met_394404_primary_000/7fa9c627a6e97cd76716/met_394404_primary_000__marker_pdf_001__001.c2364337..jpg..pdf,4378829,62,2,1,0,0,0.2258064516129032,document,0,0,0,0,0,1,0,1,0,0,34,7.984526631300228,5.250824256483538,0.3753421291400052,0.0079208391101821,256,6,0,0,1,0,0,0,1,0,0,0,0,0.0,0
1,met_394404_primary_000__marker_pdf_002__001.94cc0cba..jpg..pdf,data/raw/image_anomaly/anomalous/mitra/files/jpg/met_394404_primary_000/b56a88e17e9b240c7df6/met_394404_primary_000__marker_pdf_002__001.94cc0cba..jpg..pdf,4380620,62,2,1,0,0,0.2258064516129032,document,0,0,0,0,0,1,0,1,0,0,34,7.984524767693329,5.072845754531357,0.3755888435883505,0.007917600704923,256,6,0,0,1,0,0,0,1,0,0,0,0,0.0,0
1,met_396235_primary_000__marker_zip_002__001.a098c76d..jpg..zip,data/raw/image_anomaly/anomalous/mitra/files/jpg/met_396235_primary_000/4266c179b6f986e0ebec/met_396235_primary_000__marker_zip_002__001.a098c76d..jpg..zip,3425939,62,2,1,0,0,0.2258064516129032,archive,0,0,0,1,0,1,0,1,0,0,71,7.976053234909546,7.988340858219542,0.378586425502614,0.0077018300676106,256,6,0,0,1,0,0,0,1,0,0,0,0,0.0,0
1,met_396235_primary_000__marker_zip_002__002.9eec475c..zip..jpg,data/raw/image_anomaly/anomalous/mitra/files/jpg/met_396235_primary_000/4266c179b6f986e0ebec/met_396235_primary_000__marker_zip_002__002.9eec475c..zip..jpg,3425935,62,2,1,0,0,0.2258064516129032,image,0,0,0,1,0,1,1,0,0,0,71,7.976053221412206,3.546996019001277,0.3785865756355564,0.0077018390599938,256,6,0,0,1,0,0,0,1,2,0,0,0,0.0095935854007738,0
1,met_396235_primary_000__marker_pdf_002__001.e5434be2..jpg..pdf,data/raw/image_anomaly/anomalous/mitra/files/jpg/met_396235_primary_000/5fec04a96578054bfd25/met_396235_primary_000__marker_pdf_002__001.e5434be2..jpg..pdf,3396739,62,2,1,0,0,0.2258064516129032,document,0,0,0,0,0,1,0,1,0,0,70,7.975621448195762,5.072845754531357,0.3793194001658649,0.0077032706958055,256,6,0,0,1,0,0,0,1,0,0,0,0,0.0,0
1,met_396235_primary_000__marker_pdf_001__001.72ffa55a..jpg..pdf,data/raw/image_anomaly/anomalous/mitra/files/jpg/met_396235_primary_000/6854681c9d9339c5a19a/met_396235_primary_000__marker_pdf_001__001.72ffa55a..jpg..pdf,3394948,62,2,1,0,0,0.2258064516129032,document,0,0,0,0,0,1,0,1,0,0,70,7.975624909558612,5.250824256483538,0.3790031540983838,0.0077073345453302,256,6,0,0,1,0,0,0,1,0,0,0,0,0.0,0
1,met_396235_primary_000__marker_zip_001__001.e6382087..jpg..zip,data/raw/image_anomaly/anomalous/mitra/files/jpg/met_396235_primary_000/aa6a002de8105c68977e/met_396235_primary_000__marker_zip_001__001.e6382087..jpg..zip,3393453,62,2,1,0,0,0.2258064516129032,archive,0,0,0,1,0,1,0,1,0,0,71,7.975599031248482,3.5325372209421446,0.3786361561512713,0.007736662331849,256,6,0,0,1,0,0,0,1,0,0,0,0,0.0,0
1,met_396235_primary_000__marker_zip_001__002.b2458fff..zip..jpg,data/raw/image_anomaly/anomalous/mitra/files/jpg/met_396235_primary_000/aa6a002de8105c68977e/met_396235_primary_000__marker_zip_001__002.b2458fff..zip..jpg,3393449,62,2,1,0,0,0.2258064516129032,image,0,0,0,1,0,1,1,0,0,0,71,7.975598877409485,3.546996019001277,0.3786363077800786,0.0077366714513758,256,6,0,0,1,0,0,0,1,2,0,0,0,0.0006326896322885,0
1,met_398846_primary_000__marker_zip_002__001.a69ef58a..jpg..zip,data/raw/image_anomaly/anomalous/mitra/files/jpg/met_398846_primary_000/18473b32da2ce1de239d/met_398846_primary_000__marker_zip_002__001.a69ef58a..jpg..zip,3970069,62,2,1,0,0,0.2258064516129032,archive,0,0,0,1,0,1,0,1,0,0,94,7.967277782269231,7.988340858219542,0.3798248846556571,0.0062364155383697,256,6,0,0,0,0,0,0,0,0,0,0,0,0.0,0
1,met_398846_primary_000__marker_zip_002__002.320d031f..zip..jpg,data/raw/image_anomaly/anomalous/mitra/files/jpg/met_398846_primary_000/18473b32da2ce1de239d/met_398846_primary_000__marker_zip_002__002.320d031f..zip..jpg,3970065,62,2,1,0,0,0.2258064516129032,image,0,0,0,1,0,1,1,0,0,0,94,7.967277444687258,3.559413363258168,0.3798250154594446,0.0062364218218089,256,6,0,0,0,0,0,0,0,2,0,0,0,0.0082787057642633,0
1,met_398846_primary_000__marker_pdf_001__001.5dd3158f..jpg..pdf,data/raw/image_anomaly/anomalous/mitra/files/jpg/met_398846_primary_000/38918d242492a6dc60e6/met_398846_primary_000__marker_pdf_001__001.5dd3158f..jpg..pdf,3939078,62,2,1,0,0,0.2258064516129032,document,0,0,0,0,0,1,0,1,0,0,93,7.966796729297124,5.250824256483538,0.3801937915420816,0.0062296303855876,256,6,0,0,0,0,0,0,0,0,0,0,0,0.0,0
1,met_398846_primary_000__marker_zip_001__001.c5ec6b07..jpg..zip,data/raw/image_anomaly/anomalous/mitra/files/jpg/met_398846_primary_000/451387cdda9d9679e2f3/met_398846_primary_000__marker_zip_001__001.c5ec6b07..jpg..zip,3937583,62,2,1,0,0,0.2258064516129032,archive,0,0,0,1,0,1,0,1,0,0,94,7.966743028192205,3.54404494516959,0.3798779606677497,0.0062543443528682,256,6,0,0,0,0,0,0,0,0,0,0,0,0.0,0
1,met_398846_primary_000__marker_zip_001__002.0c0ce0ea..zip..jpg,data/raw/image_anomaly/anomalous/mitra/files/jpg/met_398846_primary_000/451387cdda9d9679e2f3/met_398846_primary_000__marker_zip_001__002.0c0ce0ea..zip..jpg,3937579,62,2,1,0,0,0.2258064516129032,image,0,0,0,1,0,1,1,0,0,0,94,7.966742572652125,3.559413363258168,0.3798780926046182,0.0062543507063604,256,6,0,0,0,0,0,0,0,2,0,0,0,0.0005452589014721,0
1,met_398846_primary_000__marker_pdf_002__001.ef6140ad..jpg..pdf,data/raw/image_anomaly/anomalous/mitra/files/jpg/met_398846_primary_000/b39aec5199453b26ab01/met_398846_primary_000__marker_pdf_002__001.ef6140ad..jpg..pdf,3940869,62,2,1,0,0,0.2258064516129032,document,0,0,0,0,0,1,0,1,0,0,93,7.966815410424242,5.072845754531357,0.3804658312671646,0.0062267992161119,256,6,0,0,0,0,0,0,0,0,0,0,0,0.0,0
1,met_402272_primary_000__marker_pdf_002__001.91c7f29e..jpg..pdf,data/raw/image_anomaly/anomalous/mitra/files/jpg/met_402272_primary_000/2bd868703a0a88b60046/met_402272_primary_000__marker_pdf_002__001.91c7f29e..jpg..pdf,982247,62,2,1,0,0,0.2258064516129032,document,0,0,0,0,0,1,0,1,0,0,22,7.983460583914555,5.072845754531357,0.3763941248993379,0.0093632253394512,256,6,0,0,1,0,0,0,1,0,0,0,0,0.0,0
1,met_402272_primary_000__marker_zip_002__001.8bfa01f5..jpg..zip,data/raw/image_anomaly/anomalous/mitra/files/jpg/met_402272_primary_000/78e38c157ff10baaad99/met_402272_primary_000__marker_zip_002__001.8bfa01f5..jpg..zip,1011447,62,2,1,0,0,0.2258064516129032,archive,0,0,0,1,0,1,0,1,0,0,23,7.984507988365661,7.988340858219542,0.3739958692843025,0.0093104235812652,256,6,0,0,1,0,0,0,1,0,0,0,0,0.0,0
1,met_402272_primary_000__marker_zip_002__002.00b819d3..zip..jpg,data/raw/image_anomaly/anomalous/mitra/files/jpg/met_402272_primary_000/78e38c157ff10baaad99/met_402272_primary_000__marker_zip_002__002.00b819d3..zip..jpg,1011443,62,2,1,0,0,0.2258064516129032,image,0,0,0,1,0,1,1,0,0,0,23,7.9845079293304915,3.521566717859016,0.3739963596564512,0.0093104604016242,256,6,0,0,1,0,0,0,1,2,0,0,0,0.032495157908058,0
1,met_402272_primary_000__marker_zip_001__001.24236fa0..jpg..zip,data/raw/image_anomaly/anomalous/mitra/files/jpg/met_402272_primary_000/c88a6a5af50cbe4da4c5/met_402272_primary_000__marker_zip_001__001.24236fa0..jpg..zip,978961,62,2,1,0,0,0.2258064516129032,archive,0,0,0,1,0,1,0,1,0,0,23,7.983521384857632,3.5024772602578778,0.3740159209611006,0.0094845453496104,256,6,0,0,1,0,0,0,1,0,0,0,0,0.0,0
1,met_402272_primary_000__marker_zip_001__002.a14a3003..zip..jpg,data/raw/image_anomaly/anomalous/mitra/files/jpg/met_402272_primary_000/c88a6a5af50cbe4da4c5/met_402272_primary_000__marker_zip_001__002.a14a3003..zip..jpg,978957,62,2,1,0,0,0.2258064516129032,image,0,0,0,1,0,1,1,0,0,0,23,7.983521190654722,3.521566717859016,0.3740164276878351,0.0094845841032854,256,6,0,0,1,0,0,0,1,2,0,0,0,0.00219315046524,0
1,met_402272_primary_000__marker_pdf_001__001.7643d735..jpg..pdf,data/raw/image_anomaly/anomalous/mitra/files/jpg/met_402272_primary_000/ea17238a5c9388e5b15c/met_402272_primary_000__marker_pdf_001__001.7643d735..jpg..pdf,980456,62,2,1,0,0,0.2258064516129032,document,0,0,0,0,0,1,0,1,0,0,22,7.983512800323598,5.250824256483538,0.3752937408715944,0.0093803291529655,256,6,0,0,1,0,0,0,1,0,0,0,0,0.0,0
1,met_402837_primary_000__marker_pdf_002__001.56225098..jpg..pdf,data/raw/image_anomaly/anomalous/mitra/files/jpg/met_402837_primary_000/ae870c39dbb3bbae2644/met_402837_primary_000__marker_pdf_002__001.56225098..jpg..pdf,5915037,62,2,1,0,0,0.2258064516129032,document,0,0,0,0,0,1,0,1,0,0,178,7.950619540391039,5.072845754531357,0.3930185052096884,0.0062594705662872,256,17,0,0,0,0,0,0,0,0,0,0,0,0.0,0
1,met_402837_primary_000__marker_pdf_001__001.bd8ef30b..jpg..pdf,data/raw/image_anomaly/anomalous/mitra/files/jpg/met_402837_primary_000/d1ac79946680b4381589/met_402837_primary_000__marker_pdf_001__001.bd8ef30b..jpg..pdf,5913246,62,2,1,0,0,0.2258064516129032,document,0,0,0,0,0,1,0,1,0,0,178,7.950618364112274,5.250824256483538,0.3928410893103382,0.0062613664305526,256,17,0,0,0,0,0,0,0,0,0,0,0,0.0,0
1,met_402837_primary_000__marker_zip_002__001.29359715..jpg..zip,data/raw/image_anomaly/anomalous/mitra/files/jpg/met_402837_primary_000/e0d631e7c0080974b000/met_402837_primary_000__marker_zip_002__001.29359715..jpg..zip,5944237,62,2,1,0,0,0.2258064516129032,archive,0,0,0,1,0,1,0,1,0,0,179,7.951126852732245,7.988340858219542,0.3925287635738615,0.0062657326751944,256,17,0,0,0,0,0,0,0,0,0,0,0,0.0,0
1,met_402837_primary_000__marker_zip_001__001.459318e4..jpg..zip,data/raw/image_anomaly/anomalous/mitra/files/jpg/met_402837_primary_000/f583f29f71175a1f9238/met_402837_primary_000__marker_zip_001__001.459318e4..jpg..zip,5911751,62,2,1,0,0,0.2258064516129032,archive,0,0,0,1,0,1,0,1,0,0,179,7.95059663232461,5.127538832262715,0.3926339252109908,0.006277835450106,256,17,0,0,0,0,0,0,0,0,0,0,0,0.0,0
1,met_407359_primary_000__marker_zip_001__001.211bf782..jpg..zip,data/raw/image_anomaly/anomalous/mitra/files/jpg/met_407359_primary_000/3a38b84322b2d40132cf/met_407359_primary_000__marker_zip_001__001.211bf782..jpg..zip,4465072,62,2,1,0,0,0.2258064516129032,archive,0,0,0,1,0,1,0,1,0,0,45,7.9824590537517555,3.530693818652362,0.3724569279062017,0.0083823956254232,256,6,0,0,0,0,0,0,0,0,0,0,0,0.0,0
1,met_407359_primary_000__marker_zip_002__001.d2d7ec27..jpg..zip,data/raw/image_anomaly/anomalous/mitra/files/jpg/met_407359_primary_000/5e8680418c65de550a52/met_407359_primary_000__marker_zip_002__001.d2d7ec27..jpg..zip,4497558,62,2,1,0,0,0.2258064516129032,archive,0,0,0,1,0,1,0,1,0,0,45,7.98270718006758,7.988340858219542,0.3724636791787899,0.0083511985837647,256,6,0,0,0,0,0,0,0,0,0,0,0,0.0,0
1,met_407359_primary_000__marker_pdf_001__001.dde31220..jpg..pdf,data/raw/image_anomaly/anomalous/mitra/files/jpg/met_407359_primary_000/683db7329b4ed09a02b3/met_407359_primary_000__marker_pdf_001__001.dde31220..jpg..pdf,4466567,62,2,1,0,0,0.2258064516129032,document,0,0,0,0,0,1,0,1,0,0,44,7.982486866662096,5.250824256483538,0.3727379439287488,0.0083598880303373,256,6,0,0,0,0,0,0,0,0,0,0,0,0.0,0
1,met_407359_primary_000__marker_pdf_002__001.04491bc4..jpg..pdf,data/raw/image_anomaly/anomalous/mitra/files/jpg/met_407359_primary_000/f906a921ac3a3cdb6a2d/met_407359_primary_000__marker_pdf_002__001.04491bc4..jpg..pdf,4468358,62,2,1,0,0,0.2258064516129032,document,0,0,0,0,0,1,0,1,0,0,44,7.982491598128587,5.072845754531357,0.3729808578453203,0.0083565372335878,256,6,0,0,0,0,0,0,0,0,0,0,0,0.0,0
1,met_40781_primary_000__marker_pdf_002__001.86389ec9..jpg..pdf,data/raw/image_anomaly/anomalous/mitra/files/jpg/met_40781_primary_000/0090133ec6befde3484b/met_40781_primary_000__marker_pdf_002__001.86389ec9..jpg..pdf,2033895,61,2,1,0,0,0.2295081967213114,document,0,0,0,0,0,1,0,1,0,0,47,7.963082114725128,5.072845754531357,0.3643246086941558,0.0140995479117653,256,13,0,0,0,0,0,0,0,0,0,0,0,0.0,0
1,met_40781_primary_000__marker_zip_001__001.7c621926..jpg..zip,data/raw/image_anomaly/anomalous/mitra/files/jpg/met_40781_primary_000/2903384063068aa93d2c/met_40781_primary_000__marker_zip_001__001.7c621926..jpg..zip,2030609,61,2,1,0,0,0.2295081967213114,archive,0,0,0,1,0,1,0,1,0,0,48,7.962940713211985,6.264736741223761,0.3631585401226923,0.0141657010286076,256,13,0,0,0,0,0,0,0,0,0,0,0,0.0,0
1,met_40781_primary_000__marker_zip_001__002.1e11fb2b..zip..jpg,data/raw/image_anomaly/anomalous/mitra/files/jpg/met_40781_primary_000/2903384063068aa93d2c/met_40781_primary_000__marker_zip_001__002.1e11fb2b..zip..jpg,2030605,61,2,1,0,0,0.2295081967213114,image,0,0,0,1,0,1,1,0,0,0,48,7.962940738577226,6.429112754246932,0.3631587630287525,0.0141657289330027,256,13,0,0,0,0,0,0,0,2,0,0,0,0.0010573203552635,0
1,met_40781_primary_000__marker_zip_002__001.1136dd8a..jpg..zip,data/raw/image_anomaly/anomalous/mitra/files/jpg/met_40781_primary_000/a4034c9a10996b6f4826/met_40781_primary_000__marker_zip_002__001.1136dd8a..jpg..zip,2063095,61,2,1,0,0,0.2295081967213114,archive,0,0,0,1,0,1,0,1,0,0,48,7.964013677088916,7.988340858219542,0.3633196726277752,0.0140066259672967,256,13,0,0,0,0,0,0,0,0,0,0,0,0.0,0
1,met_40781_primary_000__marker_zip_002__002.22ddd43c..zip..jpg,data/raw/image_anomaly/anomalous/mitra/files/jpg/met_40781_primary_000/a4034c9a10996b6f4826/met_40781_primary_000__marker_zip_002__002.22ddd43c..zip..jpg,2063091,61,2,1,0,0,0.2295081967213114,image,0,0,0,1,0,1,1,0,0,0,48,7.964013207529439,6.429112754246932,0.3633198923363051,0.0140066531238806,256,13,0,0,0,0,0,0,0,2,0,0,0,0.0159309502101458,0
1,met_40781_primary_000__marker_pdf_001__001.74d0f9fd..jpg..pdf,data/raw/image_anomaly/anomalous/mitra/files/jpg/met_40781_primary_000/c5d839b9ea3f48791c0b/met_40781_primary_000__marker_pdf_001__001.74d0f9fd..jpg..pdf,2032104,61,2,1,0,0,0.2295081967213114,document,0,0,0,0,0,1,0,1,0,0,47,7.963036507801173,5.250824256483538,0.363783054410601,0.0141119745839779,256,13,0,0,0,0,0,0,0,0,0,0,0,0.0,0
1,met_408596_primary_000__marker_zip_002__001.6cfeec62..jpg..zip,data/raw/image_anomaly/anomalous/mitra/files/jpg/met_408596_primary_000/1aa186a3e8bfc9dba42c/met_408596_primary_000__marker_zip_002__001.6cfeec62..jpg..zip,1344939,62,2,1,0,0,0.2258064516129032,archive,0,0,0,1,0,1,0,1,0,0,28,7.976469530593621,7.988340858219542,0.383418876246432,0.0091387044319482,256,25,0,0,0,0,0,0,0,0,0,0,0,0.0,0
1,met_408596_primary_000__marker_zip_002__002.32c439f0..zip..jpg,data/raw/image_anomaly/anomalous/mitra/files/jpg/met_408596_primary_000/1aa186a3e8bfc9dba42c/met_408596_primary_000__marker_zip_002__002.32c439f0..zip..jpg,1344935,62,2,1,0,0,0.2258064516129032,image,0,0,0,1,0,1,1,0,0,0,28,7.976469296513859,4.745830978117906,0.3834192730503705,0.0091387316115648,256,25,0,0,0,0,0,0,0,2,0,0,0,0.0244376122266131,0
1,met_408596_primary_000__marker_pdf_001__001.c795658a..jpg..pdf,data/raw/image_anomaly/anomalous/mitra/files/jpg/met_408596_primary_000/209ee74cbb4edea1bc38/met_408596_primary_000__marker_pdf_001__001.c795658a..jpg..pdf,1313948,62,2,1,0,0,0.2258064516129032,document,0,0,0,0,0,1,0,1,0,0,27,7.97522729216169,5.250824256483538,0.3846095888117338,0.0091868171343158,256,25,0,0,0,0,0,0,0,0,0,0,0,0.0,0
1,met_408596_primary_000__marker_zip_001__001.67c16a55..jpg..zip,data/raw/image_anomaly/anomalous/mitra/files/jpg/met_408596_primary_000/3254c1e1eaa0392ae902/met_408596_primary_000__marker_zip_001__001.67c16a55..jpg..zip,1312453,62,2,1,0,0,0.2258064516129032,archive,0,0,0,1,0,1,0,1,0,0,28,7.975330948765529,5.336969706399356,0.3836670722684926,0.0092643317513084,256,25,0,0,0,0,0,0,0,0,0,0,0,0.0,0
1,met_408596_primary_000__marker_zip_001__002.881be741..zip..jpg,data/raw/image_anomaly/anomalous/mitra/files/jpg/met_408596_primary_000/3254c1e1eaa0392ae902/met_408596_primary_000__marker_zip_001__002.881be741..zip..jpg,1312449,62,2,1,0,0,0.2258064516129032,image,0,0,0,1,0,1,1,0,0,0,28,7.975330463380827,4.745830978117906,0.3836674796506378,0.0092643599865594,256,25,0,0,0,0,0,0,0,2,0,0,0,0.0016358730891638,0
1,met_408596_primary_000__marker_pdf_002__001.b7eb971a..jpg..pdf,data/raw/image_anomaly/anomalous/mitra/files/jpg/met_408596_primary_000/4979b76c937e13aa0918/met_408596_primary_000__marker_pdf_002__001.b7eb971a..jpg..pdf,1315739,62,2,1,0,0,0.2258064516129032,document,0,0,0,0,0,1,0,1,0,0,27,7.975112348148611,5.072845754531357,0.3854183846492351,0.0091743119266055,256,25,0,0,0,0,0,0,0,0,0,0,0,0.0,0
1,met_409055_primary_000__marker_zip_001__001.88f30bbb..jpg..zip,data/raw/image_anomaly/anomalous/mitra/files/jpg/met_409055_primary_000/4699e4ea8921f5feb71c/met_409055_primary_000__marker_zip_001__001.88f30bbb..jpg..zip,1418747,62,2,1,0,0,0.2258064516129032,archive,0,0,0,1,0,1,0,1,0,0,25,7.9746425400629395,5.785294719657745,0.3861520059601888,0.00929059233253,256,29,0,0,2,0,0,0,2,0,0,0,0,0.0,0
1,met_409055_primary_000__marker_zip_001__002.67323b02..zip..jpg,data/raw/image_anomaly/anomalous/mitra/files/jpg/met_409055_primary_000/4699e4ea8921f5feb71c/met_409055_primary_000__marker_zip_001__002.67323b02..zip..jpg,1418743,62,2,1,0,0,0.2258064516129032,image,0,0,0,1,0,1,1,0,0,0,25,7.974641965170201,5.094846148948273,0.3861523898267692,0.0092906185263997,256,29,0,0,2,0,0,0,2,2,0,0,0,0.0015133114313163,0
1,met_409055_primary_000__marker_zip_002__001.adc7ab72..jpg..zip,data/raw/image_anomaly/anomalous/mitra/files/jpg/met_409055_primary_000/7c139f5737fbd143047c/met_409055_primary_000__marker_zip_002__001.adc7ab72..jpg..zip,1451233,62,2,1,0,0,0.2258064516129032,archive,0,0,0,1,0,1,0,1,0,0,25,7.975731518043137,7.988340858219542,0.3858663632924554,0.0091735786052274,256,29,0,0,2,0,0,0,2,0,0,0,0,0.0,0
1,met_409055_primary_000__marker_zip_002__002.3c049441..zip..jpg,data/raw/image_anomaly/anomalous/mitra/files/jpg/met_409055_primary_000/7c139f5737fbd143047c/met_409055_primary_000__marker_zip_002__002.3c049441..zip..jpg,1451229,62,2,1,0,0,0.2258064516129032,image,0,0,0,1,0,1,1,0,0,0,25,7.975731243436893,5.094846148948273,0.3858667377788068,0.0091736038902199,256,29,0,0,2,0,0,0,2,2,0,0,0,0.0226477006730157,0
1,met_409055_primary_000__marker_pdf_002__001.d73ec5c1..jpg..pdf,data/raw/image_anomaly/anomalous/mitra/files/jpg/met_409055_primary_000/88370752a4df02bfb9f6/met_409055_primary_000__marker_pdf_002__001.d73ec5c1..jpg..pdf,1422033,62,2,1,0,0,0.2258064516129032,document,0,0,0,0,0,1,0,1,0,0,24,7.974358113359712,5.072845754531357,0.3877666692685753,0.0092072406195918,256,29,0,0,2,0,0,0,2,0,0,0,0,0.0,0
1,met_409055_primary_000__marker_pdf_001__001.df7fe017..jpg..pdf,data/raw/image_anomaly/anomalous/mitra/files/jpg/met_409055_primary_000/eb1197b4799b895a9e38/met_409055_primary_000__marker_pdf_001__001.df7fe017..jpg..pdf,1420242,62,2,1,0,0,0.2258064516129032,document,0,0,0,0,0,1,0,1,0,0,24,7.974492203782214,5.250824256483538,0.3870213667811542,0.0092188514351779,256,29,0,0,2,0,0,0,2,0,0,0,0,0.0,0
1,met_410060_primary_000__marker_zip_001__001.274054c8..jpg..zip,data/raw/image_anomaly/anomalous/mitra/files/jpg/met_410060_primary_000/638a68a457aef0b0c8df/met_410060_primary_000__marker_zip_001__001.274054c8..jpg..zip,2349389,62,2,1,0,0,0.2258064516129032,archive,0,0,0,1,0,1,0,1,0,0,31,7.983671687521365,7.792331199234945,0.3748251141041351,0.0075249352065579,256,0,0,0,0,0,0,0,0,0,0,0,0,0.0,0
1,met_410060_primary_000__marker_zip_001__002.296bbffc..zip..jpg,data/raw/image_anomaly/anomalous/mitra/files/jpg/met_410060_primary_000/638a68a457aef0b0c8df/met_410060_primary_000__marker_zip_001__002.296bbffc..zip..jpg,2349385,62,2,1,0,0,0.2258064516129032,image,0,0,0,1,0,1,1,0,0,0,31,7.98367118462887,7.84662476896398,0.3748253266280324,0.0075249480183111,256,0,0,0,0,0,0,0,0,2,0,0,0,0.0009138561793831,0
1,met_410060_primary_000__marker_zip_002__001.b0981eff..jpg..zip,data/raw/image_anomaly/anomalous/mitra/files/jpg/met_410060_primary_000/7d099f827cde8deadbc7/met_410060_primary_000__marker_zip_002__001.b0981eff..jpg..zip,2381875,62,2,1,0,0,0.2258064516129032,archive,0,0,0,1,0,1,0,1,0,0,31,7.984106779612163,7.988340858219542,0.3748055628443978,0.0074777223825767,256,0,0,0,0,0,0,0,0,0,0,0,0,0.0,0
1,met_410060_primary_000__marker_zip_002__002.fb426792..zip..jpg,data/raw/image_anomaly/anomalous/mitra/files/jpg/met_410060_primary_000/7d099f827cde8deadbc7/met_410060_primary_000__marker_zip_002__002.fb426792..zip..jpg,2381871,62,2,1,0,0,0.2258064516129032,image,0,0,0,1,0,1,1,0,0,0,31,7.984106575423307,7.84662476896398,0.3748057724368784,0.0074777349403053,256,0,0,0,0,0,0,0,0,2,0,0,0,0.0137988161407565,0
1,met_410060_primary_000__marker_pdf_002__001.9b73fb39..jpg..pdf,data/raw/image_anomaly/anomalous/mitra/files/jpg/met_410060_primary_000/9b4b2c98d2b621577a5d/met_410060_primary_000__marker_pdf_002__001.9b73fb39..jpg..pdf,2352675,62,2,1,0,0,0.2258064516129032,document,0,0,0,0,0,1,0,1,0,0,30,7.983743528199628,5.072845754531357,0.3758168892856004,0.0074770208379822,256,0,0,0,0,0,0,0,0,0,0,0,0,0.0,0
1,met_410060_primary_000__marker_pdf_001__001.1f54aeaf..jpg..pdf,data/raw/image_anomaly/anomalous/mitra/files/jpg/met_410060_primary_000/bd4cf4298666902ff8a5/met_410060_primary_000__marker_pdf_001__001.1f54aeaf..jpg..pdf,2350884,62,2,1,0,0,0.2258064516129032,document,0,0,0,0,0,1,0,1,0,0,30,7.983732264667288,5.250824256483538,0.3753575250841811,0.0074827171395951,256,0,0,0,0,0,0,0,0,0,0,0,0,0.0,0
1,met_415296_primary_000__marker_pdf_001__001.1dd2a4d8..jpg..pdf,data/raw/image_anomaly/anomalous/mitra/files/jpg/met_415296_primary_000/54a58a92085ac2f8541e/met_415296_primary_000__marker_pdf_001__001.1dd2a4d8..jpg..pdf,4272588,62,2,1,0,0,0.2258064516129032,document,0,0,0,0,0,1,0,1,0,0,58,7.983196050194755,5.250824256483538,0.376646191956725,0.0076143545785364,256,6,0,0,2,0,0,0,2,0,0,0,0,0.0,0
1,met_415296_primary_000__marker_zip_002__001.ec3c96e8..jpg..zip,data/raw/image_anomaly/anomalous/mitra/files/jpg/met_415296_primary_000/789cf1f94fa2c13350a6/met_415296_primary_000__marker_zip_002__001.ec3c96e8..jpg..zip,4303579,62,2,1,0,0,0.2258064516129032,archive,0,0,0,1,0,1,0,1,0,0,59,7.983423155322143,7.988340858219542,0.3763314208940976,0.0076106422119821,256,6,0,0,2,0,0,0,2,0,0,0,0,0.0,0
1,met_415296_primary_000__marker_pdf_002__001.567808dc..jpg..pdf,data/raw/image_anomaly/anomalous/mitra/files/jpg/met_415296_primary_000/96a546c92b602fa0991f/met_415296_primary_000__marker_pdf_002__001.567808dc..jpg..pdf,4274379,62,2,1,0,0,0.2258064516129032,document,0,0,0,0,0,1,0,1,0,0,58,7.983195015265231,5.072845754531357,0.3768984921552347,0.0076111641012647,256,6,0,0,2,0,0,0,2,0,0,0,0,0.0,0
1,met_415296_primary_000__marker_zip_001__001.e378f40a..jpg..zip,data/raw/image_anomaly/anomalous/mitra/files/jpg/met_415296_primary_000/a2e1a7155c62f477ac90/met_415296_primary_000__marker_zip_001__001.e378f40a..jpg..zip,4271093,62,2,1,0,0,0.2258064516129032,archive,0,0,0,1,0,1,0,1,0,0,59,7.983174446598164,3.481894785160438,0.376353781104743,0.007637623437373,256,6,0,0,2,0,0,0,2,0,0,0,0,0.0,0
1,met_417671_primary_000__marker_zip_001__001.acba89f2..jpg..zip,data/raw/image_anomaly/anomalous/mitra/files/jpg/met_417671_primary_000/1ee571df796ed649477f/met_417671_primary_000__marker_zip_001__001.acba89f2..jpg..zip,558766,62,2,1,0,0,0.2258064516129032,archive,0,0,0,1,0,1,0,1,0,0,16,7.971152858715483,6.275604779435208,0.3914840917307066,0.0096086733981666,256,13,0,0,0,0,0,0,0,0,0,0,0,0.0,0
1,met_417671_primary_000__marker_zip_001__002.2b119e86..zip..jpg,data/raw/image_anomaly/anomalous/mitra/files/jpg/met_417671_primary_000/1ee571df796ed649477f/met_417671_primary_000__marker_zip_001__002.2b119e86..zip..jpg,558762,62,2,1,0,0,0.2258064516129032,image,0,0,0,1,0,1,1,0,0,0,16,7.971150873294995,6.443157994150342,0.3914851045704611,0.009608742183613,256,13,0,0,0,0,0,0,0,2,0,0,0,0.0038424230710033,0
1,met_417671_primary_000__marker_pdf_002__001.7d233194..jpg..pdf,data/raw/image_anomaly/anomalous/mitra/files/jpg/met_417671_primary_000/53e1f51218edbdfff29f/met_417671_primary_000__marker_pdf_002__001.7d233194..jpg..pdf,562052,62,2,1,0,0,0.2258064516129032,document,0,0,0,0,0,1,0,1,0,0,15,7.970378060797197,5.072845754531357,0.395538135261506,0.0093959277789243,256,13,0,0,0,0,0,0,0,0,0,0,0,0.0,0
1,met_417671_primary_000__marker_zip_002__001.05edbea5..jpg..zip,data/raw/image_anomaly/anomalous/mitra/files/jpg/met_417671_primary_000/7ec218dd40944ff69d0a/met_417671_primary_000__marker_zip_002__001.05edbea5..jpg..zip,591252,62,2,1,0,0,0.2258064516129032,archive,0,0,0,1,0,1,0,1,0,0,16,7.974112396937263,7.988340858219542,0.3904900110274468,0.009303985441064,256,13,0,0,0,0,0,0,0,0,0,0,0,0.0,0
1,met_417671_primary_000__marker_zip_002__002.bf1ad775..zip..jpg,data/raw/image_anomaly/anomalous/mitra/files/jpg/met_417671_primary_000/7ec218dd40944ff69d0a/met_417671_primary_000__marker_zip_002__002.bf1ad775..zip..jpg,591248,62,2,1,0,0,0.2258064516129032,image,0,0,0,1,0,1,1,0,0,0,16,7.974111390901057,6.443157994150342,0.3904909614916245,0.0093040483857873,256,13,0,0,0,0,0,0,0,2,0,0,0,0.0555891943820528,0
1,met_417671_primary_000__marker_pdf_001__001.6e92b3f0..jpg..pdf,data/raw/image_anomaly/anomalous/mitra/files/jpg/met_417671_primary_000/fa2fa0b13494660eca48/met_417671_primary_000__marker_pdf_001__001.6e92b3f0..jpg..pdf,560261,62,2,1,0,0,0.2258064516129032,document,0,0,0,0,0,1,0,1,0,0,15,7.970788860705048,5.250824256483538,0.3936736628107257,0.0094259639703638,256,13,0,0,0,0,0,0,0,0,0,0,0,0.0,0
1,met_418615_primary_000__marker_zip_002__001.1c569b4e..jpg..zip,data/raw/image_anomaly/anomalous/mitra/files/jpg/met_418615_primary_000/1cb330239b3676b84dc8/met_418615_primary_000__marker_zip_002__001.1c569b4e..jpg..zip,723067,62,2,1,0,0,0.2258064516129032,archive,0,0,0,1,0,1,0,1,0,0,16,7.977071600624732,7.988340858219542,0.3847651739050461,0.0065595581045739,256,6,0,0,0,0,0,0,0,0,0,0,0,0.0,0
1,met_418615_primary_000__marker_zip_002__002.ad63bbe6..zip..jpg,data/raw/image_anomaly/anomalous/mitra/files/jpg/met_418615_primary_000/1cb330239b3676b84dc8/met_418615_primary_000__marker_zip_002__002.ad63bbe6..zip..jpg,723063,62,2,1,0,0,0.2258064516129032,image,0,0,0,1,0,1,1,0,0,0,16,7.97707074577494,3.4259376715958734,0.3847659194288741,0.0065595943921898,256,6,0,0,0,0,0,0,0,2,0,0,0,0.0454552369572222,0
1,met_418615_primary_000__marker_pdf_001__001.0506bca7..jpg..pdf,data/raw/image_anomaly/anomalous/mitra/files/jpg/met_418615_primary_000/c937b1d257e15ff27962/met_418615_primary_000__marker_pdf_001__001.0506bca7..jpg..pdf,692076,62,2,1,0,0,0.2258064516129032,document,0,0,0,0,0,1,0,1,0,0,15,7.97483434530373,5.250824256483538,0.3870861003704795,0.0065354094059033,256,6,0,0,0,0,0,0,0,0,0,0,0,0.0,0
1,met_418615_primary_000__marker_zip_001__001.9bff0b5f..jpg..zip,data/raw/image_anomaly/anomalous/mitra/files/jpg/met_418615_primary_000/f70f22b9568adf50ffbc/met_418615_primary_000__marker_zip_001__001.9bff0b5f..jpg..zip,690581,62,2,1,0,0,0.2258064516129032,archive,0,0,0,1,0,1,0,1,0,0,16,7.974902092624302,3.473634690870223,0.3853002037414872,0.0066769864795005,256,6,0,0,0,0,0,0,0,0,0,0,0,0.0,0
1,met_418615_primary_000__marker_zip_001__002.68e1b96f..zip..jpg,data/raw/image_anomaly/anomalous/mitra/files/jpg/met_418615_primary_000/f70f22b9568adf50ffbc/met_418615_primary_000__marker_zip_001__002.68e1b96f..zip..jpg,690577,62,2,1,0,0,0.2258064516129032,image,0,0,0,1,0,1,1,0,0,0,16,7.9749009672159215,3.4259376715958734,0.3853009874351448,0.0066770251543274,256,6,0,0,0,0,0,0,0,2,0,0,0,0.0031089943626851,0
1,met_418615_primary_000__marker_pdf_002__001.970fef04..jpg..pdf,data/raw/image_anomaly/anomalous/mitra/files/jpg/met_418615_primary_000/f98cb0a772d8da51834a/met_418615_primary_000__marker_pdf_002__001.970fef04..jpg..pdf,693867,62,2,1,0,0,0.2258064516129032,document,0,0,0,0,0,1,0,1,0,0,15,7.974699453261834,5.072845754531357,0.3886133797975692,0.0065185402966274,256,6,0,0,0,0,0,0,0,0,0,0,0,0.0,0
1,met_432109_primary_000__marker_zip_001__001.c43ac7c0..jpg..zip,data/raw/image_anomaly/anomalous/mitra/files/jpg/met_432109_primary_000/0765cd6758b6872ef3a4/met_432109_primary_000__marker_zip_001__001.c43ac7c0..jpg..zip,1941117,62,2,1,0,0,0.2258064516129032,archive,0,0,0,1,0,1,0,1,0,0,38,7.95917475080451,7.750756952141215,0.3838295167164061,0.0074853808400008,256,0,0,0,0,0,0,0,0,0,0,0,0,0.0,0
1,met_432109_primary_000__marker_zip_001__002.434d92b8..zip..jpg,data/raw/image_anomaly/anomalous/mitra/files/jpg/met_432109_primary_000/0765cd6758b6872ef3a4/met_432109_primary_000__marker_zip_001__002.434d92b8..zip..jpg,1941113,62,2,1,0,0,0.2258064516129032,image,0,0,0,1,0,1,1,0,0,0,38,7.959174248679627,7.798721237641088,0.3838297924953364,0.0074853962649263,256,0,0,0,0,0,0,0,0,2,0,0,0,0.001106066468052,0
1,met_432109_primary_000__marker_zip_002__001.c5a0afad..jpg..zip,data/raw/image_anomaly/anomalous/mitra/files/jpg/met_432109_primary_000/aa4812597d6f829a68b3/met_432109_primary_000__marker_zip_002__001.c5a0afad..jpg..zip,1973603,62,2,1,0,0,0.2258064516129032,archive,0,0,0,1,0,1,0,1,0,0,38,7.960475483905597,7.988340858219542,0.3836577062357525,0.0074290523474072,256,0,0,0,0,0,0,0,0,0,0,0,0,0.0,0
1,met_432109_primary_000__marker_zip_002__002.f8fc72ed..zip..jpg,data/raw/image_anomaly/anomalous/mitra/files/jpg/met_432109_primary_000/aa4812597d6f829a68b3/met_432109_primary_000__marker_zip_002__002.f8fc72ed..zip..jpg,1973599,62,2,1,0,0,0.2258064516129032,image,0,0,0,1,0,1,1,0,0,0,38,7.960475117044864,7.798721237641088,0.3836579771270658,0.00742906740427,256,0,0,0,0,0,0,0,0,2,0,0,0,0.0166533323132004,0
1,met_432109_primary_000__marker_pdf_001__001.fac7b875..jpg..pdf,data/raw/image_anomaly/anomalous/mitra/files/jpg/met_432109_primary_000/b7779708f51ba7137da2/met_432109_primary_000__marker_pdf_001__001.fac7b875..jpg..pdf,1942612,62,2,1,0,0,0.2258064516129032,document,0,0,0,0,0,1,0,1,0,0,37,7.959263804282339,5.250824256483538,0.3844668930285615,0.0074343203892491,256,0,0,0,0,0,0,0,0,0,0,0,0,0.0,0
1,met_432109_primary_000__marker_pdf_002__001.68f783f4..jpg..pdf,data/raw/image_anomaly/anomalous/mitra/files/jpg/met_432109_primary_000/de641ecbd49d90c3336d/met_432109_primary_000__marker_pdf_002__001.68f783f4..jpg..pdf,1944403,62,2,1,0,0,0.2258064516129032,document,0,0,0,0,0,1,0,1,0,0,37,7.9592840785873795,5.072845754531357,0.3850143205909475,0.0074274725969873,256,0,0,0,0,0,0,0,0,0,0,0,0,0.0,0
1,met_43374_additional_001__marker_pdf_001__001.bea2c062..jpg..pdf,data/raw/image_anomaly/anomalous/mitra/files/jpg/met_43374_additional_001/16f48ff379ef526903db/met_43374_additional_001__marker_pdf_001__001.bea2c062..jpg..pdf,3230731,64,2,1,0,0,0.21875,document,0,0,0,0,0,1,0,1,0,0,56,7.968118865961211,5.250824256483538,0.3652547983722569,0.0122972169456386,256,13,0,0,0,0,0,0,0,0,0,0,0,0.0,0
1,met_43374_additional_001__marker_zip_001__001.cb365619..jpg..zip,data/raw/image_anomaly/anomalous/mitra/files/jpg/met_43374_additional_001/4a2e6a129ee6bb49f7da/met_43374_additional_001__marker_zip_001__001.cb365619..jpg..zip,3229236,64,2,1,0,0,0.21875,archive,0,0,0,1,0,1,0,1,0,0,57,7.967996374089281,6.226690138553416,0.3648627724947944,0.0123301610659611,256,13,0,0,0,0,0,0,0,0,0,0,0,0.0,0
1,met_43374_additional_001__marker_zip_001__002.00560033..zip..jpg,data/raw/image_anomaly/anomalous/mitra/files/jpg/met_43374_additional_001/4a2e6a129ee6bb49f7da/met_43374_additional_001__marker_zip_001__002.00560033..zip..jpg,3229232,64,2,1,0,0,0.21875,image,0,0,0,1,0,1,1,0,0,0,57,7.967996443400923,6.398885573360393,0.3648629147735436,0.0123301763391419,256,13,0,0,0,0,0,0,0,2,0,0,0,0.0006648639676554,0
1,met_43374_additional_001__marker_pdf_002__001.60025367..jpg..pdf,data/raw/image_anomaly/anomalous/mitra/files/jpg/met_43374_additional_001/a0fcb93850995715cb1b/met_43374_additional_001__marker_pdf_002__001.60025367..jpg..pdf,3232522,64,2,1,0,0,0.21875,document,0,0,0,0,0,1,0,1,0,0,56,7.968180225536106,5.072845754531357,0.3655947275842206,0.0122904035919941,256,13,0,0,0,0,0,0,0,0,0,0,0,0.0,0
1,met_43374_additional_001__marker_zip_002__001.9456f488..jpg..zip,data/raw/image_anomaly/anomalous/mitra/files/jpg/met_43374_additional_001/ed083d88b15fa314c940/met_43374_additional_001__marker_zip_002__001.9456f488..jpg..zip,3261722,64,2,1,0,0,0.21875,archive,0,0,0,1,0,1,0,1,0,0,57,7.968607329845317,7.988340858219542,0.3649477178005973,0.0122478249219277,256,13,0,0,0,0,0,0,0,0,0,0,0,0.0,0
1,met_43374_additional_001__marker_zip_002__002.c277cf26..zip..jpg,data/raw/image_anomaly/anomalous/mitra/files/jpg/met_43374_additional_001/ed083d88b15fa314c940/met_43374_additional_001__marker_zip_002__002.c277cf26..zip..jpg,3261718,64,2,1,0,0,0.21875,image,0,0,0,1,0,1,1,0,0,0,57,7.968607086603963,6.398885573360393,0.3649478587664537,0.0122478399420182,256,13,0,0,0,0,0,0,0,2,0,0,0,0.0100765915385695,0
1,met_43374_primary_000__marker_zip_001__001.0a3bbada..jpg..zip,data/raw/image_anomaly/anomalous/mitra/files/jpg/met_43374_primary_000/a39fbc1b642454510a29/met_43374_primary_000__marker_zip_001__001.0a3bbada..jpg..zip,3015373,61,2,1,0,0,0.2295081967213114,archive,0,0,0,1,0,1,0,1,0,0,48,7.964735192291727,6.245326434939865,0.3616637145719617,0.0132457908192452,256,13,0,0,0,0,0,0,0,0,0,0,0,0.0,0
1,met_43374_primary_000__marker_zip_001__002.19bc4685..zip..jpg,data/raw/image_anomaly/anomalous/mitra/files/jpg/met_43374_primary_000/a39fbc1b642454510a29/met_43374_primary_000__marker_zip_001__002.19bc4685..zip..jpg,3015369,61,2,1,0,0,0.2295081967213114,image,0,0,0,1,0,1,1,0,0,0,48,7.964735353703821,6.396433701689231,0.3616638626980645,0.0132458083902832,256,13,0,0,0,0,0,0,0,2,0,0,0,0.0007120189933636,0
1,met_43374_primary_000__marker_pdf_001__001.a84717a5..jpg..pdf,data/raw/image_anomaly/anomalous/mitra/files/jpg/met_43374_primary_000/a5f500080f515cdf6b1c/met_43374_primary_000__marker_pdf_001__001.a84717a5..jpg..pdf,3016868,61,2,1,0,0,0.2295081967213114,document,0,0,0,0,0,1,0,1,0,0,47,7.964877507313188,5.250824256483538,0.3620851160872799,0.0132100575828972,256,13,0,0,0,0,0,0,0,0,0,0,0,0.0,0
1,met_43374_primary_000__marker_pdf_002__001.753be696..jpg..pdf,data/raw/image_anomaly/anomalous/mitra/files/jpg/met_43374_primary_000/af018f59b176016472ff/met_43374_primary_000__marker_pdf_002__001.753be696..jpg..pdf,3018659,61,2,1,0,0,0.2295081967213114,document,0,0,0,0,0,1,0,1,0,0,47,7.964951831449856,5.072845754531357,0.362451008875133,0.0132022199261327,256,13,0,0,0,0,0,0,0,0,0,0,0,0.0,0
1,met_43374_primary_000__marker_zip_002__001.0e9355bd..jpg..zip,data/raw/image_anomaly/anomalous/mitra/files/jpg/met_43374_primary_000/d238c5365bf6be60c18c/met_43374_primary_000__marker_zip_002__001.0e9355bd..jpg..zip,3047859,61,2,1,0,0,0.2295081967213114,archive,0,0,0,1,0,1,0,1,0,0,48,7.965448498119492,7.988340858219542,0.3617887179164128,0.013147917931899,256,13,0,0,0,0,0,0,0,0,0,0,0,0.0,0
1,met_43374_primary_000__marker_zip_002__002.3b24a26b..zip..jpg,data/raw/image_anomaly/anomalous/mitra/files/jpg/met_43374_primary_000/d238c5365bf6be60c18c/met_43374_primary_000__marker_zip_002__002.3b24a26b..zip..jpg,3047855,61,2,1,0,0,0.2295081967213114,image,0,0,0,1,0,1,1,0,0,0,48,7.965448280976565,6.396433701689231,0.3617888646277464,0.0131479351872054,256,13,0,0,0,0,0,0,0,2,0,0,0,0.0107836494846375,0
1,met_435941_primary_000__marker_pdf_002__001.7ac035e2..jpg..pdf,data/raw/image_anomaly/anomalous/mitra/files/jpg/met_435941_primary_000/1093453bc4fb821b5fe9/met_435941_primary_000__marker_pdf_002__001.7ac035e2..jpg..pdf,3771826,62,2,1,0,0,0.2258064516129032,document,0,0,0,0,0,1,0,1,0,0,56,7.982021941691314,5.072845754531357,0.378739634330958,0.0085414862721663,256,23,0,0,0,0,0,0,0,0,0,0,0,0.0,0
1,met_435941_primary_000__marker_zip_001__001.70f8d25c..jpg..zip,data/raw/image_anomaly/anomalous/mitra/files/jpg/met_435941_primary_000/120120a02add5f298b45/met_435941_primary_000__marker_zip_001__001.70f8d25c..jpg..zip,3768540,62,2,1,0,0,0.2258064516129032,archive,0,0,0,1,0,1,0,1,0,0,57,7.98201686128751,5.219181896651915,0.3781238888269728,0.0085722852882017,256,23,0,0,0,0,0,0,0,0,0,0,0,0.0,0
1,met_435941_primary_000__marker_zip_001__002.13f0f498..zip..jpg,data/raw/image_anomaly/anomalous/mitra/files/jpg/met_435941_primary_000/120120a02add5f298b45/met_435941_primary_000__marker_zip_001__002.13f0f498..zip..jpg,3768536,62,2,1,0,0,0.2258064516129032,image,0,0,0,1,0,1,1,0,0,0,57,7.982016476662977,4.740744881159931,0.3781240248202485,0.008572294386998,256,23,0,0,0,0,0,0,0,2,0,0,0,0.0005697172589037,0
1,met_435941_primary_000__marker_zip_002__001.d261160f..jpg..zip,data/raw/image_anomaly/anomalous/mitra/files/jpg/met_435941_primary_000/1c862e5e39c99610b918/met_435941_primary_000__marker_zip_002__001.d261160f..jpg..zip,3801026,62,2,1,0,0,0.2258064516129032,archive,0,0,0,1,0,1,0,1,0,0,57,7.982313011901847,7.988340858219542,0.3780834437859672,0.0085337485194786,256,23,0,0,0,0,0,0,0,0,0,0,0,0.0,0
1,met_435941_primary_000__marker_zip_002__002.9767530c..zip..jpg,data/raw/image_anomaly/anomalous/mitra/files/jpg/met_435941_primary_000/1c862e5e39c99610b918/met_435941_primary_000__marker_zip_002__002.9767530c..zip..jpg,3801022,62,2,1,0,0,0.2258064516129032,image,0,0,0,1,0,1,1,0,0,0,57,7.9823127914964225,4.740744881159931,0.3780835785743939,0.0085337574999565,256,23,0,0,0,0,0,0,0,2,0,0,0,0.0086468849693582,0
1,met_435941_primary_000__marker_pdf_001__001.31dbb6cd..jpg..pdf,data/raw/image_anomaly/anomalous/mitra/files/jpg/met_435941_primary_000/368f1e3be887e444dd69/met_435941_primary_000__marker_pdf_001__001.31dbb6cd..jpg..pdf,3770035,62,2,1,0,0,0.2258064516129032,document,0,0,0,0,0,1,0,1,0,0,56,7.982030507257489,5.250824256483538,0.3784545766816488,0.0085455440068858,256,23,0,0,0,0,0,0,0,0,0,0,0,0.0,0
1,met_436102_primary_000__marker_pdf_002__001.2641fa34..jpg..pdf,data/raw/image_anomaly/anomalous/mitra/files/jpg/met_436102_primary_000/1606ed5b6e638e64eae4/met_436102_primary_000__marker_pdf_002__001.2641fa34..jpg..pdf,3585906,62,2,1,0,0,0.2258064516129032,document,0,0,0,0,0,1,0,1,0,0,62,7.980611642839541,5.072845754531357,0.3722239233264898,0.010241484299923,256,14,0,0,0,0,0,0,0,0,0,0,0,0.0,0
1,met_436102_primary_000__marker_zip_002__001.f9ef558b..jpg..zip,data/raw/image_anomaly/anomalous/mitra/files/jpg/met_436102_primary_000/51eb02f636ece9c8f4c0/met_436102_primary_000__marker_zip_002__001.f9ef558b..jpg..zip,3615106,62,2,1,0,0,0.2258064516129032,archive,0,0,0,1,0,1,0,1,0,0,63,7.980870377838482,7.988340858219542,0.3715866146110239,0.010219617350086,256,14,0,0,0,0,0,0,0,0,0,0,0,0.0,0
1,met_436102_primary_000__marker_zip_002__002.f5a0d8a1..zip..jpg,data/raw/image_anomaly/anomalous/mitra/files/jpg/met_436102_primary_000/51eb02f636ece9c8f4c0/met_436102_primary_000__marker_zip_002__002.f5a0d8a1..zip..jpg,3615102,62,2,1,0,0,0.2258064516129032,image,0,0,0,1,0,1,1,0,0,0,63,7.980870484774683,6.345960781163647,0.3715867491429011,0.0102196286577806,256,14,0,0,0,0,0,0,0,2,0,0,0,0.0090915830314054,0
1,met_436102_primary_000__marker_pdf_001__001.57f25d11..jpg..pdf,data/raw/image_anomaly/anomalous/mitra/files/jpg/met_436102_primary_000/9a4019e092484cbec64e/met_436102_primary_000__marker_pdf_001__001.57f25d11..jpg..pdf,3584115,62,2,1,0,0,0.2258064516129032,document,0,0,0,0,0,1,0,1,0,0,62,7.980596215602454,5.250824256483538,0.3719208228530613,0.0102466020203034,256,14,0,0,0,0,0,0,0,0,0,0,0,0.0,0
1,met_436102_primary_000__marker_zip_001__001.0b1ce3cf..jpg..zip,data/raw/image_anomaly/anomalous/mitra/files/jpg/met_436102_primary_000/f54dde30b6bcf873dbf4/met_436102_primary_000__marker_zip_001__001.0b1ce3cf..jpg..zip,3582620,62,2,1,0,0,0.2258064516129032,archive,0,0,0,1,0,1,0,1,0,0,63,7.980536084822211,6.181014642052195,0.3715702474725201,0.0102754408784632,256,14,0,0,0,0,0,0,0,0,0,0,0,0.0,0
1,met_436102_primary_000__marker_zip_001__002.8032f900..zip..jpg,data/raw/image_anomaly/anomalous/mitra/files/jpg/met_436102_primary_000/f54dde30b6bcf873dbf4/met_436102_primary_000__marker_zip_001__002.8032f900..zip..jpg,3582616,62,2,1,0,0,0.2258064516129032,image,0,0,0,1,0,1,1,0,0,0,63,7.980536149772667,6.345960781163647,0.3715703832060148,0.0102754523510194,256,14,0,0,0,0,0,0,0,2,0,0,0,0.0005992827587438,0
1,met_443334_primary_000__marker_zip_001__001.1366e102..jpg..zip,data/raw/image_anomaly/anomalous/mitra/files/jpg/met_443334_primary_000/55fe877094f386b32688/met_443334_primary_000__marker_zip_001__001.1366e102..jpg..zip,949095,62,2,1,0,0,0.2258064516129032,archive,0,0,0,1,0,1,0,1,0,0,29,7.959919168181317,3.469341072971396,0.384509453742776,0.0088979501525137,256,6,0,1,1,0,0,1,2,0,0,0,0,0.0,0
1,met_443334_primary_000__marker_zip_001__002.8038720a..zip..jpg,data/raw/image_anomaly/anomalous/mitra/files/jpg/met_443334_primary_000/55fe877094f386b32688/met_443334_primary_000__marker_zip_001__002.8038720a..zip..jpg,949091,62,2,1,0,0,0.2258064516129032,image,0,0,0,1,0,1,1,0,0,0,29,7.959915186592526,3.480877333088124,0.3845100206408026,0.0088979876534494,256,6,0,1,1,0,0,1,2,2,0,0,0,0.0022621645342754,0
1,met_443334_primary_000__marker_zip_002__001.548dcccb..jpg..zip,data/raw/image_anomaly/anomalous/mitra/files/jpg/met_443334_primary_000/57120c82209cb148d8b6/met_443334_primary_000__marker_zip_002__001.548dcccb..jpg..zip,981581,62,2,1,0,0,0.2258064516129032,archive,0,0,0,1,0,1,0,1,0,0,29,7.962561259734778,7.988340858219542,0.3841415023314428,0.0087379441941113,256,6,0,1,1,0,0,1,2,0,0,0,0,0.0,0
1,met_443334_primary_000__marker_zip_002__002.37c822e6..zip..jpg,data/raw/image_anomaly/anomalous/mitra/files/jpg/met_443334_primary_000/57120c82209cb148d8b6/met_443334_primary_000__marker_zip_002__002.37c822e6..zip..jpg,981577,62,2,1,0,0,0.2258064516129032,image,0,0,0,1,0,1,1,0,0,0,29,7.962558661926111,3.480877333088124,0.38414204896814,0.0087379798018902,256,6,0,1,1,0,0,1,2,2,0,0,0,0.0334838733996415,0
1,met_443334_primary_000__marker_pdf_001__001.7ed1b3ad..jpg..pdf,data/raw/image_anomaly/anomalous/mitra/files/jpg/met_443334_primary_000/bb90834c8220715a1241/met_443334_primary_000__marker_pdf_001__001.7ed1b3ad..jpg..pdf,950590,62,2,1,0,0,0.2258064516129032,document,0,0,0,0,0,1,0,1,0,0,28,7.959906340610749,5.250824256483538,0.3858109174302275,0.0087913821942162,256,6,0,1,1,0,0,1,2,0,0,0,0,0.0,0
1,met_443334_primary_000__marker_pdf_002__001.189f6c4a..jpg..pdf,data/raw/image_anomaly/anomalous/mitra/files/jpg/met_443334_primary_000/cde91cfff9042ef3e14c/met_443334_primary_000__marker_pdf_002__001.189f6c4a..jpg..pdf,952381,62,2,1,0,0,0.2258064516129032,document,0,0,0,0,0,1,0,1,0,0,28,7.959822768146689,5.072845754531357,0.3869260306536984,0.0087748495612575,256,6,0,1,1,0,0,1,2,0,0,0,0,0.0,0
1,met_443877_primary_000__marker_zip_001__001.c05c6dd6..jpg..zip,data/raw/image_anomaly/anomalous/mitra/files/jpg/met_443877_primary_000/307d8df9c9ed7226ed93/met_443877_primary_000__marker_zip_001__001.c05c6dd6..jpg..zip,2632000,62,2,1,0,0,0.2258064516129032,archive,0,0,0,1,0,1,0,1,0,0,30,7.9642074005908094,4.627925932804202,0.3623947568389057,0.0113567629179331,256,9,0,0,1,0,0,0,1,0,0,0,0,0.0,0
1,met_443877_primary_000__marker_zip_001__002.b364e963..zip..jpg,data/raw/image_anomaly/anomalous/mitra/files/jpg/met_443877_primary_000/307d8df9c9ed7226ed93/met_443877_primary_000__marker_zip_001__002.b364e963..zip..jpg,2631996,62,2,1,0,0,0.2258064516129032,image,0,0,0,1,0,1,1,0,0,0,30,7.964207029120697,3.385795423450077,0.3623949276518657,0.0113567801774774,256,9,0,0,1,0,0,0,1,2,0,0,0,0.000815730722995,0
1,met_443877_primary_000__marker_pdf_002__001.1f9af2f4..jpg..pdf,data/raw/image_anomaly/anomalous/mitra/files/jpg/met_443877_primary_000/582c5cf6a71520a53361/met_443877_primary_000__marker_pdf_002__001.1f9af2f4..jpg..pdf,2635286,62,2,1,0,0,0.2258064516129032,document,0,0,0,0,0,1,0,1,0,0,29,7.964364021474965,5.072845754531357,0.3632956726518488,0.0113092089435454,256,9,0,0,1,0,0,0,1,0,0,0,0,0.0,0
1,met_443877_primary_000__marker_zip_002__001.041b38c5..jpg..zip,data/raw/image_anomaly/anomalous/mitra/files/jpg/met_443877_primary_000/5b90dedb1c49422c79ae/met_443877_primary_000__marker_zip_002__001.041b38c5..jpg..zip,2664486,62,2,1,0,0,0.2258064516129032,archive,0,0,0,1,0,1,0,1,0,0,30,7.965053119010758,7.988340858219542,0.3625288329531474,0.0112678392755675,256,9,0,0,1,0,0,0,1,0,0,0,0,0.0,0
1,met_443877_primary_000__marker_zip_002__002.e9fcae22..zip..jpg,data/raw/image_anomaly/anomalous/mitra/files/jpg/met_443877_primary_000/5b90dedb1c49422c79ae/met_443877_primary_000__marker_zip_002__002.e9fcae22..zip..jpg,2664482,62,2,1,0,0,0.2258064516129032,image,0,0,0,1,0,1,1,0,0,0,30,7.965052740779706,3.385795423450077,0.3625290018847941,0.0112678561911846,256,9,0,0,1,0,0,0,1,2,0,0,0,0.0123352306376999,0
1,met_443877_primary_000__marker_pdf_001__001.7458602d..jpg..pdf,data/raw/image_anomaly/anomalous/mitra/files/jpg/met_443877_primary_000/61a4ce2d7c903d6ad035/met_443877_primary_000__marker_pdf_001__001.7458602d..jpg..pdf,2633495,62,2,1,0,0,0.2258064516129032,document,0,0,0,0,0,1,0,1,0,0,29,7.964307709915431,5.250824256483538,0.3628770891913597,0.0113169001649898,256,9,0,0,1,0,0,0,1,0,0,0,0,0.0,0
1,met_444554_primary_000__marker_zip_002__001.62dc7cc9..jpg..zip,data/raw/image_anomaly/anomalous/mitra/files/jpg/met_444554_primary_000/70a6e8cdbcab4fcde910/met_444554_primary_000__marker_zip_002__001.62dc7cc9..jpg..zip,1425980,62,2,1,0,0,0.2258064516129032,archive,0,0,0,1,0,1,0,1,0,0,22,7.944231443724838,7.988340858219542,0.3706293215893631,0.0152351365376793,256,18,0,0,0,0,0,0,0,0,0,0,0,0.0,0
1,met_444554_primary_000__marker_zip_002__002.e405f3cd..zip..jpg,data/raw/image_anomaly/anomalous/mitra/files/jpg/met_444554_primary_000/70a6e8cdbcab4fcde910/met_444554_primary_000__marker_zip_002__002.e405f3cd..zip..jpg,1425976,62,2,1,0,0,0.2258064516129032,image,0,0,0,1,0,1,1,0,0,0,22,7.944231138129972,4.950789948183014,0.3706296599662266,0.0152351792737044,256,18,0,0,0,0,0,0,0,2,0,0,0,0.0230487750144462,0
1,met_444554_primary_000__marker_zip_001__001.ddb58adc..jpg..zip,data/raw/image_anomaly/anomalous/mitra/files/jpg/met_444554_primary_000/8633fd1e99a759b03190/met_444554_primary_000__marker_zip_001__001.ddb58adc..jpg..zip,1393494,62,2,1,0,0,0.2258064516129032,archive,0,0,0,1,0,1,0,1,0,0,22,7.941728992357948,5.652650877911211,0.3705649252885193,0.0154955816099674,256,18,0,0,0,0,0,0,0,0,0,0,0,0.0,0
1,met_444554_primary_000__marker_zip_001__002.e2a0f51b..zip..jpg,data/raw/image_anomaly/anomalous/mitra/files/jpg/met_444554_primary_000/8633fd1e99a759b03190/met_444554_primary_000__marker_zip_001__002.e2a0f51b..zip..jpg,1393490,62,2,1,0,0,0.2258064516129032,image,0,0,0,1,0,1,1,0,0,0,22,7.94172844888234,4.950789948183014,0.3705652713690087,0.0154956260898894,256,18,0,0,0,0,0,0,0,2,0,0,0,0.0015407358502752,0
1,met_444554_primary_000__marker_pdf_002__001.a0aaacca..jpg..pdf,data/raw/image_anomaly/anomalous/mitra/files/jpg/met_444554_primary_000/a3775664cc498745028a/met_444554_primary_000__marker_pdf_002__001.a0aaacca..jpg..pdf,1396780,62,2,1,0,0,0.2258064516129032,document,0,0,0,0,0,1,0,1,0,0,21,7.94201941195419,5.072845754531357,0.3722454502498604,0.0153961253740746,256,18,0,0,0,0,0,0,0,0,0,0,0,0.0,0
1,met_444554_primary_000__marker_pdf_001__001.016cbc8e..jpg..pdf,data/raw/image_anomaly/anomalous/mitra/files/jpg/met_444554_primary_000/bd9abe027fc927e17991/met_444554_primary_000__marker_pdf_001__001.016cbc8e..jpg..pdf,1394989,62,2,1,0,0,0.2258064516129032,document,0,0,0,0,0,1,0,1,0,0,21,7.941913925721414,5.250824256483538,0.3714667284114785,0.0154158921683253,256,18,0,0,0,0,0,0,0,0,0,0,0,0.0,0
1,met_444817_primary_000__marker_zip_001__001.daf51725..jpg..zip,data/raw/image_anomaly/anomalous/mitra/files/jpg/met_444817_primary_000/4839c324c0e9973b3e87/met_444817_primary_000__marker_zip_001__001.daf51725..jpg..zip,210818,62,2,1,0,0,0.2258064516129032,archive,0,0,0,1,0,1,0,1,0,0,6,7.98056002381903,7.708172673615155,0.36276314166722,0.00863303892457,256,0,0,1,0,0,0,1,1,0,0,0,0,0.0,0
1,met_444817_primary_000__marker_zip_001__002.72a835ca..zip..jpg,data/raw/image_anomaly/anomalous/mitra/files/jpg/met_444817_primary_000/4839c324c0e9973b3e87/met_444817_primary_000__marker_zip_001__002.72a835ca..zip..jpg,210814,62,2,1,0,0,0.2258064516129032,image,0,0,0,1,0,1,1,0,0,0,6,7.98055765487402,7.782547192479922,0.3627652812431812,0.0086332027284715,256,0,0,1,0,0,0,1,1,2,0,0,0,0.0101843331088068,0
1,met_444817_primary_000__marker_pdf_002__001.a2313226..jpg..pdf,data/raw/image_anomaly/anomalous/mitra/files/jpg/met_444817_primary_000/b9ee7161690c86973d17/met_444817_primary_000__marker_pdf_002__001.a2313226..jpg..pdf,214104,62,2,1,0,0,0.2258064516129032,document,0,0,0,0,0,1,0,1,0,0,5,7.9812697651301265,5.072845754531357,0.3738463550424093,0.0080895265852109,256,0,0,1,0,0,0,1,1,0,0,0,0,0.0,0
1,met_444817_primary_000__marker_zip_002__001.d949d4fb..jpg..zip,data/raw/image_anomaly/anomalous/mitra/files/jpg/met_444817_primary_000/eb40968cc9a6afeca25d/met_444817_primary_000__marker_zip_002__001.d949d4fb..jpg..zip,243304,62,2,1,0,0,0.2258064516129032,archive,0,0,0,1,0,1,0,1,0,0,6,7.985421315345165,7.988340858219542,0.364182257587216,0.0080228849505145,256,0,0,1,0,0,0,1,1,0,0,0,0,0.0,0
1,met_444817_primary_000__marker_zip_002__002.d7d38509..zip..jpg,data/raw/image_anomaly/anomalous/mitra/files/jpg/met_444817_primary_000/eb40968cc9a6afeca25d/met_444817_primary_000__marker_zip_002__002.d7d38509..zip..jpg,243300,62,2,1,0,0,0.2258064516129032,image,0,0,0,1,0,1,1,0,0,0,6,7.98542010976531,7.782547192479922,0.364184134812988,0.0080230168516235,256,0,0,1,0,0,0,1,1,2,0,0,0,0.1350883682696259,0
1,met_444817_primary_000__marker_pdf_001__001.960e2bc0..jpg..pdf,data/raw/image_anomaly/anomalous/mitra/files/jpg/met_444817_primary_000/f29086b5d46d4ce15d8a/met_444817_primary_000__marker_pdf_001__001.960e2bc0..jpg..pdf,212313,62,2,1,0,0,0.2258064516129032,document,0,0,0,0,0,1,0,1,0,0,5,7.981267155473191,5.250824256483538,0.3687433176489428,0.0081577670703159,256,0,0,1,0,0,0,1,1,0,0,0,0,0.0,0
1,met_445164_additional_001__marker_pdf_002__001.31c1fa55..jpg..pdf,data/raw/image_anomaly/anomalous/mitra/files/jpg/met_445164_additional_001/1bbed14e03ef733125c6/met_445164_additional_001__marker_pdf_002__001.31c1fa55..jpg..pdf,3379790,65,2,1,0,0,0.2153846153846154,document,0,0,0,0,0,1,0,1,0,0,23,7.960571029671425,5.072845754531357,0.3670976599137816,0.0141721822953497,256,18,0,0,0,0,0,0,0,0,0,0,0,0.0,0
1,met_445164_additional_001__marker_zip_001__001.2424a205..jpg..zip,data/raw/image_anomaly/anomalous/mitra/files/jpg/met_445164_additional_001/3bbf055fb0f00260109a/met_445164_additional_001__marker_zip_001__001.2424a205..jpg..zip,3376504,65,2,1,0,0,0.2153846153846154,archive,0,0,0,1,0,1,0,1,0,0,24,7.960469174873776,5.657420439014271,0.3663990920786707,0.0142120370655565,256,18,0,0,0,0,0,0,0,0,0,0,0,0.0,0
1,met_445164_additional_001__marker_zip_001__002.16a0ee17..zip..jpg,data/raw/image_anomaly/anomalous/mitra/files/jpg/met_445164_additional_001/3bbf055fb0f00260109a/met_445164_additional_001__marker_zip_001__002.16a0ee17..zip..jpg,3376500,65,2,1,0,0,0.2153846153846154,image,0,0,0,1,0,1,1,0,0,0,24,7.960468926799433,4.956033627604795,0.3663992299718643,0.0142120539019694,256,18,0,0,0,0,0,0,0,2,0,0,0,0.0006358655412409,0
1,met_445164_additional_001__marker_zip_002__001.3842673e..jpg..zip,data/raw/image_anomaly/anomalous/mitra/files/jpg/met_445164_additional_001/c43c058f954c01cc008d/met_445164_additional_001__marker_zip_002__001.3842673e..jpg..zip,3408990,65,2,1,0,0,0.2153846153846154,archive,0,0,0,1,0,1,0,1,0,0,24,7.961178062093133,7.988340858219542,0.3664657273855306,0.0141153244802712,256,18,0,0,0,0,0,0,0,0,0,0,0,0.0,0
1,met_445164_additional_001__marker_zip_002__002.91629e5d..zip..jpg,data/raw/image_anomaly/anomalous/mitra/files/jpg/met_445164_additional_001/c43c058f954c01cc008d/met_445164_additional_001__marker_zip_002__002.91629e5d..zip..jpg,3408986,65,2,1,0,0,0.2153846153846154,image,0,0,0,1,0,1,1,0,0,0,24,7.961177792960078,4.956033627604795,0.3664658640428561,0.0141153410427616,256,18,0,0,0,0,0,0,0,2,0,0,0,0.0096412833610932,0
1,met_445164_additional_001__marker_pdf_001__001.0a26c3d4..jpg..pdf,data/raw/image_anomaly/anomalous/mitra/files/jpg/met_445164_additional_001/ee81c76c5919e258570d/met_445164_additional_001__marker_pdf_001__001.0a26c3d4..jpg..pdf,3377999,65,2,1,0,0,0.2153846153846154,document,0,0,0,0,0,1,0,1,0,0,23,7.960536853378101,5.250824256483538,0.3667733471797949,0.0141796963231783,256,18,0,0,0,0,0,0,0,0,0,0,0,0.0,0
1,met_445164_additional_002__marker_pdf_002__001.8a27798f..jpg..pdf,data/raw/image_anomaly/anomalous/mitra/files/jpg/met_445164_additional_002/2095cf0ca94640b0bea2/met_445164_additional_002__marker_pdf_002__001.8a27798f..jpg..pdf,1573952,65,2,1,0,0,0.2153846153846154,document,0,0,0,0,0,1,0,1,0,0,11,7.948532163947442,5.072845754531357,0.369252683690481,0.0161161204407758,256,18,0,0,0,0,0,0,0,0,0,0,0,0.0,0
1,met_445164_additional_002__marker_zip_002__001.b60913d7..jpg..zip,data/raw/image_anomaly/anomalous/mitra/files/jpg/met_445164_additional_002/6a8f898c975a9ad2ed27/met_445164_additional_002__marker_zip_002__001.b60913d7..jpg..zip,1603152,65,2,1,0,0,0.2153846153846154,archive,0,0,0,1,0,1,0,1,0,0,12,7.950300486100205,7.988340858219542,0.3678696717466591,0.0159598091759234,256,18,0,0,0,0,0,0,0,0,0,0,0,0.0,0
1,met_445164_additional_002__marker_zip_002__002.3c2a5e31..zip..jpg,data/raw/image_anomaly/anomalous/mitra/files/jpg/met_445164_additional_002/6a8f898c975a9ad2ed27/met_445164_additional_002__marker_zip_002__002.3c2a5e31..zip..jpg,1603148,65,2,1,0,0,0.2153846153846154,image,0,0,0,1,0,1,1,0,0,0,12,7.950299931147951,4.966832184318839,0.3678699658422054,0.0159598489970982,256,18,0,0,0,0,0,0,0,2,0,0,0,0.0205015382235451,0
1,met_445164_additional_002__marker_zip_001__001.bcb5136e..jpg..zip,data/raw/image_anomaly/anomalous/mitra/files/jpg/met_445164_additional_002/84dfa6070a3e03bb6c5e/met_445164_additional_002__marker_zip_001__001.bcb5136e..jpg..zip,1570666,65,2,1,0,0,0.2153846153846154,archive,0,0,0,1,0,1,0,1,0,0,12,7.948359439349695,5.66686976795448,0.3677554616958666,0.0162058642639491,256,18,0,0,0,0,0,0,0,0,0,0,0,0.0,0
1,met_445164_additional_002__marker_zip_001__002.a4cdf245..zip..jpg,data/raw/image_anomaly/anomalous/mitra/files/jpg/met_445164_additional_002/84dfa6070a3e03bb6c5e/met_445164_additional_002__marker_zip_001__002.a4cdf245..zip..jpg,1570662,65,2,1,0,0,0.2153846153846154,image,0,0,0,1,0,1,1,0,0,0,12,7.948358841540711,4.966832184318839,0.3677557615833324,0.0162059055353729,256,18,0,0,0,0,0,0,0,2,0,0,0,0.0013669395452363,0
1,met_445164_additional_002__marker_pdf_001__001.8b068066..jpg..pdf,data/raw/image_anomaly/anomalous/mitra/files/jpg/met_445164_additional_002/bac5a4a5fd4ab02fdc0d/met_445164_additional_002__marker_pdf_001__001.8b068066..jpg..pdf,1572161,65,2,1,0,0,0.2153846153846154,document,0,0,0,0,0,1,0,1,0,0,11,7.948473697805688,5.250824256483538,0.3685583092316881,0.0161344798656117,256,18,0,0,0,0,0,0,0,0,0,0,0,0.0,0
1,met_445164_additional_003__marker_pdf_002__001.14f10e35..jpg..pdf,data/raw/image_anomaly/anomalous/mitra/files/jpg/met_445164_additional_003/28ee60c0eb20c715056c/met_445164_additional_003__marker_pdf_002__001.14f10e35..jpg..pdf,211997,65,2,1,0,0,0.2153846153846154,document,0,0,0,0,0,1,0,1,0,0,4,7.935344672191638,5.072845754531357,0.4124869691552238,0.0055472483101175,256,6,0,1,0,0,0,1,1,0,0,0,0,0.0,0
1,met_445164_additional_003__marker_zip_001__001.817dff0e..jpg..zip,data/raw/image_anomaly/anomalous/mitra/files/jpg/met_445164_additional_003/34db5c3b020abc4bbd46/met_445164_additional_003__marker_zip_001__001.817dff0e..jpg..zip,208711,65,2,1,0,0,0.2153846153846154,archive,0,0,0,1,0,1,0,1,0,0,5,7.938926809664573,3.46570034741316,0.4019002352535324,0.0060562212820598,256,6,0,1,0,0,0,1,1,0,0,0,0,0.0,0
1,met_445164_additional_003__marker_zip_001__002.e7687e4b..zip..jpg,data/raw/image_anomaly/anomalous/mitra/files/jpg/met_445164_additional_003/34db5c3b020abc4bbd46/met_445164_additional_003__marker_zip_001__002.e7687e4b..zip..jpg,208707,65,2,1,0,0,0.2153846153846154,image,0,0,0,1,0,1,1,0,0,0,5,7.938899810502364,3.4781501321874893,0.4019031465164082,0.006056337353323,256,6,0,1,0,0,0,1,1,2,0,0,0,0.0102871489696081,0
1,met_445164_additional_003__marker_zip_002__001.2c81bccc..jpg..zip,data/raw/image_anomaly/anomalous/mitra/files/jpg/met_445164_additional_003/bc6c564f3ba01055189f/met_445164_additional_003__marker_zip_002__001.2c81bccc..jpg..zip,241197,65,2,1,0,0,0.2153846153846154,archive,0,0,0,1,0,1,0,1,0,0,5,7.954224838050702,7.988340858219542,0.3980605065568809,0.0057878000140963,256,6,0,1,0,0,0,1,1,0,0,0,0,0.0,0
1,met_445164_additional_003__marker_zip_002__002.cff092e5..zip..jpg,data/raw/image_anomaly/anomalous/mitra/files/jpg/met_445164_additional_003/bc6c564f3ba01055189f/met_445164_additional_003__marker_zip_002__002.cff092e5..zip..jpg,241193,65,2,1,0,0,0.2153846153846154,image,0,0,0,1,0,1,1,0,0,0,5,7.954211737504483,3.4781501321874893,0.3980629620262611,0.0057878960002985,256,6,0,1,0,0,0,1,1,2,0,0,0,0.1362684655027301,0
1,met_445164_additional_003__marker_pdf_001__001.c661afda..jpg..pdf,data/raw/image_anomaly/anomalous/mitra/files/jpg/met_445164_additional_003/e01035524888c2abbb7f/met_445164_additional_003__marker_pdf_001__001.c661afda..jpg..pdf,210206,65,2,1,0,0,0.2153846153846154,document,0,0,0,0,0,1,0,1,0,0,4,7.936843874599376,5.250824256483538,0.4076620077447836,0.0055945120500842,256,6,0,1,0,0,0,1,1,0,0,0,0,0.0,0
1,met_445164_additional_004__marker_zip_001__001.3cfe973e..jpg..zip,data/raw/image_anomaly/anomalous/mitra/files/jpg/met_445164_additional_004/28b4896cb50caa1fabf0/met_445164_additional_004__marker_zip_001__001.3cfe973e..jpg..zip,161687,65,2,1,0,0,0.2153846153846154,archive,0,0,0,1,0,1,0,1,0,0,3,7.912030165175302,3.46570034741316,0.3919177175654196,0.0131736008460791,256,6,0,1,0,0,0,1,1,0,0,0,0,0.0,0
1,met_445164_additional_004__marker_zip_001__002.7f7328a2..zip..jpg,data/raw/image_anomaly/anomalous/mitra/files/jpg/met_445164_additional_004/28b4896cb50caa1fabf0/met_445164_additional_004__marker_zip_001__002.7f7328a2..zip..jpg,161683,65,2,1,0,0,0.2153846153846154,image,0,0,0,1,0,1,1,0,0,0,3,7.9120037218210015,3.4765983462253818,0.3919212285769066,0.0131739267579151,256,6,0,1,0,0,0,1,1,2,0,0,0,0.0132790707742929,0
1,met_445164_additional_004__marker_pdf_001__001.5b34c00f..jpg..pdf,data/raw/image_anomaly/anomalous/mitra/files/jpg/met_445164_additional_004/7aa7332b8651e76d1416/met_445164_additional_004__marker_pdf_001__001.5b34c00f..jpg..pdf,163182,65,2,1,0,0,0.2153846153846154,document,0,0,0,0,0,1,0,1,0,0,2,7.910238167138725,5.250824256483538,0.3994313098258386,0.0125136350823007,256,6,0,1,0,0,0,1,1,0,0,0,0,0.0,0
1,met_445164_additional_004__marker_pdf_002__001.50a2c648..jpg..pdf,data/raw/image_anomaly/anomalous/mitra/files/jpg/met_445164_additional_004/b27d60877957767ab6f2/met_445164_additional_004__marker_pdf_002__001.50a2c648..jpg..pdf,164973,65,2,1,0,0,0.2153846153846154,document,0,0,0,0,0,1,0,1,0,0,2,7.908845220184513,5.072845754531357,0.4057209361531887,0.0123777830311626,256,6,0,1,0,0,0,1,1,0,0,0,0,0.0,0
1,met_445164_additional_004__marker_zip_002__001.be8c9f51..jpg..zip,data/raw/image_anomaly/anomalous/mitra/files/jpg/met_445164_additional_004/fcf12635a25f697fbc68/met_445164_additional_004__marker_zip_002__001.be8c9f51..jpg..zip,194173,65,2,1,0,0,0.2153846153846154,archive,0,0,0,1,0,1,0,1,0,0,3,7.937596481798286,7.988340858219542,0.3888182188048802,0.0116494054271191,256,6,0,1,0,0,0,1,1,0,0,0,0,0.0,0
1,met_445164_additional_004__marker_zip_002__002.e50b93a0..zip..jpg,data/raw/image_anomaly/anomalous/mitra/files/jpg/met_445164_additional_004/fcf12635a25f697fbc68/met_445164_additional_004__marker_zip_002__002.e50b93a0..zip..jpg,194169,65,2,1,0,0,0.2153846153846154,image,0,0,0,1,0,1,1,0,0,0,3,7.937585678110758,3.4765983462253818,0.3888210785449789,0.0116496454119864,256,6,0,1,0,0,0,1,1,2,0,0,0,0.1692700688575416,0
1,met_445164_primary_000__marker_pdf_002__001.a26b1f4c..jpg..pdf,data/raw/image_anomaly/anomalous/mitra/files/jpg/met_445164_primary_000/1ab245512b90a05ff91a/met_445164_primary_000__marker_pdf_002__001.a26b1f4c..jpg..pdf,173834,62,2,1,0,0,0.2258064516129032,document,0,0,0,0,0,1,0,1,0,0,9,7.929355198564078,5.072845754531357,0.4079178986849523,0.0116432918761577,256,6,0,1,0,0,0,1,1,0,0,0,0,0.0,0
1,met_445164_primary_000__marker_zip_002__001.8ab32039..jpg..zip,data/raw/image_anomaly/anomalous/mitra/files/jpg/met_445164_primary_000/1b48ff28b61031046c92/met_445164_primary_000__marker_zip_002__001.8ab32039..jpg..zip,203034,62,2,1,0,0,0.2258064516129032,archive,0,0,0,1,0,1,0,1,0,0,10,7.951643869754541,7.988340858219542,0.3914369021937212,0.0110523360619403,256,6,0,1,0,0,0,1,1,0,0,0,0,0.0,0
1,met_445164_primary_000__marker_zip_002__002.4a951c1d..zip..jpg,data/raw/image_anomaly/anomalous/mitra/files/jpg/met_445164_primary_000/1b48ff28b61031046c92/met_445164_primary_000__marker_zip_002__002.4a951c1d..zip..jpg,203030,62,2,1,0,0,0.2258064516129032,image,0,0,0,1,0,1,1,0,0,0,10,7.951633047830749,3.4750267538187902,0.3914396887159533,0.0110525538097818,256,6,0,1,0,0,0,1,1,2,0,0,0,0.1618824804216125,0
1,met_445164_primary_000__marker_zip_001__001.693c8b65..jpg..zip,data/raw/image_anomaly/anomalous/mitra/files/jpg/met_445164_primary_000/422dced2316b62da4368/met_445164_primary_000__marker_zip_001__001.693c8b65..jpg..zip,170548,62,2,1,0,0,0.2258064516129032,archive,0,0,0,1,0,1,0,1,0,0,10,7.932955634210443,3.46570034741316,0.3948741703215517,0.0123836104791612,256,6,0,1,0,0,0,1,1,0,0,0,0,0.0,0
1,met_445164_primary_000__marker_zip_001__002.d5b520ba..zip..jpg,data/raw/image_anomaly/anomalous/mitra/files/jpg/met_445164_primary_000/422dced2316b62da4368/met_445164_primary_000__marker_zip_001__002.d5b520ba..zip..jpg,170544,62,2,1,0,0,0.2258064516129032,image,0,0,0,1,0,1,1,0,0,0,10,7.932930943195743,3.4750267538187902,0.3948775682521812,0.0123839009287925,256,6,0,1,0,0,0,1,1,2,0,0,0,0.0125891265597147,0
1,met_445164_primary_000__marker_pdf_001__001.e7886ad5..jpg..pdf,data/raw/image_anomaly/anomalous/mitra/files/jpg/met_445164_primary_000/84fc5a36807ab9dc10bf/met_445164_primary_000__marker_pdf_001__001.e7886ad5..jpg..pdf,172043,62,2,1,0,0,0.2258064516129032,document,0,0,0,0,0,1,0,1,0,0,9,7.931007757947302,5.250824256483538,0.401975087623443,0.0117645007352812,256,6,0,1,0,0,0,1,1,0,0,0,0,0.0,0
1,met_445318_primary_000__marker_zip_001__001.a3e64d43..jpg..zip,data/raw/image_anomaly/anomalous/mitra/files/jpg/met_445318_primary_000/6a6eef1162f8a0a1d597/met_445318_primary_000__marker_zip_001__001.a3e64d43..jpg..zip,177897,62,2,1,0,0,0.2258064516129032,archive,0,0,0,1,0,1,0,1,0,0,3,7.895794229151657,3.4692864857807857,0.3825303405903416,0.0176731479451592,256,6,0,1,0,0,0,1,1,0,0,0,0,0.0,0
1,met_445318_primary_000__marker_zip_001__002.3cd73ce3..zip..jpg,data/raw/image_anomaly/anomalous/mitra/files/jpg/met_445318_primary_000/6a6eef1162f8a0a1d597/met_445318_primary_000__marker_zip_001__002.3cd73ce3..zip..jpg,177893,62,2,1,0,0,0.2258064516129032,image,0,0,0,1,0,1,1,0,0,0,3,7.89578759690128,3.479375680910155,0.3825333205915915,0.0176735453334307,256,6,0,1,0,0,0,1,1,2,0,0,0,0.0120690527451895,0
1,met_445318_primary_000__marker_pdf_002__001.f84029da..jpg..pdf,data/raw/image_anomaly/anomalous/mitra/files/jpg/met_445318_primary_000/6d217d0143816ddeafab/met_445318_primary_000__marker_pdf_002__001.f84029da..jpg..pdf,181183,62,2,1,0,0,0.2258064516129032,document,0,0,0,0,0,1,0,1,0,0,2,7.893912069816971,5.072845754531357,0.395268871803646,0.0168669246010939,256,6,0,1,0,0,0,1,1,0,0,0,0,0.0,0
1,met_445318_primary_000__marker_pdf_001__001.dedee934..jpg..pdf,data/raw/image_anomaly/anomalous/mitra/files/jpg/met_445318_primary_000/95f1c4a94637f2acadbe/met_445318_primary_000__marker_pdf_001__001.dedee934..jpg..pdf,179392,62,2,1,0,0,0.2258064516129032,document,0,0,0,0,0,1,0,1,0,0,2,7.894762080649394,5.250824256483538,0.3894432304673564,0.0170353193007491,256,6,0,1,0,0,0,1,1,0,0,0,0,0.0,0
1,met_445318_primary_000__marker_zip_002__001.7043283a..jpg..zip,data/raw/image_anomaly/anomalous/mitra/files/jpg/met_445318_primary_000/9e816aa4e1f0f4a08664/met_445318_primary_000__marker_zip_002__001.7043283a..jpg..zip,210383,62,2,1,0,0,0.2258064516129032,archive,0,0,0,1,0,1,0,1,0,0,3,7.922969240159072,7.988340858219542,0.3811191968932851,0.0155716003669498,256,6,0,1,0,0,0,1,1,0,0,0,0,0.0,0
1,met_445318_primary_000__marker_zip_002__002.a6239aba..zip..jpg,data/raw/image_anomaly/anomalous/mitra/files/jpg/met_445318_primary_000/9e816aa4e1f0f4a08664/met_445318_primary_000__marker_zip_002__002.a6239aba..zip..jpg,210379,62,2,1,0,0,0.2258064516129032,image,0,0,0,1,0,1,1,0,0,0,3,7.922965474241202,3.479375680910155,0.3811216899025093,0.01557189643453,256,6,0,1,0,0,0,1,1,2,0,0,0,0.156227570242277,0
1,met_445509_primary_000__marker_pdf_002__001.23fcc512..jpg..pdf,data/raw/image_anomaly/anomalous/mitra/files/jpg/met_445509_primary_000/536e91df710fa1d5cbfd/met_445509_primary_000__marker_pdf_002__001.23fcc512..jpg..pdf,109213,62,2,1,0,0,0.2258064516129032,document,0,0,0,0,0,1,0,1,0,0,5,7.952115301729799,5.072845754531357,0.3965736679699303,0.0106763846794795,256,0,0,1,0,0,0,1,1,0,0,0,0,0.0,0
1,met_445509_primary_000__marker_pdf_001__001.b97a0c84..jpg..pdf,data/raw/image_anomaly/anomalous/mitra/files/jpg/met_445509_primary_000/9d79920a08aeeb12c30a/met_445509_primary_000__marker_pdf_001__001.b97a0c84..jpg..pdf,107422,62,2,1,0,0,0.2258064516129032,document,0,0,0,0,0,1,0,1,0,0,5,7.954051592297212,5.250824256483538,0.386866749827782,0.0108543873694401,256,0,0,1,0,0,0,1,1,0,0,0,0,0.0,0
1,met_445509_primary_000__marker_zip_001__001.b7d950dc..jpg..zip,data/raw/image_anomaly/anomalous/mitra/files/jpg/met_445509_primary_000/c1e74de6e9e663fd2ccb/met_445509_primary_000__marker_zip_001__001.b7d950dc..jpg..zip,105927,62,2,1,0,0,0.2258064516129032,archive,0,0,0,1,0,1,0,1,0,0,6,7.954180849631612,7.658641393822043,0.3752206708393516,0.0118383414993344,256,0,0,1,0,0,0,1,1,0,0,0,0,0.0,0
1,met_445509_primary_000__marker_zip_001__002.37a329e9..zip..jpg,data/raw/image_anomaly/anomalous/mitra/files/jpg/met_445509_primary_000/c1e74de6e9e663fd2ccb/met_445509_primary_000__marker_zip_001__002.37a329e9..zip..jpg,105923,62,2,1,0,0,0.2258064516129032,image,0,0,0,1,0,1,1,0,0,0,6,7.954161668959785,7.668591204118024,0.3752253995827157,0.0118387885539495,256,0,0,1,0,0,0,1,1,2,0,0,0,0.0202694410090348,0
1,met_445509_primary_000__marker_zip_002__001.754b6bac..jpg..zip,data/raw/image_anomaly/anomalous/mitra/files/jpg/met_445509_primary_000/fa1a42b8fbc9862fc843/met_445509_primary_000__marker_zip_002__001.754b6bac..jpg..zip,138413,62,2,1,0,0,0.2258064516129032,archive,0,0,0,1,0,1,0,1,0,0,6,7.972908418211245,7.988340858219542,0.374791385202257,0.0100135102916633,256,0,0,1,0,0,0,1,1,0,0,0,0,0.0,0
1,met_445509_primary_000__marker_zip_002__002.30813ed8..zip..jpg,data/raw/image_anomaly/anomalous/mitra/files/jpg/met_445509_primary_000/fa1a42b8fbc9862fc843/met_445509_primary_000__marker_zip_002__002.30813ed8..zip..jpg,138409,62,2,1,0,0,0.2258064516129032,image,0,0,0,1,0,1,1,0,0,0,6,7.97290132095065,7.668591204118024,0.3747949916551669,0.0100137996806566,256,0,0,1,0,0,0,1,1,2,0,0,0,0.2374628817490192,0
1,met_448895_additional_001__marker_zip_001__001.2f8e9ba6..jpg..zip,data/raw/image_anomaly/anomalous/mitra/files/jpg/met_448895_additional_001/62086d9b7b7e23ecb268/met_448895_additional_001__marker_zip_001__001.2f8e9ba6..jpg..zip,190576,65,2,1,0,0,0.2153846153846154,archive,0,0,0,1,0,1,0,1,0,0,5,7.911320827156684,3.471787008351612,0.3951599361934346,0.010630929392998,256,6,0,1,0,0,0,1,1,0,0,0,0,0.0,0
1,met_448895_additional_001__marker_zip_001__002.e7314dfc..zip..jpg,data/raw/image_anomaly/anomalous/mitra/files/jpg/met_448895_additional_001/62086d9b7b7e23ecb268/met_448895_additional_001__marker_zip_001__002.e7314dfc..zip..jpg,190572,65,2,1,0,0,0.2153846153846154,image,0,0,0,1,0,1,1,0,0,0,5,7.911297616422394,3.484345256386974,0.3951629830195411,0.0106311525302772,256,6,0,1,0,0,0,1,1,2,0,0,0,0.0112660831601704,0
1,met_448895_additional_001__marker_pdf_001__001.25d46465..jpg..pdf,data/raw/image_anomaly/anomalous/mitra/files/jpg/met_448895_additional_001/78d275e40a9c1341415b/met_448895_additional_001__marker_pdf_001__001.25d46465..jpg..pdf,192071,65,2,1,0,0,0.2153846153846154,document,0,0,0,0,0,1,0,1,0,0,4,7.909613691125494,5.250824256483538,0.4015181885865123,0.010090018795133,256,6,0,1,0,0,0,1,1,0,0,0,0,0.0,0
1,met_448895_additional_001__marker_pdf_002__001.0466f826..jpg..pdf,data/raw/image_anomaly/anomalous/mitra/files/jpg/met_448895_additional_001/a4ef65f2071cb2ad16d6/met_448895_additional_001__marker_pdf_002__001.0466f826..jpg..pdf,193862,65,2,1,0,0,0.2153846153846154,document,0,0,0,0,0,1,0,1,0,0,4,7.908278317744569,5.072845754531357,0.406851265333072,0.0099968018487377,256,6,0,1,0,0,0,1,1,0,0,0,0,0.0,0
1,met_448895_additional_001__marker_zip_002__001.18f85f9c..jpg..zip,data/raw/image_anomaly/anomalous/mitra/files/jpg/met_448895_additional_001/b5b811a008f15deec02f/met_448895_additional_001__marker_zip_002__001.18f85f9c..jpg..zip,223062,65,2,1,0,0,0.2153846153846154,archive,0,0,0,1,0,1,0,1,0,0,5,7.934580305610968,7.988340858219542,0.3919896710331657,0.0096744402901435,256,6,0,1,0,0,0,1,1,0,0,0,0,0.0,0
1,met_448895_additional_001__marker_zip_002__002.92be376c..zip..jpg,data/raw/image_anomaly/anomalous/mitra/files/jpg/met_448895_additional_001/b5b811a008f15deec02f/met_448895_additional_001__marker_zip_002__002.92be376c..zip..jpg,223058,65,2,1,0,0,0.2153846153846154,image,0,0,0,1,0,1,1,0,0,0,5,7.934570111785328,3.484345256386974,0.3919922172708444,0.0096746137775825,256,6,0,1,0,0,0,1,1,2,0,0,0,0.1473473267042652,0
1,met_448895_primary_000__marker_pdf_001__001.4d2d844d..jpg..pdf,data/raw/image_anomaly/anomalous/mitra/files/jpg/met_448895_primary_000/6b66dbd403da6b903a57/met_448895_primary_000__marker_pdf_001__001.4d2d844d..jpg..pdf,218419,62,2,1,0,0,0.2258064516129032,document,0,0,0,0,0,1,0,1,0,0,6,7.93741684474681,5.250824256483538,0.4027763152472999,0.0087034552854834,256,6,0,1,0,0,0,1,1,0,0,0,0,0.0,0
1,met_448895_primary_000__marker_zip_001__001.c70ee683..jpg..zip,data/raw/image_anomaly/anomalous/mitra/files/jpg/met_448895_primary_000/85b1886bd0e1d8c61b28/met_448895_primary_000__marker_zip_001__001.c70ee683..jpg..zip,216924,62,2,1,0,0,0.2258064516129032,archive,0,0,0,1,0,1,0,1,0,0,7,7.939035397838832,3.471787008351612,0.3971990190112666,0.0091691099186811,256,6,0,1,0,0,0,1,1,0,0,0,0,0.0,0
1,met_448895_primary_000__marker_zip_001__002.db9dd060..zip..jpg,data/raw/image_anomaly/anomalous/mitra/files/jpg/met_448895_primary_000/85b1886bd0e1d8c61b28/met_448895_primary_000__marker_zip_001__002.db9dd060..zip..jpg,216920,62,2,1,0,0,0.2258064516129032,image,0,0,0,1,0,1,1,0,0,0,7,7.939019958100069,3.492870928958041,0.39720173335792,0.0091692789968652,256,6,0,1,0,0,0,1,1,2,0,0,0,0.0098976581228102,0
1,met_448895_primary_000__marker_zip_002__001.1834fd27..jpg..zip,data/raw/image_anomaly/anomalous/mitra/files/jpg/met_448895_primary_000/992af02e1600de6001f7/met_448895_primary_000__marker_zip_002__001.1834fd27..jpg..zip,249410,62,2,1,0,0,0.2258064516129032,archive,0,0,0,1,0,1,0,1,0,0,7,7.953317808181156,7.988340858219542,0.3940980714486187,0.008504069604266,256,6,0,1,0,0,0,1,1,0,0,0,0,0.0,0
1,met_448895_primary_000__marker_zip_002__002.27c8a1ee..zip..jpg,data/raw/image_anomaly/anomalous/mitra/files/jpg/met_448895_primary_000/992af02e1600de6001f7/met_448895_primary_000__marker_zip_002__002.27c8a1ee..zip..jpg,249406,62,2,1,0,0,0.2258064516129032,image,0,0,0,1,0,1,1,0,0,0,7,7.953309729320463,3.492870928958041,0.394100382508841,0.0085042059934404,256,6,0,1,0,0,0,1,1,2,0,0,0,0.1317811119219264,0
1,met_448895_primary_000__marker_pdf_002__001.adbc6dec..jpg..pdf,data/raw/image_anomaly/anomalous/mitra/files/jpg/met_448895_primary_000/d9a6e341dffd91a562b2/met_448895_primary_000__marker_pdf_002__001.adbc6dec..jpg..pdf,220210,62,2,1,0,0,0.2258064516129032,document,0,0,0,0,0,1,0,1,0,0,6,7.936024464757467,5.072845754531357,0.4074610598973707,0.00863266881613,256,6,0,1,0,0,0,1,1,0,0,0,0,0.0,0
1,met_449740_primary_000__marker_pdf_001__001.b41dbf1f..jpg..pdf,data/raw/image_anomaly/anomalous/mitra/files/jpg/met_449740_primary_000/03116bc41bdbc2ea8581/met_449740_primary_000__marker_pdf_001__001.b41dbf1f..jpg..pdf,2292288,62,2,1,0,0,0.2258064516129032,document,0,0,0,0,0,1,0,1,0,0,38,7.957473085477977,5.250824256483538,0.3728466929111874,0.0137731384538068,256,8,0,0,2,0,0,0,2,0,0,0,0,0.0,0
1,met_449740_primary_000__marker_zip_001__001.ce54c036..jpg..zip,data/raw/image_anomaly/anomalous/mitra/files/jpg/met_449740_primary_000/28f8fcfaa8434781ee30/met_449740_primary_000__marker_zip_001__001.ce54c036..jpg..zip,2290793,62,2,1,0,0,0.2258064516129032,archive,0,0,0,1,0,1,0,1,0,0,39,7.957432683300022,1.7449469796092203,0.3722990248355046,0.0138205416203035,256,8,0,0,2,0,0,0,2,0,0,0,0,0.0,0
1,met_449740_primary_000__marker_zip_001__002.3f4084e8..zip..jpg,data/raw/image_anomaly/anomalous/mitra/files/jpg/met_449740_primary_000/28f8fcfaa8434781ee30/met_449740_primary_000__marker_zip_001__002.3f4084e8..zip..jpg,2290789,62,2,1,0,0,0.2258064516129032,image,0,0,0,1,0,1,1,0,0,0,39,7.957432242571466,0.3116886771733481,0.3722992383846788,0.0138205657526729,256,8,0,0,2,0,0,0,2,2,0,0,0,0.0009372316699617,0
1,met_449740_primary_000__marker_pdf_002__001.bf099d82..jpg..pdf,data/raw/image_anomaly/anomalous/mitra/files/jpg/met_449740_primary_000/31236ffb814f3b63aae8/met_449740_primary_000__marker_pdf_002__001.bf099d82..jpg..pdf,2294079,62,2,1,0,0,0.2258064516129032,document,0,0,0,0,0,1,0,1,0,0,38,7.957476066557912,5.072845754531357,0.3733197505404129,0.0137623856894204,256,8,0,0,2,0,0,0,2,0,0,0,0,0.0,0
1,met_449740_primary_000__marker_zip_002__001.ac70213d..jpg..zip,data/raw/image_anomaly/anomalous/mitra/files/jpg/met_449740_primary_000/c19eebfb7a8d4c298024/met_449740_primary_000__marker_zip_002__001.ac70213d..jpg..zip,2323279,62,2,1,0,0,0.2258064516129032,archive,0,0,0,1,0,1,0,1,0,0,39,7.958551372757404,7.988340858219542,0.3723143023287345,0.0136841076771235,256,8,0,0,2,0,0,0,2,0,0,0,0,0.0,0
1,met_449740_primary_000__marker_zip_002__002.9dd2a2f5..zip..jpg,data/raw/image_anomaly/anomalous/mitra/files/jpg/met_449740_primary_000/c19eebfb7a8d4c298024/met_449740_primary_000__marker_zip_002__002.9dd2a2f5..zip..jpg,2323275,62,2,1,0,0,0.2258064516129032,image,0,0,0,1,0,1,1,0,0,0,39,7.958551057696503,0.3116886771733481,0.3723145129181866,0.0136841312371544,256,8,0,0,2,0,0,0,2,2,0,0,0,0.0141468401286976,0
1,met_451618_primary_000__marker_zip_002__001.653651e8..jpg..zip,data/raw/image_anomaly/anomalous/mitra/files/jpg/met_451618_primary_000/242dea407e8168c6ce1a/met_451618_primary_000__marker_zip_002__001.653651e8..jpg..zip,88517,62,2,1,0,0,0.2258064516129032,archive,0,0,0,1,0,1,0,1,0,0,4,7.912989578760365,7.988340858219542,0.3553893602358869,0.036241625902369,256,0,0,1,0,0,0,1,1,2,0,0,0,0.3713072065253002,0
1,met_451618_primary_000__marker_zip_002__002.05df248b..zip..jpg,data/raw/image_anomaly/anomalous/mitra/files/jpg/met_451618_primary_000/242dea407e8168c6ce1a/met_451618_primary_000__marker_zip_002__002.05df248b..zip..jpg,88513,62,2,1,0,0,0.2258064516129032,image,0,0,0,1,0,1,1,0,0,0,4,7.912982665345486,6.529079207586505,0.3553941228972015,0.0362432637013772,256,0,0,1,0,0,0,1,1,2,0,0,0,0.3713239863070961,0
1,met_451618_primary_000__marker_pdf_002__001.f5f95520..jpg..pdf,data/raw/image_anomaly/anomalous/mitra/files/jpg/met_451618_primary_000/733200503e60905450c0/met_451618_primary_000__marker_pdf_002__001.f5f95520..jpg..pdf,59317,62,2,1,0,0,0.2258064516129032,document,0,0,0,0,0,1,0,1,0,0,3,7.831257027366264,5.072845754531357,0.3859433214761367,0.0503734174014194,256,0,0,1,0,0,0,1,1,0,0,0,0,0.0,0
1,met_451618_primary_000__marker_pdf_001__001.1f61306e..jpg..pdf,data/raw/image_anomaly/anomalous/mitra/files/jpg/met_451618_primary_000/a359d9c2ed4f8c1a9bc5/met_451618_primary_000__marker_pdf_001__001.1f61306e..jpg..pdf,57526,62,2,1,0,0,0.2258064516129032,document,0,0,0,0,0,1,0,1,0,0,3,7.829672391775034,5.250824256483538,0.3674860063275736,0.0519417306956854,256,0,0,1,0,0,0,1,1,0,0,0,0,0.0,0
1,met_451618_primary_000__marker_zip_001__001.6ffee0c7..jpg..zip,data/raw/image_anomaly/anomalous/mitra/files/jpg/met_451618_primary_000/c60d8d9be2ba71957dc0/met_451618_primary_000__marker_zip_001__001.6ffee0c7..jpg..zip,56031,62,2,1,0,0,0.2258064516129032,archive,0,0,0,1,0,1,0,1,0,0,4,7.820620306205942,6.539439732975519,0.3449519016258857,0.0548981813638878,256,0,0,1,0,0,0,1,1,2,0,0,0,0.0383180739233638,0
1,met_451618_primary_000__marker_zip_001__002.7c1dd146..zip..jpg,data/raw/image_anomaly/anomalous/mitra/files/jpg/met_451618_primary_000/c60d8d9be2ba71957dc0/met_451618_primary_000__marker_zip_001__002.7c1dd146..zip..jpg,56027,62,2,1,0,0,0.2258064516129032,image,0,0,0,1,0,1,1,0,0,0,4,7.820620307986139,6.529079207586505,0.3449586806361219,0.0549021007728416,256,0,0,1,0,0,0,1,1,2,0,0,0,0.0383208096096524,0
1,met_45636_primary_000__marker_pdf_002__001.f058be7a..jpg..pdf,data/raw/image_anomaly/anomalous/mitra/files/jpg/met_45636_primary_000/34d85095e310f02e9907/met_45636_primary_000__marker_pdf_002__001.f058be7a..jpg..pdf,2402786,61,2,1,0,0,0.2295081967213114,document,0,0,0,0,0,1,0,1,0,0,27,7.981558341723043,5.072845754531357,0.3703122125732379,0.0096475508014446,256,0,0,0,0,0,0,0,0,0,0,0,0,0.0,0
1,met_45636_primary_000__marker_pdf_001__001.1e540869..jpg..pdf,data/raw/image_anomaly/anomalous/mitra/files/jpg/met_45636_primary_000/60c9fecab4139c837275/met_45636_primary_000__marker_pdf_001__001.1e540869..jpg..pdf,2400995,61,2,1,0,0,0.2295081967213114,document,0,0,0,0,0,1,0,1,0,0,27,7.981538095731131,5.250824256483538,0.3698583295675334,0.0096547473026807,256,0,0,0,0,0,0,0,0,0,0,0,0,0.0,0
1,met_45636_primary_000__marker_zip_001__001.fbebdcd1..jpg..zip,data/raw/image_anomaly/anomalous/mitra/files/jpg/met_45636_primary_000/6690d568e7c618609243/met_45636_primary_000__marker_zip_001__001.fbebdcd1..jpg..zip,2399500,61,2,1,0,0,0.2295081967213114,archive,0,0,0,1,0,1,0,1,0,0,28,7.981466957875837,7.76229559651814,0.3693336111689935,0.0096974369660345,256,0,0,0,0,0,0,0,0,0,0,0,0,0.0,0
1,met_45636_primary_000__marker_zip_001__002.792a3b39..zip..jpg,data/raw/image_anomaly/anomalous/mitra/files/jpg/met_45636_primary_000/6690d568e7c618609243/met_45636_primary_000__marker_zip_001__002.792a3b39..zip..jpg,2399496,61,2,1,0,0,0.2295081967213114,image,0,0,0,1,0,1,1,0,0,0,28,7.981466958772267,7.812486322700033,0.369333810100121,0.0096974531318243,256,0,0,0,0,0,0,0,0,2,0,0,0,0.0008947712352927,0
1,met_45636_primary_000__marker_zip_002__001.90cdd07b..jpg..zip,data/raw/image_anomaly/anomalous/mitra/files/jpg/met_45636_primary_000/8a90af7c72d01f122e71/met_45636_primary_000__marker_zip_002__001.90cdd07b..jpg..zip,2431986,61,2,1,0,0,0.2295081967213114,archive,0,0,0,1,0,1,0,1,0,0,28,7.98194257400697,7.988340858219542,0.3693878171996056,0.0096221771013484,256,0,0,0,0,0,0,0,0,0,0,0,0,0.0,0
1,met_45636_primary_000__marker_zip_002__002.400e1d2d..zip..jpg,data/raw/image_anomaly/anomalous/mitra/files/jpg/met_45636_primary_000/8a90af7c72d01f122e71/met_45636_primary_000__marker_zip_002__002.400e1d2d..zip..jpg,2431982,61,2,1,0,0,0.2295081967213114,image,0,0,0,1,0,1,1,0,0,0,28,7.981942445329276,7.812486322700033,0.3693880135626003,0.0096221929274147,256,0,0,0,0,0,0,0,0,2,0,0,0,0.0135144914723875,0
1,met_45709_additional_001__marker_zip_002__001.86b0db33..jpg..zip,data/raw/image_anomaly/anomalous/mitra/files/jpg/met_45709_additional_001/2f60ddb746bdbe68b7d5/met_45709_additional_001__marker_zip_002__001.86b0db33..jpg..zip,2014780,64,2,1,0,0,0.21875,archive,0,0,0,1,0,1,0,1,0,0,28,7.954930230222035,7.988340858219542,0.3834805785247024,0.0095732536554859,256,24,0,0,0,0,0,0,0,0,0,0,0,0.0,0
1,met_45709_additional_001__marker_zip_002__002.f0354ddf..zip..jpg,data/raw/image_anomaly/anomalous/mitra/files/jpg/met_45709_additional_001/2f60ddb746bdbe68b7d5/met_45709_additional_001__marker_zip_002__002.f0354ddf..zip..jpg,2014776,64,2,1,0,0,0.21875,image,0,0,0,1,0,1,1,0,0,0,28,7.954929331246041,5.246019764071648,0.383480843528015,0.0095732726615762,256,24,0,0,0,0,0,0,0,2,0,0,0,0.0163129797059325,0
1,met_45709_additional_001__marker_pdf_002__001.585da9b6..jpg..pdf,data/raw/image_anomaly/anomalous/mitra/files/jpg/met_45709_additional_001/7586a00be048bd588979/met_45709_additional_001__marker_pdf_002__001.585da9b6..jpg..pdf,1985580,64,2,1,0,0,0.21875,document,0,0,0,0,0,1,0,1,0,0,27,7.953396262482931,5.072845754531357,0.3848064545372133,0.0096032393557549,256,24,0,0,0,0,0,0,0,0,0,0,0,0.0,0
1,met_45709_additional_001__marker_pdf_001__001.b075cd44..jpg..pdf,data/raw/image_anomaly/anomalous/mitra/files/jpg/met_45709_additional_001/9db55b9d2bc52dda4580/met_45709_additional_001__marker_pdf_001__001.b075cd44..jpg..pdf,1983789,64,2,1,0,0,0.21875,document,0,0,0,0,0,1,0,1,0,0,27,7.95342542162576,5.250824256483538,0.3842702021233105,0.009611909331083,256,24,0,0,0,0,0,0,0,0,0,0,0,0.0,0
1,met_45709_additional_001__marker_zip_001__001.b01505ba..jpg..zip,data/raw/image_anomaly/anomalous/mitra/files/jpg/met_45709_additional_001/f3badbef679ef19bfc74/met_45709_additional_001__marker_zip_001__001.b01505ba..jpg..zip,1982294,64,2,1,0,0,0.21875,archive,0,0,0,1,0,1,0,1,0,0,28,7.953456355066311,5.591906461641015,0.3836459173059092,0.0096635514207277,256,24,0,0,0,0,0,0,0,0,0,0,0,0.0,0
1,met_45709_additional_001__marker_zip_001__002.eebfb3af..zip..jpg,data/raw/image_anomaly/anomalous/mitra/files/jpg/met_45709_additional_001/f3badbef679ef19bfc74/met_45709_additional_001__marker_zip_001__002.eebfb3af..zip..jpg,1982290,64,2,1,0,0,0.21875,image,0,0,0,1,0,1,1,0,0,0,28,7.953454952005333,5.246019764071648,0.3836461869857589,0.009663570920501,256,24,0,0,0,0,0,0,0,2,0,0,0,0.0010830907687573,0
1,met_45709_primary_000__marker_pdf_001__001.3489f2e4..jpg..pdf,data/raw/image_anomaly/anomalous/mitra/files/jpg/met_45709_primary_000/2f78c1065e0e247ef33b/met_45709_primary_000__marker_pdf_001__001.3489f2e4..jpg..pdf,2284761,61,2,1,0,0,0.2295081967213114,document,0,0,0,0,0,1,0,1,0,0,24,7.966485064457241,5.250824256483538,0.3786680532449564,0.0095261605043153,256,24,0,0,0,0,0,0,0,0,0,0,0,0.0,0
1,met_45709_primary_000__marker_zip_002__001.d26c2d04..jpg..zip,data/raw/image_anomaly/anomalous/mitra/files/jpg/met_45709_primary_000/66c3f8ba43ccaa216a55/met_45709_primary_000__marker_zip_002__001.d26c2d04..jpg..zip,2315752,61,2,1,0,0,0.2295081967213114,archive,0,0,0,1,0,1,0,1,0,0,25,7.96740594041903,7.988340858219542,0.3780560267247961,0.0094936763522173,256,24,0,0,0,0,0,0,0,0,0,0,0,0.0,0
1,met_45709_primary_000__marker_zip_002__002.c0b86bc7..zip..jpg,data/raw/image_anomaly/anomalous/mitra/files/jpg/met_45709_primary_000/66c3f8ba43ccaa216a55/met_45709_primary_000__marker_zip_002__002.c0b86bc7..zip..jpg,2315748,61,2,1,0,0,0.2295081967213114,image,0,0,0,1,0,1,1,0,0,0,25,7.967405543705231,5.24984145337619,0.3780562479164399,0.0094936927506792,256,24,0,0,0,0,0,0,0,2,0,0,0,0.0141928223623641,0
1,met_45709_primary_000__marker_pdf_002__001.7cb169b7..jpg..pdf,data/raw/image_anomaly/anomalous/mitra/files/jpg/met_45709_primary_000/e01c7798d7bbe9393535/met_45709_primary_000__marker_pdf_002__001.7cb169b7..jpg..pdf,2286552,61,2,1,0,0,0.2295081967213114,document,0,0,0,0,0,1,0,1,0,0,24,7.966470962199876,5.072845754531357,0.3791381083832775,0.0095186988968543,256,24,0,0,0,0,0,0,0,0,0,0,0,0.0,0
1,met_45709_primary_000__marker_zip_001__001.39e263b4..jpg..zip,data/raw/image_anomaly/anomalous/mitra/files/jpg/met_45709_primary_000/ecc1fd2843d0168d146a/met_45709_primary_000__marker_zip_001__001.39e263b4..jpg..zip,2283266,61,2,1,0,0,0.2295081967213114,archive,0,0,0,1,0,1,0,1,0,0,25,7.966493221264163,5.595846780194937,0.3781223913464309,0.0095709391722208,256,24,0,0,0,0,0,0,0,0,0,0,0,0.0,0
1,met_45709_primary_000__marker_zip_001__002.666c5e72..zip..jpg,data/raw/image_anomaly/anomalous/mitra/files/jpg/met_45709_primary_000/ecc1fd2843d0168d146a/met_45709_primary_000__marker_zip_001__002.666c5e72..zip..jpg,2283262,61,2,1,0,0,0.2295081967213114,image,0,0,0,1,0,1,1,0,0,0,25,7.966492526218582,5.24984145337619,0.378122615801428,0.0095709559393534,256,24,0,0,0,0,0,0,0,2,0,0,0,0.0009403213472654,0
1,met_460184_primary_000__marker_pdf_002__001.1d230a96..jpg..pdf,data/raw/image_anomaly/anomalous/mitra/files/jpg/met_460184_primary_000/08de4fb46b7617dec752/met_460184_primary_000__marker_pdf_002__001.1d230a96..jpg..pdf,1713469,62,2,1,0,0,0.2258064516129032,document,0,0,0,0,0,1,0,1,0,0,27,7.939416428128658,5.072845754531357,0.3749312068091106,0.0120947621462658,256,20,0,0,0,0,0,0,0,0,0,0,0,0.0,0
1,met_460184_primary_000__marker_pdf_001__001.5f65b8aa..jpg..pdf,data/raw/image_anomaly/anomalous/mitra/files/jpg/met_460184_primary_000/68086e09fa107bcba4c4/met_460184_primary_000__marker_pdf_001__001.5f65b8aa..jpg..pdf,1711678,62,2,1,0,0,0.2258064516129032,document,0,0,0,0,0,1,0,1,0,0,27,7.939345532346448,5.250824256483538,0.3742993717276263,0.0121074173997679,256,20,0,0,0,0,0,0,0,0,0,0,0,0.0,0
1,met_460184_primary_000__marker_zip_002__001.7be8aa47..jpg..zip,data/raw/image_anomaly/anomalous/mitra/files/jpg/met_460184_primary_000/b408351086fb07935c64/met_460184_primary_000__marker_zip_002__001.7be8aa47..jpg..zip,1742669,62,2,1,0,0,0.2258064516129032,archive,0,0,0,1,0,1,0,1,0,0,28,7.941421440974077,7.988340858219542,0.3735637691380291,0.0120183465706912,256,20,0,0,0,0,0,0,0,0,0,0,0,0.0,0
1,met_460184_primary_000__marker_zip_002__002.135a0a8c..zip..jpg,data/raw/image_anomaly/anomalous/mitra/files/jpg/met_460184_primary_000/b408351086fb07935c64/met_460184_primary_000__marker_zip_002__002.135a0a8c..zip..jpg,1742665,62,2,1,0,0,0.2258064516129032,image,0,0,0,1,0,1,1,0,0,0,28,7.941420470847905,4.96443703018508,0.3735640527582754,0.012018374156823,256,20,0,0,0,0,0,0,0,2,0,0,0,0.0188601940131924,0
1,met_460184_primary_000__marker_zip_001__001.5c660495..jpg..zip,data/raw/image_anomaly/anomalous/mitra/files/jpg/met_460184_primary_000/c0447010bc1c7e3f0a62/met_460184_primary_000__marker_zip_001__001.5c660495..jpg..zip,1710183,62,2,1,0,0,0.2258064516129032,archive,0,0,0,1,0,1,0,1,0,0,28,7.939227677193533,5.661448863574967,0.373567039316845,0.0121694578884248,256,20,0,0,0,0,0,0,0,0,0,0,0,0.0,0
1,met_460184_primary_000__marker_zip_001__002.4f0190e3..zip..jpg,data/raw/image_anomaly/anomalous/mitra/files/jpg/met_460184_primary_000/c0447010bc1c7e3f0a62/met_460184_primary_000__marker_zip_001__002.4f0190e3..zip..jpg,1710179,62,2,1,0,0,0.2258064516129032,image,0,0,0,1,0,1,1,0,0,0,28,7.9392264277348,4.96443703018508,0.3735673283322974,0.0121694863520134,256,20,0,0,0,0,0,0,0,2,0,0,0,0.0012554241398122,0
1,met_460672_additional_001__marker_zip_002__001.d3ee081d..jpg..zip,data/raw/image_anomaly/anomalous/mitra/files/jpg/met_460672_additional_001/0e477f596037cbce3afc/met_460672_additional_001__marker_zip_002__001.d3ee081d..jpg..zip,330891,65,2,1,0,0,0.2153846153846154,archive,0,0,0,1,0,1,0,1,0,0,13,7.954231782014078,7.988340858219542,0.3925068980419534,0.0057541607357105,256,6,0,0,0,0,0,0,0,0,0,0,0,0.0,0
1,met_460672_additional_001__marker_zip_002__002.29d8b90f..zip..jpg,data/raw/image_anomaly/anomalous/mitra/files/jpg/met_460672_additional_001/0e477f596037cbce3afc/met_460672_additional_001__marker_zip_002__002.29d8b90f..zip..jpg,330887,65,2,1,0,0,0.2153846153846154,image,0,0,0,1,0,1,1,0,0,0,13,7.954225618543185,2.885564336937789,0.392508620767815,0.0057542302961433,256,6,0,0,0,0,0,0,0,2,0,0,0,0.0993299827433534,0
1,met_460672_additional_001__marker_pdf_002__001.edf44783..jpg..pdf,data/raw/image_anomaly/anomalous/mitra/files/jpg/met_460672_additional_001/33c72ef3c21f305def47/met_460672_additional_001__marker_pdf_002__001.edf44783..jpg..pdf,301691,65,2,1,0,0,0.2153846153846154,document,0,0,0,0,0,1,0,1,0,0,12,7.941940793763224,5.072845754531357,0.4021067913858882,0.0055818701916861,256,6,0,0,0,0,0,0,0,0,0,0,0,0.0,0
1,met_460672_additional_001__marker_zip_001__001.a451674f..jpg..zip,data/raw/image_anomaly/anomalous/mitra/files/jpg/met_460672_additional_001/894a422adfd0629a4cf1/met_460672_additional_001__marker_zip_001__001.a451674f..jpg..zip,298405,65,2,1,0,0,0.2153846153846154,archive,0,0,0,1,0,1,0,1,0,0,13,7.943921029192565,4.163701180829404,0.3945878922940299,0.0059382383002965,256,6,0,0,0,0,0,0,0,0,0,0,0,0.0,0
1,met_460672_additional_001__marker_zip_001__002.6b38b10c..zip..jpg,data/raw/image_anomaly/anomalous/mitra/files/jpg/met_460672_additional_001/894a422adfd0629a4cf1/met_460672_additional_001__marker_zip_001__002.6b38b10c..zip..jpg,298401,65,2,1,0,0,0.2153846153846154,image,0,0,0,1,0,1,1,0,0,0,13,7.943912689657313,2.885564336937789,0.3945898304630346,0.0059383179010794,256,6,0,0,0,0,0,0,0,2,0,0,0,0.0071950161024929,0
1,met_460672_additional_001__marker_pdf_001__001.6ace7a0f..jpg..pdf,data/raw/image_anomaly/anomalous/mitra/files/jpg/met_460672_additional_001/aa47a026dd1cb5aa305f/met_460672_additional_001__marker_pdf_001__001.6ace7a0f..jpg..pdf,299900,65,2,1,0,0,0.2153846153846154,document,0,0,0,0,0,1,0,1,0,0,12,7.942727819660329,5.250824256483538,0.3986628876292097,0.0056152050683561,256,6,0,0,0,0,0,0,0,0,0,0,0,0.0,0
1,met_460672_primary_000__marker_zip_002__001.583fbfb3..jpg..zip,data/raw/image_anomaly/anomalous/mitra/files/jpg/met_460672_primary_000/0b0a01d042d7e7ed2711/met_460672_primary_000__marker_zip_002__001.583fbfb3..jpg..zip,1436423,62,2,1,0,0,0.2258064516129032,archive,0,0,0,1,0,1,0,1,0,0,21,7.885444115410562,7.988340858219542,0.3626814663925598,0.0151306404868203,256,14,0,0,0,0,0,0,0,0,0,0,0,0.0,0
1,met_460672_primary_000__marker_zip_002__002.1fb5cce3..zip..jpg,data/raw/image_anomaly/anomalous/mitra/files/jpg/met_460672_primary_000/0b0a01d042d7e7ed2711/met_460672_primary_000__marker_zip_002__002.1fb5cce3..zip..jpg,1436419,62,2,1,0,0,0.2258064516129032,image,0,0,0,1,0,1,1,0,0,0,21,7.885442954389245,5.232532949983701,0.3626817801769539,0.0151306826211571,256,14,0,0,0,0,0,0,0,2,0,0,0,0.0228812066674138,0
1,met_460672_primary_000__marker_pdf_002__001.3da73223..jpg..pdf,data/raw/image_anomaly/anomalous/mitra/files/jpg/met_460672_primary_000/179536244b8a8c3629fe/met_460672_primary_000__marker_pdf_002__001.3da73223..jpg..pdf,1407223,62,2,1,0,0,0.2258064516129032,document,0,0,0,0,0,1,0,1,0,0,20,7.880661153432689,5.072845754531357,0.3641206830758167,0.0152882663231058,256,14,0,0,0,0,0,0,0,0,0,0,0,0.0,0
1,met_460672_primary_000__marker_pdf_001__001.fc98df4b..jpg..pdf,data/raw/image_anomaly/anomalous/mitra/files/jpg/met_460672_primary_000/1c289f3335dfca2979f1/met_460672_primary_000__marker_pdf_001__001.fc98df4b..jpg..pdf,1405432,62,2,1,0,0,0.2258064516129032,document,0,0,0,0,0,1,0,1,0,0,20,7.880462490873374,5.250824256483538,0.3633373937693179,0.0153077487918305,256,14,0,0,0,0,0,0,0,0,0,0,0,0.0,0
1,met_460672_primary_000__marker_zip_001__001.afb1584e..jpg..zip,data/raw/image_anomaly/anomalous/mitra/files/jpg/met_460672_primary_000/26aa72dfb56c17d6ce6f/met_460672_primary_000__marker_zip_001__001.afb1584e..jpg..zip,1403937,62,2,1,0,0,0.2258064516129032,archive,0,0,0,1,0,1,0,1,0,0,21,7.880266176699305,5.580554740701072,0.3624336419654158,0.0153867303162463,256,14,0,0,0,0,0,0,0,0,0,0,0,0.0,0
1,met_460672_primary_000__marker_zip_001__002.d8eecd3e..zip..jpg,data/raw/image_anomaly/anomalous/mitra/files/jpg/met_460672_primary_000/26aa72dfb56c17d6ce6f/met_460672_primary_000__marker_zip_001__002.d8eecd3e..zip..jpg,1403933,62,2,1,0,0,0.2258064516129032,image,0,0,0,1,0,1,1,0,0,0,21,7.880265059377858,5.232532949983701,0.3624339623044689,0.0153867741551769,256,14,0,0,0,0,0,0,0,2,0,0,0,0.0015292752574374,0
1,met_461203_primary_000__marker_zip_001__001.4dfc46c5..jpg..zip,data/raw/image_anomaly/anomalous/mitra/files/jpg/met_461203_primary_000/2d30601a76b762d57acc/met_461203_primary_000__marker_zip_001__001.4dfc46c5..jpg..zip,270563,62,2,1,0,0,0.2258064516129032,archive,0,0,0,1,0,1,0,1,0,0,4,7.866925288787292,1.6362361360176514,0.3629727641990959,0.0317633970646392,256,7,0,1,0,0,0,1,1,0,0,0,0,0.0,0
1,met_461203_primary_000__marker_zip_001__002.6de00bc1..zip..jpg,data/raw/image_anomaly/anomalous/mitra/files/jpg/met_461203_primary_000/2d30601a76b762d57acc/met_461203_primary_000__marker_zip_001__002.6de00bc1..zip..jpg,270559,62,2,1,0,0,0.2258064516129032,image,0,0,0,1,0,1,1,0,0,0,4,7.86692246866961,0.1757402266528623,0.3629744344117179,0.0317638666612457,256,7,0,1,0,0,0,1,1,2,0,0,0,0.0079354225880491,0
1,met_461203_primary_000__marker_zip_002__001.d440a2b0..jpg..zip,data/raw/image_anomaly/anomalous/mitra/files/jpg/met_461203_primary_000/7f73930f783983f7cc44/met_461203_primary_000__marker_zip_002__001.d440a2b0..jpg..zip,303049,62,2,1,0,0,0.2258064516129032,archive,0,0,0,1,0,1,0,1,0,0,4,7.891010667422401,7.988340858219542,0.3640896356694792,0.0287940234087556,256,7,0,1,0,0,0,1,1,0,0,0,0,0.0,0
1,met_461203_primary_000__marker_zip_002__002.8d4910ac..zip..jpg,data/raw/image_anomaly/anomalous/mitra/files/jpg/met_461203_primary_000/7f73930f783983f7cc44/met_461203_primary_000__marker_zip_002__002.8d4910ac..zip..jpg,303045,62,2,1,0,0,0.2258064516129032,image,0,0,0,1,0,1,1,0,0,0,4,7.891010076038843,0.1757402266528623,0.3640911415796334,0.0287944034714316,256,7,0,1,0,0,0,1,1,2,0,0,0,0.1084558398917652,0
1,met_461203_primary_000__marker_pdf_001__001.ed1a0243..jpg..pdf,data/raw/image_anomaly/anomalous/mitra/files/jpg/met_461203_primary_000/970e0791b12eda7e74b9/met_461203_primary_000__marker_pdf_001__001.ed1a0243..jpg..pdf,272058,62,2,1,0,0,0.2258064516129032,document,0,0,0,0,0,1,0,1,0,0,3,7.867752426309329,5.250824256483538,0.3676385182571363,0.0312653919384837,256,7,0,1,0,0,0,1,1,0,0,0,0,0.0,0
1,met_461203_primary_000__marker_pdf_002__001.9cd6fac0..jpg..pdf,data/raw/image_anomaly/anomalous/mitra/files/jpg/met_461203_primary_000/e3b5e265336b5d755eee/met_461203_primary_000__marker_pdf_002__001.9cd6fac0..jpg..pdf,273849,62,2,1,0,0,0.2258064516129032,document,0,0,0,0,0,1,0,1,0,0,3,7.86840128306868,5.072845754531357,0.3716354633392855,0.031060913130959,256,7,0,1,0,0,0,1,1,0,0,0,0,0.0,0
1,met_46803_primary_000__marker_pdf_001__001.eb91a74b..jpg..pdf,data/raw/image_anomaly/anomalous/mitra/files/jpg/met_46803_primary_000/424c7b8c0eb29b0dfb6b/met_46803_primary_000__marker_pdf_001__001.eb91a74b..jpg..pdf,1578894,61,2,1,0,0,0.2295081967213114,document,0,0,0,0,0,1,0,1,0,0,40,7.931964977534931,5.250824256483538,0.3686270262601542,0.0135341574545219,256,11,0,0,0,0,0,0,0,0,0,0,0,0.0,0
1,met_46803_primary_000__marker_zip_002__001.a0971660..jpg..zip,data/raw/image_anomaly/anomalous/mitra/files/jpg/met_46803_primary_000/bf3ef114556c42281b77/met_46803_primary_000__marker_zip_002__001.a0971660..jpg..zip,1609885,61,2,1,0,0,0.2295081967213114,archive,0,0,0,1,0,1,0,1,0,0,41,7.934542649531532,7.988340858219542,0.367939946020989,0.0134102746469468,256,11,0,0,0,0,0,0,0,0,0,0,0,0.0,0
1,met_46803_primary_000__marker_zip_002__002.1c7366cd..zip..jpg,data/raw/image_anomaly/anomalous/mitra/files/jpg/met_46803_primary_000/bf3ef114556c42281b77/met_46803_primary_000__marker_zip_002__002.1c7366cd..zip..jpg,1609881,61,2,1,0,0,0.2295081967213114,image,0,0,0,1,0,1,1,0,0,0,41,7.934541566279637,3.039955513051061,0.367940239061148,0.0134103079668621,256,11,0,0,0,0,0,0,0,2,0,0,0,0.0204157947078075,0
1,met_46803_primary_000__marker_pdf_002__001.baa4d587..jpg..pdf,data/raw/image_anomaly/anomalous/mitra/files/jpg/met_46803_primary_000/cada20ae53ef298adc72/met_46803_primary_000__marker_pdf_002__001.baa4d587..jpg..pdf,1580685,61,2,1,0,0,0.2295081967213114,document,0,0,0,0,0,1,0,1,0,0,40,7.932009249002663,5.072845754531357,0.3693183651391643,0.0135188225357993,256,11,0,0,0,0,0,0,0,0,0,0,0,0.0,0
1,met_46803_primary_000__marker_zip_001__001.9a845610..jpg..zip,data/raw/image_anomaly/anomalous/mitra/files/jpg/met_46803_primary_000/f1c7c426e059c3dc3af4/met_46803_primary_000__marker_zip_001__001.9a845610..jpg..zip,1577399,61,2,1,0,0,0.2295081967213114,archive,0,0,0,1,0,1,0,1,0,0,41,7.931913638560068,4.336252599025103,0.3678276707415182,0.013602772665635,256,11,0,0,0,0,0,0,0,0,0,0,0,0.0,0
1,met_46803_primary_000__marker_zip_001__002.88d27b85..zip..jpg,data/raw/image_anomaly/anomalous/mitra/files/jpg/met_46803_primary_000/f1c7c426e059c3dc3af4/met_46803_primary_000__marker_zip_001__002.88d27b85..zip..jpg,1577395,61,2,1,0,0,0.2295081967213114,image,0,0,0,1,0,1,1,0,0,0,41,7.931912748123525,3.039955513051061,0.3678279695320449,0.013602807159906,256,11,0,0,0,0,0,0,0,2,0,0,0,0.0013611048595944,0
1,met_46879_additional_001__marker_pdf_002__001.29f1749e..jpg..pdf,data/raw/image_anomaly/anomalous/mitra/files/jpg/met_46879_additional_001/1505c433918e7bb7e4ad/met_46879_additional_001__marker_pdf_002__001.29f1749e..jpg..pdf,1226341,64,2,1,0,0,0.21875,document,0,0,0,0,0,1,0,1,0,0,19,7.895533100059694,5.072845754531357,0.3662146173046485,0.0145391860828268,256,11,0,0,0,0,0,0,0,0,0,0,0,0.0,0
1,met_46879_additional_001__marker_zip_002__001.97569212..jpg..zip,data/raw/image_anomaly/anomalous/mitra/files/jpg/met_46879_additional_001/47c8c5819ec7083d790c/met_46879_additional_001__marker_zip_002__001.97569212..jpg..zip,1255541,64,2,1,0,0,0.21875,archive,0,0,0,1,0,1,0,1,0,0,20,7.900450342372596,7.988340858219542,0.3645193585872544,0.0143762728576764,256,11,0,0,0,0,0,0,0,0,0,0,0,0.0,0
1,met_46879_additional_001__marker_zip_002__002.2a693782..zip..jpg,data/raw/image_anomaly/anomalous/mitra/files/jpg/met_46879_additional_001/47c8c5819ec7083d790c/met_46879_additional_001__marker_zip_002__002.2a693782..zip..jpg,1255537,64,2,1,0,0,0.21875,image,0,0,0,1,0,1,1,0,0,0,20,7.900448754579588,3.0386943819715864,0.3645197234330808,0.0143763186588686,256,11,0,0,0,0,0,0,0,2,0,0,0,0.0261776435103067,0
1,met_46879_additional_001__marker_pdf_001__001.7cd8c77b..jpg..pdf,data/raw/image_anomaly/anomalous/mitra/files/jpg/met_46879_additional_001/984c4a1202954a60e5a5/met_46879_additional_001__marker_pdf_001__001.7cd8c77b..jpg..pdf,1224550,64,2,1,0,0,0.21875,document,0,0,0,0,0,1,0,1,0,0,19,7.895361699312906,5.250824256483538,0.3653186884978155,0.0145604507778367,256,11,0,0,0,0,0,0,0,0,0,0,0,0.0,0
1,met_46879_additional_001__marker_zip_001__001.8a0a2861..jpg..zip,data/raw/image_anomaly/anomalous/mitra/files/jpg/met_46879_additional_001/b32e2771a669c97ec0f2/met_46879_additional_001__marker_zip_001__001.8a0a2861..jpg..zip,1223055,64,2,1,0,0,0.21875,archive,0,0,0,1,0,1,0,1,0,0,20,7.895207573672576,4.334252156645924,0.364283699424801,0.0146501997048374,256,11,0,0,0,0,0,0,0,0,0,0,0,0.0,0
1,met_46879_additional_001__marker_zip_001__002.608ab781..zip..jpg,data/raw/image_anomaly/anomalous/mitra/files/jpg/met_46879_additional_001/b32e2771a669c97ec0f2/met_46879_additional_001__marker_zip_001__002.608ab781..zip..jpg,1223051,64,2,1,0,0,0.21875,image,0,0,0,1,0,1,1,0,0,0,20,7.895206156027639,3.0386943819715864,0.3642840731907337,0.0146502476184558,256,11,0,0,0,0,0,0,0,2,0,0,0,0.0017554460116544,0
1,met_46879_additional_002__marker_pdf_001__001.0dcd1121..jpg..pdf,data/raw/image_anomaly/anomalous/mitra/files/jpg/met_46879_additional_002/58dc0a4c7365a613aece/met_46879_additional_002__marker_pdf_001__001.0dcd1121..jpg..pdf,1398784,64,2,1,0,0,0.21875,document,0,0,0,0,0,1,0,1,0,0,28,7.929296975134097,5.250824256483538,0.3762446524981698,0.0127274832997803,256,11,0,0,0,0,0,0,0,0,0,0,0,0.0,0
1,met_46879_additional_002__marker_pdf_002__001.1a089078..jpg..pdf,data/raw/image_anomaly/anomalous/mitra/files/jpg/met_46879_additional_002/d7334d89651340f91ee3/met_46879_additional_002__marker_pdf_002__001.1a089078..jpg..pdf,1400575,64,2,1,0,0,0.21875,document,0,0,0,0,0,1,0,1,0,0,28,7.929300215533042,5.072845754531357,0.3770151544901201,0.0127112078967566,256,11,0,0,0,0,0,0,0,0,0,0,0,0.0,0
1,met_46879_additional_002__marker_zip_001__001.5a1e7b3e..jpg..zip,data/raw/image_anomaly/anomalous/mitra/files/jpg/met_46879_additional_002/d74f4991900ca1acdda9/met_46879_additional_002__marker_zip_001__001.5a1e7b3e..jpg..zip,1397289,64,2,1,0,0,0.21875,archive,0,0,0,1,0,1,0,1,0,0,29,7.929316973979038,4.331991090764944,0.3753504106881253,0.0128040799004357,256,11,0,0,0,0,0,0,0,0,0,0,0,0.0,0
1,met_46879_additional_002__marker_zip_001__002.f5f698ea..zip..jpg,data/raw/image_anomaly/anomalous/mitra/files/jpg/met_46879_additional_002/d74f4991900ca1acdda9/met_46879_additional_002__marker_zip_001__002.f5f698ea..zip..jpg,1397285,64,2,1,0,0,0.21875,image,0,0,0,1,0,1,1,0,0,0,29,7.929315878675648,3.035875146555769,0.375350769528049,0.0128041165546041,256,11,0,0,0,0,0,0,0,2,0,0,0,0.0015365512404412,0
1,met_46879_additional_002__marker_zip_002__001.9b325a57..jpg..zip,data/raw/image_anomaly/anomalous/mitra/files/jpg/met_46879_additional_002/e8c06e8f2127b212f28e/met_46879_additional_002__marker_zip_002__001.9b325a57..jpg..zip,1429775,64,2,1,0,0,0.21875,archive,0,0,0,1,0,1,0,1,0,0,29,7.9324154109152465,7.988340858219542,0.3753059047752268,0.0126054798831984,256,11,0,0,0,0,0,0,0,0,0,0,0,0.0,0
1,met_46879_additional_002__marker_zip_002__002.5eb43c3a..zip..jpg,data/raw/image_anomaly/anomalous/mitra/files/jpg/met_46879_additional_002/e8c06e8f2127b212f28e/met_46879_additional_002__marker_zip_002__002.5eb43c3a..zip..jpg,1429771,64,2,1,0,0,0.21875,image,0,0,0,1,0,1,1,0,0,0,29,7.932414164256388,3.035875146555769,0.3753062553373932,0.0126055151489294,256,11,0,0,0,0,0,0,0,2,0,0,0,0.0229875973145349,0
1,met_46879_primary_000__marker_zip_002__001.1077b22e..jpg..zip,data/raw/image_anomaly/anomalous/mitra/files/jpg/met_46879_primary_000/40514c00a7d66b7d469e/met_46879_primary_000__marker_zip_002__001.1077b22e..jpg..zip,1515231,61,2,1,0,0,0.2295081967213114,archive,0,0,0,1,0,1,0,1,0,0,35,7.926777253458942,7.988340858219542,0.3720455824887426,0.0132587044483646,256,11,0,0,0,0,0,0,0,0,0,0,0,0.0,0
1,met_46879_primary_000__marker_zip_002__002.96cd48d4..zip..jpg,data/raw/image_anomaly/anomalous/mitra/files/jpg/met_46879_primary_000/40514c00a7d66b7d469e/met_46879_primary_000__marker_zip_002__002.96cd48d4..zip..jpg,1515227,61,2,1,0,0,0.2295081967213114,image,0,0,0,1,0,1,1,0,0,0,35,7.926775948171056,3.0350676316740386,0.3720459046730291,0.0132587394496006,256,11,0,0,0,0,0,0,0,2,0,0,0,0.0216911393474377,0
1,met_46879_primary_000__marker_pdf_002__001.71403364..jpg..pdf,data/raw/image_anomaly/anomalous/mitra/files/jpg/met_46879_primary_000/ab3e1eea213a566df952/met_46879_primary_000__marker_pdf_002__001.71403364..jpg..pdf,1486031,61,2,1,0,0,0.2295081967213114,document,0,0,0,0,0,1,0,1,0,0,34,7.923684968304846,5.072845754531357,0.3735924755270919,0.0133711880842324,256,11,0,0,0,0,0,0,0,0,0,0,0,0.0,0
1,met_46879_primary_000__marker_pdf_001__001.cb6d9fae..jpg..pdf,data/raw/image_anomaly/anomalous/mitra/files/jpg/met_46879_primary_000/b10d2c5a6f77e493c0d4/met_46879_primary_000__marker_pdf_001__001.cb6d9fae..jpg..pdf,1484240,61,2,1,0,0,0.2295081967213114,document,0,0,0,0,0,1,0,1,0,0,34,7.923652543160554,5.250824256483538,0.3728622055732226,0.0133873228049372,256,11,0,0,0,0,0,0,0,0,0,0,0,0.0,0
1,met_46879_primary_000__marker_zip_001__001.daf41e96..jpg..zip,data/raw/image_anomaly/anomalous/mitra/files/jpg/met_46879_primary_000/ceabe9c25d2b95e087a9/met_46879_primary_000__marker_zip_001__001.daf41e96..jpg..zip,1482745,61,2,1,0,0,0.2295081967213114,archive,0,0,0,1,0,1,0,1,0,0,35,7.923631903364143,4.331689337646189,0.3720160917757267,0.013460170157377,256,11,0,0,0,0,0,0,0,0,0,0,0,0.0,0
1,met_46879_primary_000__marker_zip_001__002.d622dfad..zip..jpg,data/raw/image_anomaly/anomalous/mitra/files/jpg/met_46879_primary_000/ceabe9c25d2b95e087a9/met_46879_primary_000__marker_zip_001__002.d622dfad..zip..jpg,1482741,61,2,1,0,0,0.2295081967213114,image,0,0,0,1,0,1,1,0,0,0,35,7.923630679201955,3.0350676316740386,0.3720164209393279,0.0134602064689652,256,11,0,0,0,0,0,0,0,2,0,0,0,0.001447993951742,0
1,met_471147_additional_001__marker_zip_002__001.acc99cf0..jpg..zip,data/raw/image_anomaly/anomalous/mitra/files/jpg/met_471147_additional_001/4d9cf2d057ecc6d2a4c9/met_471147_additional_001__marker_zip_002__001.acc99cf0..jpg..zip,1451342,65,2,1,0,0,0.2153846153846154,archive,0,0,0,1,0,1,0,1,0,0,31,7.9580453648492515,7.988340858219542,0.3792634678800723,0.0121535792390766,256,24,0,0,0,0,0,0,0,0,0,0,0,0.0,0
1,met_471147_additional_001__marker_zip_002__002.cfce1921..zip..jpg,data/raw/image_anomaly/anomalous/mitra/files/jpg/met_471147_additional_001/4d9cf2d057ecc6d2a4c9/met_471147_additional_001__marker_zip_002__002.cfce1921..zip..jpg,1451338,65,2,1,0,0,0.2153846153846154,image,0,0,0,1,0,1,1,0,0,0,31,7.958045053882433,5.145151644918094,0.3792638241402071,0.0121536127352828,256,24,0,0,0,0,0,0,0,2,0,0,0,0.0226459997602212,0
1,met_471147_additional_001__marker_pdf_001__001.10846e14..jpg..pdf,data/raw/image_anomaly/anomalous/mitra/files/jpg/met_471147_additional_001/634a94b2f940814f5d43/met_471147_additional_001__marker_pdf_001__001.10846e14..jpg..pdf,1420351,65,2,1,0,0,0.2153846153846154,document,0,0,0,0,0,1,0,1,0,0,30,7.956292002928844,5.250824256483538,0.3802743124762823,0.0122638699870665,256,24,0,0,0,0,0,0,0,0,0,0,0,0.0,0
1,met_471147_additional_001__marker_pdf_002__001.ae526e22..jpg..pdf,data/raw/image_anomaly/anomalous/mitra/files/jpg/met_471147_additional_001/9e4a360874d1d64a5d59/met_471147_additional_001__marker_pdf_002__001.ae526e22..jpg..pdf,1422142,65,2,1,0,0,0.2153846153846154,document,0,0,0,0,0,1,0,1,0,0,30,7.956297607744128,5.072845754531357,0.3810280548637196,0.0122484252627374,256,24,0,0,0,0,0,0,0,0,0,0,0,0.0,0
1,met_471147_additional_001__marker_zip_001__001.bc04c1f1..jpg..zip,data/raw/image_anomaly/anomalous/mitra/files/jpg/met_471147_additional_001/b69a044de2517cc7fdf7/met_471147_additional_001__marker_zip_001__001.bc04c1f1..jpg..zip,1418856,65,2,1,0,0,0.2153846153846154,archive,0,0,0,1,0,1,0,1,0,0,31,7.956245728849074,5.435958467692624,0.3793979093015782,0.0123388138049245,256,24,0,0,0,0,0,0,0,0,0,0,0,0.0,0
1,met_471147_additional_001__marker_zip_001__002.4f236763..zip..jpg,data/raw/image_anomaly/anomalous/mitra/files/jpg/met_471147_additional_001/b69a044de2517cc7fdf7/met_471147_additional_001__marker_zip_001__002.4f236763..zip..jpg,1418852,65,2,1,0,0,0.2153846153846154,image,0,0,0,1,0,1,1,0,0,0,31,7.956244667015397,5.145151644918094,0.3793982740976507,0.0123388485902687,256,24,0,0,0,0,0,0,0,2,0,0,0,0.0015131951746905,0
1,met_471147_additional_002__marker_pdf_001__001.70239c9b..jpg..pdf,data/raw/image_anomaly/anomalous/mitra/files/jpg/met_471147_additional_002/3252388184a13e40a884/met_471147_additional_002__marker_pdf_001__001.70239c9b..jpg..pdf,2074457,65,2,1,0,0,0.2153846153846154,document,0,0,0,0,0,1,0,1,0,0,29,7.970157499255745,5.250824256483538,0.3781847490692745,0.0112766858990087,256,24,0,0,1,0,0,0,1,0,0,0,0,0.0,0
1,met_471147_additional_002__marker_pdf_002__001.a4673e3c..jpg..pdf,data/raw/image_anomaly/anomalous/mitra/files/jpg/met_471147_additional_002/635044903616644cb747/met_471147_additional_002__marker_pdf_002__001.a4673e3c..jpg..pdf,2076248,65,2,1,0,0,0.2153846153846154,document,0,0,0,0,0,1,0,1,0,0,29,7.970166068812359,5.072845754531357,0.3787028331875575,0.0112669584750954,256,24,0,0,1,0,0,0,1,0,0,0,0,0.0,0
1,met_471147_additional_002__marker_zip_002__001.abfc3087..jpg..zip,data/raw/image_anomaly/anomalous/mitra/files/jpg/met_471147_additional_002/ecc30f5933a6d8399905/met_471147_additional_002__marker_zip_002__001.abfc3087..jpg..zip,2105448,65,2,1,0,0,0.2153846153846154,archive,0,0,0,1,0,1,0,1,0,0,30,7.970971865217381,7.988340858219542,0.3775187038578013,0.0112151903062911,256,24,0,0,1,0,0,0,1,0,0,0,0,0.0,0
1,met_471147_additional_002__marker_zip_002__002.ef9b31e3..zip..jpg,data/raw/image_anomaly/anomalous/mitra/files/jpg/met_471147_additional_002/ecc30f5933a6d8399905/met_471147_additional_002__marker_zip_002__002.ef9b31e3..zip..jpg,2105444,65,2,1,0,0,0.2153846153846154,image,0,0,0,1,0,1,1,0,0,0,30,7.970971857375725,5.146925462864538,0.377518946122528,0.0112152116133224,256,24,0,0,1,0,0,0,1,2,0,0,0,0.0156104840594192,0
1,met_471147_additional_002__marker_zip_001__001.40ffbc2c..jpg..zip,data/raw/image_anomaly/anomalous/mitra/files/jpg/met_471147_additional_002/f148e72c18a4c252810c/met_471147_additional_002__marker_zip_001__001.40ffbc2c..jpg..zip,2072962,65,2,1,0,0,0.2153846153846154,archive,0,0,0,1,0,1,0,1,0,0,30,7.970101857485397,5.436965485912271,0.3775833806890816,0.0113272698679474,256,24,0,0,1,0,0,0,1,0,0,0,0,0.0,0
1,met_471147_additional_002__marker_zip_001__002.3ee79fa8..zip..jpg,data/raw/image_anomaly/anomalous/mitra/files/jpg/met_471147_additional_002/f148e72c18a4c252810c/met_471147_additional_002__marker_zip_001__002.3ee79fa8..zip..jpg,2072958,65,2,1,0,0,0.2153846153846154,image,0,0,0,1,0,1,1,0,0,0,30,7.970101635838244,5.146925462864538,0.3775836268752189,0.0113272917251579,256,24,0,0,1,0,0,0,1,2,0,0,0,0.0010357180415618,0
1,met_471147_additional_003__marker_pdf_002__001.f7089735..jpg..pdf,data/raw/image_anomaly/anomalous/mitra/files/jpg/met_471147_additional_003/0a22943a6c42d1606543/met_471147_additional_003__marker_pdf_002__001.f7089735..jpg..pdf,1434271,65,2,1,0,0,0.2153846153846154,document,0,0,0,0,0,1,0,1,0,0,33,7.94565615949276,5.072845754531357,0.3778658287032228,0.016477360275708,256,24,0,0,0,0,0,0,0,0,0,0,0,0.0,0
1,met_471147_additional_003__marker_zip_002__001.5c4bb1bf..jpg..zip,data/raw/image_anomaly/anomalous/mitra/files/jpg/met_471147_additional_003/287ff8cd0738f7294e34/met_471147_additional_003__marker_zip_002__001.5c4bb1bf..jpg..zip,1463471,65,2,1,0,0,0.2153846153846154,archive,0,0,0,1,0,1,0,1,0,0,34,7.947619850811339,7.988340858219542,0.3761789608403583,0.0162989222198458,256,24,0,0,0,0,0,0,0,0,0,0,0,0.0,0
1,met_471147_additional_003__marker_zip_002__002.b6494d2d..zip..jpg,data/raw/image_anomaly/anomalous/mitra/files/jpg/met_471147_additional_003/287ff8cd0738f7294e34/met_471147_additional_003__marker_zip_002__002.b6494d2d..zip..jpg,1463467,65,2,1,0,0,0.2153846153846154,image,0,0,0,1,0,1,1,0,0,0,34,7.947619675213635,5.151834400680241,0.376179305717177,0.0162989667686391,256,24,0,0,0,0,0,0,0,2,0,0,0,0.0224583130333652,0
1,met_471147_additional_003__marker_zip_001__001.11b25675..jpg..zip,data/raw/image_anomaly/anomalous/mitra/files/jpg/met_471147_additional_003/9082683f79a55dcda396/met_471147_additional_003__marker_zip_001__001.11b25675..jpg..zip,1430985,65,2,1,0,0,0.2153846153846154,archive,0,0,0,1,0,1,0,1,0,0,34,7.945467632042238,5.43979781801655,0.3762422387376527,0.0165766936760343,256,24,0,0,0,0,0,0,0,0,0,0,0,0.0,0
1,met_471147_additional_003__marker_zip_001__002.4c49e6dc..zip..jpg,data/raw/image_anomaly/anomalous/mitra/files/jpg/met_471147_additional_003/9082683f79a55dcda396/met_471147_additional_003__marker_zip_001__002.4c49e6dc..zip..jpg,1430981,65,2,1,0,0,0.2153846153846154,image,0,0,0,1,0,1,1,0,0,0,34,7.945466825432345,5.151834400680241,0.3762425916207133,0.0165767400126207,256,24,0,0,0,0,0,0,0,2,0,0,0,0.001500369327056,0
1,met_471147_additional_003__marker_pdf_001__001.b480ea6d..jpg..pdf,data/raw/image_anomaly/anomalous/mitra/files/jpg/met_471147_additional_003/923613647e68054da1ad/met_471147_additional_003__marker_pdf_001__001.b480ea6d..jpg..pdf,1432480,65,2,1,0,0,0.2153846153846154,document,0,0,0,0,0,1,0,1,0,0,33,7.945602110247202,5.250824256483538,0.3771145146878141,0.0164979615771249,256,24,0,0,0,0,0,0,0,0,0,0,0,0.0,0
1,met_471147_additional_004__marker_zip_002__001.6ecd3b7b..jpg..zip,data/raw/image_anomaly/anomalous/mitra/files/jpg/met_471147_additional_004/3c5a3a36a771d1fd6e4a/met_471147_additional_004__marker_zip_002__001.6ecd3b7b..jpg..zip,253340,65,2,1,0,0,0.2153846153846154,archive,0,0,0,1,0,1,0,1,0,0,2,7.83634344518162,7.988340858219542,0.359110286571406,0.0273229651851267,256,6,0,1,0,0,0,1,1,0,0,0,0,0.0,0
1,met_471147_additional_004__marker_zip_002__002.09f6dc84..zip..jpg,data/raw/image_anomaly/anomalous/mitra/files/jpg/met_471147_additional_004/3c5a3a36a771d1fd6e4a/met_471147_additional_004__marker_zip_002__002.09f6dc84..zip..jpg,253336,65,2,1,0,0,0.2153846153846154,image,0,0,0,1,0,1,1,0,0,0,2,7.8363364875270705,3.4791100544290456,0.35911200934727,0.0273233965958253,256,6,0,1,0,0,0,1,1,2,0,0,0,0.1297367922442921,0
1,met_471147_additional_004__marker_pdf_001__001.f3111042..jpg..pdf,data/raw/image_anomaly/anomalous/mitra/files/jpg/met_471147_additional_004/b53154ca80d4a01497d5/met_471147_additional_004__marker_pdf_001__001.f3111042..jpg..pdf,222349,65,2,1,0,0,0.2153846153846154,document,0,0,0,0,0,1,0,1,0,0,1,7.791597856574159,5.250824256483538,0.3627585462493647,0.0301418041007605,256,6,0,1,0,0,0,1,1,0,0,0,0,0.0,0
1,met_471147_additional_004__marker_zip_001__001.67ad0aff..jpg..zip,data/raw/image_anomaly/anomalous/mitra/files/jpg/met_471147_additional_004/fbd661e41b9029826090/met_471147_additional_004__marker_zip_001__001.67ad0aff..jpg..zip,220854,65,2,1,0,0,0.2153846153846154,archive,0,0,0,1,0,1,0,1,0,0,2,7.790265032077249,3.470989585339552,0.3570096081574253,0.0307442926095972,256,6,0,1,0,0,0,1,1,0,0,0,0,0.0,0
1,met_471147_additional_004__marker_zip_001__002.af7bb3ac..zip..jpg,data/raw/image_anomaly/anomalous/mitra/files/jpg/met_471147_additional_004/fbd661e41b9029826090/met_471147_additional_004__marker_zip_001__002.af7bb3ac..zip..jpg,220850,65,2,1,0,0,0.2153846153846154,image,0,0,0,1,0,1,1,0,0,0,2,7.790254300872043,3.4791100544290456,0.3570115462983926,0.0307448494453248,256,6,0,1,0,0,0,1,1,2,0,0,0,0.009721530450532,0
1,met_471147_additional_004__marker_pdf_002__001.fd848291..jpg..pdf,data/raw/image_anomaly/anomalous/mitra/files/jpg/met_471147_additional_004/feb82ae15ed176ab4408/met_471147_additional_004__marker_pdf_002__001.fd848291..jpg..pdf,224140,65,2,1,0,0,0.2153846153846154,document,0,0,0,0,0,1,0,1,0,0,1,7.793246584232395,5.072845754531357,0.3676809137146426,0.0299009547604175,256,6,0,1,0,0,0,1,1,0,0,0,0,0.0,0
1,met_471147_primary_000__marker_zip_001__001.1389901b..jpg..zip,data/raw/image_anomaly/anomalous/mitra/files/jpg/met_471147_primary_000/3cb29638c3d27a911504/met_471147_primary_000__marker_zip_001__001.1389901b..jpg..zip,2111638,62,2,1,0,0,0.2258064516129032,archive,0,0,0,1,0,1,0,1,0,0,35,7.971539726328868,5.443790719133831,0.3784038741488835,0.0106628124706981,256,24,0,0,0,0,0,0,0,0,0,0,0,0.0,0
1,met_471147_primary_000__marker_zip_001__002.67f0b176..zip..jpg,data/raw/image_anomaly/anomalous/mitra/files/jpg/met_471147_primary_000/3cb29638c3d27a911504/met_471147_primary_000__marker_zip_001__002.67f0b176..zip..jpg,2111634,62,2,1,0,0,0.2258064516129032,image,0,0,0,1,0,1,1,0,0,0,35,7.971539209680196,5.154500412268045,0.3784041173801899,0.0106628326689189,256,24,0,0,0,0,0,0,0,2,0,0,0,0.0010167481675328,0
1,met_471147_primary_000__marker_pdf_001__001.55da1be1..jpg..pdf,data/raw/image_anomaly/anomalous/mitra/files/jpg/met_471147_primary_000/6b01331f00028fcc8c17/met_471147_primary_000__marker_pdf_001__001.55da1be1..jpg..pdf,2113133,62,2,1,0,0,0.2258064516129032,document,0,0,0,0,0,1,0,1,0,0,34,7.971607390578802,5.250824256483538,0.378993655392254,0.0106136244145541,256,24,0,0,0,0,0,0,0,0,0,0,0,0.0,0
1,met_471147_primary_000__marker_pdf_002__001.9ade7fbe..jpg..pdf,data/raw/image_anomaly/anomalous/mitra/files/jpg/met_471147_primary_000/7ec4c9d360cbf2009e73/met_471147_primary_000__marker_pdf_002__001.9ade7fbe..jpg..pdf,2114924,62,2,1,0,0,0.2258064516129032,document,0,0,0,0,0,1,0,1,0,0,34,7.971620147068875,5.072845754531357,0.3795015801986265,0.010604636384097,256,24,0,0,0,0,0,0,0,0,0,0,0,0.0,0
1,met_471147_primary_000__marker_zip_002__001.951bb604..jpg..zip,data/raw/image_anomaly/anomalous/mitra/files/jpg/met_471147_primary_000/919199eedf3b49f306b7/met_471147_primary_000__marker_zip_002__001.951bb604..jpg..zip,2144124,62,2,1,0,0,0.2258064516129032,archive,0,0,0,1,0,1,0,1,0,0,35,7.972361302587883,7.988340858219542,0.3783279325262904,0.0105628219263438,256,24,0,0,0,0,0,0,0,0,0,0,0,0.0,0
1,met_471147_primary_000__marker_zip_002__002.2547295f..zip..jpg,data/raw/image_anomaly/anomalous/mitra/files/jpg/met_471147_primary_000/919199eedf3b49f306b7/met_471147_primary_000__marker_zip_002__002.2547295f..zip..jpg,2144120,62,2,1,0,0,0.2258064516129032,image,0,0,0,1,0,1,1,0,0,0,35,7.972361162572053,5.154500412268045,0.3783281719306755,0.0105628416319982,256,24,0,0,0,0,0,0,0,2,0,0,0,0.0153288995018935,0
1,met_478503_primary_000__marker_zip_002__001.c2ddb76f..jpg..zip,data/raw/image_anomaly/anomalous/mitra/files/jpg/met_478503_primary_000/3a99ff93c36562ba9e3b/met_478503_primary_000__marker_zip_002__001.c2ddb76f..jpg..zip,532683,62,2,1,0,0,0.2258064516129032,archive,0,0,0,1,0,1,0,1,0,0,8,7.894035704356367,7.988340858219542,0.3811084641334527,0.0097956946251335,256,6,1,1,0,0,0,1,1,0,0,0,0,0.0,0
1,met_478503_primary_000__marker_zip_002__002.a8c990f3..zip..jpg,data/raw/image_anomaly/anomalous/mitra/files/jpg/met_478503_primary_000/3a99ff93c36562ba9e3b/met_478503_primary_000__marker_zip_002__002.a8c990f3..zip..jpg,532679,62,2,1,0,0,0.2258064516129032,image,0,0,0,1,0,1,1,0,0,0,8,7.894029730598,3.5394649503158395,0.3811094486548184,0.0097957681830896,256,6,1,1,0,0,0,1,1,2,0,0,0,0.0617013248128798,0
1,met_478503_primary_000__marker_pdf_002__001.2154cdf6..jpg..pdf,data/raw/image_anomaly/anomalous/mitra/files/jpg/met_478503_primary_000/e2e5deb373c936ec79a7/met_478503_primary_000__marker_pdf_002__001.2154cdf6..jpg..pdf,503483,62,2,1,0,0,0.2258064516129032,document,0,0,0,0,0,1,0,1,0,0,7,7.880177456986433,5.072845754531357,0.3861997326622746,0.0099268495659237,256,6,1,1,0,0,0,1,1,0,0,0,0,0.0,0
1,met_478503_primary_000__marker_zip_001__001.0dc86f29..jpg..zip,data/raw/image_anomaly/anomalous/mitra/files/jpg/met_478503_primary_000/e6e292fc9f923dc9ad3d/met_478503_primary_000__marker_zip_001__001.0dc86f29..jpg..zip,500197,62,2,1,0,0,0.2258064516129032,archive,0,0,0,1,0,1,0,1,0,0,8,7.879434557785241,3.525203921718775,0.381609645799555,0.0101679938104386,256,6,1,1,0,0,0,1,1,0,0,0,0,0.0,0
1,met_478503_primary_000__marker_zip_001__002.dd148b77..zip..jpg,data/raw/image_anomaly/anomalous/mitra/files/jpg/met_478503_primary_000/e6e292fc9f923dc9ad3d/met_478503_primary_000__marker_zip_001__002.dd148b77..zip..jpg,500193,62,2,1,0,0,0.2258064516129032,image,0,0,0,1,0,1,1,0,0,0,8,7.879425161500597,3.5394649503158395,0.3816106982704676,0.0101680751230025,256,6,1,1,0,0,0,1,1,2,0,0,0,0.0042923431555419,0
1,met_478503_primary_000__marker_pdf_001__001.ea22324f..jpg..pdf,data/raw/image_anomaly/anomalous/mitra/files/jpg/met_478503_primary_000/fdd4dce2f65bf92a4039/met_478503_primary_000__marker_pdf_001__001.ea22324f..jpg..pdf,501692,62,2,1,0,0,0.2258064516129032,document,0,0,0,0,0,1,0,1,0,0,7,7.879864542030844,5.250824256483538,0.3840842588679907,0.0099622876186983,256,6,1,1,0,0,0,1,1,0,0,0,0,0.0,0
1,met_49546_primary_000__marker_zip_001__001.72e6eb95..jpg..zip,data/raw/image_anomaly/anomalous/mitra/files/jpg/met_49546_primary_000/4b4827a594f0ad36946a/met_49546_primary_000__marker_zip_001__001.72e6eb95..jpg..zip,2101422,61,2,1,0,0,0.2295081967213114,archive,0,0,0,1,0,1,0,1,0,0,23,7.951012380747028,5.718377453658262,0.3781310940877177,0.0145444370526243,256,15,0,0,0,0,0,0,0,0,0,0,0,0.0,0
1,met_49546_primary_000__marker_zip_001__002.d2567b46..zip..jpg,data/raw/image_anomaly/anomalous/mitra/files/jpg/met_49546_primary_000/4b4827a594f0ad36946a/met_49546_primary_000__marker_zip_001__002.d2567b46..zip..jpg,2101418,61,2,1,0,0,0.2295081967213114,image,0,0,0,1,0,1,1,0,0,0,23,7.951011051075175,5.0083915802359416,0.3781313379822577,0.01454446473762,256,15,0,0,0,0,0,0,0,2,0,0,0,0.0010216910676505,0
1,met_49546_primary_000__marker_pdf_002__001.59ae748c..jpg..pdf,data/raw/image_anomaly/anomalous/mitra/files/jpg/met_49546_primary_000/820228b8cf5a2091f917/met_49546_primary_000__marker_pdf_002__001.59ae748c..jpg..pdf,2104708,61,2,1,0,0,0.2295081967213114,document,0,0,0,0,0,1,0,1,0,0,22,7.951054368101735,5.072845754531357,0.3792345541519298,0.01447991835447,256,15,0,0,0,0,0,0,0,0,0,0,0,0.0,0
1,met_49546_primary_000__marker_pdf_001__001.db9ee60c..jpg..pdf,data/raw/image_anomaly/anomalous/mitra/files/jpg/met_49546_primary_000/d219e52494709099633a/met_49546_primary_000__marker_pdf_001__001.db9ee60c..jpg..pdf,2102917,61,2,1,0,0,0.2295081967213114,document,0,0,0,0,0,1,0,1,0,0,22,7.951052420032142,5.250824256483538,0.3787239344206167,0.0144922505262927,256,15,0,0,0,0,0,0,0,0,0,0,0,0.0,0
1,met_49546_primary_000__marker_zip_002__001.ed691102..jpg..zip,data/raw/image_anomaly/anomalous/mitra/files/jpg/met_49546_primary_000/d9f7d5e8abb7321fe60b/met_49546_primary_000__marker_zip_002__001.ed691102..jpg..zip,2133908,61,2,1,0,0,0.2295081967213114,archive,0,0,0,1,0,1,0,1,0,0,23,7.9524258016142255,7.988340858219542,0.3780589416226004,0.0143848750742768,256,15,0,0,0,0,0,0,0,0,0,0,0,0.0,0
1,met_49546_primary_000__marker_zip_002__002.5f59fc24..zip..jpg,data/raw/image_anomaly/anomalous/mitra/files/jpg/met_49546_primary_000/d9f7d5e8abb7321fe60b/met_49546_primary_000__marker_zip_002__002.5f59fc24..zip..jpg,2133904,61,2,1,0,0,0.2295081967213114,image,0,0,0,1,0,1,1,0,0,0,23,7.952424652812929,5.0083915802359416,0.3780591816689035,0.0143849020387046,256,15,0,0,0,0,0,0,0,2,0,0,0,0.0154022861384579,0
1,met_505155_primary_000__marker_pdf_002__001.7e41520f..jpg..pdf,data/raw/image_anomaly/anomalous/mitra/files/jpg/met_505155_primary_000/52a083306bdf276dccc3/met_505155_primary_000__marker_pdf_002__001.7e41520f..jpg..pdf,112918,62,2,1,0,0,0.2258064516129032,document,0,0,0,0,0,1,0,1,0,0,1,7.875435227157993,5.072845754531357,0.4059051701234524,0.0140544465895605,256,6,0,0,0,0,0,0,0,0,0,0,0,0.0,0
1,met_505155_primary_000__marker_zip_002__001.97dbe9a8..jpg..zip,data/raw/image_anomaly/anomalous/mitra/files/jpg/met_505155_primary_000/63a9a138112de61e5f6d/met_505155_primary_000__marker_zip_002__001.97dbe9a8..jpg..zip,142118,62,2,1,0,0,0.2258064516129032,archive,0,0,0,1,0,1,0,1,0,0,2,7.922747316212734,7.988340858219542,0.3827734699334356,0.0127147863043386,256,6,0,0,0,0,0,0,0,0,0,0,0,0.0,0
1,met_505155_primary_000__marker_zip_002__002.e9ece2de..zip..jpg,data/raw/image_anomaly/anomalous/mitra/files/jpg/met_505155_primary_000/63a9a138112de61e5f6d/met_505155_primary_000__marker_zip_002__002.e9ece2de..zip..jpg,142114,62,2,1,0,0,0.2258064516129032,image,0,0,0,1,0,1,1,0,0,0,2,7.922740869633355,3.497582891355946,0.3827772070309751,0.0127151441800244,256,6,0,0,0,0,0,0,0,2,0,0,0,0.2312720773463557,0
1,met_505155_primary_000__marker_pdf_001__001.47be3b53..jpg..pdf,data/raw/image_anomaly/anomalous/mitra/files/jpg/met_505155_primary_000/85317787a7b7bc523687/met_505155_primary_000__marker_pdf_001__001.47be3b53..jpg..pdf,111127,62,2,1,0,0,0.2258064516129032,document,0,0,0,0,0,1,0,1,0,0,1,7.876537443249894,5.250824256483538,0.3966722758645514,0.0142809578230313,256,6,0,0,0,0,0,0,0,0,0,0,0,0.0,0
1,met_505155_primary_000__marker_zip_001__001.f7736f8f..jpg..zip,data/raw/image_anomaly/anomalous/mitra/files/jpg/met_505155_primary_000/ba1251f166ee9d879daa/met_505155_primary_000__marker_zip_001__001.f7736f8f..jpg..zip,109632,62,2,1,0,0,0.2258064516129032,archive,0,0,0,1,0,1,0,1,0,0,2,7.87770513992618,3.4829289127885112,0.3855534880326912,0.0152783858727378,256,6,0,0,0,0,0,0,0,0,0,0,0,0.0,0
1,met_505155_primary_000__marker_zip_001__002.202758ef..zip..jpg,data/raw/image_anomaly/anomalous/mitra/files/jpg/met_505155_primary_000/ba1251f166ee9d879daa/met_505155_primary_000__marker_zip_001__002.202758ef..zip..jpg,109628,62,2,1,0,0,0.2258064516129032,image,0,0,0,1,0,1,1,0,0,0,2,7.877693582792461,3.497582891355946,0.3855584339767213,0.0152789433356441,256,6,0,0,0,0,0,0,0,2,0,0,0,0.0195844127412704,0
1,met_52357_primary_000__marker_zip_001__001.760ab0df..jpg..zip,data/raw/image_anomaly/anomalous/mitra/files/jpg/met_52357_primary_000/8ab6c489c805407a90c2/met_52357_primary_000__marker_zip_001__001.760ab0df..jpg..zip,318130,61,2,1,0,0,0.2295081967213114,archive,0,0,0,1,0,1,0,1,0,0,8,7.770408868536227,3.47200914346406,0.3727972841291296,0.0368497155250998,256,6,0,1,0,0,0,1,1,0,0,0,0,0.0,0
1,met_52357_primary_000__marker_zip_001__002.cc680a33..zip..jpg,data/raw/image_anomaly/anomalous/mitra/files/jpg/met_52357_primary_000/8ab6c489c805407a90c2/met_52357_primary_000__marker_zip_001__002.cc680a33..zip..jpg,318126,61,2,1,0,0,0.2295081967213114,image,0,0,0,1,0,1,1,0,0,0,8,7.770394569932669,3.4811883177849308,0.3727988281372789,0.0368501788599485,256,6,0,1,0,0,0,1,1,2,0,0,0,0.0067488982352904,0
1,met_52357_primary_000__marker_pdf_002__001.e80d49f5..jpg..pdf,data/raw/image_anomaly/anomalous/mitra/files/jpg/met_52357_primary_000/9ec07f037d20b3c898ab/met_52357_primary_000__marker_pdf_002__001.e80d49f5..jpg..pdf,321416,61,2,1,0,0,0.2295081967213114,document,0,0,0,0,0,1,0,1,0,0,7,7.772210381210665,5.072845754531357,0.3800775319212485,0.0361991935684595,256,6,0,1,0,0,0,1,1,0,0,0,0,0.0,0
1,met_52357_primary_000__marker_pdf_001__001.8a75977d..jpg..pdf,data/raw/image_anomaly/anomalous/mitra/files/jpg/met_52357_primary_000/b54189cb5ba71c5ed81d/met_52357_primary_000__marker_pdf_001__001.8a75977d..jpg..pdf,319625,61,2,1,0,0,0.2295081967213114,document,0,0,0,0,0,1,0,1,0,0,7,7.7712388483474255,5.250824256483538,0.3767227219397732,0.0364020336331638,256,6,0,1,0,0,0,1,1,0,0,0,0,0.0,0
1,met_52357_primary_000__marker_zip_002__001.2f074f65..jpg..zip,data/raw/image_anomaly/anomalous/mitra/files/jpg/met_52357_primary_000/debd8e03db32f572150a/met_52357_primary_000__marker_zip_002__001.2f074f65..jpg..zip,350616,61,2,1,0,0,0.2295081967213114,archive,0,0,0,1,0,1,0,1,0,0,8,7.806594789875546,7.988340858219542,0.3728523512903005,0.0338119195929449,256,6,0,1,0,0,0,1,1,0,0,0,0,0.0,0
1,met_52357_primary_000__marker_zip_002__002.f35dab2e..zip..jpg,data/raw/image_anomaly/anomalous/mitra/files/jpg/met_52357_primary_000/debd8e03db32f572150a/met_52357_primary_000__marker_zip_002__002.f35dab2e..zip..jpg,350612,61,2,1,0,0,0.2295081967213114,image,0,0,0,1,0,1,1,0,0,0,8,7.806585296297312,3.4811883177849308,0.3728537528664164,0.0338123053403762,256,6,0,1,0,0,0,1,1,2,0,0,0,0.0937418000524796,0
1,met_543898_additional_001__marker_pdf_001__001.4e2412a5..jpg..pdf,data/raw/image_anomaly/anomalous/mitra/files/jpg/met_543898_additional_001/0d6a5486177211db259d/met_543898_additional_001__marker_pdf_001__001.4e2412a5..jpg..pdf,1151800,65,2,1,0,0,0.2153846153846154,document,0,0,0,0,0,1,0,1,0,0,36,7.9137690977871475,5.250824256483538,0.3850894252474388,0.0140449730856051,256,22,0,0,0,0,0,0,0,0,0,0,0,0.0,0
1,met_543898_additional_001__marker_zip_002__001.a68bdcbe..jpg..zip,data/raw/image_anomaly/anomalous/mitra/files/jpg/met_543898_additional_001/753985645def29da0cc5/met_543898_additional_001__marker_zip_002__001.a68bdcbe..jpg..zip,1182791,65,2,1,0,0,0.2153846153846154,archive,0,0,0,1,0,1,0,1,0,0,37,7.918481163607071,7.988340858219542,0.3837229062446366,0.0138629732556301,256,22,0,0,0,0,0,0,0,0,0,0,0,0.0,0
1,met_543898_additional_001__marker_zip_002__002.cc34ac48..zip..jpg,data/raw/image_anomaly/anomalous/mitra/files/jpg/met_543898_additional_001/753985645def29da0cc5/met_543898_additional_001__marker_zip_002__002.cc34ac48..zip..jpg,1182787,65,2,1,0,0,0.2153846153846154,image,0,0,0,1,0,1,1,0,0,0,37,7.918478883060636,4.9748900395001385,0.3837233584745182,0.0138630201380299,256,22,0,0,0,0,0,0,0,2,0,0,0,0.0277877589117905,0
1,met_543898_additional_001__marker_pdf_002__001.19741b0e..jpg..pdf,data/raw/image_anomaly/anomalous/mitra/files/jpg/met_543898_additional_001/869de48b039c49cb8ba9/met_543898_additional_001__marker_pdf_002__001.19741b0e..jpg..pdf,1153591,65,2,1,0,0,0.2153846153846154,document,0,0,0,0,0,1,0,1,0,0,36,7.913700393292554,5.072845754531357,0.3860111599345002,0.0140231676564744,256,22,0,0,0,0,0,0,0,0,0,0,0,0.0,0
1,met_543898_additional_001__marker_zip_001__001.cc1f378d..jpg..zip,data/raw/image_anomaly/anomalous/mitra/files/jpg/met_543898_additional_001/f10ab041cb741143e3c8/met_543898_additional_001__marker_zip_001__001.cc1f378d..jpg..zip,1150305,65,2,1,0,0,0.2153846153846154,archive,0,0,0,1,0,1,0,1,0,0,37,7.913925730236979,5.668707833645942,0.3840146743689717,0.0141397281590534,256,22,0,0,0,0,0,0,0,0,0,0,0,0.0,0
1,met_543898_additional_001__marker_zip_001__002.7cf86714..zip..jpg,data/raw/image_anomaly/anomalous/mitra/files/jpg/met_543898_additional_001/f10ab041cb741143e3c8/met_543898_additional_001__marker_zip_001__002.7cf86714..zip..jpg,1150301,65,2,1,0,0,0.2153846153846154,image,0,0,0,1,0,1,1,0,0,0,37,7.913923521946316,4.9748900395001385,0.3840151403849949,0.0141397773278472,256,22,0,0,0,0,0,0,0,2,0,0,0,0.0018664679940293,0
1,met_543898_additional_002__marker_zip_001__001.c4ef013a..jpg..zip,data/raw/image_anomaly/anomalous/mitra/files/jpg/met_543898_additional_002/60e57ca970566212285e/met_543898_additional_002__marker_zip_001__001.c4ef013a..jpg..zip,1113780,65,2,1,0,0,0.2153846153846154,archive,0,0,0,1,0,1,0,1,0,0,27,7.908896445762338,5.670226607603326,0.3835649769254251,0.0144373215536281,256,22,0,0,0,0,0,0,0,0,0,0,0,0.0,0
1,met_543898_additional_002__marker_zip_001__002.db226032..zip..jpg,data/raw/image_anomaly/anomalous/mitra/files/jpg/met_543898_additional_002/60e57ca970566212285e/met_543898_additional_002__marker_zip_001__002.db226032..zip..jpg,1113776,65,2,1,0,0,0.2153846153846154,image,0,0,0,1,0,1,1,0,0,0,27,7.9088941002303,4.976336868682777,0.3835654566088693,0.0144373734036287,256,22,0,0,0,0,0,0,0,2,0,0,0,0.0019276766602979,0
1,met_543898_additional_002__marker_pdf_002__001.0f51337a..jpg..pdf,data/raw/image_anomaly/anomalous/mitra/files/jpg/met_543898_additional_002/9cec748f22a923031dd0/met_543898_additional_002__marker_pdf_002__001.0f51337a..jpg..pdf,1117066,65,2,1,0,0,0.2153846153846154,document,0,0,0,0,0,1,0,1,0,0,26,7.908696740855295,5.072845754531357,0.3856280649487139,0.0143160744306961,256,22,0,0,0,0,0,0,0,0,0,0,0,0.0,0
1,met_543898_additional_002__marker_zip_002__001.e85a66cd..jpg..zip,data/raw/image_anomaly/anomalous/mitra/files/jpg/met_543898_additional_002/d834c446b278e51ae4de/met_543898_additional_002__marker_zip_002__001.e85a66cd..jpg..zip,1146266,65,2,1,0,0,0.2153846153846154,archive,0,0,0,1,0,1,0,1,0,0,27,7.913853032220748,7.988340858219542,0.3832766565526675,0.0141433140300767,256,22,0,0,0,0,0,0,0,0,0,0,0,0.0,0
1,met_543898_additional_002__marker_zip_002__002.46ee6622..zip..jpg,data/raw/image_anomaly/anomalous/mitra/files/jpg/met_543898_additional_002/d834c446b278e51ae4de/met_543898_additional_002__marker_zip_002__002.46ee6622..zip..jpg,1146262,65,2,1,0,0,0.2153846153846154,image,0,0,0,1,0,1,1,0,0,0,27,7.913850719987177,4.976336868682777,0.3832771216353678,0.0141433633846363,256,22,0,0,0,0,0,0,0,2,0,0,0,0.0286732003678042,0
1,met_543898_additional_002__marker_pdf_001__001.81d7d0e8..jpg..pdf,data/raw/image_anomaly/anomalous/mitra/files/jpg/met_543898_additional_002/e0893777ea346ef7430d/met_543898_additional_002__marker_pdf_001__001.81d7d0e8..jpg..pdf,1115275,65,2,1,0,0,0.2153846153846154,document,0,0,0,0,0,1,0,1,0,0,26,7.908753854254439,5.250824256483538,0.384675528457107,0.0143390643563246,256,22,0,0,0,0,0,0,0,0,0,0,0,0.0,0
1,met_543898_additional_003__marker_zip_002__001.f5fe3c2c..jpg..zip,data/raw/image_anomaly/anomalous/mitra/files/jpg/met_543898_additional_003/0d5f0e1dda64433c3b87/met_543898_additional_003__marker_zip_002__001.f5fe3c2c..jpg..zip,970344,65,2,1,0,0,0.2153846153846154,archive,0,0,0,1,0,1,0,1,0,0,27,7.922825627645942,7.988340858219542,0.3885251003767736,0.0132118094201643,256,22,0,0,0,0,0,0,0,0,0,0,0,0.0,0
1,met_543898_additional_003__marker_zip_002__002.d079a95d..zip..jpg,data/raw/image_anomaly/anomalous/mitra/files/jpg/met_543898_additional_003/0d5f0e1dda64433c3b87/met_543898_additional_003__marker_zip_002__002.d079a95d..zip..jpg,970340,65,2,1,0,0,0.2153846153846154,image,0,0,0,1,0,1,1,0,0,0,27,7.922822714490852,4.972701585060071,0.3885256714141435,0.0132118638827627,256,22,0,0,0,0,0,0,0,2,0,0,0,0.0338716326236164,0
1,met_543898_additional_003__marker_pdf_002__001.8bef78d9..jpg..pdf,data/raw/image_anomaly/anomalous/mitra/files/jpg/met_543898_additional_003/27b64c96a2f297964a7d/met_543898_additional_003__marker_pdf_002__001.8bef78d9..jpg..pdf,941144,65,2,1,0,0,0.2153846153846154,document,0,0,0,0,0,1,0,1,0,0,26,7.917101042247554,5.072845754531357,0.3914788810213952,0.013387961884685,256,22,0,0,0,0,0,0,0,0,0,0,0,0.0,0
1,met_543898_additional_003__marker_zip_001__001.198bc44c..jpg..zip,data/raw/image_anomaly/anomalous/mitra/files/jpg/met_543898_additional_003/9768748791fc8fdbeda2/met_543898_additional_003__marker_zip_001__001.198bc44c..jpg..zip,937858,65,2,1,0,0,0.2153846153846154,archive,0,0,0,1,0,1,0,1,0,0,27,7.917505297391924,5.666632698621727,0.3890493017066549,0.0135287005068997,256,22,0,0,0,0,0,0,0,0,0,0,0,0.0,0
1,met_543898_additional_003__marker_zip_001__002.4d53a1e4..zip..jpg,data/raw/image_anomaly/anomalous/mitra/files/jpg/met_543898_additional_003/9768748791fc8fdbeda2/met_543898_additional_003__marker_zip_001__002.4d53a1e4..zip..jpg,937854,65,2,1,0,0,0.2153846153846154,image,0,0,0,1,0,1,1,0,0,0,27,7.917502059524771,4.972701585060071,0.3890498947597387,0.0135287582075674,256,22,0,0,0,0,0,0,0,2,0,0,0,0.0022892689053946,0
1,met_543898_additional_003__marker_pdf_001__001.7c452c51..jpg..pdf,data/raw/image_anomaly/anomalous/mitra/files/jpg/met_543898_additional_003/dc2bb74dca5dc53d2d1c/met_543898_additional_003__marker_pdf_001__001.7c452c51..jpg..pdf,939353,65,2,1,0,0,0.2153846153846154,document,0,0,0,0,0,1,0,1,0,0,26,7.917246159693759,5.250824256483538,0.3903591088760029,0.0134134877942583,256,22,0,0,0,0,0,0,0,0,0,0,0,0.0,0
1,met_543898_additional_004__marker_zip_001__001.91b1bd20..jpg..zip,data/raw/image_anomaly/anomalous/mitra/files/jpg/met_543898_additional_004/1a97d8be43accaec749c/met_543898_additional_004__marker_zip_001__001.91b1bd20..jpg..zip,1133296,65,2,1,0,0,0.2153846153846154,archive,0,0,0,1,0,1,0,1,0,0,26,7.906013231144125,5.668238923115278,0.3826881944346402,0.0146078341404187,256,22,0,0,0,0,0,0,0,0,0,0,0,0.0,0
1,met_543898_additional_004__marker_zip_001__002.675d3443..zip..jpg,data/raw/image_anomaly/anomalous/mitra/files/jpg/met_543898_additional_004/1a97d8be43accaec749c/met_543898_additional_004__marker_zip_001__002.675d3443..zip..jpg,1133292,65,2,1,0,0,0.2153846153846154,image,0,0,0,1,0,1,1,0,0,0,26,7.9060108328154595,4.974273171444798,0.3826886627629949,0.0146078856993608,256,22,0,0,0,0,0,0,0,2,0,0,0,0.0018944808575371,0
1,met_543898_additional_004__marker_pdf_001__001.02fe1272..jpg..pdf,data/raw/image_anomaly/anomalous/mitra/files/jpg/met_543898_additional_004/37e46e1aaaba2da74ca1/met_543898_additional_004__marker_pdf_001__001.02fe1272..jpg..pdf,1134791,65,2,1,0,0,0.2153846153846154,document,0,0,0,0,0,1,0,1,0,0,25,7.905874184527131,5.250824256483538,0.3837808019274034,0.0145110421214126,256,22,0,0,0,0,0,0,0,0,0,0,0,0.0,0
1,met_543898_additional_004__marker_zip_002__001.c5f0e656..jpg..zip,data/raw/image_anomaly/anomalous/mitra/files/jpg/met_543898_additional_004/bcd0964757c581584b28/met_543898_additional_004__marker_zip_002__001.c5f0e656..jpg..zip,1165782,65,2,1,0,0,0.2153846153846154,archive,0,0,0,1,0,1,0,1,0,0,26,7.911056562950545,7.988340858219542,0.3824291334057311,0.0143139969565493,256,22,0,0,0,0,0,0,0,0,0,0,0,0.0,0
1,met_543898_additional_004__marker_zip_002__002.d4d6b5dd..zip..jpg,data/raw/image_anomaly/anomalous/mitra/files/jpg/met_543898_additional_004/bcd0964757c581584b28/met_543898_additional_004__marker_zip_002__002.d4d6b5dd..zip..jpg,1165778,65,2,1,0,0,0.2153846153846154,image,0,0,0,1,0,1,1,0,0,0,26,7.911054167664339,4.974273171444798,0.3824295877945887,0.0143140460705211,256,22,0,0,0,0,0,0,0,2,0,0,0,0.0281931894408712,0
1,met_543898_additional_004__marker_pdf_002__001.895779f8..jpg..pdf,data/raw/image_anomaly/anomalous/mitra/files/jpg/met_543898_additional_004/ebef9e844c144e6bf1d7/met_543898_additional_004__marker_pdf_002__001.895779f8..jpg..pdf,1136582,65,2,1,0,0,0.2153846153846154,document,0,0,0,0,0,1,0,1,0,0,25,7.905825540750796,5.072845754531357,0.3847183925136945,0.014488175952109,256,22,0,0,0,0,0,0,0,0,0,0,0,0.0,0
1,met_543898_additional_005__marker_pdf_002__001.12093aba..jpg..pdf,data/raw/image_anomaly/anomalous/mitra/files/jpg/met_543898_additional_005/362ec72ff16743478c5e/met_543898_additional_005__marker_pdf_002__001.12093aba..jpg..pdf,1435751,65,2,1,0,0,0.2153846153846154,document,0,0,0,0,0,1,0,1,0,0,42,7.901146471072959,5.072845754531357,0.3678910897502422,0.0116015938696891,256,22,0,0,0,0,0,0,0,0,0,0,0,0.0,0
1,met_543898_additional_005__marker_zip_002__001.3945cd3f..jpg..zip,data/raw/image_anomaly/anomalous/mitra/files/jpg/met_543898_additional_005/4035512e61eb2dc5d67f/met_543898_additional_005__marker_zip_002__001.3945cd3f..jpg..zip,1464951,65,2,1,0,0,0.2153846153846154,archive,0,0,0,1,0,1,0,1,0,0,43,7.90523270448316,7.988340858219542,0.3664047466434031,0.0115205218468057,256,22,0,0,0,0,0,0,0,0,0,0,0,0.0,0
1,met_543898_additional_005__marker_zip_002__002.77d6b574..zip..jpg,data/raw/image_anomaly/anomalous/mitra/files/jpg/met_543898_additional_005/4035512e61eb2dc5d67f/met_543898_additional_005__marker_zip_002__002.77d6b574..zip..jpg,1464947,65,2,1,0,0,0.2153846153846154,image,0,0,0,1,0,1,1,0,0,0,43,7.90523163069688,4.975225473011613,0.3664050644835615,0.0115205533032935,256,22,0,0,0,0,0,0,0,2,0,0,0,0.0224356239509006,0
1,met_543898_additional_005__marker_zip_001__001.140be129..jpg..zip,data/raw/image_anomaly/anomalous/mitra/files/jpg/met_543898_additional_005/4158844aa34b4a07f658/met_543898_additional_005__marker_zip_001__001.140be129..jpg..zip,1432465,65,2,1,0,0,0.2153846153846154,archive,0,0,0,1,0,1,0,1,0,0,43,7.900813429446257,5.66881507217416,0.3662462957210123,0.0116896398864893,256,22,0,0,0,0,0,0,0,0,0,0,0,0.0,0
1,met_543898_additional_005__marker_zip_001__002.87daf482..zip..jpg,data/raw/image_anomaly/anomalous/mitra/files/jpg/met_543898_additional_005/4158844aa34b4a07f658/met_543898_additional_005__marker_zip_001__002.87daf482..zip..jpg,1432461,65,2,1,0,0,0.2153846153846154,image,0,0,0,1,0,1,1,0,0,0,43,7.900812439016468,4.975225473011613,0.3662466203268361,0.0116896725286063,256,22,0,0,0,0,0,0,0,2,0,0,0,0.0014988191650592,0
1,met_543898_additional_005__marker_pdf_001__001.25fb717f..jpg..pdf,data/raw/image_anomaly/anomalous/mitra/files/jpg/met_543898_additional_005/7ba0314e8dd8a6674952/met_543898_additional_005__marker_pdf_001__001.25fb717f..jpg..pdf,1433960,65,2,1,0,0,0.2153846153846154,document,0,0,0,0,0,1,0,1,0,0,42,7.900981464370544,5.250824256483538,0.3671280928338308,0.0116160841306591,256,22,0,0,0,0,0,0,0,0,0,0,0,0.0,0
1,met_543898_primary_000__marker_zip_002__001.f7f213e2..jpg..zip,data/raw/image_anomaly/anomalous/mitra/files/jpg/met_543898_primary_000/7b1f5d40d0dc608387bf/met_543898_primary_000__marker_zip_002__001.f7f213e2..jpg..zip,1420551,62,2,1,0,0,0.2258064516129032,archive,0,0,0,1,0,1,0,1,0,0,32,7.953863872304063,7.988340858219542,0.3693897649574003,0.0069304093974802,256,6,0,0,1,0,0,0,1,0,0,0,0,0.0,0
1,met_543898_primary_000__marker_zip_002__002.7840af6d..zip..jpg,data/raw/image_anomaly/anomalous/mitra/files/jpg/met_543898_primary_000/7b1f5d40d0dc608387bf/met_543898_primary_000__marker_zip_002__002.7840af6d..zip..jpg,1420547,62,2,1,0,0,0.2258064516129032,image,0,0,0,1,0,1,1,0,0,0,32,7.953863568361509,3.5373045929141878,0.3693901011370972,0.0069304289122429,256,6,0,0,1,0,0,0,1,2,0,0,0,0.0231368620679217,0
1,met_543898_primary_000__marker_zip_001__001.f40edc28..jpg..zip,data/raw/image_anomaly/anomalous/mitra/files/jpg/met_543898_primary_000/b5a13cf20a1f4851f9f2/met_543898_primary_000__marker_zip_001__001.f40edc28..jpg..zip,1388065,62,2,1,0,0,0.2258064516129032,archive,0,0,0,1,0,1,0,1,0,0,32,7.951632291585019,3.527755921492194,0.3692961064503463,0.0069975109234798,256,6,0,0,1,0,0,0,1,0,0,0,0,0.0,0
1,met_543898_primary_000__marker_zip_001__002.5037f97e..zip..jpg,data/raw/image_anomaly/anomalous/mitra/files/jpg/met_543898_primary_000/b5a13cf20a1f4851f9f2/met_543898_primary_000__marker_zip_001__002.5037f97e..zip..jpg,1388061,62,2,1,0,0,0.2258064516129032,image,0,0,0,1,0,1,1,0,0,0,32,7.951632307918458,3.5373045929141878,0.3692964502280519,0.0069975310883311,256,6,0,0,1,0,0,0,1,2,0,0,0,0.0015467619938893,0
1,met_543898_primary_000__marker_pdf_001__001.ac099a04..jpg..pdf,data/raw/image_anomaly/anomalous/mitra/files/jpg/met_543898_primary_000/cf4b926cd816543d8929/met_543898_primary_000__marker_pdf_001__001.ac099a04..jpg..pdf,1389560,62,2,1,0,0,0.2258064516129032,document,0,0,0,0,0,1,0,1,0,0,31,7.951835605139176,5.250824256483538,0.3702027980080025,0.0069266530412504,256,6,0,0,1,0,0,0,1,0,0,0,0,0.0,0
1,met_543898_primary_000__marker_pdf_002__001.c1dfacc1..jpg..pdf,data/raw/image_anomaly/anomalous/mitra/files/jpg/met_543898_primary_000/d48a0ed44e8519f71a11/met_543898_primary_000__marker_pdf_002__001.c1dfacc1..jpg..pdf,1391351,62,2,1,0,0,0.2258064516129032,document,0,0,0,0,0,1,0,1,0,0,31,7.951959304839838,5.072845754531357,0.3709861853694718,0.0069177367896382,256,6,0,0,1,0,0,0,1,0,0,0,0,0.0,0
1,met_54480_primary_000__marker_zip_002__001.4b1f2995..jpg..zip,data/raw/image_anomaly/anomalous/mitra/files/jpg/met_54480_primary_000/06c2f2983211129f3119/met_54480_primary_000__marker_zip_002__001.4b1f2995..jpg..zip,2235894,61,2,1,0,0,0.2295081967213114,archive,0,0,0,1,0,1,0,1,0,0,56,7.980507776584367,7.988340858219542,0.3792581401443897,0.0079896453051888,256,6,0,0,0,0,0,0,0,0,0,0,0,0.0,0
1,met_54480_primary_000__marker_zip_002__002.5d5e2f29..zip..jpg,data/raw/image_anomaly/anomalous/mitra/files/jpg/met_54480_primary_000/06c2f2983211129f3119/met_54480_primary_000__marker_zip_002__002.5d5e2f29..zip..jpg,2235890,61,2,1,0,0,0.2295081967213114,image,0,0,0,1,0,1,1,0,0,0,56,7.980507772810356,3.48464479803749,0.3792583713867856,0.0079896595986385,256,6,0,0,0,0,0,0,0,2,0,0,0,0.0146997392537199,0
1,met_54480_primary_000__marker_pdf_001__001.5d3d0174..jpg..pdf,data/raw/image_anomaly/anomalous/mitra/files/jpg/met_54480_primary_000/9c284a4ef61de5045de6/met_54480_primary_000__marker_pdf_001__001.5d3d0174..jpg..pdf,2204903,61,2,1,0,0,0.2295081967213114,document,0,0,0,0,0,1,0,1,0,0,55,7.979947271304162,5.250824256483538,0.3799092295670149,0.0080021660816825,256,6,0,0,0,0,0,0,0,0,0,0,0,0.0,0
1,met_54480_primary_000__marker_zip_001__001.2787fcc9..jpg..zip,data/raw/image_anomaly/anomalous/mitra/files/jpg/met_54480_primary_000/e38373104b4298a13a99/met_54480_primary_000__marker_zip_001__001.2787fcc9..jpg..zip,2203408,61,2,1,0,0,0.2295081967213114,archive,0,0,0,1,0,1,0,1,0,0,56,7.979941477725656,3.4766843479173724,0.3793446334042538,0.0080475336387995,256,6,0,0,0,0,0,0,0,0,0,0,0,0.0,0
1,met_54480_primary_000__marker_zip_001__002.bd51ee23..zip..jpg,data/raw/image_anomaly/anomalous/mitra/files/jpg/met_54480_primary_000/e38373104b4298a13a99/met_54480_primary_000__marker_zip_001__002.bd51ee23..zip..jpg,2203404,61,2,1,0,0,0.2295081967213114,image,0,0,0,1,0,1,1,0,0,0,56,7.979941297565803,3.48464479803749,0.3793448682130013,0.0080475482480743,256,6,0,0,0,0,0,0,0,2,0,0,0,0.0009744014261569,0
1,met_54480_primary_000__marker_pdf_002__001.467a43f8..jpg..pdf,data/raw/image_anomaly/anomalous/mitra/files/jpg/met_54480_primary_000/f8d76d1b4d0cb45e440a/met_54480_primary_000__marker_pdf_002__001.467a43f8..jpg..pdf,2206694,61,2,1,0,0,0.2295081967213114,document,0,0,0,0,0,1,0,1,0,0,55,7.979918286954249,5.072845754531357,0.380395288155041,0.0079956713527113,256,6,0,0,0,0,0,0,0,0,0,0,0,0.0,0
1,met_54702_primary_000__marker_zip_001__001.f4d7cdd2..jpg..zip,data/raw/image_anomaly/anomalous/mitra/files/jpg/met_54702_primary_000/80980a0ebfcf3be53910/met_54702_primary_000__marker_zip_001__001.f4d7cdd2..jpg..zip,3760383,61,2,1,0,0,0.2295081967213114,archive,0,0,0,1,0,1,0,1,0,0,69,7.97984447464122,3.4769454156327133,0.3827716485262272,0.0069030202508627,256,6,0,0,1,0,0,0,1,0,0,0,0,0.0,0
1,met_54702_primary_000__marker_zip_001__002.dea3b785..zip..jpg,data/raw/image_anomaly/anomalous/mitra/files/jpg/met_54702_primary_000/80980a0ebfcf3be53910/met_54702_primary_000__marker_zip_001__002.dea3b785..zip..jpg,3760379,61,2,1,0,0,0.2295081967213114,image,0,0,0,1,0,1,1,0,0,0,69,7.979844201083778,3.490954267826752,0.3827717897584259,0.0069030275937611,256,6,0,0,1,0,0,0,1,2,0,0,0,0.0005709530874414,0
1,met_54702_primary_000__marker_pdf_001__001.436e062c..jpg..pdf,data/raw/image_anomaly/anomalous/mitra/files/jpg/met_54702_primary_000/8e83d540f9bcbae17489/met_54702_primary_000__marker_pdf_001__001.436e062c..jpg..pdf,3761878,61,2,1,0,0,0.2295081967213114,document,0,0,0,0,0,1,0,1,0,0,68,7.979844683382319,5.250824256483538,0.383101206365544,0.006876884364671,256,6,0,0,1,0,0,0,1,0,0,0,0,0.0,0
1,met_54702_primary_000__marker_zip_002__001.74468558..jpg..zip,data/raw/image_anomaly/anomalous/mitra/files/jpg/met_54702_primary_000/e1c1ab61a8958d106540/met_54702_primary_000__marker_zip_002__001.74468558..jpg..zip,3792869,61,2,1,0,0,0.2295081967213114,archive,0,0,0,1,0,1,0,1,0,0,69,7.9801804406920285,7.988340858219542,0.3826913083473223,0.0068786978933361,256,6,0,0,1,0,0,0,1,0,0,0,0,0.0,0
1,met_54702_primary_000__marker_zip_002__002.f5b46e5c..zip..jpg,data/raw/image_anomaly/anomalous/mitra/files/jpg/met_54702_primary_000/e1c1ab61a8958d106540/met_54702_primary_000__marker_zip_002__002.f5b46e5c..zip..jpg,3792865,61,2,1,0,0,0.2295081967213114,image,0,0,0,1,0,1,1,0,0,0,69,7.98018028699822,3.490954267826752,0.3826914482851354,0.0068787051476917,256,6,0,0,1,0,0,0,1,2,0,0,0,0.0086654811072896,0
1,met_54702_primary_000__marker_pdf_002__001.fe2cda9b..jpg..pdf,data/raw/image_anomaly/anomalous/mitra/files/jpg/met_54702_primary_000/e6c8cf628e9e90ca27e0/met_54702_primary_000__marker_pdf_002__001.fe2cda9b..jpg..pdf,3763669,61,2,1,0,0,0.2295081967213114,document,0,0,0,0,0,1,0,1,0,0,68,7.979826734387727,5.072845754531357,0.3833846706498366,0.0068736118930756,256,6,0,0,1,0,0,0,1,0,0,0,0,0.0,0
1,met_547431_primary_000__marker_zip_001__001.ce5adad1..jpg..zip,data/raw/image_anomaly/anomalous/mitra/files/jpg/met_547431_primary_000/792d12bf913ca01405a8/met_547431_primary_000__marker_zip_001__001.ce5adad1..jpg..zip,2393961,62,2,1,0,0,0.2258064516129032,archive,0,0,0,1,0,1,0,1,0,0,31,7.978641030600256,5.140056557852616,0.3817426432594349,0.0077089810569178,256,16,0,0,0,0,0,0,0,0,0,0,0,0.0,0
1,met_547431_primary_000__marker_zip_001__002.1576c448..zip..jpg,data/raw/image_anomaly/anomalous/mitra/files/jpg/met_547431_primary_000/792d12bf913ca01405a8/met_547431_primary_000__marker_zip_001__002.1576c448..zip..jpg,2393957,62,2,1,0,0,0.2258064516129032,image,0,0,0,1,0,1,1,0,0,0,31,7.97864029160104,4.862024797045987,0.3817428633847642,0.0077089939376521,256,16,0,0,0,0,0,0,0,2,0,0,0,0.0008968415055074,0
1,met_547431_primary_000__marker_pdf_001__001.7dea43b3..jpg..pdf,data/raw/image_anomaly/anomalous/mitra/files/jpg/met_547431_primary_000/92a0af033eca7af83a54/met_547431_primary_000__marker_pdf_001__001.7dea43b3..jpg..pdf,2395456,62,2,1,0,0,0.2258064516129032,document,0,0,0,0,0,1,0,1,0,0,30,7.978639557870055,5.250824256483538,0.3822608305057575,0.0076674336744235,256,16,0,0,0,0,0,0,0,0,0,0,0,0.0,0
1,met_547431_primary_000__marker_zip_002__001.ff209907..jpg..zip,data/raw/image_anomaly/anomalous/mitra/files/jpg/met_547431_primary_000/9fc5b6d5d198ee9b1e76/met_547431_primary_000__marker_zip_002__001.ff209907..jpg..zip,2426447,62,2,1,0,0,0.2258064516129032,archive,0,0,0,1,0,1,0,1,0,0,31,7.979199878908077,7.988340858219542,0.3816308371870475,0.0076601714358483,256,16,0,0,0,0,0,0,0,0,0,0,0,0.0,0
1,met_547431_primary_000__marker_zip_002__002.985e12d2..zip..jpg,data/raw/image_anomaly/anomalous/mitra/files/jpg/met_547431_primary_000/9fc5b6d5d198ee9b1e76/met_547431_primary_000__marker_zip_002__002.985e12d2..zip..jpg,2426443,62,2,1,0,0,0.2258064516129032,image,0,0,0,1,0,1,1,0,0,0,31,7.979199514183223,4.862024797045987,0.3816310541809554,0.0076601840636685,256,16,0,0,0,0,0,0,0,2,0,0,0,0.0135453418852204,0
1,met_547431_primary_000__marker_pdf_002__001.bb856380..jpg..pdf,data/raw/image_anomaly/anomalous/mitra/files/jpg/met_547431_primary_000/e203ba289299c00f7b32/met_547431_primary_000__marker_pdf_002__001.bb856380..jpg..pdf,2397247,62,2,1,0,0,0.2258064516129032,document,0,0,0,0,0,1,0,1,0,0,30,7.978616817253299,5.072845754531357,0.3827064962433992,0.0076617052810995,256,16,0,0,0,0,0,0,0,0,0,0,0,0.0,0
1,met_547635_primary_000__marker_pdf_001__001.2e381b8e..jpg..pdf,data/raw/image_anomaly/anomalous/mitra/files/jpg/met_547635_primary_000/3d350c30fb71a38c91d3/met_547635_primary_000__marker_pdf_001__001.2e381b8e..jpg..pdf,1343773,62,2,1,0,0,0.2258064516129032,document,0,0,0,0,0,1,0,1,0,0,6,7.936873249020798,5.250824256483538,0.3846602067462287,0.01131962020371,256,10,0,0,0,0,0,0,0,0,0,0,0,0.0,0
1,met_547635_primary_000__marker_zip_002__001.a4a99161..jpg..zip,data/raw/image_anomaly/anomalous/mitra/files/jpg/met_547635_primary_000/92bef09c551002f8969a/met_547635_primary_000__marker_zip_002__001.a4a99161..jpg..zip,1374764,62,2,1,0,0,0.2258064516129032,archive,0,0,0,1,0,1,0,1,0,0,7,7.939867186500698,7.988340858219542,0.3834941851837842,0.0112244719821002,256,10,0,0,0,0,0,0,0,0,0,0,0,0.0,0
1,met_547635_primary_000__marker_zip_002__002.26ba6c75..zip..jpg,data/raw/image_anomaly/anomalous/mitra/files/jpg/met_547635_primary_000/92bef09c551002f8969a/met_547635_primary_000__marker_zip_002__002.26ba6c75..zip..jpg,1374760,62,2,1,0,0,0.2258064516129032,image,0,0,0,1,0,1,1,0,0,0,7,7.939865477538285,5.20599917572372,0.3834945735983008,0.01122450464081,256,10,0,0,0,0,0,0,0,2,0,0,0,0.023907445663243,0
1,met_547635_primary_000__marker_pdf_002__001.951e2a1e..jpg..pdf,data/raw/image_anomaly/anomalous/mitra/files/jpg/met_547635_primary_000/be2316a5b5a44b40ce2e/met_547635_primary_000__marker_pdf_002__001.951e2a1e..jpg..pdf,1345564,62,2,1,0,0,0.2258064516129032,document,0,0,0,0,0,1,0,1,0,0,6,7.936829426809489,5.072845754531357,0.3854510079044921,0.0113045533322829,256,10,0,0,0,0,0,0,0,0,0,0,0,0.0,0
1,met_547635_primary_000__marker_zip_001__001.8fdb525e..jpg..zip,data/raw/image_anomaly/anomalous/mitra/files/jpg/met_547635_primary_000/fee74634719aea52e078/met_547635_primary_000__marker_zip_001__001.8fdb525e..jpg..zip,1342278,62,2,1,0,0,0.2258064516129032,archive,0,0,0,1,0,1,0,1,0,0,7,7.936951105259385,5.909367293599785,0.3837386890048112,0.0113977879396071,256,10,0,0,0,0,0,0,0,0,0,0,0,0.0,0
1,met_547635_primary_000__marker_zip_001__002.cf2529c2..zip..jpg,data/raw/image_anomaly/anomalous/mitra/files/jpg/met_547635_primary_000/fee74634719aea52e078/met_547635_primary_000__marker_zip_001__002.cf2529c2..zip..jpg,1342274,62,2,1,0,0,0.2258064516129032,image,0,0,0,1,0,1,1,0,0,0,7,7.936949010275958,5.20599917572372,0.3837390875484439,0.0113978219052145,256,10,0,0,0,0,0,0,0,2,0,0,0,0.0015995243892081,0
1,met_549684_primary_000__marker_pdf_002__001.cfb26527..jpg..pdf,data/raw/image_anomaly/anomalous/mitra/files/jpg/met_549684_primary_000/c264406fa61bf79f804e/met_549684_primary_000__marker_pdf_002__001.cfb26527..jpg..pdf,213566,62,2,1,0,0,0.2258064516129032,document,0,0,0,0,0,1,0,1,0,0,2,7.886244442854934,5.072845754531357,0.4304149536911306,0.0167723326746766,256,19,0,0,0,0,0,0,0,0,0,0,0,0.0,0
1,met_549684_primary_000__marker_zip_002__001.28a6ec7e..jpg..zip,data/raw/image_anomaly/anomalous/mitra/files/jpg/met_549684_primary_000/d534ecd5058048759b3f/met_549684_primary_000__marker_zip_002__001.28a6ec7e..jpg..zip,242766,62,2,1,0,0,0.2258064516129032,archive,0,0,0,1,0,1,0,1,0,0,3,7.916551069241284,7.988340858219542,0.4139253437466531,0.0156611716632477,256,19,0,0,0,0,0,0,0,0,0,0,0,0.0,0
1,met_549684_primary_000__marker_zip_002__002.59f8ac9b..zip..jpg,data/raw/image_anomaly/anomalous/mitra/files/jpg/met_549684_primary_000/d534ecd5058048759b3f/met_549684_primary_000__marker_zip_002__002.59f8ac9b..zip..jpg,242762,62,2,1,0,0,0.2258064516129032,image,0,0,0,1,0,1,1,0,0,0,3,7.916547500602692,4.956896054032788,0.4139280447516497,0.0156614297130522,256,19,0,0,0,0,0,0,0,2,0,0,0,0.1353877460228536,0
1,met_549684_primary_000__marker_zip_001__001.943bafae..jpg..zip,data/raw/image_anomaly/anomalous/mitra/files/jpg/met_549684_primary_000/f978bbc9ebf6451aeb1b/met_549684_primary_000__marker_zip_001__001.943bafae..jpg..zip,210280,62,2,1,0,0,0.2258064516129032,archive,0,0,0,1,0,1,0,1,0,0,3,7.891858623157522,5.64675783687935,0.4201873692219897,0.017452919916302,256,19,0,0,0,0,0,0,0,0,0,0,0,0.0,0
1,met_549684_primary_000__marker_zip_001__002.334de438..zip..jpg,data/raw/image_anomaly/anomalous/mitra/files/jpg/met_549684_primary_000/f978bbc9ebf6451aeb1b/met_549684_primary_000__marker_zip_001__002.334de438..zip..jpg,210276,62,2,1,0,0,0.2258064516129032,image,0,0,0,1,0,1,1,0,0,0,3,7.891853656103388,4.956896054032788,0.4201906066312846,0.0174532519165287,256,19,0,0,0,0,0,0,0,2,0,0,0,0.0102103901538929,0
1,met_549684_primary_000__marker_pdf_001__001.154802ae..jpg..pdf,data/raw/image_anomaly/anomalous/mitra/files/jpg/met_549684_primary_000/f9980059f0aa087b3024/met_549684_primary_000__marker_pdf_001__001.154802ae..jpg..pdf,211775,62,2,1,0,0,0.2258064516129032,document,0,0,0,0,0,1,0,1,0,0,2,7.888269728548341,5.250824256483538,0.425777358045095,0.0169141777830244,256,19,0,0,0,0,0,0,0,0,0,0,0,0.0,0
1,met_549816_primary_000__marker_zip_001__001.1ad5e1ac..jpg..zip,data/raw/image_anomaly/anomalous/mitra/files/jpg/met_549816_primary_000/3538594abc373c6d3fd1/met_549816_primary_000__marker_zip_001__001.1ad5e1ac..jpg..zip,1085945,62,2,1,0,0,0.2258064516129032,archive,0,0,0,1,0,1,0,1,0,0,22,7.961694610435424,5.652181093876462,0.3838527733909176,0.007968175183826,256,19,0,0,0,0,0,0,0,0,0,0,0,0.0,0
1,met_549816_primary_000__marker_zip_001__002.0ec2208b..zip..jpg,data/raw/image_anomaly/anomalous/mitra/files/jpg/met_549816_primary_000/3538594abc373c6d3fd1/met_549816_primary_000__marker_zip_001__002.0ec2208b..zip..jpg,1085941,62,2,1,0,0,0.2258064516129032,image,0,0,0,1,0,1,1,0,0,0,22,7.961693659430394,4.961101748505612,0.38385326642976,0.0079682045341321,256,19,0,0,0,0,0,0,0,2,0,0,0,0.0019770871529852,0
1,met_549816_primary_000__marker_pdf_001__001.81dd6284..jpg..pdf,data/raw/image_anomaly/anomalous/mitra/files/jpg/met_549816_primary_000/79f5c7bef7bf000ca69d/met_549816_primary_000__marker_pdf_001__001.81dd6284..jpg..pdf,1087440,62,2,1,0,0,0.2258064516129032,document,0,0,0,0,0,1,0,1,0,0,21,7.961559874107503,5.250824256483538,0.3849913558449201,0.0078762966232619,256,19,0,0,0,0,0,0,0,0,0,0,0,0.0,0
1,met_549816_primary_000__marker_pdf_002__001.5bde44a5..jpg..pdf,data/raw/image_anomaly/anomalous/mitra/files/jpg/met_549816_primary_000/a179fa78be28d8ce20c0/met_549816_primary_000__marker_pdf_002__001.5bde44a5..jpg..pdf,1089231,62,2,1,0,0,0.2258064516129032,document,0,0,0,0,0,1,0,1,0,0,21,7.961475707623141,5.072845754531357,0.3859677148373485,0.007863345791664,256,19,0,0,0,0,0,0,0,0,0,0,0,0.0,0
1,met_549816_primary_000__marker_zip_002__001.ac69ed76..jpg..zip,data/raw/image_anomaly/anomalous/mitra/files/jpg/met_549816_primary_000/e75fea949fb52020c2f1/met_549816_primary_000__marker_zip_002__001.ac69ed76..jpg..zip,1118431,62,2,1,0,0,0.2258064516129032,archive,0,0,0,1,0,1,0,1,0,0,22,7.963869850466076,7.988340858219542,0.3835489180825638,0.0078547536683085,256,19,0,0,0,0,0,0,0,0,0,0,0,0.0,0
1,met_549816_primary_000__marker_zip_002__002.4977476b..zip..jpg,data/raw/image_anomaly/anomalous/mitra/files/jpg/met_549816_primary_000/e75fea949fb52020c2f1/met_549816_primary_000__marker_zip_002__002.4977476b..zip..jpg,1118427,62,2,1,0,0,0.2258064516129032,image,0,0,0,1,0,1,1,0,0,0,22,7.963869274025523,4.961101748505612,0.3835493957138016,0.0078547817604546,256,19,0,0,0,0,0,0,0,2,0,0,0,0.0293868084372069,0
1,met_551350_additional_001__marker_zip_002__001.040ae3c5..jpg..zip,data/raw/image_anomaly/anomalous/mitra/files/jpg/met_551350_additional_001/3cd5384baadd0b0611cc/met_551350_additional_001__marker_zip_002__001.040ae3c5..jpg..zip,2820594,65,2,1,0,0,0.2153846153846154,archive,0,0,0,1,0,1,0,1,0,0,45,7.949053277136366,7.988340858219542,0.3739120199504076,0.0127065433734879,256,16,0,0,0,0,0,0,0,0,0,0,0,0.0,0
1,met_551350_additional_001__marker_zip_002__002.2bec3182..zip..jpg,data/raw/image_anomaly/anomalous/mitra/files/jpg/met_551350_additional_001/3cd5384baadd0b0611cc/met_551350_additional_001__marker_zip_002__002.2bec3182..zip..jpg,2820590,65,2,1,0,0,0.2153846153846154,image,0,0,0,1,0,1,1,0,0,0,45,7.949053028450195,6.324921466144964,0.3739121956753728,0.0127065613931836,256,16,0,0,0,0,0,0,0,2,0,0,0,0.0116525265990448,0
1,met_551350_additional_001__marker_pdf_001__001.1b93c2bb..jpg..pdf,data/raw/image_anomaly/anomalous/mitra/files/jpg/met_551350_additional_001/a4dcc23af76547e3bb3c/met_551350_additional_001__marker_pdf_001__001.1b93c2bb..jpg..pdf,2789603,65,2,1,0,0,0.2153846153846154,document,0,0,0,0,0,1,0,1,0,0,44,7.9479779214282384,5.250824256483538,0.374367248673019,0.0127688420180219,256,16,0,0,0,0,0,0,0,0,0,0,0,0.0,0
1,met_551350_additional_001__marker_zip_001__001.71a5c234..jpg..zip,data/raw/image_anomaly/anomalous/mitra/files/jpg/met_551350_additional_001/c649c04a3928d5a3cce8/met_551350_additional_001__marker_zip_001__001.71a5c234..jpg..zip,2788108,65,2,1,0,0,0.2153846153846154,archive,0,0,0,1,0,1,0,1,0,0,45,7.947908147406212,6.157088914475062,0.3739180835175681,0.0128072513690287,256,16,0,0,0,0,0,0,0,0,0,0,0,0.0,0
1,met_551350_additional_001__marker_zip_001__002.593095c2..zip..jpg,data/raw/image_anomaly/anomalous/mitra/files/jpg/met_551350_additional_001/c649c04a3928d5a3cce8/met_551350_additional_001__marker_zip_001__002.593095c2..zip..jpg,2788104,65,2,1,0,0,0.2153846153846154,image,0,0,0,1,0,1,1,0,0,0,45,7.9479078546416915,6.324921466144964,0.3739182612987177,0.0128072697431659,256,16,0,0,0,0,0,0,0,2,0,0,0,0.0007700573579751,0
1,met_551350_additional_001__marker_pdf_002__001.0b464116..jpg..pdf,data/raw/image_anomaly/anomalous/mitra/files/jpg/met_551350_additional_001/e2198c6f689483c5d885/met_551350_additional_001__marker_pdf_002__001.0b464116..jpg..pdf,2791394,65,2,1,0,0,0.2153846153846154,document,0,0,0,0,0,1,0,1,0,0,44,7.948006069007088,5.072845754531357,0.3747550507022656,0.0127606493386458,256,16,0,0,0,0,0,0,0,0,0,0,0,0.0,0
1,met_551350_additional_002__marker_zip_001__001.e8d371bc..jpg..zip,data/raw/image_anomaly/anomalous/mitra/files/jpg/met_551350_additional_002/047230b716dd1356c804/met_551350_additional_002__marker_zip_001__001.e8d371bc..jpg..zip,3086307,65,2,1,0,0,0.2153846153846154,archive,0,0,0,1,0,1,0,1,0,0,62,7.950274292851408,6.147433936189086,0.3745259301812814,0.0123516552306688,256,17,0,0,0,0,0,0,0,0,0,0,0,0.0,0
1,met_551350_additional_002__marker_zip_001__002.8cbcdfef..zip..jpg,data/raw/image_anomaly/anomalous/mitra/files/jpg/met_551350_additional_002/047230b716dd1356c804/met_551350_additional_002__marker_zip_001__002.8cbcdfef..zip..jpg,3086303,65,2,1,0,0,0.2153846153846154,image,0,0,0,1,0,1,1,0,0,0,62,7.9502739974679635,6.321483489100105,0.374526091572992,0.0123516712390196,256,17,0,0,0,0,0,0,0,2,0,0,0,0.0006956543152114,0
1,met_551350_additional_002__marker_pdf_002__001.e4c83e9f..jpg..pdf,data/raw/image_anomaly/anomalous/mitra/files/jpg/met_551350_additional_002/0c679703e25915133903/met_551350_additional_002__marker_pdf_002__001.e4c83e9f..jpg..pdf,3089593,65,2,1,0,0,0.2153846153846154,document,0,0,0,0,0,1,0,1,0,0,61,7.950355420132969,5.072845754531357,0.3752814691125983,0.0123100356584184,256,17,0,0,0,0,0,0,0,0,0,0,0,0.0,0
1,met_551350_additional_002__marker_zip_002__001.e6b923f1..jpg..zip,data/raw/image_anomaly/anomalous/mitra/files/jpg/met_551350_additional_002/e17c067730c27d1f627c/met_551350_additional_002__marker_zip_002__001.e6b923f1..jpg..zip,3118793,65,2,1,0,0,0.2153846153846154,archive,0,0,0,1,0,1,0,1,0,0,62,7.95126534915256,7.988340858219542,0.37451411491561,0.0122653218729168,256,17,0,0,0,0,0,0,0,0,0,0,0,0.0,0
1,met_551350_additional_002__marker_zip_002__002.dd5871d6..zip..jpg,data/raw/image_anomaly/anomalous/mitra/files/jpg/met_551350_additional_002/e17c067730c27d1f627c/met_551350_additional_002__marker_zip_002__002.dd5871d6..zip..jpg,3118789,65,2,1,0,0,0.2153846153846154,image,0,0,0,1,0,1,1,0,0,0,62,7.951265074085813,6.321483489100105,0.374514274611075,0.0122653376037942,256,17,0,0,0,0,0,0,0,2,0,0,0,0.0105383852514549,0
1,met_551350_additional_002__marker_pdf_001__001.77df2f82..jpg..pdf,data/raw/image_anomaly/anomalous/mitra/files/jpg/met_551350_additional_002/f6e60e867f418a700aae/met_551350_additional_002__marker_pdf_001__001.77df2f82..jpg..pdf,3087802,65,2,1,0,0,0.2153846153846154,document,0,0,0,0,0,1,0,1,0,0,61,7.950333361276772,5.250824256483538,0.3749314237117535,0.0123171757774624,256,17,0,0,0,0,0,0,0,0,0,0,0,0.0,0
1,met_551350_additional_003__marker_zip_002__001.9c1ebddd..jpg..zip,data/raw/image_anomaly/anomalous/mitra/files/jpg/met_551350_additional_003/3f575fb845334929c586/met_551350_additional_003__marker_zip_002__001.9c1ebddd..jpg..zip,2671434,65,2,1,0,0,0.2153846153846154,archive,0,0,0,1,0,1,0,1,0,0,49,7.932149836580595,7.988340858219542,0.3729502581759459,0.0142080994701722,256,16,0,0,0,0,0,0,0,0,0,0,0,0.0,0
1,met_551350_additional_003__marker_zip_002__002.0000f26f..zip..jpg,data/raw/image_anomaly/anomalous/mitra/files/jpg/met_551350_additional_003/3f575fb845334929c586/met_551350_additional_003__marker_zip_002__002.0000f26f..zip..jpg,2671430,65,2,1,0,0,0.2153846153846154,image,0,0,0,1,0,1,1,0,0,0,49,7.93214961598402,6.365675765979199,0.3729504422724907,0.0142081207443204,256,16,0,0,0,0,0,0,0,2,0,0,0,0.0123031485009901,0
1,met_551350_additional_003__marker_zip_001__001.a4824d60..jpg..zip,data/raw/image_anomaly/anomalous/mitra/files/jpg/met_551350_additional_003/6158322b789a6598508a/met_551350_additional_003__marker_zip_001__001.a4824d60..jpg..zip,2638948,65,2,1,0,0,0.2153846153846154,archive,0,0,0,1,0,1,0,1,0,0,49,7.930553126772376,6.184909257982536,0.3729448249832888,0.0143329842043117,256,16,0,0,0,0,0,0,0,0,0,0,0,0.0,0
1,met_551350_additional_003__marker_zip_001__002.d74ef0b6..zip..jpg,data/raw/image_anomaly/anomalous/mitra/files/jpg/met_551350_additional_003/6158322b789a6598508a/met_551350_additional_003__marker_zip_001__002.d74ef0b6..zip..jpg,2638944,65,2,1,0,0,0.2153846153846154,image,0,0,0,1,0,1,1,0,0,0,49,7.93055282594174,6.365675765979199,0.3729450113378685,0.0143330059296445,256,16,0,0,0,0,0,0,0,2,0,0,0,0.0008135830089611,0
1,met_551350_additional_003__marker_pdf_001__001.40d93b1e..jpg..pdf,data/raw/image_anomaly/anomalous/mitra/files/jpg/met_551350_additional_003/677c443333f8b6e42a5f/met_551350_additional_003__marker_pdf_001__001.40d93b1e..jpg..pdf,2640443,65,2,1,0,0,0.2153846153846154,document,0,0,0,0,0,1,0,1,0,0,48,7.930643548314221,5.250824256483538,0.3734199147643028,0.0142915412300132,256,16,0,0,0,0,0,0,0,0,0,0,0,0.0,0
1,met_551350_additional_003__marker_pdf_002__001.87364d18..jpg..pdf,data/raw/image_anomaly/anomalous/mitra/files/jpg/met_551350_additional_003/6c22d6b82953b093ba9f/met_551350_additional_003__marker_pdf_002__001.87364d18..jpg..pdf,2642234,65,2,1,0,0,0.2153846153846154,document,0,0,0,0,0,1,0,1,0,0,48,7.930691072535526,5.072845754531357,0.3738302512192334,0.0142818539160422,256,16,0,0,0,0,0,0,0,0,0,0,0,0.0,0
1,met_551350_additional_004__marker_zip_001__001.dac5fb16..jpg..zip,data/raw/image_anomaly/anomalous/mitra/files/jpg/met_551350_additional_004/082e94fe2d8b1a2847ce/met_551350_additional_004__marker_zip_001__001.dac5fb16..jpg..zip,2791181,65,2,1,0,0,0.2153846153846154,archive,0,0,0,1,0,1,0,1,0,0,52,7.938125767203526,6.17140067303119,0.3698617180326177,0.013709608943311,256,16,0,0,0,0,0,0,0,0,0,0,0,0.0,0
1,met_551350_additional_004__marker_zip_001__002.eec8d21d..zip..jpg,data/raw/image_anomaly/anomalous/mitra/files/jpg/met_551350_additional_004/082e94fe2d8b1a2847ce/met_551350_additional_004__marker_zip_001__002.eec8d21d..zip..jpg,2791177,65,2,1,0,0,0.2153846153846154,image,0,0,0,1,0,1,1,0,0,0,52,7.938125533934293,6.356011241758025,0.3698618898049102,0.013709628590376,256,16,0,0,0,0,0,0,0,2,0,0,0,0.0007692095485166,0
1,met_551350_additional_004__marker_pdf_002__001.d4e7b66d..jpg..pdf,data/raw/image_anomaly/anomalous/mitra/files/jpg/met_551350_additional_004/44fb2173ba84b3ef028b/met_551350_additional_004__marker_pdf_002__001.d4e7b66d..jpg..pdf,2794467,65,2,1,0,0,0.2153846153846154,document,0,0,0,0,0,1,0,1,0,0,51,7.938280154755752,5.072845754531357,0.3707025346872946,0.0136619970820911,256,16,0,0,0,0,0,0,0,0,0,0,0,0.0,0
1,met_551350_additional_004__marker_zip_002__001.a04b30c1..jpg..zip,data/raw/image_anomaly/anomalous/mitra/files/jpg/met_551350_additional_004/6e5d6b2fe506ecc8919e/met_551350_additional_004__marker_zip_002__001.a04b30c1..jpg..zip,2823667,65,2,1,0,0,0.2153846153846154,archive,0,0,0,1,0,1,0,1,0,0,52,7.939481329910874,7.988340858219542,0.3699023291344199,0.0135986290168068,256,16,0,0,0,0,0,0,0,0,0,0,0,0.0,0
1,met_551350_additional_004__marker_zip_002__002.b50597a3..zip..jpg,data/raw/image_anomaly/anomalous/mitra/files/jpg/met_551350_additional_004/6e5d6b2fe506ecc8919e/met_551350_additional_004__marker_zip_002__002.b50597a3..zip..jpg,2823663,65,2,1,0,0,0.2153846153846154,image,0,0,0,1,0,1,1,0,0,0,52,7.939481122709413,6.356011241758025,0.3699024989880166,0.0135986482806198,256,16,0,0,0,0,0,0,0,2,0,0,0,0.0116398451231609,0
1,met_551350_additional_004__marker_pdf_001__001.aa31d945..jpg..pdf,data/raw/image_anomaly/anomalous/mitra/files/jpg/met_551350_additional_004/df0da5ff0b00651d7b82/met_551350_additional_004__marker_pdf_001__001.aa31d945..jpg..pdf,2792676,65,2,1,0,0,0.2153846153846154,document,0,0,0,0,0,1,0,1,0,0,51,7.938225401487929,5.250824256483538,0.3703125604259141,0.0136707587990873,256,16,0,0,0,0,0,0,0,0,0,0,0,0.0,0
1,met_551350_additional_005__marker_zip_002__001.3ead20be..jpg..zip,data/raw/image_anomaly/anomalous/mitra/files/jpg/met_551350_additional_005/aee1f32d042ed076aa20/met_551350_additional_005__marker_zip_002__001.3ead20be..jpg..zip,2495916,65,2,1,0,0,0.2153846153846154,archive,0,0,0,1,0,1,0,1,0,0,48,7.950387784330649,7.988340858219542,0.3719668450380541,0.0124892023609768,256,15,0,0,0,0,0,0,0,0,0,0,0,0.0,0
1,met_551350_additional_005__marker_zip_002__002.85b0fa08..zip..jpg,data/raw/image_anomaly/anomalous/mitra/files/jpg/met_551350_additional_005/aee1f32d042ed076aa20/met_551350_additional_005__marker_zip_002__002.85b0fa08..zip..jpg,2495912,65,2,1,0,0,0.2153846153846154,image,0,0,0,1,0,1,1,0,0,0,48,7.950387596710878,6.325393852084277,0.3719670405046332,0.0124892223764299,256,15,0,0,0,0,0,0,0,2,0,0,0,0.0131683328578892,0
1,met_551350_additional_005__marker_pdf_002__001.aad77ac6..jpg..pdf,data/raw/image_anomaly/anomalous/mitra/files/jpg/met_551350_additional_005/b2193d01918ae11b78a3/met_551350_additional_005__marker_pdf_002__001.aad77ac6..jpg..pdf,2466716,65,2,1,0,0,0.2153846153846154,document,0,0,0,0,0,1,0,1,0,0,47,7.949267587976079,5.072845754531357,0.3728978123140239,0.012547857150965,256,15,0,0,0,0,0,0,0,0,0,0,0,0.0,0
1,met_551350_additional_005__marker_pdf_001__001.91340d17..jpg..pdf,data/raw/image_anomaly/anomalous/mitra/files/jpg/met_551350_additional_005/eb38507d5c8094a9c4bb/met_551350_additional_005__marker_pdf_001__001.91340d17..jpg..pdf,2464925,65,2,1,0,0,0.2153846153846154,document,0,0,0,0,0,1,0,1,0,0,47,7.949223331364374,5.250824256483538,0.3724575798452285,0.0125569743501323,256,15,0,0,0,0,0,0,0,0,0,0,0,0.0,0
1,met_551350_additional_005__marker_zip_001__001.e27f17f2..jpg..zip,data/raw/image_anomaly/anomalous/mitra/files/jpg/met_551350_additional_005/fbe2ce4b02c588ce0609/met_551350_additional_005__marker_zip_001__001.e27f17f2..jpg..zip,2463430,65,2,1,0,0,0.2153846153846154,archive,0,0,0,1,0,1,0,1,0,0,48,7.949125949330651,6.159898070572872,0.3719480561655902,0.0126003174435644,256,15,0,0,0,0,0,0,0,0,0,0,0,0.0,0
1,met_551350_additional_005__marker_zip_001__002.b144c538..zip..jpg,data/raw/image_anomaly/anomalous/mitra/files/jpg/met_551350_additional_005/fbe2ce4b02c588ce0609/met_551350_additional_005__marker_zip_001__002.b144c538..zip..jpg,2463426,65,2,1,0,0,0.2153846153846154,image,0,0,0,1,0,1,1,0,0,0,48,7.9491257030533085,6.325393852084277,0.3719482541793421,0.0126003379033914,256,15,0,0,0,0,0,0,0,2,0,0,0,0.0008715504342326,0
1,met_551350_additional_006__marker_pdf_001__001.e762c36d..jpg..pdf,data/raw/image_anomaly/anomalous/mitra/files/jpg/met_551350_additional_006/02bd4f46a1b2bc017b57/met_551350_additional_006__marker_pdf_001__001.e762c36d..jpg..pdf,1048574,65,2,1,0,0,0.2153846153846154,document,0,0,0,0,0,1,0,1,0,0,12,7.909618435519444,5.250824256483538,0.3826749471186583,0.0176706651128103,256,17,0,0,0,0,0,0,0,0,0,0,0,0.0,0
1,met_551350_additional_006__marker_pdf_002__001.3ad1505e..jpg..pdf,data/raw/image_anomaly/anomalous/mitra/files/jpg/met_551350_additional_006/a16aa338fae0084608fe/met_551350_additional_006__marker_pdf_002__001.3ad1505e..jpg..pdf,1050365,65,2,1,0,0,0.2153846153846154,document,0,0,0,0,0,1,0,1,0,0,12,7.909728677305237,5.072845754531357,0.3836913834714599,0.0176405344808709,256,17,0,0,0,0,0,0,0,0,0,0,0,0.0,0
1,met_551350_additional_006__marker_zip_002__001.3c17e513..jpg..zip,data/raw/image_anomaly/anomalous/mitra/files/jpg/met_551350_additional_006/a2d1b345357dbc1cbcfc/met_551350_additional_006__marker_zip_002__001.3c17e513..jpg..zip,1079565,65,2,1,0,0,0.2153846153846154,archive,0,0,0,1,0,1,0,1,0,0,13,7.914522460156201,7.988340858219542,0.3812470763687225,0.0173671802994724,256,17,0,0,0,0,0,0,0,0,0,0,0,0.0,0
1,met_551350_additional_006__marker_zip_002__002.db871b23..zip..jpg,data/raw/image_anomaly/anomalous/mitra/files/jpg/met_551350_additional_006/a2d1b345357dbc1cbcfc/met_551350_additional_006__marker_zip_002__002.db871b23..zip..jpg,1079561,65,2,1,0,0,0.2153846153846154,image,0,0,0,1,0,1,1,0,0,0,13,7.914520964986078,4.889998060770651,0.3812475626666765,0.0173672446485191,256,17,0,0,0,0,0,0,0,2,0,0,0,0.0304447826477614,0
1,met_551350_additional_006__marker_zip_001__001.8c5c22b4..jpg..zip,data/raw/image_anomaly/anomalous/mitra/files/jpg/met_551350_additional_006/b0415a7f82de4405e9b3/met_551350_additional_006__marker_zip_001__001.8c5c22b4..jpg..zip,1047079,65,2,1,0,0,0.2153846153846154,archive,0,0,0,1,0,1,0,1,0,0,13,7.909448681045872,5.6103383234606135,0.381490794868391,0.0177799382854588,256,17,0,0,0,0,0,0,0,0,0,0,0,0.0,0
1,met_551350_additional_006__marker_zip_001__002.3fff88b3..zip..jpg,data/raw/image_anomaly/anomalous/mitra/files/jpg/met_551350_additional_006/b0415a7f82de4405e9b3/met_551350_additional_006__marker_zip_001__002.3fff88b3..zip..jpg,1047075,65,2,1,0,0,0.2153846153846154,image,0,0,0,1,0,1,1,0,0,0,13,7.909446088030014,4.889998060770651,0.3814912971850154,0.0177800062077692,256,17,0,0,0,0,0,0,0,2,0,0,0,0.0020504739393071,0
1,met_551350_primary_000__marker_pdf_002__001.733f34c5..jpg..pdf,data/raw/image_anomaly/anomalous/mitra/files/jpg/met_551350_primary_000/7abe360215e5048e4ee8/met_551350_primary_000__marker_pdf_002__001.733f34c5..jpg..pdf,2627659,62,2,1,0,0,0.2258064516129032,document,0,0,0,0,0,1,0,1,0,0,49,7.950621961425923,5.072845754531357,0.373221943943259,0.0124487233693565,256,17,0,0,1,0,0,0,1,0,0,0,0,0.0,0
1,met_551350_primary_000__marker_zip_001__001.b784c86a..jpg..zip,data/raw/image_anomaly/anomalous/mitra/files/jpg/met_551350_primary_000/98972d048098bdc11de9/met_551350_primary_000__marker_zip_001__001.b784c86a..jpg..zip,2624373,62,2,1,0,0,0.2258064516129032,archive,0,0,0,1,0,1,0,1,0,0,50,7.950505903172926,6.160359609540212,0.3723308386422204,0.0124978423417707,256,17,0,0,1,0,0,0,1,0,0,0,0,0.0,0
1,met_551350_primary_000__marker_zip_001__002.dfebfa84..zip..jpg,data/raw/image_anomaly/anomalous/mitra/files/jpg/met_551350_primary_000/98972d048098bdc11de9/met_551350_primary_000__marker_zip_001__002.dfebfa84..zip..jpg,2624369,62,2,1,0,0,0.2258064516129032,image,0,0,0,1,0,1,1,0,0,0,50,7.950505639731213,6.321920699677467,0.3723310250959373,0.0124978613906809,256,17,0,0,1,0,0,0,1,2,0,0,0,0.0008181014179027,0
1,met_551350_primary_000__marker_pdf_001__001.00955bae..jpg..pdf,data/raw/image_anomaly/anomalous/mitra/files/jpg/met_551350_primary_000/a9ea9df4621641043fd9/met_551350_primary_000__marker_pdf_001__001.00955bae..jpg..pdf,2625868,62,2,1,0,0,0.2258064516129032,document,0,0,0,0,0,1,0,1,0,0,49,7.950586889844403,5.250824256483538,0.3728089149949655,0.0124572141478551,256,17,0,0,1,0,0,0,1,0,0,0,0,0.0,0
1,met_551350_primary_000__marker_zip_002__001.a910719d..jpg..zip,data/raw/image_anomaly/anomalous/mitra/files/jpg/met_551350_primary_000/f1e3d2d698dcee7311ba/met_551350_primary_000__marker_zip_002__001.a910719d..jpg..zip,2656859,62,2,1,0,0,0.2258064516129032,archive,0,0,0,1,0,1,0,1,0,0,50,7.951662980652158,7.988340858219542,0.3723438089864761,0.0123947111984489,256,17,0,0,1,0,0,0,1,0,0,0,0,0.0,0
1,met_551350_primary_000__marker_zip_002__002.678b6e98..zip..jpg,data/raw/image_anomaly/anomalous/mitra/files/jpg/met_551350_primary_000/f1e3d2d698dcee7311ba/met_551350_primary_000__marker_zip_002__002.678b6e98..zip..jpg,2656855,62,2,1,0,0,0.2258064516129032,image,0,0,0,1,0,1,1,0,0,0,50,7.951662730197383,6.321920699677467,0.3723439931799063,0.0123947298591756,256,17,0,0,1,0,0,0,1,2,0,0,0,0.0123706412280685,0
1,met_551422_primary_000__marker_zip_002__001.aff2622e..jpg..zip,data/raw/image_anomaly/anomalous/mitra/files/jpg/met_551422_primary_000/45e1ca01dd53bea95e96/met_551422_primary_000__marker_zip_002__001.aff2622e..jpg..zip,216303,62,2,1,0,0,0.2258064516129032,archive,0,0,0,1,0,1,0,1,0,0,5,7.811146150430111,7.988340858219542,0.4274004521435209,0.0268789614568452,256,19,0,0,0,0,0,0,0,0,0,0,0,0.0,0
1,met_551422_primary_000__marker_zip_002__002.b085d7d3..zip..jpg,data/raw/image_anomaly/anomalous/mitra/files/jpg/met_551422_primary_000/45e1ca01dd53bea95e96/met_551422_primary_000__marker_zip_002__002.b085d7d3..zip..jpg,216299,62,2,1,0,0,0.2258064516129032,image,0,0,0,1,0,1,1,0,0,0,5,7.811146114602565,5.206518230220605,0.4274037327958058,0.0268794585273163,256,19,0,0,0,0,0,0,0,2,0,0,0,0.1519516964942047,0
1,met_551422_primary_000__marker_pdf_002__001.cc0cc232..jpg..pdf,data/raw/image_anomaly/anomalous/mitra/files/jpg/met_551422_primary_000/5ae63f7cfce6148c52e2/met_551422_primary_000__marker_pdf_002__001.cc0cc232..jpg..pdf,187103,62,2,1,0,0,0.2258064516129032,document,0,0,0,0,0,1,0,1,0,0,4,7.745644983140521,5.072845754531357,0.4483252540044788,0.0298979706364943,256,19,0,0,0,0,0,0,0,0,0,0,0,0.0,0
1,met_551422_primary_000__marker_pdf_001__001.e1bb49b3..jpg..pdf,data/raw/image_anomaly/anomalous/mitra/files/jpg/met_551422_primary_000/c7373713de8db97b91ca/met_551422_primary_000__marker_pdf_001__001.e1bb49b3..jpg..pdf,185312,62,2,1,0,0,0.2258064516129032,document,0,0,0,0,0,1,0,1,0,0,4,7.746812217213844,5.250824256483538,0.4431984976687964,0.0301869279917112,256,19,0,0,0,0,0,0,0,0,0,0,0,0.0,0
1,met_551422_primary_000__marker_zip_001__001.b85066d3..jpg..zip,data/raw/image_anomaly/anomalous/mitra/files/jpg/met_551422_primary_000/f1db7e24dc0de52fe400/met_551422_primary_000__marker_zip_001__001.b85066d3..jpg..zip,183817,62,2,1,0,0,0.2258064516129032,archive,0,0,0,1,0,1,0,1,0,0,5,7.750006260619064,5.796961806816605,0.4369454403020395,0.0309111779650413,256,19,0,0,0,0,0,0,0,0,0,0,0,0.0,0
1,met_551422_primary_000__marker_zip_001__002.e8be63a5..zip..jpg,data/raw/image_anomaly/anomalous/mitra/files/jpg/met_551422_primary_000/f1db7e24dc0de52fe400/met_551422_primary_000__marker_zip_001__002.e8be63a5..zip..jpg,183813,62,2,1,0,0,0.2258064516129032,image,0,0,0,1,0,1,1,0,0,0,5,7.749994397686456,5.206518230220605,0.436949508467845,0.0309118506308041,256,19,0,0,0,0,0,0,0,2,0,0,0,0.0116803490503936,0
1,met_552299_primary_000__marker_pdf_001__001.97fe7359..jpg..pdf,data/raw/image_anomaly/anomalous/mitra/files/jpg/met_552299_primary_000/3d42fcbf0dcc3fbe8847/met_552299_primary_000__marker_pdf_001__001.97fe7359..jpg..pdf,566985,62,2,1,0,0,0.2258064516129032,document,0,0,0,0,0,1,0,1,0,0,8,7.920658423689425,5.250824256483538,0.3797525507729481,0.0095505172094499,256,15,0,0,0,0,0,0,0,0,0,0,0,0.0,0
1,met_552299_primary_000__marker_pdf_002__001.a1dab00d..jpg..pdf,data/raw/image_anomaly/anomalous/mitra/files/jpg/met_552299_primary_000/4dd1c33510a7504ad8ab/met_552299_primary_000__marker_pdf_002__001.a1dab00d..jpg..pdf,568776,62,2,1,0,0,0.2258064516129032,document,0,0,0,0,0,1,0,1,0,0,8,7.920788187057518,5.072845754531357,0.3816388173903259,0.0095204439005865,256,15,0,0,0,0,0,0,0,0,0,0,0,0.0,0
1,met_552299_primary_000__marker_zip_002__001.c8db7a3d..jpg..zip,data/raw/image_anomaly/anomalous/mitra/files/jpg/met_552299_primary_000/6784eeb7e5b81daa6ede/met_552299_primary_000__marker_zip_002__001.c8db7a3d..jpg..zip,597976,62,2,1,0,0,0.2258064516129032,archive,0,0,0,1,0,1,0,1,0,0,9,7.928847009170871,7.988340858219542,0.377326180314929,0.0094234551219446,256,15,0,0,0,0,0,0,0,0,0,0,0,0.0,0
1,met_552299_primary_000__marker_zip_002__002.80d57ad9..zip..jpg,data/raw/image_anomaly/anomalous/mitra/files/jpg/met_552299_primary_000/6784eeb7e5b81daa6ede/met_552299_primary_000__marker_zip_002__002.80d57ad9..zip..jpg,597972,62,2,1,0,0,0.2258064516129032,image,0,0,0,1,0,1,1,0,0,0,9,7.928845863324791,7.22713220970735,0.3773270320349448,0.0094235181580408,256,15,0,0,0,0,0,0,0,2,0,0,0,0.0549641120320015,0
1,met_552299_primary_000__marker_zip_001__001.5063226d..jpg..zip,data/raw/image_anomaly/anomalous/mitra/files/jpg/met_552299_primary_000/737a2427f502eecf9513/met_552299_primary_000__marker_zip_001__001.5063226d..jpg..zip,565490,62,2,1,0,0,0.2258064516129032,archive,0,0,0,1,0,1,0,1,0,0,9,7.920600634446503,7.116496456468664,0.3775522113565226,0.0097313834020053,256,15,0,0,0,0,0,0,0,0,0,0,0,0.0,0
1,met_552299_primary_000__marker_zip_001__002.ff2d224a..zip..jpg,data/raw/image_anomaly/anomalous/mitra/files/jpg/met_552299_primary_000/737a2427f502eecf9513/met_552299_primary_000__marker_zip_001__002.ff2d224a..zip..jpg,565486,62,2,1,0,0,0.2258064516129032,image,0,0,0,1,0,1,1,0,0,0,9,7.920599256938691,7.22713220970735,0.3775531136049345,0.0097314522375443,256,15,0,0,0,0,0,0,0,2,0,0,0,0.0037967341366541,0
1,met_55516_primary_000__marker_zip_001__001.ac515a7e..jpg..zip,data/raw/image_anomaly/anomalous/mitra/files/jpg/met_55516_primary_000/06c39ce77f285d23d993/met_55516_primary_000__marker_zip_001__001.ac515a7e..jpg..zip,2129150,61,2,1,0,0,0.2295081967213114,archive,0,0,0,1,0,1,0,1,0,0,47,7.989195697221509,3.448744343235197,0.3762820843998778,0.0079844069229504,256,6,0,0,0,0,0,0,0,0,0,0,0,0.0,0
1,met_55516_primary_000__marker_zip_001__002.7404549c..zip..jpg,data/raw/image_anomaly/anomalous/mitra/files/jpg/met_55516_primary_000/06c39ce77f285d23d993/met_55516_primary_000__marker_zip_001__002.7404549c..zip..jpg,2129146,61,2,1,0,0,0.2295081967213114,image,0,0,0,1,0,1,1,0,0,0,47,7.9891953696621,3.4166477975996146,0.3762823216444527,0.007984421923156,256,6,0,0,0,0,0,0,0,2,0,0,0,0.0010083855217068,0
1,met_55516_primary_000__marker_pdf_002__001.e5f5931e..jpg..pdf,data/raw/image_anomaly/anomalous/mitra/files/jpg/met_55516_primary_000/51078215ae9b9e5e755d/met_55516_primary_000__marker_pdf_002__001.e5f5931e..jpg..pdf,2132436,61,2,1,0,0,0.2295081967213114,document,0,0,0,0,0,1,0,1,0,0,46,7.989167404882624,5.072845754531357,0.3773740454578707,0.0079308359078537,256,6,0,0,0,0,0,0,0,0,0,0,0,0.0,0
1,met_55516_primary_000__marker_zip_002__001.ef18116d..jpg..zip,data/raw/image_anomaly/anomalous/mitra/files/jpg/met_55516_primary_000/7b0a76a5cdbd84dab35e/met_55516_primary_000__marker_zip_002__001.ef18116d..jpg..zip,2161636,61,2,1,0,0,0.2295081967213114,archive,0,0,0,1,0,1,0,1,0,0,47,7.989505490569348,7.988340858219542,0.3762386451743031,0.0079254786652331,256,6,0,0,0,0,0,0,0,0,0,0,0,0.0,0
1,met_55516_primary_000__marker_zip_002__002.1d05e142..zip..jpg,data/raw/image_anomaly/anomalous/mitra/files/jpg/met_55516_primary_000/7b0a76a5cdbd84dab35e/met_55516_primary_000__marker_zip_002__002.1d05e142..zip..jpg,2161632,61,2,1,0,0,0.2295081967213114,image,0,0,0,1,0,1,1,0,0,0,47,7.989505195968634,3.4166477975996146,0.3762388787730751,0.0079254933309647,256,6,0,0,0,0,0,0,0,2,0,0,0,0.0152047156962887,0
1,met_55516_primary_000__marker_pdf_001__001.36b482df..jpg..pdf,data/raw/image_anomaly/anomalous/mitra/files/jpg/met_55516_primary_000/e01224c3217b36616cf3/met_55516_primary_000__marker_pdf_001__001.36b482df..jpg..pdf,2130645,61,2,1,0,0,0.2295081967213114,document,0,0,0,0,0,1,0,1,0,0,46,7.989193261733046,5.250824256483538,0.3768685069544668,0.0079375024933764,256,6,0,0,0,0,0,0,0,0,0,0,0,0.0,0
1,met_558330_primary_000__marker_pdf_002__001.bfe2c344..jpg..pdf,data/raw/image_anomaly/anomalous/mitra/files/jpg/met_558330_primary_000/12c3b51764c5db6181f1/met_558330_primary_000__marker_pdf_002__001.bfe2c344..jpg..pdf,211274,62,2,1,0,0,0.2258064516129032,document,0,0,0,0,0,1,0,1,0,0,3,7.91232909902901,5.072845754531357,0.3794030500676846,0.0082073515908251,256,6,0,0,0,0,0,0,0,0,0,0,0,0.0,0
1,met_558330_primary_000__marker_zip_002__001.bfbc263f..jpg..zip,data/raw/image_anomaly/anomalous/mitra/files/jpg/met_558330_primary_000/12f2786a7cd6d472c94a/met_558330_primary_000__marker_zip_002__001.bfbc263f..jpg..zip,240474,62,2,1,0,0,0.2258064516129032,archive,0,0,0,1,0,1,0,1,0,0,4,7.932703085148938,7.988340858219542,0.3689504894500029,0.0081256185699909,256,6,0,0,0,0,0,0,0,0,0,0,0,0.0,0
1,met_558330_primary_000__marker_zip_002__002.2c026fe2..zip..jpg,data/raw/image_anomaly/anomalous/mitra/files/jpg/met_558330_primary_000/12f2786a7cd6d472c94a/met_558330_primary_000__marker_zip_002__002.2c026fe2..zip..jpg,240470,62,2,1,0,0,0.2258064516129032,image,0,0,0,1,0,1,1,0,0,0,4,7.932702107603807,7.348353642617586,0.3689524680833368,0.0081257537322742,256,6,0,0,0,0,0,0,0,2,0,0,0,0.1366781719133364,0
1,met_558330_primary_000__marker_pdf_001__001.37e28311..jpg..pdf,data/raw/image_anomaly/anomalous/mitra/files/jpg/met_558330_primary_000/4f969bacfd4f77f4bfe6/met_558330_primary_000__marker_pdf_001__001.37e28311..jpg..pdf,209483,62,2,1,0,0,0.2258064516129032,document,0,0,0,0,0,1,0,1,0,0,3,7.912066380325714,5.250824256483538,0.3742785810781782,0.0082775213263128,256,6,0,0,0,0,0,0,0,0,0,0,0,0.0,0
1,met_558330_primary_000__marker_zip_001__001.039b3a7a..jpg..zip,data/raw/image_anomaly/anomalous/mitra/files/jpg/met_558330_primary_000/6b7be9a58fea61ca1066/met_558330_primary_000__marker_zip_001__001.039b3a7a..jpg..zip,207988,62,2,1,0,0,0.2258064516129032,archive,0,0,0,1,0,1,0,1,0,0,4,7.9118771063495,7.356457884940409,0.3682568225089909,0.0087601207761986,256,6,0,0,0,0,0,0,0,0,0,0,0,0.0,0
1,met_558330_primary_000__marker_zip_001__002.f304f9e7..zip..jpg,data/raw/image_anomaly/anomalous/mitra/files/jpg/met_558330_primary_000/6b7be9a58fea61ca1066/met_558330_primary_000__marker_zip_001__002.f304f9e7..zip..jpg,207984,62,2,1,0,0,0.2258064516129032,image,0,0,0,1,0,1,1,0,0,0,4,7.911882133999877,7.348353642617586,0.3682590968536041,0.0087602892530194,256,6,0,0,0,0,0,0,0,2,0,0,0,0.0103229094545734,0
1,met_558514_primary_000__marker_pdf_002__001.e4162394..jpg..pdf,data/raw/image_anomaly/anomalous/mitra/files/jpg/met_558514_primary_000/67ef89c549a78e3ae158/met_558514_primary_000__marker_pdf_002__001.e4162394..jpg..pdf,846841,62,2,1,0,0,0.2258064516129032,document,0,0,0,0,0,1,0,1,0,0,26,7.537618650910556,5.072845754531357,0.3477346987214837,0.1139186695023032,256,18,0,2,0,0,0,2,2,0,0,0,0,0.0,0
1,met_558514_primary_000__marker_zip_001__001.85c0a273..jpg..zip,data/raw/image_anomaly/anomalous/mitra/files/jpg/met_558514_primary_000/792a7ea40b73eb8d8717/met_558514_primary_000__marker_zip_001__001.85c0a273..jpg..zip,843555,62,2,1,0,0,0.2258064516129032,archive,0,0,0,1,0,1,0,1,0,0,27,7.535212958909624,6.143174367893726,0.3448631091037336,0.1144667508342668,256,18,0,2,0,0,0,2,2,0,0,0,0,0.0,0
1,met_558514_primary_000__marker_zip_001__002.d5ee94e1..zip..jpg,data/raw/image_anomaly/anomalous/mitra/files/jpg/met_558514_primary_000/792a7ea40b73eb8d8717/met_558514_primary_000__marker_zip_001__002.d5ee94e1..zip..jpg,843551,62,2,1,0,0,0.2258064516129032,image,0,0,0,1,0,1,1,0,0,0,27,7.535210246291051,6.322738824793774,0.3448635589312324,0.1144672936194729,256,18,0,2,0,0,0,2,2,2,0,0,0,0.0025451928810469,0
1,met_558514_primary_000__marker_zip_002__001.0fd2d9ea..jpg..zip,data/raw/image_anomaly/anomalous/mitra/files/jpg/met_558514_primary_000/df294ca01909a29d4968/met_558514_primary_000__marker_zip_002__001.0fd2d9ea..jpg..zip,876041,62,2,1,0,0,0.2258064516129032,archive,0,0,0,1,0,1,0,1,0,0,27,7.560309721622925,7.988340858219542,0.345921024244299,0.1103726880362905,256,18,0,2,0,0,0,2,2,0,0,0,0,0.0,0
1,met_558514_primary_000__marker_zip_002__002.bd080700..zip..jpg,data/raw/image_anomaly/anomalous/mitra/files/jpg/met_558514_primary_000/df294ca01909a29d4968/met_558514_primary_000__marker_zip_002__002.bd080700..zip..jpg,876037,62,2,1,0,0,0.2258064516129032,image,0,0,0,1,0,1,1,0,0,0,27,7.560305617874983,6.322738824793774,0.3459214622213445,0.1103731919998812,256,18,0,2,0,0,0,2,2,2,0,0,0,0.0375178217358399,0
1,met_558514_primary_000__marker_pdf_001__001.48c6f630..jpg..pdf,data/raw/image_anomaly/anomalous/mitra/files/jpg/met_558514_primary_000/ebf54e2d2f611d75c5ac/met_558514_primary_000__marker_pdf_001__001.48c6f630..jpg..pdf,845050,62,2,1,0,0,0.2258064516129032,document,0,0,0,0,0,1,0,1,0,0,26,7.536493777518295,5.250824256483538,0.3463972546003195,0.1141601088692976,256,18,0,2,0,0,0,2,2,0,0,0,0,0.0,0
1,met_56066_primary_000__marker_pdf_002__001.c1b94b3e..jpg..pdf,data/raw/image_anomaly/anomalous/mitra/files/jpg/met_56066_primary_000/197b198130b21f720612/met_56066_primary_000__marker_pdf_002__001.c1b94b3e..jpg..pdf,1728828,61,2,1,0,0,0.2295081967213114,document,0,0,0,0,0,1,0,1,0,0,31,7.982380923414661,5.072845754531357,0.376648804855081,0.0083744594603974,256,6,0,0,1,0,0,0,1,0,0,0,0,0.0,0
1,met_56066_primary_000__marker_zip_002__001.5ead0373..jpg..zip,data/raw/image_anomaly/anomalous/mitra/files/jpg/met_56066_primary_000/3705e803f2f518d3cb6e/met_56066_primary_000__marker_zip_002__001.5ead0373..jpg..zip,1758028,61,2,1,0,0,0.2295081967213114,archive,0,0,0,1,0,1,0,1,0,0,32,7.983025589839242,7.988340858219542,0.3752647853162748,0.008360503928265,256,6,0,0,1,0,0,0,1,0,0,0,0,0.0,0
1,met_56066_primary_000__marker_zip_002__002.b5df43da..zip..jpg,data/raw/image_anomaly/anomalous/mitra/files/jpg/met_56066_primary_000/3705e803f2f518d3cb6e/met_56066_primary_000__marker_zip_002__002.b5df43da..zip..jpg,1758024,61,2,1,0,0,0.2295081967213114,image,0,0,0,1,0,1,1,0,0,0,32,7.983025225701696,3.4717151260966204,0.3752650703289602,0.0083605229507674,256,6,0,0,1,0,0,0,1,2,0,0,0,0.0186954216779748,0
1,met_56066_primary_000__marker_zip_001__001.c8eb92bb..jpg..zip,data/raw/image_anomaly/anomalous/mitra/files/jpg/met_56066_primary_000/39fd21d451e1c190ddd4/met_56066_primary_000__marker_zip_001__001.c8eb92bb..jpg..zip,1725542,61,2,1,0,0,0.2295081967213114,archive,0,0,0,1,0,1,0,1,0,0,32,7.982400571642717,3.4784261118158857,0.375300050650752,0.0084414056568892,256,6,0,0,1,0,0,0,1,0,0,0,0,0.0,0
1,met_56066_primary_000__marker_zip_001__002.e67f0777..zip..jpg,data/raw/image_anomaly/anomalous/mitra/files/jpg/met_56066_primary_000/39fd21d451e1c190ddd4/met_56066_primary_000__marker_zip_001__002.e67f0777..zip..jpg,1725538,61,2,1,0,0,0.2295081967213114,image,0,0,0,1,0,1,1,0,0,0,32,7.982399944316135,3.4717151260966204,0.3753003411110042,0.0084414252250602,256,6,0,0,1,0,0,0,1,2,0,0,0,0.0012442496195389,0
1,met_56066_primary_000__marker_pdf_001__001.cb1cbd66..jpg..pdf,data/raw/image_anomaly/anomalous/mitra/files/jpg/met_56066_primary_000/cd8437d5cd64d838147b/met_56066_primary_000__marker_pdf_001__001.cb1cbd66..jpg..pdf,1727037,61,2,1,0,0,0.2295081967213114,document,0,0,0,0,0,1,0,1,0,0,31,7.982411374260249,5.250824256483538,0.3760243700627143,0.0083831440785576,256,6,0,0,1,0,0,0,1,0,0,0,0,0.0,0
1,met_56572_primary_000__marker_zip_002__001.4d25fc30..jpg..zip,data/raw/image_anomaly/anomalous/mitra/files/jpg/met_56572_primary_000/4889109b85a34f0dfb37/met_56572_primary_000__marker_zip_002__001.4d25fc30..jpg..zip,1261446,61,2,1,0,0,0.2295081967213114,archive,0,0,0,1,0,1,0,1,0,0,11,7.921684541850204,7.988340858219542,0.3775238892509073,0.0171897964716682,256,18,0,0,0,0,0,0,0,0,0,0,0,0.0,0
1,met_56572_primary_000__marker_zip_002__002.3bd62e18..zip..jpg,data/raw/image_anomaly/anomalous/mitra/files/jpg/met_56572_primary_000/4889109b85a34f0dfb37/met_56572_primary_000__marker_zip_002__002.3bd62e18..zip..jpg,1261442,61,2,1,0,0,0.2295081967213114,image,0,0,0,1,0,1,1,0,0,0,11,7.921683440264912,4.873370120581353,0.3775242936258662,0.0171898509800688,256,18,0,0,0,0,0,0,0,2,0,0,0,0.0260551020181665,0
1,met_56572_primary_000__marker_pdf_001__001.b89871ba..jpg..pdf,data/raw/image_anomaly/anomalous/mitra/files/jpg/met_56572_primary_000/4afd594874334d195e3f/met_56572_primary_000__marker_pdf_001__001.b89871ba..jpg..pdf,1230455,61,2,1,0,0,0.2295081967213114,document,0,0,0,0,0,1,0,1,0,0,10,7.917831579283598,5.250824256483538,0.3786469232926031,0.0174439536594186,256,18,0,0,0,0,0,0,0,0,0,0,0,0.0,0
1,met_56572_primary_000__marker_zip_001__001.8da3cacc..jpg..zip,data/raw/image_anomaly/anomalous/mitra/files/jpg/met_56572_primary_000/959d5b12333ee1b20d61/met_56572_primary_000__marker_zip_001__001.8da3cacc..jpg..zip,1228960,61,2,1,0,0,0.2295081967213114,archive,0,0,0,1,0,1,0,1,0,0,11,7.917704000355485,5.596670691629001,0.3776331206874105,0.0175367790652258,256,18,0,0,0,0,0,0,0,0,0,0,0,0.0,0
1,met_56572_primary_000__marker_zip_001__002.ad4f899e..zip..jpg,data/raw/image_anomaly/anomalous/mitra/files/jpg/met_56572_primary_000/959d5b12333ee1b20d61/met_56572_primary_000__marker_zip_001__002.ad4f899e..zip..jpg,1228956,61,2,1,0,0,0.2295081967213114,image,0,0,0,1,0,1,1,0,0,0,11,7.917702203983961,4.873370120581353,0.3776335361070697,0.0175368361438489,256,18,0,0,0,0,0,0,0,2,0,0,0,0.0017470112843747,0
1,met_56572_primary_000__marker_pdf_002__001.8f2f3fb5..jpg..pdf,data/raw/image_anomaly/anomalous/mitra/files/jpg/met_56572_primary_000/d6a8fc23131100b031cf/met_56572_primary_000__marker_pdf_002__001.8f2f3fb5..jpg..pdf,1232246,61,2,1,0,0,0.2295081967213114,document,0,0,0,0,0,1,0,1,0,0,10,7.917912445930586,5.072845754531357,0.3795191869155996,0.0174185998574959,256,18,0,0,0,0,0,0,0,0,0,0,0,0.0,0
1,met_56754_primary_000__marker_zip_002__001.f64f9aba..jpg..zip,data/raw/image_anomaly/anomalous/mitra/files/jpg/met_56754_primary_000/73074bbc566e2db1eb3c/met_56754_primary_000__marker_zip_002__001.f64f9aba..jpg..zip,2043349,61,2,1,0,0,0.2295081967213114,archive,0,0,0,1,0,1,0,1,0,0,43,7.983114060099012,7.988340858219542,0.3753069103711602,0.0089490341591181,256,6,0,0,0,0,0,0,0,0,0,0,0,0.0,0
1,met_56754_primary_000__marker_zip_002__002.882b81e9..zip..jpg,data/raw/image_anomaly/anomalous/mitra/files/jpg/met_56754_primary_000/73074bbc566e2db1eb3c/met_56754_primary_000__marker_zip_002__002.882b81e9..zip..jpg,2043345,61,2,1,0,0,0.2295081967213114,image,0,0,0,1,0,1,1,0,0,0,43,7.983114030593109,3.402785699541339,0.3753071556687686,0.0089490516775189,256,6,0,0,0,0,0,0,0,2,0,0,0,0.0160849000046492,0
1,met_56754_primary_000__marker_pdf_002__001.2ca6e5fd..jpg..pdf,data/raw/image_anomaly/anomalous/mitra/files/jpg/met_56754_primary_000/87939ec98b2345776464/met_56754_primary_000__marker_pdf_002__001.2ca6e5fd..jpg..pdf,2014149,61,2,1,0,0,0.2295081967213114,document,0,0,0,0,0,1,0,1,0,0,42,7.982586674629709,5.072845754531357,0.3764954827075852,0.0089695449542213,256,6,0,0,0,0,0,0,0,0,0,0,0,0.0,0
1,met_56754_primary_000__marker_zip_001__001.f234bacc..jpg..zip,data/raw/image_anomaly/anomalous/mitra/files/jpg/met_56754_primary_000/cae7d20b8268ec601e9e/met_56754_primary_000__marker_zip_001__001.f234bacc..jpg..zip,2010863,61,2,1,0,0,0.2295081967213114,archive,0,0,0,1,0,1,0,1,0,0,43,7.982578600650406,3.448827702705484,0.3753378524543939,0.0090279646102195,256,6,0,0,0,0,0,0,0,0,0,0,0,0.0,0
1,met_56754_primary_000__marker_zip_001__002.4592be48..zip..jpg,data/raw/image_anomaly/anomalous/mitra/files/jpg/met_56754_primary_000/cae7d20b8268ec601e9e/met_56754_primary_000__marker_zip_001__002.4592be48..zip..jpg,2010859,61,2,1,0,0,0.2295081967213114,image,0,0,0,1,0,1,1,0,0,0,43,7.982578665626063,3.402785699541339,0.375338101776405,0.0090279825686435,256,6,0,0,0,0,0,0,0,2,0,0,0,0.001067702907066,0
1,met_56754_primary_000__marker_pdf_001__001.f8647f8c..jpg..pdf,data/raw/image_anomaly/anomalous/mitra/files/jpg/met_56754_primary_000/fa9478cb32a71d4d099b/met_56754_primary_000__marker_pdf_001__001.f8647f8c..jpg..pdf,2012358,61,2,1,0,0,0.2295081967213114,document,0,0,0,0,0,1,0,1,0,0,42,7.982601220414685,5.250824256483538,0.3759594465795847,0.0089775278553815,256,6,0,0,0,0,0,0,0,0,0,0,0,0.0,0
1,met_57035_primary_000__marker_zip_001__001.f8063efb..jpg..zip,data/raw/image_anomaly/anomalous/mitra/files/jpg/met_57035_primary_000/62753fd28a11094e9b4a/met_57035_primary_000__marker_zip_001__001.f8063efb..jpg..zip,2938970,61,2,1,0,0,0.2295081967213114,archive,0,0,0,1,0,1,0,1,0,0,61,7.98240996380127,3.4777835496953413,0.3757030524299329,0.0084366291591952,256,6,0,0,0,0,0,0,0,0,0,0,0,0.0,0
1,met_57035_primary_000__marker_zip_001__002.5797fd23..zip..jpg,data/raw/image_anomaly/anomalous/mitra/files/jpg/met_57035_primary_000/62753fd28a11094e9b4a/met_57035_primary_000__marker_zip_001__002.5797fd23..zip..jpg,2938966,61,2,1,0,0,0.2295081967213114,image,0,0,0,1,0,1,1,0,0,0,61,7.982409560431264,3.4852180133465667,0.3757032235146647,0.0084366406416406,256,6,0,0,0,0,0,0,0,2,0,0,0,0.0007305290364025,0
1,met_57035_primary_000__marker_zip_002__001.10520fbf..jpg..zip,data/raw/image_anomaly/anomalous/mitra/files/jpg/met_57035_primary_000/70778a526b885e0610e4/met_57035_primary_000__marker_zip_002__001.10520fbf..jpg..zip,2971456,61,2,1,0,0,0.2295081967213114,archive,0,0,0,1,0,1,0,1,0,0,61,7.982780405345439,7.988340858219542,0.3756777822050873,0.0083888167955372,256,6,0,0,0,0,0,0,0,0,0,0,0,0.0,0
1,met_57035_primary_000__marker_zip_002__002.9199ecbb..zip..jpg,data/raw/image_anomaly/anomalous/mitra/files/jpg/met_57035_primary_000/70778a526b885e0610e4/met_57035_primary_000__marker_zip_002__002.9199ecbb..zip..jpg,2971452,61,2,1,0,0,0.2295081967213114,image,0,0,0,1,0,1,1,0,0,0,61,7.982780204509055,3.4852180133465667,0.3756779513853833,0.0083888280880862,256,6,0,0,0,0,0,0,0,2,0,0,0,0.0110609224042656,0
1,met_57035_primary_000__marker_pdf_001__001.75aebdbd..jpg..pdf,data/raw/image_anomaly/anomalous/mitra/files/jpg/met_57035_primary_000/abebb40ffd7ddecd2a0a/met_57035_primary_000__marker_pdf_001__001.75aebdbd..jpg..pdf,2940465,61,2,1,0,0,0.2295081967213114,document,0,0,0,0,0,1,0,1,0,0,60,7.982428317848425,5.250824256483538,0.3761282654274069,0.0084024125435942,256,6,0,0,0,0,0,0,0,0,0,0,0,0.0,0
1,met_57035_primary_000__marker_pdf_002__001.5d062187..jpg..pdf,data/raw/image_anomaly/anomalous/mitra/files/jpg/met_57035_primary_000/ad94fbf6e2e4ae3b8177/met_57035_primary_000__marker_pdf_002__001.5d062187..jpg..pdf,2942256,61,2,1,0,0,0.2295081967213114,document,0,0,0,0,0,1,0,1,0,0,60,7.982418048402192,5.072845754531357,0.3764951112343725,0.008397297855795,256,6,0,0,0,0,0,0,0,0,0,0,0,0.0,0
1,met_57139_additional_001__marker_pdf_002__001.32eda673..jpg..pdf,data/raw/image_anomaly/anomalous/mitra/files/jpg/met_57139_additional_001/1810cbac80472cebebbe/met_57139_additional_001__marker_pdf_002__001.32eda673..jpg..pdf,245381,64,2,1,0,0,0.21875,document,0,0,0,0,0,1,0,1,0,0,2,7.462094923164558,5.072845754531357,0.3452671559737714,0.0655307460642837,256,6,0,1,0,0,0,1,1,0,0,0,0,0.0,0
1,met_57139_additional_001__marker_zip_001__001.d5e386e5..jpg..zip,data/raw/image_anomaly/anomalous/mitra/files/jpg/met_57139_additional_001/8b6b054cc4044d81f2dc/met_57139_additional_001__marker_zip_001__001.d5e386e5..jpg..zip,242095,64,2,1,0,0,0.21875,archive,0,0,0,1,0,1,0,1,0,0,3,7.450993631697631,3.473218641835517,0.33522790640038,0.0667837006133955,256,6,0,1,0,0,0,1,1,0,0,0,0,0.0,0
1,met_57139_additional_001__marker_zip_001__002.7e673653..zip..jpg,data/raw/image_anomaly/anomalous/mitra/files/jpg/met_57139_additional_001/8b6b054cc4044d81f2dc/met_57139_additional_001__marker_zip_001__002.7e673653..zip..jpg,242091,64,2,1,0,0,0.21875,image,0,0,0,1,0,1,1,0,0,0,3,7.450976193319732,3.485015720633768,0.3352293145965773,0.0667848040612827,256,6,0,1,0,0,0,1,1,2,0,0,0,0.0088685659524724,0
1,met_57139_additional_001__marker_pdf_001__001.0a9b1c68..jpg..pdf,data/raw/image_anomaly/anomalous/mitra/files/jpg/met_57139_additional_001/9ef32fc01cac8036afd2/met_57139_additional_001__marker_pdf_001__001.0a9b1c68..jpg..pdf,243590,64,2,1,0,0,0.21875,document,0,0,0,0,0,1,0,1,0,0,2,7.456184382810676,5.250824256483538,0.3406092204113469,0.0660125620920399,256,6,0,1,0,0,0,1,1,0,0,0,0,0.0,0
1,met_57139_additional_001__marker_zip_002__001.611982c7..jpg..zip,data/raw/image_anomaly/anomalous/mitra/files/jpg/met_57139_additional_001/eb93d0d0a767e9a4d718/met_57139_additional_001__marker_zip_002__001.611982c7..jpg..zip,274581,64,2,1,0,0,0.21875,archive,0,0,0,1,0,1,0,1,0,0,3,7.560155246768727,7.988340858219542,0.3397430994861261,0.0593631751650696,256,6,0,1,0,0,0,1,1,0,0,0,0,0.0,0
1,met_57139_additional_001__marker_zip_002__002.93fe7233..zip..jpg,data/raw/image_anomaly/anomalous/mitra/files/jpg/met_57139_additional_001/eb93d0d0a767e9a4d718/met_57139_additional_001__marker_zip_002__002.93fe7233..zip..jpg,274577,64,2,1,0,0,0.21875,image,0,0,0,1,0,1,1,0,0,0,3,7.560142698235754,3.485015720633768,0.3397444068512658,0.059364039959647,256,6,0,1,0,0,0,1,1,2,0,0,0,0.1197004847456269,0
1,met_57139_additional_002__marker_zip_001__001.f86099e6..jpg..zip,data/raw/image_anomaly/anomalous/mitra/files/jpg/met_57139_additional_002/57e42afe984d3b2d64d0/met_57139_additional_002__marker_zip_001__001.f86099e6..jpg..zip,2347416,64,2,1,0,0,0.21875,archive,0,0,0,1,0,1,0,1,0,0,11,7.929036420808226,5.661802878133387,0.3669255896696623,0.0166595950611225,256,18,0,0,0,0,0,0,0,0,0,0,0,0.0,0
1,met_57139_additional_002__marker_zip_001__002.8b6d0b1f..zip..jpg,data/raw/image_anomaly/anomalous/mitra/files/jpg/met_57139_additional_002/57e42afe984d3b2d64d0/met_57139_additional_002__marker_zip_001__002.8b6d0b1f..zip..jpg,2347412,64,2,1,0,0,0.21875,image,0,0,0,1,0,1,1,0,0,0,11,7.929035968677547,4.963572782774719,0.3669257889113628,0.0166596234491431,256,18,0,0,0,0,0,0,0,2,0,0,0,0.0009146242755851,0
1,met_57139_additional_002__marker_pdf_002__001.6bbb9835..jpg..pdf,data/raw/image_anomaly/anomalous/mitra/files/jpg/met_57139_additional_002/885709bf63694d55583c/met_57139_additional_002__marker_pdf_002__001.6bbb9835..jpg..pdf,2350702,64,2,1,0,0,0.21875,document,0,0,0,0,0,1,0,1,0,0,10,7.929201629230676,5.072845754531357,0.3679292398611138,0.0165988713158877,256,18,0,0,0,0,0,0,0,0,0,0,0,0.0,0
1,met_57139_additional_002__marker_zip_002__001.5b9fe673..jpg..zip,data/raw/image_anomaly/anomalous/mitra/files/jpg/met_57139_additional_002/a37d40acb3685a1ae8d2/met_57139_additional_002__marker_zip_002__001.5b9fe673..jpg..zip,2379902,64,2,1,0,0,0.21875,archive,0,0,0,1,0,1,0,1,0,0,11,7.930880026589587,7.988340858219542,0.3670138518308737,0.0164876536933033,256,18,0,0,0,0,0,0,0,0,0,0,0,0.0,0
1,met_57139_additional_002__marker_zip_002__002.b190e61b..zip..jpg,data/raw/image_anomaly/anomalous/mitra/files/jpg/met_57139_additional_002/a37d40acb3685a1ae8d2/met_57139_additional_002__marker_zip_002__002.b190e61b..zip..jpg,2379898,64,2,1,0,0,0.21875,image,0,0,0,1,0,1,1,0,0,0,11,7.930879583670555,4.963572782774719,0.3670140485012383,0.0164876814048333,256,18,0,0,0,0,0,0,0,2,0,0,0,0.013810255733649,0
1,met_57139_additional_002__marker_pdf_001__001.ce039cfe..jpg..pdf,data/raw/image_anomaly/anomalous/mitra/files/jpg/met_57139_additional_002/d544ea873b709e2d18c8/met_57139_additional_002__marker_pdf_001__001.ce039cfe..jpg..pdf,2348911,64,2,1,0,0,0.21875,document,0,0,0,0,0,1,0,1,0,0,10,7.92913135804254,5.250824256483538,0.3674634756276419,0.0166115276398296,256,18,0,0,0,0,0,0,0,0,0,0,0,0.0,0
1,met_57139_primary_000__marker_zip_001__001.453e2faa..jpg..zip,data/raw/image_anomaly/anomalous/mitra/files/jpg/met_57139_primary_000/3e001c992282a413cd09/met_57139_primary_000__marker_zip_001__001.453e2faa..jpg..zip,276281,61,2,1,0,0,0.2295081967213114,archive,0,0,0,1,0,1,0,1,0,0,3,7.519107224485036,3.473218641835517,0.3376019342625805,0.0594684397406987,256,6,0,1,0,0,0,1,1,0,0,0,0,0.0,0
1,met_57139_primary_000__marker_zip_001__002.31288a8a..zip..jpg,data/raw/image_anomaly/anomalous/mitra/files/jpg/met_57139_primary_000/3e001c992282a413cd09/met_57139_primary_000__marker_zip_001__002.31288a8a..zip..jpg,276277,61,2,1,0,0,0.2295081967213114,image,0,0,0,1,0,1,1,0,0,0,3,7.519092850076763,3.484808191689697,0.337603202582915,0.0594693007380274,256,6,0,1,0,0,0,1,1,2,0,0,0,0.0077711861646101,0
1,met_57139_primary_000__marker_zip_002__001.4e6c6a43..jpg..zip,data/raw/image_anomaly/anomalous/mitra/files/jpg/met_57139_primary_000/5fccd07885e827fe8b54/met_57139_primary_000__marker_zip_002__001.4e6c6a43..jpg..zip,308767,61,2,1,0,0,0.2295081967213114,archive,0,0,0,1,0,1,0,1,0,0,3,7.605476202493839,7.988340858219542,0.3413674388778593,0.0536391518523676,256,6,0,1,0,0,0,1,1,0,0,0,0,0.0,0
1,met_57139_primary_000__marker_zip_002__002.09a3a448..zip..jpg,data/raw/image_anomaly/anomalous/mitra/files/jpg/met_57139_primary_000/5fccd07885e827fe8b54/met_57139_primary_000__marker_zip_002__002.09a3a448..zip..jpg,308763,61,2,1,0,0,0.2295081967213114,image,0,0,0,1,0,1,1,0,0,0,3,7.605466149136205,3.484808191689697,0.3413686225357313,0.053639846743295,256,6,0,1,0,0,0,1,1,2,0,0,0,0.1064473398690905,0
1,met_57139_primary_000__marker_pdf_001__001.fbb3b060..jpg..pdf,data/raw/image_anomaly/anomalous/mitra/files/jpg/met_57139_primary_000/998f610915ce02c80027/met_57139_primary_000__marker_pdf_001__001.fbb3b060..jpg..pdf,277776,61,2,1,0,0,0.2295081967213114,document,0,0,0,0,0,1,0,1,0,0,2,7.523131353230112,5.250824256483538,0.3423081907724209,0.0588315765220897,256,6,0,1,0,0,0,1,1,0,0,0,0,0.0,0
1,met_57139_primary_000__marker_pdf_002__001.7a21f8d9..jpg..pdf,data/raw/image_anomaly/anomalous/mitra/files/jpg/met_57139_primary_000/cecb17131f01326c1469/met_57139_primary_000__marker_pdf_002__001.7a21f8d9..jpg..pdf,279567,61,2,1,0,0,0.2295081967213114,document,0,0,0,0,0,1,0,1,0,0,2,7.527756425619199,5.072845754531357,0.3463856606824124,0.0584546817042068,256,6,0,1,0,0,0,1,1,0,0,0,0,0.0,0
1,met_573269_primary_000__marker_pdf_001__001.a35bd6de..jpg..pdf,data/raw/image_anomaly/anomalous/mitra/files/jpg/met_573269_primary_000/477c9da3690dcd4be903/met_573269_primary_000__marker_pdf_001__001.a35bd6de..jpg..pdf,2871476,62,2,1,0,0,0.2258064516129032,document,0,0,0,0,0,1,0,1,0,0,69,7.966151202546576,5.250824256483538,0.3664286241640188,0.0108484277772128,256,16,0,0,0,0,0,0,0,0,0,0,0,0.0,0
1,met_573269_primary_000__marker_zip_001__001.7790aecc..jpg..zip,data/raw/image_anomaly/anomalous/mitra/files/jpg/met_573269_primary_000/5dc0a0772acf861736cc/met_573269_primary_000__marker_zip_001__001.7790aecc..jpg..zip,2869981,62,2,1,0,0,0.2258064516129032,archive,0,0,0,1,0,1,0,1,0,0,70,7.966102036805177,5.382121116934346,0.3659881372036958,0.0108847410488083,256,16,0,0,0,0,0,0,0,0,0,0,0,0.0,0
1,met_573269_primary_000__marker_zip_001__002.6b08eae4..zip..jpg,data/raw/image_anomaly/anomalous/mitra/files/jpg/met_573269_primary_000/5dc0a0772acf861736cc/met_573269_primary_000__marker_zip_001__002.6b08eae4..zip..jpg,2869977,62,2,1,0,0,0.2258064516129032,image,0,0,0,1,0,1,1,0,0,0,70,7.966102068300702,5.06368269286672,0.3659882988609316,0.0108847562193007,256,16,0,0,0,0,0,0,0,2,0,0,0,0.0007480896188366,0
1,met_573269_primary_000__marker_zip_002__001.2cba1afb..jpg..zip,data/raw/image_anomaly/anomalous/mitra/files/jpg/met_573269_primary_000/671baa59a823c6f8d848/met_573269_primary_000__marker_zip_002__001.2cba1afb..jpg..zip,2902467,62,2,1,0,0,0.2258064516129032,archive,0,0,0,1,0,1,0,1,0,0,70,7.966847549563504,7.988340858219542,0.3660710009795115,0.0108083916199564,256,16,0,0,0,0,0,0,0,0,0,0,0,0.0,0
1,met_573269_primary_000__marker_zip_002__002.5deb1532..zip..jpg,data/raw/image_anomaly/anomalous/mitra/files/jpg/met_573269_primary_000/671baa59a823c6f8d848/met_573269_primary_000__marker_zip_002__002.5deb1532..zip..jpg,2902463,62,2,1,0,0,0.2258064516129032,image,0,0,0,1,0,1,1,0,0,0,70,7.966847271021503,5.06368269286672,0.3660711609415865,0.0108084065154318,256,16,0,0,0,0,0,0,0,2,0,0,0,0.0113238308291957,0
1,met_573269_primary_000__marker_pdf_002__001.14387cae..jpg..pdf,data/raw/image_anomaly/anomalous/mitra/files/jpg/met_573269_primary_000/f1f6cd9b4ae57aab4e78/met_573269_primary_000__marker_pdf_002__001.14387cae..jpg..pdf,2873267,62,2,1,0,0,0.2258064516129032,document,0,0,0,0,0,1,0,1,0,0,69,7.966172012467362,5.072845754531357,0.3668103242754676,0.0108416656022569,256,16,0,0,0,0,0,0,0,0,0,0,0,0.0,0
1,met_5790_additional_001__marker_pdf_002__001.797661de..jpg..pdf,data/raw/image_anomaly/anomalous/mitra/files/jpg/met_5790_additional_001/2d0b43bc49b4ab7589c7/met_5790_additional_001__marker_pdf_002__001.797661de..jpg..pdf,1332012,63,2,1,0,0,0.2222222222222222,document,0,0,0,0,0,1,0,1,0,0,18,7.929822993242963,5.072845754531357,0.3705499650153302,0.0125224097080206,256,16,0,0,0,0,0,0,0,0,0,0,0,0.0,0
1,met_5790_additional_001__marker_zip_002__001.ae95c7e2..jpg..zip,data/raw/image_anomaly/anomalous/mitra/files/jpg/met_5790_additional_001/897daf17ed02b2bbadab/met_5790_additional_001__marker_zip_002__001.ae95c7e2..jpg..zip,1361212,63,2,1,0,0,0.2222222222222222,archive,0,0,0,1,0,1,0,1,0,0,19,7.932917224608702,7.988340858219542,0.368893309785691,0.0124154062702944,256,16,0,0,0,0,0,0,0,0,0,0,0,0.0,0
1,met_5790_additional_001__marker_zip_002__002.7c0e7d8b..zip..jpg,data/raw/image_anomaly/anomalous/mitra/files/jpg/met_5790_additional_001/897daf17ed02b2bbadab/met_5790_additional_001__marker_zip_002__002.7c0e7d8b..zip..jpg,1361208,63,2,1,0,0,0.2222222222222222,image,0,0,0,1,0,1,1,0,0,0,19,7.9329160938327075,4.940248601442579,0.3688936591615682,0.0124154427537892,256,16,0,0,0,0,0,0,0,2,0,0,0,0.0241454649105794,0
1,met_5790_additional_001__marker_zip_001__001.f3f6cd16..jpg..zip,data/raw/image_anomaly/anomalous/mitra/files/jpg/met_5790_additional_001/94b36ff7ed036f2fe8c1/met_5790_additional_001__marker_zip_001__001.f3f6cd16..jpg..zip,1328726,63,2,1,0,0,0.2222222222222222,archive,0,0,0,1,0,1,0,1,0,0,19,7.929686657444123,5.649484439638054,0.3687833307995779,0.0126196070521687,256,16,0,0,0,0,0,0,0,0,0,0,0,0.0,0
1,met_5790_additional_001__marker_zip_001__002.7b8a6b42..zip..jpg,data/raw/image_anomaly/anomalous/mitra/files/jpg/met_5790_additional_001/94b36ff7ed036f2fe8c1/met_5790_additional_001__marker_zip_001__002.7b8a6b42..zip..jpg,1328722,63,2,1,0,0,0.2222222222222222,image,0,0,0,1,0,1,1,0,0,0,19,7.929685500930619,4.940248601442579,0.3687836883862839,0.012619645042379,256,16,0,0,0,0,0,0,0,2,0,0,0,0.0016158383770269,0
1,met_5790_additional_001__marker_pdf_001__001.5dec2273..jpg..pdf,data/raw/image_anomaly/anomalous/mitra/files/jpg/met_5790_additional_001/d111fc93679ad3d7adbb/met_5790_additional_001__marker_pdf_001__001.5dec2273..jpg..pdf,1330221,63,2,1,0,0,0.2222222222222222,document,0,0,0,0,0,1,0,1,0,0,18,7.929755168537193,5.250824256483538,0.3697310446910701,0.0125392697905084,256,16,0,0,0,0,0,0,0,0,0,0,0,0.0,0
1,met_5790_primary_000__marker_zip_001__001.c7633aef..jpg..zip,data/raw/image_anomaly/anomalous/mitra/files/jpg/met_5790_primary_000/06eb91dbad35c949d6e1/met_5790_primary_000__marker_zip_001__001.c7633aef..jpg..zip,1156903,60,2,1,0,0,0.2333333333333333,archive,0,0,0,1,0,1,0,1,0,0,7,7.716780107901864,5.643081808483511,0.343677041203973,0.0188485983699584,256,15,0,0,0,0,0,0,0,0,0,0,0,0.0,0
1,met_5790_primary_000__marker_zip_001__002.e37a552c..zip..jpg,data/raw/image_anomaly/anomalous/mitra/files/jpg/met_5790_primary_000/06eb91dbad35c949d6e1/met_5790_primary_000__marker_zip_001__002.e37a552c..zip..jpg,1156899,60,2,1,0,0,0.2333333333333333,image,0,0,0,1,0,1,1,0,0,0,7,7.716778890009755,4.934836225745756,0.3436773650941007,0.0188486635393409,256,15,0,0,0,0,0,0,0,2,0,0,0,0.0018558231963205,0
1,met_5790_primary_000__marker_pdf_002__001.36d1f3f4..jpg..pdf,data/raw/image_anomaly/anomalous/mitra/files/jpg/met_5790_primary_000/1ea30618ffce41f42721/met_5790_primary_000__marker_pdf_002__001.36d1f3f4..jpg..pdf,1160189,60,2,1,0,0,0.2333333333333333,document,0,0,0,0,0,1,0,1,0,0,6,7.718573499518906,5.072845754531357,0.3457764209107309,0.0187193638277901,256,15,0,0,0,0,0,0,0,0,0,0,0,0.0,0
1,met_5790_primary_000__marker_pdf_001__001.e5f1e7b5..jpg..pdf,data/raw/image_anomaly/anomalous/mitra/files/jpg/met_5790_primary_000/8e5020f3b423af0d77ea/met_5790_primary_000__marker_pdf_001__001.e5f1e7b5..jpg..pdf,1158398,60,2,1,0,0,0.2333333333333333,document,0,0,0,0,0,1,0,1,0,0,6,7.717651435014853,5.250824256483538,0.3447977292778475,0.0187483058499755,256,15,0,0,0,0,0,0,0,0,0,0,0,0.0,0
1,met_5790_primary_000__marker_zip_002__001.b3ee6b45..jpg..zip,data/raw/image_anomaly/anomalous/mitra/files/jpg/met_5790_primary_000/d3f08769a3e563e71516/met_5790_primary_000__marker_zip_002__001.b3ee6b45..jpg..zip,1189389,60,2,1,0,0,0.2333333333333333,archive,0,0,0,1,0,1,0,1,0,0,7,7.732200086200963,7.988340858219542,0.3444886408063299,0.0184447644967289,256,15,0,0,0,0,0,0,0,0,0,0,0,0.0,0
1,met_5790_primary_000__marker_zip_002__002.be429d3f..zip..jpg,data/raw/image_anomaly/anomalous/mitra/files/jpg/met_5790_primary_000/d3f08769a3e563e71516/met_5790_primary_000__marker_zip_002__002.be429d3f..zip..jpg,1189385,60,2,1,0,0,0.2333333333333333,image,0,0,0,1,0,1,1,0,0,0,7,7.73219873447557,4.934836225745756,0.3444889585794339,0.0184448265279955,256,15,0,0,0,0,0,0,0,2,0,0,0,0.0276336089659782,0
1,met_581221_primary_000__marker_pdf_002__001.84fec8c8..jpg..pdf,data/raw/image_anomaly/anomalous/mitra/files/jpg/met_581221_primary_000/68fb8d57005cdf676c6f/met_581221_primary_000__marker_pdf_002__001.84fec8c8..jpg..pdf,3137568,62,2,1,0,0,0.2258064516129032,document,0,0,0,0,0,1,0,1,0,0,49,7.970820668899227,5.072845754531357,0.3690151097920428,0.0134320594804638,256,8,0,0,1,0,0,0,1,0,0,0,0,0.0,0
1,met_581221_primary_000__marker_zip_001__001.2443b7d3..jpg..zip,data/raw/image_anomaly/anomalous/mitra/files/jpg/met_581221_primary_000/96a381c6b762797a3a97/met_581221_primary_000__marker_zip_001__001.2443b7d3..jpg..zip,3134282,62,2,1,0,0,0.2258064516129032,archive,0,0,0,1,0,1,0,1,0,0,50,7.9707631598388895,6.241420452812735,0.3682645658559121,0.0134742183377245,256,8,0,0,1,0,0,0,1,0,0,0,0,0.0,0
1,met_581221_primary_000__marker_zip_001__002.dfa738a9..zip..jpg,data/raw/image_anomaly/anomalous/mitra/files/jpg/met_581221_primary_000/96a381c6b762797a3a97/met_581221_primary_000__marker_zip_001__002.dfa738a9..zip..jpg,3134278,62,2,1,0,0,0.2258064516129032,image,0,0,0,1,0,1,1,0,0,0,50,7.970763067050623,6.424415748336015,0.3682647167864497,0.0134742355336699,256,8,0,0,1,0,0,0,1,2,0,0,0,0.0006850062438622,0
1,met_581221_primary_000__marker_zip_002__001.c672e910..jpg..zip,data/raw/image_anomaly/anomalous/mitra/files/jpg/met_581221_primary_000/97d302e215d5278de2e9/met_581221_primary_000__marker_zip_002__001.c672e910..jpg..zip,3166768,62,2,1,0,0,0.2258064516129032,archive,0,0,0,1,0,1,0,1,0,0,50,7.971316244182412,7.988340858219542,0.368317161219262,0.0133776771774882,256,8,0,0,1,0,0,0,1,0,0,0,0,0.0,0
1,met_581221_primary_000__marker_zip_002__002.0eb383e6..zip..jpg,data/raw/image_anomaly/anomalous/mitra/files/jpg/met_581221_primary_000/97d302e215d5278de2e9/met_581221_primary_000__marker_zip_002__002.0eb383e6..zip..jpg,3166764,62,2,1,0,0,0.2258064516129032,image,0,0,0,1,0,1,1,0,0,0,50,7.971316089340682,6.424415748336015,0.3683173106679247,0.0133776940750873,256,8,0,0,1,0,0,0,1,2,0,0,0,0.0103787336220823,0
1,met_581221_primary_000__marker_pdf_001__001.5ad28ab2..jpg..pdf,data/raw/image_anomaly/anomalous/mitra/files/jpg/met_581221_primary_000/cf0ee7d17f91464f82cb/met_581221_primary_000__marker_pdf_001__001.5ad28ab2..jpg..pdf,3135777,62,2,1,0,0,0.2258064516129032,document,0,0,0,0,0,1,0,1,0,0,49,7.970807505225701,5.250824256483538,0.3686668407861911,0.0134397312053758,256,8,0,0,1,0,0,0,1,0,0,0,0,0.0,0
1,met_58132_primary_000__marker_pdf_001__001.83f84608..jpg..pdf,data/raw/image_anomaly/anomalous/mitra/files/jpg/met_58132_primary_000/37696a2a90201acf3ae2/met_58132_primary_000__marker_pdf_001__001.83f84608..jpg..pdf,1329429,61,2,1,0,0,0.2295081967213114,document,0,0,0,0,0,1,0,1,0,0,13,7.944260231882572,5.250824256483538,0.3825883142311473,0.0140165439448063,256,26,0,0,1,0,0,0,1,0,0,0,0,0.0,0
1,met_58132_primary_000__marker_pdf_002__001.4575065a..jpg..pdf,data/raw/image_anomaly/anomalous/mitra/files/jpg/met_58132_primary_000/6f1b1e64ebdc1e513c17/met_58132_primary_000__marker_pdf_002__001.4575065a..jpg..pdf,1331220,61,2,1,0,0,0.2295081967213114,document,0,0,0,0,0,1,0,1,0,0,13,7.944235520450162,5.072845754531357,0.3833904238217575,0.0139976863328375,256,26,0,0,1,0,0,0,1,0,0,0,0,0.0,0
1,met_58132_primary_000__marker_zip_001__001.f32f0a1a..jpg..zip,data/raw/image_anomaly/anomalous/mitra/files/jpg/met_58132_primary_000/a3847f1daa5a176c9350/met_58132_primary_000__marker_zip_001__001.f32f0a1a..jpg..zip,1327934,61,2,1,0,0,0.2295081967213114,archive,0,0,0,1,0,1,0,1,0,0,14,7.944254369503083,5.66949353277122,0.3816545099379939,0.0140985922493135,256,26,0,0,1,0,0,0,1,0,0,0,0,0.0,0
1,met_58132_primary_000__marker_zip_001__002.a695e830..zip..jpg,data/raw/image_anomaly/anomalous/mitra/files/jpg/met_58132_primary_000/a3847f1daa5a176c9350/met_58132_primary_000__marker_zip_001__002.a695e830..zip..jpg,1327930,61,2,1,0,0,0.2295081967213114,image,0,0,0,1,0,1,1,0,0,0,14,7.944252612936884,5.313429463319996,0.3816549065086262,0.0140986347171914,256,26,0,0,1,0,0,0,1,2,0,0,0,0.0016168020904716,0
1,met_58132_primary_000__marker_zip_002__001.624d4015..jpg..zip,data/raw/image_anomaly/anomalous/mitra/files/jpg/met_58132_primary_000/e589b61004c23d66d5db/met_58132_primary_000__marker_zip_002__001.624d4015..jpg..zip,1360420,61,2,1,0,0,0.2295081967213114,archive,0,0,0,1,0,1,0,1,0,0,14,7.9467777791225185,7.988340858219542,0.3814571970420899,0.0138589553226209,256,26,0,0,1,0,0,0,1,0,0,0,0,0.0,0
1,met_58132_primary_000__marker_zip_002__002.65b1b3e2..zip..jpg,data/raw/image_anomaly/anomalous/mitra/files/jpg/met_58132_primary_000/e589b61004c23d66d5db/met_58132_primary_000__marker_zip_002__002.65b1b3e2..zip..jpg,1360416,61,2,1,0,0,0.2295081967213114,image,0,0,0,1,0,1,1,0,0,0,14,7.946776535941899,5.313429463319996,0.3814575835626749,0.0138589960717898,256,26,0,0,1,0,0,0,1,2,0,0,0,0.0241595217933338,0
1,met_62636_primary_000__marker_pdf_002__001.515dfd8f..jpg..pdf,data/raw/image_anomaly/anomalous/mitra/files/jpg/met_62636_primary_000/30f8f1a32f3829197d06/met_62636_primary_000__marker_pdf_002__001.515dfd8f..jpg..pdf,128560,61,2,1,0,0,0.2295081967213114,document,0,0,0,0,0,1,0,1,0,0,1,7.854104622810831,5.072845754531357,0.4100420037336652,0.0118388301182327,256,6,0,1,0,0,0,1,1,0,0,0,0,0.0,0
1,met_62636_primary_000__marker_zip_002__001.93e03efd..jpg..zip,data/raw/image_anomaly/anomalous/mitra/files/jpg/met_62636_primary_000/54cb6c958eb0ee0aec68/met_62636_primary_000__marker_zip_002__001.93e03efd..jpg..zip,157760,61,2,1,0,0,0.2295081967213114,archive,0,0,0,1,0,1,0,1,0,0,2,7.907555998325586,7.988340858219542,0.3884381338742393,0.0110420892494929,256,6,0,1,0,0,0,1,1,0,0,0,0,0.0,0
1,met_62636_primary_000__marker_zip_002__002.ad2bfb81..zip..jpg,data/raw/image_anomaly/anomalous/mitra/files/jpg/met_62636_primary_000/54cb6c958eb0ee0aec68/met_62636_primary_000__marker_zip_002__002.ad2bfb81..zip..jpg,157756,61,2,1,0,0,0.2295081967213114,image,0,0,0,1,0,1,1,0,0,0,2,7.907547010774206,3.488819395173774,0.3884416440579122,0.0110423692284287,256,6,0,1,0,0,0,1,1,2,0,0,0,0.2083407287203022,0
1,met_62636_primary_000__marker_zip_001__001.f8dde0e1..jpg..zip,data/raw/image_anomaly/anomalous/mitra/files/jpg/met_62636_primary_000/6cf18e148c56d73d1498/met_62636_primary_000__marker_zip_001__001.f8dde0e1..jpg..zip,125274,61,2,1,0,0,0.2295081967213114,archive,0,0,0,1,0,1,0,1,0,0,2,7.8565154712589935,3.472180854566404,0.3923399907402973,0.0128518287912894,256,6,0,1,0,0,0,1,1,0,0,0,0,0.0,0
1,met_62636_primary_000__marker_zip_001__002.e73c049b..zip..jpg,data/raw/image_anomaly/anomalous/mitra/files/jpg/met_62636_primary_000/6cf18e148c56d73d1498/met_62636_primary_000__marker_zip_001__002.e73c049b..zip..jpg,125270,61,2,1,0,0,0.2295081967213114,image,0,0,0,1,0,1,1,0,0,0,2,7.856485450245713,3.488819395173774,0.3923445358026662,0.012852239163407,256,6,0,1,0,0,0,1,1,2,0,0,0,0.0171389798036241,0
1,met_62636_primary_000__marker_pdf_001__001.20bb8076..jpg..pdf,data/raw/image_anomaly/anomalous/mitra/files/jpg/met_62636_primary_000/f98441cc0601c812ca4f/met_62636_primary_000__marker_pdf_001__001.20bb8076..jpg..pdf,126769,61,2,1,0,0,0.2295081967213114,document,0,0,0,0,0,1,0,1,0,0,1,7.855160433025807,5.250824256483538,0.4020067997696597,0.012006089816911,256,6,0,1,0,0,0,1,1,0,0,0,0,0.0,0
1,met_62867_primary_000__marker_zip_001__001.5b5d07e1..jpg..zip,data/raw/image_anomaly/anomalous/mitra/files/jpg/met_62867_primary_000/16f67870aa7cd369a7b8/met_62867_primary_000__marker_zip_001__001.5b5d07e1..jpg..zip,97557,61,2,1,0,0,0.2295081967213114,archive,0,0,0,1,0,1,0,1,0,0,4,7.918136388537155,3.4673050101854788,0.3950921000030751,0.0092561271871828,256,6,0,0,0,0,0,0,0,0,0,0,0,0.0,0
1,met_62867_primary_000__marker_zip_001__002.b3600433..zip..jpg,data/raw/image_anomaly/anomalous/mitra/files/jpg/met_62867_primary_000/16f67870aa7cd369a7b8/met_62867_primary_000__marker_zip_001__002.b3600433..zip..jpg,97553,61,2,1,0,0,0.2295081967213114,image,0,0,0,1,0,1,1,0,0,0,4,7.918110562441533,3.56601079119195,0.3950980492655274,0.0092565067194243,256,6,0,0,0,0,0,0,0,2,0,0,0,0.022008549198897,0
1,met_62867_primary_000__marker_pdf_001__001.4f13d43b..jpg..pdf,data/raw/image_anomaly/anomalous/mitra/files/jpg/met_62867_primary_000/4b6d7d6e2aa966e024a8/met_62867_primary_000__marker_pdf_001__001.4f13d43b..jpg..pdf,99052,61,2,1,0,0,0.2295081967213114,document,0,0,0,0,0,1,0,1,0,0,3,7.913289624439284,5.250824256483538,0.4074223640108226,0.0082280014537818,256,6,0,0,0,0,0,0,0,0,0,0,0,0.0,0
1,met_62867_primary_000__marker_pdf_002__001.212ffe0d..jpg..pdf,data/raw/image_anomaly/anomalous/mitra/files/jpg/met_62867_primary_000/5d59bf92960bd2d49aa2/met_62867_primary_000__marker_pdf_002__001.212ffe0d..jpg..pdf,100843,61,2,1,0,0,0.2295081967213114,document,0,0,0,0,0,1,0,1,0,0,3,7.909650172248889,5.072845754531357,0.4175698858621818,0.0080818698372717,256,6,0,0,0,0,0,0,0,0,0,0,0,0.0,0
1,met_62867_primary_000__marker_zip_002__001.501fdc76..jpg..zip,data/raw/image_anomaly/anomalous/mitra/files/jpg/met_62867_primary_000/c0b9a3df763a46aa6b08/met_62867_primary_000__marker_zip_002__001.501fdc76..jpg..zip,130043,61,2,1,0,0,0.2295081967213114,archive,0,0,0,1,0,1,0,1,0,0,4,7.949637005461197,7.988340858219542,0.3896711087870935,0.007958905900356,256,6,0,0,0,0,0,0,0,0,0,0,0,0.0,0
1,met_62867_primary_000__marker_zip_002__002.214bdb44..zip..jpg,data/raw/image_anomaly/anomalous/mitra/files/jpg/met_62867_primary_000/c0b9a3df763a46aa6b08/met_62867_primary_000__marker_zip_002__002.214bdb44..zip..jpg,130039,61,2,1,0,0,0.2295081967213114,image,0,0,0,1,0,1,1,0,0,0,4,7.949627865901421,3.56601079119195,0.3896754050707864,0.0079591507163235,256,6,0,0,0,0,0,0,0,2,0,0,0,0.2527472527472527,0
1,met_633460_primary_000__marker_pdf_001__001.9c4e168d..jpg..pdf,data/raw/image_anomaly/anomalous/mitra/files/jpg/met_633460_primary_000/2392032e31043c8e9fc3/met_633460_primary_000__marker_pdf_001__001.9c4e168d..jpg..pdf,2484142,62,2,1,0,0,0.2258064516129032,document,0,0,0,0,0,1,0,1,0,0,42,7.981797603734498,5.250824256483538,0.3774446066287676,0.0093601734522422,256,28,0,0,0,0,0,0,0,0,0,0,0,0.0,0
1,met_633460_primary_000__marker_pdf_002__001.c204042d..jpg..pdf,data/raw/image_anomaly/anomalous/mitra/files/jpg/met_633460_primary_000/73fe3f38d87384d05fdb/met_633460_primary_000__marker_pdf_002__001.c204042d..jpg..pdf,2485933,62,2,1,0,0,0.2258064516129032,document,0,0,0,0,0,1,0,1,0,0,42,7.981761595556859,5.072845754531357,0.3778778430472583,0.0093534298792445,256,28,0,0,0,0,0,0,0,0,0,0,0,0.0,0
1,met_633460_primary_000__marker_zip_001__001.c1cb0d01..jpg..zip,data/raw/image_anomaly/anomalous/mitra/files/jpg/met_633460_primary_000/9eda02ea63011d19ca85/met_633460_primary_000__marker_zip_001__001.c1cb0d01..jpg..zip,2482647,62,2,1,0,0,0.2258064516129032,archive,0,0,0,1,0,1,0,1,0,0,43,7.981829119546955,5.367409933717209,0.3769420300187662,0.0094012559981342,256,28,0,0,0,0,0,0,0,0,0,0,0,0.0,0
1,met_633460_primary_000__marker_zip_001__002.b1271ad9..zip..jpg,data/raw/image_anomaly/anomalous/mitra/files/jpg/met_633460_primary_000/9eda02ea63011d19ca85/met_633460_primary_000__marker_zip_001__002.b1271ad9..zip..jpg,2482643,62,2,1,0,0,0.2258064516129032,image,0,0,0,1,0,1,1,0,0,0,43,7.981828981053228,4.79337057799532,0.376942234546006,0.0094012711453076,256,28,0,0,0,0,0,0,0,2,0,0,0,0.0008648041623382,0
1,met_633460_primary_000__marker_zip_002__001.3ec242ed..jpg..zip,data/raw/image_anomaly/anomalous/mitra/files/jpg/met_633460_primary_000/f62df7bb99f2da9c0c82/met_633460_primary_000__marker_zip_002__001.3ec242ed..jpg..zip,2515133,62,2,1,0,0,0.2258064516129032,archive,0,0,0,1,0,1,0,1,0,0,43,7.9822756555976,7.988340858219542,0.3768961720910981,0.009332309663147,256,28,0,0,0,0,0,0,0,0,0,0,0,0.0,0
1,met_633460_primary_000__marker_zip_002__002.33602ec2..zip..jpg,data/raw/image_anomaly/anomalous/mitra/files/jpg/met_633460_primary_000/f62df7bb99f2da9c0c82/met_633460_primary_000__marker_zip_002__002.33602ec2..zip..jpg,2515129,62,2,1,0,0,0.2258064516129032,image,0,0,0,1,0,1,1,0,0,0,43,7.982275543179188,4.79337057799532,0.3768963739036844,0.0093323245050253,256,28,0,0,0,0,0,0,0,2,0,0,0,0.0130677193893434,0
1,met_633652_primary_000__marker_pdf_002__001.96b15e88..jpg..pdf,data/raw/image_anomaly/anomalous/mitra/files/jpg/met_633652_primary_000/73687a9c4b5e30f7c150/met_633652_primary_000__marker_pdf_002__001.96b15e88..jpg..pdf,5409261,62,2,1,0,0,0.2258064516129032,document,0,0,0,0,0,1,0,1,0,0,96,7.967760631905138,5.072845754531357,0.3861743776090671,0.0071701106676124,256,13,0,0,0,0,0,0,0,0,0,0,0,0.0,0
1,met_633652_primary_000__marker_zip_002__001.b6adeb7c..jpg..zip,data/raw/image_anomaly/anomalous/mitra/files/jpg/met_633652_primary_000/be11342c9661eeb00f7f/met_633652_primary_000__marker_zip_002__001.b6adeb7c..jpg..zip,5438461,62,2,1,0,0,0.2258064516129032,archive,0,0,0,1,0,1,0,1,0,0,97,7.968136976816584,7.988340858219542,0.3856758373370701,0.0071720657737547,256,13,0,0,0,0,0,0,0,0,0,0,0,0.0,0
1,met_633652_primary_000__marker_pdf_001__001.f4cd29d7..jpg..pdf,data/raw/image_anomaly/anomalous/mitra/files/jpg/met_633652_primary_000/c7fbd758a0f8638df3bc/met_633652_primary_000__marker_pdf_001__001.f4cd29d7..jpg..pdf,5407470,62,2,1,0,0,0.2258064516129032,document,0,0,0,0,0,1,0,1,0,0,96,7.967768321351979,5.250824256483538,0.3859781006644512,0.007172485469175,256,13,0,0,0,0,0,0,0,0,0,0,0,0.0,0
1,met_633652_primary_000__marker_zip_001__001.60f47ab0..jpg..zip,data/raw/image_anomaly/anomalous/mitra/files/jpg/met_633652_primary_000/ebc8e1d0799d2cfb9e88/met_633652_primary_000__marker_zip_001__001.60f47ab0..jpg..zip,5405975,62,2,1,0,0,0.2258064516129032,archive,0,0,0,1,0,1,0,1,0,0,97,7.967761626117375,5.129117251960381,0.3857496566299326,0.0071907472750058,256,13,0,0,0,0,0,0,0,0,0,0,0,0.0,0
1,met_651966_primary_000__marker_pdf_001__001.5682e362..jpg..pdf,data/raw/image_anomaly/anomalous/mitra/files/jpg/met_651966_primary_000/12222bfc818258f8fbeb/met_651966_primary_000__marker_pdf_001__001.5682e362..jpg..pdf,2527407,62,2,1,0,0,0.2258064516129032,document,0,0,0,0,0,1,0,1,0,0,48,7.980832559006306,5.250824256483538,0.37600790058744,0.0090642306522059,256,13,0,0,0,0,0,0,0,0,0,0,0,0.0,0
1,met_651966_primary_000__marker_pdf_002__001.5d191dbe..jpg..pdf,data/raw/image_anomaly/anomalous/mitra/files/jpg/met_651966_primary_000/86bb565bd0964a776aa4/met_651966_primary_000__marker_pdf_002__001.5d191dbe..jpg..pdf,2529198,62,2,1,0,0,0.2258064516129032,document,0,0,0,0,0,1,0,1,0,0,48,7.980818571641016,5.072845754531357,0.376434743345519,0.0090578120020654,256,13,0,0,0,0,0,0,0,0,0,0,0,0.0,0
1,met_651966_primary_000__marker_zip_001__001.ed2d543d..jpg..zip,data/raw/image_anomaly/anomalous/mitra/files/jpg/met_651966_primary_000/a2b5a813232af39794a2/met_651966_primary_000__marker_zip_001__001.ed2d543d..jpg..zip,2525912,62,2,1,0,0,0.2258064516129032,archive,0,0,0,1,0,1,0,1,0,0,49,7.980810686030618,6.296220459659782,0.3755130820076075,0.0091044343587583,256,13,0,0,0,0,0,0,0,0,0,0,0,0.0,0
1,met_651966_primary_000__marker_zip_001__002.d7cfc8c3..zip..jpg,data/raw/image_anomaly/anomalous/mitra/files/jpg/met_651966_primary_000/a2b5a813232af39794a2/met_651966_primary_000__marker_zip_001__002.d7cfc8c3..zip..jpg,2525908,62,2,1,0,0,0.2258064516129032,image,0,0,0,1,0,1,1,0,0,0,49,7.98081020007943,6.469281362080157,0.3755132807687374,0.0091044487764399,256,13,0,0,0,0,0,0,0,2,0,0,0,0.0008499913694402,0
1,met_651966_primary_000__marker_zip_002__001.22a9a46f..jpg..zip,data/raw/image_anomaly/anomalous/mitra/files/jpg/met_651966_primary_000/f5fd49799df7fc77f152/met_651966_primary_000__marker_zip_002__001.22a9a46f..jpg..zip,2558398,62,2,1,0,0,0.2258064516129032,archive,0,0,0,1,0,1,0,1,0,0,49,7.981278901826835,7.988340858219542,0.3754861440635897,0.0090404229521755,256,13,0,0,0,0,0,0,0,0,0,0,0,0.0,0
1,met_651966_primary_000__marker_zip_002__002.bf7d93ab..zip..jpg,data/raw/image_anomaly/anomalous/mitra/files/jpg/met_651966_primary_000/f5fd49799df7fc77f152/met_651966_primary_000__marker_zip_002__002.bf7d93ab..zip..jpg,2558394,62,2,1,0,0,0.2258064516129032,image,0,0,0,1,0,1,1,0,0,0,49,7.981278675230579,6.469281362080157,0.3754863402587717,0.0090404370867036,256,13,0,0,0,0,0,0,0,2,0,0,0,0.0128467311915209,0
1,met_657206_primary_000__marker_pdf_002__001.3da1df2b..jpg..pdf,data/raw/image_anomaly/anomalous/mitra/files/jpg/met_657206_primary_000/3a3b2b5e9f0a14c67e93/met_657206_primary_000__marker_pdf_002__001.3da1df2b..jpg..pdf,2359049,62,2,1,0,0,0.2258064516129032,document,0,0,0,0,0,1,0,1,0,0,54,7.979371707117393,5.072845754531357,0.3834824965483973,0.0081045370401377,256,24,0,0,2,0,0,0,2,0,0,0,0,0.0,0
1,met_657206_primary_000__marker_pdf_001__001.30006497..jpg..pdf,data/raw/image_anomaly/anomalous/mitra/files/jpg/met_657206_primary_000/5fb838808f0eab988bf4/met_657206_primary_000__marker_pdf_001__001.30006497..jpg..pdf,2357258,62,2,1,0,0,0.2258064516129032,document,0,0,0,0,0,1,0,1,0,0,54,7.979414096069044,5.250824256483538,0.383030198646054,0.008110694713943,256,24,0,0,2,0,0,0,2,0,0,0,0,0.0,0
1,met_657206_primary_000__marker_zip_001__001.3525c27f..jpg..zip,data/raw/image_anomaly/anomalous/mitra/files/jpg/met_657206_primary_000/71275532f77d3f33e03e/met_657206_primary_000__marker_zip_001__001.3525c27f..jpg..zip,2355763,62,2,1,0,0,0.2258064516129032,archive,0,0,0,1,0,1,0,1,0,0,55,7.979437807958215,5.400379556429356,0.3825040973985923,0.0081531970745783,256,24,0,0,2,0,0,0,2,0,0,0,0,0.0,0
1,met_657206_primary_000__marker_zip_001__002.479d5c44..zip..jpg,data/raw/image_anomaly/anomalous/mitra/files/jpg/met_657206_primary_000/71275532f77d3f33e03e/met_657206_primary_000__marker_zip_001__002.479d5c44..zip..jpg,2355759,62,2,1,0,0,0.2258064516129032,image,0,0,0,1,0,1,1,0,0,0,55,7.979437063358764,4.837323799390518,0.3825043223861184,0.0081532109184343,256,24,0,0,2,0,0,0,2,2,0,0,0,0.0009113835498452,0
1,met_657206_primary_000__marker_zip_002__001.15a3d893..jpg..zip,data/raw/image_anomaly/anomalous/mitra/files/jpg/met_657206_primary_000/76d6c5eae70587f48015/met_657206_primary_000__marker_zip_002__001.15a3d893..jpg..zip,2388249,62,2,1,0,0,0.2258064516129032,archive,0,0,0,1,0,1,0,1,0,0,55,7.979979035825287,7.988340858219542,0.3823801454538451,0.0080975643661946,256,24,0,0,2,0,0,0,2,0,0,0,0,0.0,0
1,met_657206_primary_000__marker_zip_002__002.1eb067ad..zip..jpg,data/raw/image_anomaly/anomalous/mitra/files/jpg/met_657206_primary_000/76d6c5eae70587f48015/met_657206_primary_000__marker_zip_002__002.1eb067ad..zip..jpg,2388245,62,2,1,0,0,0.2258064516129032,image,0,0,0,1,0,1,1,0,0,0,55,7.97997860465682,4.837323799390518,0.3823803671733846,0.0080975779285626,256,24,0,0,2,0,0,0,2,2,0,0,0,0.0137619884057121,0
1,met_665360_primary_000__marker_zip_001__001.6629115b..jpg..zip,data/raw/image_anomaly/anomalous/mitra/files/jpg/met_665360_primary_000/072f503ac4ad383025f4/met_665360_primary_000__marker_zip_001__001.6629115b..jpg..zip,2125265,62,2,1,0,0,0.2258064516129032,archive,0,0,0,1,0,1,0,1,0,0,31,7.979627593813742,5.329671902074855,0.3758806548830381,0.0087899626634796,256,22,0,0,0,0,0,0,0,0,0,0,0,0.0,0
1,met_665360_primary_000__marker_zip_001__002.01b9da6b..zip..jpg,data/raw/image_anomaly/anomalous/mitra/files/jpg/met_665360_primary_000/072f503ac4ad383025f4/met_665360_primary_000__marker_zip_001__002.01b9da6b..zip..jpg,2125261,62,2,1,0,0,0.2258064516129032,image,0,0,0,1,0,1,1,0,0,0,31,7.979627372848759,4.8028127578369455,0.3758808918057594,0.0087899792072597,256,22,0,0,0,0,0,0,0,2,0,0,0,0.0010102288613022,0
1,met_665360_primary_000__marker_zip_002__001.a92c03cf..jpg..zip,data/raw/image_anomaly/anomalous/mitra/files/jpg/met_665360_primary_000/39add4344686bb64cc71/met_665360_primary_000__marker_zip_002__001.a92c03cf..jpg..zip,2157751,62,2,1,0,0,0.2258064516129032,archive,0,0,0,1,0,1,0,1,0,0,31,7.980219728878946,7.988340858219542,0.3758431811640917,0.0087188002693545,256,22,0,0,0,0,0,0,0,0,0,0,0,0.0,0
1,met_665360_primary_000__marker_zip_002__002.686ecbfd..zip..jpg,data/raw/image_anomaly/anomalous/mitra/files/jpg/met_665360_primary_000/39add4344686bb64cc71/met_665360_primary_000__marker_zip_002__002.686ecbfd..zip..jpg,2157747,62,2,1,0,0,0.2258064516129032,image,0,0,0,1,0,1,1,0,0,0,31,7.980219594428677,4.8028127578369455,0.3758434144503503,0.0087188164321396,256,22,0,0,0,0,0,0,0,2,0,0,0,0.0152320916214922,0
1,met_665360_primary_000__marker_pdf_002__001.1fa47bcf..jpg..pdf,data/raw/image_anomaly/anomalous/mitra/files/jpg/met_665360_primary_000/bf964bbf38f485ba35e6/met_665360_primary_000__marker_pdf_002__001.1fa47bcf..jpg..pdf,2128551,62,2,1,0,0,0.2258064516129032,document,0,0,0,0,0,1,0,1,0,0,30,7.9796102274481955,5.072845754531357,0.3769752286884364,0.0087350502759858,256,22,0,0,0,0,0,0,0,0,0,0,0,0.0,0
1,met_665360_primary_000__marker_pdf_001__001.42ae7799..jpg..pdf,data/raw/image_anomaly/anomalous/mitra/files/jpg/met_665360_primary_000/f079ea250d44d85437ad/met_665360_primary_000__marker_pdf_001__001.42ae7799..jpg..pdf,2126760,62,2,1,0,0,0.2258064516129032,document,0,0,0,0,0,1,0,1,0,0,30,7.979633894770436,5.250824256483538,0.3764684308525645,0.0087424062893791,256,22,0,0,0,0,0,0,0,0,0,0,0,0.0,0
1,met_666467_primary_000__marker_zip_001__001.f1c3d0be..jpg..zip,data/raw/image_anomaly/anomalous/mitra/files/jpg/met_666467_primary_000/61d80c04e4826fe995b6/met_666467_primary_000__marker_zip_001__001.f1c3d0be..jpg..zip,741558,62,2,1,0,0,0.2258064516129032,archive,0,0,0,1,0,1,0,1,0,0,19,7.829518507296869,6.285241572609514,0.3612030346918245,0.0378810558311015,256,13,0,0,0,0,0,0,0,0,0,0,0,0.0,0
1,met_666467_primary_000__marker_zip_001__002.3a94e61a..zip..jpg,data/raw/image_anomaly/anomalous/mitra/files/jpg/met_666467_primary_000/61d80c04e4826fe995b6/met_666467_primary_000__marker_zip_001__002.3a94e61a..zip..jpg,741554,62,2,1,0,0,0.2258064516129032,image,0,0,0,1,0,1,1,0,0,0,19,7.829518595734943,6.446289467450733,0.3612036345296499,0.0378812601644654,256,13,0,0,0,0,0,0,0,2,0,0,0,0.0028952712816598,0
1,met_666467_primary_000__marker_pdf_001__001.c5837a49..jpg..pdf,data/raw/image_anomaly/anomalous/mitra/files/jpg/met_666467_primary_000/9e156d0461a2c6978684/met_666467_primary_000__marker_pdf_001__001.c5837a49..jpg..pdf,743053,62,2,1,0,0,0.2258064516129032,document,0,0,0,0,0,1,0,1,0,0,18,7.829968653867547,5.250824256483538,0.3629148930157068,0.0376864099869053,256,13,0,0,0,0,0,0,0,0,0,0,0,0.0,0
1,met_666467_primary_000__marker_pdf_002__001.97d96bcb..jpg..pdf,data/raw/image_anomaly/anomalous/mitra/files/jpg/met_666467_primary_000/b844fd51a61c01650b77/met_666467_primary_000__marker_pdf_002__001.97d96bcb..jpg..pdf,744844,62,2,1,0,0,0.2258064516129032,document,0,0,0,0,0,1,0,1,0,0,18,7.830327988948583,5.072845754531357,0.3643957660933027,0.0375957918705124,256,13,0,0,0,0,0,0,0,0,0,0,0,0.0,0
1,met_666467_primary_000__marker_zip_002__001.3c24e2a3..jpg..zip,data/raw/image_anomaly/anomalous/mitra/files/jpg/met_666467_primary_000/c9a16f8b9c8d57ed57df/met_666467_primary_000__marker_zip_002__001.3c24e2a3..jpg..zip,774044,62,2,1,0,0,0.2258064516129032,archive,0,0,0,1,0,1,0,1,0,0,19,7.841562922004704,7.988340858219542,0.3617145795329464,0.0364617515283368,256,13,0,0,0,0,0,0,0,0,0,0,0,0.0,0
1,met_666467_primary_000__marker_zip_002__002.d1c6f841..zip..jpg,data/raw/image_anomaly/anomalous/mitra/files/jpg/met_666467_primary_000/c9a16f8b9c8d57ed57df/met_666467_primary_000__marker_zip_002__002.d1c6f841..zip..jpg,774040,62,2,1,0,0,0.2258064516129032,image,0,0,0,1,0,1,1,0,0,0,19,7.841561780226923,6.446289467450733,0.3617151568394398,0.0364619399514237,256,13,0,0,0,0,0,0,0,2,0,0,0,0.0424616298899281,0
1,met_667526_primary_000__marker_zip_002__001.4e1d0e11..jpg..zip,data/raw/image_anomaly/anomalous/mitra/files/jpg/met_667526_primary_000/6dd74eab95be81938813/met_667526_primary_000__marker_zip_002__001.4e1d0e11..jpg..zip,1279558,62,2,1,0,0,0.2258064516129032,archive,0,0,0,1,0,1,0,1,0,0,12,7.927325001961917,7.988340858219542,0.3773724989410406,0.0153771849341725,256,26,0,0,0,0,0,0,0,0,0,0,0,0.0,0
1,met_667526_primary_000__marker_zip_002__002.748ff98b..zip..jpg,data/raw/image_anomaly/anomalous/mitra/files/jpg/met_667526_primary_000/6dd74eab95be81938813/met_667526_primary_000__marker_zip_002__002.748ff98b..zip..jpg,1279554,62,2,1,0,0,0.2258064516129032,image,0,0,0,1,0,1,1,0,0,0,12,7.927323892294425,5.205261120731332,0.3773728971188398,0.015377233004625,256,26,0,0,0,0,0,0,0,2,0,0,0,0.0256862938180022,0
1,met_667526_primary_000__marker_pdf_002__001.c7ea255b..jpg..pdf,data/raw/image_anomaly/anomalous/mitra/files/jpg/met_667526_primary_000/a577f8edc9133c5eecd2/met_667526_primary_000__marker_pdf_002__001.c7ea255b..jpg..pdf,1250358,62,2,1,0,0,0.2258064516129032,document,0,0,0,0,0,1,0,1,0,0,11,7.923748601817325,5.072845754531357,0.3793353583533675,0.0155603435176165,256,26,0,0,0,0,0,0,0,0,0,0,0,0.0,0
1,met_667526_primary_000__marker_zip_001__001.c55811b3..jpg..zip,data/raw/image_anomaly/anomalous/mitra/files/jpg/met_667526_primary_000/ca4c8b66a71c08abdeee/met_667526_primary_000__marker_zip_001__001.c55811b3..jpg..zip,1247072,62,2,1,0,0,0.2258064516129032,archive,0,0,0,1,0,1,0,1,0,0,12,7.923646258523209,5.527257642440713,0.377476200251469,0.0156719098817069,256,26,0,0,0,0,0,0,0,0,0,0,0,0.0,0
1,met_667526_primary_000__marker_zip_001__002.d662a091..zip..jpg,data/raw/image_anomaly/anomalous/mitra/files/jpg/met_667526_primary_000/ca4c8b66a71c08abdeee/met_667526_primary_000__marker_zip_001__002.d662a091..zip..jpg,1247068,62,2,1,0,0,0.2258064516129032,image,0,0,0,1,0,1,1,0,0,0,12,7.923644651523513,5.205261120731332,0.3774766091343856,0.0156719601497272,256,26,0,0,0,0,0,0,0,2,0,0,0,0.0017216382747372,0
1,met_667526_primary_000__marker_pdf_001__001.d8c0198e..jpg..pdf,data/raw/image_anomaly/anomalous/mitra/files/jpg/met_667526_primary_000/cce3ef59f7fb51ff333b/met_667526_primary_000__marker_pdf_001__001.d8c0198e..jpg..pdf,1248567,62,2,1,0,0,0.2258064516129032,document,0,0,0,0,0,1,0,1,0,0,11,7.923703592514083,5.250824256483538,0.378475484295196,0.0155826639659705,256,26,0,0,0,0,0,0,0,0,0,0,0,0.0,0
1,met_669563_primary_000__marker_zip_002__001.b904951e..jpg..zip,data/raw/image_anomaly/anomalous/mitra/files/jpg/met_669563_primary_000/04e45f84967b5719989a/met_669563_primary_000__marker_zip_002__001.b904951e..jpg..zip,1098149,62,2,1,0,0,0.2258064516129032,archive,0,0,0,1,0,1,0,1,0,0,10,7.914709835784685,7.988340858219542,0.3752587308279659,0.0163393127890659,256,26,0,0,0,0,0,0,0,0,0,0,0,0.0,0
1,met_669563_primary_000__marker_zip_002__002.e1b3e975..zip..jpg,data/raw/image_anomaly/anomalous/mitra/files/jpg/met_669563_primary_000/04e45f84967b5719989a/met_669563_primary_000__marker_zip_002__002.e1b3e975..zip..jpg,1098145,62,2,1,0,0,0.2258064516129032,image,0,0,0,1,0,1,1,0,0,0,10,7.91470878561884,5.2086802247815545,0.3752591870836729,0.0163393723051145,256,26,0,0,0,0,0,0,0,2,0,0,0,0.0299295630358468,0
1,met_669563_primary_000__marker_pdf_001__001.a8929d47..jpg..pdf,data/raw/image_anomaly/anomalous/mitra/files/jpg/met_669563_primary_000/6bc8401ded4183efcc72/met_669563_primary_000__marker_pdf_001__001.a8929d47..jpg..pdf,1067158,62,2,1,0,0,0.2258064516129032,document,0,0,0,0,0,1,0,1,0,0,9,7.909741300112863,5.250824256483538,0.3764878302931712,0.0166076625954169,256,26,0,0,0,0,0,0,0,0,0,0,0,0.0,0
1,met_669563_primary_000__marker_zip_001__001.43ba1278..jpg..zip,data/raw/image_anomaly/anomalous/mitra/files/jpg/met_669563_primary_000/9ca45fd938d19e27ee0b/met_669563_primary_000__marker_zip_001__001.43ba1278..jpg..zip,1065663,62,2,1,0,0,0.2258064516129032,archive,0,0,0,1,0,1,0,1,0,0,10,7.909641194041304,5.530822317168862,0.3753156485680745,0.0167135388955044,256,26,0,0,0,0,0,0,0,0,0,0,0,0.0,0
1,met_669563_primary_000__marker_zip_001__002.e2e98741..zip..jpg,data/raw/image_anomaly/anomalous/mitra/files/jpg/met_669563_primary_000/9ca45fd938d19e27ee0b/met_669563_primary_000__marker_zip_001__002.e2e98741..zip..jpg,1065659,62,2,1,0,0,0.2258064516129032,image,0,0,0,1,0,1,1,0,0,0,10,7.909639513449076,5.2086802247815545,0.3753161189461169,0.0167136016305403,256,26,0,0,0,0,0,0,0,2,0,0,0,0.0020147157768104,0
1,met_669563_primary_000__marker_pdf_002__001.4e336195..jpg..pdf,data/raw/image_anomaly/anomalous/mitra/files/jpg/met_669563_primary_000/cfc02c39160e9b1d5a4e/met_669563_primary_000__marker_pdf_002__001.4e336195..jpg..pdf,1068949,62,2,1,0,0,0.2258064516129032,document,0,0,0,0,0,1,0,1,0,0,9,7.909838517497697,5.072845754531357,0.3774969619691865,0.0165798368303819,256,26,0,0,0,0,0,0,0,0,0,0,0,0.0,0
1,met_669597_additional_001__marker_zip_002__001.dcccab44..jpg..zip,data/raw/image_anomaly/anomalous/mitra/files/jpg/met_669597_additional_001/1615afeb7985e7be9ad9/met_669597_additional_001__marker_zip_002__001.dcccab44..jpg..zip,1272185,65,2,1,0,0,0.2153846153846154,archive,0,0,0,1,0,1,0,1,0,0,12,7.909575555252607,7.988340858219542,0.3741641349332055,0.0165093913228028,256,26,0,0,0,0,0,0,0,0,0,0,0,0.0,0
1,met_669597_additional_001__marker_zip_002__002.859d3db3..zip..jpg,data/raw/image_anomaly/anomalous/mitra/files/jpg/met_669597_additional_001/1615afeb7985e7be9ad9/met_669597_additional_001__marker_zip_002__002.859d3db3..zip..jpg,1272181,65,2,1,0,0,0.2153846153846154,image,0,0,0,1,0,1,1,0,0,0,12,7.909574475816713,5.210751730533947,0.3741645253309081,0.0165094432317413,256,26,0,0,0,0,0,0,0,2,0,0,0,0.0258351602484237,0
1,met_669597_additional_001__marker_pdf_001__001.d2c87f89..jpg..pdf,data/raw/image_anomaly/anomalous/mitra/files/jpg/met_669597_additional_001/474e79b611906a35edbf/met_669597_additional_001__marker_pdf_001__001.d2c87f89..jpg..pdf,1241194,65,2,1,0,0,0.2153846153846154,document,0,0,0,0,0,1,0,1,0,0,11,7.905064760243399,5.250824256483538,0.3751935636169688,0.0167443606720625,256,26,0,0,0,0,0,0,0,0,0,0,0,0.0,0
1,met_669597_additional_001__marker_pdf_002__001.da3637c3..jpg..pdf,data/raw/image_anomaly/anomalous/mitra/files/jpg/met_669597_additional_001/aa42102fe47904d17d7c/met_669597_additional_001__marker_pdf_002__001.da3637c3..jpg..pdf,1242985,65,2,1,0,0,0.2153846153846154,document,0,0,0,0,0,1,0,1,0,0,11,7.9051777206772735,5.072845754531357,0.376063267054711,0.0167202339529439,256,26,0,0,0,0,0,0,0,0,0,0,0,0.0,0
1,met_669597_additional_001__marker_zip_001__001.a953482e..jpg..zip,data/raw/image_anomaly/anomalous/mitra/files/jpg/met_669597_additional_001/b2a064f0b31da573f757/met_669597_additional_001__marker_zip_001__001.a953482e..jpg..zip,1239699,65,2,1,0,0,0.2153846153846154,archive,0,0,0,1,0,1,0,1,0,0,12,7.904946354082697,5.532576239836285,0.3741843786273926,0.016835538304056,256,26,0,0,0,0,0,0,0,0,0,0,0,0.0,0
1,met_669597_additional_001__marker_zip_001__002.bc0e5606..zip..jpg,data/raw/image_anomaly/anomalous/mitra/files/jpg/met_669597_additional_001/b2a064f0b31da573f757/met_669597_additional_001__marker_zip_001__002.bc0e5606..zip..jpg,1239695,65,2,1,0,0,0.2153846153846154,image,0,0,0,1,0,1,1,0,0,0,12,7.904944850152459,5.210751730533947,0.37418477932072,0.0168355926256054,256,26,0,0,0,0,0,0,0,2,0,0,0,0.0017318775989255,0
1,met_669597_primary_000__marker_pdf_002__001.3a68b3f4..jpg..pdf,data/raw/image_anomaly/anomalous/mitra/files/jpg/met_669597_primary_000/b0da2e33064fac4bb0c4/met_669597_primary_000__marker_pdf_002__001.3a68b3f4..jpg..pdf,1246603,62,2,1,0,0,0.2258064516129032,document,0,0,0,0,0,1,0,1,0,0,11,7.90999347954108,5.072845754531357,0.3757018072313318,0.0166356089308304,256,26,0,0,0,0,0,0,0,0,0,0,0,0.0,0
1,met_669597_primary_000__marker_zip_002__001.7f95fed8..jpg..zip,data/raw/image_anomaly/anomalous/mitra/files/jpg/met_669597_primary_000/b5c1898d70314c2a2773/met_669597_primary_000__marker_zip_002__001.7f95fed8..jpg..zip,1275803,62,2,1,0,0,0.2258064516129032,archive,0,0,0,1,0,1,0,1,0,0,12,7.914137573690533,7.988340858219542,0.3738163337129635,0.0164273010801824,256,26,0,0,0,0,0,0,0,0,0,0,0,0.0,0
1,met_669597_primary_000__marker_zip_002__002.85622be7..zip..jpg,data/raw/image_anomaly/anomalous/mitra/files/jpg/met_669597_primary_000/b5c1898d70314c2a2773/met_669597_primary_000__marker_zip_002__002.85622be7..zip..jpg,1275799,62,2,1,0,0,0.2258064516129032,image,0,0,0,1,0,1,1,0,0,0,12,7.914136564346643,5.209492105328368,0.3738167219130913,0.0164273525845372,256,26,0,0,0,0,0,0,0,2,0,0,0,0.0257618950947602,0
1,met_669597_primary_000__marker_pdf_001__001.c38d89fb..jpg..pdf,data/raw/image_anomaly/anomalous/mitra/files/jpg/met_669597_primary_000/e7d917fa5b4773674781/met_669597_primary_000__marker_pdf_001__001.c38d89fb..jpg..pdf,1244812,62,2,1,0,0,0.2258064516129032,document,0,0,0,0,0,1,0,1,0,0,11,7.9098875276295235,5.250824256483538,0.3748341114963545,0.0166595437704649,256,26,0,0,0,0,0,0,0,0,0,0,0,0.0,0
1,met_669597_primary_000__marker_zip_001__001.0ff2defa..jpg..zip,data/raw/image_anomaly/anomalous/mitra/files/jpg/met_669597_primary_000/f121d93688fb6b971ee1/met_669597_primary_000__marker_zip_001__001.0ff2defa..jpg..zip,1243317,62,2,1,0,0,0.2258064516129032,archive,0,0,0,1,0,1,0,1,0,0,12,7.9097659549176145,5.530441193699136,0.3738274309769753,0.0167503540931234,256,26,0,0,0,0,0,0,0,0,0,0,0,0.0,0
1,met_669597_primary_000__marker_zip_001__002.ccbe91d6..zip..jpg,data/raw/image_anomaly/anomalous/mitra/files/jpg/met_669597_primary_000/f121d93688fb6b971ee1/met_669597_primary_000__marker_zip_001__002.ccbe91d6..zip..jpg,1243313,62,2,1,0,0,0.2258064516129032,image,0,0,0,1,0,1,1,0,0,0,12,7.909764456305323,5.209492105328368,0.3738278293559224,0.0167504079825434,256,26,0,0,0,0,0,0,0,2,0,0,0,0.0017268378919869,0
1,met_671050_primary_000__marker_pdf_002__001.4d5f2f10..jpg..pdf,data/raw/image_anomaly/anomalous/mitra/files/jpg/met_671050_primary_000/367a69276fed34ed0af7/met_671050_primary_000__marker_pdf_002__001.4d5f2f10..jpg..pdf,3049884,62,2,1,0,0,0.2258064516129032,document,0,0,0,0,0,1,0,1,0,0,53,7.984583722487445,5.072845754531357,0.3685848379807232,0.009940705941603,256,13,0,0,0,0,0,0,0,0,0,0,0,0.0,0
1,met_671050_primary_000__marker_pdf_001__001.f1800526..jpg..pdf,data/raw/image_anomaly/anomalous/mitra/files/jpg/met_671050_primary_000/522d2f2eef261d8b242f/met_671050_primary_000__marker_pdf_001__001.f1800526..jpg..pdf,3048093,62,2,1,0,0,0.2258064516129032,document,0,0,0,0,0,1,0,1,0,0,53,7.984576899161467,5.250824256483538,0.3682262975571939,0.0099465469065412,256,13,0,0,0,0,0,0,0,0,0,0,0,0.0,0
1,met_671050_primary_000__marker_zip_002__001.b43dd90a..jpg..zip,data/raw/image_anomaly/anomalous/mitra/files/jpg/met_671050_primary_000/7b52a9ea377983743a4b/met_671050_primary_000__marker_zip_002__001.b43dd90a..jpg..zip,3079084,62,2,1,0,0,0.2258064516129032,archive,0,0,0,1,0,1,0,1,0,0,54,7.984852384172438,7.988340858219542,0.3678710941305921,0.0099178846695965,256,13,0,0,0,0,0,0,0,0,0,0,0,0.0,0
1,met_671050_primary_000__marker_zip_002__002.a31de2dd..zip..jpg,data/raw/image_anomaly/anomalous/mitra/files/jpg/met_671050_primary_000/7b52a9ea377983743a4b/met_671050_primary_000__marker_zip_002__002.a31de2dd..zip..jpg,3079080,62,2,1,0,0,0.2258064516129032,image,0,0,0,1,0,1,1,0,0,0,54,7.984852358371109,6.4310744405257525,0.3678712472556738,0.0099178975538147,256,13,0,0,0,0,0,0,0,2,0,0,0,0.0106742923210829,0
1,met_671050_primary_000__marker_zip_001__001.3ff7b6c7..jpg..zip,data/raw/image_anomaly/anomalous/mitra/files/jpg/met_671050_primary_000/9d21a076f449599816ed/met_671050_primary_000__marker_zip_001__001.3ff7b6c7..jpg..zip,3046598,62,2,1,0,0,0.2258064516129032,archive,0,0,0,1,0,1,0,1,0,0,54,7.984544838118562,6.257157470040194,0.36781222859071,0.009980312466561,256,13,0,0,0,0,0,0,0,0,0,0,0,0.0,0
1,met_671050_primary_000__marker_zip_001__002.ef49cc41..zip..jpg,data/raw/image_anomaly/anomalous/mitra/files/jpg/met_671050_primary_000/9d21a076f449599816ed/met_671050_primary_000__marker_zip_001__002.ef49cc41..zip..jpg,3046594,62,2,1,0,0,0.2258064516129032,image,0,0,0,1,0,1,1,0,0,0,54,7.984544756888282,6.4310744405257525,0.3678123832712859,0.0099803255701284,256,13,0,0,0,0,0,0,0,2,0,0,0,0.0007047214036396,0
1,met_6804_primary_000__marker_zip_002__001.5570a79a..jpg..zip,data/raw/image_anomaly/anomalous/mitra/files/jpg/met_6804_primary_000/1fbb92d59e1f4e3f748a/met_6804_primary_000__marker_zip_002__001.5570a79a..jpg..zip,456275,60,2,1,0,0,0.2333333333333333,archive,0,0,0,1,0,1,0,1,0,0,5,7.886339644144348,7.988340858219542,0.3779935346008438,0.0218311325406827,256,15,0,0,0,0,0,0,0,0,0,0,0,0.0,0
1,met_6804_primary_000__marker_zip_002__002.73b466f0..zip..jpg,data/raw/image_anomaly/anomalous/mitra/files/jpg/met_6804_primary_000/1fbb92d59e1f4e3f748a/met_6804_primary_000__marker_zip_002__002.73b466f0..zip..jpg,456271,60,2,1,0,0,0.2333333333333333,image,0,0,0,1,0,1,1,0,0,0,5,7.8863356263337,4.922074776927042,0.3779946566842951,0.0218313239281041,256,15,0,0,0,0,0,0,0,2,0,0,0,0.0720339447389818,0
1,met_6804_primary_000__marker_zip_001__001.41c4c161..jpg..zip,data/raw/image_anomaly/anomalous/mitra/files/jpg/met_6804_primary_000/7a9380f8219bee91ebeb/met_6804_primary_000__marker_zip_001__001.41c4c161..jpg..zip,423789,60,2,1,0,0,0.2333333333333333,archive,0,0,0,1,0,1,0,1,0,0,5,7.869432988719184,5.629400418965675,0.3783462996915918,0.0231931456455925,256,15,0,0,0,0,0,0,0,0,0,0,0,0.0,0
1,met_6804_primary_000__marker_zip_001__002.9fbc81f2..zip..jpg,data/raw/image_anomaly/anomalous/mitra/files/jpg/met_6804_primary_000/7a9380f8219bee91ebeb/met_6804_primary_000__marker_zip_001__002.9fbc81f2..zip..jpg,423785,60,2,1,0,0,0.2333333333333333,image,0,0,0,1,0,1,1,0,0,0,5,7.869427876020159,4.922074776927042,0.3783475111200254,0.0231933645598593,256,15,0,0,0,0,0,0,0,2,0,0,0,0.0050662482154866,0
1,met_6804_primary_000__marker_pdf_002__001.bbd06ff6..jpg..pdf,data/raw/image_anomaly/anomalous/mitra/files/jpg/met_6804_primary_000/f1ae4997d72ab3a564a0/met_6804_primary_000__marker_pdf_002__001.bbd06ff6..jpg..pdf,427075,60,2,1,0,0,0.2333333333333333,document,0,0,0,0,0,1,0,1,0,0,4,7.8694288678122275,5.072845754531357,0.3837827079552772,0.0228086401685886,256,15,0,0,0,0,0,0,0,0,0,0,0,0.0,0
1,met_6804_primary_000__marker_pdf_001__001.23c6ca23..jpg..pdf,data/raw/image_anomaly/anomalous/mitra/files/jpg/met_6804_primary_000/f6a47c1ee84bb263ce19/met_6804_primary_000__marker_pdf_001__001.23c6ca23..jpg..pdf,425284,60,2,1,0,0,0.2333333333333333,document,0,0,0,0,0,1,0,1,0,0,4,7.869323210811466,5.250824256483538,0.3812769819696955,0.0229046942748845,256,15,0,0,0,0,0,0,0,0,0,0,0,0.0,0
1,met_68363_primary_000__marker_zip_002__001.9652e42b..jpg..zip,data/raw/image_anomaly/anomalous/mitra/files/jpg/met_68363_primary_000/2ac40f792767444cb41f/met_68363_primary_000__marker_zip_002__001.9652e42b..jpg..zip,113537,61,2,1,0,0,0.2295081967213114,archive,0,0,0,1,0,1,0,1,0,0,2,7.925400429879685,7.988340858219542,0.3924623690955371,0.0101728951795449,256,6,0,0,0,0,0,0,0,0,0,0,0,0.0,0
1,met_68363_primary_000__marker_zip_002__002.7bb06381..zip..jpg,data/raw/image_anomaly/anomalous/mitra/files/jpg/met_68363_primary_000/2ac40f792767444cb41f/met_68363_primary_000__marker_zip_002__002.7bb06381..zip..jpg,113533,61,2,1,0,0,0.2295081967213114,image,0,0,0,1,0,1,1,0,0,0,2,7.925384421248337,3.534857335905623,0.3924673883364308,0.0101732535914667,256,6,0,0,0,0,0,0,0,2,0,0,0,0.2894929227625448,0
1,met_68363_primary_000__marker_pdf_001__001.58271b32..jpg..pdf,data/raw/image_anomaly/anomalous/mitra/files/jpg/met_68363_primary_000/3c73a24e9e1d6bd94382/met_68363_primary_000__marker_pdf_001__001.58271b32..jpg..pdf,82546,61,2,1,0,0,0.2295081967213114,document,0,0,0,0,0,1,0,1,0,0,1,7.862094374046216,5.250824256483538,0.414811135609236,0.0113270176628788,256,6,0,0,0,0,0,0,0,0,0,0,0,0.0,0
1,met_68363_primary_000__marker_zip_001__001.fac290a8..jpg..zip,data/raw/image_anomaly/anomalous/mitra/files/jpg/met_68363_primary_000/d37e9cb0b3d2e1702047/met_68363_primary_000__marker_zip_001__001.fac290a8..jpg..zip,81051,61,2,1,0,0,0.2295081967213114,archive,0,0,0,1,0,1,0,1,0,0,2,7.867640829001677,3.520580017598685,0.4001061060320045,0.012621682644261,256,6,0,0,0,0,0,0,0,0,0,0,0,0.0,0
1,met_68363_primary_000__marker_zip_001__002.d8d588e3..zip..jpg,data/raw/image_anomaly/anomalous/mitra/files/jpg/met_68363_primary_000/d37e9cb0b3d2e1702047/met_68363_primary_000__marker_zip_001__002.d8d588e3..zip..jpg,81047,61,2,1,0,0,0.2295081967213114,image,0,0,0,1,0,1,1,0,0,0,2,7.867596563555385,3.534857335905623,0.4001135143805446,0.012622305575777,256,6,0,0,0,0,0,0,0,2,0,0,0,0.0264908016336199,0
1,met_68363_primary_000__marker_pdf_002__001.63c8151e..jpg..pdf,data/raw/image_anomaly/anomalous/mitra/files/jpg/met_68363_primary_000/ed4f9e716ce42cc3720c/met_68363_primary_000__marker_pdf_002__001.63c8151e..jpg..pdf,84337,61,2,1,0,0,0.2295081967213114,document,0,0,0,0,0,1,0,1,0,0,1,7.858292680841944,5.072845754531357,0.4267877681207536,0.0110864745011086,256,6,0,0,0,0,0,0,0,0,0,0,0,0.0,0
1,met_689238_additional_001__marker_pdf_001__001.426d7a55..jpg..pdf,data/raw/image_anomaly/anomalous/mitra/files/jpg/met_689238_additional_001/105ca4cc24af29794f51/met_689238_additional_001__marker_pdf_001__001.426d7a55..jpg..pdf,1543889,65,2,1,0,0,0.2153846153846154,document,0,0,0,0,0,1,0,1,0,0,14,7.938464516532259,5.250824256483538,0.3804412104756235,0.0135372426385575,256,26,0,0,0,0,0,0,0,0,0,0,0,0.0,0
1,met_689238_additional_001__marker_zip_001__001.de5dbe61..jpg..zip,data/raw/image_anomaly/anomalous/mitra/files/jpg/met_689238_additional_001/b1c120bdea2050cd9f89/met_689238_additional_001__marker_zip_001__001.de5dbe61..jpg..zip,1542394,65,2,1,0,0,0.2153846153846154,archive,0,0,0,1,0,1,0,1,0,0,15,7.938455187167692,5.495067481498255,0.3796351645558787,0.0136074180786491,256,26,0,0,0,0,0,0,0,0,0,0,0,0.0,0
1,met_689238_additional_001__marker_zip_001__002.19fd0093..zip..jpg,data/raw/image_anomaly/anomalous/mitra/files/jpg/met_689238_additional_001/b1c120bdea2050cd9f89/met_689238_additional_001__marker_zip_001__002.19fd0093..zip..jpg,1542390,65,2,1,0,0,0.2153846153846154,image,0,0,0,1,0,1,1,0,0,0,15,7.938453647310273,5.18681002542578,0.3796355007488378,0.0136074533678252,256,26,0,0,0,0,0,0,0,2,0,0,0,0.0013919955393901,0
1,met_689238_additional_001__marker_pdf_002__001.f8847e8c..jpg..pdf,data/raw/image_anomaly/anomalous/mitra/files/jpg/met_689238_additional_001/b2d1012b300f4d5e5c3e/met_689238_additional_001__marker_pdf_002__001.f8847e8c..jpg..pdf,1545680,65,2,1,0,0,0.2153846153846154,document,0,0,0,0,0,1,0,1,0,0,14,7.938462229779572,5.072845754531357,0.3811345168469541,0.0135215568552352,256,26,0,0,0,0,0,0,0,0,0,0,0,0.0,0
1,met_689238_additional_001__marker_zip_002__001.dc2cf999..jpg..zip,data/raw/image_anomaly/anomalous/mitra/files/jpg/met_689238_additional_001/e5dea9a207cd3cb7d334/met_689238_additional_001__marker_zip_002__001.dc2cf999..jpg..zip,1574880,65,2,1,0,0,0.2153846153846154,archive,0,0,0,1,0,1,0,1,0,0,15,7.940881507292907,7.988340858219542,0.3795063750888957,0.0134105455653764,256,26,0,0,0,0,0,0,0,0,0,0,0,0.0,0
1,met_689238_additional_001__marker_zip_002__002.71194523..zip..jpg,data/raw/image_anomaly/anomalous/mitra/files/jpg/met_689238_additional_001/e5dea9a207cd3cb7d334/met_689238_additional_001__marker_zip_002__002.71194523..zip..jpg,1574876,65,2,1,0,0,0.2153846153846154,image,0,0,0,1,0,1,1,0,0,0,15,7.940880519076363,5.18681002542578,0.379506704019872,0.0134105796265864,256,26,0,0,0,0,0,0,0,2,0,0,0,0.0208695795732489,0
1,met_689238_primary_000__marker_pdf_002__001.4362e876..jpg..pdf,data/raw/image_anomaly/anomalous/mitra/files/jpg/met_689238_primary_000/2bca10ec495e0820228b/met_689238_primary_000__marker_pdf_002__001.4362e876..jpg..pdf,1541449,62,2,1,0,0,0.2258064516129032,document,0,0,0,0,0,1,0,1,0,0,10,7.938464212558856,5.072845754531357,0.3802545526968456,0.0133303145287323,256,26,0,0,0,0,0,0,0,0,0,0,0,0.0,0
1,met_689238_primary_000__marker_pdf_001__001.efb73eaf..jpg..pdf,data/raw/image_anomaly/anomalous/mitra/files/jpg/met_689238_primary_000/2ee6d39632fd2c310177/met_689238_primary_000__marker_pdf_001__001.efb73eaf..jpg..pdf,1539658,62,2,1,0,0,0.2258064516129032,document,0,0,0,0,0,1,0,1,0,0,10,7.93845980173931,5.250824256483538,0.379558317496483,0.0133458209550432,256,26,0,0,0,0,0,0,0,0,0,0,0,0.0,0
1,met_689238_primary_000__marker_zip_002__001.47613424..jpg..zip,data/raw/image_anomaly/anomalous/mitra/files/jpg/met_689238_primary_000/308b8f326b36fe8e4f3f/met_689238_primary_000__marker_zip_002__001.47613424..jpg..zip,1570649,62,2,1,0,0,0.2258064516129032,archive,0,0,0,1,0,1,0,1,0,0,11,7.940882660711479,7.988340858219542,0.3786383845149362,0.0132225595916083,256,26,0,0,0,0,0,0,0,0,0,0,0,0.0,0
1,met_689238_primary_000__marker_zip_002__002.bb8a1be1..zip..jpg,data/raw/image_anomaly/anomalous/mitra/files/jpg/met_689238_primary_000/308b8f326b36fe8e4f3f/met_689238_primary_000__marker_zip_002__002.bb8a1be1..zip..jpg,1570645,62,2,1,0,0,0.2258064516129032,image,0,0,0,1,0,1,1,0,0,0,11,7.940881689612414,5.181657792749251,0.3786387121214533,0.0132225932658239,256,26,0,0,0,0,0,0,0,2,0,0,0,0.0209257980001846,0
1,met_689238_primary_000__marker_zip_001__001.1a1a4d2b..jpg..zip,data/raw/image_anomaly/anomalous/mitra/files/jpg/met_689238_primary_000/bf4a6c391c589f491274/met_689238_primary_000__marker_zip_001__001.1a1a4d2b..jpg..zip,1538163,62,2,1,0,0,0.2258064516129032,archive,0,0,0,1,0,1,0,1,0,0,11,7.93844809286912,5.490932778497256,0.3787491962815384,0.013416003375455,256,26,0,0,0,0,0,0,0,0,0,0,0,0.0,0
1,met_689238_primary_000__marker_zip_001__002.14a91030..zip..jpg,data/raw/image_anomaly/anomalous/mitra/files/jpg/met_689238_primary_000/bf4a6c391c589f491274/met_689238_primary_000__marker_zip_001__002.14a91030..zip..jpg,1538159,62,2,1,0,0,0.2258064516129032,image,0,0,0,1,0,1,1,0,0,0,11,7.938446616604377,5.181657792749251,0.3787495310952899,0.0134160382639246,256,26,0,0,0,0,0,0,0,2,0,0,0,0.0013958244888857,0
1,met_691015_primary_000__marker_pdf_001__001.a989fe2c..jpg..pdf,data/raw/image_anomaly/anomalous/mitra/files/jpg/met_691015_primary_000/0700d967f833343a2cf1/met_691015_primary_000__marker_pdf_001__001.a989fe2c..jpg..pdf,2835088,62,2,1,0,0,0.2258064516129032,document,0,0,0,0,0,1,0,1,0,0,81,7.958832192918898,5.250824256483538,0.3894129564937666,0.0068678644190233,256,13,0,0,0,0,0,0,0,0,0,0,0,0.0,0
1,met_691015_primary_000__marker_pdf_002__001.00ca6466..jpg..pdf,data/raw/image_anomaly/anomalous/mitra/files/jpg/met_691015_primary_000/6b5247dc64969f192810/met_691015_primary_000__marker_pdf_002__001.00ca6466..jpg..pdf,2836879,62,2,1,0,0,0.2258064516129032,document,0,0,0,0,0,1,0,1,0,0,81,7.95882965778654,5.072845754531357,0.3897850419422189,0.0068635285466881,256,13,0,0,0,0,0,0,0,0,0,0,0,0.0,0
1,met_691015_primary_000__marker_zip_002__001.2082f468..jpg..zip,data/raw/image_anomaly/anomalous/mitra/files/jpg/met_691015_primary_000/9ac4981015ab3c8f65bc/met_691015_primary_000__marker_zip_002__001.2082f468..jpg..zip,2866079,62,2,1,0,0,0.2258064516129032,archive,0,0,0,1,0,1,0,1,0,0,82,7.959700118721167,7.988340858219542,0.3888022626033686,0.0068703619125641,256,13,0,0,0,0,0,0,0,0,0,0,0,0.0,0
1,met_691015_primary_000__marker_zip_002__002.0e282446..zip..jpg,data/raw/image_anomaly/anomalous/mitra/files/jpg/met_691015_primary_000/9ac4981015ab3c8f65bc/met_691015_primary_000__marker_zip_002__002.0e282446..zip..jpg,2866075,62,2,1,0,0,0.2258064516129032,image,0,0,0,1,0,1,1,0,0,0,82,7.959699533686121,6.406316412082775,0.3888024563209267,0.0068703715010947,256,13,0,0,0,0,0,0,0,2,0,0,0,0.0114675994173215,0
1,met_691015_primary_000__marker_zip_001__001.b2018279..jpg..zip,data/raw/image_anomaly/anomalous/mitra/files/jpg/met_691015_primary_000/ef845e7b07ccfe1db474/met_691015_primary_000__marker_zip_001__001.b2018279..jpg..zip,2833593,62,2,1,0,0,0.2258064516129032,archive,0,0,0,1,0,1,0,1,0,0,82,7.9587875298719535,6.224814437092764,0.3889789394595483,0.0069025438727438,256,13,0,0,0,0,0,0,0,0,0,0,0,0.0,0
1,met_691015_primary_000__marker_zip_001__002.2edbb8e5..zip..jpg,data/raw/image_anomaly/anomalous/mitra/files/jpg/met_691015_primary_000/ef845e7b07ccfe1db474/met_691015_primary_000__marker_zip_001__002.2edbb8e5..zip..jpg,2833589,62,2,1,0,0,0.2258064516129032,image,0,0,0,1,0,1,1,0,0,0,82,7.958786673966663,6.406316412082775,0.3889791356474069,0.0069025536166324,256,13,0,0,0,0,0,0,0,2,0,0,0,0.0007576963349307,0
1,met_69420_primary_000__marker_pdf_001__001.d4873e59..jpg..pdf,data/raw/image_anomaly/anomalous/mitra/files/jpg/met_69420_primary_000/8563081b6fdf983eb3ed/met_69420_primary_000__marker_pdf_001__001.d4873e59..jpg..pdf,2292381,61,2,1,0,0,0.2295081967213114,document,0,0,0,0,0,1,0,1,0,0,75,7.97068197879724,5.250824256483538,0.3785932617658234,0.0076571041201266,256,9,0,0,1,0,0,0,1,0,0,0,0,0.0,0
1,met_69420_primary_000__marker_zip_001__001.1eebdcfa..jpg..zip,data/raw/image_anomaly/anomalous/mitra/files/jpg/met_69420_primary_000/c21e1ab8934ceded29cb/met_69420_primary_000__marker_zip_001__001.1eebdcfa..jpg..zip,2290886,61,2,1,0,0,0.2295081967213114,archive,0,0,0,1,0,1,0,1,0,0,76,7.970627923394034,4.335775828840862,0.378049366053134,0.0077005141242296,256,9,0,0,1,0,0,0,1,0,0,0,0,0.0,0
1,met_69420_primary_000__marker_zip_001__002.8938a808..zip..jpg,data/raw/image_anomaly/anomalous/mitra/files/jpg/met_69420_primary_000/c21e1ab8934ceded29cb/met_69420_primary_000__marker_zip_001__002.8938a808..zip..jpg,2290882,61,2,1,0,0,0.2295081967213114,image,0,0,0,1,0,1,1,0,0,0,76,7.970627499663583,3.039792198597443,0.3780495896340362,0.0077005275697307,256,9,0,0,1,0,0,0,1,2,0,0,0,0.000937193622369,0
1,met_69420_primary_000__marker_pdf_002__001.7f5b169d..jpg..pdf,data/raw/image_anomaly/anomalous/mitra/files/jpg/met_69420_primary_000/dcfe30649285ec2faeb5/met_69420_primary_000__marker_pdf_002__001.7f5b169d..jpg..pdf,2294172,61,2,1,0,0,0.2295081967213114,document,0,0,0,0,0,1,0,1,0,0,75,7.970686459215533,5.072845754531357,0.3790618140226626,0.0076511264194663,256,9,0,0,1,0,0,0,1,0,0,0,0,0.0,0
1,met_69420_primary_000__marker_zip_002__001.271c5dc2..jpg..zip,data/raw/image_anomaly/anomalous/mitra/files/jpg/met_69420_primary_000/f400309b835c19a1419f/met_69420_primary_000__marker_zip_002__001.271c5dc2..jpg..zip,2323372,61,2,1,0,0,0.2295081967213114,archive,0,0,0,1,0,1,0,1,0,0,76,7.971445788329546,7.988340858219542,0.3779842401475097,0.0076496574805928,256,9,0,0,1,0,0,0,1,0,0,0,0,0.0,0
1,met_69420_primary_000__marker_zip_002__002.4d9dcb38..zip..jpg,data/raw/image_anomaly/anomalous/mitra/files/jpg/met_69420_primary_000/f400309b835c19a1419f/met_69420_primary_000__marker_zip_002__002.4d9dcb38..zip..jpg,2323368,61,2,1,0,0,0.2295081967213114,image,0,0,0,1,0,1,1,0,0,0,76,7.971445386518599,3.039792198597443,0.3779844604901161,0.0076496706505383,256,9,0,0,1,0,0,0,1,2,0,0,0,0.0141462738576067,0
1,met_699366_primary_000__marker_zip_001__001.48ff51d4..jpg..zip,data/raw/image_anomaly/anomalous/mitra/files/jpg/met_699366_primary_000/0ec11b464c8e4aee29c9/met_699366_primary_000__marker_zip_001__001.48ff51d4..jpg..zip,233101,62,2,1,0,0,0.2258064516129032,archive,0,0,0,1,0,1,0,1,0,0,9,7.916113324928376,6.2578060177083215,0.4079261779228746,0.0218360281594673,256,17,0,0,0,0,0,0,0,0,0,0,0,0.0,0
1,met_699366_primary_000__marker_zip_001__002.12d2b788..zip..jpg,data/raw/image_anomaly/anomalous/mitra/files/jpg/met_699366_primary_000/0ec11b464c8e4aee29c9/met_699366_primary_000__marker_zip_001__002.12d2b788..zip..jpg,233097,62,2,1,0,0,0.2258064516129032,image,0,0,0,1,0,1,1,0,0,0,9,7.916113414533803,6.42979766951925,0.4079288879736762,0.0218364028709078,256,17,0,0,0,0,0,0,0,2,0,0,0,0.00921075775321,0
1,met_699366_primary_000__marker_zip_002__001.f0f47954..jpg..zip,data/raw/image_anomaly/anomalous/mitra/files/jpg/met_699366_primary_000/28a3227f753f2ccc099a/met_699366_primary_000__marker_zip_002__001.f0f47954..jpg..zip,265587,62,2,1,0,0,0.2258064516129032,archive,0,0,0,1,0,1,0,1,0,0,9,7.932957735487931,7.988340858219542,0.4037019884256383,0.0196621069555362,256,17,0,0,0,0,0,0,0,0,0,0,0,0.0,0
1,met_699366_primary_000__marker_zip_002__002.5f5d118f..zip..jpg,data/raw/image_anomaly/anomalous/mitra/files/jpg/met_699366_primary_000/28a3227f753f2ccc099a/met_699366_primary_000__marker_zip_002__002.5f5d118f..zip..jpg,265583,62,2,1,0,0,0.2258064516129032,image,0,0,0,1,0,1,1,0,0,0,9,7.932954824059351,6.42979766951925,0.4037043033627905,0.0196624030905592,256,17,0,0,0,0,0,0,0,2,0,0,0,0.1237541559512468,0
1,met_699366_primary_000__marker_pdf_002__001.6ba7b4ca..jpg..pdf,data/raw/image_anomaly/anomalous/mitra/files/jpg/met_699366_primary_000/bc7b4609c2c10055def3/met_699366_primary_000__marker_pdf_002__001.6ba7b4ca..jpg..pdf,236387,62,2,1,0,0,0.2258064516129032,document,0,0,0,0,0,1,0,1,0,0,8,7.911548372849345,5.072845754531357,0.4173368247830887,0.021160216086333,256,17,0,0,0,0,0,0,0,0,0,0,0,0.0,0
1,met_699366_primary_000__marker_pdf_001__001.9efdaee3..jpg..pdf,data/raw/image_anomaly/anomalous/mitra/files/jpg/met_699366_primary_000/d543287ef9045d072330/met_699366_primary_000__marker_pdf_001__001.9efdaee3..jpg..pdf,234596,62,2,1,0,0,0.2258064516129032,document,0,0,0,0,0,1,0,1,0,0,8,7.913454591172992,5.250824256483538,0.4130505208954969,0.0213217616668655,256,17,0,0,0,0,0,0,0,0,0,0,0,0.0,0
1,met_703714_primary_000__marker_zip_002__001.dd004a84..jpg..zip,data/raw/image_anomaly/anomalous/mitra/files/jpg/met_703714_primary_000/1aa2b2ae8c95491a79f5/met_703714_primary_000__marker_zip_002__001.dd004a84..jpg..zip,246405,62,2,1,0,0,0.2258064516129032,archive,0,0,0,1,0,1,0,1,0,0,6,7.920127826547714,7.988340858219542,0.4047239301150545,0.0210425924798603,256,17,0,0,0,0,0,0,0,0,0,0,0,0.0,0
1,met_703714_primary_000__marker_zip_002__002.554e1255..zip..jpg,data/raw/image_anomaly/anomalous/mitra/files/jpg/met_703714_primary_000/1aa2b2ae8c95491a79f5/met_703714_primary_000__marker_zip_002__002.554e1255..zip..jpg,246401,62,2,1,0,0,0.2258064516129032,image,0,0,0,1,0,1,1,0,0,0,6,7.920123576106428,6.40104847491842,0.404726441856973,0.0210429340790013,256,17,0,0,0,0,0,0,0,2,0,0,0,0.1333882573528516,0
1,met_703714_primary_000__marker_pdf_002__001.165ffb96..jpg..pdf,data/raw/image_anomaly/anomalous/mitra/files/jpg/met_703714_primary_000/971a1bd5bee41779f8d5/met_703714_primary_000__marker_pdf_002__001.165ffb96..jpg..pdf,217205,62,2,1,0,0,0.2258064516129032,document,0,0,0,0,0,1,0,1,0,0,5,7.893222975624484,5.072845754531357,0.4197002831426532,0.0228585898114684,256,17,0,0,0,0,0,0,0,0,0,0,0,0.0,0
1,met_703714_primary_000__marker_pdf_001__001.f27658d6..jpg..pdf,data/raw/image_anomaly/anomalous/mitra/files/jpg/met_703714_primary_000/9fa15166201deecc8a02/met_703714_primary_000__marker_pdf_001__001.f27658d6..jpg..pdf,215414,62,2,1,0,0,0.2258064516129032,document,0,0,0,0,0,1,0,1,0,0,5,7.895259820830465,5.250824256483538,0.4150519464844439,0.0230486412210905,256,17,0,0,0,0,0,0,0,0,0,0,0,0.0,0
1,met_703714_primary_000__marker_zip_001__001.1ed55315..jpg..zip,data/raw/image_anomaly/anomalous/mitra/files/jpg/met_703714_primary_000/aac74cd8757da364b57b/met_703714_primary_000__marker_zip_001__001.1ed55315..jpg..zip,213919,62,2,1,0,0,0.2258064516129032,archive,0,0,0,1,0,1,0,1,0,0,6,7.898191868903855,6.241554467429602,0.4094820936896676,0.0236210902257396,256,17,0,0,0,0,0,0,0,0,0,0,0,0.0,0
1,met_703714_primary_000__marker_zip_001__002.a0814e63..zip..jpg,data/raw/image_anomaly/anomalous/mitra/files/jpg/met_703714_primary_000/aac74cd8757da364b57b/met_703714_primary_000__marker_zip_001__002.a0814e63..zip..jpg,213915,62,2,1,0,0,0.2258064516129032,image,0,0,0,1,0,1,1,0,0,0,6,7.898191519349148,6.40104847491842,0.4094850758478835,0.0236215319168828,256,17,0,0,0,0,0,0,0,2,0,0,0,0.0100366968188299,0
1,met_703767_primary_000__marker_zip_001__001.8704c133..jpg..zip,data/raw/image_anomaly/anomalous/mitra/files/jpg/met_703767_primary_000/047e51f0fe5c68fbc8a4/met_703767_primary_000__marker_zip_001__001.8704c133..jpg..zip,195630,62,2,1,0,0,0.2258064516129032,archive,0,0,0,1,0,1,0,1,0,0,4,7.897580740379061,6.244365439393932,0.4171394980319992,0.0186014414967029,256,17,0,0,0,0,0,0,0,0,0,0,0,0.0,0
1,met_703767_primary_000__marker_zip_001__002.fe96e0cd..zip..jpg,data/raw/image_anomaly/anomalous/mitra/files/jpg/met_703767_primary_000/047e51f0fe5c68fbc8a4/met_703767_primary_000__marker_zip_001__002.fe96e0cd..zip..jpg,195626,62,2,1,0,0,0.2258064516129032,image,0,0,0,1,0,1,1,0,0,0,4,7.897576144982647,6.426403563778851,0.4171429155633709,0.0186018218437222,256,17,0,0,0,0,0,0,0,2,0,0,0,0.0109750237698465,0
1,met_703767_primary_000__marker_pdf_002__001.27067fd9..jpg..pdf,data/raw/image_anomaly/anomalous/mitra/files/jpg/met_703767_primary_000/71de2f551a68356662f7/met_703767_primary_000__marker_pdf_002__001.27067fd9..jpg..pdf,198916,62,2,1,0,0,0.2258064516129032,document,0,0,0,0,0,1,0,1,0,0,3,7.891345985422219,5.072845754531357,0.4281706851133142,0.0178517565203402,256,17,0,0,0,0,0,0,0,0,0,0,0,0.0,0
1,met_703767_primary_000__marker_pdf_001__001.1193d779..jpg..pdf,data/raw/image_anomaly/anomalous/mitra/files/jpg/met_703767_primary_000/b48f026927cf547af07a/met_703767_primary_000__marker_pdf_001__001.1193d779..jpg..pdf,197125,62,2,1,0,0,0.2258064516129032,document,0,0,0,0,0,1,0,1,0,0,3,7.893674477529136,5.250824256483538,0.4231680405833862,0.018013950538998,256,17,0,0,0,0,0,0,0,0,0,0,0,0.0,0
1,met_703767_primary_000__marker_zip_002__001.d8413f3f..jpg..zip,data/raw/image_anomaly/anomalous/mitra/files/jpg/met_703767_primary_000/f858abd87652636bfabd/met_703767_primary_000__marker_zip_002__001.d8413f3f..jpg..zip,228116,62,2,1,0,0,0.2258064516129032,archive,0,0,0,1,0,1,0,1,0,0,4,7.921540269726224,7.988340858219542,0.4109093619035929,0.016531063143313,256,17,0,0,0,0,0,0,0,0,0,0,0,0.0,0
1,met_703767_primary_000__marker_zip_002__002.79340d1c..zip..jpg,data/raw/image_anomaly/anomalous/mitra/files/jpg/met_703767_primary_000/f858abd87652636bfabd/met_703767_primary_000__marker_zip_002__002.79340d1c..zip..jpg,228112,62,2,1,0,0,0.2258064516129032,image,0,0,0,1,0,1,1,0,0,0,4,7.921538112995116,6.426403563778851,0.4109121834888125,0.0165313530195693,256,17,0,0,0,0,0,0,0,2,0,0,0,0.1440827312898926,0
1,met_704540_primary_000__marker_pdf_002__001.b166dc65..jpg..pdf,data/raw/image_anomaly/anomalous/mitra/files/jpg/met_704540_primary_000/5f3feddf7f079028bf89/met_704540_primary_000__marker_pdf_002__001.b166dc65..jpg..pdf,3267731,62,2,1,0,0,0.2258064516129032,document,0,0,0,0,0,1,0,1,0,0,51,7.983245618024346,5.072845754531357,0.3761463229378428,0.0086133160899719,256,14,0,0,1,0,0,0,1,0,0,0,0,0.0,0
1,met_704540_primary_000__marker_zip_002__001.6899ca8d..jpg..zip,data/raw/image_anomaly/anomalous/mitra/files/jpg/met_704540_primary_000/7c2baa2baddee0546172/met_704540_primary_000__marker_zip_002__001.6899ca8d..jpg..zip,3296931,62,2,1,0,0,0.2258064516129032,archive,0,0,0,1,0,1,0,1,0,0,52,7.983536507084445,7.988340858219542,0.3754127702399595,0.0086037590716942,256,14,0,0,1,0,0,0,1,0,0,0,0,0.0,0
1,met_704540_primary_000__marker_zip_002__002.6fc75749..zip..jpg,data/raw/image_anomaly/anomalous/mitra/files/jpg/met_704540_primary_000/7c2baa2baddee0546172/met_704540_primary_000__marker_zip_002__002.6fc75749..zip..jpg,3296927,62,2,1,0,0,0.2258064516129032,image,0,0,0,1,0,1,1,0,0,0,52,7.983536399523345,6.376388531685527,0.3754129223971292,0.0086037695102136,256,14,0,0,1,0,0,0,1,2,0,0,0,0.0099689802048998,0
1,met_704540_primary_000__marker_pdf_001__001.65b89e91..jpg..pdf,data/raw/image_anomaly/anomalous/mitra/files/jpg/met_704540_primary_000/8475ab594d087ba6a3a4/met_704540_primary_000__marker_pdf_001__001.65b89e91..jpg..pdf,3265940,62,2,1,0,0,0.2258064516129032,document,0,0,0,0,0,1,0,1,0,0,51,7.983250444002498,5.250824256483538,0.3758158447491381,0.0086180395230775,256,14,0,0,1,0,0,0,1,0,0,0,0,0.0,0
1,met_704540_primary_000__marker_zip_001__001.b6e7c7f7..jpg..zip,data/raw/image_anomaly/anomalous/mitra/files/jpg/met_704540_primary_000/d0750ed16f62c49847f4/met_704540_primary_000__marker_zip_001__001.b6e7c7f7..jpg..zip,3264445,62,2,1,0,0,0.2258064516129032,archive,0,0,0,1,0,1,0,1,0,0,52,7.983217497656032,6.210369448660308,0.3754328836907958,0.0086489433885392,256,14,0,0,1,0,0,0,1,0,0,0,0,0.0,0
1,met_704540_primary_000__marker_zip_001__002.b3a1d0a3..zip..jpg,data/raw/image_anomaly/anomalous/mitra/files/jpg/met_704540_primary_000/d0750ed16f62c49847f4/met_704540_primary_000__marker_zip_001__002.b3a1d0a3..zip..jpg,3264441,62,2,1,0,0,0.2258064516129032,image,0,0,0,1,0,1,1,0,0,0,52,7.983217218070674,6.376388531685527,0.3754330373867992,0.0086489539863027,256,14,0,0,1,0,0,0,1,2,0,0,0,0.0006576930016502,0
1,met_707908_primary_000__marker_pdf_001__001.20c5d4ac..jpg..pdf,data/raw/image_anomaly/anomalous/mitra/files/jpg/met_707908_primary_000/1e6c8fa3a834cd3b76fa/met_707908_primary_000__marker_pdf_001__001.20c5d4ac..jpg..pdf,4404911,62,2,1,0,0,0.2258064516129032,document,0,0,0,0,0,1,0,1,0,0,98,7.970645804601705,5.250824256483538,0.3798962112968911,0.0093343543149907,256,26,0,0,0,0,0,0,0,0,0,0,0,0.0,0
1,met_707908_primary_000__marker_zip_001__001.09a6fd63..jpg..zip,data/raw/image_anomaly/anomalous/mitra/files/jpg/met_707908_primary_000/26d836f0a03c9219e7a0/met_707908_primary_000__marker_zip_001__001.09a6fd63..jpg..zip,4403416,62,2,1,0,0,0.2258064516129032,archive,0,0,0,1,0,1,0,1,0,0,99,7.970638416724841,5.421217940941207,0.3796136908254864,0.0093575078984134,256,26,0,0,0,0,0,0,0,0,0,0,0,0.0,0
1,met_707908_primary_000__marker_pdf_002__001.d10acf7d..jpg..pdf,data/raw/image_anomaly/anomalous/mitra/files/jpg/met_707908_primary_000/7147efe46d2d4037a162/met_707908_primary_000__marker_pdf_002__001.d10acf7d..jpg..pdf,4406702,62,2,1,0,0,0.2258064516129032,document,0,0,0,0,0,1,0,1,0,0,98,7.970638731561809,5.072845754531357,0.3801396146142852,0.0093305605870331,256,26,0,0,0,0,0,0,0,0,0,0,0,0.0,0
1,met_707908_primary_000__marker_zip_002__001.d1bd93f2..jpg..zip,data/raw/image_anomaly/anomalous/mitra/files/jpg/met_707908_primary_000/9a3dda3792ba378b7abe/met_707908_primary_000__marker_zip_002__001.d1bd93f2..jpg..zip,4435902,62,2,1,0,0,0.2258064516129032,archive,0,0,0,1,0,1,0,1,0,0,99,7.9710563819389,7.988340858219542,0.3795681239125661,0.0093187360766761,256,26,0,0,0,0,0,0,0,0,0,0,0,0.0,0
1,met_712912_primary_000__marker_pdf_002__001.3e3728f6..jpg..pdf,data/raw/image_anomaly/anomalous/mitra/files/jpg/met_712912_primary_000/224f887ce18df4234a7c/met_712912_primary_000__marker_pdf_002__001.3e3728f6..jpg..pdf,150690,62,2,1,0,0,0.2258064516129032,document,0,0,0,0,0,1,0,1,0,0,4,7.884271091624469,5.072845754531357,0.4456035569712655,0.0188997279182427,256,15,0,0,0,0,0,0,0,0,0,0,0,0.0,0
1,met_712912_primary_000__marker_zip_002__001.b496e40c..jpg..zip,data/raw/image_anomaly/anomalous/mitra/files/jpg/met_712912_primary_000/4372b1b88ab78294b520/met_712912_primary_000__marker_zip_002__001.b496e40c..jpg..zip,179890,62,2,1,0,0,0.2258064516129032,archive,0,0,0,1,0,1,0,1,0,0,5,7.924775637497289,7.988340858219542,0.4208849852687754,0.0170548668630829,256,15,0,0,0,0,0,0,0,0,0,0,0,0.0,0
1,met_712912_primary_000__marker_zip_002__002.99c0776f..zip..jpg,data/raw/image_anomaly/anomalous/mitra/files/jpg/met_712912_primary_000/4372b1b88ab78294b520/met_712912_primary_000__marker_zip_002__002.99c0776f..zip..jpg,179886,62,2,1,0,0,0.2258064516129032,image,0,0,0,1,0,1,1,0,0,0,5,7.924773786089013,6.4229382765657705,0.4208887851194645,0.0170552461003079,256,15,0,0,0,0,0,0,0,2,0,0,0,0.1827101608796682,0
1,met_712912_primary_000__marker_zip_001__001.b4d49527..jpg..zip,data/raw/image_anomaly/anomalous/mitra/files/jpg/met_712912_primary_000/90fa67f630966af21896/met_712912_primary_000__marker_zip_001__001.b4d49527..jpg..zip,147404,62,2,1,0,0,0.2258064516129032,archive,0,0,0,1,0,1,0,1,0,0,5,7.894301775915872,6.228030176224372,0.4313519307481479,0.0199180483568966,256,15,0,0,0,0,0,0,0,0,0,0,0,0.0,0
1,met_712912_primary_000__marker_zip_001__002.3f38d411..zip..jpg,data/raw/image_anomaly/anomalous/mitra/files/jpg/met_712912_primary_000/90fa67f630966af21896/met_712912_primary_000__marker_zip_001__002.3f38d411..zip..jpg,147400,62,2,1,0,0,0.2258064516129032,image,0,0,0,1,0,1,1,0,0,0,5,7.894295837117935,6.4229382765657705,0.4313568521031207,0.0199185888738127,256,15,0,0,0,0,0,0,0,2,0,0,0,0.0145658073270013,0
1,met_712912_primary_000__marker_pdf_001__001.d67e5549..jpg..pdf,data/raw/image_anomaly/anomalous/mitra/files/jpg/met_712912_primary_000/f9e91f41528654905fde/met_712912_primary_000__marker_pdf_001__001.d67e5549..jpg..pdf,148899,62,2,1,0,0,0.2258064516129032,document,0,0,0,0,0,1,0,1,0,0,4,7.888286062085354,5.250824256483538,0.4391903236422004,0.019127059281795,256,15,0,0,0,0,0,0,0,0,0,0,0,0.0,0
1,met_713471_primary_000__marker_zip_001__001.82d94692..jpg..zip,data/raw/image_anomaly/anomalous/mitra/files/jpg/met_713471_primary_000/05660ea0796ebee5a9a8/met_713471_primary_000__marker_zip_001__001.82d94692..jpg..zip,281281,62,2,1,0,0,0.2258064516129032,archive,0,0,0,1,0,1,0,1,0,0,7,7.921883490490188,6.261855977600188,0.4116808458445469,0.0202217711114508,256,24,1,0,0,0,0,0,0,0,0,0,0,0.0,0
1,met_713471_primary_000__marker_zip_001__002.7b2c9484..zip..jpg,data/raw/image_anomaly/anomalous/mitra/files/jpg/met_713471_primary_000/05660ea0796ebee5a9a8/met_713471_primary_000__marker_zip_001__002.7b2c9484..zip..jpg,281277,62,2,1,0,0,0.2258064516129032,image,0,0,0,1,0,1,1,0,0,0,7,7.92188158455017,6.43618346305324,0.4116831450847385,0.0202220586823664,256,24,1,0,0,0,0,0,0,2,0,0,0,0.0076330450054572,0
1,met_713471_primary_000__marker_zip_002__001.77354151..jpg..zip,data/raw/image_anomaly/anomalous/mitra/files/jpg/met_713471_primary_000/42b30594619cdc19881a/met_713471_primary_000__marker_zip_002__001.77354151..jpg..zip,313767,62,2,1,0,0,0.2258064516129032,archive,0,0,0,1,0,1,0,1,0,0,7,7.935469028742777,7.988340858219542,0.4077165540034484,0.0185487957624606,256,24,1,0,0,0,0,0,0,0,0,0,0,0.0,0
1,met_713471_primary_000__marker_zip_002__002.126ca5dd..zip..jpg,data/raw/image_anomaly/anomalous/mitra/files/jpg/met_713471_primary_000/42b30594619cdc19881a/met_713471_primary_000__marker_zip_002__002.126ca5dd..zip..jpg,313763,62,2,1,0,0,0.2258064516129032,image,0,0,0,1,0,1,1,0,0,0,7,7.935464508307984,6.43618346305324,0.4077185646491141,0.0185490322313338,256,24,1,0,0,0,0,0,0,2,0,0,0,0.1047510382039947,0
1,met_713471_primary_000__marker_pdf_001__001.f3ba7a4b..jpg..pdf,data/raw/image_anomaly/anomalous/mitra/files/jpg/met_713471_primary_000/61678c0c6809bd7d19d1/met_713471_primary_000__marker_pdf_001__001.f3ba7a4b..jpg..pdf,282776,62,2,1,0,0,0.2258064516129032,document,0,0,0,0,0,1,0,1,0,0,6,7.91972876734472,5.250824256483538,0.4159122414914986,0.0198036608481625,256,24,1,0,0,0,0,0,0,0,0,0,0,0.0,0
1,met_713471_primary_000__marker_pdf_002__001.0e18e9b0..jpg..pdf,data/raw/image_anomaly/anomalous/mitra/files/jpg/met_713471_primary_000/a04d60fe717eda189295/met_713471_primary_000__marker_pdf_002__001.0e18e9b0..jpg..pdf,284567,62,2,1,0,0,0.2258064516129032,document,0,0,0,0,0,1,0,1,0,0,6,7.918126370501243,5.072845754531357,0.4194548208330551,0.0196790211092642,256,24,1,0,0,0,0,0,0,0,0,0,0,0.0,0
1,met_715362_primary_000__marker_pdf_001__001.5ff3b895..jpg..pdf,data/raw/image_anomaly/anomalous/mitra/files/jpg/met_715362_primary_000/2eb29be4ea6a46896edf/met_715362_primary_000__marker_pdf_001__001.5ff3b895..jpg..pdf,156269,62,2,1,0,0,0.2258064516129032,document,0,0,0,0,0,1,0,1,0,0,4,7.887216407193391,5.250824256483538,0.4346095514785402,0.0198695838586027,256,15,0,0,0,0,0,0,0,0,0,0,0,0.0,0
1,met_715362_primary_000__marker_zip_002__001.b0128a86..jpg..zip,data/raw/image_anomaly/anomalous/mitra/files/jpg/met_715362_primary_000/40e68ec07de0bfcf861e/met_715362_primary_000__marker_zip_002__001.b0128a86..jpg..zip,187260,62,2,1,0,0,0.2258064516129032,archive,0,0,0,1,0,1,0,1,0,0,5,7.922756393149069,7.988340858219542,0.4177827619352771,0.0177560610915304,256,15,0,0,0,0,0,0,0,0,0,0,0,0.0,0
1,met_715362_primary_000__marker_zip_002__002.57b63dd4..zip..jpg,data/raw/image_anomaly/anomalous/mitra/files/jpg/met_715362_primary_000/40e68ec07de0bfcf861e/met_715362_primary_000__marker_zip_002__002.57b63dd4..zip..jpg,187256,62,2,1,0,0,0.2258064516129032,image,0,0,0,1,0,1,1,0,0,0,5,7.922756490701499,6.38381409642328,0.4177863459648823,0.0177564403810825,256,15,0,0,0,0,0,0,0,2,0,0,0,0.1755190754902379,0
1,met_715362_primary_000__marker_zip_001__001.0b1ec597..jpg..zip,data/raw/image_anomaly/anomalous/mitra/files/jpg/met_715362_primary_000/8658d33f9975c3391972/met_715362_primary_000__marker_zip_001__001.0b1ec597..jpg..zip,154774,62,2,1,0,0,0.2258064516129032,archive,0,0,0,1,0,1,0,1,0,0,5,7.892918861359663,6.2033840328511625,0.4271001589414243,0.0206300799875948,256,15,0,0,0,0,0,0,0,0,0,0,0,0.0,0
1,met_715362_primary_000__marker_zip_001__002.25a6abba..zip..jpg,data/raw/image_anomaly/anomalous/mitra/files/jpg/met_715362_primary_000/8658d33f9975c3391972/met_715362_primary_000__marker_zip_001__002.25a6abba..zip..jpg,154770,62,2,1,0,0,0.2258064516129032,image,0,0,0,1,0,1,1,0,0,0,5,7.892914217015942,6.38381409642328,0.4271047360599599,0.0206306131679266,256,15,0,0,0,0,0,0,0,2,0,0,0,0.013872197454287,0
1,met_715362_primary_000__marker_pdf_002__001.52319d86..jpg..pdf,data/raw/image_anomaly/anomalous/mitra/files/jpg/met_715362_primary_000/e6316c09d29b632f9fae/met_715362_primary_000__marker_pdf_002__001.52319d86..jpg..pdf,158060,62,2,1,0,0,0.2258064516129032,document,0,0,0,0,0,1,0,1,0,0,4,7.883461828261437,5.072845754531357,0.4407756548146274,0.019644438820701,256,15,0,0,0,0,0,0,0,0,0,0,0,0.0,0
1,met_71997_primary_000__marker_pdf_001__001.160a843e..jpg..pdf,data/raw/image_anomaly/anomalous/mitra/files/jpg/met_71997_primary_000/273873d6ebf48c2fa001/met_71997_primary_000__marker_pdf_001__001.160a843e..jpg..pdf,92578,61,2,1,0,0,0.2295081967213114,document,0,0,0,0,0,1,0,1,0,0,3,7.858505597208252,5.250824256483538,0.4032275486616691,0.016310570545918,256,6,0,1,0,0,0,1,1,0,0,0,0,0.0,0
1,met_71997_primary_000__marker_pdf_002__001.3f64b0f9..jpg..pdf,data/raw/image_anomaly/anomalous/mitra/files/jpg/met_71997_primary_000/31d97dd7be68d986fecf/met_71997_primary_000__marker_pdf_002__001.3f64b0f9..jpg..pdf,94369,61,2,1,0,0,0.2295081967213114,document,0,0,0,0,0,1,0,1,0,0,3,7.856224239041947,5.072845754531357,0.4141508334304697,0.016001017283218,256,6,0,1,0,0,0,1,1,0,0,0,0,0.0,0
1,met_71997_primary_000__marker_zip_001__001.447c6e64..jpg..zip,data/raw/image_anomaly/anomalous/mitra/files/jpg/met_71997_primary_000/6ae1fcfe76db1db11e66/met_71997_primary_000__marker_zip_001__001.447c6e64..jpg..zip,91083,61,2,1,0,0,0.2295081967213114,archive,0,0,0,1,0,1,0,1,0,0,4,7.861776452479969,3.470524595254358,0.3899520217823304,0.0175444374910795,256,6,0,1,0,0,0,1,1,0,0,0,0,0.0,0
1,met_71997_primary_000__marker_zip_001__002.1b4cc465..zip..jpg,data/raw/image_anomaly/anomalous/mitra/files/jpg/met_71997_primary_000/6ae1fcfe76db1db11e66/met_71997_primary_000__marker_zip_001__002.1b4cc465..zip..jpg,91079,61,2,1,0,0,0.2295081967213114,image,0,0,0,1,0,1,1,0,0,0,4,7.861755833838797,3.486129139354755,0.3899581681836647,0.0175452080062363,256,6,0,1,0,0,0,1,1,2,0,0,0,0.0235729421710822,0
1,met_71997_primary_000__marker_zip_002__001.e0ea93a2..jpg..zip,data/raw/image_anomaly/anomalous/mitra/files/jpg/met_71997_primary_000/800fd7432001c7a7044e/met_71997_primary_000__marker_zip_002__001.e0ea93a2..jpg..zip,123569,61,2,1,0,0,0.2295081967213114,archive,0,0,0,1,0,1,0,1,0,0,4,7.917903116192829,7.988340858219542,0.3855983296781555,0.0140002751499162,256,6,0,1,0,0,0,1,1,0,0,0,0,0.0,0
1,met_71997_primary_000__marker_zip_002__002.8d9cdae2..zip..jpg,data/raw/image_anomaly/anomalous/mitra/files/jpg/met_71997_primary_000/800fd7432001c7a7044e/met_71997_primary_000__marker_zip_002__002.8d9cdae2..zip..jpg,123565,61,2,1,0,0,0.2295081967213114,image,0,0,0,1,0,1,1,0,0,0,4,7.91789598074119,3.486129139354755,0.3856027192166066,0.014000728361591,256,6,0,1,0,0,0,1,1,2,0,0,0,0.265989560150528,0
1,met_721371_primary_000__marker_pdf_002__001.0280273b..jpg..pdf,data/raw/image_anomaly/anomalous/mitra/files/jpg/met_721371_primary_000/408aa4a37bfc5e118d66/met_721371_primary_000__marker_pdf_002__001.0280273b..jpg..pdf,224198,62,2,1,0,0,0.2258064516129032,document,0,0,0,0,0,1,0,1,0,0,5,7.912920585897325,5.072845754531357,0.4136031543546329,0.01698944682825,256,17,0,0,0,0,0,0,0,0,0,0,0,0.0,0
1,met_721371_primary_000__marker_pdf_001__001.a78c8e01..jpg..pdf,data/raw/image_anomaly/anomalous/mitra/files/jpg/met_721371_primary_000/5f1a7879c1b54968ee5a/met_721371_primary_000__marker_pdf_001__001.a78c8e01..jpg..pdf,222407,62,2,1,0,0,0.2258064516129032,document,0,0,0,0,0,1,0,1,0,0,5,7.914655535574034,5.250824256483538,0.4090518733672951,0.0171262595152131,256,17,0,0,0,0,0,0,0,0,0,0,0,0.0,0
1,met_721371_primary_000__marker_zip_002__001.38124032..jpg..zip,data/raw/image_anomaly/anomalous/mitra/files/jpg/met_721371_primary_000/6e2132a364c218f20860/met_721371_primary_000__marker_zip_002__001.38124032..jpg..zip,253398,62,2,1,0,0,0.2258064516129032,archive,0,0,0,1,0,1,0,1,0,0,6,7.935060371519813,7.988340858219542,0.3997426972588576,0.015899888712618,256,17,0,0,0,0,0,0,0,0,0,0,0,0.0,0
1,met_721371_primary_000__marker_zip_002__002.520431c8..zip..jpg,data/raw/image_anomaly/anomalous/mitra/files/jpg/met_721371_primary_000/6e2132a364c218f20860/met_721371_primary_000__marker_zip_002__002.520431c8..zip..jpg,253394,62,2,1,0,0,0.2258064516129032,image,0,0,0,1,0,1,1,0,0,0,6,7.935059827575552,6.424592742538165,0.3997450610511693,0.0159001397033868,256,17,0,0,0,0,0,0,0,2,0,0,0,0.1297070964584797,0
1,met_721371_primary_000__marker_zip_001__001.a0a94024..jpg..zip,data/raw/image_anomaly/anomalous/mitra/files/jpg/met_721371_primary_000/d526a8c3a21f04dc394c/met_721371_primary_000__marker_zip_001__001.a0a94024..jpg..zip,220912,62,2,1,0,0,0.2258064516129032,archive,0,0,0,1,0,1,0,1,0,0,6,7.917557357082481,6.253725294469137,0.403617730136887,0.0176405084377489,256,17,0,0,0,0,0,0,0,0,0,0,0,0.0,0
1,met_721371_primary_000__marker_zip_001__002.2090e54a..zip..jpg,data/raw/image_anomaly/anomalous/mitra/files/jpg/met_721371_primary_000/d526a8c3a21f04dc394c/met_721371_primary_000__marker_zip_001__002.2090e54a..zip..jpg,220908,62,2,1,0,0,0.2258064516129032,image,0,0,0,1,0,1,1,0,0,0,6,7.91755696761119,6.424592742538165,0.4036205117062306,0.01764082785594,256,17,0,0,0,0,0,0,0,2,0,0,0,0.0097189780361055,0
1,met_721395_primary_000__marker_zip_002__001.ab6e975b..jpg..zip,data/raw/image_anomaly/anomalous/mitra/files/jpg/met_721395_primary_000/1730f541ce916d03e299/met_721395_primary_000__marker_zip_002__001.ab6e975b..jpg..zip,242451,62,2,1,0,0,0.2258064516129032,archive,0,0,0,1,0,1,0,1,0,0,6,7.931932757336421,7.988340858219542,0.4090764731842722,0.0186800631880256,256,17,0,0,0,0,0,0,0,0,0,0,0,0.0,0
1,met_721395_primary_000__marker_zip_002__002.f78cd1d7..zip..jpg,data/raw/image_anomaly/anomalous/mitra/files/jpg/met_721395_primary_000/1730f541ce916d03e299/met_721395_primary_000__marker_zip_002__002.f78cd1d7..zip..jpg,242447,62,2,1,0,0,0.2258064516129032,image,0,0,0,1,0,1,1,0,0,0,6,7.931928177374411,6.407458189847872,0.4090790976997034,0.0186803713801366,256,17,0,0,0,0,0,0,0,2,0,0,0,0.1355636489624536,0
1,met_721395_primary_000__marker_pdf_001__001.e2c6fea9..jpg..pdf,data/raw/image_anomaly/anomalous/mitra/files/jpg/met_721395_primary_000/29c024f0ba005b2640f0/met_721395_primary_000__marker_pdf_001__001.e2c6fea9..jpg..pdf,211460,62,2,1,0,0,0.2258064516129032,document,0,0,0,0,0,1,0,1,0,0,5,7.909410712262992,5.250824256483538,0.4202355055329613,0.02037737633595,256,17,0,0,0,0,0,0,0,0,0,0,0,0.0,0
1,met_721395_primary_000__marker_pdf_002__001.13ebad3d..jpg..pdf,data/raw/image_anomaly/anomalous/mitra/files/jpg/met_721395_primary_000/692565a87c0c0faf17f5/met_721395_primary_000__marker_pdf_002__001.13ebad3d..jpg..pdf,213251,62,2,1,0,0,0.2258064516129032,document,0,0,0,0,0,1,0,1,0,0,5,7.907066249521842,5.072845754531357,0.4249264950691908,0.0202062358441461,256,17,0,0,0,0,0,0,0,0,0,0,0,0.0,0
1,met_721395_primary_000__marker_zip_001__001.735dc07b..jpg..zip,data/raw/image_anomaly/anomalous/mitra/files/jpg/met_721395_primary_000/d7a14877b0b907f0717c/met_721395_primary_000__marker_zip_001__001.735dc07b..jpg..zip,209965,62,2,1,0,0,0.2258064516129032,archive,0,0,0,1,0,1,0,1,0,0,6,7.912790229805712,6.238208560222191,0.4145976710404115,0.0209415855023456,256,17,0,0,0,0,0,0,0,0,0,0,0,0.0,0
1,met_721395_primary_000__marker_zip_001__002.7a50cc1e..zip..jpg,data/raw/image_anomaly/anomalous/mitra/files/jpg/met_721395_primary_000/d7a14877b0b907f0717c/met_721395_primary_000__marker_zip_001__002.7a50cc1e..zip..jpg,209961,62,2,1,0,0,0.2258064516129032,image,0,0,0,1,0,1,1,0,0,0,6,7.912788958895399,6.407458189847872,0.414600806816504,0.0209419844637813,256,17,0,0,0,0,0,0,0,2,0,0,0,0.0102257085839751,0
1,met_726554_primary_000__marker_zip_002__001.6ad99dd3..jpg..zip,data/raw/image_anomaly/anomalous/mitra/files/jpg/met_726554_primary_000/408ebace034d48fac8f4/met_726554_primary_000__marker_zip_002__001.6ad99dd3..jpg..zip,313976,62,2,1,0,0,0.2258064516129032,archive,0,0,0,1,0,1,0,1,0,0,6,7.959073481436415,7.988340858219542,0.4009765077585548,0.0135997655871786,256,15,0,2,0,0,0,2,2,0,0,0,0,0.0,0
1,met_726554_primary_000__marker_zip_002__002.8a4db7c1..zip..jpg,data/raw/image_anomaly/anomalous/mitra/files/jpg/met_726554_primary_000/408ebace034d48fac8f4/met_726554_primary_000__marker_zip_002__002.8a4db7c1..zip..jpg,313972,62,2,1,0,0,0.2258064516129032,image,0,0,0,1,0,1,1,0,0,0,6,7.959072348165153,6.395037240742477,0.4009784311976864,0.0135999388480501,256,15,0,2,0,0,0,2,2,2,0,0,0,0.1046813091613265,0
1,met_726554_primary_000__marker_pdf_002__001.b4d74cdf..jpg..pdf,data/raw/image_anomaly/anomalous/mitra/files/jpg/met_726554_primary_000/534ffadcf4fd71794518/met_726554_primary_000__marker_pdf_002__001.b4d74cdf..jpg..pdf,284776,62,2,1,0,0,0.2258064516129032,document,0,0,0,0,0,1,0,1,0,0,5,7.946704858759197,5.072845754531357,0.4120150574486614,0.0142217040761861,256,15,0,2,0,0,0,2,2,0,0,0,0,0.0,0
1,met_726554_primary_000__marker_zip_001__001.caa85d76..jpg..zip,data/raw/image_anomaly/anomalous/mitra/files/jpg/met_726554_primary_000/a3ef8ef31ac924913c18/met_726554_primary_000__marker_zip_001__001.caa85d76..jpg..zip,281490,62,2,1,0,0,0.2258064516129032,archive,0,0,0,1,0,1,0,1,0,0,6,7.950284285115146,6.217409344129725,0.4041600056840385,0.0147003445948346,256,15,0,2,0,0,0,2,2,0,0,0,0,0.0,0
1,met_726554_primary_000__marker_zip_001__002.055d9faf..zip..jpg,data/raw/image_anomaly/anomalous/mitra/files/jpg/met_726554_primary_000/a3ef8ef31ac924913c18/met_726554_primary_000__marker_zip_001__002.055d9faf..zip..jpg,281486,62,2,1,0,0,0.2258064516129032,image,0,0,0,1,0,1,1,0,0,0,6,7.950281248479037,6.395037240742477,0.4041621963436902,0.014700553491115,256,15,0,2,0,0,0,2,2,2,0,0,0,0.0076273775605181,0
1,met_726554_primary_000__marker_pdf_001__001.9a7831bf..jpg..pdf,data/raw/image_anomaly/anomalous/mitra/files/jpg/met_726554_primary_000/b21797e17ea2054b0a9c/met_726554_primary_000__marker_pdf_001__001.9a7831bf..jpg..pdf,282985,62,2,1,0,0,0.2258064516129032,document,0,0,0,0,0,1,0,1,0,0,5,7.948246120492757,5.250824256483538,0.40842800855169,0.0143117126349453,256,15,0,2,0,0,0,2,2,0,0,0,0,0.0,0
1,met_729060_primary_000__marker_zip_002__001.40e0d0c3..jpg..zip,data/raw/image_anomaly/anomalous/mitra/files/jpg/met_729060_primary_000/4c8eaedf6ed89f37112c/met_729060_primary_000__marker_zip_002__001.40e0d0c3..jpg..zip,391737,62,2,1,0,0,0.2258064516129032,archive,0,0,0,1,0,1,0,1,0,0,10,7.956154141983726,7.988340858219542,0.3972997189440875,0.0159111853105527,256,17,0,0,0,0,0,0,0,0,0,0,0,0.0,0
1,met_729060_primary_000__marker_zip_002__002.3055eab7..zip..jpg,data/raw/image_anomaly/anomalous/mitra/files/jpg/met_729060_primary_000/4c8eaedf6ed89f37112c/met_729060_primary_000__marker_zip_002__002.3055eab7..zip..jpg,391733,62,2,1,0,0,0.2258064516129032,image,0,0,0,1,0,1,1,0,0,0,10,7.956151692299933,6.434855033037059,0.3973012230269086,0.0159113477802482,256,17,0,0,0,0,0,0,0,2,0,0,0,0.0839015349740767,0
1,met_729060_primary_000__marker_zip_001__001.a183e726..jpg..zip,data/raw/image_anomaly/anomalous/mitra/files/jpg/met_729060_primary_000/d3b4665fdcb98a5f8a78/met_729060_primary_000__marker_zip_001__001.a183e726..jpg..zip,359251,62,2,1,0,0,0.2258064516129032,archive,0,0,0,1,0,1,0,1,0,0,10,7.948861590410438,6.261535681377149,0.3994616577267704,0.0169825553721492,256,17,0,0,0,0,0,0,0,0,0,0,0,0.0,0
1,met_729060_primary_000__marker_zip_001__002.977cd809..zip..jpg,data/raw/image_anomaly/anomalous/mitra/files/jpg/met_729060_primary_000/d3b4665fdcb98a5f8a78/met_729060_primary_000__marker_zip_001__002.977cd809..zip..jpg,359247,62,2,1,0,0,0.2258064516129032,image,0,0,0,1,0,1,1,0,0,0,10,7.948860584020891,6.434855033037059,0.3994633218927367,0.0169827444627234,256,17,0,0,0,0,0,0,0,2,0,0,0,0.0059763895036005,0
1,met_729060_primary_000__marker_pdf_001__001.4a970e3e..jpg..pdf,data/raw/image_anomaly/anomalous/mitra/files/jpg/met_729060_primary_000/d9e8cf098e290f22dfad/met_729060_primary_000__marker_pdf_001__001.4a970e3e..jpg..pdf,360746,62,2,1,0,0,0.2258064516129032,document,0,0,0,0,0,1,0,1,0,0,9,7.947617411417147,5.250824256483538,0.4028291373986128,0.0166682374856547,256,17,0,0,0,0,0,0,0,0,0,0,0,0.0,0
1,met_729060_primary_000__marker_pdf_002__001.6307206e..jpg..pdf,data/raw/image_anomaly/anomalous/mitra/files/jpg/met_729060_primary_000/ef496f25e093457012fb/met_729060_primary_000__marker_pdf_002__001.6307206e..jpg..pdf,362537,62,2,1,0,0,0.2258064516129032,document,0,0,0,0,0,1,0,1,0,0,9,7.946617928802409,5.072845754531357,0.4056744552969766,0.016585893301925,256,17,0,0,0,0,0,0,0,0,0,0,0,0.0,0
1,met_733332_primary_000__marker_zip_002__001.798aaf43..jpg..zip,data/raw/image_anomaly/anomalous/mitra/files/jpg/met_733332_primary_000/3a3af5dbcabde61dad36/met_733332_primary_000__marker_zip_002__001.798aaf43..jpg..zip,386031,62,2,1,0,0,0.2258064516129032,archive,0,0,0,1,0,1,0,1,0,0,13,7.945921446982938,7.988340858219542,0.39597597084172,0.018073678020677,256,17,0,0,0,0,0,0,0,0,0,0,0,0.0,0
1,met_733332_primary_000__marker_zip_002__002.072309de..zip..jpg,data/raw/image_anomaly/anomalous/mitra/files/jpg/met_733332_primary_000/3a3af5dbcabde61dad36/met_733332_primary_000__marker_zip_002__002.072309de..zip..jpg,386027,62,2,1,0,0,0.2258064516129032,image,0,0,0,1,0,1,1,0,0,0,13,7.94591839709815,6.401299658268454,0.3959774834402775,0.0180738652995774,256,17,0,0,0,0,0,0,0,2,0,0,0,0.0851417128853681,0
1,met_733332_primary_000__marker_zip_001__001.012d6708..jpg..zip,data/raw/image_anomaly/anomalous/mitra/files/jpg/met_733332_primary_000/b290c750e287b4070ea5/met_733332_primary_000__marker_zip_001__001.012d6708..jpg..zip,353545,62,2,1,0,0,0.2258064516129032,archive,0,0,0,1,0,1,0,1,0,0,13,7.936854456302299,6.249257194149369,0.3980511674610021,0.0193610431486798,256,17,0,0,0,0,0,0,0,0,0,0,0,0.0,0
1,met_733332_primary_000__marker_zip_001__002.cccab5cc..zip..jpg,data/raw/image_anomaly/anomalous/mitra/files/jpg/met_733332_primary_000/b290c750e287b4070ea5/met_733332_primary_000__marker_zip_001__002.cccab5cc..zip..jpg,353541,62,2,1,0,0,0.2258064516129032,image,0,0,0,1,0,1,1,0,0,0,13,7.936854476946511,6.401299658268454,0.3980528425274579,0.0193612622015551,256,17,0,0,0,0,0,0,0,2,0,0,0,0.0060728458651188,0
1,met_733332_primary_000__marker_pdf_002__001.1eeeec59..jpg..pdf,data/raw/image_anomaly/anomalous/mitra/files/jpg/met_733332_primary_000/db7e88172873cde145fa/met_733332_primary_000__marker_pdf_002__001.1eeeec59..jpg..pdf,356831,62,2,1,0,0,0.2258064516129032,document,0,0,0,0,0,1,0,1,0,0,12,7.934630631154217,5.072845754531357,0.4043763013863706,0.0189361350331109,256,17,0,0,0,0,0,0,0,0,0,0,0,0.0,0
1,met_733332_primary_000__marker_pdf_001__001.7db46192..jpg..pdf,data/raw/image_anomaly/anomalous/mitra/files/jpg/met_733332_primary_000/ef60bc7b3ff3925ec0b5/met_733332_primary_000__marker_pdf_001__001.7db46192..jpg..pdf,355040,62,2,1,0,0,0.2258064516129032,document,0,0,0,0,0,1,0,1,0,0,12,7.935635966146383,5.250824256483538,0.4014787066246056,0.0190316584046867,256,17,0,0,0,0,0,0,0,0,0,0,0,0.0,0
1,met_737236_primary_000__marker_zip_002__001.4263d71e..jpg..zip,data/raw/image_anomaly/anomalous/mitra/files/jpg/met_737236_primary_000/2a821a487668d433835d/met_737236_primary_000__marker_zip_002__001.4263d71e..jpg..zip,227869,62,2,1,0,0,0.2258064516129032,archive,0,0,0,1,0,1,0,1,0,0,6,7.92691037626229,7.988340858219542,0.4089937639608723,0.0195770376839324,256,17,0,0,0,0,0,0,0,0,0,0,0,0.0,0
1,met_737236_primary_000__marker_zip_002__002.5916fcaf..zip..jpg,data/raw/image_anomaly/anomalous/mitra/files/jpg/met_737236_primary_000/2a821a487668d433835d/met_737236_primary_000__marker_zip_002__002.5916fcaf..zip..jpg,227865,62,2,1,0,0,0.2258064516129032,image,0,0,0,1,0,1,1,0,0,0,6,7.926905522655983,6.401087981326552,0.408996554977728,0.0195773813442169,256,17,0,0,0,0,0,0,0,2,0,0,0,0.1442389133917012,0
1,met_737236_primary_000__marker_pdf_002__001.ea19bf9d..jpg..pdf,data/raw/image_anomaly/anomalous/mitra/files/jpg/met_737236_primary_000/4f7e3a4d97e212439ff1/met_737236_primary_000__marker_pdf_002__001.ea19bf9d..jpg..pdf,198669,62,2,1,0,0,0.2258064516129032,document,0,0,0,0,0,1,0,1,0,0,5,7.898804220514219,5.072845754531357,0.4259949967030588,0.0213470647156828,256,17,0,0,0,0,0,0,0,0,0,0,0,0.0,0
1,met_737236_primary_000__marker_pdf_001__001.3e5b2e75..jpg..pdf,data/raw/image_anomaly/anomalous/mitra/files/jpg/met_737236_primary_000/a0036986e417b3a89119/met_737236_primary_000__marker_pdf_001__001.3e5b2e75..jpg..pdf,196878,62,2,1,0,0,0.2258064516129032,document,0,0,0,0,0,1,0,1,0,0,5,7.901297718364906,5.250824256483538,0.4209662836883755,0.0215412590538302,256,17,0,0,0,0,0,0,0,0,0,0,0,0.0,0
1,met_737236_primary_000__marker_zip_001__001.031aeb4b..jpg..zip,data/raw/image_anomaly/anomalous/mitra/files/jpg/met_737236_primary_000/ff802b7fffb7b779f9c7/met_737236_primary_000__marker_zip_001__001.031aeb4b..jpg..zip,195383,62,2,1,0,0,0.2258064516129032,archive,0,0,0,1,0,1,0,1,0,0,6,7.904953054494927,6.2389983924015535,0.4149132729050122,0.0221564823961143,256,17,0,0,0,0,0,0,0,0,0,0,0,0.0,0
1,met_737236_primary_000__marker_zip_001__002.a3b03e14..zip..jpg,data/raw/image_anomaly/anomalous/mitra/files/jpg/met_737236_primary_000/ff802b7fffb7b779f9c7/met_737236_primary_000__marker_zip_001__002.a3b03e14..zip..jpg,195379,62,2,1,0,0,0.2258064516129032,image,0,0,0,1,0,1,1,0,0,0,6,7.904951635266604,6.401087981326552,0.4149166491792874,0.0221569360064285,256,17,0,0,0,0,0,0,0,2,0,0,0,0.0109888984998387,0
1,met_738940_primary_000__marker_pdf_002__001.94e71ede..jpg..pdf,data/raw/image_anomaly/anomalous/mitra/files/jpg/met_738940_primary_000/06ebbaf995e3ab29e697/met_738940_primary_000__marker_pdf_002__001.94e71ede..jpg..pdf,1515587,62,2,1,0,0,0.2258064516129032,document,0,0,0,0,0,1,0,1,0,0,40,7.9578864440272,5.072845754531357,0.3957608504163733,0.007511281107584,256,17,0,0,0,0,0,0,0,0,0,0,0,0.0,0
1,met_738940_primary_000__marker_zip_002__001.194c7837..jpg..zip,data/raw/image_anomaly/anomalous/mitra/files/jpg/met_738940_primary_000/0a074a870b23274120e1/met_738940_primary_000__marker_zip_002__001.194c7837..jpg..zip,1544787,62,2,1,0,0,0.2258064516129032,archive,0,0,0,1,0,1,0,1,0,0,41,7.959693526785595,7.988340858219542,0.3938245207915395,0.0075117152073392,256,17,0,0,0,0,0,0,0,0,0,0,0,0.0,0
1,met_738940_primary_000__marker_zip_002__002.ba530342..zip..jpg,data/raw/image_anomaly/anomalous/mitra/files/jpg/met_738940_primary_000/0a074a870b23274120e1/met_738940_primary_000__marker_zip_002__002.ba530342..zip..jpg,1544783,62,2,1,0,0,0.2258064516129032,image,0,0,0,1,0,1,1,0,0,0,41,7.959692590207775,5.136572261523975,0.393824893205065,0.0075117346578775,256,17,0,0,0,0,0,0,0,2,0,0,0,0.0212761274560893,0
1,met_738940_primary_000__marker_zip_001__001.1f6d4d23..jpg..zip,data/raw/image_anomaly/anomalous/mitra/files/jpg/met_738940_primary_000/f8002e36529fe254ae84/met_738940_primary_000__marker_zip_001__001.1f6d4d23..jpg..zip,1512301,62,2,1,0,0,0.2258064516129032,archive,0,0,0,1,0,1,0,1,0,0,41,7.957979146759786,5.125173163886668,0.3942634435869578,0.0075857914528919,256,17,0,0,0,0,0,0,0,0,0,0,0,0.0,0
1,met_738940_primary_000__marker_zip_001__002.ebc7809b..zip..jpg,data/raw/image_anomaly/anomalous/mitra/files/jpg/met_738940_primary_000/f8002e36529fe254ae84/met_738940_primary_000__marker_zip_001__002.ebc7809b..zip..jpg,1512297,62,2,1,0,0,0.2258064516129032,image,0,0,0,1,0,1,1,0,0,0,41,7.957977639905693,5.136572261523975,0.3942638251613274,0.0075858115171821,256,17,0,0,0,0,0,0,0,2,0,0,0,0.0014196946763763,0
1,met_738940_primary_000__marker_pdf_001__001.0e6c1f7a..jpg..pdf,data/raw/image_anomaly/anomalous/mitra/files/jpg/met_738940_primary_000/fcea44e60ffcb7b7e924/met_738940_primary_000__marker_pdf_001__001.0e6c1f7a..jpg..pdf,1513796,62,2,1,0,0,0.2258064516129032,document,0,0,0,0,0,1,0,1,0,0,40,7.957959782852773,5.250824256483538,0.3950710663788251,0.007520167842959,256,17,0,0,0,0,0,0,0,0,0,0,0,0.0,0
1,met_739936_additional_001__marker_pdf_002__001.695dcb65..jpg..pdf,data/raw/image_anomaly/anomalous/mitra/files/jpg/met_739936_additional_001/37d0aed2be2f23a9eefa/met_739936_additional_001__marker_pdf_002__001.695dcb65..jpg..pdf,358166,65,2,1,0,0,0.2153846153846154,document,0,0,0,0,0,1,0,1,0,0,7,7.936955548261296,5.072845754531357,0.4075400791811618,0.0171345130470228,256,17,0,0,0,0,0,0,0,0,0,0,0,0.0,0
1,met_739936_additional_001__marker_zip_001__001.d6bea410..jpg..zip,data/raw/image_anomaly/anomalous/mitra/files/jpg/met_739936_additional_001/593cbb3030aa0abb151a/met_739936_additional_001__marker_zip_001__001.d6bea410..jpg..zip,354880,65,2,1,0,0,0.2153846153846154,archive,0,0,0,1,0,1,0,1,0,0,8,7.939410028410482,6.245585886433778,0.4012680342651037,0.0175411406672678,256,17,0,0,0,0,0,0,0,0,0,0,0,0.0,0
1,met_739936_additional_001__marker_zip_001__002.38c45a7a..zip..jpg,data/raw/image_anomaly/anomalous/mitra/files/jpg/met_739936_additional_001/593cbb3030aa0abb151a/met_739936_additional_001__marker_zip_001__002.38c45a7a..zip..jpg,354876,65,2,1,0,0,0.2153846153846154,image,0,0,0,1,0,1,1,0,0,0,8,7.939408744560628,6.4076240274651655,0.4012697392892165,0.0175413383829844,256,17,0,0,0,0,0,0,0,2,0,0,0,0.0060500005635771,0
1,met_739936_additional_001__marker_pdf_001__001.a57c5821..jpg..pdf,data/raw/image_anomaly/anomalous/mitra/files/jpg/met_739936_additional_001/65c5afb1f4a77ffac6fd/met_739936_additional_001__marker_pdf_001__001.a57c5821..jpg..pdf,356375,65,2,1,0,0,0.2153846153846154,document,0,0,0,0,0,1,0,1,0,0,7,7.938047609517831,5.250824256483538,0.4046692388635566,0.017220624342336,256,17,0,0,0,0,0,0,0,0,0,0,0,0.0,0
1,met_739936_additional_001__marker_zip_002__001.42fd8ef4..jpg..zip,data/raw/image_anomaly/anomalous/mitra/files/jpg/met_739936_additional_001/7238c86f01b9b320613d/met_739936_additional_001__marker_zip_002__001.42fd8ef4..jpg..zip,387366,65,2,1,0,0,0.2153846153846154,archive,0,0,0,1,0,1,0,1,0,0,8,7.94813807024187,7.988340858219542,0.3989302107051212,0.0164108362633788,256,17,0,0,0,0,0,0,0,0,0,0,0,0.0,0
1,met_739936_additional_001__marker_zip_002__002.e2a39cb7..zip..jpg,data/raw/image_anomaly/anomalous/mitra/files/jpg/met_739936_additional_001/7238c86f01b9b320613d/met_739936_additional_001__marker_zip_002__002.e2a39cb7..zip..jpg,387362,65,2,1,0,0,0.2153846153846154,image,0,0,0,1,0,1,1,0,0,0,8,7.948134497968529,6.4076240274651655,0.3989317485969196,0.0164110057259101,256,17,0,0,0,0,0,0,0,2,0,0,0,0.0848482814524914,0
1,met_739936_primary_000__marker_pdf_001__001.f940d791..jpg..pdf,data/raw/image_anomaly/anomalous/mitra/files/jpg/met_739936_primary_000/3b1044aed5ada9353408/met_739936_primary_000__marker_pdf_001__001.f940d791..jpg..pdf,363511,62,2,1,0,0,0.2258064516129032,document,0,0,0,0,0,1,0,1,0,0,9,7.94036582557837,5.250824256483538,0.4005298326598094,0.0175097864988954,256,17,0,0,0,0,0,0,0,0,0,0,0,0.0,0
1,met_739936_primary_000__marker_zip_001__001.adbe597b..jpg..zip,data/raw/image_anomaly/anomalous/mitra/files/jpg/met_739936_primary_000/4f059086ad794293b756/met_739936_primary_000__marker_zip_001__001.adbe597b..jpg..zip,362016,62,2,1,0,0,0.2258064516129032,archive,0,0,0,1,0,1,0,1,0,0,10,7.941605841235659,6.24986330854347,0.3971785777424202,0.0178251789976133,256,17,0,0,0,0,0,0,0,0,0,0,0,0.0,0
1,met_739936_primary_000__marker_zip_001__002.5961ccf5..zip..jpg,data/raw/image_anomaly/anomalous/mitra/files/jpg/met_739936_primary_000/4f059086ad794293b756/met_739936_primary_000__marker_zip_001__002.5961ccf5..zip..jpg,362012,62,2,1,0,0,0.2258064516129032,image,0,0,0,1,0,1,1,0,0,0,10,7.941604800877503,6.421842317193549,0.397180203971139,0.0178253759543882,256,17,0,0,0,0,0,0,0,2,0,0,0,0.0059307426273162,0
1,met_739936_primary_000__marker_pdf_002__001.6362f5d8..jpg..pdf,data/raw/image_anomaly/anomalous/mitra/files/jpg/met_739936_primary_000/d0d43f284eb86948ebbc/met_739936_primary_000__marker_pdf_002__001.6362f5d8..jpg..pdf,365302,62,2,1,0,0,0.2258064516129032,document,0,0,0,0,0,1,0,1,0,0,9,7.939369425235081,5.072845754531357,0.4033648871344805,0.0174239396444585,256,17,0,0,0,0,0,0,0,0,0,0,0,0.0,0
1,met_739936_primary_000__marker_zip_002__001.429f352f..jpg..zip,data/raw/image_anomaly/anomalous/mitra/files/jpg/met_739936_primary_000/e408b7efc5818c1f1513/met_739936_primary_000__marker_zip_002__001.429f352f..jpg..zip,394502,62,2,1,0,0,0.2258064516129032,archive,0,0,0,1,0,1,0,1,0,0,10,7.949850367433195,7.988340858219542,0.3952197960973582,0.0166919305859032,256,17,0,0,0,0,0,0,0,0,0,0,0,0.0,0
1,met_739936_primary_000__marker_zip_002__002.1ae784ca..zip..jpg,data/raw/image_anomaly/anomalous/mitra/files/jpg/met_739936_primary_000/e408b7efc5818c1f1513/met_739936_primary_000__marker_zip_002__002.1ae784ca..zip..jpg,394498,62,2,1,0,0,0.2258064516129032,image,0,0,0,1,0,1,1,0,0,0,10,7.949847348749747,6.421842317193549,0.39522126854889,0.0166920998332057,256,17,0,0,0,0,0,0,0,2,0,0,0,0.0833134768744074,0
1,met_741768_additional_001__marker_pdf_002__001.87f1717f..jpg..pdf,data/raw/image_anomaly/anomalous/mitra/files/jpg/met_741768_additional_001/4297ccbeadc6255cd7b2/met_741768_additional_001__marker_pdf_002__001.87f1717f..jpg..pdf,3128460,65,2,1,0,0,0.2153846153846154,document,0,0,0,0,0,1,0,1,0,0,107,7.95784554051228,5.072845754531357,0.3779450592304201,0.0139391265990295,256,8,0,0,2,0,0,0,2,0,0,0,0,0.0,0
1,met_741768_additional_001__marker_pdf_001__001.70c6a9cd..jpg..pdf,data/raw/image_anomaly/anomalous/mitra/files/jpg/met_741768_additional_001/67be1cbbfa81a4959da1/met_741768_additional_001__marker_pdf_001__001.70c6a9cd..jpg..pdf,3126669,65,2,1,0,0,0.2153846153846154,document,0,0,0,0,0,1,0,1,0,0,107,7.957863466153849,5.250824256483538,0.3776008909161795,0.0139471111268893,256,8,0,0,2,0,0,0,2,0,0,0,0,0.0,0
1,met_741768_additional_001__marker_zip_002__001.8cfe8bb0..jpg..zip,data/raw/image_anomaly/anomalous/mitra/files/jpg/met_741768_additional_001/711ca63fc0f76f74897d/met_741768_additional_001__marker_zip_002__001.8cfe8bb0..jpg..zip,3157660,65,2,1,0,0,0.2153846153846154,archive,0,0,0,1,0,1,0,1,0,0,108,7.958669140963057,7.988340858219542,0.377162519080585,0.0138798984057814,256,8,0,0,2,0,0,0,2,0,0,0,0,0.0,0
1,met_741768_additional_001__marker_zip_002__002.66c3336b..zip..jpg,data/raw/image_anomaly/anomalous/mitra/files/jpg/met_741768_additional_001/711ca63fc0f76f74897d/met_741768_additional_001__marker_zip_002__002.66c3336b..zip..jpg,3157656,65,2,1,0,0,0.2153846153846154,image,0,0,0,1,0,1,1,0,0,0,108,7.958669018531261,2.416268634769564,0.3771626801652871,0.0138799159883153,256,8,0,0,2,0,0,0,2,2,0,0,0,0.0104086702288026,0
1,met_741768_additional_001__marker_zip_001__001.675dad40..jpg..zip,data/raw/image_anomaly/anomalous/mitra/files/jpg/met_741768_additional_001/b18db666a9d3445060ba/met_741768_additional_001__marker_zip_001__001.675dad40..jpg..zip,3125174,65,2,1,0,0,0.2153846153846154,archive,0,0,0,1,0,1,0,1,0,0,108,7.957851157837112,3.570305760417833,0.3772017174083747,0.013981941485498,256,8,0,0,2,0,0,0,2,0,0,0,0,0.0,0
1,met_741768_additional_001__marker_zip_001__002.6f1fcb2b..zip..jpg,data/raw/image_anomaly/anomalous/mitra/files/jpg/met_741768_additional_001/b18db666a9d3445060ba/met_741768_additional_001__marker_zip_001__002.6f1fcb2b..zip..jpg,3125170,65,2,1,0,0,0.2153846153846154,image,0,0,0,1,0,1,1,0,0,0,108,7.957850929133475,2.416268634769564,0.3772018802177161,0.0139819593814096,256,8,0,0,2,0,0,0,2,2,0,0,0,0.000687002627057,0
1,met_741768_primary_000__marker_pdf_001__001.f41b18da..jpg..pdf,data/raw/image_anomaly/anomalous/mitra/files/jpg/met_741768_primary_000/45796b53f54079ad7b42/met_741768_primary_000__marker_pdf_001__001.f41b18da..jpg..pdf,3203599,62,2,1,0,0,0.2258064516129032,document,0,0,0,0,0,1,0,1,0,0,85,7.959898109614656,5.250824256483538,0.3778378629784814,0.0136331045177626,256,8,0,0,1,0,0,0,1,0,0,0,0,0.0,0
1,met_741768_primary_000__marker_pdf_002__001.18fd8ea3..jpg..pdf,data/raw/image_anomaly/anomalous/mitra/files/jpg/met_741768_primary_000/712dc28a33b344c13329/met_741768_primary_000__marker_pdf_002__001.18fd8ea3..jpg..pdf,3205390,62,2,1,0,0,0.2258064516129032,document,0,0,0,0,0,1,0,1,0,0,85,7.959881822462655,5.072845754531357,0.3781736387771847,0.0136254870702161,256,8,0,0,1,0,0,0,1,0,0,0,0,0.0,0
1,met_741768_primary_000__marker_zip_001__001.20a51416..jpg..zip,data/raw/image_anomaly/anomalous/mitra/files/jpg/met_741768_primary_000/ac8a89a4b37930624a3f/met_741768_primary_000__marker_zip_001__001.20a51416..jpg..zip,3202104,62,2,1,0,0,0.2258064516129032,archive,0,0,0,1,0,1,0,1,0,0,86,7.959881738625409,3.5705658088302488,0.3774483901834544,0.0136669514794022,256,8,0,0,1,0,0,0,1,0,0,0,0,0.0,0
1,met_741768_primary_000__marker_zip_001__002.6f10a59d..zip..jpg,data/raw/image_anomaly/anomalous/mitra/files/jpg/met_741768_primary_000/ac8a89a4b37930624a3f/met_741768_primary_000__marker_zip_001__002.6f10a59d..zip..jpg,3202100,62,2,1,0,0,0.2258064516129032,image,0,0,0,1,0,1,1,0,0,0,86,7.959881526182998,2.420390858206687,0.3774485493894631,0.0136669685518878,256,8,0,0,1,0,0,0,1,2,0,0,0,0.0006704974860247,0
1,met_741768_primary_000__marker_zip_002__001.6e4c1d55..jpg..zip,data/raw/image_anomaly/anomalous/mitra/files/jpg/met_741768_primary_000/c246bb7b7cf69b7e752d/met_741768_primary_000__marker_zip_002__001.6e4c1d55..jpg..zip,3234590,62,2,1,0,0,0.2258064516129032,archive,0,0,0,1,0,1,0,1,0,0,86,7.960643118534408,7.988340858219542,0.3774076467187495,0.0135704988885762,256,8,0,0,1,0,0,0,1,0,0,0,0,0.0,0
1,met_741768_primary_000__marker_zip_002__002.a2a12833..zip..jpg,data/raw/image_anomaly/anomalous/mitra/files/jpg/met_741768_primary_000/c246bb7b7cf69b7e752d/met_741768_primary_000__marker_zip_002__002.a2a12833..zip..jpg,3234586,62,2,1,0,0,0.2258064516129032,image,0,0,0,1,0,1,1,0,0,0,86,7.960643020932177,2.420390858206687,0.3774078042754157,0.0135705156703207,256,8,0,0,1,0,0,0,1,2,0,0,0,0.0101611149000212,0
1,met_754439_primary_000__marker_pdf_002__001.b3b565f3..jpg..pdf,data/raw/image_anomaly/anomalous/mitra/files/jpg/met_754439_primary_000/3d3969d07c00a82eb064/met_754439_primary_000__marker_pdf_002__001.b3b565f3..jpg..pdf,4624985,62,2,1,0,0,0.2258064516129032,document,0,0,0,0,0,1,0,1,0,0,80,7.973399775629844,5.072845754531357,0.3784671734070489,0.008128242578084,256,17,0,2,0,0,0,2,2,0,0,0,0,0.0,0
1,met_754439_primary_000__marker_zip_002__001.069aa3a2..jpg..zip,data/raw/image_anomaly/anomalous/mitra/files/jpg/met_754439_primary_000/a6606cb9dc223204a103/met_754439_primary_000__marker_zip_002__001.069aa3a2..jpg..zip,4654185,62,2,1,0,0,0.2258064516129032,archive,0,0,0,1,0,1,0,1,0,0,81,7.9737302475750225,7.988340858219542,0.3779329785988309,0.0081245158926858,256,17,0,2,0,0,0,2,2,0,0,0,0,0.0,0
1,met_754439_primary_000__marker_zip_001__001.166b5f80..jpg..zip,data/raw/image_anomaly/anomalous/mitra/files/jpg/met_754439_primary_000/e1737d899311eb6ad6d6/met_754439_primary_000__marker_zip_001__001.166b5f80..jpg..zip,4621699,62,2,1,0,0,0.2258064516129032,archive,0,0,0,1,0,1,0,1,0,0,81,7.973362005860826,5.12666845244153,0.3779648999210031,0.0081530623262138,256,17,0,2,0,0,0,2,2,0,0,0,0,0.0,0
1,met_754439_primary_000__marker_pdf_001__001.2e027c23..jpg..pdf,data/raw/image_anomaly/anomalous/mitra/files/jpg/met_754439_primary_000/e97d1d24ff3bd367d5ff/met_754439_primary_000__marker_pdf_001__001.2e027c23..jpg..pdf,4623194,62,2,1,0,0,0.2258064516129032,document,0,0,0,0,0,1,0,1,0,0,80,7.973395616278993,5.250824256483538,0.3782346144245731,0.0081313914146799,256,17,0,2,0,0,0,2,2,0,0,0,0,0.0,0
1,met_755312_primary_000__marker_pdf_001__001.ad32edb5..jpg..pdf,data/raw/image_anomaly/anomalous/mitra/files/jpg/met_755312_primary_000/11d6a6a4d7e11bd97636/met_755312_primary_000__marker_pdf_001__001.ad32edb5..jpg..pdf,4641154,62,2,1,0,0,0.2258064516129032,document,0,0,0,0,0,1,0,1,0,0,62,7.978600571041473,5.250824256483538,0.3802625381532265,0.0082345899317281,256,17,0,2,0,0,0,2,2,0,0,0,0,0.0,0
1,met_755312_primary_000__marker_zip_002__001.a2a1a009..jpg..zip,data/raw/image_anomaly/anomalous/mitra/files/jpg/met_755312_primary_000/1cedfe94195fd07aa064/met_755312_primary_000__marker_zip_002__001.a2a1a009..jpg..zip,4672145,62,2,1,0,0,0.2258064516129032,archive,0,0,0,1,0,1,0,1,0,0,63,7.978868057239853,7.988340858219542,0.3799486103278044,0.0082270563092541,256,17,0,2,0,0,0,2,2,0,0,0,0,0.0,0
1,met_755312_primary_000__marker_zip_001__001.e403f4f8..jpg..zip,data/raw/image_anomaly/anomalous/mitra/files/jpg/met_755312_primary_000/6f5e163f80593ee176f1/met_755312_primary_000__marker_zip_001__001.e403f4f8..jpg..zip,4639659,62,2,1,0,0,0.2258064516129032,archive,0,0,0,1,0,1,0,1,0,0,63,7.978578332835198,6.229933587802202,0.3799945211490758,0.0082562102085519,256,17,0,2,0,0,0,2,2,0,0,0,0,0.0,0
1,met_755312_primary_000__marker_pdf_002__001.ecc154ca..jpg..pdf,data/raw/image_anomaly/anomalous/mitra/files/jpg/met_755312_primary_000/da22c3a78d3249656883/met_755312_primary_000__marker_pdf_002__001.ecc154ca..jpg..pdf,4642945,62,2,1,0,0,0.2258064516129032,document,0,0,0,0,0,1,0,1,0,0,62,7.978594528680164,5.072845754531357,0.3804934152784493,0.008231413467099,256,17,0,2,0,0,0,2,2,0,0,0,0,0.0,0
1,met_759863_primary_000__marker_zip_002__001.20b8efb8..jpg..zip,data/raw/image_anomaly/anomalous/mitra/files/jpg/met_759863_primary_000/32bcc759fa56be60f8f0/met_759863_primary_000__marker_zip_002__001.20b8efb8..jpg..zip,248127,62,2,1,0,0,0.2258064516129032,archive,0,0,0,1,0,1,0,1,0,0,8,7.9275437183881,7.988340858219542,0.411297440423654,0.0192159660174023,256,17,0,0,0,0,0,0,0,0,0,0,0,0.0,0
1,met_759863_primary_000__marker_zip_002__002.a91b3477..zip..jpg,data/raw/image_anomaly/anomalous/mitra/files/jpg/met_759863_primary_000/32bcc759fa56be60f8f0/met_759863_primary_000__marker_zip_002__002.a91b3477..zip..jpg,248123,62,2,1,0,0,0.2258064516129032,image,0,0,0,1,0,1,1,0,0,0,8,7.927538734642116,6.425343020389497,0.4113000407056177,0.0192162757986966,256,17,0,0,0,0,0,0,0,2,0,0,0,0.1324625286652184,0
1,met_759863_primary_000__marker_zip_001__001.617ca6dd..jpg..zip,data/raw/image_anomaly/anomalous/mitra/files/jpg/met_759863_primary_000/43cd559d9e829b1070af/met_759863_primary_000__marker_zip_001__001.617ca6dd..jpg..zip,215641,62,2,1,0,0,0.2258064516129032,archive,0,0,0,1,0,1,0,1,0,0,8,7.907569292348062,6.239553788884798,0.4170078973850056,0.0214986945896188,256,17,0,0,0,0,0,0,0,0,0,0,0,0.0,0
1,met_759863_primary_000__marker_zip_001__002.e490cf19..zip..jpg,data/raw/image_anomaly/anomalous/mitra/files/jpg/met_759863_primary_000/43cd559d9e829b1070af/met_759863_primary_000__marker_zip_001__002.e490cf19..zip..jpg,215637,62,2,1,0,0,0.2258064516129032,image,0,0,0,1,0,1,1,0,0,0,8,7.907566867975967,6.425343020389497,0.417010995330115,0.0214990933837884,256,17,0,0,0,0,0,0,0,2,0,0,0,0.0099565473457709,0
1,met_759863_primary_000__marker_pdf_002__001.ef92bfbb..jpg..pdf,data/raw/image_anomaly/anomalous/mitra/files/jpg/met_759863_primary_000/61e9a30cf2f511cd46c6/met_759863_primary_000__marker_pdf_002__001.ef92bfbb..jpg..pdf,218927,62,2,1,0,0,0.2258064516129032,document,0,0,0,0,0,1,0,1,0,0,7,7.901940927109358,5.072845754531357,0.427032755210641,0.020774047970328,256,17,0,0,0,0,0,0,0,0,0,0,0,0.0,0
1,met_759863_primary_000__marker_pdf_001__001.3adb4a35..jpg..pdf,data/raw/image_anomaly/anomalous/mitra/files/jpg/met_759863_primary_000/b70f8450dce1ed8c4e23/met_759863_primary_000__marker_pdf_001__001.3adb4a35..jpg..pdf,217136,62,2,1,0,0,0.2258064516129032,document,0,0,0,0,0,1,0,1,0,0,7,7.904242547932191,5.250824256483538,0.4224817625819763,0.020945398275735,256,17,0,0,0,0,0,0,0,0,0,0,0,0.0,0
1,met_760199_primary_000__marker_pdf_002__001.58399bb3..jpg..pdf,data/raw/image_anomaly/anomalous/mitra/files/jpg/met_760199_primary_000/1b1d7be165c50d3c19a9/met_760199_primary_000__marker_pdf_002__001.58399bb3..jpg..pdf,5543330,62,2,1,0,0,0.2258064516129032,document,0,0,0,0,0,1,0,1,0,0,130,7.961718365336132,5.072845754531357,0.3833428643071944,0.0077641056909835,256,17,0,2,1,0,0,2,3,0,0,0,0,0.0,0
1,met_760199_primary_000__marker_pdf_001__001.b034d5fc..jpg..pdf,data/raw/image_anomaly/anomalous/mitra/files/jpg/met_760199_primary_000/2a6cba8da09fc9c0832b/met_760199_primary_000__marker_pdf_001__001.b034d5fc..jpg..pdf,5541539,62,2,1,0,0,0.2258064516129032,document,0,0,0,0,0,1,0,1,0,0,130,7.961712624089745,5.250824256483538,0.3831504208487931,0.0077666150143489,256,17,0,2,1,0,0,2,3,0,0,0,0,0.0,0
1,met_760199_primary_000__marker_zip_002__001.bc5b71af..jpg..zip,data/raw/image_anomaly/anomalous/mitra/files/jpg/met_760199_primary_000/6a28d15fe37e8983f3a6/met_760199_primary_000__marker_zip_002__001.bc5b71af..jpg..zip,5572530,62,2,1,0,0,0.2258064516129032,archive,0,0,0,1,0,1,0,1,0,0,131,7.962122985976832,7.988340858219542,0.3828711554715721,0.007762901231577,256,17,0,2,1,0,0,2,3,0,0,0,0,0.0,0
1,met_760199_primary_000__marker_zip_001__001.fe724c48..jpg..zip,data/raw/image_anomaly/anomalous/mitra/files/jpg/met_760199_primary_000/741c0f09c957dca62a72/met_760199_primary_000__marker_zip_001__001.fe724c48..jpg..zip,5540044,62,2,1,0,0,0.2258064516129032,archive,0,0,0,1,0,1,0,1,0,0,131,7.961678510222057,5.127188664484917,0.3829267420980772,0.0077845952126012,256,17,0,2,1,0,0,2,3,0,0,0,0,0.0,0
1,met_764753_primary_000__marker_zip_002__001.e60e0038..jpg..zip,data/raw/image_anomaly/anomalous/mitra/files/jpg/met_764753_primary_000/277eb44b1dcb15385fad/met_764753_primary_000__marker_zip_002__001.e60e0038..jpg..zip,2043233,62,2,1,0,0,0.2258064516129032,archive,0,0,0,1,0,1,0,1,0,0,32,7.98296808998822,7.988340858219542,0.3771322213374588,0.0093332478478959,256,13,0,0,0,0,0,0,0,0,0,0,0,0.0,0
1,met_764753_primary_000__marker_zip_002__002.92602a80..zip..jpg,data/raw/image_anomaly/anomalous/mitra/files/jpg/met_764753_primary_000/277eb44b1dcb15385fad/met_764753_primary_000__marker_zip_002__002.92602a80..zip..jpg,2043229,62,2,1,0,0,0.2258064516129032,image,0,0,0,1,0,1,1,0,0,0,32,7.982968032546196,6.351178553542187,0.3771324702223784,0.0093332661194609,256,13,0,0,0,0,0,0,0,2,0,0,0,0.0160858131907877,0
1,met_764753_primary_000__marker_pdf_001__001.5ec3d92d..jpg..pdf,data/raw/image_anomaly/anomalous/mitra/files/jpg/met_764753_primary_000/2dbb5822a5abcd75e77e/met_764753_primary_000__marker_pdf_001__001.5ec3d92d..jpg..pdf,2012242,62,2,1,0,0,0.2258064516129032,document,0,0,0,0,0,1,0,1,0,0,31,7.982427964345326,5.250824256483538,0.377812907195059,0.0093676605497748,256,13,0,0,0,0,0,0,0,0,0,0,0,0.0,0
1,met_764753_primary_000__marker_pdf_002__001.6712b216..jpg..pdf,data/raw/image_anomaly/anomalous/mitra/files/jpg/met_764753_primary_000/a641da20e1a7fd0c70d7/met_764753_primary_000__marker_pdf_002__001.6712b216..jpg..pdf,2014033,62,2,1,0,0,0.2258064516129032,document,0,0,0,0,0,1,0,1,0,0,31,7.982389506350434,5.072845754531357,0.3783473259872107,0.009359330259236,256,13,0,0,0,0,0,0,0,0,0,0,0,0.0,0
1,met_764753_primary_000__marker_zip_001__001.b392f3d5..jpg..zip,data/raw/image_anomaly/anomalous/mitra/files/jpg/met_764753_primary_000/fc4fd139b50b544e6246/met_764753_primary_000__marker_zip_001__001.b392f3d5..jpg..zip,2010747,62,2,1,0,0,0.2258064516129032,archive,0,0,0,1,0,1,0,1,0,0,32,7.982434781970627,6.183772296832016,0.3771926552669232,0.0094183902798313,256,13,0,0,0,0,0,0,0,0,0,0,0,0.0,0
1,met_764753_primary_000__marker_zip_001__002.4118563e..zip..jpg,data/raw/image_anomaly/anomalous/mitra/files/jpg/met_764753_primary_000/fc4fd139b50b544e6246/met_764753_primary_000__marker_zip_001__002.4118563e..zip..jpg,2010743,62,2,1,0,0,0.2258064516129032,image,0,0,0,1,0,1,1,0,0,0,32,7.982434606780675,6.351178553542187,0.3771929082931036,0.0094184090159707,256,13,0,0,0,0,0,0,0,2,0,0,0,0.0010677645029722,0
1,met_77299_primary_000__marker_pdf_001__001.47c14695..jpg..pdf,data/raw/image_anomaly/anomalous/mitra/files/jpg/met_77299_primary_000/20cd32d421c334bb8cac/met_77299_primary_000__marker_pdf_001__001.47c14695..jpg..pdf,109955,61,2,1,0,0,0.2295081967213114,document,0,0,0,0,0,1,0,1,0,0,2,7.947511848204433,5.250824256483538,0.3755445409485698,0.0074394070301486,256,0,0,0,0,0,0,0,0,0,0,0,0,0.0,0
1,met_77299_primary_000__marker_zip_001__001.768f2da6..jpg..zip,data/raw/image_anomaly/anomalous/mitra/files/jpg/met_77299_primary_000/4d1499083d8baa279ffe/met_77299_primary_000__marker_zip_001__001.768f2da6..jpg..zip,108460,61,2,1,0,0,0.2295081967213114,archive,0,0,0,1,0,1,0,1,0,0,3,7.948903245124181,7.689565964630391,0.3640143831827401,0.008353309976028,256,0,0,0,0,0,0,0,0,0,0,0,0,0.0,0
1,met_77299_primary_000__marker_zip_001__002.c1bd00b9..zip..jpg,data/raw/image_anomaly/anomalous/mitra/files/jpg/met_77299_primary_000/4d1499083d8baa279ffe/met_77299_primary_000__marker_zip_001__002.c1bd00b9..zip..jpg,108456,61,2,1,0,0,0.2295081967213114,image,0,0,0,1,0,1,1,0,0,0,3,7.948896232750553,7.739151536861826,0.3640185881832263,0.0083536180570922,256,0,0,0,0,0,0,0,0,2,0,0,0,0.0197960463229328,0
1,met_77299_primary_000__marker_zip_002__001.e2fbd286..jpg..zip,data/raw/image_anomaly/anomalous/mitra/files/jpg/met_77299_primary_000/7d359a60ddc4bbfbf4a8/met_77299_primary_000__marker_zip_002__001.e2fbd286..jpg..zip,140946,61,2,1,0,0,0.2295081967213114,archive,0,0,0,1,0,1,0,1,0,0,3,7.96881455441075,7.988340858219542,0.3661756984944588,0.0073645225831169,256,0,0,0,0,0,0,0,0,0,0,0,0,0.0,0
1,met_77299_primary_000__marker_zip_002__002.98f7ea47..zip..jpg,data/raw/image_anomaly/anomalous/mitra/files/jpg/met_77299_primary_000/7d359a60ddc4bbfbf4a8/met_77299_primary_000__marker_zip_002__002.98f7ea47..zip..jpg,140942,61,2,1,0,0,0.2295081967213114,image,0,0,0,1,0,1,1,0,0,0,3,7.968812237167732,7.739151536861826,0.3661789956152176,0.0073647315917185,256,0,0,0,0,0,0,0,0,2,0,0,0,0.2331952150530005,0
1,met_77299_primary_000__marker_pdf_002__001.162e8ef8..jpg..pdf,data/raw/image_anomaly/anomalous/mitra/files/jpg/met_77299_primary_000/fa1ddb181d70dc4f833a/met_77299_primary_000__marker_pdf_002__001.162e8ef8..jpg..pdf,111746,61,2,1,0,0,0.2295081967213114,document,0,0,0,0,0,1,0,1,0,0,2,7.9461132306603055,5.072845754531357,0.3852128935263902,0.0073201725341399,256,0,0,0,0,0,0,0,0,0,0,0,0,0.0,0
1,met_773855_additional_001__marker_pdf_001__001.aa34825c..jpg..pdf,data/raw/image_anomaly/anomalous/mitra/files/jpg/met_773855_additional_001/a1bdf18126d2fdeb83af/met_773855_additional_001__marker_pdf_001__001.aa34825c..jpg..pdf,1703507,65,2,1,0,0,0.2153846153846154,document,0,0,0,0,0,1,0,1,0,0,34,7.9548866440143025,5.250824256483538,0.3866500108305983,0.013604875119386,256,17,0,0,0,0,0,0,0,0,0,0,0,0.0,0
1,met_773855_additional_001__marker_pdf_002__001.e6f97156..jpg..pdf,data/raw/image_anomaly/anomalous/mitra/files/jpg/met_773855_additional_001/a84047e328eaf0d6092f/met_773855_additional_001__marker_pdf_002__001.e6f97156..jpg..pdf,1705298,65,2,1,0,0,0.2153846153846154,document,0,0,0,0,0,1,0,1,0,0,34,7.954801679982251,5.072845754531357,0.3872719020370633,0.0135905865133249,256,17,0,0,0,0,0,0,0,0,0,0,0,0.0,0
1,met_773855_additional_001__marker_zip_002__001.1a82f4af..jpg..zip,data/raw/image_anomaly/anomalous/mitra/files/jpg/met_773855_additional_001/e43b18b382384569ce1f/met_773855_additional_001__marker_zip_002__001.1a82f4af..jpg..zip,1734498,65,2,1,0,0,0.2153846153846154,archive,0,0,0,1,0,1,0,1,0,0,35,7.956497810709008,7.988340858219542,0.3856902688847147,0.0134886289866001,256,17,0,0,0,0,0,0,0,0,0,0,0,0.0,0
1,met_773855_additional_001__marker_zip_002__002.70619759..zip..jpg,data/raw/image_anomaly/anomalous/mitra/files/jpg/met_773855_additional_001/e43b18b382384569ce1f/met_773855_additional_001__marker_zip_002__002.70619759..zip..jpg,1734494,65,2,1,0,0,0.2153846153846154,image,0,0,0,1,0,1,1,0,0,0,35,7.956496981864781,6.382108389587502,0.3856905818065672,0.0134886600933759,256,17,0,0,0,0,0,0,0,2,0,0,0,0.0189490421990505,0
1,met_773855_additional_001__marker_zip_001__001.6c8777e3..jpg..zip,data/raw/image_anomaly/anomalous/mitra/files/jpg/met_773855_additional_001/f357418213c367124928/met_773855_additional_001__marker_zip_001__001.6c8777e3..jpg..zip,1702012,65,2,1,0,0,0.2153846153846154,archive,0,0,0,1,0,1,0,1,0,0,35,7.95493329967742,6.219758156681992,0.3859250111045045,0.0136685287765303,256,17,0,0,0,0,0,0,0,0,0,0,0,0.0,0
1,met_773855_additional_001__marker_zip_001__002.63414cc0..zip..jpg,data/raw/image_anomaly/anomalous/mitra/files/jpg/met_773855_additional_001/f357418213c367124928/met_773855_additional_001__marker_zip_001__002.63414cc0..zip..jpg,1702008,65,2,1,0,0,0.2153846153846154,image,0,0,0,1,0,1,1,0,0,0,35,7.954932896685488,6.382108389587502,0.3859253305507377,0.0136685608998312,256,17,0,0,0,0,0,0,0,2,0,0,0,0.0012614511800179,0
1,met_773855_primary_000__marker_zip_002__001.cf463028..jpg..zip,data/raw/image_anomaly/anomalous/mitra/files/jpg/met_773855_primary_000/1c076326b134444473f5/met_773855_primary_000__marker_zip_002__001.cf463028..jpg..zip,1679305,62,2,1,0,0,0.2258064516129032,archive,0,0,0,1,0,1,0,1,0,0,35,7.967750544617434,7.988340858219542,0.3750325283376158,0.0116679221463641,256,17,0,0,0,0,0,0,0,0,0,0,0,0.0,0
1,met_773855_primary_000__marker_zip_002__002.f00c2e52..zip..jpg,data/raw/image_anomaly/anomalous/mitra/files/jpg/met_773855_primary_000/1c076326b134444473f5/met_773855_primary_000__marker_zip_002__002.f00c2e52..zip..jpg,1679301,62,2,1,0,0,0.2258064516129032,image,0,0,0,1,0,1,1,0,0,0,35,7.967750350883438,6.426486212817394,0.3750328261580264,0.0116679499386947,256,17,0,0,0,0,0,0,0,2,0,0,0,0.0195718337570215,0
1,met_773855_primary_000__marker_zip_001__001.f26d0625..jpg..zip,data/raw/image_anomaly/anomalous/mitra/files/jpg/met_773855_primary_000/5ff48b277493d52e9c1b/met_773855_primary_000__marker_zip_001__001.f26d0625..jpg..zip,1646819,62,2,1,0,0,0.2258064516129032,archive,0,0,0,1,0,1,0,1,0,0,35,7.966535749185903,6.247454131802525,0.3750648978424465,0.011817935061473,256,17,0,0,0,0,0,0,0,0,0,0,0,0.0,0
1,met_773855_primary_000__marker_zip_001__002.a0c277a1..zip..jpg,data/raw/image_anomaly/anomalous/mitra/files/jpg/met_773855_primary_000/5ff48b277493d52e9c1b/met_773855_primary_000__marker_zip_001__002.a0c277a1..zip..jpg,1646815,62,2,1,0,0,0.2258064516129032,image,0,0,0,1,0,1,1,0,0,0,35,7.966535390421329,6.426486212817394,0.3750652016164535,0.0118179637664218,256,17,0,0,0,0,0,0,0,2,0,0,0,0.0013037287126969,0
1,met_773855_primary_000__marker_pdf_002__001.85a41002..jpg..pdf,data/raw/image_anomaly/anomalous/mitra/files/jpg/met_773855_primary_000/8194af3060351ad5fb43/met_773855_primary_000__marker_pdf_002__001.85a41002..jpg..pdf,1650105,62,2,1,0,0,0.2258064516129032,document,0,0,0,0,0,1,0,1,0,0,34,7.966424358637182,5.072845754531357,0.3764784665218274,0.011741071022753,256,17,0,0,0,0,0,0,0,0,0,0,0,0.0,0
1,met_773855_primary_000__marker_pdf_001__001.a5ab2c5e..jpg..pdf,data/raw/image_anomaly/anomalous/mitra/files/jpg/met_773855_primary_000/a7c6648362e44a889d03/met_773855_primary_000__marker_pdf_001__001.a5ab2c5e..jpg..pdf,1648314,62,2,1,0,0,0.2258064516129032,document,0,0,0,0,0,1,0,1,0,0,34,7.96647607328205,5.250824256483538,0.375824023820704,0.0117538284574419,256,17,0,0,0,0,0,0,0,0,0,0,0,0.0,0
1,met_8068_primary_000__marker_zip_001__001.ed6087dc..jpg..zip,data/raw/image_anomaly/anomalous/mitra/files/jpg/met_8068_primary_000/1dfb675c5fdb490b2448/met_8068_primary_000__marker_zip_001__001.ed6087dc..jpg..zip,324284,60,2,1,0,0,0.2333333333333333,archive,0,0,0,1,0,1,0,1,0,0,4,7.89201739017882,5.62993074125,0.3865623959245599,0.0215274265767043,256,15,0,0,0,0,0,0,0,0,0,0,0,0.0,0
1,met_8068_primary_000__marker_zip_001__002.35752ab7..zip..jpg,data/raw/image_anomaly/anomalous/mitra/files/jpg/met_8068_primary_000/1dfb675c5fdb490b2448/met_8068_primary_000__marker_zip_001__002.35752ab7..zip..jpg,324280,60,2,1,0,0,0.2333333333333333,image,0,0,0,1,0,1,1,0,0,0,4,7.892011634999915,4.922199015106412,0.3865640804243246,0.0215276921179227,256,15,0,0,0,0,0,0,0,2,0,0,0,0.0066208215122733,0
1,met_8068_primary_000__marker_zip_002__001.484d3cf6..jpg..zip,data/raw/image_anomaly/anomalous/mitra/files/jpg/met_8068_primary_000/26d3a41fb9afe41e4155/met_8068_primary_000__marker_zip_002__001.484d3cf6..jpg..zip,356770,60,2,1,0,0,0.2333333333333333,archive,0,0,0,1,0,1,0,1,0,0,4,7.909559134442763,7.988340858219542,0.3853631190963366,0.0199372144518877,256,15,0,0,0,0,0,0,0,0,0,0,0,0.0,0
1,met_8068_primary_000__marker_zip_002__002.81e8e6e6..zip..jpg,data/raw/image_anomaly/anomalous/mitra/files/jpg/met_8068_primary_000/26d3a41fb9afe41e4155/met_8068_primary_000__marker_zip_002__002.81e8e6e6..zip..jpg,356766,60,2,1,0,0,0.2333333333333333,image,0,0,0,1,0,1,1,0,0,0,4,7.909554549128111,4.922199015106412,0.3853646367647141,0.0199374379845613,256,15,0,0,0,0,0,0,0,2,0,0,0,0.0921248100996171,0
1,met_8068_primary_000__marker_pdf_002__001.18364775..jpg..pdf,data/raw/image_anomaly/anomalous/mitra/files/jpg/met_8068_primary_000/333e7113e6e474a946d2/met_8068_primary_000__marker_pdf_002__001.18364775..jpg..pdf,327570,60,2,1,0,0,0.2333333333333333,document,0,0,0,0,0,1,0,1,0,0,3,7.890978164674378,5.072845754531357,0.393567787037885,0.0210428305400372,256,15,0,0,0,0,0,0,0,0,0,0,0,0.0,0
1,met_8068_primary_000__marker_pdf_001__001.bd3d4d16..jpg..pdf,data/raw/image_anomaly/anomalous/mitra/files/jpg/met_8068_primary_000/4542224473b34940b338/met_8068_primary_000__marker_pdf_001__001.bd3d4d16..jpg..pdf,325779,60,2,1,0,0,0.2333333333333333,document,0,0,0,0,0,1,0,1,0,0,3,7.891343847128092,5.250824256483538,0.3903505136917972,0.0211585154353104,256,15,0,0,0,0,0,0,0,0,0,0,0,0.0,0
1,met_813191_primary_000__marker_zip_002__001.fc55c2d5..jpg..zip,data/raw/image_anomaly/anomalous/mitra/files/jpg/met_813191_primary_000/813d70e5f95723fe7bae/met_813191_primary_000__marker_zip_002__001.fc55c2d5..jpg..zip,2546172,62,2,1,0,0,0.2258064516129032,archive,0,0,0,1,0,1,0,1,0,0,19,7.986949994774833,7.988340858219542,0.3715746618845859,0.0095378474038674,256,13,0,0,1,0,0,0,1,0,0,0,0,0.0,0
1,met_813191_primary_000__marker_zip_002__002.42a4118c..zip..jpg,data/raw/image_anomaly/anomalous/mitra/files/jpg/met_813191_primary_000/813d70e5f95723fe7bae/met_813191_primary_000__marker_zip_002__002.42a4118c..zip..jpg,2546168,62,2,1,0,0,0.2258064516129032,image,0,0,0,1,0,1,1,0,0,0,19,7.986950094643169,6.446212057391627,0.3715748528769508,0.0095378623877136,256,13,0,0,1,0,0,0,1,2,0,0,0,0.0129084176692189,0
1,met_813191_primary_000__marker_pdf_002__001.3636026c..jpg..pdf,data/raw/image_anomaly/anomalous/mitra/files/jpg/met_813191_primary_000/ae3cdaa7cf0282523385/met_813191_primary_000__marker_pdf_002__001.3636026c..jpg..pdf,2516972,62,2,1,0,0,0.2258064516129032,document,0,0,0,0,0,1,0,1,0,0,18,7.986625664781335,5.072845754531357,0.3724824908660088,0.0095610916609322,256,13,0,0,1,0,0,0,1,0,0,0,0,0.0,0
1,met_813191_primary_000__marker_zip_001__001.43c0fb28..jpg..zip,data/raw/image_anomaly/anomalous/mitra/files/jpg/met_813191_primary_000/e37f1f25f2b67c514b02/met_813191_primary_000__marker_zip_001__001.43c0fb28..jpg..zip,2513686,62,2,1,0,0,0.2258064516129032,archive,0,0,0,1,0,1,0,1,0,0,19,7.986628834084819,6.275619089076044,0.371551180219009,0.0096085986873459,256,13,0,0,1,0,0,0,1,0,0,0,0,0.0,0
1,met_813191_primary_000__marker_zip_001__002.8f979072..zip..jpg,data/raw/image_anomaly/anomalous/mitra/files/jpg/met_813191_primary_000/e37f1f25f2b67c514b02/met_813191_primary_000__marker_zip_001__002.8f979072..zip..jpg,2513682,62,2,1,0,0,0.2258064516129032,image,0,0,0,1,0,1,1,0,0,0,19,7.986628906002493,6.446212057391627,0.3715513736423302,0.0096086139774243,256,13,0,0,1,0,0,0,1,2,0,0,0,0.0008541255417351,0
1,met_813191_primary_000__marker_pdf_001__001.6a3672ae..jpg..pdf,data/raw/image_anomaly/anomalous/mitra/files/jpg/met_813191_primary_000/e7d74a652f110ea0966f/met_813191_primary_000__marker_pdf_001__001.6a3672ae..jpg..pdf,2515181,62,2,1,0,0,0.2258064516129032,document,0,0,0,0,0,1,0,1,0,0,18,7.986640089522052,5.250824256483538,0.3720507589712231,0.0095678998847399,256,13,0,0,1,0,0,0,1,0,0,0,0,0.0,0
1,met_813301_primary_000__marker_zip_002__001.e0cd81ae..jpg..zip,data/raw/image_anomaly/anomalous/mitra/files/jpg/met_813301_primary_000/a29936148689bcf82264/met_813301_primary_000__marker_zip_002__001.e0cd81ae..jpg..zip,2660775,62,2,1,0,0,0.2258064516129032,archive,0,0,0,1,0,1,0,1,0,0,34,7.983559216553735,7.988340858219542,0.3799103644614821,0.0075654649491219,256,13,0,0,0,0,0,0,0,0,0,0,0,0.0,0
1,met_813301_primary_000__marker_zip_002__002.ddcd105d..zip..jpg,data/raw/image_anomaly/anomalous/mitra/files/jpg/met_813301_primary_000/a29936148689bcf82264/met_813301_primary_000__marker_zip_002__002.ddcd105d..zip..jpg,2660771,62,2,1,0,0,0.2258064516129032,image,0,0,0,1,0,1,1,0,0,0,34,7.983559107382476,6.399558227286328,0.3799105597588068,0.0075654763224644,256,13,0,0,0,0,0,0,0,2,0,0,0,0.0123524346890431,0
1,met_813301_primary_000__marker_zip_001__001.b052e781..jpg..zip,data/raw/image_anomaly/anomalous/mitra/files/jpg/met_813301_primary_000/cb3868d9253d94d8b334/met_813301_primary_000__marker_zip_001__001.b052e781..jpg..zip,2628289,62,2,1,0,0,0.2258064516129032,archive,0,0,0,1,0,1,0,1,0,0,34,7.98315776820644,6.220752382882183,0.3799909370697058,0.0076087523099628,256,13,0,0,0,0,0,0,0,0,0,0,0,0.0,0
1,met_813301_primary_000__marker_zip_001__002.8ce3a503..zip..jpg,data/raw/image_anomaly/anomalous/mitra/files/jpg/met_813301_primary_000/cb3868d9253d94d8b334/met_813301_primary_000__marker_zip_001__002.8ce3a503..zip..jpg,2628285,62,2,1,0,0,0.2258064516129032,image,0,0,0,1,0,1,1,0,0,0,34,7.983157505328268,6.399558227286328,0.3799911349035588,0.0076087638897608,256,13,0,0,0,0,0,0,0,2,0,0,0,0.000816882491815,0
1,met_813301_primary_000__marker_pdf_001__001.25e751f8..jpg..pdf,data/raw/image_anomaly/anomalous/mitra/files/jpg/met_813301_primary_000/ee91f04d03fd062e6908/met_813301_primary_000__marker_pdf_001__001.25e751f8..jpg..pdf,2629784,62,2,1,0,0,0.2258064516129032,document,0,0,0,0,0,1,0,1,0,0,33,7.983173537650251,5.250824256483538,0.3804639468488667,0.0075709640031272,256,13,0,0,0,0,0,0,0,0,0,0,0,0.0,0
1,met_813301_primary_000__marker_pdf_002__001.db9c5d56..jpg..pdf,data/raw/image_anomaly/anomalous/mitra/files/jpg/met_813301_primary_000/f295fa378d309f7858da/met_813301_primary_000__marker_pdf_002__001.db9c5d56..jpg..pdf,2631575,62,2,1,0,0,0.2258064516129032,document,0,0,0,0,0,1,0,1,0,0,33,7.983154284985496,5.072845754531357,0.3808711513067269,0.007565811348717,256,13,0,0,0,0,0,0,0,0,0,0,0,0.0,0
1,met_8181_primary_000__marker_zip_001__001.dcd4cab4..jpg..zip,data/raw/image_anomaly/anomalous/mitra/files/jpg/met_8181_primary_000/66ad575e8a0499b572d0/met_8181_primary_000__marker_zip_001__001.dcd4cab4..jpg..zip,744292,60,2,1,0,0,0.2333333333333333,archive,0,0,0,1,0,1,0,1,0,0,10,7.943093739927497,4.326558136476071,0.3657113068526868,0.018876999887141,256,9,0,0,0,0,0,0,0,0,0,0,0,0.0,0
1,met_8181_primary_000__marker_zip_001__002.8ae675ce..zip..jpg,data/raw/image_anomaly/anomalous/mitra/files/jpg/met_8181_primary_000/66ad575e8a0499b572d0/met_8181_primary_000__marker_zip_001__002.8ae675ce..zip..jpg,744288,60,2,1,0,0,0.2333333333333333,image,0,0,0,1,0,1,1,0,0,0,10,7.943093256787114,3.029384672762495,0.3657119287157659,0.0188771013371168,256,9,0,0,0,0,0,0,0,2,0,0,0,0.0028846360548604,0
1,met_8181_primary_000__marker_pdf_002__001.c7b22f0e..jpg..pdf,data/raw/image_anomaly/anomalous/mitra/files/jpg/met_8181_primary_000/b0288c08cc8c7fdb064b/met_8181_primary_000__marker_pdf_002__001.c7b22f0e..jpg..pdf,747578,60,2,1,0,0,0.2333333333333333,document,0,0,0,0,0,1,0,1,0,0,9,7.943490820838301,5.072845754531357,0.3688725457410464,0.0186763120370048,256,9,0,0,0,0,0,0,0,0,0,0,0,0.0,0
1,met_8181_primary_000__marker_pdf_001__001.478244b8..jpg..pdf,data/raw/image_anomaly/anomalous/mitra/files/jpg/met_8181_primary_000/bdb6f151db02daa0abd1/met_8181_primary_000__marker_pdf_001__001.478244b8..jpg..pdf,745787,60,2,1,0,0,0.2333333333333333,document,0,0,0,0,0,1,0,1,0,0,9,7.943369956264518,5.250824256483538,0.3674078523760806,0.0187211630130318,256,9,0,0,0,0,0,0,0,0,0,0,0,0.0,0
1,met_8181_primary_000__marker_zip_002__001.82f1c07a..jpg..zip,data/raw/image_anomaly/anomalous/mitra/files/jpg/met_8181_primary_000/c41985c4bfc331b8d8a2/met_8181_primary_000__marker_zip_002__001.82f1c07a..jpg..zip,776778,60,2,1,0,0,0.2333333333333333,archive,0,0,0,1,0,1,0,1,0,0,10,7.9473525333861135,7.988340858219542,0.3660325086446835,0.0182574686718727,256,9,0,0,0,0,0,0,0,0,0,0,0,0.0,0
1,met_8181_primary_000__marker_zip_002__002.b4ad2ad4..zip..jpg,data/raw/image_anomaly/anomalous/mitra/files/jpg/met_8181_primary_000/c41985c4bfc331b8d8a2/met_8181_primary_000__marker_zip_002__002.b4ad2ad4..zip..jpg,776774,60,2,1,0,0,0.2333333333333333,image,0,0,0,1,0,1,1,0,0,0,10,7.947352468991888,3.029384672762495,0.3660331061544284,0.0182575626887614,256,9,0,0,0,0,0,0,0,2,0,0,0,0.0423121783169879,0
1,met_82115_additional_001__marker_pdf_001__001.ef5dc646..jpg..pdf,data/raw/image_anomaly/anomalous/mitra/files/jpg/met_82115_additional_001/105b0d791e2163d84c24/met_82115_additional_001__marker_pdf_001__001.ef5dc646..jpg..pdf,537691,64,2,1,0,0,0.21875,document,0,0,0,0,0,1,0,1,0,0,8,7.9711620087574495,5.250824256483538,0.3756878950921626,0.0089642564223689,256,6,0,1,0,0,0,1,1,0,0,0,0,0.0,0
1,met_82115_additional_001__marker_pdf_002__001.931e8958..jpg..pdf,data/raw/image_anomaly/anomalous/mitra/files/jpg/met_82115_additional_001/3bd91c39d2d1fe5ccfa0/met_82115_additional_001__marker_pdf_002__001.931e8958..jpg..pdf,539482,64,2,1,0,0,0.21875,document,0,0,0,0,0,1,0,1,0,0,8,7.9711202623348445,5.072845754531357,0.377690080484613,0.0089344964243478,256,6,0,1,0,0,0,1,1,0,0,0,0,0.0,0
1,met_82115_additional_001__marker_zip_002__001.046f84de..jpg..zip,data/raw/image_anomaly/anomalous/mitra/files/jpg/met_82115_additional_001/3cec013441ae4af37428/met_82115_additional_001__marker_zip_002__001.046f84de..jpg..zip,568682,64,2,1,0,0,0.21875,archive,0,0,0,1,0,1,0,1,0,0,9,7.974228653049628,7.988340858219542,0.3733580454454335,0.0088625980776602,256,6,0,1,0,0,0,1,1,0,0,0,0,0.0,0
1,met_82115_additional_001__marker_zip_002__002.85c94e63..zip..jpg,data/raw/image_anomaly/anomalous/mitra/files/jpg/met_82115_additional_001/3cec013441ae4af37428/met_82115_additional_001__marker_zip_002__002.85c94e63..zip..jpg,568678,64,2,1,0,0,0.21875,image,0,0,0,1,0,1,1,0,0,0,9,7.974228252898542,3.5401364589386053,0.3733589131283433,0.0088626604159119,256,6,0,1,0,0,0,1,1,2,0,0,0,0.0577954483908292,0
1,met_82115_additional_001__marker_zip_001__001.210f47b3..jpg..zip,data/raw/image_anomaly/anomalous/mitra/files/jpg/met_82115_additional_001/68428b98b451edfaa24a/met_82115_additional_001__marker_zip_001__001.210f47b3..jpg..zip,536196,64,2,1,0,0,0.21875,archive,0,0,0,1,0,1,0,1,0,0,9,7.971113888741018,3.521168095986934,0.3733560116076957,0.0091533692903341,256,6,0,1,0,0,0,1,1,0,0,0,0,0.0,0
1,met_82115_additional_001__marker_zip_001__002.34714726..zip..jpg,data/raw/image_anomaly/anomalous/mitra/files/jpg/met_82115_additional_001/68428b98b451edfaa24a/met_82115_additional_001__marker_zip_001__002.34714726..zip..jpg,536192,64,2,1,0,0,0.21875,image,0,0,0,1,0,1,1,0,0,0,9,7.971112735673912,3.5401364589386053,0.3733569318453091,0.0091534375746001,256,6,0,1,0,0,0,1,1,2,0,0,0,0.0040041626879923,0
1,met_82115_additional_002__marker_pdf_001__001.a635008e..jpg..pdf,data/raw/image_anomaly/anomalous/mitra/files/jpg/met_82115_additional_002/2189cb2c81591503b825/met_82115_additional_002__marker_pdf_001__001.a635008e..jpg..pdf,674829,64,2,1,0,0,0.21875,document,0,0,0,0,0,1,0,1,0,0,8,7.967461727776842,5.250824256483538,0.3635839597883316,0.0116310946921368,256,6,0,1,0,0,0,1,1,0,0,0,0,0.0,0
1,met_82115_additional_002__marker_pdf_002__001.e7c555f2..jpg..pdf,data/raw/image_anomaly/anomalous/mitra/files/jpg/met_82115_additional_002/c995ff80335c03ae497d/met_82115_additional_002__marker_pdf_002__001.e7c555f2..jpg..pdf,676620,64,2,1,0,0,0.21875,document,0,0,0,0,0,1,0,1,0,0,8,7.967600822855316,5.072845754531357,0.3652123791788596,0.0116003074103632,256,6,0,1,0,0,0,1,1,0,0,0,0,0.0,0
1,met_82115_additional_002__marker_zip_001__001.bc6bc211..jpg..zip,data/raw/image_anomaly/anomalous/mitra/files/jpg/met_82115_additional_002/d0cf9adcdbc3b5155961/met_82115_additional_002__marker_zip_001__001.bc6bc211..jpg..zip,673334,64,2,1,0,0,0.21875,archive,0,0,0,1,0,1,0,1,0,0,9,7.967183800422717,3.521168095986934,0.3617001369305574,0.0117876120914731,256,6,0,1,0,0,0,1,1,0,0,0,0,0.0,0
1,met_82115_additional_002__marker_zip_001__002.fea56fc1..zip..jpg,data/raw/image_anomaly/anomalous/mitra/files/jpg/met_82115_additional_002/d0cf9adcdbc3b5155961/met_82115_additional_002__marker_zip_001__002.fea56fc1..zip..jpg,673330,64,2,1,0,0,0.21875,image,0,0,0,1,0,1,1,0,0,0,9,7.967184741240825,3.5363707679547,0.3617008004990124,0.0117876821172382,256,6,0,1,0,0,0,1,1,2,0,0,0,0.0031886296466814,0
1,met_82115_additional_002__marker_zip_002__001.1277c843..jpg..zip,data/raw/image_anomaly/anomalous/mitra/files/jpg/met_82115_additional_002/da3eceb0ae88197a1f34/met_82115_additional_002__marker_zip_002__001.1277c843..jpg..zip,705820,64,2,1,0,0,0.21875,archive,0,0,0,1,0,1,0,1,0,0,9,7.970022505580514,7.988340858219542,0.3622382477118812,0.0114320931682298,256,6,0,1,0,0,0,1,1,0,0,0,0,0.0,0
1,met_82115_additional_002__marker_zip_002__002.d730cde0..zip..jpg,data/raw/image_anomaly/anomalous/mitra/files/jpg/met_82115_additional_002/da3eceb0ae88197a1f34/met_82115_additional_002__marker_zip_002__002.d730cde0..zip..jpg,705816,64,2,1,0,0,0.21875,image,0,0,0,1,0,1,1,0,0,0,9,7.970023618098126,3.5363707679547,0.3622388837884094,0.0114321579561812,256,6,0,1,0,0,0,1,1,2,0,0,0,0.0465659605336234,0
1,met_82115_additional_003__marker_pdf_002__001.f09fdb0b..jpg..pdf,data/raw/image_anomaly/anomalous/mitra/files/jpg/met_82115_additional_003/377ea5c86236aebb134c/met_82115_additional_003__marker_pdf_002__001.f09fdb0b..jpg..pdf,299615,64,2,1,0,0,0.21875,document,0,0,0,0,0,1,0,1,0,0,4,7.968015600977736,5.072845754531357,0.3824608247250638,0.009956110341605,256,6,0,1,0,0,0,1,1,0,0,0,0,0.0,0
1,met_82115_additional_003__marker_pdf_001__001.517b305f..jpg..pdf,data/raw/image_anomaly/anomalous/mitra/files/jpg/met_82115_additional_003/5da806e34e2031f0dcfd/met_82115_additional_003__marker_pdf_001__001.517b305f..jpg..pdf,297824,64,2,1,0,0,0.21875,document,0,0,0,0,0,1,0,1,0,0,4,7.968418505224972,5.250824256483538,0.3788747716772322,0.0100159825937466,256,6,0,1,0,0,0,1,1,0,0,0,0,0.0,0
1,met_82115_additional_003__marker_zip_002__001.cb5e1a85..jpg..zip,data/raw/image_anomaly/anomalous/mitra/files/jpg/met_82115_additional_003/899f2456fbe0e65d36ee/met_82115_additional_003__marker_zip_002__001.cb5e1a85..jpg..zip,328815,64,2,1,0,0,0.21875,archive,0,0,0,1,0,1,0,1,0,0,5,7.974305493682411,7.988340858219542,0.3745449568906528,0.0097410397944132,256,6,0,1,0,0,0,1,1,0,0,0,0,0.0,0
1,met_82115_additional_003__marker_zip_002__002.cf2cabe7..zip..jpg,data/raw/image_anomaly/anomalous/mitra/files/jpg/met_82115_additional_003/899f2456fbe0e65d36ee/met_82115_additional_003__marker_zip_002__002.cf2cabe7..zip..jpg,328811,64,2,1,0,0,0.21875,image,0,0,0,1,0,1,1,0,0,0,5,7.974305754778684,3.54130924786459,0.3745464719854263,0.0097411582945826,256,6,0,1,0,0,0,1,1,2,0,0,0,0.0999571182229305,0
1,met_82115_additional_003__marker_zip_001__001.33e793b5..jpg..zip,data/raw/image_anomaly/anomalous/mitra/files/jpg/met_82115_additional_003/8bea3efabf4ff716e8d0/met_82115_additional_003__marker_zip_001__001.33e793b5..jpg..zip,296329,64,2,1,0,0,0.21875,archive,0,0,0,1,0,1,0,1,0,0,5,7.968779981322493,3.521168095986934,0.3746713956447057,0.0103634811307701,256,6,0,1,0,0,0,1,1,0,0,0,0,0.0,0
1,met_82115_additional_003__marker_zip_001__002.9c04c60e..zip..jpg,data/raw/image_anomaly/anomalous/mitra/files/jpg/met_82115_additional_003/8bea3efabf4ff716e8d0/met_82115_additional_003__marker_zip_001__002.9c04c60e..zip..jpg,296325,64,2,1,0,0,0.21875,image,0,0,0,1,0,1,1,0,0,0,5,7.968779911793231,3.54130924786459,0.3746730785455159,0.0103636210242132,256,6,0,1,0,0,0,1,1,2,0,0,0,0.0072454230996372,0
1,met_82115_additional_004__marker_pdf_001__001.339094b7..jpg..pdf,data/raw/image_anomaly/anomalous/mitra/files/jpg/met_82115_additional_004/2a89dab2e011ba207ecc/met_82115_additional_004__marker_pdf_001__001.339094b7..jpg..pdf,372543,64,2,1,0,0,0.21875,document,0,0,0,0,0,1,0,1,0,0,19,7.691704041134542,5.250824256483538,0.3777604196025693,0.0083372926078331,256,6,0,0,0,0,0,0,0,0,0,0,0,0.0,0
1,met_82115_additional_004__marker_zip_001__001.e95c202a..jpg..zip,data/raw/image_anomaly/anomalous/mitra/files/jpg/met_82115_additional_004/2e30d13f9d0192dfa20f/met_82115_additional_004__marker_zip_001__001.e95c202a..jpg..zip,371048,64,2,1,0,0,0.21875,archive,0,0,0,1,0,1,0,1,0,0,20,7.689010665538641,3.5222959356993737,0.3743989995903495,0.0086080507104202,256,6,0,0,0,0,0,0,0,0,0,0,0,0.0,0
1,met_82115_additional_004__marker_zip_001__002.e41e1bcd..zip..jpg,data/raw/image_anomaly/anomalous/mitra/files/jpg/met_82115_additional_004/2e30d13f9d0192dfa20f/met_82115_additional_004__marker_zip_001__002.e41e1bcd..zip..jpg,371044,64,2,1,0,0,0.21875,image,0,0,0,1,0,1,1,0,0,0,20,7.689007797469276,3.624137886603024,0.3744003406604068,0.0086081435085865,256,6,0,0,0,0,0,0,0,2,0,0,0,0.0057863757398044,0
1,met_82115_additional_004__marker_pdf_002__001.fe2b51e3..jpg..pdf,data/raw/image_anomaly/anomalous/mitra/files/jpg/met_82115_additional_004/56f872e1216d0fd1172d/met_82115_additional_004__marker_pdf_002__001.fe2b51e3..jpg..pdf,374334,64,2,1,0,0,0.21875,document,0,0,0,0,0,1,0,1,0,0,19,7.694130821864209,5.072845754531357,0.380636009552966,0.0082974028541356,256,6,0,0,0,0,0,0,0,0,0,0,0,0.0,0
1,met_82115_additional_004__marker_zip_002__001.c5e20aff..jpg..zip,data/raw/image_anomaly/anomalous/mitra/files/jpg/met_82115_additional_004/7d45d422cb63e481fc32/met_82115_additional_004__marker_zip_002__001.c5e20aff..jpg..zip,403534,64,2,1,0,0,0.21875,archive,0,0,0,1,0,1,0,1,0,0,20,7.740612002260612,7.988340858219542,0.3743179013416465,0.008242180336725,256,6,0,0,0,0,0,0,0,0,0,0,0,0.0,0
1,met_82115_additional_004__marker_zip_002__002.26cf288b..zip..jpg,data/raw/image_anomaly/anomalous/mitra/files/jpg/met_82115_additional_004/7d45d422cb63e481fc32/met_82115_additional_004__marker_zip_002__002.26cf288b..zip..jpg,403530,64,2,1,0,0,0.21875,image,0,0,0,1,0,1,1,0,0,0,20,7.740611545472184,3.624137886603024,0.3743191336455778,0.0082422620375188,256,6,0,0,0,0,0,0,0,2,0,0,0,0.0814487150893366,0
1,met_82115_primary_000__marker_pdf_001__001.9bf9033a..jpg..pdf,data/raw/image_anomaly/anomalous/mitra/files/jpg/met_82115_primary_000/c2903d003a6b38b5be8b/met_82115_primary_000__marker_pdf_001__001.9bf9033a..jpg..pdf,647803,61,2,1,0,0,0.2295081967213114,document,0,0,0,0,0,1,0,1,0,0,5,7.972147288647381,5.250824256483538,0.3722227282059515,0.0102870780160017,256,6,0,1,0,0,0,1,1,0,0,0,0,0.0,0
1,met_82115_primary_000__marker_pdf_002__001.06cb490f..jpg..pdf,data/raw/image_anomaly/anomalous/mitra/files/jpg/met_82115_primary_000/d7ba34aab3dad8790c0d/met_82115_primary_000__marker_pdf_002__001.06cb490f..jpg..pdf,649594,61,2,1,0,0,0.2295081967213114,document,0,0,0,0,0,1,0,1,0,0,5,7.972164949242269,5.072845754531357,0.3738950790801639,0.0102587154438002,256,6,0,1,0,0,0,1,1,0,0,0,0,0.0,0
1,met_82115_primary_000__marker_zip_001__001.e5cb8307..jpg..zip,data/raw/image_anomaly/anomalous/mitra/files/jpg/met_82115_primary_000/fd6c5232b2787411f338/met_82115_primary_000__marker_zip_001__001.e5cb8307..jpg..zip,646308,61,2,1,0,0,0.2295081967213114,archive,0,0,0,1,0,1,0,1,0,0,6,7.972006835049377,3.521168095986934,0.3702801141251539,0.0104470314463073,256,6,0,1,0,0,0,1,1,0,0,0,0,0.0,0
1,met_82115_primary_000__marker_zip_001__002.1afb9a52..zip..jpg,data/raw/image_anomaly/anomalous/mitra/files/jpg/met_82115_primary_000/fd6c5232b2787411f338/met_82115_primary_000__marker_zip_001__002.1afb9a52..zip..jpg,646304,61,2,1,0,0,0.2295081967213114,image,0,0,0,1,0,1,1,0,0,0,6,7.972006324520689,3.5346553989731957,0.370280858543348,0.0104470961033816,256,6,0,1,0,0,0,1,1,2,0,0,0,0.0033219661335841,0
1,met_82115_primary_000__marker_zip_002__001.31c14ace..jpg..zip,data/raw/image_anomaly/anomalous/mitra/files/jpg/met_82115_primary_000/fdc77afceff141f2ad6d/met_82115_primary_000__marker_zip_002__001.31c14ace..jpg..zip,678794,61,2,1,0,0,0.2295081967213114,archive,0,0,0,1,0,1,0,1,0,0,6,7.974532610159088,7.988340858219542,0.3704290255953942,0.0101415156881174,256,6,0,1,0,0,0,1,1,0,0,0,0,0.0,0
1,met_82115_primary_000__marker_zip_002__002.8caa623f..zip..jpg,data/raw/image_anomaly/anomalous/mitra/files/jpg/met_82115_primary_000/fdc77afceff141f2ad6d/met_82115_primary_000__marker_zip_002__002.8caa623f..zip..jpg,678790,61,2,1,0,0,0.2295081967213114,image,0,0,0,1,0,1,1,0,0,0,6,7.97453270304514,3.5346553989731957,0.3704297352642202,0.0101415754504338,256,6,0,1,0,0,0,1,1,2,0,0,0,0.0484199826161257,0
1,met_821168_additional_001__marker_pdf_001__001.d067f6c3..jpg..pdf,data/raw/image_anomaly/anomalous/mitra/files/jpg/met_821168_additional_001/0f275c2c578fd9d2f980/met_821168_additional_001__marker_pdf_001__001.d067f6c3..jpg..pdf,3477397,65,2,1,0,0,0.2153846153846154,document,0,0,0,0,0,1,0,1,0,0,84,7.969254813332038,5.250824256483538,0.3789147457135323,0.0107609226096416,256,12,0,0,0,0,0,0,0,0,0,0,0,0.0,0
1,met_821168_additional_001__marker_pdf_002__001.34b3ed0d..jpg..pdf,data/raw/image_anomaly/anomalous/mitra/files/jpg/met_821168_additional_001/820ec0caeaa45a56949d/met_821168_additional_001__marker_pdf_002__001.34b3ed0d..jpg..pdf,3479188,65,2,1,0,0,0.2153846153846154,document,0,0,0,0,0,1,0,1,0,0,84,7.969249069078889,5.072845754531357,0.3792235429646228,0.0107553831526206,256,12,0,0,0,0,0,0,0,0,0,0,0,0.0,0
1,met_821168_additional_001__marker_zip_002__001.352bcd92..jpg..zip,data/raw/image_anomaly/anomalous/mitra/files/jpg/met_821168_additional_001/aa86fc3c635b38c88ad2/met_821168_additional_001__marker_zip_002__001.352bcd92..jpg..zip,3508388,65,2,1,0,0,0.2153846153846154,archive,0,0,0,1,0,1,0,1,0,0,85,7.969770512394219,7.988340858219542,0.3785085914100721,0.0107285739205583,256,12,0,0,0,0,0,0,0,0,0,0,0,0.0,0
1,met_821168_additional_001__marker_zip_002__002.372ce8ed..zip..jpg,data/raw/image_anomaly/anomalous/mitra/files/jpg/met_821168_additional_001/aa86fc3c635b38c88ad2/met_821168_additional_001__marker_zip_002__002.372ce8ed..zip..jpg,3508384,65,2,1,0,0,0.2153846153846154,image,0,0,0,1,0,1,1,0,0,0,85,7.9697703278986145,6.391988599777972,0.3785087379260651,0.010728586152485,256,12,0,0,0,0,0,0,0,2,0,0,0,0.0093681307405346,0
1,met_821168_additional_001__marker_zip_001__001.81968008..jpg..zip,data/raw/image_anomaly/anomalous/mitra/files/jpg/met_821168_additional_001/b4b8f1810f1b982f01b6/met_821168_additional_001__marker_zip_001__001.81968008..jpg..zip,3475902,65,2,1,0,0,0.2153846153846154,archive,0,0,0,1,0,1,0,1,0,0,85,7.969224171880703,6.235765181738284,0.3785564149967404,0.0107908680969716,256,12,0,0,0,0,0,0,0,0,0,0,0,0.0,0
1,met_821168_additional_001__marker_zip_001__002.773b1376..zip..jpg,data/raw/image_anomaly/anomalous/mitra/files/jpg/met_821168_additional_001/b4b8f1810f1b982f01b6/met_821168_additional_001__marker_zip_001__002.773b1376..zip..jpg,3475898,65,2,1,0,0,0.2153846153846154,image,0,0,0,1,0,1,1,0,0,0,85,7.969223734667646,6.391988599777972,0.3785565629371172,0.0107908805149057,256,12,0,0,0,0,0,0,0,2,0,0,0,0.0006176821068972,0
1,met_821168_additional_002__marker_zip_002__001.6554ce79..jpg..zip,data/raw/image_anomaly/anomalous/mitra/files/jpg/met_821168_additional_002/23c7b2638b8df6f6e649/met_821168_additional_002__marker_zip_002__001.6554ce79..jpg..zip,3747257,65,2,1,0,0,0.2153846153846154,archive,0,0,0,1,0,1,0,1,0,0,79,7.97053282800471,7.988340858219542,0.383005489081747,0.0085635973193191,256,12,0,0,0,0,0,0,0,0,0,0,0,0.0,0
1,met_821168_additional_002__marker_zip_002__002.3bd0a4f2..zip..jpg,data/raw/image_anomaly/anomalous/mitra/files/jpg/met_821168_additional_002/23c7b2638b8df6f6e649/met_821168_additional_002__marker_zip_002__002.3bd0a4f2..zip..jpg,3747253,65,2,1,0,0,0.2153846153846154,image,0,0,0,1,0,1,1,0,0,0,79,7.970532546060418,6.434204764311032,0.3830056310582712,0.0085636064605192,256,12,0,0,0,0,0,0,0,2,0,0,0,0.0087709583526919,0
1,met_821168_additional_002__marker_zip_001__001.7479c8dd..jpg..zip,data/raw/image_anomaly/anomalous/mitra/files/jpg/met_821168_additional_002/4fa3ca31d5c17c7ca9c9/met_821168_additional_002__marker_zip_001__001.7479c8dd..jpg..zip,3714771,65,2,1,0,0,0.2153846153846154,archive,0,0,0,1,0,1,0,1,0,0,79,7.970022278282324,6.264924559710618,0.3830895632597541,0.0086029529141904,256,12,0,0,0,0,0,0,0,0,0,0,0,0.0,0
1,met_821168_additional_002__marker_zip_001__002.da5cbc2e..zip..jpg,data/raw/image_anomaly/anomalous/mitra/files/jpg/met_821168_additional_002/4fa3ca31d5c17c7ca9c9/met_821168_additional_002__marker_zip_001__002.da5cbc2e..zip..jpg,3714767,65,2,1,0,0,0.2153846153846154,image,0,0,0,1,0,1,1,0,0,0,79,7.970021708476808,6.434204764311032,0.3830897065684066,0.0086029621777085,256,12,0,0,0,0,0,0,0,2,0,0,0,0.0005779635707973,0
1,met_821168_additional_002__marker_pdf_001__001.7c17372a..jpg..pdf,data/raw/image_anomaly/anomalous/mitra/files/jpg/met_821168_additional_002/8b8e9a585e2cd83a611b/met_821168_additional_002__marker_pdf_001__001.7c17372a..jpg..pdf,3716266,65,2,1,0,0,0.2153846153846154,document,0,0,0,0,0,1,0,1,0,0,78,7.970032997673058,5.250824256483538,0.3834230380710099,0.008575812388026,256,12,0,0,0,0,0,0,0,0,0,0,0,0.0,0
1,met_821168_additional_002__marker_pdf_002__001.85ee357b..jpg..pdf,data/raw/image_anomaly/anomalous/mitra/files/jpg/met_821168_additional_002/9ab48bab74d8ba5c2dfe/met_821168_additional_002__marker_pdf_002__001.85ee357b..jpg..pdf,3718057,65,2,1,0,0,0.2153846153846154,document,0,0,0,0,0,1,0,1,0,0,78,7.970018638361905,5.072845754531357,0.3837098247821375,0.0085716813916516,256,12,0,0,0,0,0,0,0,0,0,0,0,0.0,0
1,met_821168_additional_003__marker_zip_002__001.5e888db8..jpg..zip,data/raw/image_anomaly/anomalous/mitra/files/jpg/met_821168_additional_003/356b125f43ea51fb89a8/met_821168_additional_003__marker_zip_002__001.5e888db8..jpg..zip,4334060,65,2,1,0,0,0.2153846153846154,archive,0,0,0,1,0,1,0,1,0,0,73,7.975006700507137,7.988340858219542,0.3815625533564371,0.0081189462074821,256,12,0,0,0,0,0,0,0,0,0,0,0,0.0,0
1,met_821168_additional_003__marker_pdf_002__001.5cfdd568..jpg..pdf,data/raw/image_anomaly/anomalous/mitra/files/jpg/met_821168_additional_003/3e7e992ff1de8307fa01/met_821168_additional_003__marker_pdf_002__001.5cfdd568..jpg..pdf,4304860,65,2,1,0,0,0.2153846153846154,document,0,0,0,0,0,1,0,1,0,0,72,7.974642648829367,5.072845754531357,0.3821610923467894,0.0081229122433714,256,12,0,0,0,0,0,0,0,0,0,0,0,0.0,0
1,met_821168_additional_003__marker_pdf_001__001.c8e71e4d..jpg..pdf,data/raw/image_anomaly/anomalous/mitra/files/jpg/met_821168_additional_003/6e5c4d293b176ef6d080/met_821168_additional_003__marker_pdf_001__001.c8e71e4d..jpg..pdf,4303069,65,2,1,0,0,0.2153846153846154,document,0,0,0,0,0,1,0,1,0,0,72,7.974649730317816,5.250824256483538,0.3819127696999513,0.0081262931177724,256,12,0,0,0,0,0,0,0,0,0,0,0,0.0,0
1,met_821168_additional_003__marker_zip_001__001.2f2f7e13..jpg..zip,data/raw/image_anomaly/anomalous/mitra/files/jpg/met_821168_additional_003/c768caeac762e17aee09/met_821168_additional_003__marker_zip_001__001.2f2f7e13..jpg..zip,4301574,65,2,1,0,0,0.2153846153846154,archive,0,0,0,1,0,1,0,1,0,0,73,7.974635192889143,6.26005293597519,0.3816242612587857,0.008149575016029,256,12,0,0,0,0,0,0,0,0,0,0,0,0.0,0
1,met_821168_primary_000__marker_pdf_001__001.295e2446..jpg..pdf,data/raw/image_anomaly/anomalous/mitra/files/jpg/met_821168_primary_000/4cc38337bc67adbbcc32/met_821168_primary_000__marker_pdf_001__001.295e2446..jpg..pdf,6223804,62,2,1,0,0,0.2258064516129032,document,0,0,0,0,0,1,0,1,0,0,162,7.961317959924671,5.250824256483538,0.384673424805794,0.0070527606589153,256,13,0,0,1,0,0,0,1,0,0,0,0,0.0,0
1,met_821168_primary_000__marker_pdf_002__001.e0cefa2e..jpg..pdf,data/raw/image_anomaly/anomalous/mitra/files/jpg/met_821168_primary_000/acce32a1f1de3d8e7134/met_821168_primary_000__marker_pdf_002__001.e0cefa2e..jpg..pdf,6225595,62,2,1,0,0,0.2258064516129032,document,0,0,0,0,0,1,0,1,0,0,162,7.961318418598553,5.072845754531357,0.384844340179533,0.0070507316971309,256,13,0,0,1,0,0,0,1,0,0,0,0,0.0,0
1,met_821168_primary_000__marker_zip_002__001.8e2c1cd0..jpg..zip,data/raw/image_anomaly/anomalous/mitra/files/jpg/met_821168_primary_000/ea0a8ada78a7f8d9f6d4/met_821168_primary_000__marker_zip_002__001.8e2c1cd0..jpg..zip,6254795,62,2,1,0,0,0.2258064516129032,archive,0,0,0,1,0,1,0,1,0,0,163,7.961696142900775,7.988340858219542,0.3844170752198913,0.0070529889468799,256,13,0,0,1,0,0,0,1,0,0,0,0,0.0,0
1,met_821168_primary_000__marker_zip_001__001.b8dd5da7..jpg..zip,data/raw/image_anomaly/anomalous/mitra/files/jpg/met_821168_primary_000/ea4e8005dbb9109c410c/met_821168_primary_000__marker_zip_001__001.b8dd5da7..jpg..zip,6222309,62,2,1,0,0,0.2258064516129032,archive,0,0,0,1,0,1,0,1,0,0,163,7.961295573903124,6.223329819681562,0.3844746379519242,0.0070685978468764,256,13,0,0,1,0,0,0,1,0,0,0,0,0.0,0
1,met_821348_primary_000__marker_pdf_002__001.6b556835..jpg..pdf,data/raw/image_anomaly/anomalous/mitra/files/jpg/met_821348_primary_000/3b36032497f5cc705144/met_821348_primary_000__marker_pdf_002__001.6b556835..jpg..pdf,3756245,62,2,1,0,0,0.2258064516129032,document,0,0,0,0,0,1,0,1,0,0,50,7.986012854150126,5.072845754531357,0.3794741823283625,0.0076267655597544,256,13,0,0,0,0,0,0,0,0,0,0,0,0.0,0
1,met_821348_primary_000__marker_pdf_001__001.1dfa250d..jpg..pdf,data/raw/image_anomaly/anomalous/mitra/files/jpg/met_821348_primary_000/7ab8aefcd7e6666f1d02/met_821348_primary_000__marker_pdf_001__001.1dfa250d..jpg..pdf,3754454,62,2,1,0,0,0.2258064516129032,document,0,0,0,0,0,1,0,1,0,0,50,7.986022535115237,5.250824256483538,0.3791882920925386,0.0076304037817482,256,13,0,0,0,0,0,0,0,0,0,0,0,0.0,0
1,met_821348_primary_000__marker_zip_001__001.953a1f98..jpg..zip,data/raw/image_anomaly/anomalous/mitra/files/jpg/met_821348_primary_000/9cbc9470a0d55d27b2fd/met_821348_primary_000__marker_zip_001__001.953a1f98..jpg..zip,3752959,62,2,1,0,0,0.2258064516129032,archive,0,0,0,1,0,1,0,1,0,0,51,7.986004710163763,6.267433948079961,0.3788565236124349,0.0076568915354524,256,13,0,0,0,0,0,0,0,0,0,0,0,0.0,0
1,met_821348_primary_000__marker_zip_001__002.5cf13a25..zip..jpg,data/raw/image_anomaly/anomalous/mitra/files/jpg/met_821348_primary_000/9cbc9470a0d55d27b2fd/met_821348_primary_000__marker_zip_001__002.5cf13a25..zip..jpg,3752955,62,2,1,0,0,0.2258064516129032,image,0,0,0,1,0,1,1,0,0,0,51,7.986004551207104,6.454464963454321,0.3788566609511705,0.0076568996963725,256,13,0,0,0,0,0,0,0,2,0,0,0,0.0005720825322978,0
1,met_821348_primary_000__marker_zip_002__001.c9ebb6f4..jpg..zip,data/raw/image_anomaly/anomalous/mitra/files/jpg/met_821348_primary_000/c03d3c30d27b56dd0f5d/met_821348_primary_000__marker_zip_002__001.c9ebb6f4..jpg..zip,3785445,62,2,1,0,0,0.2258064516129032,archive,0,0,0,1,0,1,0,1,0,0,51,7.986236512863451,7.988340858219542,0.3788096247601009,0.0076260518908609,256,13,0,0,0,0,0,0,0,0,0,0,0,0.0,0
1,met_821348_primary_000__marker_zip_002__002.faf05ab8..zip..jpg,data/raw/image_anomaly/anomalous/mitra/files/jpg/met_821348_primary_000/c03d3c30d27b56dd0f5d/met_821348_primary_000__marker_zip_002__002.faf05ab8..zip..jpg,3785441,62,2,1,0,0,0.2258064516129032,image,0,0,0,1,0,1,1,0,0,0,51,7.986236474535714,6.454464963454321,0.3788097608706621,0.0076260599491578,256,13,0,0,0,0,0,0,0,2,0,0,0,0.0086824758330667,0
1,met_911851_primary_000__marker_zip_001__001.88584dce..jpg..zip,data/raw/image_anomaly/anomalous/mitra/files/jpg/met_911851_primary_000/84257ca2ef98871f3f5e/met_911851_primary_000__marker_zip_001__001.88584dce..jpg..zip,3210177,62,2,1,0,0,0.2258064516129032,archive,0,0,0,1,0,1,0,1,0,0,61,7.984251778502006,6.179149953033754,0.3825505571811149,0.0073089427779215,256,15,0,0,0,0,0,0,0,0,0,0,0,0.0,0
1,met_911851_primary_000__marker_zip_001__002.f6d9b650..zip..jpg,data/raw/image_anomaly/anomalous/mitra/files/jpg/met_911851_primary_000/84257ca2ef98871f3f5e/met_911851_primary_000__marker_zip_001__002.f6d9b650..zip..jpg,3210173,62,2,1,0,0,0.2258064516129032,image,0,0,0,1,0,1,1,0,0,0,61,7.984251347041618,6.354355215238762,0.3825507223442475,0.0073089518851476,256,15,0,0,0,0,0,0,0,2,0,0,0,0.0006688113070541,0
1,met_911851_primary_000__marker_pdf_002__001.22a4b47f..jpg..pdf,data/raw/image_anomaly/anomalous/mitra/files/jpg/met_911851_primary_000/84eab1ed2e83bf253f30/met_911851_primary_000__marker_pdf_002__001.22a4b47f..jpg..pdf,3213463,62,2,1,0,0,0.2258064516129032,document,0,0,0,0,0,1,0,1,0,0,60,7.984217212865879,5.072845754531357,0.383268766436707,0.00727408406445,256,15,0,0,0,0,0,0,0,0,0,0,0,0.0,0
1,met_911851_primary_000__marker_zip_002__001.4c88f7f9..jpg..zip,data/raw/image_anomaly/anomalous/mitra/files/jpg/met_911851_primary_000/cdcfad7c1e6b4897bc4f/met_911851_primary_000__marker_zip_002__001.4c88f7f9..jpg..zip,3242663,62,2,1,0,0,0.2258064516129032,archive,0,0,0,1,0,1,0,1,0,0,61,7.984555172230088,7.988340858219542,0.3824588000664886,0.0072764268133938,256,15,0,0,0,0,0,0,0,0,0,0,0,0.0,0
1,met_911851_primary_000__marker_zip_002__002.89e1ccae..zip..jpg,data/raw/image_anomaly/anomalous/mitra/files/jpg/met_911851_primary_000/cdcfad7c1e6b4897bc4f/met_911851_primary_000__marker_zip_002__002.89e1ccae..zip..jpg,3242659,62,2,1,0,0,0.2258064516129032,image,0,0,0,1,0,1,1,0,0,0,61,7.984554898258034,6.354355215238762,0.3824589634617762,0.0072764357892704,256,15,0,0,0,0,0,0,0,2,0,0,0,0.0101358175497331,0
1,met_911851_primary_000__marker_pdf_001__001.a2db1e03..jpg..pdf,data/raw/image_anomaly/anomalous/mitra/files/jpg/met_911851_primary_000/e960f9308c3ce2ad8532/met_911851_primary_000__marker_pdf_001__001.a2db1e03..jpg..pdf,3211672,62,2,1,0,0,0.2258064516129032,document,0,0,0,0,0,1,0,1,0,0,60,7.9842448374005475,5.250824256483538,0.3829366759743834,0.0072781404825897,256,15,0,0,0,0,0,0,0,0,0,0,0,0.0,0
1,met_912370_primary_000__marker_zip_001__001.37c73c9f..jpg..zip,data/raw/image_anomaly/anomalous/mitra/files/jpg/met_912370_primary_000/1879ee8f712c2d36ac3b/met_912370_primary_000__marker_zip_001__001.37c73c9f..jpg..zip,2682208,62,2,1,0,0,0.2258064516129032,archive,0,0,0,1,0,1,0,1,0,0,47,7.982040573778834,7.588537517164965,0.3811110100335246,0.0080116829119889,256,15,0,2,0,0,0,2,2,0,0,0,0,0.0,0
1,met_912370_primary_000__marker_zip_001__002.00ef7984..zip..jpg,data/raw/image_anomaly/anomalous/mitra/files/jpg/met_912370_primary_000/1879ee8f712c2d36ac3b/met_912370_primary_000__marker_zip_001__002.00ef7984..zip..jpg,2682204,62,2,1,0,0,0.2258064516129032,image,0,0,0,1,0,1,1,0,0,0,47,7.982039988513099,7.682332837415175,0.3811112055608,0.0080116948598988,256,15,0,2,0,0,0,2,2,2,0,0,0,0.0008004611133232,0
1,met_912370_primary_000__marker_pdf_001__001.b776da4d..jpg..pdf,data/raw/image_anomaly/anomalous/mitra/files/jpg/met_912370_primary_000/28a5ebc3a103c2ddbf04/met_912370_primary_000__marker_pdf_001__001.b776da4d..jpg..pdf,2683703,62,2,1,0,0,0.2258064516129032,document,0,0,0,0,0,1,0,1,0,0,46,7.982036746759003,5.250824256483538,0.3815738924910841,0.0079744293612221,256,15,0,2,0,0,0,2,2,0,0,0,0,0.0,0
1,met_912370_primary_000__marker_zip_002__001.0e460eee..jpg..zip,data/raw/image_anomaly/anomalous/mitra/files/jpg/met_912370_primary_000/38aba96becf482a15331/met_912370_primary_000__marker_zip_002__001.0e460eee..jpg..zip,2714694,62,2,1,0,0,0.2258064516129032,archive,0,0,0,1,0,1,0,1,0,0,47,7.9824569622042,7.988340858219542,0.3810186341444008,0.0079644335604675,256,15,0,2,0,0,0,2,2,0,0,0,0,0.0,0
1,met_912370_primary_000__marker_zip_002__002.b3150d2c..zip..jpg,data/raw/image_anomaly/anomalous/mitra/files/jpg/met_912370_primary_000/38aba96becf482a15331/met_912370_primary_000__marker_zip_002__002.b3150d2c..zip..jpg,2714690,62,2,1,0,0,0.2258064516129032,image,0,0,0,1,0,1,1,0,0,0,47,7.982456637546386,7.682332837415175,0.3810188271957387,0.0079644452957796,256,15,0,2,0,0,0,2,2,2,0,0,0,0.0121070914174362,0
1,met_912370_primary_000__marker_pdf_002__001.23649571..jpg..pdf,data/raw/image_anomaly/anomalous/mitra/files/jpg/met_912370_primary_000/e8e0699e4b799e2a2468/met_912370_primary_000__marker_pdf_002__001.23649571..jpg..pdf,2685494,62,2,1,0,0,0.2258064516129032,document,0,0,0,0,0,1,0,1,0,0,46,7.982008162747233,5.072845754531357,0.381972180909732,0.0079691110834729,256,15,0,2,0,0,0,2,2,0,0,0,0,0.0,0
1,st6-cdj83_1__marker_pdf_002__001.1f178fa3..jpg..pdf,data/raw/image_anomaly/anomalous/mitra/files/jpg/st6-cdj83_1/7e56783ab54ea52ef965/st6-cdj83_1__marker_pdf_002__001.1f178fa3..jpg..pdf,134034,51,2,1,0,0,0.2549019607843137,document,0,0,0,0,0,1,0,1,0,0,2,7.704473991783173,5.072845754531357,0.3212393870212036,0.0256129041884894,256,0,0,0,0,0,0,0,0,0,0,0,0,0.0,0
1,st6-cdj83_1__marker_zip_001__001.bcc4bab6..jpg..zip,data/raw/image_anomaly/anomalous/mitra/files/jpg/st6-cdj83_1/cd05a0b5dc304a43a6df/st6-cdj83_1__marker_zip_001__001.bcc4bab6..jpg..zip,130748,51,2,1,0,0,0.2549019607843137,archive,0,0,0,1,0,1,0,1,0,0,3,7.681754849281022,7.496521510393354,0.3020466852265426,0.0269296662281641,256,0,0,0,0,0,0,0,0,0,0,0,0,0.0,0
1,st6-cdj83_1__marker_zip_001__002.50f4ebe2..zip..jpg,data/raw/image_anomaly/anomalous/mitra/files/jpg/st6-cdj83_1/cd05a0b5dc304a43a6df/st6-cdj83_1__marker_zip_001__002.50f4ebe2..zip..jpg,130744,51,2,1,0,0,0.2549019607843137,image,0,0,0,1,0,1,1,0,0,0,3,7.681771497998986,7.493440485054453,0.3020482775500214,0.0269304901180933,256,0,0,0,0,0,0,0,0,2,0,0,0,0.0164214036590589,0
1,st6-cdj83_1__marker_zip_002__001.2322017b..jpg..zip,data/raw/image_anomaly/anomalous/mitra/files/jpg/st6-cdj83_1/d13b847e3fcc88982059/st6-cdj83_1__marker_zip_002__001.2322017b..jpg..zip,163234,51,2,1,0,0,0.2549019607843137,archive,0,0,0,1,0,1,0,1,0,0,3,7.791240793238517,7.988340858219542,0.3162453900535427,0.0223789161571731,256,0,0,0,0,0,0,0,0,0,0,0,0,0.0,0
1,st6-cdj83_1__marker_zip_002__002.466f4b43..zip..jpg,data/raw/image_anomaly/anomalous/mitra/files/jpg/st6-cdj83_1/d13b847e3fcc88982059/st6-cdj83_1__marker_zip_002__002.466f4b43..zip..jpg,163230,51,2,1,0,0,0.2549019607843137,image,0,0,0,1,0,1,1,0,0,0,3,7.791249782970895,7.493440485054453,0.3162470134166513,0.0223794645592109,256,0,0,0,0,0,0,0,0,2,0,0,0,0.2013539177847209,0
1,st6-cdj83_1__marker_pdf_001__001.f959a7cf..jpg..pdf,data/raw/image_anomaly/anomalous/mitra/files/jpg/st6-cdj83_1/da79fe21b74291e9f8a0/st6-cdj83_1__marker_pdf_001__001.f959a7cf..jpg..pdf,132243,51,2,1,0,0,0.2549019607843137,document,0,0,0,0,0,1,0,1,0,0,2,7.694999612625966,5.250824256483538,0.3123341122025362,0.0259597861512518,256,0,0,0,0,0,0,0,0,0,0,0,0,0.0,0
1,-__marker_zip_002__001.4bbb93d7..jpg..zip,data/raw/image_anomaly/anomalous/mitra/files/jpg/갓오브워 - 복사본/0f358be341a681f40753/-__marker_zip_002__001.4bbb93d7..jpg..zip,272310,41,2,1,0,0,0.2926829268292683,archive,0,0,0,1,0,1,0,1,0,0,5,7.964999664068927,7.988340858219542,0.3776174213212882,0.0053101244904704,256,0,0,0,0,0,0,0,0,0,0,0,0,0.0,0
1,-__marker_zip_002__002.f42c8a4f..zip..jpg,data/raw/image_anomaly/anomalous/mitra/files/jpg/갓오브워 - 복사본/0f358be341a681f40753/-__marker_zip_002__002.f42c8a4f..zip..jpg,272306,41,2,1,0,0,0.2926829268292683,image,0,0,0,1,0,1,1,0,0,0,5,7.9649969949344515,7.785387404550233,0.3776192959391273,0.0053102024927838,256,0,0,0,0,0,0,0,0,2,0,0,0,0.1206987727042371,0
1,-__marker_pdf_001__001.4cc2e611..jpg..pdf,data/raw/image_anomaly/anomalous/mitra/files/jpg/갓오브워 - 복사본/d421d26879efc8cb5a0f/-__marker_pdf_001__001.4cc2e611..jpg..pdf,241319,41,2,1,0,0,0.2926829268292683,document,0,0,0,0,0,1,0,1,0,0,4,7.955184536466407,5.250824256483538,0.3833556412880876,0.0050804122344282,256,0,0,0,0,0,0,0,0,0,0,0,0,0.0,0
1,-__marker_zip_001__001.60e9500d..jpg..zip,data/raw/image_anomaly/anomalous/mitra/files/jpg/갓오브워 - 복사본/d6692fc868e4cdf20e73/-__marker_zip_001__001.60e9500d..jpg..zip,239824,41,2,1,0,0,0.2926829268292683,archive,0,0,0,1,0,1,0,1,0,0,5,7.954509302155422,7.744168661733874,0.3781898392154246,0.005479017946494,256,0,0,0,0,0,0,0,0,0,0,0,0,0.0,0
1,-__marker_zip_001__002.aa78fe06..zip..jpg,data/raw/image_anomaly/anomalous/mitra/files/jpg/갓오브워 - 복사본/d6692fc868e4cdf20e73/-__marker_zip_001__002.aa78fe06..zip..jpg,239820,41,2,1,0,0,0.2926829268292683,image,0,0,0,1,0,1,1,0,0,0,5,7.954505018155138,7.785387404550233,0.3781919773163206,0.0054791093319989,256,0,0,0,0,0,0,0,0,2,0,0,0,0.0089525477441414,0
1,-__marker_pdf_002__001.3d438d31..jpg..pdf,data/raw/image_anomaly/anomalous/mitra/files/jpg/갓오브워 - 복사본/e9d3fc56ce1e20f214c5/-__marker_pdf_002__001.3d438d31..jpg..pdf,243110,41,2,1,0,0,0.2926829268292683,document,0,0,0,0,0,1,0,1,0,0,4,7.955183395985154,5.072845754531357,0.3877421743243799,0.005042984657151,256,0,0,0,0,0,0,0,0,0,0,0,0,0.0,0
1,commons_16116361__marker_pdf_001__001.a6ffc0f4..png..pdf,data/raw/image_anomaly/anomalous/mitra/files/png/commons_16116361/0a674a2a4bebae90f6ef/commons_16116361__marker_pdf_001__001.a6ffc0f4..png..pdf,249562,56,2,1,0,0,0.2142857142857142,document,0,0,0,0,0,1,0,1,0,0,10,7.988432265266064,5.273631744488228,0.383720277926928,0.0034700795794231,256,0,0,0,0,0,0,0,0,0,0,0,0,0.0,0
1,commons_16116361__marker_zip_002__001.9b09fffb..png..zip,data/raw/image_anomaly/anomalous/mitra/files/png/commons_16116361/1fbdab291d8fa57264f4/commons_16116361__marker_zip_002__001.9b09fffb..png..zip,280553,56,2,1,0,0,0.2142857142857142,archive,0,0,0,1,0,1,0,1,0,0,11,7.991274813684497,7.987127701736326,0.3781103748667809,0.003870926349032,256,0,0,0,0,0,0,0,0,0,0,0,0,0.0,0
1,commons_16116361__marker_zip_002__002.0dc295a7..zip..png,data/raw/image_anomaly/anomalous/mitra/files/png/commons_16116361/1fbdab291d8fa57264f4/commons_16116361__marker_zip_002__002.0dc295a7..zip..png,280541,56,2,1,0,0,0.2142857142857142,image,0,0,0,1,0,1,1,0,0,0,11,7.991276015499483,4.293852353126395,0.3781015965580788,0.0038639628432207,256,0,0,0,0,0,0,0,0,2,0,0,0,0.1171557811514181,0
1,commons_16116361__marker_zip_001__001.6c466387..png..zip,data/raw/image_anomaly/anomalous/mitra/files/png/commons_16116361/741a1efbb5f4378e23d9/commons_16116361__marker_zip_001__001.6c466387..png..zip,248067,56,2,1,0,0,0.2142857142857142,archive,0,0,0,1,0,1,0,1,0,0,11,7.988934976210762,7.865899912205783,0.378724296258672,0.0038457352247578,256,0,0,0,0,0,0,0,0,0,0,0,0,0.0,0
1,commons_16116361__marker_zip_001__002.2f1c6c1c..zip..png,data/raw/image_anomaly/anomalous/mitra/files/png/commons_16116361/741a1efbb5f4378e23d9/commons_16116361__marker_zip_001__002.2f1c6c1c..zip..png,248055,56,2,1,0,0,0.2142857142857142,image,0,0,0,1,0,1,1,0,0,0,11,7.988934617788159,4.293852353126395,0.3787184293805809,0.0038378585394368,256,0,0,0,0,0,0,0,0,2,0,0,0,0.0086553385337929,0
1,commons_16116361__marker_pdf_002__001.13f59cca..png..pdf,data/raw/image_anomaly/anomalous/mitra/files/png/commons_16116361/d169f8103b425c31493f/commons_16116361__marker_pdf_002__001.13f59cca..png..pdf,251353,56,2,1,0,0,0.2142857142857142,document,0,0,0,0,0,1,0,1,0,0,10,7.987752341251564,5.104877297470042,0.3879603585395837,0.0034453537455291,256,0,0,0,0,0,0,0,0,0,0,0,0,0.0,0
1,commons_922761__marker_zip_002__001.a2843d96..png..zip,data/raw/image_anomaly/anomalous/mitra/files/png/commons_922761/7f5160fec60cf7b1f9df/commons_922761__marker_zip_002__001.a2843d96..png..zip,896821,54,2,1,0,0,0.2222222222222222,archive,0,0,0,1,0,1,0,1,0,0,13,7.992849729369248,7.987127701736326,0.3792562841414284,0.001960257398076,256,0,0,0,0,0,0,0,0,0,0,0,0,0.0,0
1,commons_922761__marker_zip_002__002.1e71c81c..zip..png,data/raw/image_anomaly/anomalous/mitra/files/png/commons_922761/7f5160fec60cf7b1f9df/commons_922761__marker_zip_002__002.1e71c81c..zip..png,896809,54,2,1,0,0,0.2222222222222222,image,0,0,0,1,0,1,1,0,0,0,13,7.992847499901115,5.029598182252591,0.3792535534322247,0.001958053498571,256,0,0,0,0,0,0,0,0,2,0,0,0,0.0366488293493932,0
1,commons_922761__marker_pdf_001__001.35614843..png..pdf,data/raw/image_anomaly/anomalous/mitra/files/png/commons_922761/de7b0f17741138a9176c/commons_922761__marker_pdf_001__001.35614843..png..pdf,865830,54,2,1,0,0,0.2222222222222222,document,0,0,0,0,0,1,0,1,0,0,12,7.992132457223535,5.273631744488228,0.3809142672349075,0.0017763302264878,256,0,0,0,0,0,0,0,0,0,0,0,0,0.0,0
1,commons_922761__marker_pdf_002__001.7c189577..png..pdf,data/raw/image_anomaly/anomalous/mitra/files/png/commons_922761/ea62196b529aea05b3c3/commons_922761__marker_pdf_002__001.7c189577..png..pdf,867621,54,2,1,0,0,0.2222222222222222,document,0,0,0,0,0,1,0,1,0,0,12,7.992076093908847,5.104877297470042,0.3821484265595231,0.001772663409484,256,0,0,0,0,0,0,0,0,0,0,0,0,0.0,0
1,commons_922761__marker_zip_001__001.8fae029c..png..zip,data/raw/image_anomaly/anomalous/mitra/files/png/commons_922761/f30e3a1e2010a35bd25d/commons_922761__marker_zip_001__001.8fae029c..png..zip,864335,54,2,1,0,0,0.2222222222222222,archive,0,0,0,1,0,1,0,1,0,0,13,7.992270353869392,6.948394798169557,0.3794755505677775,0.0018812150381507,256,0,0,0,0,0,0,0,0,0,0,0,0,0.0,0
1,commons_922761__marker_zip_001__002.30597039..zip..png,data/raw/image_anomaly/anomalous/mitra/files/png/commons_922761/f30e3a1e2010a35bd25d/commons_922761__marker_zip_001__002.30597039..zip..png,864323,54,2,1,0,0,0.2222222222222222,image,0,0,0,1,0,1,1,0,0,0,13,7.992267606528586,5.029598182252591,0.3794738772426512,0.0018789272066114,256,0,0,0,0,0,0,0,0,2,0,0,0,0.0024840250693317,0
